rptt_tcnt_nm,file_url,vdo_desc,file_sz,fps_cnt,row_num,resolution,tool_nm,aggrp_nm,frme_no,img_file_nm,trng_step_nm,fbctn_yr,vdo_len,lang,trng_nm,job_ymd,vdo_ttl_nm,snap_tm,trng_hr_nm,file_type_nm,file_nm,img_file_url,img_file_sn,data_type,trng_part_nm
,http://openapi.kspo.or.kr/web/video/,어깨관련 질환자를 위한 단계별 표준운동 1단계 - 테이블에 팔 앞으로 뻗기,12255737,29.97,1,1920*1080,테이블,공통,146,0AUDLJ08S_00059_SC_00002.jpeg,1단계,2021,74,한국어,테이블에 팔 앞으로 뻗기,20221006,테이블에 팔 앞으로 뻗기,4.871,,mp4,0AUDLJ08S_00059.mp4,http://openapi.kspo.or.kr/web/image/0AUDLJ08S_00059/,2,동영상,어깨
,http://openapi.kspo.or.kr/web/video/,어깨관련 질환자를 위한 단계별 표준운동 1단계 - 테이블에 팔 앞으로 뻗기,12255737,29.97,2,1920*1080,테이블,공통,378,0AUDLJ08S_00059_SC_00003.jpeg,1단계,2021,74,한국어,테이블에 팔 앞으로 뻗기,20221006,테이블에 팔 앞으로 뻗기,12.612,,mp4,0AUDLJ08S_00059.mp4,http://openapi.kspo.or.kr/web/image/0AUDLJ08S_00059/,3,동영상,어깨
,http://openapi.kspo.or.kr/web/video/,어깨관련 질환자를 위한 단계별 표준운동 1단계 - 테이블에 팔 앞으로 뻗기,12255737,29.97,3,1920*1080,테이블,공통,436,0AUDLJ08S_00059_SC_00004.jpeg,1단계,2021,74,한국어,테이블에 팔 앞으로 뻗기,20221006,테이블에 팔 앞으로 뻗기,14.547,,mp4,0AUDLJ08S_00059.mp4,http://openapi.kspo.or.kr/web/image/0AUDLJ08S_00059/,4,동영상,어깨
,http://openapi.kspo.or.kr/web/video/,어깨관련 질환자를 위한 단계별 표준운동 1단계 - 테이블에 팔 앞으로 뻗기,12255737,29.97,4,1920*1080,테이블,공통,552,0AUDLJ08S_00059_SC_00005.jpeg,1단계,2021,74,한국어,테이블에 팔 앞으로 뻗기,20221006,테이블에 팔 앞으로 뻗기,18.418,,mp4,0AUDLJ08S_00059.mp4,http://openapi.kspo.or.kr/web/image/0AUDLJ08S_00059/,5,동영상,어깨
,http://openapi.kspo.or.kr/web/video/,어깨관련 질환자를 위한 단계별 표준운동 1단계 - 테이블에 팔 앞으로 뻗기,12255737,29.97,5,1920*1080,테이블,공통,610,0AUDLJ08S_00059_SC_00006.jpeg,1단계,2021,74,한국어,테이블에 팔 앞으로 뻗기,20221006,테이블에 팔 앞으로 뻗기,20.353,,mp4,0AUDLJ08S_00059.mp4,http://openapi.kspo.or.kr/web/image/0AUDLJ08S_00059/,6,동영상,어깨
,http://openapi.kspo.or.kr/web/video/,어깨관련 질환자를 위한 단계별 표준운동 1단계 - 테이블에 팔 앞으로 뻗기,12255737,29.97,6,1920*1080,테이블,공통,842,0AUDLJ08S_00059_SC_00007.jpeg,1단계,2021,74,한국어,테이블에 팔 앞으로 뻗기,20221006,테이블에 팔 앞으로 뻗기,28.094,,mp4,0AUDLJ08S_00059.mp4,http://openapi.kspo.or.kr/web/image/0AUDLJ08S_00059/,7,동영상,어깨
,http://openapi.kspo.or.kr/web/video/,어깨관련 질환자를 위한 단계별 표준운동 1단계 - 테이블에 팔 앞으로 뻗기,12255737,29.97,7,1920*1080,테이블,공통,900,0AUDLJ08S_00059_SC_00008.jpeg,1단계,2021,74,한국어,테이블에 팔 앞으로 뻗기,20221006,테이블에 팔 앞으로 뻗기,30.03,,mp4,0AUDLJ08S_00059.mp4,http://openapi.kspo.or.kr/web/image/0AUDLJ08S_00059/,8,동영상,어깨
,http://openapi.kspo.or.kr/web/video/,어깨관련 질환자를 위한 단계별 표준운동 1단계 - 테이블에 팔 앞으로 뻗기,12255737,29.97,8,1920*1080,테이블,공통,929,0AUDLJ08S_00059_SC_00009.jpeg,1단계,2021,74,한국어,테이블에 팔 앞으로 뻗기,20221006,테이블에 팔 앞으로 뻗기,30.997,,mp4,0AUDLJ08S_00059.mp4,http://openapi.kspo.or.kr/web/image/0AUDLJ08S_00059/,9,동영상,어깨
,http://openapi.kspo.or.kr/web/video/,어깨관련 질환자를 위한 단계별 표준운동 1단계 - 테이블에 팔 앞으로 뻗기,12255737,29.97,9,1920*1080,테이블,공통,958,0AUDLJ08S_00059_SC_00010.jpeg,1단계,2021,74,한국어,테이블에 팔 앞으로 뻗기,20221006,테이블에 팔 앞으로 뻗기,31.965,,mp4,0AUDLJ08S_00059.mp4,http://openapi.kspo.or.kr/web/image/0AUDLJ08S_00059/,10,동영상,어깨
,http://openapi.kspo.or.kr/web/video/,어깨관련 질환자를 위한 단계별 표준운동 1단계 - 테이블에 팔 앞으로 뻗기,12255737,29.97,10,1920*1080,테이블,공통,987,0AUDLJ08S_00059_SC_00011.jpeg,1단계,2021,74,한국어,테이블에 팔 앞으로 뻗기,20221006,테이블에 팔 앞으로 뻗기,32.932,,mp4,0AUDLJ08S_00059.mp4,http://openapi.kspo.or.kr/web/image/0AUDLJ08S_00059/,11,동영상,어깨
,http://openapi.kspo.or.kr/web/video/,어깨관련 질환자를 위한 단계별 표준운동 1단계 - 테이블에 팔 앞으로 뻗기,12255737,29.97,11,1920*1080,테이블,공통,1016,0AUDLJ08S_00059_SC_00012.jpeg,1단계,2021,74,한국어,테이블에 팔 앞으로 뻗기,20221006,테이블에 팔 앞으로 뻗기,33.9,,mp4,0AUDLJ08S_00059.mp4,http://openapi.kspo.or.kr/web/image/0AUDLJ08S_00059/,12,동영상,어깨
,http://openapi.kspo.or.kr/web/video/,어깨관련 질환자를 위한 단계별 표준운동 1단계 - 테이블에 팔 앞으로 뻗기,12255737,29.97,12,1920*1080,테이블,공통,1190,0AUDLJ08S_00059_SC_00013.jpeg,1단계,2021,74,한국어,테이블에 팔 앞으로 뻗기,20221006,테이블에 팔 앞으로 뻗기,39.706,,mp4,0AUDLJ08S_00059.mp4,http://openapi.kspo.or.kr/web/image/0AUDLJ08S_00059/,13,동영상,어깨
,http://openapi.kspo.or.kr/web/video/,어깨관련 질환자를 위한 단계별 표준운동 1단계 - 테이블에 팔 앞으로 뻗기,12255737,29.97,13,1920*1080,테이블,공통,1248,0AUDLJ08S_00059_SC_00014.jpeg,1단계,2021,74,한국어,테이블에 팔 앞으로 뻗기,20221006,테이블에 팔 앞으로 뻗기,41.641,,mp4,0AUDLJ08S_00059.mp4,http://openapi.kspo.or.kr/web/image/0AUDLJ08S_00059/,14,동영상,어깨
,http://openapi.kspo.or.kr/web/video/,어깨관련 질환자를 위한 단계별 표준운동 1단계 - 테이블에 팔 앞으로 뻗기,12255737,29.97,14,1920*1080,테이블,공통,1306,0AUDLJ08S_00059_SC_00015.jpeg,1단계,2021,74,한국어,테이블에 팔 앞으로 뻗기,20221006,테이블에 팔 앞으로 뻗기,43.576,,mp4,0AUDLJ08S_00059.mp4,http://openapi.kspo.or.kr/web/image/0AUDLJ08S_00059/,15,동영상,어깨
,http://openapi.kspo.or.kr/web/video/,어깨관련 질환자를 위한 단계별 표준운동 1단계 - 테이블에 팔 앞으로 뻗기,12255737,29.97,15,1920*1080,테이블,공통,1335,0AUDLJ08S_00059_SC_00016.jpeg,1단계,2021,74,한국어,테이블에 팔 앞으로 뻗기,20221006,테이블에 팔 앞으로 뻗기,44.544,,mp4,0AUDLJ08S_00059.mp4,http://openapi.kspo.or.kr/web/image/0AUDLJ08S_00059/,16,동영상,어깨
,http://openapi.kspo.or.kr/web/video/,어깨관련 질환자를 위한 단계별 표준운동 1단계 - 테이블에 팔 앞으로 뻗기,12255737,29.97,16,1920*1080,테이블,공통,1625,0AUDLJ08S_00059_SC_00017.jpeg,1단계,2021,74,한국어,테이블에 팔 앞으로 뻗기,20221006,테이블에 팔 앞으로 뻗기,54.22,,mp4,0AUDLJ08S_00059.mp4,http://openapi.kspo.or.kr/web/image/0AUDLJ08S_00059/,17,동영상,어깨
,http://openapi.kspo.or.kr/web/video/,어깨관련 질환자를 위한 단계별 표준운동 1단계 - 테이블에 엎드려 팔 뒤로 올리기,9657473,29.97,17,1920*1080,,공통,30,0AUDLJ08S_00060_SC_00001.jpeg,,2021,58,한국어,,20221006,테이블에 엎드려 팔 뒤로 올리기,1.001,,mp4,0AUDLJ08S_00060.mp4,http://openapi.kspo.or.kr/web/image/0AUDLJ08S_00060/,1,동영상,어깨
,http://openapi.kspo.or.kr/web/video/,어깨관련 질환자를 위한 단계별 표준운동 1단계 - 테이블에 엎드려 팔 뒤로 올리기,9657473,29.97,18,1920*1080,테이블,공통,146,0AUDLJ08S_00060_SC_00002.jpeg,1단계,2021,58,한국어,테이블에 엎드려 팔 뒤로 올리기,20221006,테이블에 엎드려 팔 뒤로 올리기,4.871,,mp4,0AUDLJ08S_00060.mp4,http://openapi.kspo.or.kr/web/image/0AUDLJ08S_00060/,2,동영상,어깨
,http://openapi.kspo.or.kr/web/video/,어깨관련 질환자를 위한 단계별 표준운동 1단계 - 테이블에 엎드려 팔 뒤로 올리기,9657473,29.97,19,1920*1080,테이블,공통,291,0AUDLJ08S_00060_SC_00003.jpeg,1단계,2021,58,한국어,테이블에 엎드려 팔 뒤로 올리기,20221006,테이블에 엎드려 팔 뒤로 올리기,9.709,,mp4,0AUDLJ08S_00060.mp4,http://openapi.kspo.or.kr/web/image/0AUDLJ08S_00060/,3,동영상,어깨
,http://openapi.kspo.or.kr/web/video/,어깨관련 질환자를 위한 단계별 표준운동 1단계 - 테이블에 엎드려 팔 뒤로 올리기,9657473,29.97,20,1920*1080,테이블,공통,755,0AUDLJ08S_00060_SC_00004.jpeg,1단계,2021,58,한국어,테이블에 엎드려 팔 뒤로 올리기,20221006,테이블에 엎드려 팔 뒤로 올리기,25.191,,mp4,0AUDLJ08S_00060.mp4,http://openapi.kspo.or.kr/web/image/0AUDLJ08S_00060/,4,동영상,어깨
,http://openapi.kspo.or.kr/web/video/,어깨관련 질환자를 위한 단계별 표준운동 1단계 - 테이블에 엎드려 팔 뒤로 올리기,9657473,29.97,21,1920*1080,테이블,공통,1074,0AUDLJ08S_00060_SC_00005.jpeg,1단계,2021,58,한국어,테이블에 엎드려 팔 뒤로 올리기,20221006,테이블에 엎드려 팔 뒤로 올리기,35.835,,mp4,0AUDLJ08S_00060.mp4,http://openapi.kspo.or.kr/web/image/0AUDLJ08S_00060/,5,동영상,어깨
,http://openapi.kspo.or.kr/web/video/,어깨관련 질환자를 위한 단계별 표준운동 1단계 - 테이블에 엎드려 팔 뒤로 올리기,9657473,29.97,22,1920*1080,테이블,공통,1364,0AUDLJ08S_00060_SC_00006.jpeg,1단계,2021,58,한국어,테이블에 엎드려 팔 뒤로 올리기,20221006,테이블에 엎드려 팔 뒤로 올리기,45.512,,mp4,0AUDLJ08S_00060.mp4,http://openapi.kspo.or.kr/web/image/0AUDLJ08S_00060/,6,동영상,어깨
,http://openapi.kspo.or.kr/web/video/,어깨관련 질환자를 위한 단계별 표준운동 1단계 - 테이블에 엎드려 팔 45도 벌려 들기,9780868,29.97,23,1920*1080,테이블,공통,30,0AUDLJ08S_00061_SC_00001.jpeg,1단계,2021,59,한국어,테이블에 엎드려 팔 45도 벌려 들기,20221020,테이블에 엎드려 팔 45도 벌려 들기,1.001,,mp4,0AUDLJ08S_00061.mp4,http://openapi.kspo.or.kr/web/image/0AUDLJ08S_00061/,1,동영상,어깨
,http://openapi.kspo.or.kr/web/video/,어깨관련 질환자를 위한 단계별 표준운동 1단계 - 테이블에 엎드려 팔 45도 벌려 들기,9780868,29.97,24,1920*1080,테이블,공통,720,0AUDLJ08S_00061_FR_00009.jpeg,1단계,2021,59,한국어,테이블에 엎드려 팔 45도 벌려 들기,20221020,테이블에 엎드려 팔 45도 벌려 들기,24.024,3~3 초,mp4,0AUDLJ08S_00061.mp4,http://openapi.kspo.or.kr/web/image/0AUDLJ08S_00061/,2,동영상,어깨
8~12,http://openapi.kspo.or.kr/web/video/,어깨관련 질환자를 위한 단계별 표준운동 1단계 - 테이블에 엎드려 팔 45도 벌려 들기,9780868,29.97,25,1920*1080,테이블,공통,990,0AUDLJ08S_00061_FR_00012.jpeg,1단계,2021,59,한국어,테이블에 엎드려 팔 45도 벌려 들기,20221020,테이블에 엎드려 팔 45도 벌려 들기,33.033,,mp4,0AUDLJ08S_00061.mp4,http://openapi.kspo.or.kr/web/image/0AUDLJ08S_00061/,3,동영상,어깨
,http://openapi.kspo.or.kr/web/video/,어깨관련 질환자를 위한 단계별 표준운동 1단계 - 테이블에 엎드려 팔 45도 벌려 들기,9780868,29.97,26,1920*1080,테이블,공통,1079,0AUDLJ08S_00061_FR_00013.jpeg,1단계,2021,59,한국어,테이블에 엎드려 팔 45도 벌려 들기,20221020,테이블에 엎드려 팔 45도 벌려 들기,36.002,,mp4,0AUDLJ08S_00061.mp4,http://openapi.kspo.or.kr/web/image/0AUDLJ08S_00061/,4,동영상,어깨
,http://openapi.kspo.or.kr/web/video/,어깨관련 질환자를 위한 단계별 표준운동 1단계 - 누워서 막대기 들어올리기,15109775,29.97,27,1920*1080,긴막대기,공통,30,0AUDLJ08S_00062_SC_00001.jpeg,1단계,2021,91,한국어,누워서 막대기 들어올리기,20221024,누워서 막대기 들어올리기,1.001,,mp4,0AUDLJ08S_00062.mp4,http://openapi.kspo.or.kr/web/image/0AUDLJ08S_00062/,1,동영상,어깨
,http://openapi.kspo.or.kr/web/video/,어깨관련 질환자를 위한 단계별 표준운동 1단계 - 누워서 막대기 들어올리기,15109775,29.97,28,1920*1080,긴막대기,공통,450,0AUDLJ08S_00062_FR_00006.jpeg,1단계,2021,91,한국어,누워서 막대기 들어올리기,20221024,누워서 막대기 들어올리기,15.015,,mp4,0AUDLJ08S_00062.mp4,http://openapi.kspo.or.kr/web/image/0AUDLJ08S_00062/,2,동영상,어깨
,http://openapi.kspo.or.kr/web/video/,어깨관련 질환자를 위한 단계별 표준운동 1단계 - 누워서 막대기 들어올리기,15109775,29.97,29,1920*1080,긴막대기,공통,810,0AUDLJ08S_00062_FR_00010.jpeg,1단계,2021,91,한국어,누워서 막대기 들어올리기,20221024,누워서 막대기 들어올리기,27.027,,mp4,0AUDLJ08S_00062.mp4,http://openapi.kspo.or.kr/web/image/0AUDLJ08S_00062/,3,동영상,어깨
3~5,http://openapi.kspo.or.kr/web/video/,어깨관련 질환자를 위한 단계별 표준운동 1단계 - 누워서 막대기 들어올리기,15109775,29.97,30,1920*1080,긴막대기,공통,1132,0AUDLJ08S_00062_SC_00004.jpeg,1단계,2021,91,한국어,누워서 막대기 들어올리기,20221024,누워서 막대기 들어올리기,37.771,,mp4,0AUDLJ08S_00062.mp4,http://openapi.kspo.or.kr/web/image/0AUDLJ08S_00062/,4,동영상,어깨
,http://openapi.kspo.or.kr/web/video/,어깨관련 질환자를 위한 단계별 표준운동 1단계 - 누워서 막대기 들어올리기,15109775,29.97,31,1920*1080,긴막대기,공통,1654,0AUDLJ08S_00062_SC_00007.jpeg,1단계,2021,91,한국어,누워서 막대기 들어올리기,20221024,누워서 막대기 들어올리기,55.188,,mp4,0AUDLJ08S_00062.mp4,http://openapi.kspo.or.kr/web/image/0AUDLJ08S_00062/,5,동영상,어깨
,http://openapi.kspo.or.kr/web/video/,어깨관련 질환자를 위한 단계별 표준운동 1단계 - 누워서 막대기 들어올리기,15109775,29.97,32,1920*1080,긴막대기,공통,1799,0AUDLJ08S_00062_FR_00021.jpeg,1단계,2021,91,한국어,누워서 막대기 들어올리기,20221024,누워서 막대기 들어올리기,60.026,,mp4,0AUDLJ08S_00062.mp4,http://openapi.kspo.or.kr/web/image/0AUDLJ08S_00062/,6,동영상,어깨
,http://openapi.kspo.or.kr/web/video/,어깨관련 질환자를 위한 단계별 표준운동 1단계 - 등 뒤로 막대기 옆으로 밀기,13139324,29.97,33,1920*1080,긴막대기,공통,146,0AUDLJ08S_00063_SC_00002.jpeg,1단계,2021,81,한국어,등 뒤로 막대기 옆으로 밀기,20221006,등 뒤로 막대기 옆으로 밀기,4.871,,mp4,0AUDLJ08S_00063.mp4,http://openapi.kspo.or.kr/web/image/0AUDLJ08S_00063/,2,동영상,어깨
,http://openapi.kspo.or.kr/web/video/,어깨관련 질환자를 위한 단계별 표준운동 1단계 - 등 뒤로 막대기 옆으로 밀기,13139324,29.97,34,1920*1080,긴막대기,공통,320,0AUDLJ08S_00063_SC_00003.jpeg,1단계,2021,81,한국어,등 뒤로 막대기 옆으로 밀기,20221006,등 뒤로 막대기 옆으로 밀기,10.677,,mp4,0AUDLJ08S_00063.mp4,http://openapi.kspo.or.kr/web/image/0AUDLJ08S_00063/,3,동영상,어깨
,http://openapi.kspo.or.kr/web/video/,어깨관련 질환자를 위한 단계별 표준운동 1단계 - 등 뒤로 막대기 옆으로 밀기,13139324,29.97,35,1920*1080,긴막대기,공통,813,0AUDLJ08S_00063_SC_00004.jpeg,1단계,2021,81,한국어,등 뒤로 막대기 옆으로 밀기,20221006,등 뒤로 막대기 옆으로 밀기,27.127,,mp4,0AUDLJ08S_00063.mp4,http://openapi.kspo.or.kr/web/image/0AUDLJ08S_00063/,4,동영상,어깨
,http://openapi.kspo.or.kr/web/video/,어깨관련 질환자를 위한 단계별 표준운동 1단계 - 등 뒤로 막대기 옆으로 밀기,13139324,29.97,36,1920*1080,긴막대기,공통,958,0AUDLJ08S_00063_SC_00005.jpeg,1단계,2021,81,한국어,등 뒤로 막대기 옆으로 밀기,20221006,등 뒤로 막대기 옆으로 밀기,31.965,,mp4,0AUDLJ08S_00063.mp4,http://openapi.kspo.or.kr/web/image/0AUDLJ08S_00063/,5,동영상,어깨
,http://openapi.kspo.or.kr/web/video/,어깨관련 질환자를 위한 단계별 표준운동 1단계 - 등 뒤로 막대기 옆으로 밀기,13139324,29.97,37,1920*1080,긴막대기,공통,1248,0AUDLJ08S_00063_SC_00006.jpeg,1단계,2021,81,한국어,등 뒤로 막대기 옆으로 밀기,20221006,등 뒤로 막대기 옆으로 밀기,41.641,,mp4,0AUDLJ08S_00063.mp4,http://openapi.kspo.or.kr/web/image/0AUDLJ08S_00063/,6,동영상,어깨
,http://openapi.kspo.or.kr/web/video/,어깨관련 질환자를 위한 단계별 표준운동 1단계 - 몸 앞에서 막대기 옆으로 밀기,15180074,29.97,38,1920*1080,,공통,30,0AUDLJ08S_00064_SC_00001.jpeg,,2021,91,한국어,,20221006,몸 앞에서 막대기 옆으로 밀기,1.001,,mp4,0AUDLJ08S_00064.mp4,http://openapi.kspo.or.kr/web/image/0AUDLJ08S_00064/,1,동영상,어깨
,http://openapi.kspo.or.kr/web/video/,어깨관련 질환자를 위한 단계별 표준운동 1단계 - 몸 앞에서 막대기 옆으로 밀기,15180074,29.97,39,1920*1080,긴막대기,공통,146,0AUDLJ08S_00064_SC_00002.jpeg,1단계,2021,91,한국어,몸 앞에서 막대기 옆으로 밀기,20221006,몸 앞에서 막대기 옆으로 밀기,4.871,,mp4,0AUDLJ08S_00064.mp4,http://openapi.kspo.or.kr/web/image/0AUDLJ08S_00064/,2,동영상,어깨
,http://openapi.kspo.or.kr/web/video/,어깨관련 질환자를 위한 단계별 표준운동 1단계 - 몸 앞에서 막대기 옆으로 밀기,15180074,29.97,40,1920*1080,긴막대기,공통,523,0AUDLJ08S_00064_SC_00003.jpeg,1단계,2021,91,한국어,몸 앞에서 막대기 옆으로 밀기,20221006,몸 앞에서 막대기 옆으로 밀기,17.45,,mp4,0AUDLJ08S_00064.mp4,http://openapi.kspo.or.kr/web/image/0AUDLJ08S_00064/,3,동영상,어깨
,http://openapi.kspo.or.kr/web/video/,어깨관련 질환자를 위한 단계별 표준운동 1단계 - 몸 앞에서 막대기 옆으로 밀기,15180074,29.97,41,1920*1080,긴막대기,공통,726,0AUDLJ08S_00064_SC_00004.jpeg,1단계,2021,91,한국어,몸 앞에서 막대기 옆으로 밀기,20221006,몸 앞에서 막대기 옆으로 밀기,24.224,,mp4,0AUDLJ08S_00064.mp4,http://openapi.kspo.or.kr/web/image/0AUDLJ08S_00064/,4,동영상,어깨
,http://openapi.kspo.or.kr/web/video/,어깨관련 질환자를 위한 단계별 표준운동 1단계 - 몸 앞에서 막대기 옆으로 밀기,15180074,29.97,42,1920*1080,긴막대기,공통,1277,0AUDLJ08S_00064_SC_00005.jpeg,1단계,2021,91,한국어,몸 앞에서 막대기 옆으로 밀기,20221006,몸 앞에서 막대기 옆으로 밀기,42.609,,mp4,0AUDLJ08S_00064.mp4,http://openapi.kspo.or.kr/web/image/0AUDLJ08S_00064/,5,동영상,어깨
,http://openapi.kspo.or.kr/web/video/,어깨관련 질환자를 위한 단계별 표준운동 1단계 - 몸 앞에서 막대기 옆으로 밀기,15180074,29.97,43,1920*1080,긴막대기,공통,1654,0AUDLJ08S_00064_SC_00006.jpeg,1단계,2021,91,한국어,몸 앞에서 막대기 옆으로 밀기,20221006,몸 앞에서 막대기 옆으로 밀기,55.188,,mp4,0AUDLJ08S_00064.mp4,http://openapi.kspo.or.kr/web/image/0AUDLJ08S_00064/,6,동영상,어깨
,http://openapi.kspo.or.kr/web/video/,어깨관련 질환자를 위한 단계별 표준운동 1단계 - 수건을 이용한 팔 뒤로 올리기,11336650,29.97,44,1920*1080,수건,공통,30,0AUDLJ08S_00065_SC_00001.jpeg,1단계,2021,68,한국어,수건을 이용한 팔 뒤로 올리기,20221005,수건을 이용한 팔 뒤로 올리기,1.001,,mp4,0AUDLJ08S_00065.mp4,http://openapi.kspo.or.kr/web/image/0AUDLJ08S_00065/,1,동영상,어깨
,http://openapi.kspo.or.kr/web/video/,어깨관련 질환자를 위한 단계별 표준운동 1단계 - 수건을 이용한 팔 뒤로 올리기,11336650,29.97,45,1920*1080,수건,공통,146,0AUDLJ08S_00065_SC_00002.jpeg,1단계,2021,68,한국어,수건을 이용한 팔 뒤로 올리기,20221005,수건을 이용한 팔 뒤로 올리기,4.871,,mp4,0AUDLJ08S_00065.mp4,http://openapi.kspo.or.kr/web/image/0AUDLJ08S_00065/,2,동영상,어깨
,http://openapi.kspo.or.kr/web/video/,어깨관련 질환자를 위한 단계별 표준운동 1단계 - 수건을 이용한 팔 뒤로 올리기,11336650,29.97,46,1920*1080,수건,공통,450,0AUDLJ08S_00065_FR_00006.jpeg,1단계,2021,68,한국어,수건을 이용한 팔 뒤로 올리기,20221005,수건을 이용한 팔 뒤로 올리기,15.015,,mp4,0AUDLJ08S_00065.mp4,http://openapi.kspo.or.kr/web/image/0AUDLJ08S_00065/,3,동영상,어깨
,http://openapi.kspo.or.kr/web/video/,어깨관련 질환자를 위한 단계별 표준운동 1단계 - 수건을 이용한 팔 뒤로 올리기,11336650,29.97,47,1920*1080,수건,공통,630,0AUDLJ08S_00065_FR_00008.jpeg,1단계,2021,68,한국어,수건을 이용한 팔 뒤로 올리기,20221005,수건을 이용한 팔 뒤로 올리기,21.021,10~15 초,mp4,0AUDLJ08S_00065.mp4,http://openapi.kspo.or.kr/web/image/0AUDLJ08S_00065/,4,동영상,어깨
8~12,http://openapi.kspo.or.kr/web/video/,어깨관련 질환자를 위한 단계별 표준운동 1단계 - 수건을 이용한 팔 뒤로 올리기,11336650,29.97,48,1920*1080,수건,공통,990,0AUDLJ08S_00065_FR_00012.jpeg,1단계,2021,68,한국어,수건을 이용한 팔 뒤로 올리기,20221005,수건을 이용한 팔 뒤로 올리기,33.033,,mp4,0AUDLJ08S_00065.mp4,http://openapi.kspo.or.kr/web/image/0AUDLJ08S_00065/,5,동영상,어깨
,http://openapi.kspo.or.kr/web/video/,어깨관련 질환자를 위한 단계별 표준운동 1단계 - 수건을 이용한 팔 뒤로 올리기,11336650,29.97,49,1920*1080,수건,공통,1422,0AUDLJ08S_00065_SC_00004.jpeg,1단계,2021,68,한국어,수건을 이용한 팔 뒤로 올리기,20221005,수건을 이용한 팔 뒤로 올리기,47.447,,mp4,0AUDLJ08S_00065.mp4,http://openapi.kspo.or.kr/web/image/0AUDLJ08S_00065/,6,동영상,어깨
,http://openapi.kspo.or.kr/web/video/,어깨관련 질환자를 위한 단계별 표준운동 1단계 - 벽을 이용한 팔 옆으로 올리기,17584257,29.97,50,1920*1080,,공통,30,0AUDLJ08S_00066_SC_00001.jpeg,1단계,2021,107,한국어,벽을 이용한 팔 옆으로 올리기,20221004,벽을 이용한 팔 옆으로 올리기,1.001,,mp4,0AUDLJ08S_00066.mp4,http://openapi.kspo.or.kr/web/image/0AUDLJ08S_00066/,1,동영상,어깨
,http://openapi.kspo.or.kr/web/video/,어깨관련 질환자를 위한 단계별 표준운동 1단계 - 벽을 이용한 팔 옆으로 올리기,17584257,29.97,51,1920*1080,,공통,494,0AUDLJ08S_00066_SC_00003.jpeg,1단계,2021,107,한국어,벽을 이용한 팔 옆으로 올리기,20221004,벽을 이용한 팔 옆으로 올리기,16.483,,mp4,0AUDLJ08S_00066.mp4,http://openapi.kspo.or.kr/web/image/0AUDLJ08S_00066/,2,동영상,어깨
,http://openapi.kspo.or.kr/web/video/,어깨관련 질환자를 위한 단계별 표준운동 1단계 - 벽을 이용한 팔 옆으로 올리기,17584257,29.97,52,1920*1080,,공통,720,0AUDLJ08S_00066_FR_00009.jpeg,1단계,2021,107,한국어,벽을 이용한 팔 옆으로 올리기,20221004,벽을 이용한 팔 옆으로 올리기,24.024,10~15 초,mp4,0AUDLJ08S_00066.mp4,http://openapi.kspo.or.kr/web/image/0AUDLJ08S_00066/,3,동영상,어깨
3~5,http://openapi.kspo.or.kr/web/video/,어깨관련 질환자를 위한 단계별 표준운동 1단계 - 벽을 이용한 팔 옆으로 올리기,17584257,29.97,53,1920*1080,,공통,987,0AUDLJ08S_00066_SC_00005.jpeg,1단계,2021,107,한국어,벽을 이용한 팔 옆으로 올리기,20221004,벽을 이용한 팔 옆으로 올리기,32.932,,mp4,0AUDLJ08S_00066.mp4,http://openapi.kspo.or.kr/web/image/0AUDLJ08S_00066/,4,동영상,어깨
,http://openapi.kspo.or.kr/web/video/,어깨관련 질환자를 위한 단계별 표준운동 1단계 - 벽을 이용한 팔 옆으로 올리기,17584257,29.97,54,1920*1080,,공통,1979,0AUDLJ08S_00066_FR_00023.jpeg,1단계,2021,107,한국어,벽을 이용한 팔 옆으로 올리기,20221004,벽을 이용한 팔 옆으로 올리기,66.032,,mp4,0AUDLJ08S_00066.mp4,http://openapi.kspo.or.kr/web/image/0AUDLJ08S_00066/,5,동영상,어깨
,http://openapi.kspo.or.kr/web/video/,어깨관련 질환자를 위한 단계별 표준운동 1단계 - 벽을 이용한 팔 옆으로 올리기,17584257,29.97,55,1920*1080,,공통,2068,0AUDLJ08S_00066_FR_00024.jpeg,1단계,2021,107,한국어,벽을 이용한 팔 옆으로 올리기,20221004,벽을 이용한 팔 옆으로 올리기,69.002,,mp4,0AUDLJ08S_00066.mp4,http://openapi.kspo.or.kr/web/image/0AUDLJ08S_00066/,6,동영상,어깨
,http://openapi.kspo.or.kr/web/video/,어깨관련 질환자를 위한 단계별 표준운동 1단계 - 벽을 이용한 팔 옆으로 올리기,17584257,29.97,56,1920*1080,,공통,2495,0AUDLJ08S_00066_SC_00011.jpeg,1단계,2021,107,한국어,벽을 이용한 팔 옆으로 올리기,20221004,벽을 이용한 팔 옆으로 올리기,83.249,,mp4,0AUDLJ08S_00066.mp4,http://openapi.kspo.or.kr/web/image/0AUDLJ08S_00066/,7,동영상,어깨
,http://openapi.kspo.or.kr/web/video/,어깨관련 질환자를 위한 단계별 표준운동 1단계 - 벽을 이용한 팔 옆으로 올리기,17584257,29.97,57,1920*1080,,공통,2878,0AUDLJ08S_00066_FR_00033.jpeg,1단계,2021,107,한국어,벽을 이용한 팔 옆으로 올리기,20221004,벽을 이용한 팔 옆으로 올리기,96.029,,mp4,0AUDLJ08S_00066.mp4,http://openapi.kspo.or.kr/web/image/0AUDLJ08S_00066/,8,동영상,어깨
,http://openapi.kspo.or.kr/web/video/,어깨관련 질환자를 위한 단계별 표준운동 1단계 - 벽에서 팔굽혀펴기 후 벽 밀기,13349798,29.97,58,1920*1080,,공통,30,0AUDLJ08S_00067_SC_00001.jpeg,1단계,2021,81,한국어,벽에서 팔 굽혀 펴기 후 벽 밀기,20221024,벽에서 팔굽혀펴기 후 벽 밀기,1.001,,mp4,0AUDLJ08S_00067.mp4,http://openapi.kspo.or.kr/web/image/0AUDLJ08S_00067/,1,동영상,어깨
,http://openapi.kspo.or.kr/web/video/,어깨관련 질환자를 위한 단계별 표준운동 1단계 - 벽에서 팔굽혀펴기 후 벽 밀기,13349798,29.97,59,1920*1080,,공통,639,0AUDLJ08S_00067_SC_00004.jpeg,1단계,2021,81,한국어,벽에서 팔 굽혀 펴기 후 벽 밀기,20221024,벽에서 팔굽혀펴기 후 벽 밀기,21.321,,mp4,0AUDLJ08S_00067.mp4,http://openapi.kspo.or.kr/web/image/0AUDLJ08S_00067/,2,동영상,어깨
,http://openapi.kspo.or.kr/web/video/,어깨관련 질환자를 위한 단계별 표준운동 1단계 - 벽에서 팔굽혀펴기 후 벽 밀기,13349798,29.97,60,1920*1080,,공통,810,0AUDLJ08S_00067_FR_00010.jpeg,1단계,2021,81,한국어,벽에서 팔 굽혀 펴기 후 벽 밀기,20221024,벽에서 팔굽혀펴기 후 벽 밀기,27.027,,mp4,0AUDLJ08S_00067.mp4,http://openapi.kspo.or.kr/web/image/0AUDLJ08S_00067/,3,동영상,어깨
8~12,http://openapi.kspo.or.kr/web/video/,어깨관련 질환자를 위한 단계별 표준운동 1단계 - 벽에서 팔굽혀펴기 후 벽 밀기,13349798,29.97,61,1920*1080,,공통,1045,0AUDLJ08S_00067_SC_00006.jpeg,1단계,2021,81,한국어,벽에서 팔 굽혀 펴기 후 벽 밀기,20221024,벽에서 팔굽혀펴기 후 벽 밀기,34.868,,mp4,0AUDLJ08S_00067.mp4,http://openapi.kspo.or.kr/web/image/0AUDLJ08S_00067/,4,동영상,어깨
,http://openapi.kspo.or.kr/web/video/,어깨관련 질환자를 위한 단계별 표준운동 1단계 - 벽에서 팔굽혀펴기 후 벽 밀기,13349798,29.97,62,1920*1080,,공통,1259,0AUDLJ08S_00067_FR_00015.jpeg,1단계,2021,81,한국어,벽에서 팔 굽혀 펴기 후 벽 밀기,20221024,벽에서 팔굽혀펴기 후 벽 밀기,42.008,,mp4,0AUDLJ08S_00067.mp4,http://openapi.kspo.or.kr/web/image/0AUDLJ08S_00067/,5,동영상,어깨
,http://openapi.kspo.or.kr/web/video/,어깨관련 질환자를 위한 단계별 표준운동 1단계 - 벽에서 짐볼 대고 원 그리기,9454316,29.97,63,1920*1080,짐볼,공통,30,0AUDLJ08S_00068_SC_00001.jpeg,1단계,2021,55,한국어,벽에서 짐볼 대고 원 그리기,20221004,벽에서 짐볼 대고 원 그리기,1.001,,mp4,0AUDLJ08S_00068.mp4,http://openapi.kspo.or.kr/web/image/0AUDLJ08S_00068/,1,동영상,어깨
8~12,http://openapi.kspo.or.kr/web/video/,어깨관련 질환자를 위한 단계별 표준운동 1단계 - 벽에서 짐볼 대고 원 그리기,9454316,29.97,64,1920*1080,짐볼,공통,610,0AUDLJ08S_00068_SC_00003.jpeg,1단계,2021,55,한국어,벽에서 짐볼 대고 원 그리기,20221004,벽에서 짐볼 대고 원 그리기,20.353,,mp4,0AUDLJ08S_00068.mp4,http://openapi.kspo.or.kr/web/image/0AUDLJ08S_00068/,2,동영상,어깨
,http://openapi.kspo.or.kr/web/video/,어깨관련 질환자를 위한 단계별 표준운동 1단계 - 벽에서 짐볼 대고 원 그리기,9454316,29.97,65,1920*1080,짐볼,공통,958,0AUDLJ08S_00068_SC_00004.jpeg,1단계,2021,55,한국어,벽에서 짐볼 대고 원 그리기,20221004,벽에서 짐볼 대고 원 그리기,31.965,,mp4,0AUDLJ08S_00068.mp4,http://openapi.kspo.or.kr/web/image/0AUDLJ08S_00068/,3,동영상,어깨
,http://openapi.kspo.or.kr/web/video/,어깨관련 질환자를 위한 단계별 표준운동 1단계 - 벽에서 짐볼 대고 원 그리기,9454316,29.97,66,1920*1080,짐볼,공통,1045,0AUDLJ08S_00068_SC_00005.jpeg,1단계,2021,55,한국어,벽에서 짐볼 대고 원 그리기,20221004,벽에서 짐볼 대고 원 그리기,34.868,,mp4,0AUDLJ08S_00068.mp4,http://openapi.kspo.or.kr/web/image/0AUDLJ08S_00068/,4,동영상,어깨
,http://openapi.kspo.or.kr/web/video/,어깨관련 질환자를 위한 단계별 표준운동 1단계 - 벽에서 짐볼 대고 원 그리기,9454316,29.97,67,1920*1080,짐볼,공통,1277,0AUDLJ08S_00068_SC_00006.jpeg,1단계,2021,55,한국어,벽에서 짐볼 대고 원 그리기,20221004,벽에서 짐볼 대고 원 그리기,42.609,,mp4,0AUDLJ08S_00068.mp4,http://openapi.kspo.or.kr/web/image/0AUDLJ08S_00068/,5,동영상,어깨
,http://openapi.kspo.or.kr/web/video/,어깨관련 질환자를 위한 단계별 표준운동 2단계 - 네발기기 자세에서 짐볼로 어깨늘리기,9554343,29.97,68,1920*1080,짐볼,공통,30,0AUDLJ08S_00069_SC_00001.jpeg,2단계,2021,56,한국어,네발기기 자세에서 짐볼로 어깨늘리기,20221020,네발기기 자세에서 짐볼로 어깨늘리기,1.001,,mp4,0AUDLJ08S_00069.mp4,http://openapi.kspo.or.kr/web/image/0AUDLJ08S_00069/,1,동영상,어깨
,http://openapi.kspo.or.kr/web/video/,어깨관련 질환자를 위한 단계별 표준운동 2단계 - 네발기기 자세에서 짐볼로 어깨늘리기,9554343,29.97,69,1920*1080,짐볼,공통,630,0AUDLJ08S_00069_FR_00008.jpeg,2단계,2021,56,한국어,네발기기 자세에서 짐볼로 어깨늘리기,20221020,네발기기 자세에서 짐볼로 어깨늘리기,21.021,,mp4,0AUDLJ08S_00069.mp4,http://openapi.kspo.or.kr/web/image/0AUDLJ08S_00069/,2,동영상,어깨
,http://openapi.kspo.or.kr/web/video/,어깨관련 질환자를 위한 단계별 표준운동 2단계 - 네발기기 자세에서 짐볼로 어깨늘리기,9554343,29.97,70,1920*1080,짐볼,공통,929,0AUDLJ08S_00069_SC_00003.jpeg,2단계,2021,56,한국어,네발기기 자세에서 짐볼로 어깨늘리기,20221020,네발기기 자세에서 짐볼로 어깨늘리기,30.997,,mp4,0AUDLJ08S_00069.mp4,http://openapi.kspo.or.kr/web/image/0AUDLJ08S_00069/,3,동영상,어깨
3~5,http://openapi.kspo.or.kr/web/video/,어깨관련 질환자를 위한 단계별 표준운동 2단계 - 네발기기 자세에서 짐볼로 어깨늘리기,9554343,29.97,71,1920*1080,짐볼,공통,990,0AUDLJ08S_00069_FR_00012.jpeg,2단계,2021,56,한국어,네발기기 자세에서 짐볼로 어깨늘리기,20221117,네발기기 자세에서 짐볼로 어깨늘리기,33.033,,mp4,0AUDLJ08S_00069.mp4,http://openapi.kspo.or.kr/web/image/0AUDLJ08S_00069/,4,동영상,어깨
,http://openapi.kspo.or.kr/web/video/,어깨관련 질환자를 위한 단계별 표준운동 2단계 - 네발기기 자세에서 짐볼로 어깨늘리기,9554343,29.97,72,1920*1080,짐볼,공통,1161,0AUDLJ08S_00069_SC_00004.jpeg,2단계,2021,56,한국어,네발기기 자세에서 짐볼로 어깨늘리기,20221020,네발기기 자세에서 짐볼로 어깨늘리기,38.738,,mp4,0AUDLJ08S_00069.mp4,http://openapi.kspo.or.kr/web/image/0AUDLJ08S_00069/,5,동영상,어깨
,http://openapi.kspo.or.kr/web/video/,어깨관련 질환자를 위한 단계별 표준운동 2단계 - 짐볼로 양팔 뻗어 어깨 스트레칭,9623171,29.97,73,1920*1080,,공통,30,0AUDLJ08S_00070_SC_00001.jpeg,,2021,60,한국어,,20221006,짐볼로 양팔 뻗어 어깨 스트레칭,1.001,,mp4,0AUDLJ08S_00070.mp4,http://openapi.kspo.or.kr/web/image/0AUDLJ08S_00070/,1,동영상,어깨
,http://openapi.kspo.or.kr/web/video/,어깨관련 질환자를 위한 단계별 표준운동 2단계 - 짐볼로 양팔 뻗어 어깨 스트레칭,9623171,29.97,74,1920*1080,짐볼,공통,146,0AUDLJ08S_00070_SC_00002.jpeg,2단계,2021,60,한국어,짐볼로 양팔 뻗어 어깨 스트레칭,20221006,짐볼로 양팔 뻗어 어깨 스트레칭,4.871,,mp4,0AUDLJ08S_00070.mp4,http://openapi.kspo.or.kr/web/image/0AUDLJ08S_00070/,2,동영상,어깨
,http://openapi.kspo.or.kr/web/video/,어깨관련 질환자를 위한 단계별 표준운동 2단계 - 짐볼로 양팔 뻗어 어깨 스트레칭,9623171,29.97,75,1920*1080,짐볼,공통,349,0AUDLJ08S_00070_SC_00003.jpeg,2단계,2021,60,한국어,짐볼로 양팔 뻗어 어깨 스트레칭,20221006,짐볼로 양팔 뻗어 어깨 스트레칭,11.644,,mp4,0AUDLJ08S_00070.mp4,http://openapi.kspo.or.kr/web/image/0AUDLJ08S_00070/,3,동영상,어깨
,http://openapi.kspo.or.kr/web/video/,어깨관련 질환자를 위한 단계별 표준운동 2단계 - 짐볼로 양팔 뻗어 어깨 스트레칭,9623171,29.97,76,1920*1080,짐볼,공통,494,0AUDLJ08S_00070_SC_00004.jpeg,2단계,2021,60,한국어,짐볼로 양팔 뻗어 어깨 스트레칭,20221006,짐볼로 양팔 뻗어 어깨 스트레칭,16.483,,mp4,0AUDLJ08S_00070.mp4,http://openapi.kspo.or.kr/web/image/0AUDLJ08S_00070/,4,동영상,어깨
,http://openapi.kspo.or.kr/web/video/,어깨관련 질환자를 위한 단계별 표준운동 2단계 - 짐볼로 양팔 뻗어 어깨 스트레칭,9623171,29.97,77,1920*1080,짐볼,공통,552,0AUDLJ08S_00070_SC_00005.jpeg,2단계,2021,60,한국어,짐볼로 양팔 뻗어 어깨 스트레칭,20221006,짐볼로 양팔 뻗어 어깨 스트레칭,18.418,,mp4,0AUDLJ08S_00070.mp4,http://openapi.kspo.or.kr/web/image/0AUDLJ08S_00070/,5,동영상,어깨
,http://openapi.kspo.or.kr/web/video/,어깨관련 질환자를 위한 단계별 표준운동 2단계 - 짐볼로 양팔 뻗어 어깨 스트레칭,9623171,29.97,78,1920*1080,짐볼,공통,610,0AUDLJ08S_00070_SC_00006.jpeg,2단계,2021,60,한국어,짐볼로 양팔 뻗어 어깨 스트레칭,20221006,짐볼로 양팔 뻗어 어깨 스트레칭,20.353,,mp4,0AUDLJ08S_00070.mp4,http://openapi.kspo.or.kr/web/image/0AUDLJ08S_00070/,6,동영상,어깨
,http://openapi.kspo.or.kr/web/video/,어깨관련 질환자를 위한 단계별 표준운동 2단계 - 짐볼로 양팔 뻗어 어깨 스트레칭,9623171,29.97,79,1920*1080,짐볼,공통,697,0AUDLJ08S_00070_SC_00007.jpeg,2단계,2021,60,한국어,짐볼로 양팔 뻗어 어깨 스트레칭,20221006,짐볼로 양팔 뻗어 어깨 스트레칭,23.256,,mp4,0AUDLJ08S_00070.mp4,http://openapi.kspo.or.kr/web/image/0AUDLJ08S_00070/,7,동영상,어깨
,http://openapi.kspo.or.kr/web/video/,어깨관련 질환자를 위한 단계별 표준운동 2단계 - 짐볼로 양팔 뻗어 어깨 스트레칭,9623171,29.97,80,1920*1080,짐볼,공통,784,0AUDLJ08S_00070_SC_00008.jpeg,2단계,2021,60,한국어,짐볼로 양팔 뻗어 어깨 스트레칭,20221006,짐볼로 양팔 뻗어 어깨 스트레칭,26.159,,mp4,0AUDLJ08S_00070.mp4,http://openapi.kspo.or.kr/web/image/0AUDLJ08S_00070/,8,동영상,어깨
,http://openapi.kspo.or.kr/web/video/,어깨관련 질환자를 위한 단계별 표준운동 2단계 - 짐볼로 양팔 뻗어 어깨 스트레칭,9623171,29.97,81,1920*1080,짐볼,공통,842,0AUDLJ08S_00070_SC_00009.jpeg,2단계,2021,60,한국어,짐볼로 양팔 뻗어 어깨 스트레칭,20221006,짐볼로 양팔 뻗어 어깨 스트레칭,28.094,,mp4,0AUDLJ08S_00070.mp4,http://openapi.kspo.or.kr/web/image/0AUDLJ08S_00070/,9,동영상,어깨
,http://openapi.kspo.or.kr/web/video/,어깨관련 질환자를 위한 단계별 표준운동 2단계 - 짐볼로 양팔 뻗어 어깨 스트레칭,9623171,29.97,82,1920*1080,짐볼,공통,871,0AUDLJ08S_00070_SC_00010.jpeg,2단계,2021,60,한국어,짐볼로 양팔 뻗어 어깨 스트레칭,20221006,짐볼로 양팔 뻗어 어깨 스트레칭,29.062,,mp4,0AUDLJ08S_00070.mp4,http://openapi.kspo.or.kr/web/image/0AUDLJ08S_00070/,10,동영상,어깨
,http://openapi.kspo.or.kr/web/video/,어깨관련 질환자를 위한 단계별 표준운동 2단계 - 짐볼로 한 팔 뻗어 어깨 스트레칭,9103191,29.97,83,1920*1080,,공통,30,0AUDLJ08S_00071_SC_00001.jpeg,,2021,56,한국어,,20221006,짐볼로 한 팔 뻗어 어깨 스트레칭,1.001,,mp4,0AUDLJ08S_00071.mp4,http://openapi.kspo.or.kr/web/image/0AUDLJ08S_00071/,1,동영상,어깨
,http://openapi.kspo.or.kr/web/video/,어깨관련 질환자를 위한 단계별 표준운동 2단계 - 짐볼로 한 팔 뻗어 어깨 스트레칭,9103191,29.97,84,1920*1080,짐볼,공통,146,0AUDLJ08S_00071_SC_00002.jpeg,2단계,2021,56,한국어,짐볼로 한팔 뻗어 어깨 스트레칭,20221006,짐볼로 한 팔 뻗어 어깨 스트레칭,4.871,,mp4,0AUDLJ08S_00071.mp4,http://openapi.kspo.or.kr/web/image/0AUDLJ08S_00071/,2,동영상,어깨
,http://openapi.kspo.or.kr/web/video/,어깨관련 질환자를 위한 단계별 표준운동 2단계 - 짐볼로 한 팔 뻗어 어깨 스트레칭,9103191,29.97,85,1920*1080,짐볼,공통,262,0AUDLJ08S_00071_SC_00003.jpeg,2단계,2021,56,한국어,짐볼로 한팔 뻗어 어깨 스트레칭,20221006,짐볼로 한 팔 뻗어 어깨 스트레칭,8.742,,mp4,0AUDLJ08S_00071.mp4,http://openapi.kspo.or.kr/web/image/0AUDLJ08S_00071/,3,동영상,어깨
,http://openapi.kspo.or.kr/web/video/,어깨관련 질환자를 위한 단계별 표준운동 2단계 - 짐볼로 한 팔 뻗어 어깨 스트레칭,9103191,29.97,86,1920*1080,짐볼,공통,349,0AUDLJ08S_00071_SC_00004.jpeg,2단계,2021,56,한국어,짐볼로 한팔 뻗어 어깨 스트레칭,20221006,짐볼로 한 팔 뻗어 어깨 스트레칭,11.644,,mp4,0AUDLJ08S_00071.mp4,http://openapi.kspo.or.kr/web/image/0AUDLJ08S_00071/,4,동영상,어깨
,http://openapi.kspo.or.kr/web/video/,어깨관련 질환자를 위한 단계별 표준운동 2단계 - 짐볼로 한 팔 뻗어 어깨 스트레칭,9103191,29.97,87,1920*1080,짐볼,공통,378,0AUDLJ08S_00071_SC_00005.jpeg,2단계,2021,56,한국어,짐볼로 한팔 뻗어 어깨 스트레칭,20221006,짐볼로 한 팔 뻗어 어깨 스트레칭,12.612,,mp4,0AUDLJ08S_00071.mp4,http://openapi.kspo.or.kr/web/image/0AUDLJ08S_00071/,5,동영상,어깨
,http://openapi.kspo.or.kr/web/video/,어깨관련 질환자를 위한 단계별 표준운동 2단계 - 짐볼로 한 팔 뻗어 어깨 스트레칭,9103191,29.97,88,1920*1080,짐볼,공통,1103,0AUDLJ08S_00071_SC_00006.jpeg,2단계,2021,56,한국어,짐볼로 한팔 뻗어 어깨 스트레칭,20221006,짐볼로 한 팔 뻗어 어깨 스트레칭,36.803,,mp4,0AUDLJ08S_00071.mp4,http://openapi.kspo.or.kr/web/image/0AUDLJ08S_00071/,6,동영상,어깨
,http://openapi.kspo.or.kr/web/video/,어깨관련 질환자를 위한 단계별 표준운동 2단계 - 짐볼로 한 팔 뻗어 어깨 스트레칭,9103191,29.97,89,1920*1080,짐볼,공통,1219,0AUDLJ08S_00071_SC_00007.jpeg,2단계,2021,56,한국어,짐볼로 한팔 뻗어 어깨 스트레칭,20221006,짐볼로 한 팔 뻗어 어깨 스트레칭,40.673,,mp4,0AUDLJ08S_00071.mp4,http://openapi.kspo.or.kr/web/image/0AUDLJ08S_00071/,7,동영상,어깨
,http://openapi.kspo.or.kr/web/video/,어깨관련 질환자를 위한 단계별 표준운동 2단계 - 양발 앞뒤로 뻗어 짐볼 굴리기,9288500,29.97,90,1920*1080,,공통,30,0AUDLJ08S_00072_SC_00001.jpeg,,2021,56,한국어,,20221006,양발 앞뒤로 뻗어 짐볼 굴리기,1.001,,mp4,0AUDLJ08S_00072.mp4,http://openapi.kspo.or.kr/web/image/0AUDLJ08S_00072/,1,동영상,어깨
,http://openapi.kspo.or.kr/web/video/,어깨관련 질환자를 위한 단계별 표준운동 2단계 - 양발 앞뒤로 뻗어 짐볼 굴리기,9288500,29.97,91,1920*1080,짐볼,공통,146,0AUDLJ08S_00072_SC_00002.jpeg,2단계,2021,56,한국어,양발 앞뒤로 뻗어 짐볼 굴리기,20221006,양발 앞뒤로 뻗어 짐볼 굴리기,4.871,,mp4,0AUDLJ08S_00072.mp4,http://openapi.kspo.or.kr/web/image/0AUDLJ08S_00072/,2,동영상,어깨
,http://openapi.kspo.or.kr/web/video/,어깨관련 질환자를 위한 단계별 표준운동 2단계 - 양발 앞뒤로 뻗어 짐볼 굴리기,9288500,29.97,92,1920*1080,짐볼,공통,813,0AUDLJ08S_00072_SC_00003.jpeg,2단계,2021,56,한국어,양발 앞뒤로 뻗어 짐볼 굴리기,20221006,양발 앞뒤로 뻗어 짐볼 굴리기,27.127,,mp4,0AUDLJ08S_00072.mp4,http://openapi.kspo.or.kr/web/image/0AUDLJ08S_00072/,3,동영상,어깨
,http://openapi.kspo.or.kr/web/video/,어깨관련 질환자를 위한 단계별 표준운동 2단계 - 양발 앞뒤로 뻗어 짐볼 굴리기,9288500,29.97,93,1920*1080,짐볼,공통,871,0AUDLJ08S_00072_SC_00004.jpeg,2단계,2021,56,한국어,양발 앞뒤로 뻗어 짐볼 굴리기,20221006,양발 앞뒤로 뻗어 짐볼 굴리기,29.062,,mp4,0AUDLJ08S_00072.mp4,http://openapi.kspo.or.kr/web/image/0AUDLJ08S_00072/,4,동영상,어깨
,http://openapi.kspo.or.kr/web/video/,어깨관련 질환자를 위한 단계별 표준운동 2단계 - 양발 앞뒤로 뻗어 짐볼 굴리기,9288500,29.97,94,1920*1080,짐볼,공통,929,0AUDLJ08S_00072_SC_00005.jpeg,2단계,2021,56,한국어,양발 앞뒤로 뻗어 짐볼 굴리기,20221006,양발 앞뒤로 뻗어 짐볼 굴리기,30.997,,mp4,0AUDLJ08S_00072.mp4,http://openapi.kspo.or.kr/web/image/0AUDLJ08S_00072/,5,동영상,어깨
,http://openapi.kspo.or.kr/web/video/,어깨관련 질환자를 위한 단계별 표준운동 2단계 - 양발 앞뒤로 뻗어 짐볼 굴리기,9288500,29.97,95,1920*1080,짐볼,공통,1016,0AUDLJ08S_00072_SC_00006.jpeg,2단계,2021,56,한국어,양발 앞뒤로 뻗어 짐볼 굴리기,20221006,양발 앞뒤로 뻗어 짐볼 굴리기,33.9,,mp4,0AUDLJ08S_00072.mp4,http://openapi.kspo.or.kr/web/image/0AUDLJ08S_00072/,6,동영상,어깨
,http://openapi.kspo.or.kr/web/video/,어깨관련 질환자를 위한 단계별 표준운동 2단계 - 양발 앞뒤로 뻗어 짐볼 굴리기,9288500,29.97,96,1920*1080,짐볼,공통,1045,0AUDLJ08S_00072_SC_00007.jpeg,2단계,2021,56,한국어,양발 앞뒤로 뻗어 짐볼 굴리기,20221006,양발 앞뒤로 뻗어 짐볼 굴리기,34.868,,mp4,0AUDLJ08S_00072.mp4,http://openapi.kspo.or.kr/web/image/0AUDLJ08S_00072/,7,동영상,어깨
,http://openapi.kspo.or.kr/web/video/,어깨관련 질환자를 위한 단계별 표준운동 2단계 - 양발 앞뒤로 뻗어 짐볼 굴리기,9288500,29.97,97,1920*1080,짐볼,공통,1132,0AUDLJ08S_00072_SC_00008.jpeg,2단계,2021,56,한국어,양발 앞뒤로 뻗어 짐볼 굴리기,20221006,양발 앞뒤로 뻗어 짐볼 굴리기,37.771,,mp4,0AUDLJ08S_00072.mp4,http://openapi.kspo.or.kr/web/image/0AUDLJ08S_00072/,8,동영상,어깨
,http://openapi.kspo.or.kr/web/video/,어깨관련 질환자를 위한 단계별 표준운동 2단계 - 양발 앞뒤로 뻗어 짐볼 굴리기,9288500,29.97,98,1920*1080,짐볼,공통,1161,0AUDLJ08S_00072_SC_00009.jpeg,2단계,2021,56,한국어,양발 앞뒤로 뻗어 짐볼 굴리기,20221006,양발 앞뒤로 뻗어 짐볼 굴리기,38.738,,mp4,0AUDLJ08S_00072.mp4,http://openapi.kspo.or.kr/web/image/0AUDLJ08S_00072/,9,동영상,어깨
,http://openapi.kspo.or.kr/web/video/,어깨관련 질환자를 위한 단계별 표준운동 2단계 - 양발 앞뒤로 뻗어 짐볼 굴리기,9288500,29.97,99,1920*1080,짐볼,공통,1219,0AUDLJ08S_00072_SC_00010.jpeg,2단계,2021,56,한국어,양발 앞뒤로 뻗어 짐볼 굴리기,20221006,양발 앞뒤로 뻗어 짐볼 굴리기,40.673,,mp4,0AUDLJ08S_00072.mp4,http://openapi.kspo.or.kr/web/image/0AUDLJ08S_00072/,10,동영상,어깨
,http://openapi.kspo.or.kr/web/video/,어깨관련 질환자를 위한 단계별 표준운동 2단계 - 양발 앞뒤로 뻗어 짐볼 굴리기,9288500,29.97,100,1920*1080,짐볼,공통,1335,0AUDLJ08S_00072_SC_00011.jpeg,2단계,2021,56,한국어,양발 앞뒤로 뻗어 짐볼 굴리기,20221006,양발 앞뒤로 뻗어 짐볼 굴리기,44.544,,mp4,0AUDLJ08S_00072.mp4,http://openapi.kspo.or.kr/web/image/0AUDLJ08S_00072/,11,동영상,어깨
,http://openapi.kspo.or.kr/web/video/,어깨관련 질환자를 위한 단계별 표준운동 2단계 - 양발 앞뒤로 뻗어 짐볼 굴리기,9288500,29.97,101,1920*1080,짐볼,공통,1364,0AUDLJ08S_00072_SC_00012.jpeg,2단계,2021,56,한국어,양발 앞뒤로 뻗어 짐볼 굴리기,20221006,양발 앞뒤로 뻗어 짐볼 굴리기,45.512,,mp4,0AUDLJ08S_00072.mp4,http://openapi.kspo.or.kr/web/image/0AUDLJ08S_00072/,12,동영상,어깨
,http://openapi.kspo.or.kr/web/video/,어깨관련 질환자를 위한 단계별 표준운동 2단계 - 양발 앞뒤로 뻗어 짐볼 굴리기,9288500,29.97,102,1920*1080,짐볼,공통,1393,0AUDLJ08S_00072_SC_00013.jpeg,2단계,2021,56,한국어,양발 앞뒤로 뻗어 짐볼 굴리기,20221006,양발 앞뒤로 뻗어 짐볼 굴리기,46.479,,mp4,0AUDLJ08S_00072.mp4,http://openapi.kspo.or.kr/web/image/0AUDLJ08S_00072/,13,동영상,어깨
,http://openapi.kspo.or.kr/web/video/,어깨관련 질환자를 위한 단계별 표준운동 2단계 - 밴드 잡고 팔 옆으로 뻗기,8612814,29.97,103,1920*1080,밴드(고무),공통,30,0AUDLJ08S_00073_SC_00001.jpeg,2단계,2021,52,한국어,밴드 잡고 팔 옆으로 뻗기,20221020,밴드 잡고 팔 옆으로 뻗기,1.001,,mp4,0AUDLJ08S_00073.mp4,http://openapi.kspo.or.kr/web/image/0AUDLJ08S_00073/,1,동영상,어깨
,http://openapi.kspo.or.kr/web/video/,어깨관련 질환자를 위한 단계별 표준운동 2단계 - 밴드 잡고 팔 옆으로 뻗기,8612814,29.97,104,1920*1080,밴드(고무),공통,407,0AUDLJ08S_00073_SC_00004.jpeg,2단계,2021,52,한국어,밴드 잡고 팔 옆으로 뻗기,20221020,밴드 잡고 팔 옆으로 뻗기,13.58,,mp4,0AUDLJ08S_00073.mp4,http://openapi.kspo.or.kr/web/image/0AUDLJ08S_00073/,2,동영상,어깨
,http://openapi.kspo.or.kr/web/video/,어깨관련 질환자를 위한 단계별 표준운동 2단계 - 밴드 잡고 팔 옆으로 뻗기,8612814,29.97,105,1920*1080,밴드(고무),공통,755,0AUDLJ08S_00073_SC_00005.jpeg,2단계,2021,52,한국어,밴드 잡고 팔 옆으로 뻗기,20221020,밴드 잡고 팔 옆으로 뻗기,25.191,,mp4,0AUDLJ08S_00073.mp4,http://openapi.kspo.or.kr/web/image/0AUDLJ08S_00073/,3,동영상,어깨
8~12,http://openapi.kspo.or.kr/web/video/,어깨관련 질환자를 위한 단계별 표준운동 2단계 - 밴드 잡고 팔 옆으로 뻗기,8612814,29.97,106,1920*1080,밴드(고무),공통,1074,0AUDLJ08S_00073_SC_00006.jpeg,2단계,2021,52,한국어,밴드 잡고 팔 옆으로 뻗기,20221020,밴드 잡고 팔 옆으로 뻗기,35.835,,mp4,0AUDLJ08S_00073.mp4,http://openapi.kspo.or.kr/web/image/0AUDLJ08S_00073/,4,동영상,어깨
,http://openapi.kspo.or.kr/web/video/,어깨관련 질환자를 위한 단계별 표준운동 2단계 - 밴드 잡고 팔 옆으로 뻗기,8612814,29.97,107,1920*1080,밴드(고무),공통,1169,0AUDLJ08S_00073_FR_00014.jpeg,2단계,2021,52,한국어,밴드 잡고 팔 옆으로 뻗기,20221020,밴드 잡고 팔 옆으로 뻗기,39.005,,mp4,0AUDLJ08S_00073.mp4,http://openapi.kspo.or.kr/web/image/0AUDLJ08S_00073/,5,동영상,어깨
,http://openapi.kspo.or.kr/web/video/,어깨관련 질환자를 위한 단계별 표준운동 2단계 - 밴드 잡고 머리 위로 팔돌리기,11292238,29.97,108,1920*1080,,공통,30,0AUDLJ08S_00074_SC_00001.jpeg,,2021,68,한국어,,20221006,밴드 잡고 머리 위로 팔돌리기,1.001,,mp4,0AUDLJ08S_00074.mp4,http://openapi.kspo.or.kr/web/image/0AUDLJ08S_00074/,1,동영상,어깨
,http://openapi.kspo.or.kr/web/video/,어깨관련 질환자를 위한 단계별 표준운동 2단계 - 밴드 잡고 머리 위로 팔돌리기,11292238,29.97,109,1920*1080,밴드,공통,146,0AUDLJ08S_00074_SC_00002.jpeg,2단계,2021,68,한국어,밴드 잡고 머리 위로 팔돌리기,20221006,밴드 잡고 머리 위로 팔돌리기,4.871,,mp4,0AUDLJ08S_00074.mp4,http://openapi.kspo.or.kr/web/image/0AUDLJ08S_00074/,2,동영상,어깨
,http://openapi.kspo.or.kr/web/video/,어깨관련 질환자를 위한 단계별 표준운동 2단계 - 밴드 잡고 머리 위로 팔돌리기,11292238,29.97,110,1920*1080,밴드,공통,1074,0AUDLJ08S_00074_SC_00003.jpeg,2단계,2021,68,한국어,밴드 잡고 머리 위로 팔돌리기,20221006,밴드 잡고 머리 위로 팔돌리기,35.835,,mp4,0AUDLJ08S_00074.mp4,http://openapi.kspo.or.kr/web/image/0AUDLJ08S_00074/,3,동영상,어깨
,http://openapi.kspo.or.kr/web/video/,어깨관련 질환자를 위한 단계별 표준운동 2단계 - 밴드 잡고 머리 위로 팔돌리기,11292238,29.97,111,1920*1080,밴드,공통,1219,0AUDLJ08S_00074_SC_00004.jpeg,2단계,2021,68,한국어,밴드 잡고 머리 위로 팔돌리기,20221006,밴드 잡고 머리 위로 팔돌리기,40.673,,mp4,0AUDLJ08S_00074.mp4,http://openapi.kspo.or.kr/web/image/0AUDLJ08S_00074/,4,동영상,어깨
,http://openapi.kspo.or.kr/web/video/,어깨관련 질환자를 위한 단계별 표준운동 2단계 - 밴드 잡고 머리 위로 팔돌리기,11292238,29.97,112,1920*1080,밴드,공통,1567,0AUDLJ08S_00074_SC_00005.jpeg,2단계,2021,68,한국어,밴드 잡고 머리 위로 팔돌리기,20221006,밴드 잡고 머리 위로 팔돌리기,52.285,,mp4,0AUDLJ08S_00074.mp4,http://openapi.kspo.or.kr/web/image/0AUDLJ08S_00074/,5,동영상,어깨
,http://openapi.kspo.or.kr/web/video/,어깨관련 질환자를 위한 단계별 표준운동 2단계 - 밴드 잡고 만세하여 삼각형 만들기,10227641,29.97,113,1920*1080,밴드(고무),공통,30,0AUDLJ08S_00075_SC_00001.jpeg,2단계,2021,60,한국어,밴드 잡고 만세하여 삼각형 만들기,20221020,밴드 잡고 만세하여 삼각형 만들기,1.001,,mp4,0AUDLJ08S_00075.mp4,http://openapi.kspo.or.kr/web/image/0AUDLJ08S_00075/,1,동영상,어깨
,http://openapi.kspo.or.kr/web/video/,어깨관련 질환자를 위한 단계별 표준운동 2단계 - 밴드 잡고 만세하여 삼각형 만들기,10227641,29.97,114,1920*1080,밴드(고무),공통,630,0AUDLJ08S_00075_FR_00008.jpeg,2단계,2021,60,한국어,밴드 잡고 만세하여 삼각형 만들기,20221020,밴드 잡고 만세하여 삼각형 만들기,21.021,,mp4,0AUDLJ08S_00075.mp4,http://openapi.kspo.or.kr/web/image/0AUDLJ08S_00075/,2,동영상,어깨
,http://openapi.kspo.or.kr/web/video/,어깨관련 질환자를 위한 단계별 표준운동 2단계 - 밴드 잡고 만세하여 삼각형 만들기,10227641,29.97,115,1920*1080,밴드(고무),공통,720,0AUDLJ08S_00075_FR_00009.jpeg,2단계,2021,60,한국어,밴드 잡고 만세하여 삼각형 만들기,20221020,밴드 잡고 만세하여 삼각형 만들기,24.024,,mp4,0AUDLJ08S_00075.mp4,http://openapi.kspo.or.kr/web/image/0AUDLJ08S_00075/,3,동영상,어깨
8~12,http://openapi.kspo.or.kr/web/video/,어깨관련 질환자를 위한 단계별 표준운동 2단계 - 밴드 잡고 만세하여 삼각형 만들기,10227641,29.97,116,1920*1080,밴드(고무),공통,900,0AUDLJ08S_00075_FR_00011.jpeg,2단계,2021,60,한국어,밴드 잡고 만세하여 삼각형 만들기,20221020,밴드 잡고 만세하여 삼각형 만들기,30.03,,mp4,0AUDLJ08S_00075.mp4,http://openapi.kspo.or.kr/web/image/0AUDLJ08S_00075/,4,동영상,어깨
,http://openapi.kspo.or.kr/web/video/,어깨관련 질환자를 위한 단계별 표준운동 2단계 - 밴드 잡고 만세하여 삼각형 만들기,10227641,29.97,117,1920*1080,밴드(고무),공통,1259,0AUDLJ08S_00075_FR_00015.jpeg,2단계,2021,60,한국어,밴드 잡고 만세하여 삼각형 만들기,20221020,밴드 잡고 만세하여 삼각형 만들기,42.008,,mp4,0AUDLJ08S_00075.mp4,http://openapi.kspo.or.kr/web/image/0AUDLJ08S_00075/,5,동영상,어깨
,http://openapi.kspo.or.kr/web/video/,어깨관련 질환자를 위한 단계별 표준운동 2단계 - 밴드 잡고 만세하여 삼각형 만들기,10227641,29.97,118,1920*1080,밴드(고무),공통,1451,0AUDLJ08S_00075_SC_00007.jpeg,2단계,2021,60,한국어,밴드 잡고 만세하여 삼각형 만들기,20221020,밴드 잡고 만세하여 삼각형 만들기,48.415,,mp4,0AUDLJ08S_00075.mp4,http://openapi.kspo.or.kr/web/image/0AUDLJ08S_00075/,6,동영상,어깨
,http://openapi.kspo.or.kr/web/video/,어깨관련 질환자를 위한 단계별 표준운동 2단계 - 밴드 당겨 올리기,7983510,29.97,119,1920*1080,밴드(고무),공통,30,0AUDLJ08S_00076_SC_00001.jpeg,2단계,2021,48,한국어,밴드 당겨 올리기,20221020,밴드 당겨 올리기,1.001,,mp4,0AUDLJ08S_00076.mp4,http://openapi.kspo.or.kr/web/image/0AUDLJ08S_00076/,1,동영상,어깨
,http://openapi.kspo.or.kr/web/video/,어깨관련 질환자를 위한 단계별 표준운동 2단계 - 밴드 당겨 올리기,7983510,29.97,120,1920*1080,밴드(고무),공통,270,0AUDLJ08S_00076_FR_00004.jpeg,2단계,2021,48,한국어,밴드 당겨 올리기,20221020,밴드 당겨 올리기,9.009,,mp4,0AUDLJ08S_00076.mp4,http://openapi.kspo.or.kr/web/image/0AUDLJ08S_00076/,2,동영상,어깨
8~12,http://openapi.kspo.or.kr/web/video/,어깨관련 질환자를 위한 단계별 표준운동 2단계 - 밴드 당겨 올리기,7983510,29.97,121,1920*1080,밴드(고무),공통,540,0AUDLJ08S_00076_FR_00007.jpeg,2단계,2021,48,한국어,밴드 당겨 올리기,20221020,밴드 당겨 올리기,18.018,,mp4,0AUDLJ08S_00076.mp4,http://openapi.kspo.or.kr/web/image/0AUDLJ08S_00076/,3,동영상,어깨
,http://openapi.kspo.or.kr/web/video/,어깨관련 질환자를 위한 단계별 표준운동 2단계 - 밴드 당겨 올리기,7983510,29.97,122,1920*1080,밴드(고무),공통,1079,0AUDLJ08S_00076_FR_00013.jpeg,2단계,2021,48,한국어,밴드 당겨 올리기,20221020,밴드 당겨 올리기,36.002,,mp4,0AUDLJ08S_00076.mp4,http://openapi.kspo.or.kr/web/image/0AUDLJ08S_00076/,4,동영상,어깨
,http://openapi.kspo.or.kr/web/video/,어깨관련 질환자를 위한 단계별 표준운동 2단계 - 팔다리로 밴드 늘려 옆으로 걷기,10149871,29.97,123,1920*1080,밴드(고무),공통,30,0AUDLJ08S_00077_SC_00001.jpeg,2단계,2021,61,한국어,팔다리로 밴드 늘려 옆으로 걷기,20221020,팔다리로 밴드 늘려 옆으로 걷기,1.001,,mp4,0AUDLJ08S_00077.mp4,http://openapi.kspo.or.kr/web/image/0AUDLJ08S_00077/,1,동영상,어깨
,http://openapi.kspo.or.kr/web/video/,어깨관련 질환자를 위한 단계별 표준운동 2단계 - 팔다리로 밴드 늘려 옆으로 걷기,10149871,29.97,124,1920*1080,밴드(고무),공통,349,0AUDLJ08S_00077_SC_00004.jpeg,2단계,2021,61,한국어,팔다리로 밴드 늘려 옆으로 걷기,20221020,팔다리로 밴드 늘려 옆으로 걷기,11.644,,mp4,0AUDLJ08S_00077.mp4,http://openapi.kspo.or.kr/web/image/0AUDLJ08S_00077/,2,동영상,어깨
8~8,http://openapi.kspo.or.kr/web/video/,어깨관련 질환자를 위한 단계별 표준운동 2단계 - 팔다리로 밴드 늘려 옆으로 걷기,10149871,29.97,125,1920*1080,밴드(고무),공통,540,0AUDLJ08S_00077_FR_00007.jpeg,2단계,2021,61,한국어,팔다리로 밴드 늘려 옆으로 걷기,20221020,팔다리로 밴드 늘려 옆으로 걷기,18.018,,mp4,0AUDLJ08S_00077.mp4,http://openapi.kspo.or.kr/web/image/0AUDLJ08S_00077/,3,동영상,어깨
,http://openapi.kspo.or.kr/web/video/,어깨관련 질환자를 위한 단계별 표준운동 2단계 - 팔다리로 밴드 늘려 옆으로 걷기,10149871,29.97,126,1920*1080,밴드(고무),공통,929,0AUDLJ08S_00077_SC_00007.jpeg,2단계,2021,61,한국어,팔다리로 밴드 늘려 옆으로 걷기,20221020,팔다리로 밴드 늘려 옆으로 걷기,30.997,,mp4,0AUDLJ08S_00077.mp4,http://openapi.kspo.or.kr/web/image/0AUDLJ08S_00077/,4,동영상,어깨
,http://openapi.kspo.or.kr/web/video/,어깨관련 질환자를 위한 단계별 표준운동 2단계 - 밴드잡고 팔 뒤로 뻗기,8703211,29.97,127,1920*1080,,공통,30,0AUDLJ08S_00078_SC_00001.jpeg,,2021,52,한국어,,20221006,밴드잡고 팔 뒤로 뻗기,1.001,,mp4,0AUDLJ08S_00078.mp4,http://openapi.kspo.or.kr/web/image/0AUDLJ08S_00078/,1,동영상,어깨
,http://openapi.kspo.or.kr/web/video/,어깨관련 질환자를 위한 단계별 표준운동 2단계 - 밴드잡고 팔 뒤로 뻗기,8703211,29.97,128,1920*1080,밴드,공통,146,0AUDLJ08S_00078_SC_00002.jpeg,2단계,2021,52,한국어,밴드 잡고 팔 뒤로 뻗기,20221006,밴드잡고 팔 뒤로 뻗기,4.871,,mp4,0AUDLJ08S_00078.mp4,http://openapi.kspo.or.kr/web/image/0AUDLJ08S_00078/,2,동영상,어깨
,http://openapi.kspo.or.kr/web/video/,어깨관련 질환자를 위한 단계별 표준운동 2단계 - 밴드잡고 팔 뒤로 뻗기,8703211,29.97,129,1920*1080,밴드,공통,378,0AUDLJ08S_00078_SC_00003.jpeg,2단계,2021,52,한국어,밴드 잡고 팔 뒤로 뻗기,20221006,밴드잡고 팔 뒤로 뻗기,12.612,,mp4,0AUDLJ08S_00078.mp4,http://openapi.kspo.or.kr/web/image/0AUDLJ08S_00078/,3,동영상,어깨
,http://openapi.kspo.or.kr/web/video/,어깨관련 질환자를 위한 단계별 표준운동 2단계 - 밴드잡고 팔 뒤로 뻗기,8703211,29.97,130,1920*1080,밴드,공통,552,0AUDLJ08S_00078_SC_00004.jpeg,2단계,2021,52,한국어,밴드 잡고 팔 뒤로 뻗기,20221006,밴드잡고 팔 뒤로 뻗기,18.418,,mp4,0AUDLJ08S_00078.mp4,http://openapi.kspo.or.kr/web/image/0AUDLJ08S_00078/,4,동영상,어깨
,http://openapi.kspo.or.kr/web/video/,어깨관련 질환자를 위한 단계별 표준운동 2단계 - 밴드잡고 팔 뒤로 뻗기,8703211,29.97,131,1920*1080,밴드,공통,697,0AUDLJ08S_00078_SC_00005.jpeg,2단계,2021,52,한국어,밴드 잡고 팔 뒤로 뻗기,20221006,밴드잡고 팔 뒤로 뻗기,23.256,,mp4,0AUDLJ08S_00078.mp4,http://openapi.kspo.or.kr/web/image/0AUDLJ08S_00078/,5,동영상,어깨
,http://openapi.kspo.or.kr/web/video/,어깨관련 질환자를 위한 단계별 표준운동 2단계 - 엎드려 팔꿈치 들어올리기,7357894,29.97,132,1920*1080,매트,공통,30,0AUDLJ08S_00079_SC_00001.jpeg,2단계,2021,45,한국어,엎드려 팔꿈치 들어올리기,20221026,엎드려 팔꿈치 들어올리기,1.001,,mp4,0AUDLJ08S_00079.mp4,http://openapi.kspo.or.kr/web/image/0AUDLJ08S_00079/,1,동영상,어깨
10~10,http://openapi.kspo.or.kr/web/video/,어깨관련 질환자를 위한 단계별 표준운동 2단계 - 엎드려 팔꿈치 들어올리기,7357894,29.97,133,1920*1080,매트,공통,540,0AUDLJ08S_00079_FR_00007.jpeg,2단계,2021,45,한국어,엎드려 팔꿈치 들어올리기,20221026,엎드려 팔꿈치 들어올리기,18.018,,mp4,0AUDLJ08S_00079.mp4,http://openapi.kspo.or.kr/web/image/0AUDLJ08S_00079/,2,동영상,어깨
,http://openapi.kspo.or.kr/web/video/,어깨관련 질환자를 위한 단계별 표준운동 2단계 - 엎드려 팔꿈치 들어올리기,7357894,29.97,134,1920*1080,매트,공통,900,0AUDLJ08S_00079_FR_00011.jpeg,2단계,2021,45,한국어,엎드려 팔꿈치 들어올리기,20221026,엎드려 팔꿈치 들어올리기,30.03,,mp4,0AUDLJ08S_00079.mp4,http://openapi.kspo.or.kr/web/image/0AUDLJ08S_00079/,3,동영상,어깨
,http://openapi.kspo.or.kr/web/video/,어깨관련 질환자를 위한 단계별 표준운동 2단계 - 엎드려 팔꿈치 들어올리고 손 띄우기,7315407,29.97,135,1920*1080,매트,공통,30,0AUDLJ08S_00080_SC_00001.jpeg,2단계,2021,45,한국어,엎드려 팔꿈치 들어올리고 손 띄우기,20221020,엎드려 팔꿈치 들어올리고 손 띄우기,1.001,,mp4,0AUDLJ08S_00080.mp4,http://openapi.kspo.or.kr/web/image/0AUDLJ08S_00080/,1,동영상,어깨
,http://openapi.kspo.or.kr/web/video/,어깨관련 질환자를 위한 단계별 표준운동 2단계 - 엎드려 팔꿈치 들어올리고 손 띄우기,7315407,29.97,136,1920*1080,매트,공통,540,0AUDLJ08S_00080_FR_00007.jpeg,2단계,2021,45,한국어,엎드려 팔꿈치 들어올리고 손 띄우기,20221020,엎드려 팔꿈치 들어올리고 손 띄우기,18.018,,mp4,0AUDLJ08S_00080.mp4,http://openapi.kspo.or.kr/web/image/0AUDLJ08S_00080/,2,동영상,어깨
10~10,http://openapi.kspo.or.kr/web/video/,어깨관련 질환자를 위한 단계별 표준운동 2단계 - 엎드려 팔꿈치 들어올리고 손 띄우기,7315407,29.97,137,1920*1080,매트,공통,720,0AUDLJ08S_00080_FR_00009.jpeg,2단계,2021,45,한국어,엎드려 팔꿈치 들어올리고 손 띄우기,20221020,엎드려 팔꿈치 들어올리고 손 띄우기,24.024,,mp4,0AUDLJ08S_00080.mp4,http://openapi.kspo.or.kr/web/image/0AUDLJ08S_00080/,3,동영상,어깨
,http://openapi.kspo.or.kr/web/video/,어깨관련 질환자를 위한 단계별 표준운동 2단계 - 엎드려 팔꿈치 들어올리고 손 띄우기,7315407,29.97,138,1920*1080,매트,공통,1074,0AUDLJ08S_00080_SC_00005.jpeg,2단계,2021,45,한국어,엎드려 팔꿈치 들어올리고 손 띄우기,20221020,엎드려 팔꿈치 들어올리고 손 띄우기,35.835,,mp4,0AUDLJ08S_00080.mp4,http://openapi.kspo.or.kr/web/image/0AUDLJ08S_00080/,4,동영상,어깨
,http://openapi.kspo.or.kr/web/video/,어깨관련 질환자를 위한 단계별 표준운동 2단계 - 엎드려 양팔 뻗어 등 조이고 뒷짐지기,8300965,29.97,139,1920*1080,매트,공통,30,0AUDLJ08S_00081_SC_00001.jpeg,2단계,2021,50,한국어,엎드려 양팔 뻗어 등 조이고 뒷짐지기,20221024,엎드려 양팔 뻗어 등 조이고 뒷짐지기,1.001,,mp4,0AUDLJ08S_00081.mp4,http://openapi.kspo.or.kr/web/image/0AUDLJ08S_00081/,1,동영상,어깨
,http://openapi.kspo.or.kr/web/video/,어깨관련 질환자를 위한 단계별 표준운동 2단계 - 엎드려 양팔 뻗어 등 조이고 뒷짐지기,8300965,29.97,140,1920*1080,매트,공통,540,0AUDLJ08S_00081_FR_00007.jpeg,2단계,2021,50,한국어,엎드려 양팔 뻗어 등 조이고 뒷짐지기,20221024,엎드려 양팔 뻗어 등 조이고 뒷짐지기,18.018,,mp4,0AUDLJ08S_00081.mp4,http://openapi.kspo.or.kr/web/image/0AUDLJ08S_00081/,2,동영상,어깨
10~10,http://openapi.kspo.or.kr/web/video/,어깨관련 질환자를 위한 단계별 표준운동 2단계 - 엎드려 양팔 뻗어 등 조이고 뒷짐지기,8300965,29.97,141,1920*1080,매트,공통,610,0AUDLJ08S_00081_SC_00004.jpeg,2단계,2021,50,한국어,엎드려 양팔 뻗어 등 조이고 뒷짐지기,20221024,엎드려 양팔 뻗어 등 조이고 뒷짐지기,20.353,,mp4,0AUDLJ08S_00081.mp4,http://openapi.kspo.or.kr/web/image/0AUDLJ08S_00081/,3,동영상,어깨
,http://openapi.kspo.or.kr/web/video/,어깨관련 질환자를 위한 단계별 표준운동 2단계 - 엎드려 양팔 뻗어 등 조이고 뒷짐지기,8300965,29.97,142,1920*1080,매트,공통,1079,0AUDLJ08S_00081_FR_00013.jpeg,2단계,2021,50,한국어,엎드려 양팔 뻗어 등 조이고 뒷짐지기,20221024,엎드려 양팔 뻗어 등 조이고 뒷짐지기,36.002,,mp4,0AUDLJ08S_00081.mp4,http://openapi.kspo.or.kr/web/image/0AUDLJ08S_00081/,4,동영상,어깨
,http://openapi.kspo.or.kr/web/video/,어깨관련 질환자를 위한 단계별 표준운동 2단계 - 손머리 뒤로하고 뒷짐지기,9214156,29.97,143,1920*1080,매트,공통,30,0AUDLJ08S_00082_SC_00001.jpeg,2단계,2021,56,한국어,손머리 뒤로하고 뒷짐지기,20221005,손머리 뒤로하고 뒷짐지기,1.001,,mp4,0AUDLJ08S_00082.mp4,http://openapi.kspo.or.kr/web/image/0AUDLJ08S_00082/,1,동영상,어깨
,http://openapi.kspo.or.kr/web/video/,어깨관련 질환자를 위한 단계별 표준운동 2단계 - 손머리 뒤로하고 뒷짐지기,9214156,29.97,144,1920*1080,매트,공통,146,0AUDLJ08S_00082_SC_00002.jpeg,2단계,2021,56,한국어,손머리 뒤로하고 뒷짐지기,20221005,손머리 뒤로하고 뒷짐지기,4.871,,mp4,0AUDLJ08S_00082.mp4,http://openapi.kspo.or.kr/web/image/0AUDLJ08S_00082/,2,동영상,어깨
,http://openapi.kspo.or.kr/web/video/,어깨관련 질환자를 위한 단계별 표준운동 2단계 - 손머리 뒤로하고 뒷짐지기,9214156,29.97,145,1920*1080,매트,공통,270,0AUDLJ08S_00082_FR_00004.jpeg,2단계,2021,56,한국어,손머리 뒤로하고 뒷짐지기,20221005,손머리 뒤로하고 뒷짐지기,9.009,,mp4,0AUDLJ08S_00082.mp4,http://openapi.kspo.or.kr/web/image/0AUDLJ08S_00082/,3,동영상,어깨
2~10,http://openapi.kspo.or.kr/web/video/,어깨관련 질환자를 위한 단계별 표준운동 2단계 - 손머리 뒤로하고 뒷짐지기,9214156,29.97,146,1920*1080,매트,공통,630,0AUDLJ08S_00082_FR_00008.jpeg,2단계,2021,56,한국어,손머리 뒤로하고 뒷짐지기,20221005,손머리 뒤로하고 뒷짐지기,21.021,,mp4,0AUDLJ08S_00082.mp4,http://openapi.kspo.or.kr/web/image/0AUDLJ08S_00082/,4,동영상,어깨
,http://openapi.kspo.or.kr/web/video/,어깨관련 질환자를 위한 단계별 표준운동 2단계 - 손머리 뒤로하고 뒷짐지기,9214156,29.97,147,1920*1080,매트,공통,1079,0AUDLJ08S_00082_FR_00013.jpeg,2단계,2021,56,한국어,손머리 뒤로하고 뒷짐지기,20221005,손머리 뒤로하고 뒷짐지기,36.002,,mp4,0AUDLJ08S_00082.mp4,http://openapi.kspo.or.kr/web/image/0AUDLJ08S_00082/,5,동영상,어깨
,http://openapi.kspo.or.kr/web/video/,어깨관련 질환자를 위한 단계별 표준운동 2단계 - 손머리 뒤로하고 뒷짐지기,9214156,29.97,148,1920*1080,매트,공통,1439,0AUDLJ08S_00082_FR_00017.jpeg,2단계,2021,56,한국어,손머리 뒤로하고 뒷짐지기,20221005,손머리 뒤로하고 뒷짐지기,48.014,,mp4,0AUDLJ08S_00082.mp4,http://openapi.kspo.or.kr/web/image/0AUDLJ08S_00082/,6,동영상,어깨
,http://openapi.kspo.or.kr/web/video/,어깨관련 질환자를 위한 단계별 표준운동 2단계 - 팔 벌리고 뒷짐진 후 만세하기,9359920,29.97,149,1920*1080,아령(물병),공통,30,0AUDLJ08S_00083_SC_00001.jpeg,2단계,2021,55,한국어,팔 벌리고 뒷짐진 후 만세하기,20221024,팔 벌리고 뒷짐진 후 만세하기,1.001,,mp4,0AUDLJ08S_00083.mp4,http://openapi.kspo.or.kr/web/image/0AUDLJ08S_00083/,1,동영상,어깨
,http://openapi.kspo.or.kr/web/video/,어깨관련 질환자를 위한 단계별 표준운동 2단계 - 팔 벌리고 뒷짐진 후 만세하기,9359920,29.97,150,1920*1080,아령(물병),공통,900,0AUDLJ08S_00083_FR_00011.jpeg,2단계,2021,55,한국어,팔 벌리고 뒷짐진 후 만세하기,20221024,팔 벌리고 뒷짐진 후 만세하기,30.03,,mp4,0AUDLJ08S_00083.mp4,http://openapi.kspo.or.kr/web/image/0AUDLJ08S_00083/,2,동영상,어깨
8~12,http://openapi.kspo.or.kr/web/video/,어깨관련 질환자를 위한 단계별 표준운동 2단계 - 팔 벌리고 뒷짐진 후 만세하기,9359920,29.97,151,1920*1080,아령(물병),공통,990,0AUDLJ08S_00083_FR_00012.jpeg,2단계,2021,55,한국어,팔 벌리고 뒷짐진 후 만세하기,20221024,팔 벌리고 뒷짐진 후 만세하기,33.033,,mp4,0AUDLJ08S_00083.mp4,http://openapi.kspo.or.kr/web/image/0AUDLJ08S_00083/,3,동영상,어깨
,http://openapi.kspo.or.kr/web/video/,어깨관련 질환자를 위한 단계별 표준운동 2단계 - 팔 벌리고 뒷짐진 후 만세하기,9359920,29.97,152,1920*1080,아령(물병),공통,1259,0AUDLJ08S_00083_FR_00015.jpeg,2단계,2021,55,한국어,팔 벌리고 뒷짐진 후 만세하기,20221024,팔 벌리고 뒷짐진 후 만세하기,42.008,,mp4,0AUDLJ08S_00083.mp4,http://openapi.kspo.or.kr/web/image/0AUDLJ08S_00083/,4,동영상,어깨
,http://openapi.kspo.or.kr/web/video/,어깨관련 질환자를 위한 단계별 표준운동 2단계 - 접시돌리기,8565775,29.97,153,1920*1080,접시,공통,30,0AUDLJ08S_00084_SC_00001.jpeg,2단계,2021,52,한국어,접시 돌리기,20221020,접시돌리기,1.001,,mp4,0AUDLJ08S_00084.mp4,http://openapi.kspo.or.kr/web/image/0AUDLJ08S_00084/,1,동영상,어깨
,http://openapi.kspo.or.kr/web/video/,어깨관련 질환자를 위한 단계별 표준운동 2단계 - 접시돌리기,8565775,29.97,154,1920*1080,접시,공통,450,0AUDLJ08S_00084_FR_00006.jpeg,2단계,2021,52,한국어,접시 돌리기,20221020,접시돌리기,15.015,,mp4,0AUDLJ08S_00084.mp4,http://openapi.kspo.or.kr/web/image/0AUDLJ08S_00084/,2,동영상,어깨
,http://openapi.kspo.or.kr/web/video/,어깨관련 질환자를 위한 단계별 표준운동 2단계 - 접시돌리기,8565775,29.97,155,1920*1080,접시,공통,552,0AUDLJ08S_00084_SC_00003.jpeg,2단계,2021,52,한국어,접시 돌리기,20221020,접시돌리기,18.418,,mp4,0AUDLJ08S_00084.mp4,http://openapi.kspo.or.kr/web/image/0AUDLJ08S_00084/,3,동영상,어깨
15~15,http://openapi.kspo.or.kr/web/video/,어깨관련 질환자를 위한 단계별 표준운동 2단계 - 접시돌리기,8565775,29.97,156,1920*1080,접시,공통,810,0AUDLJ08S_00084_FR_00010.jpeg,2단계,2021,52,한국어,접시 돌리기,20221020,접시돌리기,27.027,,mp4,0AUDLJ08S_00084.mp4,http://openapi.kspo.or.kr/web/image/0AUDLJ08S_00084/,4,동영상,어깨
,http://openapi.kspo.or.kr/web/video/,어깨관련 질환자를 위한 단계별 표준운동 2단계 - 접시돌리기,8565775,29.97,157,1920*1080,접시,공통,1259,0AUDLJ08S_00084_FR_00015.jpeg,2단계,2021,52,한국어,접시 돌리기,20221020,접시돌리기,42.008,,mp4,0AUDLJ08S_00084.mp4,http://openapi.kspo.or.kr/web/image/0AUDLJ08S_00084/,5,동영상,어깨
,http://openapi.kspo.or.kr/web/video/,어깨관련 질환자를 위한 단계별 표준운동 2단계 - 케틀벨 들고 원 그리기,8297856,29.97,158,1920*1080,아령(케틀벨),공통,30,0AUDLJ08S_00085_SC_00001.jpeg,2단계,2021,51,한국어,케틀벨 들고 원 그리기,20221024,케틀벨 들고 원 그리기,1.001,,mp4,0AUDLJ08S_00085.mp4,http://openapi.kspo.or.kr/web/image/0AUDLJ08S_00085/,1,동영상,어깨
,http://openapi.kspo.or.kr/web/video/,어깨관련 질환자를 위한 단계별 표준운동 2단계 - 케틀벨 들고 원 그리기,8297856,29.97,159,1920*1080,아령(케틀벨),공통,378,0AUDLJ08S_00085_SC_00004.jpeg,2단계,2021,51,한국어,케틀벨 들고 원 그리기,20221024,케틀벨 들고 원 그리기,12.612,,mp4,0AUDLJ08S_00085.mp4,http://openapi.kspo.or.kr/web/image/0AUDLJ08S_00085/,2,동영상,어깨
10~10,http://openapi.kspo.or.kr/web/video/,어깨관련 질환자를 위한 단계별 표준운동 2단계 - 케틀벨 들고 원 그리기,8297856,29.97,160,1920*1080,아령(케틀벨),공통,630,0AUDLJ08S_00085_FR_00008.jpeg,2단계,2021,51,한국어,케틀벨 들고 원 그리기,20221024,케틀벨 들고 원 그리기,21.021,,mp4,0AUDLJ08S_00085.mp4,http://openapi.kspo.or.kr/web/image/0AUDLJ08S_00085/,3,동영상,어깨
,http://openapi.kspo.or.kr/web/video/,어깨관련 질환자를 위한 단계별 표준운동 2단계 - 케틀벨 들고 원 그리기,8297856,29.97,161,1920*1080,아령(케틀벨),공통,810,0AUDLJ08S_00085_FR_00010.jpeg,2단계,2021,51,한국어,케틀벨 들고 원 그리기,20221024,케틀벨 들고 원 그리기,27.027,,mp4,0AUDLJ08S_00085.mp4,http://openapi.kspo.or.kr/web/image/0AUDLJ08S_00085/,4,동영상,어깨
,http://openapi.kspo.or.kr/web/video/,어깨관련 질환자를 위한 단계별 표준운동 2단계 - 케틀벨 들고 원 그리기,8297856,29.97,162,1920*1080,아령(케틀벨),공통,1079,0AUDLJ08S_00085_FR_00013.jpeg,2단계,2021,51,한국어,케틀벨 들고 원 그리기,20221024,케틀벨 들고 원 그리기,36.002,,mp4,0AUDLJ08S_00085.mp4,http://openapi.kspo.or.kr/web/image/0AUDLJ08S_00085/,5,동영상,어깨
,http://openapi.kspo.or.kr/web/video/,어깨관련 질환자를 위한 단계별 표준운동 2단계 - 케틀벨 들어올리기,7736344,29.97,163,1920*1080,아령(케틀벨),공통,30,0AUDLJ08S_00086_SC_00001.jpeg,2단계,2021,47,한국어,케틀벨 들어올리기,20221005,케틀벨 들어올리기,1.001,,mp4,0AUDLJ08S_00086.mp4,http://openapi.kspo.or.kr/web/image/0AUDLJ08S_00086/,1,동영상,어깨
,http://openapi.kspo.or.kr/web/video/,어깨관련 질환자를 위한 단계별 표준운동 2단계 - 케틀벨 들어올리기,7736344,29.97,164,1920*1080,아령(케틀벨),공통,270,0AUDLJ08S_00086_FR_00004.jpeg,2단계,2021,47,한국어,케틀벨 들어올리기,20221005,케틀벨 들어올리기,9.009,,mp4,0AUDLJ08S_00086.mp4,http://openapi.kspo.or.kr/web/image/0AUDLJ08S_00086/,2,동영상,어깨
2~10,http://openapi.kspo.or.kr/web/video/,어깨관련 질환자를 위한 단계별 표준운동 2단계 - 케틀벨 들어올리기,7736344,29.97,165,1920*1080,아령(케틀벨),공통,720,0AUDLJ08S_00086_FR_00009.jpeg,2단계,2021,47,한국어,케틀벨 들어올리기,20221005,케틀벨 들어올리기,24.024,,mp4,0AUDLJ08S_00086.mp4,http://openapi.kspo.or.kr/web/image/0AUDLJ08S_00086/,3,동영상,어깨
,http://openapi.kspo.or.kr/web/video/,어깨관련 질환자를 위한 단계별 표준운동 2단계 - 케틀벨 들어올리기,7736344,29.97,166,1920*1080,아령(케틀벨),공통,900,0AUDLJ08S_00086_FR_00011.jpeg,2단계,2021,47,한국어,케틀벨 들어올리기,20221005,케틀벨 들어올리기,30.03,,mp4,0AUDLJ08S_00086.mp4,http://openapi.kspo.or.kr/web/image/0AUDLJ08S_00086/,4,동영상,어깨
,http://openapi.kspo.or.kr/web/video/,어깨관련 질환자를 위한 단계별 표준운동 2단계 - 옆으로 앉아 엉덩이 들어 원그리기,9390783,29.97,167,1920*1080,,공통,30,0AUDLJ08S_00087_SC_00001.jpeg,,2021,57,한국어,,20221006,옆으로 앉아 엉덩이 들어 원그리기,1.001,,mp4,0AUDLJ08S_00087.mp4,http://openapi.kspo.or.kr/web/image/0AUDLJ08S_00087/,1,동영상,어깨
,http://openapi.kspo.or.kr/web/video/,어깨관련 질환자를 위한 단계별 표준운동 2단계 - 옆으로 앉아 엉덩이 들어 원그리기,9390783,29.97,168,1920*1080,매트,공통,146,0AUDLJ08S_00087_SC_00002.jpeg,2단계,2021,57,한국어,옆으로 앉아 엉덩이 들어 원그리기,20221006,옆으로 앉아 엉덩이 들어 원그리기,4.871,,mp4,0AUDLJ08S_00087.mp4,http://openapi.kspo.or.kr/web/image/0AUDLJ08S_00087/,2,동영상,어깨
,http://openapi.kspo.or.kr/web/video/,어깨관련 질환자를 위한 단계별 표준운동 2단계 - 옆으로 앉아 엉덩이 들어 원그리기,9390783,29.97,169,1920*1080,매트,공통,291,0AUDLJ08S_00087_SC_00003.jpeg,2단계,2021,57,한국어,옆으로 앉아 엉덩이 들어 원그리기,20221006,옆으로 앉아 엉덩이 들어 원그리기,9.709,,mp4,0AUDLJ08S_00087.mp4,http://openapi.kspo.or.kr/web/image/0AUDLJ08S_00087/,3,동영상,어깨
,http://openapi.kspo.or.kr/web/video/,어깨관련 질환자를 위한 단계별 표준운동 2단계 - 옆으로 앉아 엉덩이 들어 원그리기,9390783,29.97,170,1920*1080,매트,공통,436,0AUDLJ08S_00087_SC_00004.jpeg,2단계,2021,57,한국어,옆으로 앉아 엉덩이 들어 원그리기,20221006,옆으로 앉아 엉덩이 들어 원그리기,14.547,,mp4,0AUDLJ08S_00087.mp4,http://openapi.kspo.or.kr/web/image/0AUDLJ08S_00087/,4,동영상,어깨
,http://openapi.kspo.or.kr/web/video/,어깨관련 질환자를 위한 단계별 표준운동 2단계 - 옆으로 앉아 엉덩이 들어 원그리기,9390783,29.97,171,1920*1080,매트,공통,523,0AUDLJ08S_00087_SC_00005.jpeg,2단계,2021,57,한국어,옆으로 앉아 엉덩이 들어 원그리기,20221006,옆으로 앉아 엉덩이 들어 원그리기,17.45,,mp4,0AUDLJ08S_00087.mp4,http://openapi.kspo.or.kr/web/image/0AUDLJ08S_00087/,5,동영상,어깨
,http://openapi.kspo.or.kr/web/video/,어깨관련 질환자를 위한 단계별 표준운동 2단계 - 옆으로 앉아 엉덩이 들어 원그리기,9390783,29.97,172,1920*1080,매트,공통,552,0AUDLJ08S_00087_SC_00006.jpeg,2단계,2021,57,한국어,옆으로 앉아 엉덩이 들어 원그리기,20221006,옆으로 앉아 엉덩이 들어 원그리기,18.418,,mp4,0AUDLJ08S_00087.mp4,http://openapi.kspo.or.kr/web/image/0AUDLJ08S_00087/,6,동영상,어깨
,http://openapi.kspo.or.kr/web/video/,어깨관련 질환자를 위한 단계별 표준운동 2단계 - 옆으로 앉아 엉덩이 들어 원그리기,9390783,29.97,173,1920*1080,매트,공통,639,0AUDLJ08S_00087_SC_00007.jpeg,2단계,2021,57,한국어,옆으로 앉아 엉덩이 들어 원그리기,20221006,옆으로 앉아 엉덩이 들어 원그리기,21.321,,mp4,0AUDLJ08S_00087.mp4,http://openapi.kspo.or.kr/web/image/0AUDLJ08S_00087/,7,동영상,어깨
,http://openapi.kspo.or.kr/web/video/,어깨관련 질환자를 위한 단계별 표준운동 2단계 - 옆으로 앉아 엉덩이 들어 원그리기,9390783,29.97,174,1920*1080,매트,공통,871,0AUDLJ08S_00087_SC_00008.jpeg,2단계,2021,57,한국어,옆으로 앉아 엉덩이 들어 원그리기,20221006,옆으로 앉아 엉덩이 들어 원그리기,29.062,,mp4,0AUDLJ08S_00087.mp4,http://openapi.kspo.or.kr/web/image/0AUDLJ08S_00087/,8,동영상,어깨
,http://openapi.kspo.or.kr/web/video/,어깨관련 질환자를 위한 단계별 표준운동 2단계 - 케틀벨 들어올리고 옆으로 팔 뻗기,7527196,29.97,175,1920*1080,,공통,30,0AUDLJ08S_00088_SC_00001.jpeg,,2021,46,한국어,,20221006,케틀벨 들어올리고 옆으로 팔 뻗기,1.001,,mp4,0AUDLJ08S_00088.mp4,http://openapi.kspo.or.kr/web/image/0AUDLJ08S_00088/,1,동영상,어깨
,http://openapi.kspo.or.kr/web/video/,어깨관련 질환자를 위한 단계별 표준운동 2단계 - 케틀벨 들어올리고 옆으로 팔 뻗기,7527196,29.97,176,1920*1080,아령(케틀벨),공통,146,0AUDLJ08S_00088_SC_00002.jpeg,2단계,2021,46,한국어,케틀벨 들어올리고 옆으로 팔 뻗기,20221006,케틀벨 들어올리고 옆으로 팔 뻗기,4.871,,mp4,0AUDLJ08S_00088.mp4,http://openapi.kspo.or.kr/web/image/0AUDLJ08S_00088/,2,동영상,어깨
,http://openapi.kspo.or.kr/web/video/,어깨관련 질환자를 위한 단계별 표준운동 2단계 - 상체숙여 팔 구부리고 어깨 돌리기,9719247,29.97,177,1920*1080,아령(케틀벨),공통,30,0AUDLJ08S_00089_SC_00001.jpeg,2단계,2021,59,한국어,상체숙여 팔 구부리고 어깨 돌리기,20221024,상체숙여 팔 구부리고 어깨 돌리기,1.001,,mp4,0AUDLJ08S_00089.mp4,http://openapi.kspo.or.kr/web/image/0AUDLJ08S_00089/,1,동영상,어깨
,http://openapi.kspo.or.kr/web/video/,어깨관련 질환자를 위한 단계별 표준운동 2단계 - 상체숙여 팔 구부리고 어깨 돌리기,9719247,29.97,178,1920*1080,아령(케틀벨),공통,540,0AUDLJ08S_00089_FR_00007.jpeg,2단계,2021,59,한국어,상체숙여 팔 구부리고 어깨 돌리기,20221024,상체숙여 팔 구부리고 어깨 돌리기,18.018,,mp4,0AUDLJ08S_00089.mp4,http://openapi.kspo.or.kr/web/image/0AUDLJ08S_00089/,2,동영상,어깨
,http://openapi.kspo.or.kr/web/video/,어깨관련 질환자를 위한 단계별 표준운동 2단계 - 상체숙여 팔 구부리고 어깨 돌리기,9719247,29.97,179,1920*1080,아령(케틀벨),공통,755,0AUDLJ08S_00089_SC_00004.jpeg,2단계,2021,59,한국어,상체숙여 팔 구부리고 어깨 돌리기,20221024,상체숙여 팔 구부리고 어깨 돌리기,25.191,,mp4,0AUDLJ08S_00089.mp4,http://openapi.kspo.or.kr/web/image/0AUDLJ08S_00089/,3,동영상,어깨
,http://openapi.kspo.or.kr/web/video/,어깨관련 질환자를 위한 단계별 표준운동 2단계 - 상체숙여 팔 구부리고 어깨 돌리기,9719247,29.97,180,1920*1080,아령(케틀벨),공통,900,0AUDLJ08S_00089_FR_00011.jpeg,2단계,2021,59,한국어,상체숙여 팔 구부리고 어깨 돌리기,20221024,상체숙여 팔 구부리고 어깨 돌리기,30.03,,mp4,0AUDLJ08S_00089.mp4,http://openapi.kspo.or.kr/web/image/0AUDLJ08S_00089/,4,동영상,어깨
8~12,http://openapi.kspo.or.kr/web/video/,어깨관련 질환자를 위한 단계별 표준운동 2단계 - 상체숙여 팔 구부리고 어깨 돌리기,9719247,29.97,181,1920*1080,아령(케틀벨),공통,1079,0AUDLJ08S_00089_FR_00013.jpeg,2단계,2021,59,한국어,상체숙여 팔 구부리고 어깨 돌리기,20221024,상체숙여 팔 구부리고 어깨 돌리기,36.002,,mp4,0AUDLJ08S_00089.mp4,http://openapi.kspo.or.kr/web/image/0AUDLJ08S_00089/,5,동영상,어깨
,http://openapi.kspo.or.kr/web/video/,어깨관련 질환자를 위한 단계별 표준운동 2단계 - 상체숙여 팔 구부리고 어깨 돌리기,9719247,29.97,182,1920*1080,아령(케틀벨),공통,1259,0AUDLJ08S_00089_FR_00015.jpeg,2단계,2021,59,한국어,상체숙여 팔 구부리고 어깨 돌리기,20221024,상체숙여 팔 구부리고 어깨 돌리기,42.008,,mp4,0AUDLJ08S_00089.mp4,http://openapi.kspo.or.kr/web/image/0AUDLJ08S_00089/,6,동영상,어깨
,http://openapi.kspo.or.kr/web/video/,어깨관련 질환자를 위한 단계별 표준운동 2단계 - 벽 모퉁이 가슴 스트레,6725193,29.97,183,1920*1080,,공통,30,0AUDLJ08S_00090_SC_00001.jpeg,2단계,2021,43,한국어,벽 모퉁이 가슴 스트레칭,20221004,벽 모퉁이 가슴 스트레칭,1.001,,mp4,0AUDLJ08S_00090.mp4,http://openapi.kspo.or.kr/web/image/0AUDLJ08S_00090/,1,동영상,어깨
,http://openapi.kspo.or.kr/web/video/,어깨관련 질환자를 위한 단계별 표준운동 2단계 - 벽 모퉁이 가슴 스트레,6725193,29.97,184,1920*1080,,공통,146,0AUDLJ08S_00090_SC_00002.jpeg,2단계,2021,43,한국어,벽 모퉁이 가슴 스트레칭,20221004,벽 모퉁이 가슴 스트레칭,4.871,,mp4,0AUDLJ08S_00090.mp4,http://openapi.kspo.or.kr/web/image/0AUDLJ08S_00090/,2,동영상,어깨
3~5,http://openapi.kspo.or.kr/web/video/,어깨관련 질환자를 위한 단계별 표준운동 2단계 - 벽 모퉁이 가슴 스트레,6725193,29.97,185,1920*1080,,공통,494,0AUDLJ08S_00090_SC_00003.jpeg,2단계,2021,43,한국어,벽 모퉁이 가슴 스트레칭,20221004,벽 모퉁이 가슴 스트레칭,16.483,10~15 초,mp4,0AUDLJ08S_00090.mp4,http://openapi.kspo.or.kr/web/image/0AUDLJ08S_00090/,3,동영상,어깨
3~5,http://openapi.kspo.or.kr/web/video/,어깨관련 질환자를 위한 단계별 표준운동 2단계 - 벽 모퉁이 가슴 스트레,6725193,29.97,186,1920*1080,,공통,610,0AUDLJ08S_00090_SC_00004.jpeg,2단계,2021,43,한국어,벽 모퉁이 가슴 스트레칭,20221004,벽 모퉁이 가슴 스트레칭,20.353,10~15 초,mp4,0AUDLJ08S_00090.mp4,http://openapi.kspo.or.kr/web/image/0AUDLJ08S_00090/,4,동영상,어깨
3~5,http://openapi.kspo.or.kr/web/video/,어깨관련 질환자를 위한 단계별 표준운동 2단계 - 벽 모퉁이 가슴 스트레,6725193,29.97,187,1920*1080,,공통,755,0AUDLJ08S_00090_SC_00005.jpeg,2단계,2021,43,한국어,벽 모퉁이 가슴 스트레칭,20221004,벽 모퉁이 가슴 스트레칭,25.191,10~15 초,mp4,0AUDLJ08S_00090.mp4,http://openapi.kspo.or.kr/web/image/0AUDLJ08S_00090/,5,동영상,어깨
3~5,http://openapi.kspo.or.kr/web/video/,어깨관련 질환자를 위한 단계별 표준운동 2단계 - 벽 모퉁이 가슴 스트레,6725193,29.97,188,1920*1080,,공통,784,0AUDLJ08S_00090_SC_00006.jpeg,2단계,2021,43,한국어,벽 모퉁이 가슴 스트레칭,20221004,벽 모퉁이 가슴 스트레칭,26.159,10~15 초,mp4,0AUDLJ08S_00090.mp4,http://openapi.kspo.or.kr/web/image/0AUDLJ08S_00090/,6,동영상,어깨
3~5,http://openapi.kspo.or.kr/web/video/,어깨관련 질환자를 위한 단계별 표준운동 2단계 - 벽 모퉁이 가슴 스트레,6725193,29.97,189,1920*1080,,공통,813,0AUDLJ08S_00090_SC_00007.jpeg,2단계,2021,43,한국어,벽 모퉁이 가슴 스트레칭,20221004,벽 모퉁이 가슴 스트레칭,27.127,10~15 초,mp4,0AUDLJ08S_00090.mp4,http://openapi.kspo.or.kr/web/image/0AUDLJ08S_00090/,7,동영상,어깨
,http://openapi.kspo.or.kr/web/video/,어깨관련 질환자를 위한 단계별 표준운동 2단계 - 팔 앞으로/옆으로 들기,6172001,29.97,190,1920*1080,물병,공통,30,0AUDLJ08S_00091_SC_00001.jpeg,2단계,2021,38,한국어,팔 앞으로/옆으로 들기,20221020,팔 앞으로/옆으로 들기,1.001,,mp4,0AUDLJ08S_00091.mp4,http://openapi.kspo.or.kr/web/image/0AUDLJ08S_00091/,1,동영상,어깨
,http://openapi.kspo.or.kr/web/video/,어깨관련 질환자를 위한 단계별 표준운동 2단계 - 팔 앞으로/옆으로 들기,6172001,29.97,191,1920*1080,물병,공통,450,0AUDLJ08S_00091_FR_00006.jpeg,2단계,2021,38,한국어,팔 앞으로/옆으로 들기,20221020,팔 앞으로/옆으로 들기,15.015,6~6 초,mp4,0AUDLJ08S_00091.mp4,http://openapi.kspo.or.kr/web/image/0AUDLJ08S_00091/,2,동영상,어깨
3~5,http://openapi.kspo.or.kr/web/video/,어깨관련 질환자를 위한 단계별 표준운동 2단계 - 팔 앞으로/옆으로 들기,6172001,29.97,192,1920*1080,물병,공통,630,0AUDLJ08S_00091_FR_00008.jpeg,2단계,2021,38,한국어,팔 앞으로/옆으로 들기,20221020,팔 앞으로/옆으로 들기,21.021,6~6 초,mp4,0AUDLJ08S_00091.mp4,http://openapi.kspo.or.kr/web/image/0AUDLJ08S_00091/,3,동영상,어깨
,http://openapi.kspo.or.kr/web/video/,어깨관련 질환자를 위한 단계별 표준운동 2단계 - 팔 구부려 어깨 돌리기,8518313,29.97,193,1920*1080,물병,공통,30,0AUDLJ08S_00092_SC_00001.jpeg,2단계,2021,52,한국어,팔 구부려 어깨 돌리기,20221005,팔 구부려 어깨 돌리기,1.001,,mp4,0AUDLJ08S_00092.mp4,http://openapi.kspo.or.kr/web/image/0AUDLJ08S_00092/,1,동영상,어깨
,http://openapi.kspo.or.kr/web/video/,어깨관련 질환자를 위한 단계별 표준운동 2단계 - 팔 구부려 어깨 돌리기,8518313,29.97,194,1920*1080,물병,공통,360,0AUDLJ08S_00092_FR_00005.jpeg,2단계,2021,52,한국어,팔 구부려 어깨 돌리기,20221005,팔 구부려 어깨 돌리기,12.012,,mp4,0AUDLJ08S_00092.mp4,http://openapi.kspo.or.kr/web/image/0AUDLJ08S_00092/,2,동영상,어깨
8~12,http://openapi.kspo.or.kr/web/video/,어깨관련 질환자를 위한 단계별 표준운동 2단계 - 팔 구부려 어깨 돌리기,8518313,29.97,195,1920*1080,물병,공통,697,0AUDLJ08S_00092_SC_00003.jpeg,2단계,2021,52,한국어,팔 구부려 어깨 돌리기,20221005,팔 구부려 어깨 돌리기,23.256,1~6 초,mp4,0AUDLJ08S_00092.mp4,http://openapi.kspo.or.kr/web/image/0AUDLJ08S_00092/,3,동영상,어깨
,http://openapi.kspo.or.kr/web/video/,어깨관련 질환자를 위한 단계별 표준운동 2단계 - 팔 구부려 어깨 돌리기,8518313,29.97,196,1920*1080,물병,공통,1074,0AUDLJ08S_00092_SC_00004.jpeg,2단계,2021,52,한국어,팔 구부려 어깨 돌리기,20221005,팔 구부려 어깨 돌리기,35.835,,mp4,0AUDLJ08S_00092.mp4,http://openapi.kspo.or.kr/web/image/0AUDLJ08S_00092/,4,동영상,어깨
,http://openapi.kspo.or.kr/web/video/,어깨관련 질환자를 위한 단계별 표준운동 2단계 - 밴드잡고 대각선 옆으로 양팔 들기,8464339,29.97,197,1920*1080,,공통,30,0AUDLJ08S_00093_SC_00001.jpeg,,2021,53,한국어,,20221006,밴드잡고 대각선 옆으로 양팔 들기,1.001,,mp4,0AUDLJ08S_00093.mp4,http://openapi.kspo.or.kr/web/image/0AUDLJ08S_00093/,1,동영상,어깨
,http://openapi.kspo.or.kr/web/video/,어깨관련 질환자를 위한 단계별 표준운동 2단계 - 밴드잡고 대각선 옆으로 양팔 들기,8464339,29.97,198,1920*1080,밴드,공통,146,0AUDLJ08S_00093_SC_00002.jpeg,2단계,2021,53,한국어,밴드 잡고 대각선 옆으로 양팔 들기,20221006,밴드잡고 대각선 옆으로 양팔 들기,4.871,,mp4,0AUDLJ08S_00093.mp4,http://openapi.kspo.or.kr/web/image/0AUDLJ08S_00093/,2,동영상,어깨
,http://openapi.kspo.or.kr/web/video/,어깨관련 질환자를 위한 단계별 표준운동 2단계 - 밴드잡고 대각선 옆으로 양팔 들기,8464339,29.97,199,1920*1080,밴드,공통,813,0AUDLJ08S_00093_SC_00003.jpeg,2단계,2021,53,한국어,밴드 잡고 대각선 옆으로 양팔 들기,20221006,밴드잡고 대각선 옆으로 양팔 들기,27.127,,mp4,0AUDLJ08S_00093.mp4,http://openapi.kspo.or.kr/web/image/0AUDLJ08S_00093/,3,동영상,어깨
,http://openapi.kspo.or.kr/web/video/,어깨관련 질환자를 위한 단계별 표준운동 2단계 - 밴드잡고 대각선 옆으로 양팔 들기,8464339,29.97,200,1920*1080,밴드,공통,1103,0AUDLJ08S_00093_SC_00004.jpeg,2단계,2021,53,한국어,밴드 잡고 대각선 옆으로 양팔 들기,20221006,밴드잡고 대각선 옆으로 양팔 들기,36.803,,mp4,0AUDLJ08S_00093.mp4,http://openapi.kspo.or.kr/web/image/0AUDLJ08S_00093/,4,동영상,어깨
,http://openapi.kspo.or.kr/web/video/,허리관련 질환자를 위한 단계별 표준운동 1단계 - 네발기기 자세로 허리 들어주기,10512563,29.97,201,1920*1080,매트,공통,30,0AUDLJ08S_00094_SC_00001.jpeg,,2021,64,한국어,,20221006,네발기기 자세로 허리 들어주기,1.001,,mp4,0AUDLJ08S_00094.mp4,http://openapi.kspo.or.kr/web/image/0AUDLJ08S_00094/,1,동영상,허리
,http://openapi.kspo.or.kr/web/video/,허리관련 질환자를 위한 단계별 표준운동 1단계 - 네발기기 자세로 허리 들어주기,10512563,29.97,202,1920*1080,매트,공통,146,0AUDLJ08S_00094_SC_00002.jpeg,1단계,2021,64,한국어,네발기기 자세로 허리 들어주기,20221006,네발기기 자세로 허리 들어주기,4.871,,mp4,0AUDLJ08S_00094.mp4,http://openapi.kspo.or.kr/web/image/0AUDLJ08S_00094/,2,동영상,허리
,http://openapi.kspo.or.kr/web/video/,허리관련 질환자를 위한 단계별 표준운동 1단계 - 네발기기 자세로 허리 들어주기,10512563,29.97,203,1920*1080,매트,공통,436,0AUDLJ08S_00094_SC_00003.jpeg,1단계,2021,64,한국어,네발기기 자세로 허리 들어주기,20221006,네발기기 자세로 허리 들어주기,14.547,,mp4,0AUDLJ08S_00094.mp4,http://openapi.kspo.or.kr/web/image/0AUDLJ08S_00094/,3,동영상,허리
,http://openapi.kspo.or.kr/web/video/,허리관련 질환자를 위한 단계별 표준운동 1단계 - 네발기기 자세로 허리 들어주기,10512563,29.97,204,1920*1080,매트,공통,871,0AUDLJ08S_00094_SC_00004.jpeg,1단계,2021,64,한국어,네발기기 자세로 허리 들어주기,20221006,네발기기 자세로 허리 들어주기,29.062,,mp4,0AUDLJ08S_00094.mp4,http://openapi.kspo.or.kr/web/image/0AUDLJ08S_00094/,4,동영상,허리
,http://openapi.kspo.or.kr/web/video/,허리관련 질환자를 위한 단계별 표준운동 1단계 - 네발기기 자세로 허리 들어주기,10512563,29.97,205,1920*1080,매트,공통,900,0AUDLJ08S_00094_SC_00005.jpeg,1단계,2021,64,한국어,네발기기 자세로 허리 들어주기,20221006,네발기기 자세로 허리 들어주기,30.03,,mp4,0AUDLJ08S_00094.mp4,http://openapi.kspo.or.kr/web/image/0AUDLJ08S_00094/,5,동영상,허리
,http://openapi.kspo.or.kr/web/video/,허리관련 질환자를 위한 단계별 표준운동 1단계 - 네발기기 자세로 허리 들어주기,10512563,29.97,206,1920*1080,매트,공통,929,0AUDLJ08S_00094_SC_00006.jpeg,1단계,2021,64,한국어,네발기기 자세로 허리 들어주기,20221006,네발기기 자세로 허리 들어주기,30.997,,mp4,0AUDLJ08S_00094.mp4,http://openapi.kspo.or.kr/web/image/0AUDLJ08S_00094/,6,동영상,허리
,http://openapi.kspo.or.kr/web/video/,허리관련 질환자를 위한 단계별 표준운동 1단계 - 네발기기 자세로 허리 들어주기,10512563,29.97,207,1920*1080,매트,공통,1074,0AUDLJ08S_00094_SC_00007.jpeg,1단계,2021,64,한국어,네발기기 자세로 허리 들어주기,20221006,네발기기 자세로 허리 들어주기,35.835,,mp4,0AUDLJ08S_00094.mp4,http://openapi.kspo.or.kr/web/image/0AUDLJ08S_00094/,7,동영상,허리
,http://openapi.kspo.or.kr/web/video/,허리관련 질환자를 위한 단계별 표준운동 1단계 - 네발기기 자세로 허리 들어주기,10512563,29.97,208,1920*1080,매트,공통,1132,0AUDLJ08S_00094_SC_00008.jpeg,1단계,2021,64,한국어,네발기기 자세로 허리 들어주기,20221006,네발기기 자세로 허리 들어주기,37.771,,mp4,0AUDLJ08S_00094.mp4,http://openapi.kspo.or.kr/web/image/0AUDLJ08S_00094/,8,동영상,허리
,http://openapi.kspo.or.kr/web/video/,허리관련 질환자를 위한 단계별 표준운동 1단계 - 네발기기 자세로 허리 들어주기,10512563,29.97,209,1920*1080,매트,공통,1190,0AUDLJ08S_00094_SC_00009.jpeg,1단계,2021,64,한국어,네발기기 자세로 허리 들어주기,20221006,네발기기 자세로 허리 들어주기,39.706,,mp4,0AUDLJ08S_00094.mp4,http://openapi.kspo.or.kr/web/image/0AUDLJ08S_00094/,9,동영상,허리
,http://openapi.kspo.or.kr/web/video/,허리관련 질환자를 위한 단계별 표준운동 1단계 - 네발기기 자세로 허리 들어주기,10512563,29.97,210,1920*1080,매트,공통,1219,0AUDLJ08S_00094_SC_00010.jpeg,1단계,2021,64,한국어,네발기기 자세로 허리 들어주기,20221006,네발기기 자세로 허리 들어주기,40.673,,mp4,0AUDLJ08S_00094.mp4,http://openapi.kspo.or.kr/web/image/0AUDLJ08S_00094/,10,동영상,허리
,http://openapi.kspo.or.kr/web/video/,허리관련 질환자를 위한 단계별 표준운동 1단계 - 한다리 뒤로 뻗어 발잡기,9562449,29.97,211,1920*1080,,공통,30,0AUDLJ08S_00095_SC_00001.jpeg,,2021,61,한국어,,20221006,한다리 뒤로 뻗어 발잡기,1.001,,mp4,0AUDLJ08S_00095.mp4,http://openapi.kspo.or.kr/web/image/0AUDLJ08S_00095/,1,동영상,허리
,http://openapi.kspo.or.kr/web/video/,허리관련 질환자를 위한 단계별 표준운동 1단계 - 한다리 뒤로 뻗어 발잡기,9562449,29.97,212,1920*1080,매트,공통,146,0AUDLJ08S_00095_SC_00002.jpeg,1단계,2021,61,한국어,한다리 뒤로 뻗어 발잡기,20221006,한다리 뒤로 뻗어 발잡기,4.871,,mp4,0AUDLJ08S_00095.mp4,http://openapi.kspo.or.kr/web/image/0AUDLJ08S_00095/,2,동영상,허리
,http://openapi.kspo.or.kr/web/video/,허리관련 질환자를 위한 단계별 표준운동 1단계 - 한다리 뒤로 뻗어 발잡기,9562449,29.97,213,1920*1080,매트,공통,233,0AUDLJ08S_00095_SC_00003.jpeg,1단계,2021,61,한국어,한다리 뒤로 뻗어 발잡기,20221006,한다리 뒤로 뻗어 발잡기,7.774,,mp4,0AUDLJ08S_00095.mp4,http://openapi.kspo.or.kr/web/image/0AUDLJ08S_00095/,3,동영상,허리
,http://openapi.kspo.or.kr/web/video/,허리관련 질환자를 위한 단계별 표준운동 1단계 - 한다리 뒤로 뻗어 발잡기,9562449,29.97,214,1920*1080,매트,공통,320,0AUDLJ08S_00095_SC_00004.jpeg,1단계,2021,61,한국어,한다리 뒤로 뻗어 발잡기,20221006,한다리 뒤로 뻗어 발잡기,10.677,,mp4,0AUDLJ08S_00095.mp4,http://openapi.kspo.or.kr/web/image/0AUDLJ08S_00095/,4,동영상,허리
,http://openapi.kspo.or.kr/web/video/,허리관련 질환자를 위한 단계별 표준운동 1단계 - 한다리 뒤로 뻗어 발잡기,9562449,29.97,215,1920*1080,매트,공통,349,0AUDLJ08S_00095_SC_00005.jpeg,1단계,2021,61,한국어,한다리 뒤로 뻗어 발잡기,20221006,한다리 뒤로 뻗어 발잡기,11.644,,mp4,0AUDLJ08S_00095.mp4,http://openapi.kspo.or.kr/web/image/0AUDLJ08S_00095/,5,동영상,허리
,http://openapi.kspo.or.kr/web/video/,허리관련 질환자를 위한 단계별 표준운동 1단계 - 한다리 뒤로 뻗어 발잡기,9562449,29.97,216,1920*1080,매트,공통,378,0AUDLJ08S_00095_SC_00006.jpeg,1단계,2021,61,한국어,한다리 뒤로 뻗어 발잡기,20221006,한다리 뒤로 뻗어 발잡기,12.612,,mp4,0AUDLJ08S_00095.mp4,http://openapi.kspo.or.kr/web/image/0AUDLJ08S_00095/,6,동영상,허리
,http://openapi.kspo.or.kr/web/video/,허리관련 질환자를 위한 단계별 표준운동 1단계 - 한다리 뒤로 뻗어 발잡기,9562449,29.97,217,1920*1080,매트,공통,407,0AUDLJ08S_00095_SC_00007.jpeg,1단계,2021,61,한국어,한다리 뒤로 뻗어 발잡기,20221006,한다리 뒤로 뻗어 발잡기,13.58,,mp4,0AUDLJ08S_00095.mp4,http://openapi.kspo.or.kr/web/image/0AUDLJ08S_00095/,7,동영상,허리
,http://openapi.kspo.or.kr/web/video/,허리관련 질환자를 위한 단계별 표준운동 1단계 - 한다리 뒤로 뻗어 발잡기,9562449,29.97,218,1920*1080,매트,공통,436,0AUDLJ08S_00095_SC_00008.jpeg,1단계,2021,61,한국어,한다리 뒤로 뻗어 발잡기,20221006,한다리 뒤로 뻗어 발잡기,14.547,,mp4,0AUDLJ08S_00095.mp4,http://openapi.kspo.or.kr/web/image/0AUDLJ08S_00095/,8,동영상,허리
,http://openapi.kspo.or.kr/web/video/,허리관련 질환자를 위한 단계별 표준운동 1단계 - 한다리 뒤로 뻗어 발잡기,9562449,29.97,219,1920*1080,매트,공통,465,0AUDLJ08S_00095_SC_00009.jpeg,1단계,2021,61,한국어,한다리 뒤로 뻗어 발잡기,20221006,한다리 뒤로 뻗어 발잡기,15.515,,mp4,0AUDLJ08S_00095.mp4,http://openapi.kspo.or.kr/web/image/0AUDLJ08S_00095/,9,동영상,허리
,http://openapi.kspo.or.kr/web/video/,허리관련 질환자를 위한 단계별 표준운동 1단계 - 한다리 뒤로 뻗어 발잡기,9562449,29.97,220,1920*1080,매트,공통,523,0AUDLJ08S_00095_SC_00010.jpeg,1단계,2021,61,한국어,한다리 뒤로 뻗어 발잡기,20221006,한다리 뒤로 뻗어 발잡기,17.45,,mp4,0AUDLJ08S_00095.mp4,http://openapi.kspo.or.kr/web/image/0AUDLJ08S_00095/,10,동영상,허리
,http://openapi.kspo.or.kr/web/video/,허리관련 질환자를 위한 단계별 표준운동 1단계 - 한다리 뒤로 뻗어 발잡기,9562449,29.97,221,1920*1080,매트,공통,552,0AUDLJ08S_00095_SC_00011.jpeg,1단계,2021,61,한국어,한다리 뒤로 뻗어 발잡기,20221006,한다리 뒤로 뻗어 발잡기,18.418,,mp4,0AUDLJ08S_00095.mp4,http://openapi.kspo.or.kr/web/image/0AUDLJ08S_00095/,11,동영상,허리
,http://openapi.kspo.or.kr/web/video/,허리관련 질환자를 위한 단계별 표준운동 1단계 - 한다리 뒤로 뻗어 발잡기,9562449,29.97,222,1920*1080,매트,공통,610,0AUDLJ08S_00095_SC_00012.jpeg,1단계,2021,61,한국어,한다리 뒤로 뻗어 발잡기,20221006,한다리 뒤로 뻗어 발잡기,20.353,,mp4,0AUDLJ08S_00095.mp4,http://openapi.kspo.or.kr/web/image/0AUDLJ08S_00095/,12,동영상,허리
,http://openapi.kspo.or.kr/web/video/,허리관련 질환자를 위한 단계별 표준운동 1단계 - 한다리 뒤로 뻗어 발잡기,9562449,29.97,223,1920*1080,매트,공통,668,0AUDLJ08S_00095_SC_00013.jpeg,1단계,2021,61,한국어,한다리 뒤로 뻗어 발잡기,20221006,한다리 뒤로 뻗어 발잡기,22.288,,mp4,0AUDLJ08S_00095.mp4,http://openapi.kspo.or.kr/web/image/0AUDLJ08S_00095/,13,동영상,허리
,http://openapi.kspo.or.kr/web/video/,허리관련 질환자를 위한 단계별 표준운동 1단계 - 한다리 뒤로 뻗어 발잡기,9562449,29.97,224,1920*1080,매트,공통,755,0AUDLJ08S_00095_SC_00014.jpeg,1단계,2021,61,한국어,한다리 뒤로 뻗어 발잡기,20221006,한다리 뒤로 뻗어 발잡기,25.191,,mp4,0AUDLJ08S_00095.mp4,http://openapi.kspo.or.kr/web/image/0AUDLJ08S_00095/,14,동영상,허리
,http://openapi.kspo.or.kr/web/video/,허리관련 질환자를 위한 단계별 표준운동 1단계 - 한다리 뒤로 뻗어 발잡기,9562449,29.97,225,1920*1080,매트,공통,1045,0AUDLJ08S_00095_SC_00015.jpeg,1단계,2021,61,한국어,한다리 뒤로 뻗어 발잡기,20221006,한다리 뒤로 뻗어 발잡기,34.868,,mp4,0AUDLJ08S_00095.mp4,http://openapi.kspo.or.kr/web/image/0AUDLJ08S_00095/,15,동영상,허리
,http://openapi.kspo.or.kr/web/video/,허리관련 질환자를 위한 단계별 표준운동 1단계 - 한다리 뒤로 뻗어 발잡기,9562449,29.97,226,1920*1080,매트,공통,1422,0AUDLJ08S_00095_SC_00016.jpeg,1단계,2021,61,한국어,한다리 뒤로 뻗어 발잡기,20221006,한다리 뒤로 뻗어 발잡기,47.447,,mp4,0AUDLJ08S_00095.mp4,http://openapi.kspo.or.kr/web/image/0AUDLJ08S_00095/,16,동영상,허리
,http://openapi.kspo.or.kr/web/video/,허리관련 질환자를 위한 단계별 표준운동 1단계 - 4자 다리 끌어안기,9211861,29.97,227,1920*1080,매트,공통,30,0AUDLJ08S_00096_SC_00001.jpeg,1단계,2021,56,한국어,4자 다리 끌어안기,20221111,4자 다리 끌어안기,1.001,,mp4,0AUDLJ08S_00096.mp4,http://openapi.kspo.or.kr/web/image/0AUDLJ08S_00096/,1,동영상,허리
,http://openapi.kspo.or.kr/web/video/,허리관련 질환자를 위한 단계별 표준운동 1단계 - 4자 다리 끌어안기,9211861,29.97,228,1920*1080,매트,공통,436,0AUDLJ08S_00096_SC_00004.jpeg,1단계,2021,56,한국어,4자 다리 끌어안기,20221024,4자 다리 끌어안기,14.547,,mp4,0AUDLJ08S_00096.mp4,http://openapi.kspo.or.kr/web/image/0AUDLJ08S_00096/,2,동영상,허리
2~2,http://openapi.kspo.or.kr/web/video/,허리관련 질환자를 위한 단계별 표준운동 1단계 - 4자 다리 끌어안기,9211861,29.97,229,1920*1080,매트,공통,1016,0AUDLJ08S_00096_SC_00010.jpeg,1단계,2021,56,한국어,4자 다리 끌어안기,20221024,4자 다리 끌어안기,33.9,,mp4,0AUDLJ08S_00096.mp4,http://openapi.kspo.or.kr/web/image/0AUDLJ08S_00096/,3,동영상,허리
,http://openapi.kspo.or.kr/web/video/,허리관련 질환자를 위한 단계별 표준운동 1단계 - 엎드려 팔뻗어 상체 들어올리기,11723791,29.97,230,1920*1080,,공통,30,0AUDLJ08S_00097_SC_00001.jpeg,,2021,70,한국어,,20221006,엎드려 팔뻗어 상체 들어올리기,1.001,,mp4,0AUDLJ08S_00097.mp4,http://openapi.kspo.or.kr/web/image/0AUDLJ08S_00097/,1,동영상,허리
,http://openapi.kspo.or.kr/web/video/,허리관련 질환자를 위한 단계별 표준운동 1단계 - 엎드려 팔뻗어 상체 들어올리기,11723791,29.97,231,1920*1080,매트,공통,146,0AUDLJ08S_00097_SC_00002.jpeg,1단계,2021,70,한국어,엎드려 팔뻗어 상체 들어올리기,20221006,엎드려 팔뻗어 상체 들어올리기,4.871,,mp4,0AUDLJ08S_00097.mp4,http://openapi.kspo.or.kr/web/image/0AUDLJ08S_00097/,2,동영상,허리
,http://openapi.kspo.or.kr/web/video/,허리관련 질환자를 위한 단계별 표준운동 1단계 - 엎드려 팔뻗어 상체 들어올리기,11723791,29.97,232,1920*1080,매트,공통,639,0AUDLJ08S_00097_SC_00003.jpeg,1단계,2021,70,한국어,엎드려 팔뻗어 상체 들어올리기,20221006,엎드려 팔뻗어 상체 들어올리기,21.321,,mp4,0AUDLJ08S_00097.mp4,http://openapi.kspo.or.kr/web/image/0AUDLJ08S_00097/,3,동영상,허리
,http://openapi.kspo.or.kr/web/video/,허리관련 질환자를 위한 단계별 표준운동 1단계 - 엎드려 팔뻗어 상체 들어올리기,11723791,29.97,233,1920*1080,매트,공통,1161,0AUDLJ08S_00097_SC_00004.jpeg,1단계,2021,70,한국어,엎드려 팔뻗어 상체 들어올리기,20221006,엎드려 팔뻗어 상체 들어올리기,38.738,,mp4,0AUDLJ08S_00097.mp4,http://openapi.kspo.or.kr/web/image/0AUDLJ08S_00097/,4,동영상,허리
,http://openapi.kspo.or.kr/web/video/,허리관련 질환자를 위한 단계별 표준운동 1단계 - 엎드려 팔뻗어 상체 들어올리기,11723791,29.97,234,1920*1080,매트,공통,1219,0AUDLJ08S_00097_SC_00005.jpeg,1단계,2021,70,한국어,엎드려 팔뻗어 상체 들어올리기,20221006,엎드려 팔뻗어 상체 들어올리기,40.673,,mp4,0AUDLJ08S_00097.mp4,http://openapi.kspo.or.kr/web/image/0AUDLJ08S_00097/,5,동영상,허리
,http://openapi.kspo.or.kr/web/video/,허리관련 질환자를 위한 단계별 표준운동 1단계 - 엎드려 팔뻗어 상체 들어올리기,11723791,29.97,235,1920*1080,매트,공통,1248,0AUDLJ08S_00097_SC_00006.jpeg,1단계,2021,70,한국어,엎드려 팔뻗어 상체 들어올리기,20221006,엎드려 팔뻗어 상체 들어올리기,41.641,,mp4,0AUDLJ08S_00097.mp4,http://openapi.kspo.or.kr/web/image/0AUDLJ08S_00097/,6,동영상,허리
,http://openapi.kspo.or.kr/web/video/,허리관련 질환자를 위한 단계별 표준운동 1단계 - 엎드려 팔뻗어 상체 들어올리기,11723791,29.97,236,1920*1080,매트,공통,1335,0AUDLJ08S_00097_SC_00007.jpeg,1단계,2021,70,한국어,엎드려 팔뻗어 상체 들어올리기,20221006,엎드려 팔뻗어 상체 들어올리기,44.544,,mp4,0AUDLJ08S_00097.mp4,http://openapi.kspo.or.kr/web/image/0AUDLJ08S_00097/,7,동영상,허리
,http://openapi.kspo.or.kr/web/video/,허리관련 질환자를 위한 단계별 표준운동 1단계 - 엎드려 팔뻗어 상체 들어올리기,11723791,29.97,237,1920*1080,매트,공통,1422,0AUDLJ08S_00097_SC_00008.jpeg,1단계,2021,70,한국어,엎드려 팔뻗어 상체 들어올리기,20221006,엎드려 팔뻗어 상체 들어올리기,47.447,,mp4,0AUDLJ08S_00097.mp4,http://openapi.kspo.or.kr/web/image/0AUDLJ08S_00097/,8,동영상,허리
,http://openapi.kspo.or.kr/web/video/,허리관련 질환자를 위한 단계별 표준운동 1단계 - 엎드려 팔뻗어 상체 들어올리기,11723791,29.97,238,1920*1080,매트,공통,1451,0AUDLJ08S_00097_SC_00009.jpeg,1단계,2021,70,한국어,엎드려 팔뻗어 상체 들어올리기,20221006,엎드려 팔뻗어 상체 들어올리기,48.415,,mp4,0AUDLJ08S_00097.mp4,http://openapi.kspo.or.kr/web/image/0AUDLJ08S_00097/,9,동영상,허리
,http://openapi.kspo.or.kr/web/video/,허리관련 질환자를 위한 단계별 표준운동 1단계 - 엎드려 팔뻗어 상체 들어올리기,11723791,29.97,239,1920*1080,매트,공통,1625,0AUDLJ08S_00097_SC_00010.jpeg,1단계,2021,70,한국어,엎드려 팔뻗어 상체 들어올리기,20221006,엎드려 팔뻗어 상체 들어올리기,54.22,,mp4,0AUDLJ08S_00097.mp4,http://openapi.kspo.or.kr/web/image/0AUDLJ08S_00097/,10,동영상,허리
,http://openapi.kspo.or.kr/web/video/,허리관련 질환자를 위한 단계별 표준운동 1단계 - 엎드려 팔뻗어 상체 들어올리기,11723791,29.97,240,1920*1080,매트,공통,1654,0AUDLJ08S_00097_SC_00011.jpeg,1단계,2021,70,한국어,엎드려 팔뻗어 상체 들어올리기,20221006,엎드려 팔뻗어 상체 들어올리기,55.188,,mp4,0AUDLJ08S_00097.mp4,http://openapi.kspo.or.kr/web/image/0AUDLJ08S_00097/,11,동영상,허리
,http://openapi.kspo.or.kr/web/video/,허리관련 질환자를 위한 단계별 표준운동 1단계 - 엎드려 팔뻗어 상체 들어올리기,11723791,29.97,241,1920*1080,매트,공통,1712,0AUDLJ08S_00097_SC_00012.jpeg,1단계,2021,70,한국어,엎드려 팔뻗어 상체 들어올리기,20221006,엎드려 팔뻗어 상체 들어올리기,57.123,,mp4,0AUDLJ08S_00097.mp4,http://openapi.kspo.or.kr/web/image/0AUDLJ08S_00097/,12,동영상,허리
,http://openapi.kspo.or.kr/web/video/,허리관련 질환자를 위한 단계별 표준운동 1단계 - 엎드려 팔뻗어 상체 들어올리기,11723791,29.97,242,1920*1080,매트,공통,1741,0AUDLJ08S_00097_SC_00013.jpeg,1단계,2021,70,한국어,엎드려 팔뻗어 상체 들어올리기,20221006,엎드려 팔뻗어 상체 들어올리기,58.091,,mp4,0AUDLJ08S_00097.mp4,http://openapi.kspo.or.kr/web/image/0AUDLJ08S_00097/,13,동영상,허리
,http://openapi.kspo.or.kr/web/video/,허리관련 질환자를 위한 단계별 표준운동 1단계 - 팔다리 반대로 뻗어 스트레칭,9651242,29.97,243,1920*1080,,공통,30,0AUDLJ08S_00098_SC_00001.jpeg,1단계,2021,60,한국어,팔다리 반대로 뻗어 스트레칭,20221024,팔다리 반대로 뻗어 스트레칭,1.001,,mp4,0AUDLJ08S_00098.mp4,http://openapi.kspo.or.kr/web/image/0AUDLJ08S_00098/,1,동영상,허리
,http://openapi.kspo.or.kr/web/video/,허리관련 질환자를 위한 단계별 표준운동 1단계 - 팔다리 반대로 뻗어 스트레칭,9651242,29.97,244,1920*1080,,공통,630,0AUDLJ08S_00098_FR_00008.jpeg,1단계,2021,60,한국어,팔다리 반대로 뻗어 스트레칭,20221024,팔다리 반대로 뻗어 스트레칭,21.021,,mp4,0AUDLJ08S_00098.mp4,http://openapi.kspo.or.kr/web/image/0AUDLJ08S_00098/,2,동영상,허리
,http://openapi.kspo.or.kr/web/video/,허리관련 질환자를 위한 단계별 표준운동 1단계 - 팔다리 반대로 뻗어 스트레칭,9651242,29.97,245,1920*1080,,공통,990,0AUDLJ08S_00098_FR_00012.jpeg,1단계,2021,60,한국어,팔다리 반대로 뻗어 스트레칭,20221024,팔다리 반대로 뻗어 스트레칭,33.033,,mp4,0AUDLJ08S_00098.mp4,http://openapi.kspo.or.kr/web/image/0AUDLJ08S_00098/,3,동영상,허리
,http://openapi.kspo.or.kr/web/video/,허리관련 질환자를 위한 단계별 표준운동 1단계 - 누워서 다리 들고 좌우로 움직이기,13347735,29.97,246,1920*1080,매트,공통,30,0AUDLJ08S_00099_SC_00001.jpeg,1단계,2021,82,한국어,누워서 다리 들고 좌우로 움직이기,20221020,누워서 다리 들고 좌우로 움직이기,1.001,,mp4,0AUDLJ08S_00099.mp4,http://openapi.kspo.or.kr/web/image/0AUDLJ08S_00099/,1,동영상,허리
,http://openapi.kspo.or.kr/web/video/,허리관련 질환자를 위한 단계별 표준운동 1단계 - 누워서 다리 들고 좌우로 움직이기,13347735,29.97,247,1920*1080,매트,공통,630,0AUDLJ08S_00099_FR_00008.jpeg,1단계,2021,82,한국어,누워서 다리 들고 좌우로 움직이기,20221020,누워서 다리 들고 좌우로 움직이기,21.021,,mp4,0AUDLJ08S_00099.mp4,http://openapi.kspo.or.kr/web/image/0AUDLJ08S_00099/,2,동영상,허리
,http://openapi.kspo.or.kr/web/video/,허리관련 질환자를 위한 단계별 표준운동 1단계 - 누워서 다리 들고 좌우로 움직이기,13347735,29.97,248,1920*1080,매트,공통,900,0AUDLJ08S_00099_FR_00011.jpeg,1단계,2021,82,한국어,누워서 다리 들고 좌우로 움직이기,20221020,누워서 다리 들고 좌우로 움직이기,30.03,,mp4,0AUDLJ08S_00099.mp4,http://openapi.kspo.or.kr/web/image/0AUDLJ08S_00099/,3,동영상,허리
12~12,http://openapi.kspo.or.kr/web/video/,허리관련 질환자를 위한 단계별 표준운동 1단계 - 누워서 다리 들고 좌우로 움직이기,13347735,29.97,249,1920*1080,매트,공통,1393,0AUDLJ08S_00099_SC_00003.jpeg,1단계,2021,82,한국어,누워서 다리 들고 좌우로 움직이기,20221020,누워서 다리 들고 좌우로 움직이기,46.479,,mp4,0AUDLJ08S_00099.mp4,http://openapi.kspo.or.kr/web/image/0AUDLJ08S_00099/,4,동영상,허리
,http://openapi.kspo.or.kr/web/video/,허리관련 질환자를 위한 단계별 표준운동 1단계 - 누워서 다리 들고 좌우로 움직이기,13347735,29.97,250,1920*1080,매트,공통,1529,0AUDLJ08S_00099_FR_00018.jpeg,1단계,2021,82,한국어,누워서 다리 들고 좌우로 움직이기,20221020,누워서 다리 들고 좌우로 움직이기,51.017,,mp4,0AUDLJ08S_00099.mp4,http://openapi.kspo.or.kr/web/image/0AUDLJ08S_00099/,5,동영상,허리
,http://openapi.kspo.or.kr/web/video/,허리관련 질환자를 위한 단계별 표준운동 1단계 - 네발기기 자세로 팔 다리 교차 들기,10513157,29.97,251,1920*1080,매트,공통,30,0AUDLJ08S_00100_SC_00001.jpeg,1단계,2021,65,한국어,네발기기 자세로 팔 다리 교차 들기,20221020,네발기기 자세로 팔 다리 교차 들기,1.001,,mp4,0AUDLJ08S_00100.mp4,http://openapi.kspo.or.kr/web/image/0AUDLJ08S_00100/,1,동영상,허리
,http://openapi.kspo.or.kr/web/video/,허리관련 질환자를 위한 단계별 표준운동 1단계 - 네발기기 자세로 팔 다리 교차 들기,10513157,29.97,252,1920*1080,매트,공통,540,0AUDLJ08S_00100_FR_00007.jpeg,1단계,2021,65,한국어,네발기기 자세로 팔 다리 교차 들기,20221020,네발기기 자세로 팔 다리 교차 들기,18.018,,mp4,0AUDLJ08S_00100.mp4,http://openapi.kspo.or.kr/web/image/0AUDLJ08S_00100/,2,동영상,허리
12~12,http://openapi.kspo.or.kr/web/video/,허리관련 질환자를 위한 단계별 표준운동 1단계 - 네발기기 자세로 팔 다리 교차 들기,10513157,29.97,253,1920*1080,매트,공통,720,0AUDLJ08S_00100_FR_00009.jpeg,1단계,2021,65,한국어,네발기기 자세로 팔 다리 교차 들기,20221020,네발기기 자세로 팔 다리 교차 들기,24.024,6~6 초,mp4,0AUDLJ08S_00100.mp4,http://openapi.kspo.or.kr/web/image/0AUDLJ08S_00100/,3,동영상,허리
,http://openapi.kspo.or.kr/web/video/,허리관련 질환자를 위한 단계별 표준운동 1단계 - 짐볼 브릿지,7036674,29.97,254,1920*1080,짐볼,공통,30,0AUDLJ08S_00101_SC_00001.jpeg,1단계,2021,44,한국어,짐볼 브릿지,20221020,짐볼 브릿지,1.001,,mp4,0AUDLJ08S_00101.mp4,http://openapi.kspo.or.kr/web/image/0AUDLJ08S_00101/,1,동영상,허리
,http://openapi.kspo.or.kr/web/video/,허리관련 질환자를 위한 단계별 표준운동 1단계 - 짐볼 브릿지,7036674,29.97,255,1920*1080,짐볼,공통,630,0AUDLJ08S_00101_FR_00008.jpeg,1단계,2021,44,한국어,짐볼 브릿지,20221020,짐볼 브릿지,21.021,30~30 초,mp4,0AUDLJ08S_00101.mp4,http://openapi.kspo.or.kr/web/image/0AUDLJ08S_00101/,2,동영상,허리
3~3,http://openapi.kspo.or.kr/web/video/,허리관련 질환자를 위한 단계별 표준운동 1단계 - 짐볼 브릿지,7036674,29.97,256,1920*1080,짐볼,공통,842,0AUDLJ08S_00101_SC_00006.jpeg,1단계,2021,44,한국어,짐볼 브릿지,20221020,짐볼 브릿지,28.094,,mp4,0AUDLJ08S_00101.mp4,http://openapi.kspo.or.kr/web/image/0AUDLJ08S_00101/,3,동영상,허리
,http://openapi.kspo.or.kr/web/video/,허리관련 질환자를 위한 단계별 표준운동 1단계 - 짐볼 리버스 브릿지,11387327,29.97,257,1920*1080,짐볼,공통,30,0AUDLJ08S_00102_SC_00001.jpeg,1단계,2021,69,한국어,짐볼 리버스 브릿지,20221020,짐볼 리버스 브릿지,1.001,,mp4,0AUDLJ08S_00102.mp4,http://openapi.kspo.or.kr/web/image/0AUDLJ08S_00102/,1,동영상,허리
,http://openapi.kspo.or.kr/web/video/,허리관련 질환자를 위한 단계별 표준운동 1단계 - 짐볼 리버스 브릿지,11387327,29.97,258,1920*1080,짐볼,공통,540,0AUDLJ08S_00102_FR_00007.jpeg,1단계,2021,69,한국어,짐볼 리버스 브릿지,20221020,짐볼 리버스 브릿지,18.018,,mp4,0AUDLJ08S_00102.mp4,http://openapi.kspo.or.kr/web/image/0AUDLJ08S_00102/,2,동영상,허리
,http://openapi.kspo.or.kr/web/video/,허리관련 질환자를 위한 단계별 표준운동 1단계 - 짐볼 리버스 브릿지,11387327,29.97,259,1920*1080,짐볼,공통,810,0AUDLJ08S_00102_FR_00010.jpeg,1단계,2021,69,한국어,짐볼 리버스 브릿지,20221020,짐볼 리버스 브릿지,27.027,30~30 초,mp4,0AUDLJ08S_00102.mp4,http://openapi.kspo.or.kr/web/image/0AUDLJ08S_00102/,3,동영상,허리
3~3,http://openapi.kspo.or.kr/web/video/,허리관련 질환자를 위한 단계별 표준운동 1단계 - 짐볼 리버스 브릿지,11387327,29.97,260,1920*1080,짐볼,공통,1335,0AUDLJ08S_00102_SC_00005.jpeg,1단계,2021,69,한국어,짐볼 리버스 브릿지,20221020,짐볼 리버스 브릿지,44.544,,mp4,0AUDLJ08S_00102.mp4,http://openapi.kspo.or.kr/web/image/0AUDLJ08S_00102/,4,동영상,허리
,http://openapi.kspo.or.kr/web/video/,허리관련 질환자를 위한 단계별 표준운동 1단계 - 짐볼 한다리 브릿지,15580294,29.97,261,1920*1080,짐볼,공통,30,0AUDLJ08S_00103_SC_00001.jpeg,1단계,2021,94,한국어,짐볼 한다리 브릿지,20221020,짐볼 한다리 브릿지,1.001,,mp4,0AUDLJ08S_00103.mp4,http://openapi.kspo.or.kr/web/image/0AUDLJ08S_00103/,1,동영상,허리
,http://openapi.kspo.or.kr/web/video/,허리관련 질환자를 위한 단계별 표준운동 1단계 - 짐볼 한다리 브릿지,15580294,29.97,262,1920*1080,짐볼,공통,540,0AUDLJ08S_00103_FR_00007.jpeg,1단계,2021,94,한국어,짐볼 한다리 브릿지,20221020,짐볼 한다리 브릿지,18.018,,mp4,0AUDLJ08S_00103.mp4,http://openapi.kspo.or.kr/web/image/0AUDLJ08S_00103/,2,동영상,허리
10~10,http://openapi.kspo.or.kr/web/video/,허리관련 질환자를 위한 단계별 표준운동 1단계 - 짐볼 한다리 브릿지,15580294,29.97,263,1920*1080,짐볼,공통,810,0AUDLJ08S_00103_FR_00010.jpeg,1단계,2021,94,한국어,짐볼 한다리 브릿지,20221020,짐볼 한다리 브릿지,27.027,,mp4,0AUDLJ08S_00103.mp4,http://openapi.kspo.or.kr/web/image/0AUDLJ08S_00103/,3,동영상,허리
,http://openapi.kspo.or.kr/web/video/,허리관련 질환자를 위한 단계별 표준운동 1단계 - 짐볼 한다리 브릿지,15580294,29.97,264,1920*1080,짐볼,공통,1393,0AUDLJ08S_00103_SC_00008.jpeg,1단계,2021,94,한국어,짐볼 한다리 브릿지,20221020,짐볼 한다리 브릿지,46.479,,mp4,0AUDLJ08S_00103.mp4,http://openapi.kspo.or.kr/web/image/0AUDLJ08S_00103/,4,동영상,허리
,http://openapi.kspo.or.kr/web/video/,허리관련 질환자를 위한 단계별 표준운동 1단계 - 짐볼 누르기,10816073,29.97,265,1920*1080,짐볼,공통,900,0AUDLJ08S_00104_SC_00005.jpeg,1단계,2021,66,한국어,짐볼 누르기,20221006,짐볼 누르기,30.03,,mp4,0AUDLJ08S_00104.mp4,http://openapi.kspo.or.kr/web/image/0AUDLJ08S_00104/,5,동영상,허리
,http://openapi.kspo.or.kr/web/video/,허리관련 질환자를 위한 단계별 표준운동 1단계 - 짐볼 누르기,10816073,29.97,266,1920*1080,짐볼,공통,958,0AUDLJ08S_00104_SC_00006.jpeg,1단계,2021,66,한국어,짐볼 누르기,20221006,짐볼 누르기,31.965,,mp4,0AUDLJ08S_00104.mp4,http://openapi.kspo.or.kr/web/image/0AUDLJ08S_00104/,6,동영상,허리
,http://openapi.kspo.or.kr/web/video/,허리관련 질환자를 위한 단계별 표준운동 1단계 - 짐볼 누르기,10816073,29.97,267,1920*1080,,공통,30,0AUDLJ08S_00104_SC_00001.jpeg,,2021,66,한국어,,20221006,짐볼 누르기,1.001,,mp4,0AUDLJ08S_00104.mp4,http://openapi.kspo.or.kr/web/image/0AUDLJ08S_00104/,1,동영상,허리
,http://openapi.kspo.or.kr/web/video/,허리관련 질환자를 위한 단계별 표준운동 1단계 - 짐볼 누르기,10816073,29.97,268,1920*1080,짐볼,공통,146,0AUDLJ08S_00104_SC_00002.jpeg,1단계,2021,66,한국어,짐볼 누르기,20221006,짐볼 누르기,4.871,,mp4,0AUDLJ08S_00104.mp4,http://openapi.kspo.or.kr/web/image/0AUDLJ08S_00104/,2,동영상,허리
,http://openapi.kspo.or.kr/web/video/,허리관련 질환자를 위한 단계별 표준운동 1단계 - 짐볼 누르기,10816073,29.97,269,1920*1080,짐볼,공통,755,0AUDLJ08S_00104_SC_00003.jpeg,1단계,2021,66,한국어,짐볼 누르기,20221006,짐볼 누르기,25.191,,mp4,0AUDLJ08S_00104.mp4,http://openapi.kspo.or.kr/web/image/0AUDLJ08S_00104/,3,동영상,허리
,http://openapi.kspo.or.kr/web/video/,허리관련 질환자를 위한 단계별 표준운동 1단계 - 짐볼 누르기,10816073,29.97,270,1920*1080,짐볼,공통,871,0AUDLJ08S_00104_SC_00004.jpeg,1단계,2021,66,한국어,짐볼 누르기,20221006,짐볼 누르기,29.062,,mp4,0AUDLJ08S_00104.mp4,http://openapi.kspo.or.kr/web/image/0AUDLJ08S_00104/,4,동영상,허리
,http://openapi.kspo.or.kr/web/video/,허리관련 질환자를 위한 단계별 표준운동 1단계 - 짐볼 누르기,10816073,29.97,271,1920*1080,짐볼,공통,1016,0AUDLJ08S_00104_SC_00007.jpeg,1단계,2021,66,한국어,짐볼 누르기,20221006,짐볼 누르기,33.9,,mp4,0AUDLJ08S_00104.mp4,http://openapi.kspo.or.kr/web/image/0AUDLJ08S_00104/,7,동영상,허리
,http://openapi.kspo.or.kr/web/video/,허리관련 질환자를 위한 단계별 표준운동 1단계 - 짐볼 누르기,10816073,29.97,272,1920*1080,짐볼,공통,1045,0AUDLJ08S_00104_SC_00008.jpeg,1단계,2021,66,한국어,짐볼 누르기,20221006,짐볼 누르기,34.868,,mp4,0AUDLJ08S_00104.mp4,http://openapi.kspo.or.kr/web/image/0AUDLJ08S_00104/,8,동영상,허리
,http://openapi.kspo.or.kr/web/video/,허리관련 질환자를 위한 단계별 표준운동 1단계 - 짐볼 누르기,10816073,29.97,273,1920*1080,짐볼,공통,1393,0AUDLJ08S_00104_SC_00009.jpeg,1단계,2021,66,한국어,짐볼 누르기,20221006,짐볼 누르기,46.479,,mp4,0AUDLJ08S_00104.mp4,http://openapi.kspo.or.kr/web/image/0AUDLJ08S_00104/,9,동영상,허리
,http://openapi.kspo.or.kr/web/video/,허리관련 질환자를 위한 단계별 표준운동 1단계 - 짐볼 누르기,10816073,29.97,274,1920*1080,짐볼,공통,1451,0AUDLJ08S_00104_SC_00010.jpeg,1단계,2021,66,한국어,짐볼 누르기,20221006,짐볼 누르기,48.415,,mp4,0AUDLJ08S_00104.mp4,http://openapi.kspo.or.kr/web/image/0AUDLJ08S_00104/,10,동영상,허리
,http://openapi.kspo.or.kr/web/video/,허리관련 질환자를 위한 단계별 표준운동 1단계 - 짐볼 누르기,10816073,29.97,275,1920*1080,짐볼,공통,1567,0AUDLJ08S_00104_SC_00011.jpeg,1단계,2021,66,한국어,짐볼 누르기,20221006,짐볼 누르기,52.285,,mp4,0AUDLJ08S_00104.mp4,http://openapi.kspo.or.kr/web/image/0AUDLJ08S_00104/,11,동영상,허리
,http://openapi.kspo.or.kr/web/video/,허리관련 질환자를 위한 단계별 표준운동 1단계 - 짐볼 누르기,10816073,29.97,276,1920*1080,짐볼,공통,1625,0AUDLJ08S_00104_SC_00012.jpeg,1단계,2021,66,한국어,짐볼 누르기,20221006,짐볼 누르기,54.22,,mp4,0AUDLJ08S_00104.mp4,http://openapi.kspo.or.kr/web/image/0AUDLJ08S_00104/,12,동영상,허리
,http://openapi.kspo.or.kr/web/video/,허리관련 질환자를 위한 단계별 표준운동 1단계 - 짐볼 누르기,10816073,29.97,277,1920*1080,짐볼,공통,1683,0AUDLJ08S_00104_SC_00013.jpeg,1단계,2021,66,한국어,짐볼 누르기,20221006,짐볼 누르기,56.156,,mp4,0AUDLJ08S_00104.mp4,http://openapi.kspo.or.kr/web/image/0AUDLJ08S_00104/,13,동영상,허리
,http://openapi.kspo.or.kr/web/video/,허리관련 질환자를 위한 단계별 표준운동 1단계 - 짐볼 누르기,10816073,29.97,278,1920*1080,짐볼,공통,1712,0AUDLJ08S_00104_SC_00014.jpeg,1단계,2021,66,한국어,짐볼 누르기,20221006,짐볼 누르기,57.123,,mp4,0AUDLJ08S_00104.mp4,http://openapi.kspo.or.kr/web/image/0AUDLJ08S_00104/,14,동영상,허리
,http://openapi.kspo.or.kr/web/video/,허리관련 질환자를 위한 단계별 표준운동 1단계 - 한다리 뻗어 짐볼 누르기,12361472,29.97,279,1920*1080,짐볼,공통,30,0AUDLJ08S_00105_SC_00001.jpeg,1단계,2021,74,한국어,한다리 뻗어 짐볼 누르기,20221024,한다리 뻗어 짐볼 누르기,1.001,,mp4,0AUDLJ08S_00105.mp4,http://openapi.kspo.or.kr/web/image/0AUDLJ08S_00105/,1,동영상,허리
,http://openapi.kspo.or.kr/web/video/,허리관련 질환자를 위한 단계별 표준운동 1단계 - 한다리 뻗어 짐볼 누르기,12361472,29.97,280,1920*1080,짐볼,공통,450,0AUDLJ08S_00105_FR_00006.jpeg,1단계,2021,74,한국어,한다리 뻗어 짐볼 누르기,20221024,한다리 뻗어 짐볼 누르기,15.015,,mp4,0AUDLJ08S_00105.mp4,http://openapi.kspo.or.kr/web/image/0AUDLJ08S_00105/,2,동영상,허리
,http://openapi.kspo.or.kr/web/video/,허리관련 질환자를 위한 단계별 표준운동 1단계 - 한다리 뻗어 짐볼 누르기,12361472,29.97,281,1920*1080,짐볼,공통,842,0AUDLJ08S_00105_SC_00003.jpeg,1단계,2021,74,한국어,한다리 뻗어 짐볼 누르기,20221024,한다리 뻗어 짐볼 누르기,28.094,2~30 초,mp4,0AUDLJ08S_00105.mp4,http://openapi.kspo.or.kr/web/image/0AUDLJ08S_00105/,3,동영상,허리
3~3,http://openapi.kspo.or.kr/web/video/,허리관련 질환자를 위한 단계별 표준운동 1단계 - 한다리 뻗어 짐볼 누르기,12361472,29.97,282,1920*1080,짐볼,공통,1219,0AUDLJ08S_00105_SC_00010.jpeg,1단계,2021,74,한국어,한다리 뻗어 짐볼 누르기,20221024,한다리 뻗어 짐볼 누르기,40.673,2~30 초,mp4,0AUDLJ08S_00105.mp4,http://openapi.kspo.or.kr/web/image/0AUDLJ08S_00105/,4,동영상,허리
,http://openapi.kspo.or.kr/web/video/,허리관련 질환자를 위한 단계별 표준운동 1단계 - 한다리 뻗어 짐볼 누르기,12361472,29.97,283,1920*1080,짐볼,공통,1439,0AUDLJ08S_00105_FR_00017.jpeg,1단계,2021,74,한국어,한다리 뻗어 짐볼 누르기,20221024,한다리 뻗어 짐볼 누르기,48.014,,mp4,0AUDLJ08S_00105.mp4,http://openapi.kspo.or.kr/web/image/0AUDLJ08S_00105/,5,동영상,허리
,http://openapi.kspo.or.kr/web/video/,허리관련 질환자를 위한 단계별 표준운동 1단계 - 무릎 터치 플랭크,9434450,29.97,284,1920*1080,매트,공통,30,0AUDLJ08S_00106_SC_00001.jpeg,1단계,2021,57,한국어,무릎 터치 플랭크,20221024,무릎 터치 플랭크,1.001,,mp4,0AUDLJ08S_00106.mp4,http://openapi.kspo.or.kr/web/image/0AUDLJ08S_00106/,1,동영상,허리
,http://openapi.kspo.or.kr/web/video/,허리관련 질환자를 위한 단계별 표준운동 1단계 - 무릎 터치 플랭크,9434450,29.97,285,1920*1080,매트,공통,630,0AUDLJ08S_00106_FR_00008.jpeg,1단계,2021,57,한국어,무릎 터치 플랭크,20221024,무릎 터치 플랭크,21.021,,mp4,0AUDLJ08S_00106.mp4,http://openapi.kspo.or.kr/web/image/0AUDLJ08S_00106/,2,동영상,허리
10~10,http://openapi.kspo.or.kr/web/video/,허리관련 질환자를 위한 단계별 표준운동 1단계 - 무릎 터치 플랭크,9434450,29.97,286,1920*1080,매트,공통,958,0AUDLJ08S_00106_SC_00004.jpeg,1단계,2021,57,한국어,무릎 터치 플랭크,20221024,무릎 터치 플랭크,31.965,,mp4,0AUDLJ08S_00106.mp4,http://openapi.kspo.or.kr/web/image/0AUDLJ08S_00106/,3,동영상,허리
,http://openapi.kspo.or.kr/web/video/,허리관련 질환자를 위한 단계별 표준운동 1단계 - 무릎 터치 플랭크,9434450,29.97,287,1920*1080,매트,공통,1169,0AUDLJ08S_00106_FR_00014.jpeg,1단계,2021,57,한국어,무릎 터치 플랭크,20221024,무릎 터치 플랭크,39.005,,mp4,0AUDLJ08S_00106.mp4,http://openapi.kspo.or.kr/web/image/0AUDLJ08S_00106/,4,동영상,허리
,http://openapi.kspo.or.kr/web/video/,허리관련 질환자를 위한 단계별 표준운동 1단계 - 스쿼트 자세에서 미니밴드 엉덩이 운동,10194211,29.97,288,1920*1080,밴드,공통,30,0AUDLJ08S_00107_SC_00001.jpeg,1단계,2021,60,한국어,스쿼트 자세에서 미니밴드 엉덩이 운동,20221024,스쿼트 자세에서 미니밴드 엉덩이 운동,1.001,,mp4,0AUDLJ08S_00107.mp4,http://openapi.kspo.or.kr/web/image/0AUDLJ08S_00107/,1,동영상,허리
,http://openapi.kspo.or.kr/web/video/,허리관련 질환자를 위한 단계별 표준운동 1단계 - 스쿼트 자세에서 미니밴드 엉덩이 운동,10194211,29.97,289,1920*1080,밴드,공통,450,0AUDLJ08S_00107_FR_00006.jpeg,1단계,2021,60,한국어,스쿼트 자세에서 미니밴드 엉덩이 운동,20221024,스쿼트 자세에서 미니밴드 엉덩이 운동,15.015,,mp4,0AUDLJ08S_00107.mp4,http://openapi.kspo.or.kr/web/image/0AUDLJ08S_00107/,2,동영상,허리
10~10,http://openapi.kspo.or.kr/web/video/,허리관련 질환자를 위한 단계별 표준운동 1단계 - 스쿼트 자세에서 미니밴드 엉덩이 운동,10194211,29.97,290,1920*1080,밴드,공통,987,0AUDLJ08S_00107_SC_00004.jpeg,1단계,2021,60,한국어,스쿼트 자세에서 미니밴드 엉덩이 운동,20221024,스쿼트 자세에서 미니밴드 엉덩이 운동,32.932,,mp4,0AUDLJ08S_00107.mp4,http://openapi.kspo.or.kr/web/image/0AUDLJ08S_00107/,3,동영상,허리
,http://openapi.kspo.or.kr/web/video/,허리관련 질환자를 위한 단계별 표준운동 1단계 - 막대기를 이용하여 몸통 회전하기,10014251,29.97,291,1920*1080,긴막대기,공통,30,0AUDLJ08S_00108_SC_00001.jpeg,1단계,2021,61,한국어,막대기를 이용하여  몸통 회전하기,20221024,막대기를 이용하여 몸통 회전하기,1.001,,mp4,0AUDLJ08S_00108.mp4,http://openapi.kspo.or.kr/web/image/0AUDLJ08S_00108/,1,동영상,허리
,http://openapi.kspo.or.kr/web/video/,허리관련 질환자를 위한 단계별 표준운동 1단계 - 막대기를 이용하여 몸통 회전하기,10014251,29.97,292,1920*1080,긴막대기,공통,630,0AUDLJ08S_00108_FR_00008.jpeg,1단계,2021,61,한국어,막대기를 이용하여  몸통 회전하기,20221024,막대기를 이용하여 몸통 회전하기,21.021,,mp4,0AUDLJ08S_00108.mp4,http://openapi.kspo.or.kr/web/image/0AUDLJ08S_00108/,2,동영상,허리
10~10,http://openapi.kspo.or.kr/web/video/,허리관련 질환자를 위한 단계별 표준운동 1단계 - 막대기를 이용하여 몸통 회전하기,10014251,29.97,293,1920*1080,긴막대기,공통,990,0AUDLJ08S_00108_FR_00012.jpeg,1단계,2021,61,한국어,막대기를 이용하여  몸통 회전하기,20221024,막대기를 이용하여 몸통 회전하기,33.033,,mp4,0AUDLJ08S_00108.mp4,http://openapi.kspo.or.kr/web/image/0AUDLJ08S_00108/,3,동영상,허리
,http://openapi.kspo.or.kr/web/video/,허리관련 질환자를 위한 단계별 표준운동 2단계 - 옆으로 앉아 짐볼 밀기,13259890,29.97,294,1920*1080,짐볼,공통,30,0AUDLJ08S_00109_SC_00001.jpeg,2단계,2021,78,한국어,옆으로 앉아 짐볼 밀기,20221020,옆으로 앉아 짐볼 밀기,1.001,,mp4,0AUDLJ08S_00109.mp4,http://openapi.kspo.or.kr/web/image/0AUDLJ08S_00109/,1,동영상,허리
,http://openapi.kspo.or.kr/web/video/,허리관련 질환자를 위한 단계별 표준운동 2단계 - 옆으로 앉아 짐볼 밀기,13259890,29.97,295,1920*1080,짐볼,공통,450,0AUDLJ08S_00109_FR_00006.jpeg,2단계,2021,78,한국어,옆으로 앉아 짐볼 밀기,20221020,옆으로 앉아 짐볼 밀기,15.015,,mp4,0AUDLJ08S_00109.mp4,http://openapi.kspo.or.kr/web/image/0AUDLJ08S_00109/,2,동영상,허리
,http://openapi.kspo.or.kr/web/video/,허리관련 질환자를 위한 단계별 표준운동 2단계 - 옆으로 앉아 짐볼 밀기,13259890,29.97,296,1920*1080,짐볼,공통,720,0AUDLJ08S_00109_FR_00009.jpeg,2단계,2021,78,한국어,옆으로 앉아 짐볼 밀기,20221020,옆으로 앉아 짐볼 밀기,24.024,,mp4,0AUDLJ08S_00109.mp4,http://openapi.kspo.or.kr/web/image/0AUDLJ08S_00109/,3,동영상,허리
10~10,http://openapi.kspo.or.kr/web/video/,허리관련 질환자를 위한 단계별 표준운동 2단계 - 옆으로 앉아 짐볼 밀기,13259890,29.97,297,1920*1080,짐볼,공통,1335,0AUDLJ08S_00109_SC_00004.jpeg,2단계,2021,78,한국어,옆으로 앉아 짐볼 밀기,20221020,옆으로 앉아 짐볼 밀기,44.544,,mp4,0AUDLJ08S_00109.mp4,http://openapi.kspo.or.kr/web/image/0AUDLJ08S_00109/,4,동영상,허리
,http://openapi.kspo.or.kr/web/video/,허리관련 질환자를 위한 단계별 표준운동 2단계 - 짐볼 위에 눕기,9467240,29.97,298,1920*1080,짐볼,공통,30,0AUDLJ08S_00110_SC_00001.jpeg,2단계,2021,57,한국어,짐볼 위에 눕기,20221020,짐볼 위에 눕기,1.001,,mp4,0AUDLJ08S_00110.mp4,http://openapi.kspo.or.kr/web/image/0AUDLJ08S_00110/,1,동영상,허리
,http://openapi.kspo.or.kr/web/video/,허리관련 질환자를 위한 단계별 표준운동 2단계 - 짐볼 위에 눕기,9467240,29.97,299,1920*1080,짐볼,공통,630,0AUDLJ08S_00110_FR_00008.jpeg,2단계,2021,57,한국어,짐볼 위에 눕기,20221020,짐볼 위에 눕기,21.021,20~30 초,mp4,0AUDLJ08S_00110.mp4,http://openapi.kspo.or.kr/web/image/0AUDLJ08S_00110/,2,동영상,허리
3~3,http://openapi.kspo.or.kr/web/video/,허리관련 질환자를 위한 단계별 표준운동 2단계 - 짐볼 위에 눕기,9467240,29.97,300,1920*1080,짐볼,공통,1079,0AUDLJ08S_00110_FR_00013.jpeg,2단계,2021,57,한국어,짐볼 위에 눕기,20221020,짐볼 위에 눕기,36.002,,mp4,0AUDLJ08S_00110.mp4,http://openapi.kspo.or.kr/web/image/0AUDLJ08S_00110/,3,동영상,허리
,http://openapi.kspo.or.kr/web/video/,허리관련 질환자를 위한 단계별 표준운동 2단계 - 짐볼 잡고 다리 뒤로 뻗기,7318650,29.97,301,1920*1080,짐볼,공통,30,0AUDLJ08S_00111_SC_00001.jpeg,2단계,2021,44,한국어,짐볼 잡고 다리 뒤로 뻗기,20221005,짐볼 잡고 다리 뒤로 뻗기,1.001,,mp4,0AUDLJ08S_00111.mp4,http://openapi.kspo.or.kr/web/image/0AUDLJ08S_00111/,1,동영상,허리
,http://openapi.kspo.or.kr/web/video/,허리관련 질환자를 위한 단계별 표준운동 2단계 - 짐볼 잡고 다리 뒤로 뻗기,7318650,29.97,302,1920*1080,짐볼,공통,146,0AUDLJ08S_00111_SC_00002.jpeg,2단계,2021,44,한국어,짐볼 잡고 다리 뒤로 뻗기,20221005,짐볼 잡고 다리 뒤로 뻗기,4.871,,mp4,0AUDLJ08S_00111.mp4,http://openapi.kspo.or.kr/web/image/0AUDLJ08S_00111/,2,동영상,허리
,http://openapi.kspo.or.kr/web/video/,허리관련 질환자를 위한 단계별 표준운동 2단계 - 짐볼 잡고 다리 뒤로 뻗기,7318650,29.97,303,1920*1080,짐볼,공통,270,0AUDLJ08S_00111_FR_00004.jpeg,2단계,2021,44,한국어,짐볼 잡고 다리 뒤로 뻗기,20221005,짐볼 잡고 다리 뒤로 뻗기,9.009,,mp4,0AUDLJ08S_00111.mp4,http://openapi.kspo.or.kr/web/image/0AUDLJ08S_00111/,3,동영상,허리
2~10,http://openapi.kspo.or.kr/web/video/,허리관련 질환자를 위한 단계별 표준운동 2단계 - 짐볼 잡고 다리 뒤로 뻗기,7318650,29.97,304,1920*1080,짐볼,공통,720,0AUDLJ08S_00111_FR_00009.jpeg,2단계,2021,44,한국어,짐볼 잡고 다리 뒤로 뻗기,20221005,짐볼 잡고 다리 뒤로 뻗기,24.024,,mp4,0AUDLJ08S_00111.mp4,http://openapi.kspo.or.kr/web/image/0AUDLJ08S_00111/,4,동영상,허리
2~10,http://openapi.kspo.or.kr/web/video/,허리관련 질환자를 위한 단계별 표준운동 2단계 - 짐볼 잡고 다리 뒤로 뻗기,7318650,29.97,305,1920*1080,짐볼,공통,784,0AUDLJ08S_00111_SC_00003.jpeg,2단계,2021,44,한국어,짐볼 잡고 다리 뒤로 뻗기,20221005,짐볼 잡고 다리 뒤로 뻗기,26.159,,mp4,0AUDLJ08S_00111.mp4,http://openapi.kspo.or.kr/web/image/0AUDLJ08S_00111/,5,동영상,허리
,http://openapi.kspo.or.kr/web/video/,허리관련 질환자를 위한 단계별 표준운동 2단계 - 짐볼 잡고 다리 뒤로 뻗기,7318650,29.97,306,1920*1080,짐볼,공통,1169,0AUDLJ08S_00111_FR_00014.jpeg,2단계,2021,44,한국어,짐볼 잡고 다리 뒤로 뻗기,20221005,짐볼 잡고 다리 뒤로 뻗기,39.005,,mp4,0AUDLJ08S_00111.mp4,http://openapi.kspo.or.kr/web/image/0AUDLJ08S_00111/,6,동영상,허리
,http://openapi.kspo.or.kr/web/video/,허리관련 질환자를 위한 단계별 표준운동 2단계 - 플랭크,7756621,29.97,307,1920*1080,매트,공통,30,0AUDLJ08S_00112_SC_00001.jpeg,2단계,2021,48,한국어,플랭크,20221024,플랭크,1.001,,mp4,0AUDLJ08S_00112.mp4,http://openapi.kspo.or.kr/web/image/0AUDLJ08S_00112/,1,동영상,허리
,http://openapi.kspo.or.kr/web/video/,허리관련 질환자를 위한 단계별 표준운동 2단계 - 플랭크,7756621,29.97,308,1920*1080,매트,공통,540,0AUDLJ08S_00112_FR_00007.jpeg,2단계,2021,48,한국어,플랭크,20221024,플랭크,18.018,,mp4,0AUDLJ08S_00112.mp4,http://openapi.kspo.or.kr/web/image/0AUDLJ08S_00112/,2,동영상,허리
3~3,http://openapi.kspo.or.kr/web/video/,허리관련 질환자를 위한 단계별 표준운동 2단계 - 플랭크,7756621,29.97,309,1920*1080,매트,공통,871,0AUDLJ08S_00112_SC_00006.jpeg,2단계,2021,48,한국어,플랭크,20221024,플랭크,29.062,,mp4,0AUDLJ08S_00112.mp4,http://openapi.kspo.or.kr/web/image/0AUDLJ08S_00112/,3,동영상,허리
,http://openapi.kspo.or.kr/web/video/,허리관련 질환자를 위한 단계별 표준운동 2단계 - 플랭크,7756621,29.97,310,1920*1080,매트,공통,1103,0AUDLJ08S_00112_SC_00007.jpeg,2단계,2021,48,한국어,플랭크,20221024,플랭크,36.803,,mp4,0AUDLJ08S_00112.mp4,http://openapi.kspo.or.kr/web/image/0AUDLJ08S_00112/,4,동영상,허리
,http://openapi.kspo.or.kr/web/video/,허리관련 질환자를 위한 단계별 표준운동 2단계 - 짐볼 플랭크,7822859,29.97,311,1920*1080,짐볼,공통,697,0AUDLJ08S_00113_SC_00004.jpeg,2단계,2021,49,한국어,짐볼 플랭크,20221006,짐볼 플랭크,23.256,,mp4,0AUDLJ08S_00113.mp4,http://openapi.kspo.or.kr/web/image/0AUDLJ08S_00113/,4,동영상,허리
,http://openapi.kspo.or.kr/web/video/,허리관련 질환자를 위한 단계별 표준운동 2단계 - 짐볼 플랭크,7822859,29.97,312,1920*1080,,공통,30,0AUDLJ08S_00113_SC_00001.jpeg,,2021,49,한국어,,20221006,짐볼 플랭크,1.001,,mp4,0AUDLJ08S_00113.mp4,http://openapi.kspo.or.kr/web/image/0AUDLJ08S_00113/,1,동영상,허리
,http://openapi.kspo.or.kr/web/video/,허리관련 질환자를 위한 단계별 표준운동 2단계 - 짐볼 플랭크,7822859,29.97,313,1920*1080,짐볼,공통,146,0AUDLJ08S_00113_SC_00002.jpeg,2단계,2021,49,한국어,짐볼 플랭크,20221006,짐볼 플랭크,4.871,,mp4,0AUDLJ08S_00113.mp4,http://openapi.kspo.or.kr/web/image/0AUDLJ08S_00113/,2,동영상,허리
,http://openapi.kspo.or.kr/web/video/,허리관련 질환자를 위한 단계별 표준운동 2단계 - 짐볼 플랭크,7822859,29.97,314,1920*1080,짐볼,공통,465,0AUDLJ08S_00113_SC_00003.jpeg,2단계,2021,49,한국어,짐볼 플랭크,20221006,짐볼 플랭크,15.515,,mp4,0AUDLJ08S_00113.mp4,http://openapi.kspo.or.kr/web/image/0AUDLJ08S_00113/,3,동영상,허리
,http://openapi.kspo.or.kr/web/video/,허리관련 질환자를 위한 단계별 표준운동 2단계 - 짐볼 플랭크,7822859,29.97,315,1920*1080,짐볼,공통,1045,0AUDLJ08S_00113_SC_00005.jpeg,2단계,2021,49,한국어,짐볼 플랭크,20221006,짐볼 플랭크,34.868,,mp4,0AUDLJ08S_00113.mp4,http://openapi.kspo.or.kr/web/image/0AUDLJ08S_00113/,5,동영상,허리
,http://openapi.kspo.or.kr/web/video/,허리관련 질환자를 위한 단계별 표준운동 2단계 - 짐볼 플랭크,7822859,29.97,316,1920*1080,짐볼,공통,1132,0AUDLJ08S_00113_SC_00006.jpeg,2단계,2021,49,한국어,짐볼 플랭크,20221006,짐볼 플랭크,37.771,,mp4,0AUDLJ08S_00113.mp4,http://openapi.kspo.or.kr/web/image/0AUDLJ08S_00113/,6,동영상,허리
,http://openapi.kspo.or.kr/web/video/,허리관련 질환자를 위한 단계별 표준운동 2단계 - 짐볼 한다리 플랭크,9456427,29.97,317,1920*1080,짐볼,공통,30,0AUDLJ08S_00114_SC_00001.jpeg,2단계,2021,58,한국어,짐볼 한다리 플랭크,20221005,짐볼 한다리 플랭크,1.001,,mp4,0AUDLJ08S_00114.mp4,http://openapi.kspo.or.kr/web/image/0AUDLJ08S_00114/,1,동영상,허리
,http://openapi.kspo.or.kr/web/video/,허리관련 질환자를 위한 단계별 표준운동 2단계 - 짐볼 한다리 플랭크,9456427,29.97,318,1920*1080,짐볼,공통,540,0AUDLJ08S_00114_FR_00007.jpeg,2단계,2021,58,한국어,짐볼 한다리 플랭크,20221005,짐볼 한다리 플랭크,18.018,,mp4,0AUDLJ08S_00114.mp4,http://openapi.kspo.or.kr/web/image/0AUDLJ08S_00114/,2,동영상,허리
2~2,http://openapi.kspo.or.kr/web/video/,허리관련 질환자를 위한 단계별 표준운동 2단계 - 짐볼 한다리 플랭크,9456427,29.97,319,1920*1080,짐볼,공통,987,0AUDLJ08S_00114_SC_00007.jpeg,2단계,2021,58,한국어,짐볼 한다리 플랭크,20221005,짐볼 한다리 플랭크,32.932,2~30 초,mp4,0AUDLJ08S_00114.mp4,http://openapi.kspo.or.kr/web/image/0AUDLJ08S_00114/,3,동영상,허리
,http://openapi.kspo.or.kr/web/video/,허리관련 질환자를 위한 단계별 표준운동 2단계 - 짐볼 한다리 플랭크,9456427,29.97,320,1920*1080,짐볼,공통,1219,0AUDLJ08S_00114_SC_00009.jpeg,2단계,2021,58,한국어,짐볼 한다리 플랭크,20221005,짐볼 한다리 플랭크,40.673,,mp4,0AUDLJ08S_00114.mp4,http://openapi.kspo.or.kr/web/image/0AUDLJ08S_00114/,4,동영상,허리
,http://openapi.kspo.or.kr/web/video/,허리관련 질환자를 위한 단계별 표준운동 2단계 - 짐볼 한다리 플랭크,9456427,29.97,321,1920*1080,짐볼,공통,1422,0AUDLJ08S_00114_SC_00010.jpeg,2단계,2021,58,한국어,짐볼 한다리 플랭크,20221005,짐볼 한다리 플랭크,47.447,,mp4,0AUDLJ08S_00114.mp4,http://openapi.kspo.or.kr/web/image/0AUDLJ08S_00114/,5,동영상,허리
,http://openapi.kspo.or.kr/web/video/,허리관련 질환자를 위한 단계별 표준운동 2단계 - 다리 옆으로 뻗고 끌어오기,13833808,29.97,322,1920*1080,슬라이드보드,공통,30,0AUDLJ08S_00115_SC_00001.jpeg,2단계,2021,82,한국어,다리 옆으로 뻗고 끌어오기,20221004,다리 옆으로 뻗고 끌어오기,1.001,,mp4,0AUDLJ08S_00115.mp4,http://openapi.kspo.or.kr/web/image/0AUDLJ08S_00115/,1,동영상,허리
,http://openapi.kspo.or.kr/web/video/,허리관련 질환자를 위한 단계별 표준운동 2단계 - 다리 옆으로 뻗고 끌어오기,13833808,29.97,323,1920*1080,슬라이드보드,공통,146,0AUDLJ08S_00115_SC_00002.jpeg,2단계,2021,82,한국어,다리 옆으로 뻗고 끌어오기,20221004,다리 옆으로 뻗고 끌어오기,4.871,,mp4,0AUDLJ08S_00115.mp4,http://openapi.kspo.or.kr/web/image/0AUDLJ08S_00115/,2,동영상,허리
,http://openapi.kspo.or.kr/web/video/,허리관련 질환자를 위한 단계별 표준운동 2단계 - 다리 옆으로 뻗고 끌어오기,13833808,29.97,324,1920*1080,짐볼,공통,581,0AUDLJ08S_00115_SC_00003.jpeg,2단계,2021,82,한국어,다리 옆으로 뻗고 끌어오기,20221004,다리 옆으로 뻗고 끌어오기,19.386,,mp4,0AUDLJ08S_00115.mp4,http://openapi.kspo.or.kr/web/image/0AUDLJ08S_00115/,3,동영상,허리
,http://openapi.kspo.or.kr/web/video/,허리관련 질환자를 위한 단계별 표준운동 2단계 - 다리 옆으로 뻗고 끌어오기,13833808,29.97,325,1920*1080,슬라이드보드,공통,900,0AUDLJ08S_00115_SC_00004.jpeg,2단계,2021,82,한국어,다리 옆으로 뻗고 끌어오기,20221004,다리 옆으로 뻗고 끌어오기,30.03,,mp4,0AUDLJ08S_00115.mp4,http://openapi.kspo.or.kr/web/image/0AUDLJ08S_00115/,4,동영상,허리
,http://openapi.kspo.or.kr/web/video/,허리관련 질환자를 위한 단계별 표준운동 2단계 - 다리 옆으로 뻗고 끌어오기,13833808,29.97,326,1920*1080,슬라이드보드,공통,1393,0AUDLJ08S_00115_SC_00005.jpeg,2단계,2021,82,한국어,다리 옆으로 뻗고 끌어오기,20221004,다리 옆으로 뻗고 끌어오기,46.479,,mp4,0AUDLJ08S_00115.mp4,http://openapi.kspo.or.kr/web/image/0AUDLJ08S_00115/,5,동영상,허리
,http://openapi.kspo.or.kr/web/video/,허리관련 질환자를 위한 단계별 표준운동 2단계 - 다리 옆으로 뻗고 끌어오기,13833808,29.97,327,1920*1080,슬라이드보드,공통,1480,0AUDLJ08S_00115_SC_00006.jpeg,2단계,2021,82,한국어,다리 옆으로 뻗고 끌어오기,20221004,다리 옆으로 뻗고 끌어오기,49.382,,mp4,0AUDLJ08S_00115.mp4,http://openapi.kspo.or.kr/web/image/0AUDLJ08S_00115/,6,동영상,허리
,http://openapi.kspo.or.kr/web/video/,허리관련 질환자를 위한 단계별 표준운동 2단계 - 다리 옆으로 뻗고 끌어오기,13833808,29.97,328,1920*1080,슬라이드보드,공통,1596,0AUDLJ08S_00115_SC_00007.jpeg,2단계,2021,82,한국어,다리 옆으로 뻗고 끌어오기,20221004,다리 옆으로 뻗고 끌어오기,53.253,,mp4,0AUDLJ08S_00115.mp4,http://openapi.kspo.or.kr/web/image/0AUDLJ08S_00115/,7,동영상,허리
,http://openapi.kspo.or.kr/web/video/,허리관련 질환자를 위한 단계별 표준운동 2단계 - 다리 옆으로 뻗고 끌어오기,13833808,29.97,329,1920*1080,슬라이드보드,공통,1683,0AUDLJ08S_00115_SC_00008.jpeg,2단계,2021,82,한국어,다리 옆으로 뻗고 끌어오기,20221004,다리 옆으로 뻗고 끌어오기,56.156,,mp4,0AUDLJ08S_00115.mp4,http://openapi.kspo.or.kr/web/image/0AUDLJ08S_00115/,8,동영상,허리
,http://openapi.kspo.or.kr/web/video/,허리관련 질환자를 위한 단계별 표준운동 2단계 - 다리 옆으로 뻗고 끌어오기,13833808,29.97,330,1920*1080,슬라이드보드,공통,2002,0AUDLJ08S_00115_SC_00009.jpeg,2단계,2021,82,한국어,다리 옆으로 뻗고 끌어오기,20221004,다리 옆으로 뻗고 끌어오기,66.8,,mp4,0AUDLJ08S_00115.mp4,http://openapi.kspo.or.kr/web/image/0AUDLJ08S_00115/,9,동영상,허리
,http://openapi.kspo.or.kr/web/video/,허리관련 질환자를 위한 단계별 표준운동 2단계 - 다리 옆으로 뻗고 끌어오기,13833808,29.97,331,1920*1080,슬라이드보드,공통,2176,0AUDLJ08S_00115_SC_00010.jpeg,2단계,2021,82,한국어,다리 옆으로 뻗고 끌어오기,20221004,다리 옆으로 뻗고 끌어오기,72.605,,mp4,0AUDLJ08S_00115.mp4,http://openapi.kspo.or.kr/web/image/0AUDLJ08S_00115/,10,동영상,허리
,http://openapi.kspo.or.kr/web/video/,허리관련 질환자를 위한 단계별 표준운동 2단계 - 앉아서 미니밴드 엉덩이 운동,8857864,29.97,332,1920*1080,밴드,공통,30,0AUDLJ08S_00116_SC_00001.jpeg,2단계,2021,55,한국어,앉아서 미니밴드 엉덩이 운동,20221020,앉아서 미니밴드 엉덩이 운동,1.001,,mp4,0AUDLJ08S_00116.mp4,http://openapi.kspo.or.kr/web/image/0AUDLJ08S_00116/,1,동영상,허리
,http://openapi.kspo.or.kr/web/video/,허리관련 질환자를 위한 단계별 표준운동 2단계 - 앉아서 미니밴드 엉덩이 운동,8857864,29.97,333,1920*1080,밴드,공통,900,0AUDLJ08S_00116_FR_00011.jpeg,2단계,2021,55,한국어,앉아서 미니밴드 엉덩이 운동,20221020,앉아서 미니밴드 엉덩이 운동,30.03,,mp4,0AUDLJ08S_00116.mp4,http://openapi.kspo.or.kr/web/image/0AUDLJ08S_00116/,2,동영상,허리
10~10,http://openapi.kspo.or.kr/web/video/,허리관련 질환자를 위한 단계별 표준운동 2단계 - 앉아서 미니밴드 엉덩이 운동,8857864,29.97,334,1920*1080,밴드,공통,990,0AUDLJ08S_00116_FR_00012.jpeg,2단계,2021,55,한국어,앉아서 미니밴드 엉덩이 운동,20221020,앉아서 미니밴드 엉덩이 운동,33.033,,mp4,0AUDLJ08S_00116.mp4,http://openapi.kspo.or.kr/web/image/0AUDLJ08S_00116/,3,동영상,허리
,http://openapi.kspo.or.kr/web/video/,허리관련 질환자를 위한 단계별 표준운동 2단계 - 미니밴드 옆으로 걷기,10807895,29.97,335,1920*1080,밴드,공통,30,0AUDLJ08S_00117_SC_00001.jpeg,2단계,2021,66,한국어,미니밴드 옆으로 걷기,20221024,미니밴드 옆으로 걷기,1.001,,mp4,0AUDLJ08S_00117.mp4,http://openapi.kspo.or.kr/web/image/0AUDLJ08S_00117/,1,동영상,허리
,http://openapi.kspo.or.kr/web/video/,허리관련 질환자를 위한 단계별 표준운동 2단계 - 미니밴드 옆으로 걷기,10807895,29.97,336,1920*1080,밴드,공통,360,0AUDLJ08S_00117_FR_00005.jpeg,2단계,2021,66,한국어,미니밴드 옆으로 걷기,20221024,미니밴드 옆으로 걷기,12.012,,mp4,0AUDLJ08S_00117.mp4,http://openapi.kspo.or.kr/web/image/0AUDLJ08S_00117/,2,동영상,허리
3~3,http://openapi.kspo.or.kr/web/video/,허리관련 질환자를 위한 단계별 표준운동 2단계 - 미니밴드 옆으로 걷기,10807895,29.97,337,1920*1080,밴드,공통,720,0AUDLJ08S_00117_FR_00009.jpeg,2단계,2021,66,한국어,미니밴드 옆으로 걷기,20221024,미니밴드 옆으로 걷기,24.024,,mp4,0AUDLJ08S_00117.mp4,http://openapi.kspo.or.kr/web/image/0AUDLJ08S_00117/,3,동영상,허리
,http://openapi.kspo.or.kr/web/video/,허리관련 질환자를 위한 단계별 표준운동 2단계 - 미니밴드 옆으로 다리 뻗기,9117524,29.97,338,1920*1080,밴드,공통,30,0AUDLJ08S_00118_SC_00001.jpeg,2단계,2021,56,한국어,미니밴드 옆으로 다리 뻗기,20221024,미니밴드 옆으로 다리 뻗기,1.001,,mp4,0AUDLJ08S_00118.mp4,http://openapi.kspo.or.kr/web/image/0AUDLJ08S_00118/,1,동영상,허리
,http://openapi.kspo.or.kr/web/video/,허리관련 질환자를 위한 단계별 표준운동 2단계 - 미니밴드 옆으로 다리 뻗기,9117524,29.97,339,1920*1080,밴드,공통,630,0AUDLJ08S_00118_FR_00008.jpeg,2단계,2021,56,한국어,미니밴드 옆으로 다리 뻗기,20221024,미니밴드 옆으로 다리 뻗기,21.021,,mp4,0AUDLJ08S_00118.mp4,http://openapi.kspo.or.kr/web/image/0AUDLJ08S_00118/,2,동영상,허리
10~10,http://openapi.kspo.or.kr/web/video/,허리관련 질환자를 위한 단계별 표준운동 2단계 - 미니밴드 옆으로 다리 뻗기,9117524,29.97,340,1920*1080,밴드,공통,987,0AUDLJ08S_00118_SC_00004.jpeg,2단계,2021,56,한국어,미니밴드 옆으로 다리 뻗기,20221024,미니밴드 옆으로 다리 뻗기,32.932,,mp4,0AUDLJ08S_00118.mp4,http://openapi.kspo.or.kr/web/image/0AUDLJ08S_00118/,3,동영상,허리
,http://openapi.kspo.or.kr/web/video/,허리관련 질환자를 위한 단계별 표준운동 2단계 - 미니밴드 옆으로 다리 뻗기,9117524,29.97,341,1920*1080,밴드,공통,1079,0AUDLJ08S_00118_FR_00013.jpeg,2단계,2021,56,한국어,미니밴드 옆으로 다리 뻗기,20221024,미니밴드 옆으로 다리 뻗기,36.002,,mp4,0AUDLJ08S_00118.mp4,http://openapi.kspo.or.kr/web/image/0AUDLJ08S_00118/,4,동영상,허리
,http://openapi.kspo.or.kr/web/video/,허리관련 질환자를 위한 단계별 표준운동 2단계 - 브릿지 다리끌기,13316852,29.97,342,1920*1080,슬라이드보드,공통,30,0AUDLJ08S_00119_SC_00001.jpeg,2단계,2021,80,한국어,브릿지 다리끌기,20221004,브릿지 다리끌기,1.001,,mp4,0AUDLJ08S_00119.mp4,http://openapi.kspo.or.kr/web/image/0AUDLJ08S_00119/,1,동영상,허리
,http://openapi.kspo.or.kr/web/video/,허리관련 질환자를 위한 단계별 표준운동 2단계 - 브릿지 다리끌기,13316852,29.97,343,1920*1080,슬라이드보드,공통,146,0AUDLJ08S_00119_SC_00002.jpeg,2단계,2021,80,한국어,브릿지 다리끌기,20221004,브릿지 다리끌기,4.871,,mp4,0AUDLJ08S_00119.mp4,http://openapi.kspo.or.kr/web/image/0AUDLJ08S_00119/,2,동영상,허리
,http://openapi.kspo.or.kr/web/video/,허리관련 질환자를 위한 단계별 표준운동 2단계 - 브릿지 다리끌기,13316852,29.97,344,1920*1080,슬라이드보드,공통,540,0AUDLJ08S_00119_FR_00007.jpeg,2단계,2021,80,한국어,브릿지 다리끌기,20221004,브릿지 다리끌기,18.018,,mp4,0AUDLJ08S_00119.mp4,http://openapi.kspo.or.kr/web/image/0AUDLJ08S_00119/,3,동영상,허리
,http://openapi.kspo.or.kr/web/video/,허리관련 질환자를 위한 단계별 표준운동 2단계 - 브릿지 다리끌기,13316852,29.97,345,1920*1080,슬라이드보드,공통,900,0AUDLJ08S_00119_SC_00006.jpeg,2단계,2021,80,한국어,브릿지 다리끌기,20221004,브릿지 다리끌기,30.03,,mp4,0AUDLJ08S_00119.mp4,http://openapi.kspo.or.kr/web/image/0AUDLJ08S_00119/,4,동영상,허리
2~10,http://openapi.kspo.or.kr/web/video/,허리관련 질환자를 위한 단계별 표준운동 2단계 - 브릿지 다리끌기,13316852,29.97,346,1920*1080,슬라이드보드,공통,1132,0AUDLJ08S_00119_SC_00008.jpeg,2단계,2021,80,한국어,브릿지 다리끌기,20221004,브릿지 다리끌기,37.771,,mp4,0AUDLJ08S_00119.mp4,http://openapi.kspo.or.kr/web/image/0AUDLJ08S_00119/,5,동영상,허리
2~10,http://openapi.kspo.or.kr/web/video/,허리관련 질환자를 위한 단계별 표준운동 2단계 - 브릿지 다리끌기,13316852,29.97,347,1920*1080,슬라이드보드,공통,1248,0AUDLJ08S_00119_SC_00010.jpeg,2단계,2021,80,한국어,브릿지 다리끌기,20221004,브릿지 다리끌기,41.641,,mp4,0AUDLJ08S_00119.mp4,http://openapi.kspo.or.kr/web/image/0AUDLJ08S_00119/,6,동영상,허리
,http://openapi.kspo.or.kr/web/video/,허리관련 질환자를 위한 단계별 표준운동 2단계 - 브릿지 다리끌기,13316852,29.97,348,1920*1080,슬라이드보드,공통,1799,0AUDLJ08S_00119_SC_00011.jpeg,2단계,2021,80,한국어,브릿지 다리끌기,20221004,브릿지 다리끌기,60.026,,mp4,0AUDLJ08S_00119.mp4,http://openapi.kspo.or.kr/web/image/0AUDLJ08S_00119/,7,동영상,허리
,http://openapi.kspo.or.kr/web/video/,허리관련 질환자를 위한 단계별 표준운동 2단계 - 플랭크 무릎 끌어올리기,9978836,29.97,349,1920*1080,슬라이드보드,공통,30,0AUDLJ08S_00120_SC_00001.jpeg,2단계,2021,61,한국어,플랭크 무릎 끌어올리기,20221005,플랭크 무릎 끌어올리기,1.001,,mp4,0AUDLJ08S_00120.mp4,http://openapi.kspo.or.kr/web/image/0AUDLJ08S_00120/,1,동영상,허리
,http://openapi.kspo.or.kr/web/video/,허리관련 질환자를 위한 단계별 표준운동 2단계 - 플랭크 무릎 끌어올리기,9978836,29.97,350,1920*1080,슬라이드보드,공통,450,0AUDLJ08S_00120_FR_00006.jpeg,2단계,2021,61,한국어,플랭크 무릎 끌어올리기,20221005,플랭크 무릎 끌어올리기,15.015,,mp4,0AUDLJ08S_00120.mp4,http://openapi.kspo.or.kr/web/image/0AUDLJ08S_00120/,2,동영상,허리
8~12,http://openapi.kspo.or.kr/web/video/,허리관련 질환자를 위한 단계별 표준운동 2단계 - 플랭크 무릎 끌어올리기,9978836,29.97,351,1920*1080,슬라이드보드,공통,1103,0AUDLJ08S_00120_SC_00009.jpeg,2단계,2021,61,한국어,플랭크 무릎 끌어올리기,20221005,플랭크 무릎 끌어올리기,36.803,,mp4,0AUDLJ08S_00120.mp4,http://openapi.kspo.or.kr/web/image/0AUDLJ08S_00120/,3,동영상,허리
,http://openapi.kspo.or.kr/web/video/,허리관련 질환자를 위한 단계별 표준운동 2단계 - 플랭크 무릎 끌어올리기,9978836,29.97,352,1920*1080,슬라이드보드,공통,1219,0AUDLJ08S_00120_SC_00010.jpeg,2단계,2021,61,한국어,플랭크 무릎 끌어올리기,20221005,플랭크 무릎 끌어올리기,40.673,,mp4,0AUDLJ08S_00120.mp4,http://openapi.kspo.or.kr/web/image/0AUDLJ08S_00120/,4,동영상,허리
,http://openapi.kspo.or.kr/web/video/,허리관련 질환자를 위한 단계별 표준운동 2단계 - 밴드 양팔 (앞으로) 뻗기,8647375,29.97,353,1920*1080,밴드,공통,30,0AUDLJ08S_00121_SC_00001.jpeg,2단계,2021,53,한국어,밴드 양팔 (앞으로) 뻗기,20221024,밴드 양팔 (앞으로) 뻗기,1.001,,mp4,0AUDLJ08S_00121.mp4,http://openapi.kspo.or.kr/web/image/0AUDLJ08S_00121/,1,동영상,허리
,http://openapi.kspo.or.kr/web/video/,허리관련 질환자를 위한 단계별 표준운동 2단계 - 밴드 양팔 (앞으로) 뻗기,8647375,29.97,354,1920*1080,밴드,공통,360,0AUDLJ08S_00121_FR_00005.jpeg,2단계,2021,53,한국어,밴드 양팔 (앞으로) 뻗기,20221024,밴드 양팔 (앞으로) 뻗기,12.012,,mp4,0AUDLJ08S_00121.mp4,http://openapi.kspo.or.kr/web/image/0AUDLJ08S_00121/,2,동영상,허리
,http://openapi.kspo.or.kr/web/video/,허리관련 질환자를 위한 단계별 표준운동 2단계 - 밴드 양팔 (앞으로) 뻗기,8647375,29.97,355,1920*1080,밴드,공통,720,0AUDLJ08S_00121_FR_00009.jpeg,2단계,2021,53,한국어,밴드 양팔 (앞으로) 뻗기,20221024,밴드 양팔 (앞으로) 뻗기,24.024,,mp4,0AUDLJ08S_00121.mp4,http://openapi.kspo.or.kr/web/image/0AUDLJ08S_00121/,3,동영상,허리
10~10,http://openapi.kspo.or.kr/web/video/,허리관련 질환자를 위한 단계별 표준운동 2단계 - 밴드 양팔 (앞으로) 뻗기,8647375,29.97,356,1920*1080,밴드,공통,990,0AUDLJ08S_00121_FR_00012.jpeg,2단계,2021,53,한국어,밴드 양팔 (앞으로) 뻗기,20221024,밴드 양팔 (앞으로) 뻗기,33.033,,mp4,0AUDLJ08S_00121.mp4,http://openapi.kspo.or.kr/web/image/0AUDLJ08S_00121/,4,동영상,허리
,http://openapi.kspo.or.kr/web/video/,허리관련 질환자를 위한 단계별 표준운동 2단계 - 밴드 양팔 (앞으로) 뻗어 다리 바꾸기,10698973,29.97,357,1920*1080,밴드,공통,30,0AUDLJ08S_00122_SC_00001.jpeg,2단계,2021,65,한국어,밴드 양팔 (앞으로) 뻗어 다리 바꾸기,20221024,밴드 양팔 (앞으로) 뻗어 다리 바꾸기,1.001,,mp4,0AUDLJ08S_00122.mp4,http://openapi.kspo.or.kr/web/image/0AUDLJ08S_00122/,1,동영상,허리
,http://openapi.kspo.or.kr/web/video/,허리관련 질환자를 위한 단계별 표준운동 2단계 - 밴드 양팔 (앞으로) 뻗어 다리 바꾸기,10698973,29.97,358,1920*1080,밴드,공통,630,0AUDLJ08S_00122_FR_00008.jpeg,2단계,2021,65,한국어,밴드 양팔 (앞으로) 뻗어 다리 바꾸기,20221024,밴드 양팔 (앞으로) 뻗어 다리 바꾸기,21.021,,mp4,0AUDLJ08S_00122.mp4,http://openapi.kspo.or.kr/web/image/0AUDLJ08S_00122/,2,동영상,허리
,http://openapi.kspo.or.kr/web/video/,허리관련 질환자를 위한 단계별 표준운동 2단계 - 밴드 양팔 (앞으로) 뻗어 다리 바꾸기,10698973,29.97,359,1920*1080,밴드,공통,990,0AUDLJ08S_00122_FR_00012.jpeg,2단계,2021,65,한국어,밴드 양팔 (앞으로) 뻗어 다리 바꾸기,20221024,밴드 양팔 (앞으로) 뻗어 다리 바꾸기,33.033,,mp4,0AUDLJ08S_00122.mp4,http://openapi.kspo.or.kr/web/image/0AUDLJ08S_00122/,3,동영상,허리
8~8,http://openapi.kspo.or.kr/web/video/,허리관련 질환자를 위한 단계별 표준운동 2단계 - 밴드 양팔 (앞으로) 뻗어 다리 바꾸기,10698973,29.97,360,1920*1080,밴드,공통,1277,0AUDLJ08S_00122_SC_00006.jpeg,2단계,2021,65,한국어,밴드 양팔 (앞으로) 뻗어 다리 바꾸기,20221024,밴드 양팔 (앞으로) 뻗어 다리 바꾸기,42.609,,mp4,0AUDLJ08S_00122.mp4,http://openapi.kspo.or.kr/web/image/0AUDLJ08S_00122/,4,동영상,허리
,http://openapi.kspo.or.kr/web/video/,허리관련 질환자를 위한 단계별 표준운동 2단계 - 한 다리로 서서 밴드 양팔 (앞으로) 뻗기,8185737,29.97,361,1920*1080,밴드(고무),공통,30,0AUDLJ08S_00123_SC_00001.jpeg,2단계,2021,50,한국어,한 다리로 서서 밴드 양팔 (앞으로) 뻗기,20221020,한 다리로 서서 밴드 양팔 (앞으로) 뻗기,1.001,,mp4,0AUDLJ08S_00123.mp4,http://openapi.kspo.or.kr/web/image/0AUDLJ08S_00123/,1,동영상,허리
,http://openapi.kspo.or.kr/web/video/,허리관련 질환자를 위한 단계별 표준운동 2단계 - 한 다리로 서서 밴드 양팔 (앞으로) 뻗기,8185737,29.97,362,1920*1080,밴드(고무),공통,450,0AUDLJ08S_00123_FR_00006.jpeg,2단계,2021,50,한국어,한 다리로 서서 밴드 양팔 (앞으로) 뻗기,20221020,한 다리로 서서 밴드 양팔 (앞으로) 뻗기,15.015,,mp4,0AUDLJ08S_00123.mp4,http://openapi.kspo.or.kr/web/image/0AUDLJ08S_00123/,2,동영상,허리
,http://openapi.kspo.or.kr/web/video/,허리관련 질환자를 위한 단계별 표준운동 2단계 - 한 다리로 서서 밴드 양팔 (앞으로) 뻗기,8185737,29.97,363,1920*1080,밴드(고무),공통,540,0AUDLJ08S_00123_FR_00007.jpeg,2단계,2021,50,한국어,한 다리로 서서 밴드 양팔 (앞으로) 뻗기,20221020,한 다리로 서서 밴드 양팔 (앞으로) 뻗기,18.018,,mp4,0AUDLJ08S_00123.mp4,http://openapi.kspo.or.kr/web/image/0AUDLJ08S_00123/,3,동영상,허리
10~10,http://openapi.kspo.or.kr/web/video/,허리관련 질환자를 위한 단계별 표준운동 2단계 - 한 다리로 서서 밴드 양팔 (앞으로) 뻗기,8185737,29.97,364,1920*1080,밴드(고무),공통,1161,0AUDLJ08S_00123_SC_00005.jpeg,2단계,2021,50,한국어,한 다리로 서서 밴드 양팔 (앞으로) 뻗기,20221020,한 다리로 서서 밴드 양팔 (앞으로) 뻗기,38.738,,mp4,0AUDLJ08S_00123.mp4,http://openapi.kspo.or.kr/web/image/0AUDLJ08S_00123/,4,동영상,허리
,http://openapi.kspo.or.kr/web/video/,허리관련 질환자를 위한 단계별 표준운동 2단계 - 막대기를 이용하여 앉아 몸통 회전하기,9132385,29.97,365,1920*1080,긴막대기,공통,30,0AUDLJ08S_00124_SC_00001.jpeg,2단계,2021,57,한국어,막대기를 이용하여 앉아 몸통 회전하기,20221024,막대기를 이용하여 앉아 몸통 회전하기,1.001,,mp4,0AUDLJ08S_00124.mp4,http://openapi.kspo.or.kr/web/image/0AUDLJ08S_00124/,1,동영상,허리
,http://openapi.kspo.or.kr/web/video/,허리관련 질환자를 위한 단계별 표준운동 2단계 - 막대기를 이용하여 앉아 몸통 회전하기,9132385,29.97,366,1920*1080,긴막대기,공통,465,0AUDLJ08S_00124_SC_00003.jpeg,2단계,2021,57,한국어,막대기를 이용하여 앉아 몸통 회전하기,20221024,막대기를 이용하여 앉아 몸통 회전하기,15.515,,mp4,0AUDLJ08S_00124.mp4,http://openapi.kspo.or.kr/web/image/0AUDLJ08S_00124/,2,동영상,허리
,http://openapi.kspo.or.kr/web/video/,허리관련 질환자를 위한 단계별 표준운동 2단계 - 막대기를 이용하여 앉아 몸통 회전하기,9132385,29.97,367,1920*1080,긴막대기,공통,871,0AUDLJ08S_00124_SC_00006.jpeg,2단계,2021,57,한국어,막대기를 이용하여 앉아 몸통 회전하기,20221024,막대기를 이용하여 앉아 몸통 회전하기,29.062,,mp4,0AUDLJ08S_00124.mp4,http://openapi.kspo.or.kr/web/image/0AUDLJ08S_00124/,3,동영상,허리
10~10,http://openapi.kspo.or.kr/web/video/,허리관련 질환자를 위한 단계별 표준운동 2단계 - 막대기를 이용하여 앉아 몸통 회전하기,9132385,29.97,368,1920*1080,긴막대기,공통,1169,0AUDLJ08S_00124_FR_00014.jpeg,2단계,2021,57,한국어,막대기를 이용하여 앉아 몸통 회전하기,20221024,막대기를 이용하여 앉아 몸통 회전하기,39.005,,mp4,0AUDLJ08S_00124.mp4,http://openapi.kspo.or.kr/web/image/0AUDLJ08S_00124/,4,동영상,허리
,http://openapi.kspo.or.kr/web/video/,허리관련 질환자를 위한 단계별 표준운동 2단계 - 막대기를 이용하여 전신 회전하기,9573551,29.97,369,1920*1080,막대기,공통,30,0AUDLJ08S_00125_SC_00001.jpeg,2단계,2021,56,한국어,막대기를 이용하여  전신 회전하기,20221004,막대기를 이용하여 전신 회전하기,1.001,,mp4,0AUDLJ08S_00125.mp4,http://openapi.kspo.or.kr/web/image/0AUDLJ08S_00125/,1,동영상,허리
,http://openapi.kspo.or.kr/web/video/,허리관련 질환자를 위한 단계별 표준운동 2단계 - 막대기를 이용하여 전신 회전하기,9573551,29.97,370,1920*1080,막대기,공통,146,0AUDLJ08S_00125_SC_00002.jpeg,2단계,2021,56,한국어,막대기를 이용하여  전신 회전하기,20221004,막대기를 이용하여 전신 회전하기,4.871,,mp4,0AUDLJ08S_00125.mp4,http://openapi.kspo.or.kr/web/image/0AUDLJ08S_00125/,2,동영상,허리
,http://openapi.kspo.or.kr/web/video/,허리관련 질환자를 위한 단계별 표준운동 2단계 - 막대기를 이용하여 전신 회전하기,9573551,29.97,371,1920*1080,막대기,공통,1045,0AUDLJ08S_00125_SC_00003.jpeg,2단계,2021,56,한국어,막대기를 이용하여  전신 회전하기,20221004,막대기를 이용하여 전신 회전하기,34.868,,mp4,0AUDLJ08S_00125.mp4,http://openapi.kspo.or.kr/web/image/0AUDLJ08S_00125/,3,동영상,허리
,http://openapi.kspo.or.kr/web/video/,허리관련 질환자를 위한 단계별 표준운동 2단계 - 막대기를 이용하여 전신 회전하기,9573551,29.97,372,1920*1080,막대기,공통,1074,0AUDLJ08S_00125_SC_00004.jpeg,2단계,2021,56,한국어,막대기를 이용하여  전신 회전하기,20221004,막대기를 이용하여 전신 회전하기,35.835,,mp4,0AUDLJ08S_00125.mp4,http://openapi.kspo.or.kr/web/image/0AUDLJ08S_00125/,4,동영상,허리
10~10,http://openapi.kspo.or.kr/web/video/,허리관련 질환자를 위한 단계별 표준운동 2단계 - 막대기를 이용하여 전신 회전하기,9573551,29.97,373,1920*1080,막대기,공통,1190,0AUDLJ08S_00125_SC_00005.jpeg,2단계,2021,56,한국어,막대기를 이용하여  전신 회전하기,20221004,막대기를 이용하여 전신 회전하기,39.706,,mp4,0AUDLJ08S_00125.mp4,http://openapi.kspo.or.kr/web/image/0AUDLJ08S_00125/,5,동영상,허리
,http://openapi.kspo.or.kr/web/video/,허리관련 질환자를 위한 단계별 표준운동 2단계 - 막대기를 이용하여 전신 회전하기,9573551,29.97,374,1920*1080,막대기,공통,1277,0AUDLJ08S_00125_SC_00006.jpeg,2단계,2021,56,한국어,막대기를 이용하여  전신 회전하기,20221004,막대기를 이용하여 전신 회전하기,42.609,,mp4,0AUDLJ08S_00125.mp4,http://openapi.kspo.or.kr/web/image/0AUDLJ08S_00125/,6,동영상,허리
,http://openapi.kspo.or.kr/web/video/,허리관련 질환자를 위한 단계별 표준운동 2단계 - 막대기를 이용하여 전신 회전하기,9573551,29.97,375,1920*1080,막대기,공통,1306,0AUDLJ08S_00125_SC_00007.jpeg,2단계,2021,56,한국어,막대기를 이용하여  전신 회전하기,20221004,막대기를 이용하여 전신 회전하기,43.576,,mp4,0AUDLJ08S_00125.mp4,http://openapi.kspo.or.kr/web/image/0AUDLJ08S_00125/,7,동영상,허리
,http://openapi.kspo.or.kr/web/video/,허리관련 질환자를 위한 단계별 표준운동 2단계 - 막대기를 이용하여 (스쿼트자세로) 한팔 위로 뻗기,9666771,29.97,376,1920*1080,긴막대기,공통,30,0AUDLJ08S_00126_SC_00001.jpeg,2단계,2021,59,한국어,막대기를 이용하여 (스쿼트자세로) 한팔 위로 뻗기,20221024,막대기를 이용하여 (스쿼트자세로) 한팔 위로 뻗기,1.001,,mp4,0AUDLJ08S_00126.mp4,http://openapi.kspo.or.kr/web/image/0AUDLJ08S_00126/,1,동영상,허리
,http://openapi.kspo.or.kr/web/video/,허리관련 질환자를 위한 단계별 표준운동 2단계 - 막대기를 이용하여 (스쿼트자세로) 한팔 위로 뻗기,9666771,29.97,377,1920*1080,긴막대기,공통,630,0AUDLJ08S_00126_FR_00008.jpeg,2단계,2021,59,한국어,막대기를 이용하여 (스쿼트자세로) 한팔 위로 뻗기,20221024,막대기를 이용하여 (스쿼트자세로) 한팔 위로 뻗기,21.021,,mp4,0AUDLJ08S_00126.mp4,http://openapi.kspo.or.kr/web/image/0AUDLJ08S_00126/,2,동영상,허리
,http://openapi.kspo.or.kr/web/video/,허리관련 질환자를 위한 단계별 표준운동 2단계 - 막대기를 이용하여 (스쿼트자세로) 한팔 위로 뻗기,9666771,29.97,378,1920*1080,긴막대기,공통,990,0AUDLJ08S_00126_FR_00012.jpeg,2단계,2021,59,한국어,막대기를 이용하여 (스쿼트자세로) 한팔 위로 뻗기,20221024,막대기를 이용하여 (스쿼트자세로) 한팔 위로 뻗기,33.033,,mp4,0AUDLJ08S_00126.mp4,http://openapi.kspo.or.kr/web/image/0AUDLJ08S_00126/,3,동영상,허리
10~10,http://openapi.kspo.or.kr/web/video/,허리관련 질환자를 위한 단계별 표준운동 2단계 - 막대기를 이용하여 (스쿼트자세로) 한팔 위로 뻗기,9666771,29.97,379,1920*1080,긴막대기,공통,1190,0AUDLJ08S_00126_SC_00004.jpeg,2단계,2021,59,한국어,막대기를 이용하여 (스쿼트자세로) 한팔 위로 뻗기,20221024,막대기를 이용하여 (스쿼트자세로) 한팔 위로 뻗기,39.706,,mp4,0AUDLJ08S_00126.mp4,http://openapi.kspo.or.kr/web/image/0AUDLJ08S_00126/,4,동영상,허리
,http://openapi.kspo.or.kr/web/video/,허리관련 질환자를 위한 단계별 표준운동 2단계 - 밴드잡고 팔다리 교차하기,12205152,29.97,380,1920*1080,밴드(고무),공통,30,0AUDLJ08S_00127_SC_00001.jpeg,2단계,2021,72,한국어,밴드 잡고 팔다리 교차하기,20221020,밴드잡고 팔다리 교차하기,1.001,,mp4,0AUDLJ08S_00127.mp4,http://openapi.kspo.or.kr/web/image/0AUDLJ08S_00127/,1,동영상,허리
,http://openapi.kspo.or.kr/web/video/,허리관련 질환자를 위한 단계별 표준운동 2단계 - 밴드잡고 팔다리 교차하기,12205152,29.97,381,1920*1080,밴드(고무),공통,540,0AUDLJ08S_00127_FR_00007.jpeg,2단계,2021,72,한국어,밴드 잡고 팔다리 교차하기,20221020,밴드잡고 팔다리 교차하기,18.018,,mp4,0AUDLJ08S_00127.mp4,http://openapi.kspo.or.kr/web/image/0AUDLJ08S_00127/,2,동영상,허리
,http://openapi.kspo.or.kr/web/video/,허리관련 질환자를 위한 단계별 표준운동 2단계 - 밴드잡고 팔다리 교차하기,12205152,29.97,382,1920*1080,밴드(고무),공통,810,0AUDLJ08S_00127_FR_00010.jpeg,2단계,2021,72,한국어,밴드 잡고 팔다리 교차하기,20221020,밴드잡고 팔다리 교차하기,27.027,,mp4,0AUDLJ08S_00127.mp4,http://openapi.kspo.or.kr/web/image/0AUDLJ08S_00127/,3,동영상,허리
10~10,http://openapi.kspo.or.kr/web/video/,허리관련 질환자를 위한 단계별 표준운동 2단계 - 밴드잡고 팔다리 교차하기,12205152,29.97,383,1920*1080,밴드(고무),공통,1480,0AUDLJ08S_00127_SC_00004.jpeg,2단계,2021,72,한국어,밴드 잡고 팔다리 교차하기,20221020,밴드잡고 팔다리 교차하기,49.382,,mp4,0AUDLJ08S_00127.mp4,http://openapi.kspo.or.kr/web/image/0AUDLJ08S_00127/,4,동영상,허리
,http://openapi.kspo.or.kr/web/video/,허리관련 질환자를 위한 단계별 표준운동 2단계 - 밴드잡고 팔다리 교차하기,12205152,29.97,384,1920*1080,밴드(고무),공통,1709,0AUDLJ08S_00127_FR_00020.jpeg,2단계,2021,72,한국어,밴드 잡고 팔다리 교차하기,20221020,밴드잡고 팔다리 교차하기,57.023,,mp4,0AUDLJ08S_00127.mp4,http://openapi.kspo.or.kr/web/image/0AUDLJ08S_00127/,5,동영상,허리
,http://openapi.kspo.or.kr/web/video/,허리관련 질환자를 위한 단계별 표준운동 2단계 - 케틀벨들고 밴드잡고 팔다리 교차하기,11435415,29.97,385,1920*1080,밴드(고무),공통,30,0AUDLJ08S_00128_SC_00001.jpeg,2단계,2021,68,한국어,케틀벨 들고 밴드 잡고 팔다리 교차하기,20221020,케틀벨들고 밴드잡고 팔다리 교차하기,1.001,,mp4,0AUDLJ08S_00128.mp4,http://openapi.kspo.or.kr/web/image/0AUDLJ08S_00128/,1,동영상,허리
,http://openapi.kspo.or.kr/web/video/,허리관련 질환자를 위한 단계별 표준운동 2단계 - 케틀벨들고 밴드잡고 팔다리 교차하기,11435415,29.97,386,1920*1080,밴드(고무),공통,540,0AUDLJ08S_00128_FR_00007.jpeg,2단계,2021,68,한국어,케틀벨 들고 밴드 잡고 팔다리 교차하기,20221020,케틀벨들고 밴드잡고 팔다리 교차하기,18.018,,mp4,0AUDLJ08S_00128.mp4,http://openapi.kspo.or.kr/web/image/0AUDLJ08S_00128/,2,동영상,허리
,http://openapi.kspo.or.kr/web/video/,허리관련 질환자를 위한 단계별 표준운동 2단계 - 케틀벨들고 밴드잡고 팔다리 교차하기,11435415,29.97,387,1920*1080,밴드(고무),공통,900,0AUDLJ08S_00128_FR_00011.jpeg,2단계,2021,68,한국어,케틀벨 들고 밴드 잡고 팔다리 교차하기,20221020,케틀벨들고 밴드잡고 팔다리 교차하기,30.03,,mp4,0AUDLJ08S_00128.mp4,http://openapi.kspo.or.kr/web/image/0AUDLJ08S_00128/,3,동영상,허리
10~10,http://openapi.kspo.or.kr/web/video/,허리관련 질환자를 위한 단계별 표준운동 2단계 - 케틀벨들고 밴드잡고 팔다리 교차하기,11435415,29.97,388,1920*1080,밴드(고무),공통,1169,0AUDLJ08S_00128_FR_00014.jpeg,2단계,2021,68,한국어,케틀벨 들고 밴드 잡고 팔다리 교차하기,20221020,케틀벨들고 밴드잡고 팔다리 교차하기,39.005,,mp4,0AUDLJ08S_00128.mp4,http://openapi.kspo.or.kr/web/image/0AUDLJ08S_00128/,4,동영상,허리
,http://openapi.kspo.or.kr/web/video/,허리관련 질환자를 위한 단계별 표준운동 2단계 - 케틀벨들고 밴드잡고 팔다리 교차하기,11435415,29.97,389,1920*1080,밴드(고무),공통,1654,0AUDLJ08S_00128_SC_00004.jpeg,2단계,2021,68,한국어,케틀벨 들고 밴드 잡고 팔다리 교차하기,20221020,케틀벨들고 밴드잡고 팔다리 교차하기,55.188,,mp4,0AUDLJ08S_00128.mp4,http://openapi.kspo.or.kr/web/image/0AUDLJ08S_00128/,5,동영상,허리
,http://openapi.kspo.or.kr/web/video/,허리관련 질환자를 위한 단계별 표준운동 2단계 - 엎드려 팔 다리 들기,6677297,29.97,390,1920*1080,,공통,30,0AUDLJ08S_00129_SC_00001.jpeg,,2021,41,한국어,,20221006,엎드려 팔 다리 들기,1.001,,mp4,0AUDLJ08S_00129.mp4,http://openapi.kspo.or.kr/web/image/0AUDLJ08S_00129/,1,동영상,허리
,http://openapi.kspo.or.kr/web/video/,허리관련 질환자를 위한 단계별 표준운동 2단계 - 엎드려 팔 다리 들기,6677297,29.97,391,1920*1080,매트,공통,146,0AUDLJ08S_00129_SC_00002.jpeg,2단계,2021,41,한국어,엎드려 팔 다리 들기,20221006,엎드려 팔 다리 들기,4.871,,mp4,0AUDLJ08S_00129.mp4,http://openapi.kspo.or.kr/web/image/0AUDLJ08S_00129/,2,동영상,허리
,http://openapi.kspo.or.kr/web/video/,허리관련 질환자를 위한 단계별 표준운동 2단계 - 엎드려 팔 다리 들기,6677297,29.97,392,1920*1080,매트,공통,871,0AUDLJ08S_00129_SC_00003.jpeg,2단계,2021,41,한국어,엎드려 팔 다리 들기,20221006,엎드려 팔 다리 들기,29.062,,mp4,0AUDLJ08S_00129.mp4,http://openapi.kspo.or.kr/web/image/0AUDLJ08S_00129/,3,동영상,허리
,http://openapi.kspo.or.kr/web/video/,허리관련 질환자를 위한 단계별 표준운동 2단계 - 엎드려 팔 다리 들기,6677297,29.97,393,1920*1080,매트,공통,987,0AUDLJ08S_00129_SC_00004.jpeg,2단계,2021,41,한국어,엎드려 팔 다리 들기,20221006,엎드려 팔 다리 들기,32.932,,mp4,0AUDLJ08S_00129.mp4,http://openapi.kspo.or.kr/web/image/0AUDLJ08S_00129/,4,동영상,허리
,http://openapi.kspo.or.kr/web/video/,허리관련 질환자를 위한 단계별 표준운동 2단계 - 엎드려 팔 다리 들기,6677297,29.97,394,1920*1080,매트,공통,1016,0AUDLJ08S_00129_SC_00005.jpeg,2단계,2021,41,한국어,엎드려 팔 다리 들기,20221006,엎드려 팔 다리 들기,33.9,,mp4,0AUDLJ08S_00129.mp4,http://openapi.kspo.or.kr/web/image/0AUDLJ08S_00129/,5,동영상,허리
,http://openapi.kspo.or.kr/web/video/,허리관련 질환자를 위한 단계별 표준운동 2단계 - 상체변화 플랭크,8117867,29.96,395,1920*1080,매트,공통,30,0AUDLJ08S_00130_SC_00001.jpeg,2단계,2021,50,한국어,상체변화 플랭크,20221004,상체변화 플랭크,1.001,,mp4,0AUDLJ08S_00130.mp4,http://openapi.kspo.or.kr/web/image/0AUDLJ08S_00130/,1,동영상,허리
,http://openapi.kspo.or.kr/web/video/,허리관련 질환자를 위한 단계별 표준운동 2단계 - 상체변화 플랭크,8117867,29.96,396,1920*1080,매트,공통,180,0AUDLJ08S_00130_FR_00003.jpeg,2단계,2021,50,한국어,상체변화 플랭크,20221004,상체변화 플랭크,6.006,,mp4,0AUDLJ08S_00130.mp4,http://openapi.kspo.or.kr/web/image/0AUDLJ08S_00130/,2,동영상,허리
,http://openapi.kspo.or.kr/web/video/,허리관련 질환자를 위한 단계별 표준운동 2단계 - 상체변화 플랭크,8117867,29.96,397,1920*1080,매트,공통,360,0AUDLJ08S_00130_FR_00005.jpeg,2단계,2021,50,한국어,상체변화 플랭크,20221004,상체변화 플랭크,12.012,,mp4,0AUDLJ08S_00130.mp4,http://openapi.kspo.or.kr/web/image/0AUDLJ08S_00130/,3,동영상,허리
,http://openapi.kspo.or.kr/web/video/,허리관련 질환자를 위한 단계별 표준운동 2단계 - 상체변화 플랭크,8117867,29.96,398,1920*1080,매트,공통,697,0AUDLJ08S_00130_SC_00003.jpeg,2단계,2021,50,한국어,상체변화 플랭크,20221004,상체변화 플랭크,23.256,,mp4,0AUDLJ08S_00130.mp4,http://openapi.kspo.or.kr/web/image/0AUDLJ08S_00130/,4,동영상,허리
,http://openapi.kspo.or.kr/web/video/,허리관련 질환자를 위한 단계별 표준운동 2단계 - 상체변화 플랭크,8117867,29.96,399,1920*1080,매트,공통,1016,0AUDLJ08S_00130_SC_00007.jpeg,2단계,2021,50,한국어,상체변화 플랭크,20221004,상체변화 플랭크,33.9,,mp4,0AUDLJ08S_00130.mp4,http://openapi.kspo.or.kr/web/image/0AUDLJ08S_00130/,5,동영상,허리
,http://openapi.kspo.or.kr/web/video/,허리관련 질환자를 위한 단계별 표준운동 2단계 - 상체변화 플랭크,8117867,29.96,400,1920*1080,매트,공통,1045,0AUDLJ08S_00130_SC_00008.jpeg,2단계,2021,50,한국어,상체변화 플랭크,20221004,상체변화 플랭크,34.868,,mp4,0AUDLJ08S_00130.mp4,http://openapi.kspo.or.kr/web/image/0AUDLJ08S_00130/,6,동영상,허리
,http://openapi.kspo.or.kr/web/video/,허리관련 질환자를 위한 단계별 표준운동 2단계 - 상체변화 플랭크,8117867,29.96,401,1920*1080,매트,공통,1074,0AUDLJ08S_00130_SC_00009.jpeg,2단계,2021,50,한국어,상체변화 플랭크,20221004,상체변화 플랭크,35.835,,mp4,0AUDLJ08S_00130.mp4,http://openapi.kspo.or.kr/web/image/0AUDLJ08S_00130/,7,동영상,허리
,http://openapi.kspo.or.kr/web/video/,허리관련 질환자를 위한 단계별 표준운동 2단계 - 상체변화 플랭크,8117867,29.96,402,1920*1080,매트,공통,1103,0AUDLJ08S_00130_SC_00010.jpeg,2단계,2021,50,한국어,상체변화 플랭크,20221004,상체변화 플랭크,36.803,,mp4,0AUDLJ08S_00130.mp4,http://openapi.kspo.or.kr/web/image/0AUDLJ08S_00130/,8,동영상,허리
,http://openapi.kspo.or.kr/web/video/,허리관련 질환자를 위한 단계별 표준운동 2단계 - 양발 앞뒤로 뻗어 한 팔 위로 상체 비틀기,7592045,29.97,403,1920*1080,,공통,30,0AUDLJ08S_00131_SC_00001.jpeg,,2021,48,한국어,,20221006,양발 앞뒤로 뻗어 한 팔 위로 상체 비틀기,1.001,,mp4,0AUDLJ08S_00131.mp4,http://openapi.kspo.or.kr/web/image/0AUDLJ08S_00131/,1,동영상,허리
,http://openapi.kspo.or.kr/web/video/,허리관련 질환자를 위한 단계별 표준운동 2단계 - 양발 앞뒤로 뻗어 한 팔 위로 상체 비틀기,7592045,29.97,404,1920*1080,매트,공통,146,0AUDLJ08S_00131_SC_00002.jpeg,2단계,2021,48,한국어,양발 앞뒤로 뻗어 한팔 위로 상체 비틀기,20221006,양발 앞뒤로 뻗어 한 팔 위로 상체 비틀기,4.871,,mp4,0AUDLJ08S_00131.mp4,http://openapi.kspo.or.kr/web/image/0AUDLJ08S_00131/,2,동영상,허리
,http://openapi.kspo.or.kr/web/video/,허리관련 질환자를 위한 단계별 표준운동 2단계 - 양발 앞뒤로 뻗어 한 팔 위로 상체 비틀기,7592045,29.97,405,1920*1080,매트,공통,349,0AUDLJ08S_00131_SC_00003.jpeg,2단계,2021,48,한국어,양발 앞뒤로 뻗어 한팔 위로 상체 비틀기,20221006,양발 앞뒤로 뻗어 한 팔 위로 상체 비틀기,11.644,,mp4,0AUDLJ08S_00131.mp4,http://openapi.kspo.or.kr/web/image/0AUDLJ08S_00131/,3,동영상,허리
,http://openapi.kspo.or.kr/web/video/,허리관련 질환자를 위한 단계별 표준운동 2단계 - 양발 앞뒤로 뻗어 한 팔 위로 상체 비틀기,7592045,29.97,406,1920*1080,매트,공통,610,0AUDLJ08S_00131_SC_00004.jpeg,2단계,2021,48,한국어,양발 앞뒤로 뻗어 한팔 위로 상체 비틀기,20221006,양발 앞뒤로 뻗어 한 팔 위로 상체 비틀기,20.353,,mp4,0AUDLJ08S_00131.mp4,http://openapi.kspo.or.kr/web/image/0AUDLJ08S_00131/,4,동영상,허리
,http://openapi.kspo.or.kr/web/video/,허리관련 질환자를 위한 단계별 표준운동 2단계 - 양발 앞뒤로 뻗어 한 팔 위로 상체 비틀기,7592045,29.97,407,1920*1080,매트,공통,900,0AUDLJ08S_00131_SC_00005.jpeg,2단계,2021,48,한국어,양발 앞뒤로 뻗어 한팔 위로 상체 비틀기,20221006,양발 앞뒤로 뻗어 한 팔 위로 상체 비틀기,30.03,,mp4,0AUDLJ08S_00131.mp4,http://openapi.kspo.or.kr/web/image/0AUDLJ08S_00131/,5,동영상,허리
,http://openapi.kspo.or.kr/web/video/,허리관련 질환자를 위한 단계별 표준운동 2단계 - 뒤로 땅 짚고 엉덩이 들어올리기,6581383,29.97,408,1920*1080,,공통,30,0AUDLJ08S_00132_SC_00001.jpeg,2단계,2021,41,한국어,뒤로 땅 짚고 엉덩이 들어올리기,20221024,뒤로 땅 짚고 엉덩이 들어올리기,1.001,,mp4,0AUDLJ08S_00132.mp4,http://openapi.kspo.or.kr/web/image/0AUDLJ08S_00132/,1,동영상,허리
,http://openapi.kspo.or.kr/web/video/,허리관련 질환자를 위한 단계별 표준운동 2단계 - 뒤로 땅 짚고 엉덩이 들어올리기,6581383,29.97,409,1920*1080,,공통,581,0AUDLJ08S_00132_SC_00005.jpeg,2단계,2021,41,한국어,뒤로 땅 짚고 엉덩이 들어올리기,20221024,뒤로 땅 짚고 엉덩이 들어올리기,19.386,,mp4,0AUDLJ08S_00132.mp4,http://openapi.kspo.or.kr/web/image/0AUDLJ08S_00132/,2,동영상,허리
8~12,http://openapi.kspo.or.kr/web/video/,허리관련 질환자를 위한 단계별 표준운동 2단계 - 뒤로 땅 짚고 엉덩이 들어올리기,6581383,29.97,410,1920*1080,,공통,842,0AUDLJ08S_00132_SC_00010.jpeg,2단계,2021,41,한국어,뒤로 땅 짚고 엉덩이 들어올리기,20221024,뒤로 땅 짚고 엉덩이 들어올리기,28.094,,mp4,0AUDLJ08S_00132.mp4,http://openapi.kspo.or.kr/web/image/0AUDLJ08S_00132/,3,동영상,허리
,http://openapi.kspo.or.kr/web/video/,무릎관련 질환자를 위한 단계별 표준운동 1단계 - 다리 들어올리기,9643563,29.97,411,1920*1080,매트,공통,30,0AUDLJ08S_00133_SC_00001.jpeg,1단계,2021,59,한국어,다리 들어올리기,20221004,다리 들어올리기,1.001,,mp4,0AUDLJ08S_00133.mp4,http://openapi.kspo.or.kr/web/image/0AUDLJ08S_00133/,1,동영상,무릎
,http://openapi.kspo.or.kr/web/video/,무릎관련 질환자를 위한 단계별 표준운동 1단계 - 다리 들어올리기,9643563,29.97,412,1920*1080,매트,공통,320,0AUDLJ08S_00133_SC_00003.jpeg,1단계,2021,59,한국어,다리 들어올리기,20221004,다리 들어올리기,10.677,,mp4,0AUDLJ08S_00133.mp4,http://openapi.kspo.or.kr/web/image/0AUDLJ08S_00133/,2,동영상,무릎
,http://openapi.kspo.or.kr/web/video/,무릎관련 질환자를 위한 단계별 표준운동 1단계 - 다리 들어올리기,9643563,29.97,413,1920*1080,매트,공통,465,0AUDLJ08S_00133_SC_00004.jpeg,1단계,2021,59,한국어,다리 들어올리기,20221004,다리 들어올리기,15.515,6~6 초,mp4,0AUDLJ08S_00133.mp4,http://openapi.kspo.or.kr/web/image/0AUDLJ08S_00133/,3,동영상,무릎
12~12,http://openapi.kspo.or.kr/web/video/,무릎관련 질환자를 위한 단계별 표준운동 1단계 - 다리 들어올리기,9643563,29.97,414,1920*1080,매트,공통,784,0AUDLJ08S_00133_SC_00005.jpeg,1단계,2021,59,한국어,다리 들어올리기,20221004,다리 들어올리기,26.159,,mp4,0AUDLJ08S_00133.mp4,http://openapi.kspo.or.kr/web/image/0AUDLJ08S_00133/,4,동영상,무릎
12~12,http://openapi.kspo.or.kr/web/video/,무릎관련 질환자를 위한 단계별 표준운동 1단계 - 다리 들어올리기,9643563,29.97,415,1920*1080,매트,공통,813,0AUDLJ08S_00133_SC_00006.jpeg,1단계,2021,59,한국어,다리 들어올리기,20221004,다리 들어올리기,27.127,,mp4,0AUDLJ08S_00133.mp4,http://openapi.kspo.or.kr/web/image/0AUDLJ08S_00133/,5,동영상,무릎
12~12,http://openapi.kspo.or.kr/web/video/,무릎관련 질환자를 위한 단계별 표준운동 1단계 - 다리 들어올리기,9643563,29.97,416,1920*1080,매트,공통,871,0AUDLJ08S_00133_SC_00007.jpeg,1단계,2021,59,한국어,다리 들어올리기,20221004,다리 들어올리기,29.062,,mp4,0AUDLJ08S_00133.mp4,http://openapi.kspo.or.kr/web/image/0AUDLJ08S_00133/,6,동영상,무릎
12~12,http://openapi.kspo.or.kr/web/video/,무릎관련 질환자를 위한 단계별 표준운동 1단계 - 다리 들어올리기,9643563,29.97,417,1920*1080,매트,공통,1016,0AUDLJ08S_00133_SC_00008.jpeg,1단계,2021,59,한국어,다리 들어올리기,20221004,다리 들어올리기,33.9,,mp4,0AUDLJ08S_00133.mp4,http://openapi.kspo.or.kr/web/image/0AUDLJ08S_00133/,7,동영상,무릎
12~12,http://openapi.kspo.or.kr/web/video/,무릎관련 질환자를 위한 단계별 표준운동 1단계 - 다리 들어올리기,9643563,29.97,418,1920*1080,매트,공통,1045,0AUDLJ08S_00133_SC_00009.jpeg,1단계,2021,59,한국어,다리 들어올리기,20221004,다리 들어올리기,34.868,,mp4,0AUDLJ08S_00133.mp4,http://openapi.kspo.or.kr/web/image/0AUDLJ08S_00133/,8,동영상,무릎
,http://openapi.kspo.or.kr/web/video/,무릎관련 질환자를 위한 단계별 표준운동 1단계 - 옆으로 누워 다리 들어올리기,10404537,29.97,419,1920*1080,매트,공통,30,0AUDLJ08S_00134_SC_00001.jpeg,1단계,2021,64,한국어,옆으로 누워 다리 들어올리기,20221005,옆으로 누워 다리 들어올리기,1.001,,mp4,0AUDLJ08S_00134.mp4,http://openapi.kspo.or.kr/web/image/0AUDLJ08S_00134/,1,동영상,무릎
,http://openapi.kspo.or.kr/web/video/,무릎관련 질환자를 위한 단계별 표준운동 1단계 - 옆으로 누워 다리 들어올리기,10404537,29.97,420,1920*1080,매트,공통,668,0AUDLJ08S_00134_SC_00004.jpeg,1단계,2021,64,한국어,옆으로 누워 다리 들어올리기,20221005,옆으로 누워 다리 들어올리기,22.288,1~6 초,mp4,0AUDLJ08S_00134.mp4,http://openapi.kspo.or.kr/web/image/0AUDLJ08S_00134/,2,동영상,무릎
2~12,http://openapi.kspo.or.kr/web/video/,무릎관련 질환자를 위한 단계별 표준운동 1단계 - 옆으로 누워 다리 들어올리기,10404537,29.97,421,1920*1080,매트,공통,784,0AUDLJ08S_00134_SC_00005.jpeg,1단계,2021,64,한국어,옆으로 누워 다리 들어올리기,20221005,옆으로 누워 다리 들어올리기,26.159,,mp4,0AUDLJ08S_00134.mp4,http://openapi.kspo.or.kr/web/image/0AUDLJ08S_00134/,3,동영상,무릎
2~12,http://openapi.kspo.or.kr/web/video/,무릎관련 질환자를 위한 단계별 표준운동 1단계 - 옆으로 누워 다리 들어올리기,10404537,29.97,422,1920*1080,매트,공통,842,0AUDLJ08S_00134_SC_00006.jpeg,1단계,2021,64,한국어,옆으로 누워 다리 들어올리기,20221005,옆으로 누워 다리 들어올리기,28.094,,mp4,0AUDLJ08S_00134.mp4,http://openapi.kspo.or.kr/web/image/0AUDLJ08S_00134/,4,동영상,무릎
,http://openapi.kspo.or.kr/web/video/,무릎관련 질환자를 위한 단계별 표준운동 1단계 - 옆으로 누워 다리 들어올리기,10404537,29.97,423,1920*1080,매트,공통,1277,0AUDLJ08S_00134_SC_00007.jpeg,1단계,2021,64,한국어,옆으로 누워 다리 들어올리기,20221005,옆으로 누워 다리 들어올리기,42.609,,mp4,0AUDLJ08S_00134.mp4,http://openapi.kspo.or.kr/web/image/0AUDLJ08S_00134/,5,동영상,무릎
,http://openapi.kspo.or.kr/web/video/,무릎관련 질환자를 위한 단계별 표준운동 1단계 - 옆으로 누워 안쪽다리 올리기,11028018,29.97,424,1920*1080,매트,공통,30,0AUDLJ08S_00135_SC_00001.jpeg,1단계,2021,67,한국어,옆으로 누워 안쪽다리 올리기,20221026,옆으로 누워 안쪽다리 올리기,1.001,,mp4,0AUDLJ08S_00135.mp4,http://openapi.kspo.or.kr/web/image/0AUDLJ08S_00135/,1,동영상,무릎
,http://openapi.kspo.or.kr/web/video/,무릎관련 질환자를 위한 단계별 표준운동 1단계 - 옆으로 누워 안쪽다리 올리기,11028018,29.97,425,1920*1080,매트,공통,540,0AUDLJ08S_00135_FR_00007.jpeg,1단계,2021,67,한국어,옆으로 누워 안쪽다리 올리기,20221026,옆으로 누워 안쪽다리 올리기,18.018,,mp4,0AUDLJ08S_00135.mp4,http://openapi.kspo.or.kr/web/image/0AUDLJ08S_00135/,2,동영상,무릎
,http://openapi.kspo.or.kr/web/video/,무릎관련 질환자를 위한 단계별 표준운동 1단계 - 옆으로 누워 안쪽다리 올리기,11028018,29.97,426,1920*1080,매트,공통,610,0AUDLJ08S_00135_SC_00007.jpeg,1단계,2021,67,한국어,옆으로 누워 안쪽다리 올리기,20221026,옆으로 누워 안쪽다리 올리기,20.353,,mp4,0AUDLJ08S_00135.mp4,http://openapi.kspo.or.kr/web/image/0AUDLJ08S_00135/,3,동영상,무릎
12~12,http://openapi.kspo.or.kr/web/video/,무릎관련 질환자를 위한 단계별 표준운동 1단계 - 옆으로 누워 안쪽다리 올리기,11028018,29.97,427,1920*1080,매트,공통,929,0AUDLJ08S_00135_SC_00009.jpeg,1단계,2021,67,한국어,옆으로 누워 안쪽다리 올리기,20221026,옆으로 누워 안쪽다리 올리기,30.997,,mp4,0AUDLJ08S_00135.mp4,http://openapi.kspo.or.kr/web/image/0AUDLJ08S_00135/,4,동영상,무릎
,http://openapi.kspo.or.kr/web/video/,무릎관련 질환자를 위한 단계별 표준운동 1단계 - 옆으로 누워 안쪽다리 올리기,11028018,29.97,428,1920*1080,매트,공통,1439,0AUDLJ08S_00135_FR_00017.jpeg,1단계,2021,67,한국어,옆으로 누워 안쪽다리 올리기,20221026,옆으로 누워 안쪽다리 올리기,48.014,,mp4,0AUDLJ08S_00135.mp4,http://openapi.kspo.or.kr/web/image/0AUDLJ08S_00135/,5,동영상,무릎
,http://openapi.kspo.or.kr/web/video/,무릎관련 질환자를 위한 단계별 표준운동 1단계 - 한 다리 들고 원 그리기,11034732,29.97,429,1920*1080,매트,공통,30,0AUDLJ08S_00136_SC_00001.jpeg,1단계,2021,67,한국어,한 다리 들고 원 그리기,20221005,한 다리 들고 원 그리기,1.001,,mp4,0AUDLJ08S_00136.mp4,http://openapi.kspo.or.kr/web/image/0AUDLJ08S_00136/,1,동영상,무릎
,http://openapi.kspo.or.kr/web/video/,무릎관련 질환자를 위한 단계별 표준운동 1단계 - 한 다리 들고 원 그리기,11034732,29.97,430,1920*1080,매트,공통,540,0AUDLJ08S_00136_FR_00007.jpeg,1단계,2021,67,한국어,한 다리 들고 원 그리기,20221005,한 다리 들고 원 그리기,18.018,,mp4,0AUDLJ08S_00136.mp4,http://openapi.kspo.or.kr/web/image/0AUDLJ08S_00136/,2,동영상,무릎
,http://openapi.kspo.or.kr/web/video/,무릎관련 질환자를 위한 단계별 표준운동 1단계 - 한 다리 들고 원 그리기,11034732,29.97,431,1920*1080,매트,공통,720,0AUDLJ08S_00136_FR_00009.jpeg,1단계,2021,67,한국어,한 다리 들고 원 그리기,20221005,한 다리 들고 원 그리기,24.024,,mp4,0AUDLJ08S_00136.mp4,http://openapi.kspo.or.kr/web/image/0AUDLJ08S_00136/,3,동영상,무릎
2~10,http://openapi.kspo.or.kr/web/video/,무릎관련 질환자를 위한 단계별 표준운동 1단계 - 한 다리 들고 원 그리기,11034732,29.97,432,1920*1080,매트,공통,1277,0AUDLJ08S_00136_SC_00004.jpeg,1단계,2021,67,한국어,한 다리 들고 원 그리기,20221005,한 다리 들고 원 그리기,42.609,,mp4,0AUDLJ08S_00136.mp4,http://openapi.kspo.or.kr/web/image/0AUDLJ08S_00136/,4,동영상,무릎
,http://openapi.kspo.or.kr/web/video/,무릎관련 질환자를 위한 단계별 표준운동 1단계 - 한 다리 들고 원 그리기,11034732,29.97,433,1920*1080,매트,공통,1709,0AUDLJ08S_00136_FR_00020.jpeg,1단계,2021,67,한국어,한 다리 들고 원 그리기,20221005,한 다리 들고 원 그리기,57.023,,mp4,0AUDLJ08S_00136.mp4,http://openapi.kspo.or.kr/web/image/0AUDLJ08S_00136/,5,동영상,무릎
,http://openapi.kspo.or.kr/web/video/,무릎관련 질환자를 위한 단계별 표준운동 1단계 - 브릿지 후 뒤꿈치 들기,11976092,29.97,434,1920*1080,매트,공통,30,0AUDLJ08S_00137_SC_00001.jpeg,1단계,2021,73,한국어,브릿지 후 뒤꿈치 들기,20221004,브릿지 후 뒤꿈치 들기,1.001,,mp4,0AUDLJ08S_00137.mp4,http://openapi.kspo.or.kr/web/image/0AUDLJ08S_00137/,1,동영상,무릎
,http://openapi.kspo.or.kr/web/video/,무릎관련 질환자를 위한 단계별 표준운동 1단계 - 브릿지 후 뒤꿈치 들기,11976092,29.97,435,1920*1080,매트,공통,450,0AUDLJ08S_00137_FR_00006.jpeg,1단계,2021,73,한국어,브릿지 후 뒤꿈치 들기,20221004,브릿지 후 뒤꿈치 들기,15.015,,mp4,0AUDLJ08S_00137.mp4,http://openapi.kspo.or.kr/web/image/0AUDLJ08S_00137/,2,동영상,무릎
,http://openapi.kspo.or.kr/web/video/,무릎관련 질환자를 위한 단계별 표준운동 1단계 - 브릿지 후 뒤꿈치 들기,11976092,29.97,436,1920*1080,매트,공통,540,0AUDLJ08S_00137_FR_00007.jpeg,1단계,2021,73,한국어,브릿지 후 뒤꿈치 들기,20221004,브릿지 후 뒤꿈치 들기,18.018,,mp4,0AUDLJ08S_00137.mp4,http://openapi.kspo.or.kr/web/image/0AUDLJ08S_00137/,3,동영상,무릎
8~12,http://openapi.kspo.or.kr/web/video/,무릎관련 질환자를 위한 단계별 표준운동 1단계 - 브릿지 후 뒤꿈치 들기,11976092,29.97,437,1920*1080,매트,공통,1079,0AUDLJ08S_00137_FR_00013.jpeg,1단계,2021,73,한국어,브릿지 후 뒤꿈치 들기,20221004,브릿지 후 뒤꿈치 들기,36.002,,mp4,0AUDLJ08S_00137.mp4,http://openapi.kspo.or.kr/web/image/0AUDLJ08S_00137/,4,동영상,무릎
,http://openapi.kspo.or.kr/web/video/,무릎관련 질환자를 위한 단계별 표준운동 1단계 - 브릿지 후 뒤꿈치 들기,11976092,29.97,438,1920*1080,매트,공통,1248,0AUDLJ08S_00137_SC_00005.jpeg,1단계,2021,73,한국어,브릿지 후 뒤꿈치 들기,20221004,브릿지 후 뒤꿈치 들기,41.641,,mp4,0AUDLJ08S_00137.mp4,http://openapi.kspo.or.kr/web/image/0AUDLJ08S_00137/,5,동영상,무릎
,http://openapi.kspo.or.kr/web/video/,무릎관련 질환자를 위한 단계별 표준운동 1단계 - 브릿지 후 뒤꿈치 들기,11976092,29.97,439,1920*1080,매트,공통,1889,0AUDLJ08S_00137_FR_00022.jpeg,1단계,2021,73,한국어,브릿지 후 뒤꿈치 들기,20221004,브릿지 후 뒤꿈치 들기,63.029,,mp4,0AUDLJ08S_00137.mp4,http://openapi.kspo.or.kr/web/image/0AUDLJ08S_00137/,6,동영상,무릎
,http://openapi.kspo.or.kr/web/video/,무릎관련 질환자를 위한 단계별 표준운동 1단계 - 네발기기 자세로 뒷발차기,9347928,29.97,440,1920*1080,매트,공통,30,0AUDLJ08S_00138_SC_00001.jpeg,,2021,57,한국어,,20221006,네발기기 자세로 뒷발차기,1.001,,mp4,0AUDLJ08S_00138.mp4,http://openapi.kspo.or.kr/web/image/0AUDLJ08S_00138/,1,동영상,무릎
,http://openapi.kspo.or.kr/web/video/,무릎관련 질환자를 위한 단계별 표준운동 1단계 - 네발기기 자세로 뒷발차기,9347928,29.97,441,1920*1080,매트,공통,146,0AUDLJ08S_00138_SC_00002.jpeg,1단계,2021,57,한국어,네발기기 자세로 뒷발차기,20221006,네발기기 자세로 뒷발차기,4.871,,mp4,0AUDLJ08S_00138.mp4,http://openapi.kspo.or.kr/web/image/0AUDLJ08S_00138/,2,동영상,무릎
,http://openapi.kspo.or.kr/web/video/,무릎관련 질환자를 위한 단계별 표준운동 1단계 - 네발기기 자세로 뒷발차기,9347928,29.97,442,1920*1080,매트,공통,360,0AUDLJ08S_00138_FR_00005.jpeg,1단계,2021,57,한국어,네발기기 자세로 뒷발차기,20221006,네발기기 자세로 뒷발차기,12.012,,mp4,0AUDLJ08S_00138.mp4,http://openapi.kspo.or.kr/web/image/0AUDLJ08S_00138/,3,동영상,무릎
,http://openapi.kspo.or.kr/web/video/,무릎관련 질환자를 위한 단계별 표준운동 1단계 - 런지,11207503,29.97,443,1920*1080,,공통,1335,0AUDLJ08S_00139_SC_00006.jpeg,1단계,2021,67,한국어,런지,20221006,런지,44.544,,mp4,0AUDLJ08S_00139.mp4,http://openapi.kspo.or.kr/web/image/0AUDLJ08S_00139/,6,동영상,무릎
,http://openapi.kspo.or.kr/web/video/,무릎관련 질환자를 위한 단계별 표준운동 1단계 - 런지,11207503,29.97,444,1920*1080,,공통,1509,0AUDLJ08S_00139_SC_00007.jpeg,1단계,2021,67,한국어,런지,20221006,런지,50.35,,mp4,0AUDLJ08S_00139.mp4,http://openapi.kspo.or.kr/web/image/0AUDLJ08S_00139/,7,동영상,무릎
,http://openapi.kspo.or.kr/web/video/,무릎관련 질환자를 위한 단계별 표준운동 1단계 - 런지,11207503,29.97,445,1920*1080,,공통,1683,0AUDLJ08S_00139_SC_00008.jpeg,1단계,2021,67,한국어,런지,20221006,런지,56.156,,mp4,0AUDLJ08S_00139.mp4,http://openapi.kspo.or.kr/web/image/0AUDLJ08S_00139/,8,동영상,무릎
,http://openapi.kspo.or.kr/web/video/,무릎관련 질환자를 위한 단계별 표준운동 1단계 - 런지,11207503,29.97,446,1920*1080,,공통,30,0AUDLJ08S_00139_SC_00001.jpeg,,2021,67,한국어,,20221006,런지,1.001,,mp4,0AUDLJ08S_00139.mp4,http://openapi.kspo.or.kr/web/image/0AUDLJ08S_00139/,1,동영상,무릎
,http://openapi.kspo.or.kr/web/video/,무릎관련 질환자를 위한 단계별 표준운동 1단계 - 런지,11207503,29.97,447,1920*1080,,공통,146,0AUDLJ08S_00139_SC_00002.jpeg,1단계,2021,67,한국어,런지,20221006,런지,4.871,,mp4,0AUDLJ08S_00139.mp4,http://openapi.kspo.or.kr/web/image/0AUDLJ08S_00139/,2,동영상,무릎
,http://openapi.kspo.or.kr/web/video/,무릎관련 질환자를 위한 단계별 표준운동 1단계 - 런지,11207503,29.97,448,1920*1080,,공통,639,0AUDLJ08S_00139_SC_00003.jpeg,1단계,2021,67,한국어,런지,20221006,런지,21.321,,mp4,0AUDLJ08S_00139.mp4,http://openapi.kspo.or.kr/web/image/0AUDLJ08S_00139/,3,동영상,무릎
,http://openapi.kspo.or.kr/web/video/,무릎관련 질환자를 위한 단계별 표준운동 1단계 - 런지,11207503,29.97,449,1920*1080,,공통,900,0AUDLJ08S_00139_SC_00004.jpeg,1단계,2021,67,한국어,런지,20221006,런지,30.03,,mp4,0AUDLJ08S_00139.mp4,http://openapi.kspo.or.kr/web/image/0AUDLJ08S_00139/,4,동영상,무릎
,http://openapi.kspo.or.kr/web/video/,무릎관련 질환자를 위한 단계별 표준운동 1단계 - 런지,11207503,29.97,450,1920*1080,,공통,1132,0AUDLJ08S_00139_SC_00005.jpeg,1단계,2021,67,한국어,런지,20221006,런지,37.771,,mp4,0AUDLJ08S_00139.mp4,http://openapi.kspo.or.kr/web/image/0AUDLJ08S_00139/,5,동영상,무릎
,http://openapi.kspo.or.kr/web/video/,무릎관련 질환자를 위한 단계별 표준운동 1단계 - 스쿼트 유지하기,11251378,29.97,451,1920*1080,,공통,30,0AUDLJ08S_00140_SC_00001.jpeg,1단계,2021,66,한국어,스쿼트 유지하기,20221020,스쿼트 유지하기,1.001,,mp4,0AUDLJ08S_00140.mp4,http://openapi.kspo.or.kr/web/image/0AUDLJ08S_00140/,1,동영상,무릎
,http://openapi.kspo.or.kr/web/video/,무릎관련 질환자를 위한 단계별 표준운동 1단계 - 스쿼트 유지하기,11251378,29.97,452,1920*1080,,공통,450,0AUDLJ08S_00140_FR_00006.jpeg,1단계,2021,66,한국어,스쿼트 유지하기,20221020,스쿼트 유지하기,15.015,10~10 초,mp4,0AUDLJ08S_00140.mp4,http://openapi.kspo.or.kr/web/image/0AUDLJ08S_00140/,2,동영상,무릎
3~3,http://openapi.kspo.or.kr/web/video/,무릎관련 질환자를 위한 단계별 표준운동 1단계 - 스쿼트 유지하기,11251378,29.97,453,1920*1080,,공통,784,0AUDLJ08S_00140_SC_00005.jpeg,1단계,2021,66,한국어,스쿼트 유지하기,20221020,스쿼트 유지하기,26.159,,mp4,0AUDLJ08S_00140.mp4,http://openapi.kspo.or.kr/web/image/0AUDLJ08S_00140/,3,동영상,무릎
,http://openapi.kspo.or.kr/web/video/,무릎관련 질환자를 위한 단계별 표준운동 1단계 - 스쿼트 유지하기,11251378,29.97,454,1920*1080,,공통,990,0AUDLJ08S_00140_FR_00012.jpeg,1단계,2021,66,한국어,스쿼트 유지하기,20221020,스쿼트 유지하기,33.033,,mp4,0AUDLJ08S_00140.mp4,http://openapi.kspo.or.kr/web/image/0AUDLJ08S_00140/,4,동영상,무릎
,http://openapi.kspo.or.kr/web/video/,무릎관련 질환자를 위한 단계별 표준운동 1단계 - 양발 앞뒤로 뻗어 니킥,9147756,29.97,455,1920*1080,,공통,30,0AUDLJ08S_00141_SC_00001.jpeg,1단계,2021,55,한국어,양발 앞뒤로 뻗어 니킥,20221020,양발 앞뒤로 뻗어 니킥,1.001,,mp4,0AUDLJ08S_00141.mp4,http://openapi.kspo.or.kr/web/image/0AUDLJ08S_00141/,1,동영상,무릎
,http://openapi.kspo.or.kr/web/video/,무릎관련 질환자를 위한 단계별 표준운동 1단계 - 양발 앞뒤로 뻗어 니킥,9147756,29.97,456,1920*1080,,공통,540,0AUDLJ08S_00141_FR_00007.jpeg,1단계,2021,55,한국어,양발 앞뒤로 뻗어 니킥,20221020,양발 앞뒤로 뻗어 니킥,18.018,,mp4,0AUDLJ08S_00141.mp4,http://openapi.kspo.or.kr/web/image/0AUDLJ08S_00141/,2,동영상,무릎
10~10,http://openapi.kspo.or.kr/web/video/,무릎관련 질환자를 위한 단계별 표준운동 1단계 - 양발 앞뒤로 뻗어 니킥,9147756,29.97,457,1920*1080,,공통,784,0AUDLJ08S_00141_SC_00003.jpeg,1단계,2021,55,한국어,양발 앞뒤로 뻗어 니킥,20221020,양발 앞뒤로 뻗어 니킥,26.159,,mp4,0AUDLJ08S_00141.mp4,http://openapi.kspo.or.kr/web/image/0AUDLJ08S_00141/,3,동영상,무릎
,http://openapi.kspo.or.kr/web/video/,무릎관련 질환자를 위한 단계별 표준운동 1단계 - 양발 앞뒤로 뻗어 니킥,9147756,29.97,458,1920*1080,,공통,1169,0AUDLJ08S_00141_FR_00014.jpeg,1단계,2021,55,한국어,양발 앞뒤로 뻗어 니킥,20221020,양발 앞뒤로 뻗어 니킥,39.005,,mp4,0AUDLJ08S_00141.mp4,http://openapi.kspo.or.kr/web/image/0AUDLJ08S_00141/,4,동영상,무릎
,http://openapi.kspo.or.kr/web/video/,무릎관련 질환자를 위한 단계별 표준운동 1단계 - 니킥하고 옆으로 다리들기,7474891,29.97,459,1920*1080,매트,공통,30,0AUDLJ08S_00142_SC_00001.jpeg,1단계,2021,45,한국어,니킥하고 옆으로 다리들기,20221004,니킥하고 옆으로 다리들기,1.001,,mp4,0AUDLJ08S_00142.mp4,http://openapi.kspo.or.kr/web/image/0AUDLJ08S_00142/,1,동영상,무릎
,http://openapi.kspo.or.kr/web/video/,무릎관련 질환자를 위한 단계별 표준운동 1단계 - 니킥하고 옆으로 다리들기,7474891,29.97,460,1920*1080,매트,공통,146,0AUDLJ08S_00142_SC_00002.jpeg,1단계,2021,45,한국어,니킥하고 옆으로 다리들기,20221004,니킥하고 옆으로 다리들기,4.871,,mp4,0AUDLJ08S_00142.mp4,http://openapi.kspo.or.kr/web/image/0AUDLJ08S_00142/,2,동영상,무릎
,http://openapi.kspo.or.kr/web/video/,무릎관련 질환자를 위한 단계별 표준운동 1단계 - 니킥하고 옆으로 다리들기,7474891,29.97,461,1920*1080,매트,공통,610,0AUDLJ08S_00142_SC_00003.jpeg,1단계,2021,45,한국어,니킥하고 옆으로 다리들기,20221004,니킥하고 옆으로 다리들기,20.353,,mp4,0AUDLJ08S_00142.mp4,http://openapi.kspo.or.kr/web/image/0AUDLJ08S_00142/,3,동영상,무릎
8~12,http://openapi.kspo.or.kr/web/video/,무릎관련 질환자를 위한 단계별 표준운동 1단계 - 니킥하고 옆으로 다리들기,7474891,29.97,462,1920*1080,매트,공통,726,0AUDLJ08S_00142_SC_00004.jpeg,1단계,2021,45,한국어,니킥하고 옆으로 다리들기,20221004,니킥하고 옆으로 다리들기,24.224,,mp4,0AUDLJ08S_00142.mp4,http://openapi.kspo.or.kr/web/image/0AUDLJ08S_00142/,4,동영상,무릎
,http://openapi.kspo.or.kr/web/video/,무릎관련 질환자를 위한 단계별 표준운동 1단계 - 니킥하고 옆으로 다리들기,7474891,29.97,463,1920*1080,매트,공통,842,0AUDLJ08S_00142_SC_00005.jpeg,1단계,2021,45,한국어,니킥하고 옆으로 다리들기,20221004,니킥하고 옆으로 다리들기,28.094,,mp4,0AUDLJ08S_00142.mp4,http://openapi.kspo.or.kr/web/image/0AUDLJ08S_00142/,5,동영상,무릎
,http://openapi.kspo.or.kr/web/video/,무릎관련 질환자를 위한 단계별 표준운동 1단계 - 니킥하고 옆으로 다리들기,7474891,29.97,464,1920*1080,매트,공통,1190,0AUDLJ08S_00142_SC_00006.jpeg,1단계,2021,45,한국어,니킥하고 옆으로 다리들기,20221004,니킥하고 옆으로 다리들기,39.706,,mp4,0AUDLJ08S_00142.mp4,http://openapi.kspo.or.kr/web/image/0AUDLJ08S_00142/,6,동영상,무릎
,http://openapi.kspo.or.kr/web/video/,무릎관련 질환자를 위한 단계별 표준운동 1단계 - 리버스 런지 후 다리올리기,9950183,29.97,465,1920*1080,,공통,30,0AUDLJ08S_00143_SC_00001.jpeg,1단계,2021,59,한국어,리버스 런지 후 다리올리기,20221020,리버스 런지 후 다리올리기,1.001,,mp4,0AUDLJ08S_00143.mp4,http://openapi.kspo.or.kr/web/image/0AUDLJ08S_00143/,1,동영상,무릎
,http://openapi.kspo.or.kr/web/video/,무릎관련 질환자를 위한 단계별 표준운동 1단계 - 리버스 런지 후 다리올리기,9950183,29.97,466,1920*1080,,공통,540,0AUDLJ08S_00143_FR_00007.jpeg,1단계,2021,59,한국어,리버스 런지 후 다리올리기,20221020,리버스 런지 후 다리올리기,18.018,,mp4,0AUDLJ08S_00143.mp4,http://openapi.kspo.or.kr/web/image/0AUDLJ08S_00143/,2,동영상,무릎
,http://openapi.kspo.or.kr/web/video/,무릎관련 질환자를 위한 단계별 표준운동 1단계 - 리버스 런지 후 다리올리기,9950183,29.97,467,1920*1080,,공통,810,0AUDLJ08S_00143_FR_00010.jpeg,1단계,2021,59,한국어,리버스 런지 후 다리올리기,20221020,리버스 런지 후 다리올리기,27.027,,mp4,0AUDLJ08S_00143.mp4,http://openapi.kspo.or.kr/web/image/0AUDLJ08S_00143/,3,동영상,무릎
8~8,http://openapi.kspo.or.kr/web/video/,무릎관련 질환자를 위한 단계별 표준운동 1단계 - 리버스 런지 후 다리올리기,9950183,29.97,468,1920*1080,,공통,990,0AUDLJ08S_00143_FR_00012.jpeg,1단계,2021,59,한국어,리버스 런지 후 다리올리기,20221020,리버스 런지 후 다리올리기,33.033,,mp4,0AUDLJ08S_00143.mp4,http://openapi.kspo.or.kr/web/image/0AUDLJ08S_00143/,4,동영상,무릎
,http://openapi.kspo.or.kr/web/video/,무릎관련 질환자를 위한 단계별 표준운동 1단계 - 리버스 런지 후 다리올리기,9950183,29.97,469,1920*1080,,공통,1335,0AUDLJ08S_00143_SC_00008.jpeg,1단계,2021,59,한국어,리버스 런지 후 다리올리기,20221020,리버스 런지 후 다리올리기,44.544,,mp4,0AUDLJ08S_00143.mp4,http://openapi.kspo.or.kr/web/image/0AUDLJ08S_00143/,5,동영상,무릎
,http://openapi.kspo.or.kr/web/video/,무릎관련 질환자를 위한 단계별 표준운동 1단계 - 사이드 런지 후 제기차기,8196529,29.97,470,1920*1080,매트,공통,30,0AUDLJ08S_00144_SC_00001.jpeg,1단계,2021,48,한국어,사이드 런지 후 제기차기,20221004,사이드 런지 후 제기차기,1.001,,mp4,0AUDLJ08S_00144.mp4,http://openapi.kspo.or.kr/web/image/0AUDLJ08S_00144/,1,동영상,무릎
,http://openapi.kspo.or.kr/web/video/,무릎관련 질환자를 위한 단계별 표준운동 1단계 - 사이드 런지 후 제기차기,8196529,29.97,471,1920*1080,매트,공통,540,0AUDLJ08S_00144_FR_00007.jpeg,1단계,2021,48,한국어,사이드 런지 후 제기차기,20221004,사이드 런지 후 제기차기,18.018,,mp4,0AUDLJ08S_00144.mp4,http://openapi.kspo.or.kr/web/image/0AUDLJ08S_00144/,2,동영상,무릎
,http://openapi.kspo.or.kr/web/video/,무릎관련 질환자를 위한 단계별 표준운동 1단계 - 사이드 런지 후 제기차기,8196529,29.97,472,1920*1080,매트,공통,726,0AUDLJ08S_00144_SC_00003.jpeg,1단계,2021,48,한국어,사이드 런지 후 제기차기,20221004,사이드 런지 후 제기차기,24.224,,mp4,0AUDLJ08S_00144.mp4,http://openapi.kspo.or.kr/web/image/0AUDLJ08S_00144/,3,동영상,무릎
2~10,http://openapi.kspo.or.kr/web/video/,무릎관련 질환자를 위한 단계별 표준운동 1단계 - 사이드 런지 후 제기차기,8196529,29.97,473,1920*1080,매트,공통,929,0AUDLJ08S_00144_SC_00009.jpeg,1단계,2021,48,한국어,사이드 런지 후 제기차기,20221004,사이드 런지 후 제기차기,30.997,,mp4,0AUDLJ08S_00144.mp4,http://openapi.kspo.or.kr/web/image/0AUDLJ08S_00144/,4,동영상,무릎
,http://openapi.kspo.or.kr/web/video/,무릎관련 질환자를 위한 단계별 표준운동 1단계 - 사이드 런지 후 제기차기,8196529,29.97,474,1920*1080,매트,공통,1074,0AUDLJ08S_00144_SC_00013.jpeg,1단계,2021,48,한국어,사이드 런지 후 제기차기,20221004,사이드 런지 후 제기차기,35.835,,mp4,0AUDLJ08S_00144.mp4,http://openapi.kspo.or.kr/web/image/0AUDLJ08S_00144/,5,동영상,무릎
,http://openapi.kspo.or.kr/web/video/,무릎관련 질환자를 위한 단계별 표준운동 1단계 - 사이드 런지 후 제기차기,8196529,29.97,475,1920*1080,매트,공통,1259,0AUDLJ08S_00144_FR_00015.jpeg,1단계,2021,48,한국어,사이드 런지 후 제기차기,20221004,사이드 런지 후 제기차기,42.008,,mp4,0AUDLJ08S_00144.mp4,http://openapi.kspo.or.kr/web/image/0AUDLJ08S_00144/,6,동영상,무릎
,http://openapi.kspo.or.kr/web/video/,무릎관련 질환자를 위한 단계별 표준운동 1단계 - 무릎대고 앉았다 일어나기,8828853,29.97,476,1920*1080,매트,공통,30,0AUDLJ08S_00145_SC_00001.jpeg,1단계,2021,53,한국어,무릎 대고 앉았다 일어나기,20221004,무릎대고 앉았다 일어나기,1.001,,mp4,0AUDLJ08S_00145.mp4,http://openapi.kspo.or.kr/web/image/0AUDLJ08S_00145/,1,동영상,무릎
,http://openapi.kspo.or.kr/web/video/,무릎관련 질환자를 위한 단계별 표준운동 1단계 - 무릎대고 앉았다 일어나기,8828853,29.97,477,1920*1080,매트,공통,146,0AUDLJ08S_00145_SC_00002.jpeg,1단계,2021,53,한국어,무릎 대고 앉았다 일어나기,20221004,무릎대고 앉았다 일어나기,4.871,,mp4,0AUDLJ08S_00145.mp4,http://openapi.kspo.or.kr/web/image/0AUDLJ08S_00145/,2,동영상,무릎
8~12,http://openapi.kspo.or.kr/web/video/,무릎관련 질환자를 위한 단계별 표준운동 1단계 - 무릎대고 앉았다 일어나기,8828853,29.97,478,1920*1080,매트,공통,813,0AUDLJ08S_00145_SC_00003.jpeg,1단계,2021,53,한국어,무릎 대고 앉았다 일어나기,20221004,무릎대고 앉았다 일어나기,27.127,,mp4,0AUDLJ08S_00145.mp4,http://openapi.kspo.or.kr/web/image/0AUDLJ08S_00145/,3,동영상,무릎
8~12,http://openapi.kspo.or.kr/web/video/,무릎관련 질환자를 위한 단계별 표준운동 1단계 - 무릎대고 앉았다 일어나기,8828853,29.97,479,1920*1080,매트,공통,900,0AUDLJ08S_00145_SC_00004.jpeg,1단계,2021,53,한국어,무릎 대고 앉았다 일어나기,20221004,무릎대고 앉았다 일어나기,30.03,,mp4,0AUDLJ08S_00145.mp4,http://openapi.kspo.or.kr/web/image/0AUDLJ08S_00145/,4,동영상,무릎
,http://openapi.kspo.or.kr/web/video/,무릎관련 질환자를 위한 단계별 표준운동 1단계 - 무릎대고 앉았다 일어나기,8828853,29.97,480,1920*1080,매트,공통,958,0AUDLJ08S_00145_SC_00005.jpeg,1단계,2021,53,한국어,무릎 대고 앉았다 일어나기,20221004,무릎대고 앉았다 일어나기,31.965,,mp4,0AUDLJ08S_00145.mp4,http://openapi.kspo.or.kr/web/image/0AUDLJ08S_00145/,5,동영상,무릎
,http://openapi.kspo.or.kr/web/video/,무릎관련 질환자를 위한 단계별 표준운동 1단계 - 무릎대고 앉았다 일어나기,8828853,29.97,481,1920*1080,매트,공통,987,0AUDLJ08S_00145_SC_00006.jpeg,1단계,2021,53,한국어,무릎 대고 앉았다 일어나기,20221004,무릎대고 앉았다 일어나기,32.932,,mp4,0AUDLJ08S_00145.mp4,http://openapi.kspo.or.kr/web/image/0AUDLJ08S_00145/,6,동영상,무릎
,http://openapi.kspo.or.kr/web/video/,무릎관련 질환자를 위한 단계별 표준운동 1단계 - 무릎대고 앉았다 일어나기,8828853,29.97,482,1920*1080,매트,공통,1219,0AUDLJ08S_00145_SC_00007.jpeg,1단계,2021,53,한국어,무릎 대고 앉았다 일어나기,20221004,무릎대고 앉았다 일어나기,40.673,,mp4,0AUDLJ08S_00145.mp4,http://openapi.kspo.or.kr/web/image/0AUDLJ08S_00145/,7,동영상,무릎
,http://openapi.kspo.or.kr/web/video/,무릎관련 질환자를 위한 단계별 표준운동 1단계 - 더킹 런지,10067310,29.97,483,1920*1080,,공통,987,0AUDLJ08S_00146_SC_00003.jpeg,1단계,2021,60,한국어,더킹 런지(ducking lunge),20221006,더킹 런지,32.932,,mp4,0AUDLJ08S_00146.mp4,http://openapi.kspo.or.kr/web/image/0AUDLJ08S_00146/,3,동영상,무릎
,http://openapi.kspo.or.kr/web/video/,무릎관련 질환자를 위한 단계별 표준운동 1단계 - 더킹 런지,10067310,29.97,484,1920*1080,,공통,30,0AUDLJ08S_00146_SC_00001.jpeg,,2021,60,한국어,,20221006,더킹 런지,1.001,,mp4,0AUDLJ08S_00146.mp4,http://openapi.kspo.or.kr/web/image/0AUDLJ08S_00146/,1,동영상,무릎
,http://openapi.kspo.or.kr/web/video/,무릎관련 질환자를 위한 단계별 표준운동 1단계 - 더킹 런지,10067310,29.97,485,1920*1080,,공통,146,0AUDLJ08S_00146_SC_00002.jpeg,1단계,2021,60,한국어,더킹 런지(ducking lunge),20221006,더킹 런지,4.871,,mp4,0AUDLJ08S_00146.mp4,http://openapi.kspo.or.kr/web/image/0AUDLJ08S_00146/,2,동영상,무릎
,http://openapi.kspo.or.kr/web/video/,무릎관련 질환자를 위한 단계별 표준운동 1단계 - 더킹 런지,10067310,29.97,486,1920*1080,,공통,1219,0AUDLJ08S_00146_SC_00004.jpeg,1단계,2021,60,한국어,더킹 런지(ducking lunge),20221006,더킹 런지,40.673,,mp4,0AUDLJ08S_00146.mp4,http://openapi.kspo.or.kr/web/image/0AUDLJ08S_00146/,4,동영상,무릎
,http://openapi.kspo.or.kr/web/video/,무릎관련 질환자를 위한 단계별 표준운동 1단계 - 스쿼트 후 뒤꿈치 들기,9669660,29.97,487,1920*1080,,공통,30,0AUDLJ08S_00147_SC_00001.jpeg,1단계,2021,60,한국어,스쿼트 후 뒤꿈치 들기,20221005,스쿼트 후 뒤꿈치 들기,1.001,,mp4,0AUDLJ08S_00147.mp4,http://openapi.kspo.or.kr/web/image/0AUDLJ08S_00147/,1,동영상,무릎
,http://openapi.kspo.or.kr/web/video/,무릎관련 질환자를 위한 단계별 표준운동 1단계 - 스쿼트 후 뒤꿈치 들기,9669660,29.97,488,1920*1080,,공통,349,0AUDLJ08S_00147_SC_00003.jpeg,1단계,2021,60,한국어,스쿼트 후 뒤꿈치 들기,20221005,스쿼트 후 뒤꿈치 들기,11.644,,mp4,0AUDLJ08S_00147.mp4,http://openapi.kspo.or.kr/web/image/0AUDLJ08S_00147/,2,동영상,무릎
,http://openapi.kspo.or.kr/web/video/,무릎관련 질환자를 위한 단계별 표준운동 1단계 - 스쿼트 후 뒤꿈치 들기,9669660,29.97,489,1920*1080,,공통,378,0AUDLJ08S_00147_SC_00004.jpeg,1단계,2021,60,한국어,스쿼트 후 뒤꿈치 들기,20221005,스쿼트 후 뒤꿈치 들기,12.612,,mp4,0AUDLJ08S_00147.mp4,http://openapi.kspo.or.kr/web/image/0AUDLJ08S_00147/,3,동영상,무릎
,http://openapi.kspo.or.kr/web/video/,무릎관련 질환자를 위한 단계별 표준운동 1단계 - 스쿼트 후 뒤꿈치 들기,9669660,29.97,490,1920*1080,,공통,755,0AUDLJ08S_00147_SC_00006.jpeg,1단계,2021,60,한국어,스쿼트 후 뒤꿈치 들기,20221005,스쿼트 후 뒤꿈치 들기,25.191,,mp4,0AUDLJ08S_00147.mp4,http://openapi.kspo.or.kr/web/image/0AUDLJ08S_00147/,4,동영상,무릎
,http://openapi.kspo.or.kr/web/video/,무릎관련 질환자를 위한 단계별 표준운동 1단계 - 스쿼트 후 뒤꿈치 들기,9669660,29.97,491,1920*1080,,공통,784,0AUDLJ08S_00147_SC_00007.jpeg,1단계,2021,60,한국어,스쿼트 후 뒤꿈치 들기,20221005,스쿼트 후 뒤꿈치 들기,26.159,,mp4,0AUDLJ08S_00147.mp4,http://openapi.kspo.or.kr/web/image/0AUDLJ08S_00147/,5,동영상,무릎
2~5,http://openapi.kspo.or.kr/web/video/,무릎관련 질환자를 위한 단계별 표준운동 1단계 - 스쿼트 후 뒤꿈치 들기,9669660,29.97,492,1920*1080,,공통,1219,0AUDLJ08S_00147_SC_00010.jpeg,1단계,2021,60,한국어,스쿼트 후 뒤꿈치 들기,20221005,스쿼트 후 뒤꿈치 들기,40.673,,mp4,0AUDLJ08S_00147.mp4,http://openapi.kspo.or.kr/web/image/0AUDLJ08S_00147/,6,동영상,무릎
,http://openapi.kspo.or.kr/web/video/,무릎관련 질환자를 위한 단계별 표준운동 1단계 - 스쿼트 후 뒤꿈치 들기,9669660,29.97,493,1920*1080,,공통,1335,0AUDLJ08S_00147_SC_00011.jpeg,1단계,2021,60,한국어,스쿼트 후 뒤꿈치 들기,20221005,스쿼트 후 뒤꿈치 들기,44.544,,mp4,0AUDLJ08S_00147.mp4,http://openapi.kspo.or.kr/web/image/0AUDLJ08S_00147/,7,동영상,무릎
,http://openapi.kspo.or.kr/web/video/,무릎관련 질환자를 위한 단계별 표준운동 2단계 - 다리 뒤로 뻗은 후 니킥,7289143,29.97,494,1920*1080,,공통,30,0AUDLJ08S_00148_SC_00001.jpeg,2단계,2021,43,한국어,다리 뒤로 뻗은 후 니킥,20221024,다리 뒤로 뻗은 후 니킥,1.001,,mp4,0AUDLJ08S_00148.mp4,http://openapi.kspo.or.kr/web/image/0AUDLJ08S_00148/,1,동영상,무릎
,http://openapi.kspo.or.kr/web/video/,무릎관련 질환자를 위한 단계별 표준운동 2단계 - 다리 뒤로 뻗은 후 니킥,7289143,29.97,495,1920*1080,,공통,320,0AUDLJ08S_00148_SC_00004.jpeg,2단계,2021,43,한국어,다리 뒤로 뻗은 후 니킥,20221024,다리 뒤로 뻗은 후 니킥,10.677,,mp4,0AUDLJ08S_00148.mp4,http://openapi.kspo.or.kr/web/image/0AUDLJ08S_00148/,2,동영상,무릎
,http://openapi.kspo.or.kr/web/video/,무릎관련 질환자를 위한 단계별 표준운동 2단계 - 다리 뒤로 뻗은 후 니킥,7289143,29.97,496,1920*1080,,공통,540,0AUDLJ08S_00148_FR_00007.jpeg,2단계,2021,43,한국어,다리 뒤로 뻗은 후 니킥,20221024,다리 뒤로 뻗은 후 니킥,18.018,,mp4,0AUDLJ08S_00148.mp4,http://openapi.kspo.or.kr/web/image/0AUDLJ08S_00148/,3,동영상,무릎
10~10,http://openapi.kspo.or.kr/web/video/,무릎관련 질환자를 위한 단계별 표준운동 2단계 - 다리 뒤로 뻗은 후 니킥,7289143,29.97,497,1920*1080,,공통,810,0AUDLJ08S_00148_FR_00010.jpeg,2단계,2021,43,한국어,다리 뒤로 뻗은 후 니킥,20221024,다리 뒤로 뻗은 후 니킥,27.027,,mp4,0AUDLJ08S_00148.mp4,http://openapi.kspo.or.kr/web/image/0AUDLJ08S_00148/,4,동영상,무릎
,http://openapi.kspo.or.kr/web/video/,무릎관련 질환자를 위한 단계별 표준운동 2단계 - 다리 뒤로 뻗은 후 니킥,7289143,29.97,498,1920*1080,,공통,1045,0AUDLJ08S_00148_SC_00010.jpeg,2단계,2021,43,한국어,다리 뒤로 뻗은 후 니킥,20221024,다리 뒤로 뻗은 후 니킥,34.868,,mp4,0AUDLJ08S_00148.mp4,http://openapi.kspo.or.kr/web/image/0AUDLJ08S_00148/,5,동영상,무릎
,http://openapi.kspo.or.kr/web/video/,무릎관련 질환자를 위한 단계별 표준운동 2단계 - 스쿼트 후 사이드 크런치,7571485,29.97,499,1920*1080,,공통,30,0AUDLJ08S_00149_SC_00001.jpeg,2단계,2021,46,한국어,스쿼트 후 사이드 크런치,20221024,스쿼트 후 사이드 크런치,1.001,,mp4,0AUDLJ08S_00149.mp4,http://openapi.kspo.or.kr/web/image/0AUDLJ08S_00149/,1,동영상,무릎
,http://openapi.kspo.or.kr/web/video/,무릎관련 질환자를 위한 단계별 표준운동 2단계 - 스쿼트 후 사이드 크런치,7571485,29.97,500,1920*1080,,공통,450,0AUDLJ08S_00149_FR_00006.jpeg,2단계,2021,46,한국어,스쿼트 후 사이드 크런치,20221024,스쿼트 후 사이드 크런치,15.015,,mp4,0AUDLJ08S_00149.mp4,http://openapi.kspo.or.kr/web/image/0AUDLJ08S_00149/,2,동영상,무릎
,http://openapi.kspo.or.kr/web/video/,무릎관련 질환자를 위한 단계별 표준운동 2단계 - 스쿼트 후 사이드 크런치,7571485,29.97,501,1920*1080,,공통,630,0AUDLJ08S_00149_FR_00008.jpeg,2단계,2021,46,한국어,스쿼트 후 사이드 크런치,20221024,스쿼트 후 사이드 크런치,21.021,,mp4,0AUDLJ08S_00149.mp4,http://openapi.kspo.or.kr/web/image/0AUDLJ08S_00149/,3,동영상,무릎
10~10,http://openapi.kspo.or.kr/web/video/,무릎관련 질환자를 위한 단계별 표준운동 2단계 - 스쿼트 후 사이드 크런치,7571485,29.97,502,1920*1080,,공통,900,0AUDLJ08S_00149_SC_00009.jpeg,2단계,2021,46,한국어,스쿼트 후 사이드 크런치,20221024,스쿼트 후 사이드 크런치,30.03,,mp4,0AUDLJ08S_00149.mp4,http://openapi.kspo.or.kr/web/image/0AUDLJ08S_00149/,4,동영상,무릎
,http://openapi.kspo.or.kr/web/video/,무릎관련 질환자를 위한 단계별 표준운동 2단계 - 스쿼트 후 옆으로 다리들기,9359209,29.97,503,1920*1080,,공통,30,0AUDLJ08S_00150_SC_00001.jpeg,2단계,2021,57,한국어,스쿼트 후 옆으로 다리들기,20221020,스쿼트 후 옆으로 다리들기,1.001,,mp4,0AUDLJ08S_00150.mp4,http://openapi.kspo.or.kr/web/image/0AUDLJ08S_00150/,1,동영상,무릎
,http://openapi.kspo.or.kr/web/video/,무릎관련 질환자를 위한 단계별 표준운동 2단계 - 스쿼트 후 옆으로 다리들기,9359209,29.97,504,1920*1080,,공통,610,0AUDLJ08S_00150_SC_00006.jpeg,2단계,2021,57,한국어,스쿼트 후 옆으로 다리들기,20221020,스쿼트 후 옆으로 다리들기,20.353,,mp4,0AUDLJ08S_00150.mp4,http://openapi.kspo.or.kr/web/image/0AUDLJ08S_00150/,2,동영상,무릎
8~12,http://openapi.kspo.or.kr/web/video/,무릎관련 질환자를 위한 단계별 표준운동 2단계 - 스쿼트 후 옆으로 다리들기,9359209,29.97,505,1920*1080,,공통,958,0AUDLJ08S_00150_SC_00013.jpeg,2단계,2021,57,한국어,스쿼트 후 옆으로 다리들기,20221020,스쿼트 후 옆으로 다리들기,31.965,,mp4,0AUDLJ08S_00150.mp4,http://openapi.kspo.or.kr/web/image/0AUDLJ08S_00150/,3,동영상,무릎
,http://openapi.kspo.or.kr/web/video/,무릎관련 질환자를 위한 단계별 표준운동 2단계 - 스쿼트 후 옆으로 다리들기,9359209,29.97,506,1920*1080,,공통,1074,0AUDLJ08S_00150_SC_00017.jpeg,2단계,2021,57,한국어,스쿼트 후 옆으로 다리들기,20221020,스쿼트 후 옆으로 다리들기,35.835,,mp4,0AUDLJ08S_00150.mp4,http://openapi.kspo.or.kr/web/image/0AUDLJ08S_00150/,4,동영상,무릎
,http://openapi.kspo.or.kr/web/video/,무릎관련 질환자를 위한 단계별 표준운동 2단계 - 한발 뒤로 차고 점프,8856104,29.97,507,1920*1080,,공통,30,0AUDLJ08S_00151_SC_00001.jpeg,2단계,2021,53,한국어,한발 뒤로 차고 점프,20221020,한발 뒤로 차고 점프,1.001,,mp4,0AUDLJ08S_00151.mp4,http://openapi.kspo.or.kr/web/image/0AUDLJ08S_00151/,1,동영상,무릎
,http://openapi.kspo.or.kr/web/video/,무릎관련 질환자를 위한 단계별 표준운동 2단계 - 한발 뒤로 차고 점프,8856104,29.97,508,1920*1080,,공통,360,0AUDLJ08S_00151_FR_00005.jpeg,2단계,2021,53,한국어,한발 뒤로 차고 점프,20221020,한발 뒤로 차고 점프,12.012,,mp4,0AUDLJ08S_00151.mp4,http://openapi.kspo.or.kr/web/image/0AUDLJ08S_00151/,2,동영상,무릎
,http://openapi.kspo.or.kr/web/video/,무릎관련 질환자를 위한 단계별 표준운동 2단계 - 한발 뒤로 차고 점프,8856104,29.97,509,1920*1080,,공통,630,0AUDLJ08S_00151_FR_00008.jpeg,2단계,2021,53,한국어,한발 뒤로 차고 점프,20221020,한발 뒤로 차고 점프,21.021,,mp4,0AUDLJ08S_00151.mp4,http://openapi.kspo.or.kr/web/image/0AUDLJ08S_00151/,3,동영상,무릎
8~12,http://openapi.kspo.or.kr/web/video/,무릎관련 질환자를 위한 단계별 표준운동 2단계 - 한발 뒤로 차고 점프,8856104,29.97,510,1920*1080,,공통,900,0AUDLJ08S_00151_FR_00011.jpeg,2단계,2021,53,한국어,한발 뒤로 차고 점프,20221020,한발 뒤로 차고 점프,30.03,,mp4,0AUDLJ08S_00151.mp4,http://openapi.kspo.or.kr/web/image/0AUDLJ08S_00151/,4,동영상,무릎
,http://openapi.kspo.or.kr/web/video/,무릎관련 질환자를 위한 단계별 표준운동 2단계 - 한발 뒤로 차고 점프,8856104,29.97,511,1920*1080,,공통,1169,0AUDLJ08S_00151_FR_00014.jpeg,2단계,2021,53,한국어,한발 뒤로 차고 점프,20221020,한발 뒤로 차고 점프,39.005,,mp4,0AUDLJ08S_00151.mp4,http://openapi.kspo.or.kr/web/image/0AUDLJ08S_00151/,5,동영상,무릎
,http://openapi.kspo.or.kr/web/video/,무릎관련 질환자를 위한 단계별 표준운동 2단계 - 사이드 런지 후 점프,8659090,29.97,512,1920*1080,매트,공통,30,0AUDLJ08S_00152_SC_00001.jpeg,2단계,2021,52,한국어,사이드 런지 후 점프,20221004,사이드 런지 후 점프,1.001,,mp4,0AUDLJ08S_00152.mp4,http://openapi.kspo.or.kr/web/image/0AUDLJ08S_00152/,1,동영상,무릎
,http://openapi.kspo.or.kr/web/video/,무릎관련 질환자를 위한 단계별 표준운동 2단계 - 사이드 런지 후 점프,8659090,29.97,513,1920*1080,매트,공통,360,0AUDLJ08S_00152_FR_00005.jpeg,2단계,2021,52,한국어,사이드 런지 후 점프,20221004,사이드 런지 후 점프,12.012,,mp4,0AUDLJ08S_00152.mp4,http://openapi.kspo.or.kr/web/image/0AUDLJ08S_00152/,2,동영상,무릎
8~12,http://openapi.kspo.or.kr/web/video/,무릎관련 질환자를 위한 단계별 표준운동 2단계 - 사이드 런지 후 점프,8659090,29.97,514,1920*1080,매트,공통,697,0AUDLJ08S_00152_SC_00004.jpeg,2단계,2021,52,한국어,사이드 런지 후 점프,20221004,사이드 런지 후 점프,23.256,,mp4,0AUDLJ08S_00152.mp4,http://openapi.kspo.or.kr/web/image/0AUDLJ08S_00152/,3,동영상,무릎
8~12,http://openapi.kspo.or.kr/web/video/,무릎관련 질환자를 위한 단계별 표준운동 2단계 - 사이드 런지 후 점프,8659090,29.97,515,1920*1080,매트,공통,755,0AUDLJ08S_00152_SC_00006.jpeg,2단계,2021,52,한국어,사이드 런지 후 점프,20221004,사이드 런지 후 점프,25.191,,mp4,0AUDLJ08S_00152.mp4,http://openapi.kspo.or.kr/web/image/0AUDLJ08S_00152/,4,동영상,무릎
,http://openapi.kspo.or.kr/web/video/,무릎관련 질환자를 위한 단계별 표준운동 2단계 - 사이드 런지 후 점프,8659090,29.97,516,1920*1080,매트,공통,990,0AUDLJ08S_00152_FR_00012.jpeg,2단계,2021,52,한국어,사이드 런지 후 점프,20221004,사이드 런지 후 점프,33.033,,mp4,0AUDLJ08S_00152.mp4,http://openapi.kspo.or.kr/web/image/0AUDLJ08S_00152/,5,동영상,무릎
,http://openapi.kspo.or.kr/web/video/,무릎관련 질환자를 위한 단계별 표준운동 2단계 - 사이드 런지 후 점프,8659090,29.97,517,1920*1080,매트,공통,1169,0AUDLJ08S_00152_FR_00014.jpeg,2단계,2021,52,한국어,사이드 런지 후 점프,20221004,사이드 런지 후 점프,39.005,,mp4,0AUDLJ08S_00152.mp4,http://openapi.kspo.or.kr/web/image/0AUDLJ08S_00152/,6,동영상,무릎
,http://openapi.kspo.or.kr/web/video/,무릎관련 질환자를 위한 단계별 표준운동 2단계 - 몸통 비틀어 다리 들어올리기,8743686,29.97,518,1920*1080,,공통,30,0AUDLJ08S_00153_SC_00001.jpeg,2단계,2021,52,한국어,몸통 비틀어 다리 들어올리기,20221024,몸통 비틀어 다리 들어올리기,1.001,,mp4,0AUDLJ08S_00153.mp4,http://openapi.kspo.or.kr/web/image/0AUDLJ08S_00153/,1,동영상,무릎
,http://openapi.kspo.or.kr/web/video/,무릎관련 질환자를 위한 단계별 표준운동 2단계 - 몸통 비틀어 다리 들어올리기,8743686,29.97,519,1920*1080,,공통,540,0AUDLJ08S_00153_FR_00007.jpeg,2단계,2021,52,한국어,몸통 비틀어 다리 들어올리기,20221024,몸통 비틀어 다리 들어올리기,18.018,,mp4,0AUDLJ08S_00153.mp4,http://openapi.kspo.or.kr/web/image/0AUDLJ08S_00153/,2,동영상,무릎
,http://openapi.kspo.or.kr/web/video/,무릎관련 질환자를 위한 단계별 표준운동 2단계 - 몸통 비틀어 다리 들어올리기,8743686,29.97,520,1920*1080,,공통,810,0AUDLJ08S_00153_FR_00010.jpeg,2단계,2021,52,한국어,몸통 비틀어 다리 들어올리기,20221024,몸통 비틀어 다리 들어올리기,27.027,,mp4,0AUDLJ08S_00153.mp4,http://openapi.kspo.or.kr/web/image/0AUDLJ08S_00153/,3,동영상,무릎
10~10,http://openapi.kspo.or.kr/web/video/,무릎관련 질환자를 위한 단계별 표준운동 2단계 - 몸통 비틀어 다리 들어올리기,8743686,29.97,521,1920*1080,,공통,1074,0AUDLJ08S_00153_SC_00004.jpeg,2단계,2021,52,한국어,몸통 비틀어 다리 들어올리기,20221024,몸통 비틀어 다리 들어올리기,35.835,,mp4,0AUDLJ08S_00153.mp4,http://openapi.kspo.or.kr/web/image/0AUDLJ08S_00153/,4,동영상,무릎
,http://openapi.kspo.or.kr/web/video/,무릎관련 질환자를 위한 단계별 표준운동 2단계 - 발 바꿔 계단뛰기,9455913,29.97,522,1920*1080,,공통,30,0AUDLJ08S_00154_SC_00001.jpeg,2단계,2021,56,한국어,발 바꿔 계단뛰기,20221004,발 바꿔 계단뛰기,1.001,,mp4,0AUDLJ08S_00154.mp4,http://openapi.kspo.or.kr/web/image/0AUDLJ08S_00154/,1,동영상,무릎
,http://openapi.kspo.or.kr/web/video/,무릎관련 질환자를 위한 단계별 표준운동 2단계 - 발 바꿔 계단뛰기,9455913,29.97,523,1920*1080,,공통,146,0AUDLJ08S_00154_SC_00002.jpeg,2단계,2021,56,한국어,발 바꿔 계단뛰기,20221004,발 바꿔 계단뛰기,4.871,,mp4,0AUDLJ08S_00154.mp4,http://openapi.kspo.or.kr/web/image/0AUDLJ08S_00154/,2,동영상,무릎
,http://openapi.kspo.or.kr/web/video/,무릎관련 질환자를 위한 단계별 표준운동 2단계 - 발 바꿔 계단뛰기,9455913,29.97,524,1920*1080,,공통,291,0AUDLJ08S_00154_SC_00003.jpeg,2단계,2021,56,한국어,발 바꿔 계단뛰기,20221004,발 바꿔 계단뛰기,9.709,,mp4,0AUDLJ08S_00154.mp4,http://openapi.kspo.or.kr/web/image/0AUDLJ08S_00154/,3,동영상,무릎
,http://openapi.kspo.or.kr/web/video/,무릎관련 질환자를 위한 단계별 표준운동 2단계 - 발 바꿔 계단뛰기,9455913,29.97,525,1920*1080,,공통,523,0AUDLJ08S_00154_SC_00004.jpeg,2단계,2021,56,한국어,발 바꿔 계단뛰기,20221004,발 바꿔 계단뛰기,17.45,,mp4,0AUDLJ08S_00154.mp4,http://openapi.kspo.or.kr/web/image/0AUDLJ08S_00154/,4,동영상,무릎
,http://openapi.kspo.or.kr/web/video/,무릎관련 질환자를 위한 단계별 표준운동 2단계 - 발 바꿔 계단뛰기,9455913,29.97,526,1920*1080,,공통,697,0AUDLJ08S_00154_SC_00005.jpeg,2단계,2021,56,한국어,발 바꿔 계단뛰기,20221004,발 바꿔 계단뛰기,23.256,,mp4,0AUDLJ08S_00154.mp4,http://openapi.kspo.or.kr/web/image/0AUDLJ08S_00154/,5,동영상,무릎
10~10,http://openapi.kspo.or.kr/web/video/,무릎관련 질환자를 위한 단계별 표준운동 2단계 - 발 바꿔 계단뛰기,9455913,29.97,527,1920*1080,,공통,842,0AUDLJ08S_00154_SC_00006.jpeg,2단계,2021,56,한국어,발 바꿔 계단뛰기,20221004,발 바꿔 계단뛰기,28.094,,mp4,0AUDLJ08S_00154.mp4,http://openapi.kspo.or.kr/web/image/0AUDLJ08S_00154/,6,동영상,무릎
10~10,http://openapi.kspo.or.kr/web/video/,무릎관련 질환자를 위한 단계별 표준운동 2단계 - 발 바꿔 계단뛰기,9455913,29.97,528,1920*1080,,공통,871,0AUDLJ08S_00154_SC_00007.jpeg,2단계,2021,56,한국어,발 바꿔 계단뛰기,20221004,발 바꿔 계단뛰기,29.062,,mp4,0AUDLJ08S_00154.mp4,http://openapi.kspo.or.kr/web/image/0AUDLJ08S_00154/,7,동영상,무릎
,http://openapi.kspo.or.kr/web/video/,무릎관련 질환자를 위한 단계별 표준운동 2단계 - 발 바꿔 계단뛰기,9455913,29.97,529,1920*1080,,공통,1074,0AUDLJ08S_00154_SC_00008.jpeg,2단계,2021,56,한국어,발 바꿔 계단뛰기,20221004,발 바꿔 계단뛰기,35.835,,mp4,0AUDLJ08S_00154.mp4,http://openapi.kspo.or.kr/web/image/0AUDLJ08S_00154/,8,동영상,무릎
,http://openapi.kspo.or.kr/web/video/,무릎관련 질환자를 위한 단계별 표준운동 2단계 - 발 바꿔 계단뛰기,9455913,29.97,530,1920*1080,,공통,1277,0AUDLJ08S_00154_SC_00009.jpeg,2단계,2021,56,한국어,발 바꿔 계단뛰기,20221004,발 바꿔 계단뛰기,42.609,,mp4,0AUDLJ08S_00154.mp4,http://openapi.kspo.or.kr/web/image/0AUDLJ08S_00154/,9,동영상,무릎
,http://openapi.kspo.or.kr/web/video/,무릎관련 질환자를 위한 단계별 표준운동 2단계 - 발 바꿔 계단뛰기,9455913,29.97,531,1920*1080,,공통,1451,0AUDLJ08S_00154_SC_00010.jpeg,2단계,2021,56,한국어,발 바꿔 계단뛰기,20221004,발 바꿔 계단뛰기,48.415,,mp4,0AUDLJ08S_00154.mp4,http://openapi.kspo.or.kr/web/image/0AUDLJ08S_00154/,10,동영상,무릎
,http://openapi.kspo.or.kr/web/video/,무릎관련 질환자를 위한 단계별 표준운동 2단계 - 점프하며 팔다리 앞으로 교차하기,6530854,29.97,532,1920*1080,매트,공통,30,0AUDLJ08S_00155_SC_00001.jpeg,2단계,2021,38,한국어,점프하며 팔다리 앞으로 교차하기,20221005,점프하며 팔다리 앞으로 교차하기,1.001,,mp4,0AUDLJ08S_00155.mp4,http://openapi.kspo.or.kr/web/image/0AUDLJ08S_00155/,1,동영상,무릎
,http://openapi.kspo.or.kr/web/video/,무릎관련 질환자를 위한 단계별 표준운동 2단계 - 점프하며 팔다리 앞으로 교차하기,6530854,29.97,533,1920*1080,매트,공통,378,0AUDLJ08S_00155_SC_00004.jpeg,2단계,2021,38,한국어,점프하며 팔다리 앞으로 교차하기,20221005,점프하며 팔다리 앞으로 교차하기,12.612,,mp4,0AUDLJ08S_00155.mp4,http://openapi.kspo.or.kr/web/image/0AUDLJ08S_00155/,2,동영상,무릎
2~10,http://openapi.kspo.or.kr/web/video/,무릎관련 질환자를 위한 단계별 표준운동 2단계 - 점프하며 팔다리 앞으로 교차하기,6530854,29.97,534,1920*1080,매트,공통,639,0AUDLJ08S_00155_SC_00005.jpeg,2단계,2021,38,한국어,점프하며 팔다리 앞으로 교차하기,20221005,점프하며 팔다리 앞으로 교차하기,21.321,,mp4,0AUDLJ08S_00155.mp4,http://openapi.kspo.or.kr/web/image/0AUDLJ08S_00155/,3,동영상,무릎
,http://openapi.kspo.or.kr/web/video/,무릎관련 질환자를 위한 단계별 표준운동 2단계 - 점프하며 팔다리 앞으로 교차하기,6530854,29.97,535,1920*1080,매트,공통,900,0AUDLJ08S_00155_FR_00011.jpeg,2단계,2021,38,한국어,점프하며 팔다리 앞으로 교차하기,20221005,점프하며 팔다리 앞으로 교차하기,30.03,,mp4,0AUDLJ08S_00155.mp4,http://openapi.kspo.or.kr/web/image/0AUDLJ08S_00155/,4,동영상,무릎
,http://openapi.kspo.or.kr/web/video/,무릎관련 질환자를 위한 단계별 표준운동 2단계 - 점프하며 팔다리 앞으로 교차하기,6530854,29.97,536,1920*1080,매트,공통,1045,0AUDLJ08S_00155_SC_00007.jpeg,2단계,2021,38,한국어,점프하며 팔다리 앞으로 교차하기,20221005,점프하며 팔다리 앞으로 교차하기,34.868,,mp4,0AUDLJ08S_00155.mp4,http://openapi.kspo.or.kr/web/image/0AUDLJ08S_00155/,5,동영상,무릎
,http://openapi.kspo.or.kr/web/video/,무릎관련 질환자를 위한 단계별 표준운동 2단계 - 엉덩이 들어올려 다리 벌리기,7616986,29.97,537,1920*1080,밴드,공통,30,0AUDLJ08S_00156_SC_00001.jpeg,2단계,2021,46,한국어,엉덩이 들어올려 다리 벌리기,20221020,엉덩이 들어올려 다리 벌리기,1.001,,mp4,0AUDLJ08S_00156.mp4,http://openapi.kspo.or.kr/web/image/0AUDLJ08S_00156/,1,동영상,무릎
,http://openapi.kspo.or.kr/web/video/,무릎관련 질환자를 위한 단계별 표준운동 2단계 - 엉덩이 들어올려 다리 벌리기,7616986,29.97,538,1920*1080,밴드,공통,407,0AUDLJ08S_00156_SC_00004.jpeg,2단계,2021,46,한국어,엉덩이 들어올려 다리 벌리기,20221020,엉덩이 들어올려 다리 벌리기,13.58,,mp4,0AUDLJ08S_00156.mp4,http://openapi.kspo.or.kr/web/image/0AUDLJ08S_00156/,2,동영상,무릎
,http://openapi.kspo.or.kr/web/video/,무릎관련 질환자를 위한 단계별 표준운동 2단계 - 엉덩이 들어올려 다리 벌리기,7616986,29.97,539,1920*1080,밴드,공통,871,0AUDLJ08S_00156_SC_00005.jpeg,2단계,2021,46,한국어,엉덩이 들어올려 다리 벌리기,20221020,엉덩이 들어올려 다리 벌리기,29.062,,mp4,0AUDLJ08S_00156.mp4,http://openapi.kspo.or.kr/web/image/0AUDLJ08S_00156/,3,동영상,무릎
8~12,http://openapi.kspo.or.kr/web/video/,무릎관련 질환자를 위한 단계별 표준운동 2단계 - 엉덩이 들어올려 다리 벌리기,7616986,29.97,540,1920*1080,밴드,공통,900,0AUDLJ08S_00156_FR_00011.jpeg,2단계,2021,46,한국어,엉덩이 들어올려 다리 벌리기,20221020,엉덩이 들어올려 다리 벌리기,30.03,,mp4,0AUDLJ08S_00156.mp4,http://openapi.kspo.or.kr/web/image/0AUDLJ08S_00156/,4,동영상,무릎
,http://openapi.kspo.or.kr/web/video/,무릎관련 질환자를 위한 단계별 표준운동 2단계 - 옆으로 누워 미니볼 들어올리기,8213691,29.97,541,1920*1080,,공통,30,0AUDLJ08S_00157_SC_00001.jpeg,,2021,51,한국어,,20221006,옆으로 누워 미니볼 들어올리기,1.001,,mp4,0AUDLJ08S_00157.mp4,http://openapi.kspo.or.kr/web/image/0AUDLJ08S_00157/,1,동영상,무릎
,http://openapi.kspo.or.kr/web/video/,무릎관련 질환자를 위한 단계별 표준운동 2단계 - 옆으로 누워 미니볼 들어올리기,8213691,29.97,542,1920*1080,미니볼(탱탱볼),공통,146,0AUDLJ08S_00157_SC_00002.jpeg,2단계,2021,51,한국어,옆으로 누워 미니볼 들어올리기,20221006,옆으로 누워 미니볼 들어올리기,4.871,,mp4,0AUDLJ08S_00157.mp4,http://openapi.kspo.or.kr/web/image/0AUDLJ08S_00157/,2,동영상,무릎
,http://openapi.kspo.or.kr/web/video/,무릎관련 질환자를 위한 단계별 표준운동 2단계 - 옆으로 누워 미니볼 들어올리기,8213691,29.97,543,1920*1080,미니볼(탱탱볼),공통,262,0AUDLJ08S_00157_SC_00003.jpeg,2단계,2021,51,한국어,옆으로 누워 미니볼 들어올리기,20221006,옆으로 누워 미니볼 들어올리기,8.742,,mp4,0AUDLJ08S_00157.mp4,http://openapi.kspo.or.kr/web/image/0AUDLJ08S_00157/,3,동영상,무릎
,http://openapi.kspo.or.kr/web/video/,무릎관련 질환자를 위한 단계별 표준운동 2단계 - 옆으로 누워 미니볼 들어올리기,8213691,29.97,544,1920*1080,미니볼(탱탱볼),공통,349,0AUDLJ08S_00157_SC_00004.jpeg,2단계,2021,51,한국어,옆으로 누워 미니볼 들어올리기,20221006,옆으로 누워 미니볼 들어올리기,11.644,,mp4,0AUDLJ08S_00157.mp4,http://openapi.kspo.or.kr/web/image/0AUDLJ08S_00157/,4,동영상,무릎
,http://openapi.kspo.or.kr/web/video/,무릎관련 질환자를 위한 단계별 표준운동 2단계 - 옆으로 누워 미니볼 들어올리기,8213691,29.97,545,1920*1080,미니볼(탱탱볼),공통,465,0AUDLJ08S_00157_SC_00005.jpeg,2단계,2021,51,한국어,옆으로 누워 미니볼 들어올리기,20221006,옆으로 누워 미니볼 들어올리기,15.515,,mp4,0AUDLJ08S_00157.mp4,http://openapi.kspo.or.kr/web/image/0AUDLJ08S_00157/,5,동영상,무릎
,http://openapi.kspo.or.kr/web/video/,무릎관련 질환자를 위한 단계별 표준운동 2단계 - 옆으로 누워 미니볼 들어올리기,8213691,29.97,546,1920*1080,미니볼(탱탱볼),공통,813,0AUDLJ08S_00157_SC_00006.jpeg,2단계,2021,51,한국어,옆으로 누워 미니볼 들어올리기,20221006,옆으로 누워 미니볼 들어올리기,27.127,,mp4,0AUDLJ08S_00157.mp4,http://openapi.kspo.or.kr/web/image/0AUDLJ08S_00157/,6,동영상,무릎
,http://openapi.kspo.or.kr/web/video/,무릎관련 질환자를 위한 단계별 표준운동 2단계 - 옆으로 누워 미니볼 들어올리기,8213691,29.97,547,1920*1080,미니볼(탱탱볼),공통,929,0AUDLJ08S_00157_SC_00007.jpeg,2단계,2021,51,한국어,옆으로 누워 미니볼 들어올리기,20221006,옆으로 누워 미니볼 들어올리기,30.997,,mp4,0AUDLJ08S_00157.mp4,http://openapi.kspo.or.kr/web/image/0AUDLJ08S_00157/,7,동영상,무릎
,http://openapi.kspo.or.kr/web/video/,무릎관련 질환자를 위한 단계별 표준운동 2단계 - 옆으로 누워 미니볼 들어올리기,8213691,29.97,548,1920*1080,미니볼(탱탱볼),공통,1074,0AUDLJ08S_00157_SC_00008.jpeg,2단계,2021,51,한국어,옆으로 누워 미니볼 들어올리기,20221006,옆으로 누워 미니볼 들어올리기,35.835,,mp4,0AUDLJ08S_00157.mp4,http://openapi.kspo.or.kr/web/image/0AUDLJ08S_00157/,8,동영상,무릎
,http://openapi.kspo.or.kr/web/video/,무릎관련 질환자를 위한 단계별 표준운동 2단계 - 옆으로 누워 미니볼 들어올리기,8213691,29.97,549,1920*1080,미니볼(탱탱볼),공통,1190,0AUDLJ08S_00157_SC_00009.jpeg,2단계,2021,51,한국어,옆으로 누워 미니볼 들어올리기,20221006,옆으로 누워 미니볼 들어올리기,39.706,,mp4,0AUDLJ08S_00157.mp4,http://openapi.kspo.or.kr/web/image/0AUDLJ08S_00157/,9,동영상,무릎
,http://openapi.kspo.or.kr/web/video/,무릎관련 질환자를 위한 단계별 표준운동 2단계 - 다리 앞으로 당겼다가 뒤로 차기,10858721,29.97,550,1920*1080,매트,공통,30,0AUDLJ08S_00158_SC_00001.jpeg,2단계,2021,65,한국어,다리 앞으로 당겼다가 뒤로 차기,20221004,다리 앞으로 당겼다가 뒤로 차기,1.001,,mp4,0AUDLJ08S_00158.mp4,http://openapi.kspo.or.kr/web/image/0AUDLJ08S_00158/,1,동영상,무릎
,http://openapi.kspo.or.kr/web/video/,무릎관련 질환자를 위한 단계별 표준운동 2단계 - 다리 앞으로 당겼다가 뒤로 차기,10858721,29.97,551,1920*1080,매트,공통,146,0AUDLJ08S_00158_SC_00002.jpeg,2단계,2021,65,한국어,다리 앞으로 당겼다가 뒤로 차기,20221004,다리 앞으로 당겼다가 뒤로 차기,4.871,,mp4,0AUDLJ08S_00158.mp4,http://openapi.kspo.or.kr/web/image/0AUDLJ08S_00158/,2,동영상,무릎
,http://openapi.kspo.or.kr/web/video/,무릎관련 질환자를 위한 단계별 표준운동 2단계 - 다리 앞으로 당겼다가 뒤로 차기,10858721,29.97,552,1920*1080,매트,공통,1161,0AUDLJ08S_00158_SC_00003.jpeg,2단계,2021,65,한국어,다리 앞으로 당겼다가 뒤로 차기,20221004,다리 앞으로 당겼다가 뒤로 차기,38.738,,mp4,0AUDLJ08S_00158.mp4,http://openapi.kspo.or.kr/web/image/0AUDLJ08S_00158/,3,동영상,무릎
10~10,http://openapi.kspo.or.kr/web/video/,무릎관련 질환자를 위한 단계별 표준운동 2단계 - 다리 앞으로 당겼다가 뒤로 차기,10858721,29.97,553,1920*1080,매트,공통,1219,0AUDLJ08S_00158_SC_00004.jpeg,2단계,2021,65,한국어,다리 앞으로 당겼다가 뒤로 차기,20221004,다리 앞으로 당겼다가 뒤로 차기,40.673,,mp4,0AUDLJ08S_00158.mp4,http://openapi.kspo.or.kr/web/image/0AUDLJ08S_00158/,4,동영상,무릎
10~10,http://openapi.kspo.or.kr/web/video/,무릎관련 질환자를 위한 단계별 표준운동 2단계 - 다리 앞으로 당겼다가 뒤로 차기,10858721,29.97,554,1920*1080,매트,공통,1277,0AUDLJ08S_00158_SC_00005.jpeg,2단계,2021,65,한국어,다리 앞으로 당겼다가 뒤로 차기,20221004,다리 앞으로 당겼다가 뒤로 차기,42.609,,mp4,0AUDLJ08S_00158.mp4,http://openapi.kspo.or.kr/web/image/0AUDLJ08S_00158/,5,동영상,무릎
10~10,http://openapi.kspo.or.kr/web/video/,무릎관련 질환자를 위한 단계별 표준운동 2단계 - 다리 앞으로 당겼다가 뒤로 차기,10858721,29.97,555,1920*1080,매트,공통,1335,0AUDLJ08S_00158_SC_00006.jpeg,2단계,2021,65,한국어,다리 앞으로 당겼다가 뒤로 차기,20221004,다리 앞으로 당겼다가 뒤로 차기,44.544,,mp4,0AUDLJ08S_00158.mp4,http://openapi.kspo.or.kr/web/image/0AUDLJ08S_00158/,6,동영상,무릎
,http://openapi.kspo.or.kr/web/video/,무릎관련 질환자를 위한 단계별 표준운동 2단계 - 스쿼트 후 뒷꿈치 들고 다리 옆으로 차기,9999058,29.97,556,1920*1080,,공통,30,0AUDLJ08S_00159_SC_00001.jpeg,,2021,59,한국어,,20221006,스쿼트 후 뒷꿈치 들고 다리 옆으로 차기,1.001,,mp4,0AUDLJ08S_00159.mp4,http://openapi.kspo.or.kr/web/image/0AUDLJ08S_00159/,1,동영상,무릎
,http://openapi.kspo.or.kr/web/video/,무릎관련 질환자를 위한 단계별 표준운동 2단계 - 스쿼트 후 뒷꿈치 들고 다리 옆으로 차기,9999058,29.97,557,1920*1080,,공통,146,0AUDLJ08S_00159_SC_00002.jpeg,2단계,2021,59,한국어,스쿼트 후 뒷꿈치 들고 다리 옆으로 차기,20221006,스쿼트 후 뒷꿈치 들고 다리 옆으로 차기,4.871,,mp4,0AUDLJ08S_00159.mp4,http://openapi.kspo.or.kr/web/image/0AUDLJ08S_00159/,2,동영상,무릎
,http://openapi.kspo.or.kr/web/video/,무릎관련 질환자를 위한 단계별 표준운동 2단계 - 스쿼트 후 뒷꿈치 들고 다리 옆으로 차기,9999058,29.97,558,1920*1080,,공통,320,0AUDLJ08S_00159_SC_00003.jpeg,2단계,2021,59,한국어,스쿼트 후 뒷꿈치 들고 다리 옆으로 차기,20221006,스쿼트 후 뒷꿈치 들고 다리 옆으로 차기,10.677,,mp4,0AUDLJ08S_00159.mp4,http://openapi.kspo.or.kr/web/image/0AUDLJ08S_00159/,3,동영상,무릎
,http://openapi.kspo.or.kr/web/video/,무릎관련 질환자를 위한 단계별 표준운동 2단계 - 스쿼트 후 뒷꿈치 들고 다리 옆으로 차기,9999058,29.97,559,1920*1080,,공통,465,0AUDLJ08S_00159_SC_00004.jpeg,2단계,2021,59,한국어,스쿼트 후 뒷꿈치 들고 다리 옆으로 차기,20221006,스쿼트 후 뒷꿈치 들고 다리 옆으로 차기,15.515,,mp4,0AUDLJ08S_00159.mp4,http://openapi.kspo.or.kr/web/image/0AUDLJ08S_00159/,4,동영상,무릎
,http://openapi.kspo.or.kr/web/video/,무릎관련 질환자를 위한 단계별 표준운동 2단계 - 스쿼트 후 뒷꿈치 들고 다리 옆으로 차기,9999058,29.97,560,1920*1080,,공통,929,0AUDLJ08S_00159_SC_00005.jpeg,2단계,2021,59,한국어,스쿼트 후 뒷꿈치 들고 다리 옆으로 차기,20221006,스쿼트 후 뒷꿈치 들고 다리 옆으로 차기,30.997,,mp4,0AUDLJ08S_00159.mp4,http://openapi.kspo.or.kr/web/image/0AUDLJ08S_00159/,5,동영상,무릎
,http://openapi.kspo.or.kr/web/video/,무릎관련 질환자를 위한 단계별 표준운동 2단계 - 스쿼트 후 뒷꿈치 들고 다리 옆으로 차기,9999058,29.97,561,1920*1080,,공통,958,0AUDLJ08S_00159_SC_00006.jpeg,2단계,2021,59,한국어,스쿼트 후 뒷꿈치 들고 다리 옆으로 차기,20221006,스쿼트 후 뒷꿈치 들고 다리 옆으로 차기,31.965,,mp4,0AUDLJ08S_00159.mp4,http://openapi.kspo.or.kr/web/image/0AUDLJ08S_00159/,6,동영상,무릎
,http://openapi.kspo.or.kr/web/video/,무릎관련 질환자를 위한 단계별 표준운동 2단계 - 스쿼트 후 뒷꿈치 들고 다리 옆으로 차기,9999058,29.97,562,1920*1080,,공통,987,0AUDLJ08S_00159_SC_00007.jpeg,2단계,2021,59,한국어,스쿼트 후 뒷꿈치 들고 다리 옆으로 차기,20221006,스쿼트 후 뒷꿈치 들고 다리 옆으로 차기,32.932,,mp4,0AUDLJ08S_00159.mp4,http://openapi.kspo.or.kr/web/image/0AUDLJ08S_00159/,7,동영상,무릎
,http://openapi.kspo.or.kr/web/video/,무릎관련 질환자를 위한 단계별 표준운동 2단계 - 스쿼트 후 뒷꿈치 들고 다리 옆으로 차기,9999058,29.97,563,1920*1080,,공통,1045,0AUDLJ08S_00159_SC_00008.jpeg,2단계,2021,59,한국어,스쿼트 후 뒷꿈치 들고 다리 옆으로 차기,20221006,스쿼트 후 뒷꿈치 들고 다리 옆으로 차기,34.868,,mp4,0AUDLJ08S_00159.mp4,http://openapi.kspo.or.kr/web/image/0AUDLJ08S_00159/,8,동영상,무릎
,http://openapi.kspo.or.kr/web/video/,무릎관련 질환자를 위한 단계별 표준운동 2단계 - 스쿼트 후 뒷꿈치 들고 다리 옆으로 차기,9999058,29.97,564,1920*1080,,공통,1074,0AUDLJ08S_00159_SC_00009.jpeg,2단계,2021,59,한국어,스쿼트 후 뒷꿈치 들고 다리 옆으로 차기,20221006,스쿼트 후 뒷꿈치 들고 다리 옆으로 차기,35.835,,mp4,0AUDLJ08S_00159.mp4,http://openapi.kspo.or.kr/web/image/0AUDLJ08S_00159/,9,동영상,무릎
,http://openapi.kspo.or.kr/web/video/,무릎관련 질환자를 위한 단계별 표준운동 2단계 - 스쿼트 후 뒷꿈치 들고 다리 옆으로 차기,9999058,29.97,565,1920*1080,,공통,1103,0AUDLJ08S_00159_SC_00010.jpeg,2단계,2021,59,한국어,스쿼트 후 뒷꿈치 들고 다리 옆으로 차기,20221006,스쿼트 후 뒷꿈치 들고 다리 옆으로 차기,36.803,,mp4,0AUDLJ08S_00159.mp4,http://openapi.kspo.or.kr/web/image/0AUDLJ08S_00159/,10,동영상,무릎
,http://openapi.kspo.or.kr/web/video/,무릎관련 질환자를 위한 단계별 표준운동 2단계 - 스쿼트 후 뒷꿈치 들고 다리 옆으로 차기,9999058,29.97,566,1920*1080,,공통,1248,0AUDLJ08S_00159_SC_00011.jpeg,2단계,2021,59,한국어,스쿼트 후 뒷꿈치 들고 다리 옆으로 차기,20221006,스쿼트 후 뒷꿈치 들고 다리 옆으로 차기,41.641,,mp4,0AUDLJ08S_00159.mp4,http://openapi.kspo.or.kr/web/image/0AUDLJ08S_00159/,11,동영상,무릎
,http://openapi.kspo.or.kr/web/video/,무릎관련 질환자를 위한 단계별 표준운동 2단계 - 스쿼트 후 뒷꿈치 들고 다리 옆으로 차기,9999058,29.97,567,1920*1080,,공통,1306,0AUDLJ08S_00159_SC_00012.jpeg,2단계,2021,59,한국어,스쿼트 후 뒷꿈치 들고 다리 옆으로 차기,20221006,스쿼트 후 뒷꿈치 들고 다리 옆으로 차기,43.576,,mp4,0AUDLJ08S_00159.mp4,http://openapi.kspo.or.kr/web/image/0AUDLJ08S_00159/,12,동영상,무릎
,http://openapi.kspo.or.kr/web/video/,무릎관련 질환자를 위한 단계별 표준운동 2단계 - 스쿼트 후 뒷꿈치 들고 다리 옆으로 차기,9999058,29.97,568,1920*1080,,공통,1538,0AUDLJ08S_00159_SC_00013.jpeg,2단계,2021,59,한국어,스쿼트 후 뒷꿈치 들고 다리 옆으로 차기,20221006,스쿼트 후 뒷꿈치 들고 다리 옆으로 차기,51.317,,mp4,0AUDLJ08S_00159.mp4,http://openapi.kspo.or.kr/web/image/0AUDLJ08S_00159/,13,동영상,무릎
,http://openapi.kspo.or.kr/web/video/,무릎관련 질환자를 위한 단계별 표준운동 2단계 - 스쿼트 후 뒷꿈치 들고 다리 옆으로 차기,9999058,29.97,569,1920*1080,,공통,1567,0AUDLJ08S_00159_SC_00014.jpeg,2단계,2021,59,한국어,스쿼트 후 뒷꿈치 들고 다리 옆으로 차기,20221006,스쿼트 후 뒷꿈치 들고 다리 옆으로 차기,52.285,,mp4,0AUDLJ08S_00159.mp4,http://openapi.kspo.or.kr/web/image/0AUDLJ08S_00159/,14,동영상,무릎
,http://openapi.kspo.or.kr/web/video/,무릎관련 질환자를 위한 단계별 표준운동 2단계 - 스쿼트 후 뒷꿈치 들고 다리 옆으로 차기,9999058,29.97,570,1920*1080,,공통,1596,0AUDLJ08S_00159_SC_00015.jpeg,2단계,2021,59,한국어,스쿼트 후 뒷꿈치 들고 다리 옆으로 차기,20221006,스쿼트 후 뒷꿈치 들고 다리 옆으로 차기,53.253,,mp4,0AUDLJ08S_00159.mp4,http://openapi.kspo.or.kr/web/image/0AUDLJ08S_00159/,15,동영상,무릎
,http://openapi.kspo.or.kr/web/video/,무릎관련 질환자를 위한 단계별 표준운동 2단계 - 스쿼트 후 뒷꿈치 들고 다리 옆으로 차기,9999058,29.97,571,1920*1080,,공통,1654,0AUDLJ08S_00159_SC_00016.jpeg,2단계,2021,59,한국어,스쿼트 후 뒷꿈치 들고 다리 옆으로 차기,20221006,스쿼트 후 뒷꿈치 들고 다리 옆으로 차기,55.188,,mp4,0AUDLJ08S_00159.mp4,http://openapi.kspo.or.kr/web/image/0AUDLJ08S_00159/,16,동영상,무릎
,http://openapi.kspo.or.kr/web/video/,무릎관련 질환자를 위한 단계별 표준운동 2단계 - 스쿼트 후 뒷꿈치 들고 다리 옆으로 차기,9999058,29.97,572,1920*1080,,공통,1683,0AUDLJ08S_00159_SC_00017.jpeg,2단계,2021,59,한국어,스쿼트 후 뒷꿈치 들고 다리 옆으로 차기,20221006,스쿼트 후 뒷꿈치 들고 다리 옆으로 차기,56.156,,mp4,0AUDLJ08S_00159.mp4,http://openapi.kspo.or.kr/web/image/0AUDLJ08S_00159/,17,동영상,무릎
,http://openapi.kspo.or.kr/web/video/,무릎관련 질환자를 위한 단계별 표준운동 2단계 - 대각선 뒤로 앉았다 일어나며 다리 옆으로 들기,10036161,29.97,573,1920*1080,,공통,30,0AUDLJ08S_00160_SC_00001.jpeg,2단계,2021,60,한국어,대각선 뒤로 앉았다 일어나며 다리 옆으로 들기,20221020,대각선 뒤로 앉았다 일어나며 다리 옆으로 들기,1.001,,mp4,0AUDLJ08S_00160.mp4,http://openapi.kspo.or.kr/web/image/0AUDLJ08S_00160/,1,동영상,무릎
,http://openapi.kspo.or.kr/web/video/,무릎관련 질환자를 위한 단계별 표준운동 2단계 - 대각선 뒤로 앉았다 일어나며 다리 옆으로 들기,10036161,29.97,574,1920*1080,,공통,540,0AUDLJ08S_00160_FR_00007.jpeg,2단계,2021,60,한국어,대각선 뒤로 앉았다 일어나며 다리 옆으로 들기,20221020,대각선 뒤로 앉았다 일어나며 다리 옆으로 들기,18.018,,mp4,0AUDLJ08S_00160.mp4,http://openapi.kspo.or.kr/web/image/0AUDLJ08S_00160/,2,동영상,무릎
10~10,http://openapi.kspo.or.kr/web/video/,무릎관련 질환자를 위한 단계별 표준운동 2단계 - 대각선 뒤로 앉았다 일어나며 다리 옆으로 들기,10036161,29.97,575,1920*1080,,공통,630,0AUDLJ08S_00160_FR_00008.jpeg,2단계,2021,60,한국어,대각선 뒤로 앉았다 일어나며 다리 옆으로 들기,20221020,대각선 뒤로 앉았다 일어나며 다리 옆으로 들기,21.021,,mp4,0AUDLJ08S_00160.mp4,http://openapi.kspo.or.kr/web/image/0AUDLJ08S_00160/,3,동영상,무릎
,http://openapi.kspo.or.kr/web/video/,무릎관련 질환자를 위한 단계별 표준운동 2단계 - 대각선 뒤로 앉았다 일어나며 다리 옆으로 들기,10036161,29.97,576,1920*1080,,공통,1079,0AUDLJ08S_00160_FR_00013.jpeg,2단계,2021,60,한국어,대각선 뒤로 앉았다 일어나며 다리 옆으로 들기,20221020,대각선 뒤로 앉았다 일어나며 다리 옆으로 들기,36.002,,mp4,0AUDLJ08S_00160.mp4,http://openapi.kspo.or.kr/web/image/0AUDLJ08S_00160/,4,동영상,무릎
,http://openapi.kspo.or.kr/web/video/,무릎관련 질환자를 위한 단계별 표준운동 2단계 - 한 다리 힙 쓰러스트,9545296,29.97,577,1920*1080,매트,공통,30,0AUDLJ08S_00161_SC_00001.jpeg,2단계,2021,57,한국어,한 다리 힙 쓰러스트,20221005,한 다리 힙 쓰러스트,1.001,,mp4,0AUDLJ08S_00161.mp4,http://openapi.kspo.or.kr/web/image/0AUDLJ08S_00161/,1,동영상,무릎
,http://openapi.kspo.or.kr/web/video/,무릎관련 질환자를 위한 단계별 표준운동 2단계 - 한 다리 힙 쓰러스트,9545296,29.97,578,1920*1080,매트,공통,378,0AUDLJ08S_00161_SC_00003.jpeg,2단계,2021,57,한국어,한 다리 힙 쓰러스트,20221005,한 다리 힙 쓰러스트,12.612,,mp4,0AUDLJ08S_00161.mp4,http://openapi.kspo.or.kr/web/image/0AUDLJ08S_00161/,2,동영상,무릎
,http://openapi.kspo.or.kr/web/video/,무릎관련 질환자를 위한 단계별 표준운동 2단계 - 한 다리 힙 쓰러스트,9545296,29.97,579,1920*1080,매트,공통,540,0AUDLJ08S_00161_FR_00007.jpeg,2단계,2021,57,한국어,한 다리 힙 쓰러스트,20221005,한 다리 힙 쓰러스트,18.018,,mp4,0AUDLJ08S_00161.mp4,http://openapi.kspo.or.kr/web/image/0AUDLJ08S_00161/,3,동영상,무릎
2~10,http://openapi.kspo.or.kr/web/video/,무릎관련 질환자를 위한 단계별 표준운동 2단계 - 한 다리 힙 쓰러스트,9545296,29.97,580,1920*1080,매트,공통,755,0AUDLJ08S_00161_SC_00008.jpeg,2단계,2021,57,한국어,한 다리 힙 쓰러스트,20221005,한 다리 힙 쓰러스트,25.191,,mp4,0AUDLJ08S_00161.mp4,http://openapi.kspo.or.kr/web/image/0AUDLJ08S_00161/,4,동영상,무릎
2~10,http://openapi.kspo.or.kr/web/video/,무릎관련 질환자를 위한 단계별 표준운동 2단계 - 한 다리 힙 쓰러스트,9545296,29.97,581,1920*1080,매트,공통,900,0AUDLJ08S_00161_SC_00012.jpeg,2단계,2021,57,한국어,한 다리 힙 쓰러스트,20221005,한 다리 힙 쓰러스트,30.03,,mp4,0AUDLJ08S_00161.mp4,http://openapi.kspo.or.kr/web/image/0AUDLJ08S_00161/,5,동영상,무릎
,http://openapi.kspo.or.kr/web/video/,무릎관련 질환자를 위한 단계별 표준운동 2단계 - 한 다리 힙 쓰러스트,9545296,29.97,582,1920*1080,매트,공통,1538,0AUDLJ08S_00161_SC_00016.jpeg,2단계,2021,57,한국어,한 다리 힙 쓰러스트,20221005,한 다리 힙 쓰러스트,51.317,,mp4,0AUDLJ08S_00161.mp4,http://openapi.kspo.or.kr/web/image/0AUDLJ08S_00161/,6,동영상,무릎
,http://openapi.kspo.or.kr/web/video/,무릎관련 질환자를 위한 단계별 표준운동 2단계 - 한 다리 힙 쓰러스트,9545296,29.97,583,1920*1080,매트,공통,1596,0AUDLJ08S_00161_SC_00017.jpeg,2단계,2021,57,한국어,한 다리 힙 쓰러스트,20221005,한 다리 힙 쓰러스트,53.253,,mp4,0AUDLJ08S_00161.mp4,http://openapi.kspo.or.kr/web/image/0AUDLJ08S_00161/,7,동영상,무릎
,http://openapi.kspo.or.kr/web/video/,무릎관련 질환자를 위한 단계별 표준운동 2단계 - 한 다리 힙 쓰러스트,9545296,29.97,584,1920*1080,매트,공통,1625,0AUDLJ08S_00161_SC_00018.jpeg,2단계,2021,57,한국어,한 다리 힙 쓰러스트,20221005,한 다리 힙 쓰러스트,54.22,,mp4,0AUDLJ08S_00161.mp4,http://openapi.kspo.or.kr/web/image/0AUDLJ08S_00161/,8,동영상,무릎
,http://openapi.kspo.or.kr/web/video/,무릎관련 질환자를 위한 단계별 표준운동 2단계 - 내회전 스쿼트,11823969,29.97,585,1920*1080,매트,공통,30,0AUDLJ08S_00162_SC_00001.jpeg,2단계,2021,70,한국어,내회전 스쿼트,20221024,내회전 스쿼트,1.001,,mp4,0AUDLJ08S_00162.mp4,http://openapi.kspo.or.kr/web/image/0AUDLJ08S_00162/,1,동영상,무릎
,http://openapi.kspo.or.kr/web/video/,무릎관련 질환자를 위한 단계별 표준운동 2단계 - 내회전 스쿼트,11823969,29.97,586,1920*1080,매트,공통,630,0AUDLJ08S_00162_FR_00008.jpeg,2단계,2021,70,한국어,내회전 스쿼트,20221024,내회전 스쿼트,21.021,,mp4,0AUDLJ08S_00162.mp4,http://openapi.kspo.or.kr/web/image/0AUDLJ08S_00162/,2,동영상,무릎
,http://openapi.kspo.or.kr/web/video/,무릎관련 질환자를 위한 단계별 표준운동 2단계 - 내회전 스쿼트,11823969,29.97,587,1920*1080,매트,공통,720,0AUDLJ08S_00162_FR_00009.jpeg,2단계,2021,70,한국어,내회전 스쿼트,20221024,내회전 스쿼트,24.024,,mp4,0AUDLJ08S_00162.mp4,http://openapi.kspo.or.kr/web/image/0AUDLJ08S_00162/,3,동영상,무릎
10~10,http://openapi.kspo.or.kr/web/video/,무릎관련 질환자를 위한 단계별 표준운동 2단계 - 내회전 스쿼트,11823969,29.97,588,1920*1080,매트,공통,1190,0AUDLJ08S_00162_SC_00006.jpeg,2단계,2021,70,한국어,내회전 스쿼트,20221024,내회전 스쿼트,39.706,,mp4,0AUDLJ08S_00162.mp4,http://openapi.kspo.or.kr/web/image/0AUDLJ08S_00162/,4,동영상,무릎
,http://openapi.kspo.or.kr/web/video/,무릎관련 질환자를 위한 단계별 표준운동 2단계 - 내회전 스쿼트,11823969,29.97,589,1920*1080,매트,공통,1393,0AUDLJ08S_00162_SC_00011.jpeg,2단계,2021,70,한국어,내회전 스쿼트,20221024,내회전 스쿼트,46.479,,mp4,0AUDLJ08S_00162.mp4,http://openapi.kspo.or.kr/web/image/0AUDLJ08S_00162/,5,동영상,무릎
,http://openapi.kspo.or.kr/web/video/,무릎관련 질환자를 위한 단계별 표준운동 2단계 - 리버스 플랭크 터치,9795074,29.97,590,1920*1080,매트,공통,30,0AUDLJ08S_00163_SC_00001.jpeg,2단계,2021,59,한국어,리버스 플랭크 터치,20221004,리버스 플랭크 터치,1.001,,mp4,0AUDLJ08S_00163.mp4,http://openapi.kspo.or.kr/web/image/0AUDLJ08S_00163/,1,동영상,무릎
,http://openapi.kspo.or.kr/web/video/,무릎관련 질환자를 위한 단계별 표준운동 2단계 - 리버스 플랭크 터치,9795074,29.97,591,1920*1080,매트,공통,146,0AUDLJ08S_00163_SC_00002.jpeg,2단계,2021,59,한국어,리버스 플랭크 터치,20221004,리버스 플랭크 터치,4.871,,mp4,0AUDLJ08S_00163.mp4,http://openapi.kspo.or.kr/web/image/0AUDLJ08S_00163/,2,동영상,무릎
10~10,http://openapi.kspo.or.kr/web/video/,무릎관련 질환자를 위한 단계별 표준운동 2단계 - 리버스 플랭크 터치,9795074,29.97,592,1920*1080,매트,공통,842,0AUDLJ08S_00163_SC_00003.jpeg,2단계,2021,59,한국어,리버스 플랭크 터치,20221004,리버스 플랭크 터치,28.094,,mp4,0AUDLJ08S_00163.mp4,http://openapi.kspo.or.kr/web/image/0AUDLJ08S_00163/,3,동영상,무릎
10~10,http://openapi.kspo.or.kr/web/video/,무릎관련 질환자를 위한 단계별 표준운동 2단계 - 리버스 플랭크 터치,9795074,29.97,593,1920*1080,매트,공통,871,0AUDLJ08S_00163_SC_00004.jpeg,2단계,2021,59,한국어,리버스 플랭크 터치,20221004,리버스 플랭크 터치,29.062,,mp4,0AUDLJ08S_00163.mp4,http://openapi.kspo.or.kr/web/image/0AUDLJ08S_00163/,4,동영상,무릎
10~10,http://openapi.kspo.or.kr/web/video/,무릎관련 질환자를 위한 단계별 표준운동 2단계 - 리버스 플랭크 터치,9795074,29.97,594,1920*1080,매트,공통,900,0AUDLJ08S_00163_SC_00005.jpeg,2단계,2021,59,한국어,리버스 플랭크 터치,20221004,리버스 플랭크 터치,30.03,,mp4,0AUDLJ08S_00163.mp4,http://openapi.kspo.or.kr/web/image/0AUDLJ08S_00163/,5,동영상,무릎
10~10,http://openapi.kspo.or.kr/web/video/,무릎관련 질환자를 위한 단계별 표준운동 2단계 - 리버스 플랭크 터치,9795074,29.97,595,1920*1080,매트,공통,929,0AUDLJ08S_00163_SC_00006.jpeg,2단계,2021,59,한국어,리버스 플랭크 터치,20221004,리버스 플랭크 터치,30.997,,mp4,0AUDLJ08S_00163.mp4,http://openapi.kspo.or.kr/web/image/0AUDLJ08S_00163/,6,동영상,무릎
10~10,http://openapi.kspo.or.kr/web/video/,무릎관련 질환자를 위한 단계별 표준운동 2단계 - 리버스 플랭크 터치,9795074,29.97,596,1920*1080,매트,공통,958,0AUDLJ08S_00163_SC_00007.jpeg,2단계,2021,59,한국어,리버스 플랭크 터치,20221004,리버스 플랭크 터치,31.965,,mp4,0AUDLJ08S_00163.mp4,http://openapi.kspo.or.kr/web/image/0AUDLJ08S_00163/,7,동영상,무릎
10~10,http://openapi.kspo.or.kr/web/video/,무릎관련 질환자를 위한 단계별 표준운동 2단계 - 리버스 플랭크 터치,9795074,29.97,597,1920*1080,매트,공통,987,0AUDLJ08S_00163_SC_00008.jpeg,2단계,2021,59,한국어,리버스 플랭크 터치,20221004,리버스 플랭크 터치,32.932,,mp4,0AUDLJ08S_00163.mp4,http://openapi.kspo.or.kr/web/image/0AUDLJ08S_00163/,8,동영상,무릎
10~10,http://openapi.kspo.or.kr/web/video/,무릎관련 질환자를 위한 단계별 표준운동 2단계 - 리버스 플랭크 터치,9795074,29.97,598,1920*1080,매트,공통,1016,0AUDLJ08S_00163_SC_00009.jpeg,2단계,2021,59,한국어,리버스 플랭크 터치,20221004,리버스 플랭크 터치,33.9,,mp4,0AUDLJ08S_00163.mp4,http://openapi.kspo.or.kr/web/image/0AUDLJ08S_00163/,9,동영상,무릎
10~10,http://openapi.kspo.or.kr/web/video/,무릎관련 질환자를 위한 단계별 표준운동 2단계 - 리버스 플랭크 터치,9795074,29.97,599,1920*1080,매트,공통,1045,0AUDLJ08S_00163_SC_00010.jpeg,2단계,2021,59,한국어,리버스 플랭크 터치,20221004,리버스 플랭크 터치,34.868,,mp4,0AUDLJ08S_00163.mp4,http://openapi.kspo.or.kr/web/image/0AUDLJ08S_00163/,10,동영상,무릎
10~10,http://openapi.kspo.or.kr/web/video/,무릎관련 질환자를 위한 단계별 표준운동 2단계 - 리버스 플랭크 터치,9795074,29.97,600,1920*1080,매트,공통,1074,0AUDLJ08S_00163_SC_00011.jpeg,2단계,2021,59,한국어,리버스 플랭크 터치,20221004,리버스 플랭크 터치,35.835,,mp4,0AUDLJ08S_00163.mp4,http://openapi.kspo.or.kr/web/image/0AUDLJ08S_00163/,11,동영상,무릎
10~10,http://openapi.kspo.or.kr/web/video/,무릎관련 질환자를 위한 단계별 표준운동 2단계 - 리버스 플랭크 터치,9795074,29.97,601,1920*1080,매트,공통,1103,0AUDLJ08S_00163_SC_00012.jpeg,2단계,2021,59,한국어,리버스 플랭크 터치,20221004,리버스 플랭크 터치,36.803,,mp4,0AUDLJ08S_00163.mp4,http://openapi.kspo.or.kr/web/image/0AUDLJ08S_00163/,12,동영상,무릎
10~10,http://openapi.kspo.or.kr/web/video/,무릎관련 질환자를 위한 단계별 표준운동 2단계 - 리버스 플랭크 터치,9795074,29.97,602,1920*1080,매트,공통,1132,0AUDLJ08S_00163_SC_00013.jpeg,2단계,2021,59,한국어,리버스 플랭크 터치,20221004,리버스 플랭크 터치,37.771,,mp4,0AUDLJ08S_00163.mp4,http://openapi.kspo.or.kr/web/image/0AUDLJ08S_00163/,13,동영상,무릎
,http://openapi.kspo.or.kr/web/video/,무릎관련 질환자를 위한 단계별 표준운동 2단계 - 로우 런지 킥백,9518937,29.97,603,1920*1080,,공통,30,0AUDLJ08S_00164_SC_00001.jpeg,2단계,2021,56,한국어,로우 런지 킥백,20221020,로우 런지 킥백,1.001,,mp4,0AUDLJ08S_00164.mp4,http://openapi.kspo.or.kr/web/image/0AUDLJ08S_00164/,1,동영상,무릎
,http://openapi.kspo.or.kr/web/video/,무릎관련 질환자를 위한 단계별 표준운동 2단계 - 로우 런지 킥백,9518937,29.97,604,1920*1080,,공통,436,0AUDLJ08S_00164_SC_00003.jpeg,2단계,2021,56,한국어,로우 런지 킥백,20221020,로우 런지 킥백,14.547,,mp4,0AUDLJ08S_00164.mp4,http://openapi.kspo.or.kr/web/image/0AUDLJ08S_00164/,2,동영상,무릎
,http://openapi.kspo.or.kr/web/video/,무릎관련 질환자를 위한 단계별 표준운동 2단계 - 로우 런지 킥백,9518937,29.97,605,1920*1080,,공통,720,0AUDLJ08S_00164_FR_00009.jpeg,2단계,2021,56,한국어,로우 런지 킥백,20221020,로우 런지 킥백,24.024,3~3 초,mp4,0AUDLJ08S_00164.mp4,http://openapi.kspo.or.kr/web/image/0AUDLJ08S_00164/,3,동영상,무릎
10~10,http://openapi.kspo.or.kr/web/video/,무릎관련 질환자를 위한 단계별 표준운동 2단계 - 로우 런지 킥백,9518937,29.97,606,1920*1080,,공통,929,0AUDLJ08S_00164_SC_00007.jpeg,2단계,2021,56,한국어,로우 런지 킥백,20221020,로우 런지 킥백,30.997,,mp4,0AUDLJ08S_00164.mp4,http://openapi.kspo.or.kr/web/image/0AUDLJ08S_00164/,4,동영상,무릎
,http://openapi.kspo.or.kr/web/video/,무릎관련 질환자를 위한 단계별 표준운동 2단계 - 로우 런지 킥백,9518937,29.97,607,1920*1080,,공통,1169,0AUDLJ08S_00164_FR_00014.jpeg,2단계,2021,56,한국어,로우 런지 킥백,20221020,로우 런지 킥백,39.005,,mp4,0AUDLJ08S_00164.mp4,http://openapi.kspo.or.kr/web/image/0AUDLJ08S_00164/,5,동영상,무릎
,http://openapi.kspo.or.kr/web/video/,무릎관련 질환자를 위한 단계별 표준운동 2단계 - 한 발 짐볼에 올려 엉덩이 들고 무릎 구부리기,8762796,29.97,608,1280*720,,공통,30,0AUDLJ08S_00165_SC_00001.jpeg,,2021,53,한국어,,20221006,한 발 짐볼에 올려 엉덩이 들고 무릎 구부리기,1.001,,mp4,0AUDLJ08S_00165.mp4,http://openapi.kspo.or.kr/web/image/0AUDLJ08S_00165/,1,동영상,무릎
,http://openapi.kspo.or.kr/web/video/,무릎관련 질환자를 위한 단계별 표준운동 2단계 - 한 발 짐볼에 올려 엉덩이 들고 무릎 구부리기,8762796,29.97,609,1280*720,짐볼,공통,146,0AUDLJ08S_00165_SC_00002.jpeg,2단계,2021,53,한국어,한 발 짐볼에 올려 엉덩이 들고 무릎 구부리기,20221006,한 발 짐볼에 올려 엉덩이 들고 무릎 구부리기,4.871,,mp4,0AUDLJ08S_00165.mp4,http://openapi.kspo.or.kr/web/image/0AUDLJ08S_00165/,2,동영상,무릎
,http://openapi.kspo.or.kr/web/video/,무릎관련 질환자를 위한 단계별 표준운동 2단계 - 한 발 짐볼에 올려 엉덩이 들고 무릎 구부리기,8762796,29.97,610,1280*720,짐볼,공통,436,0AUDLJ08S_00165_SC_00003.jpeg,2단계,2021,53,한국어,한 발 짐볼에 올려 엉덩이 들고 무릎 구부리기,20221006,한 발 짐볼에 올려 엉덩이 들고 무릎 구부리기,14.547,,mp4,0AUDLJ08S_00165.mp4,http://openapi.kspo.or.kr/web/image/0AUDLJ08S_00165/,3,동영상,무릎
,http://openapi.kspo.or.kr/web/video/,무릎관련 질환자를 위한 단계별 표준운동 2단계 - 한 발 짐볼에 올려 엉덩이 들고 무릎 구부리기,8762796,29.97,611,1280*720,짐볼,공통,523,0AUDLJ08S_00165_SC_00004.jpeg,2단계,2021,53,한국어,한 발 짐볼에 올려 엉덩이 들고 무릎 구부리기,20221006,한 발 짐볼에 올려 엉덩이 들고 무릎 구부리기,17.45,,mp4,0AUDLJ08S_00165.mp4,http://openapi.kspo.or.kr/web/image/0AUDLJ08S_00165/,4,동영상,무릎
,http://openapi.kspo.or.kr/web/video/,무릎관련 질환자를 위한 단계별 표준운동 2단계 - 한 발 짐볼에 올려 엉덩이 들고 무릎 구부리기,8762796,29.97,612,1280*720,짐볼,공통,726,0AUDLJ08S_00165_SC_00005.jpeg,2단계,2021,53,한국어,한 발 짐볼에 올려 엉덩이 들고 무릎 구부리기,20221006,한 발 짐볼에 올려 엉덩이 들고 무릎 구부리기,24.224,,mp4,0AUDLJ08S_00165.mp4,http://openapi.kspo.or.kr/web/image/0AUDLJ08S_00165/,5,동영상,무릎
,http://openapi.kspo.or.kr/web/video/,무릎관련 질환자를 위한 단계별 표준운동 2단계 - 한 발 짐볼에 올려 엉덩이 들고 무릎 구부리기,8762796,29.97,613,1280*720,짐볼,공통,755,0AUDLJ08S_00165_SC_00006.jpeg,2단계,2021,53,한국어,한 발 짐볼에 올려 엉덩이 들고 무릎 구부리기,20221006,한 발 짐볼에 올려 엉덩이 들고 무릎 구부리기,25.191,,mp4,0AUDLJ08S_00165.mp4,http://openapi.kspo.or.kr/web/image/0AUDLJ08S_00165/,6,동영상,무릎
,http://openapi.kspo.or.kr/web/video/,무릎관련 질환자를 위한 단계별 표준운동 2단계 - 한 발 짐볼에 올려 엉덩이 들고 무릎 구부리기,8762796,29.97,614,1280*720,짐볼,공통,784,0AUDLJ08S_00165_SC_00007.jpeg,2단계,2021,53,한국어,한 발 짐볼에 올려 엉덩이 들고 무릎 구부리기,20221006,한 발 짐볼에 올려 엉덩이 들고 무릎 구부리기,26.159,,mp4,0AUDLJ08S_00165.mp4,http://openapi.kspo.or.kr/web/image/0AUDLJ08S_00165/,7,동영상,무릎
,http://openapi.kspo.or.kr/web/video/,무릎관련 질환자를 위한 단계별 표준운동 2단계 - 한 발 짐볼에 올려 엉덩이 들고 무릎 구부리기,8762796,29.97,615,1280*720,짐볼,공통,958,0AUDLJ08S_00165_SC_00008.jpeg,2단계,2021,53,한국어,한 발 짐볼에 올려 엉덩이 들고 무릎 구부리기,20221006,한 발 짐볼에 올려 엉덩이 들고 무릎 구부리기,31.965,,mp4,0AUDLJ08S_00165.mp4,http://openapi.kspo.or.kr/web/image/0AUDLJ08S_00165/,8,동영상,무릎
,http://openapi.kspo.or.kr/web/video/,어깨관련 질환자를 위한 단계별 표준운동 1단계 - 등 뒤로 막대기 옆으로 밀기,13139324,29.97,616,1920*1080,,공통,30,0AUDLJ08S_00063_SC_00001.jpeg,,2021,81,한국어,,20221006,등 뒤로 막대기 옆으로 밀기,1.001,,mp4,0AUDLJ08S_00063.mp4,http://openapi.kspo.or.kr/web/image/0AUDLJ08S_00063/,1,동영상,어깨
,http://openapi.kspo.or.kr/web/video/,무릎관련 질환자를 위한 단계별 표준운동 2단계 - 한 발 짐볼에 올려 엉덩이 들고 무릎 구부리기,8762796,29.97,617,1280*720,짐볼,공통,987,0AUDLJ08S_00165_SC_00009.jpeg,2단계,2021,53,한국어,한 발 짐볼에 올려 엉덩이 들고 무릎 구부리기,20221006,한 발 짐볼에 올려 엉덩이 들고 무릎 구부리기,32.932,,mp4,0AUDLJ08S_00165.mp4,http://openapi.kspo.or.kr/web/image/0AUDLJ08S_00165/,9,동영상,무릎
,http://openapi.kspo.or.kr/web/video/,무릎관련 질환자를 위한 단계별 표준운동 2단계 - 한 발 짐볼에 올려 엉덩이 들고 무릎 구부리기,8762796,29.97,618,1280*720,짐볼,공통,1016,0AUDLJ08S_00165_SC_00010.jpeg,2단계,2021,53,한국어,한 발 짐볼에 올려 엉덩이 들고 무릎 구부리기,20221006,한 발 짐볼에 올려 엉덩이 들고 무릎 구부리기,33.9,,mp4,0AUDLJ08S_00165.mp4,http://openapi.kspo.or.kr/web/image/0AUDLJ08S_00165/,10,동영상,무릎
,http://openapi.kspo.or.kr/web/video/,무릎관련 질환자를 위한 단계별 표준운동 2단계 - 한 발 짐볼에 올려 엉덩이 들고 무릎 구부리기,8762796,29.97,619,1280*720,짐볼,공통,1045,0AUDLJ08S_00165_SC_00011.jpeg,2단계,2021,53,한국어,한 발 짐볼에 올려 엉덩이 들고 무릎 구부리기,20221006,한 발 짐볼에 올려 엉덩이 들고 무릎 구부리기,34.868,,mp4,0AUDLJ08S_00165.mp4,http://openapi.kspo.or.kr/web/image/0AUDLJ08S_00165/,11,동영상,무릎
,http://openapi.kspo.or.kr/web/video/,무릎관련 질환자를 위한 단계별 표준운동 2단계 - 한 발 짐볼에 올려 엉덩이 들고 무릎 구부리기,8762796,29.97,620,1280*720,짐볼,공통,1103,0AUDLJ08S_00165_SC_00012.jpeg,2단계,2021,53,한국어,한 발 짐볼에 올려 엉덩이 들고 무릎 구부리기,20221006,한 발 짐볼에 올려 엉덩이 들고 무릎 구부리기,36.803,,mp4,0AUDLJ08S_00165.mp4,http://openapi.kspo.or.kr/web/image/0AUDLJ08S_00165/,12,동영상,무릎
,http://openapi.kspo.or.kr/web/video/,무릎관련 질환자를 위한 단계별 표준운동 2단계 - 한 발 짐볼에 올려 엉덩이 들고 무릎 구부리기,8762796,29.97,621,1280*720,짐볼,공통,1132,0AUDLJ08S_00165_SC_00013.jpeg,2단계,2021,53,한국어,한 발 짐볼에 올려 엉덩이 들고 무릎 구부리기,20221006,한 발 짐볼에 올려 엉덩이 들고 무릎 구부리기,37.771,,mp4,0AUDLJ08S_00165.mp4,http://openapi.kspo.or.kr/web/image/0AUDLJ08S_00165/,13,동영상,무릎
,http://openapi.kspo.or.kr/web/video/,무릎관련 질환자를 위한 단계별 표준운동 2단계 - 한 발 짐볼에 올려 엉덩이 들고 무릎 구부리기,8762796,29.97,622,1280*720,짐볼,공통,1190,0AUDLJ08S_00165_SC_00014.jpeg,2단계,2021,53,한국어,한 발 짐볼에 올려 엉덩이 들고 무릎 구부리기,20221006,한 발 짐볼에 올려 엉덩이 들고 무릎 구부리기,39.706,,mp4,0AUDLJ08S_00165.mp4,http://openapi.kspo.or.kr/web/image/0AUDLJ08S_00165/,14,동영상,무릎
,http://openapi.kspo.or.kr/web/video/,무릎관련 질환자를 위한 단계별 표준운동 2단계 - 한 발 짐볼에 올려 엉덩이 들고 무릎 구부리기,8762796,29.97,623,1280*720,짐볼,공통,1219,0AUDLJ08S_00165_SC_00015.jpeg,2단계,2021,53,한국어,한 발 짐볼에 올려 엉덩이 들고 무릎 구부리기,20221006,한 발 짐볼에 올려 엉덩이 들고 무릎 구부리기,40.673,,mp4,0AUDLJ08S_00165.mp4,http://openapi.kspo.or.kr/web/image/0AUDLJ08S_00165/,15,동영상,무릎
,http://openapi.kspo.or.kr/web/video/,무릎관련 질환자를 위한 단계별 표준운동 2단계 - 플랭크 로테이션,11535101,29.97,624,1920*1080,,공통,30,0AUDLJ08S_00166_SC_00001.jpeg,2단계,2021,69,한국어,플랭크 로테이션,20221024,플랭크 로테이션,1.001,,mp4,0AUDLJ08S_00166.mp4,http://openapi.kspo.or.kr/web/image/0AUDLJ08S_00166/,1,동영상,무릎
,http://openapi.kspo.or.kr/web/video/,무릎관련 질환자를 위한 단계별 표준운동 2단계 - 플랭크 로테이션,11535101,29.97,625,1920*1080,,공통,630,0AUDLJ08S_00166_FR_00008.jpeg,2단계,2021,69,한국어,플랭크 로테이션,20221024,플랭크 로테이션,21.021,,mp4,0AUDLJ08S_00166.mp4,http://openapi.kspo.or.kr/web/image/0AUDLJ08S_00166/,2,동영상,무릎
,http://openapi.kspo.or.kr/web/video/,무릎관련 질환자를 위한 단계별 표준운동 2단계 - 플랭크 로테이션,11535101,29.97,626,1920*1080,,공통,720,0AUDLJ08S_00166_FR_00009.jpeg,2단계,2021,69,한국어,플랭크 로테이션,20221024,플랭크 로테이션,24.024,,mp4,0AUDLJ08S_00166.mp4,http://openapi.kspo.or.kr/web/image/0AUDLJ08S_00166/,3,동영상,무릎
,http://openapi.kspo.or.kr/web/video/,무릎관련 질환자를 위한 단계별 표준운동 2단계 - 공중 런지,11620988,29.97,627,1920*1080,매트,공통,1364,0AUDLJ08S_00167_SC_00008.jpeg,2단계,2021,69,한국어,공중 런지,20221004,공중 런지,45.512,,mp4,0AUDLJ08S_00167.mp4,http://openapi.kspo.or.kr/web/image/0AUDLJ08S_00167/,8,동영상,무릎
,http://openapi.kspo.or.kr/web/video/,무릎관련 질환자를 위한 단계별 표준운동 2단계 - 공중 런지,11620988,29.97,628,1920*1080,매트,공통,1335,0AUDLJ08S_00167_SC_00007.jpeg,2단계,2021,69,한국어,공중 런지,20221004,공중 런지,44.544,,mp4,0AUDLJ08S_00167.mp4,http://openapi.kspo.or.kr/web/image/0AUDLJ08S_00167/,7,동영상,무릎
,http://openapi.kspo.or.kr/web/video/,무릎관련 질환자를 위한 단계별 표준운동 2단계 - 공중 런지,11620988,29.97,629,1920*1080,매트,공통,1509,0AUDLJ08S_00167_SC_00011.jpeg,2단계,2021,69,한국어,공중 런지,20221004,공중 런지,50.35,,mp4,0AUDLJ08S_00167.mp4,http://openapi.kspo.or.kr/web/image/0AUDLJ08S_00167/,11,동영상,무릎
,http://openapi.kspo.or.kr/web/video/,무릎관련 질환자를 위한 단계별 표준운동 2단계 - 공중 런지,11620988,29.97,630,1920*1080,매트,공통,1625,0AUDLJ08S_00167_SC_00012.jpeg,2단계,2021,69,한국어,공중 런지,20221004,공중 런지,54.22,,mp4,0AUDLJ08S_00167.mp4,http://openapi.kspo.or.kr/web/image/0AUDLJ08S_00167/,12,동영상,무릎
,http://openapi.kspo.or.kr/web/video/,어깨관련 질환자를 위한 단계별 표준운동 1단계 - 테이블에 팔 앞으로 뻗기,12255737,29.97,631,1920*1080,,공통,30,0AUDLJ08S_00059_SC_00001.jpeg,,2021,74,한국어,,20221006,테이블에 팔 앞으로 뻗기,1.001,,mp4,0AUDLJ08S_00059.mp4,http://openapi.kspo.or.kr/web/image/0AUDLJ08S_00059/,1,동영상,어깨
,http://openapi.kspo.or.kr/web/video/,무릎관련 질환자를 위한 단계별 표준운동 2단계 - 공중 런지,11620988,29.97,632,1920*1080,매트,공통,30,0AUDLJ08S_00167_SC_00001.jpeg,2단계,2021,69,한국어,공중 런지,20221004,공중 런지,1.001,,mp4,0AUDLJ08S_00167.mp4,http://openapi.kspo.or.kr/web/image/0AUDLJ08S_00167/,1,동영상,무릎
,http://openapi.kspo.or.kr/web/video/,무릎관련 질환자를 위한 단계별 표준운동 2단계 - 공중 런지,11620988,29.97,633,1920*1080,매트,공통,146,0AUDLJ08S_00167_SC_00002.jpeg,2단계,2021,69,한국어,공중 런지,20221004,공중 런지,4.871,,mp4,0AUDLJ08S_00167.mp4,http://openapi.kspo.or.kr/web/image/0AUDLJ08S_00167/,2,동영상,무릎
,http://openapi.kspo.or.kr/web/video/,무릎관련 질환자를 위한 단계별 표준운동 2단계 - 공중 런지,11620988,29.97,634,1920*1080,매트,공통,726,0AUDLJ08S_00167_SC_00003.jpeg,2단계,2021,69,한국어,공중 런지,20221004,공중 런지,24.224,,mp4,0AUDLJ08S_00167.mp4,http://openapi.kspo.or.kr/web/image/0AUDLJ08S_00167/,3,동영상,무릎
,http://openapi.kspo.or.kr/web/video/,무릎관련 질환자를 위한 단계별 표준운동 2단계 - 공중 런지,11620988,29.97,635,1920*1080,매트,공통,784,0AUDLJ08S_00167_SC_00004.jpeg,2단계,2021,69,한국어,공중 런지,20221004,공중 런지,26.159,,mp4,0AUDLJ08S_00167.mp4,http://openapi.kspo.or.kr/web/image/0AUDLJ08S_00167/,4,동영상,무릎
,http://openapi.kspo.or.kr/web/video/,무릎관련 질환자를 위한 단계별 표준운동 2단계 - 공중 런지,11620988,29.97,636,1920*1080,매트,공통,1277,0AUDLJ08S_00167_SC_00005.jpeg,2단계,2021,69,한국어,공중 런지,20221004,공중 런지,42.609,,mp4,0AUDLJ08S_00167.mp4,http://openapi.kspo.or.kr/web/image/0AUDLJ08S_00167/,5,동영상,무릎
,http://openapi.kspo.or.kr/web/video/,무릎관련 질환자를 위한 단계별 표준운동 2단계 - 공중 런지,11620988,29.97,637,1920*1080,매트,공통,1306,0AUDLJ08S_00167_SC_00006.jpeg,2단계,2021,69,한국어,공중 런지,20221004,공중 런지,43.576,,mp4,0AUDLJ08S_00167.mp4,http://openapi.kspo.or.kr/web/image/0AUDLJ08S_00167/,6,동영상,무릎
,http://openapi.kspo.or.kr/web/video/,무릎관련 질환자를 위한 단계별 표준운동 2단계 - 공중 런지,11620988,29.97,638,1920*1080,매트,공통,1451,0AUDLJ08S_00167_SC_00009.jpeg,2단계,2021,69,한국어,공중 런지,20221004,공중 런지,48.415,,mp4,0AUDLJ08S_00167.mp4,http://openapi.kspo.or.kr/web/image/0AUDLJ08S_00167/,9,동영상,무릎
,http://openapi.kspo.or.kr/web/video/,무릎관련 질환자를 위한 단계별 표준운동 2단계 - 공중 런지,11620988,29.97,639,1920*1080,매트,공통,1480,0AUDLJ08S_00167_SC_00010.jpeg,2단계,2021,69,한국어,공중 런지,20221004,공중 런지,49.382,,mp4,0AUDLJ08S_00167.mp4,http://openapi.kspo.or.kr/web/image/0AUDLJ08S_00167/,10,동영상,무릎
,http://openapi.kspo.or.kr/web/video/,무릎관련 질환자를 위한 단계별 표준운동 2단계 - 앞뒤로 달리 벌려 앉아 몸통 회전하기,8753097,29.97,640,1920*1080,미니볼(탱탱볼),공통,30,0AUDLJ08S_00168_SC_00001.jpeg,2단계,2021,54,한국어,앞뒤로 달리 벌려 앉아 몸통 회전하기,20221024,앞뒤로 다리 벌려 앉아 몸통 회전하기,1.001,,mp4,0AUDLJ08S_00168.mp4,http://openapi.kspo.or.kr/web/image/0AUDLJ08S_00168/,1,동영상,무릎
,http://openapi.kspo.or.kr/web/video/,무릎관련 질환자를 위한 단계별 표준운동 2단계 - 앞뒤로 달리 벌려 앉아 몸통 회전하기,8753097,29.97,641,1920*1080,미니볼(탱탱볼),공통,407,0AUDLJ08S_00168_SC_00004.jpeg,2단계,2021,54,한국어,앞뒤로 달리 벌려 앉아 몸통 회전하기,20221024,앞뒤로 다리 벌려 앉아 몸통 회전하기,13.58,,mp4,0AUDLJ08S_00168.mp4,http://openapi.kspo.or.kr/web/image/0AUDLJ08S_00168/,2,동영상,무릎
,http://openapi.kspo.or.kr/web/video/,무릎관련 질환자를 위한 단계별 표준운동 2단계 - 앞뒤로 달리 벌려 앉아 몸통 회전하기,8753097,29.97,642,1920*1080,미니볼(탱탱볼),공통,465,0AUDLJ08S_00168_SC_00005.jpeg,2단계,2021,54,한국어,앞뒤로 달리 벌려 앉아 몸통 회전하기,20221024,앞뒤로 다리 벌려 앉아 몸통 회전하기,15.515,,mp4,0AUDLJ08S_00168.mp4,http://openapi.kspo.or.kr/web/image/0AUDLJ08S_00168/,3,동영상,무릎
8~12,http://openapi.kspo.or.kr/web/video/,무릎관련 질환자를 위한 단계별 표준운동 2단계 - 앞뒤로 달리 벌려 앉아 몸통 회전하기,8753097,29.97,643,1920*1080,미니볼(탱탱볼),공통,990,0AUDLJ08S_00168_FR_00012.jpeg,2단계,2021,54,한국어,앞뒤로 달리 벌려 앉아 몸통 회전하기,20221024,앞뒤로 다리 벌려 앉아 몸통 회전하기,33.033,,mp4,0AUDLJ08S_00168.mp4,http://openapi.kspo.or.kr/web/image/0AUDLJ08S_00168/,4,동영상,무릎
,http://openapi.kspo.or.kr/web/video/,무릎관련 질환자를 위한 단계별 표준운동 2단계 - 옆으로 누워 무릎 벌리기,9096327,29.97,644,1920*1080,,공통,30,0AUDLJ08S_00169_SC_00001.jpeg,,2021,55,한국어,,20221006,옆으로 누워 무릎 벌리기,1.001,,mp4,0AUDLJ08S_00169.mp4,http://openapi.kspo.or.kr/web/image/0AUDLJ08S_00169/,1,동영상,무릎
,http://openapi.kspo.or.kr/web/video/,무릎관련 질환자를 위한 단계별 표준운동 2단계 - 옆으로 누워 무릎 벌리기,9096327,29.97,645,1920*1080,매트,공통,146,0AUDLJ08S_00169_SC_00002.jpeg,2단계,2021,55,한국어,옆으로 누워 무릎 벌리기,20221006,옆으로 누워 무릎 벌리기,4.871,,mp4,0AUDLJ08S_00169.mp4,http://openapi.kspo.or.kr/web/image/0AUDLJ08S_00169/,2,동영상,무릎
,http://openapi.kspo.or.kr/web/video/,무릎관련 질환자를 위한 단계별 표준운동 2단계 - 옆으로 누워 무릎 벌리기,9096327,29.97,646,1920*1080,매트,공통,349,0AUDLJ08S_00169_SC_00003.jpeg,2단계,2021,55,한국어,옆으로 누워 무릎 벌리기,20221006,옆으로 누워 무릎 벌리기,11.644,,mp4,0AUDLJ08S_00169.mp4,http://openapi.kspo.or.kr/web/image/0AUDLJ08S_00169/,3,동영상,무릎
,http://openapi.kspo.or.kr/web/video/,무릎관련 질환자를 위한 단계별 표준운동 2단계 - 옆으로 누워 무릎 벌리기,9096327,29.97,647,1920*1080,매트,공통,755,0AUDLJ08S_00169_SC_00004.jpeg,2단계,2021,55,한국어,옆으로 누워 무릎 벌리기,20221006,옆으로 누워 무릎 벌리기,25.191,,mp4,0AUDLJ08S_00169.mp4,http://openapi.kspo.or.kr/web/image/0AUDLJ08S_00169/,4,동영상,무릎
,http://openapi.kspo.or.kr/web/video/,무릎관련 질환자를 위한 단계별 표준운동 2단계 - 옆으로 누워 무릎 벌리기,9096327,29.97,648,1920*1080,매트,공통,958,0AUDLJ08S_00169_SC_00005.jpeg,2단계,2021,55,한국어,옆으로 누워 무릎 벌리기,20221006,옆으로 누워 무릎 벌리기,31.965,,mp4,0AUDLJ08S_00169.mp4,http://openapi.kspo.or.kr/web/image/0AUDLJ08S_00169/,5,동영상,무릎
,http://openapi.kspo.or.kr/web/video/,무릎관련 질환자를 위한 단계별 표준운동 2단계 - 옆으로 누워 무릎 벌리기,9096327,29.97,649,1920*1080,매트,공통,1016,0AUDLJ08S_00169_SC_00006.jpeg,2단계,2021,55,한국어,옆으로 누워 무릎 벌리기,20221006,옆으로 누워 무릎 벌리기,33.9,,mp4,0AUDLJ08S_00169.mp4,http://openapi.kspo.or.kr/web/image/0AUDLJ08S_00169/,6,동영상,무릎
,http://openapi.kspo.or.kr/web/video/,무릎관련 질환자를 위한 단계별 표준운동 2단계 - 옆으로 누워 무릎 벌리기,9096327,29.97,650,1920*1080,매트,공통,1045,0AUDLJ08S_00169_SC_00007.jpeg,2단계,2021,55,한국어,옆으로 누워 무릎 벌리기,20221006,옆으로 누워 무릎 벌리기,34.868,,mp4,0AUDLJ08S_00169.mp4,http://openapi.kspo.or.kr/web/image/0AUDLJ08S_00169/,7,동영상,무릎
,http://openapi.kspo.or.kr/web/video/,무릎관련 질환자를 위한 단계별 표준운동 2단계 - 옆으로 누워 무릎 벌리기,9096327,29.97,651,1920*1080,매트,공통,1074,0AUDLJ08S_00169_SC_00008.jpeg,2단계,2021,55,한국어,옆으로 누워 무릎 벌리기,20221006,옆으로 누워 무릎 벌리기,35.835,,mp4,0AUDLJ08S_00169.mp4,http://openapi.kspo.or.kr/web/image/0AUDLJ08S_00169/,8,동영상,무릎
,http://openapi.kspo.or.kr/web/video/,무릎관련 질환자를 위한 단계별 표준운동 2단계 - 옆으로 누워 무릎 벌리기,9096327,29.97,652,1920*1080,매트,공통,1103,0AUDLJ08S_00169_SC_00009.jpeg,2단계,2021,55,한국어,옆으로 누워 무릎 벌리기,20221006,옆으로 누워 무릎 벌리기,36.803,,mp4,0AUDLJ08S_00169.mp4,http://openapi.kspo.or.kr/web/image/0AUDLJ08S_00169/,9,동영상,무릎
,http://openapi.kspo.or.kr/web/video/,무릎관련 질환자를 위한 단계별 표준운동 2단계 - 옆으로 누워 무릎 벌리기,9096327,29.97,653,1920*1080,매트,공통,1132,0AUDLJ08S_00169_SC_00010.jpeg,2단계,2021,55,한국어,옆으로 누워 무릎 벌리기,20221006,옆으로 누워 무릎 벌리기,37.771,,mp4,0AUDLJ08S_00169.mp4,http://openapi.kspo.or.kr/web/image/0AUDLJ08S_00169/,10,동영상,무릎
,http://openapi.kspo.or.kr/web/video/,무릎관련 질환자를 위한 단계별 표준운동 2단계 - 옆으로 누워 무릎 벌리기,9096327,29.97,654,1920*1080,매트,공통,1161,0AUDLJ08S_00169_SC_00011.jpeg,2단계,2021,55,한국어,옆으로 누워 무릎 벌리기,20221006,옆으로 누워 무릎 벌리기,38.738,,mp4,0AUDLJ08S_00169.mp4,http://openapi.kspo.or.kr/web/image/0AUDLJ08S_00169/,11,동영상,무릎
,http://openapi.kspo.or.kr/web/video/,무릎관련 질환자를 위한 단계별 표준운동 2단계 - 의자에 앉아 두 다리 들어올리기,7396692,29.97,655,1920*1080,,공통,30,0AUDLJ08S_00170_SC_00001.jpeg,,2021,45,한국어,,20221006,의자에 앉아 두 다리 들어올리기,1.001,,mp4,0AUDLJ08S_00170.mp4,http://openapi.kspo.or.kr/web/image/0AUDLJ08S_00170/,1,동영상,무릎
,http://openapi.kspo.or.kr/web/video/,무릎관련 질환자를 위한 단계별 표준운동 2단계 - 의자에 앉아 두 다리 들어올리기,7396692,29.97,656,1920*1080,의자,공통,146,0AUDLJ08S_00170_SC_00002.jpeg,2단계,2021,45,한국어,의자에 앉아 두 다리 들어올리기,20221006,의자에 앉아 두 다리 들어올리기,4.871,,mp4,0AUDLJ08S_00170.mp4,http://openapi.kspo.or.kr/web/image/0AUDLJ08S_00170/,2,동영상,무릎
,http://openapi.kspo.or.kr/web/video/,무릎관련 질환자를 위한 단계별 표준운동 2단계 - 의자에 앉아 두 다리 들어올리기,7396692,29.97,657,1920*1080,의자,공통,320,0AUDLJ08S_00170_SC_00003.jpeg,2단계,2021,45,한국어,의자에 앉아 두 다리 들어올리기,20221006,의자에 앉아 두 다리 들어올리기,10.677,,mp4,0AUDLJ08S_00170.mp4,http://openapi.kspo.or.kr/web/image/0AUDLJ08S_00170/,3,동영상,무릎
,http://openapi.kspo.or.kr/web/video/,무릎관련 질환자를 위한 단계별 표준운동 2단계 - 의자에 앉아 두 다리 들어올리기,7396692,29.97,658,1920*1080,의자,공통,465,0AUDLJ08S_00170_SC_00004.jpeg,2단계,2021,45,한국어,의자에 앉아 두 다리 들어올리기,20221006,의자에 앉아 두 다리 들어올리기,15.515,,mp4,0AUDLJ08S_00170.mp4,http://openapi.kspo.or.kr/web/image/0AUDLJ08S_00170/,4,동영상,무릎
,http://openapi.kspo.or.kr/web/video/,무릎관련 질환자를 위한 단계별 표준운동 2단계 - 의자에 앉아 두 다리 들어올리기,7396692,29.97,659,1920*1080,의자,공통,581,0AUDLJ08S_00170_SC_00005.jpeg,2단계,2021,45,한국어,의자에 앉아 두 다리 들어올리기,20221006,의자에 앉아 두 다리 들어올리기,19.386,,mp4,0AUDLJ08S_00170.mp4,http://openapi.kspo.or.kr/web/image/0AUDLJ08S_00170/,5,동영상,무릎
,http://openapi.kspo.or.kr/web/video/,무릎관련 질환자를 위한 단계별 표준운동 2단계 - 의자에 앉아 두 다리 들어올리기,7396692,29.97,660,1920*1080,의자,공통,987,0AUDLJ08S_00170_SC_00006.jpeg,2단계,2021,45,한국어,의자에 앉아 두 다리 들어올리기,20221006,의자에 앉아 두 다리 들어올리기,32.932,,mp4,0AUDLJ08S_00170.mp4,http://openapi.kspo.or.kr/web/image/0AUDLJ08S_00170/,6,동영상,무릎
,http://openapi.kspo.or.kr/web/video/,무릎관련 질환자를 위한 단계별 표준운동 2단계 - 의자에 앉아 두 다리 들어올리기,7396692,29.97,661,1920*1080,의자,공통,1132,0AUDLJ08S_00170_SC_00007.jpeg,2단계,2021,45,한국어,의자에 앉아 두 다리 들어올리기,20221006,의자에 앉아 두 다리 들어올리기,37.771,,mp4,0AUDLJ08S_00170.mp4,http://openapi.kspo.or.kr/web/image/0AUDLJ08S_00170/,7,동영상,무릎
,http://openapi.kspo.or.kr/web/video/,무릎관련 질환자를 위한 단계별 표준운동 2단계 - 의자에 앉아 다리 뻗기,6968962,29.97,662,1920*1080,의자,공통,30,0AUDLJ08S_00171_SC_00001.jpeg,2단계,2021,42,한국어,의자에 앉아 다리 뻗기,20221020,의자에 앉아 다리 뻗기,1.001,,mp4,0AUDLJ08S_00171.mp4,http://openapi.kspo.or.kr/web/image/0AUDLJ08S_00171/,1,동영상,무릎
,http://openapi.kspo.or.kr/web/video/,무릎관련 질환자를 위한 단계별 표준운동 2단계 - 의자에 앉아 다리 뻗기,6968962,29.97,663,1920*1080,의자,공통,540,0AUDLJ08S_00171_FR_00007.jpeg,2단계,2021,42,한국어,의자에 앉아 다리 뻗기,20221020,의자에 앉아 다리 뻗기,18.018,,mp4,0AUDLJ08S_00171.mp4,http://openapi.kspo.or.kr/web/image/0AUDLJ08S_00171/,2,동영상,무릎
8~12,http://openapi.kspo.or.kr/web/video/,무릎관련 질환자를 위한 단계별 표준운동 2단계 - 의자에 앉아 다리 뻗기,6968962,29.97,664,1920*1080,의자,공통,784,0AUDLJ08S_00171_SC_00004.jpeg,2단계,2021,42,한국어,의자에 앉아 다리 뻗기,20221020,의자에 앉아 다리 뻗기,26.159,,mp4,0AUDLJ08S_00171.mp4,http://openapi.kspo.or.kr/web/image/0AUDLJ08S_00171/,3,동영상,무릎
,http://openapi.kspo.or.kr/web/video/,무릎관련 질환자를 위한 단계별 표준운동 2단계 - 의자에 앉았다 일어서기,7005904,29.97,665,1920*1080,,공통,30,0AUDLJ08S_00172_SC_00001.jpeg,,2021,43,한국어,,20221006,의자에 앉았다 일어서기,1.001,,mp4,0AUDLJ08S_00172.mp4,http://openapi.kspo.or.kr/web/image/0AUDLJ08S_00172/,1,동영상,무릎
,http://openapi.kspo.or.kr/web/video/,무릎관련 질환자를 위한 단계별 표준운동 2단계 - 의자에 앉았다 일어서기,7005904,29.97,666,1920*1080,의자,공통,146,0AUDLJ08S_00172_SC_00002.jpeg,2단계,2021,43,한국어,의자에 앉았다 일어서기,20221006,의자에 앉았다 일어서기,4.871,,mp4,0AUDLJ08S_00172.mp4,http://openapi.kspo.or.kr/web/image/0AUDLJ08S_00172/,2,동영상,무릎
,http://openapi.kspo.or.kr/web/video/,무릎관련 질환자를 위한 단계별 표준운동 2단계 - 의자에 앉았다 일어서기,7005904,29.97,667,1920*1080,의자,공통,349,0AUDLJ08S_00172_SC_00003.jpeg,2단계,2021,43,한국어,의자에 앉았다 일어서기,20221006,의자에 앉았다 일어서기,11.644,,mp4,0AUDLJ08S_00172.mp4,http://openapi.kspo.or.kr/web/image/0AUDLJ08S_00172/,3,동영상,무릎
,http://openapi.kspo.or.kr/web/video/,무릎관련 질환자를 위한 단계별 표준운동 2단계 - 의자에 앉았다 일어서기,7005904,29.97,668,1920*1080,의자,공통,755,0AUDLJ08S_00172_SC_00004.jpeg,2단계,2021,43,한국어,의자에 앉았다 일어서기,20221006,의자에 앉았다 일어서기,25.191,,mp4,0AUDLJ08S_00172.mp4,http://openapi.kspo.or.kr/web/image/0AUDLJ08S_00172/,4,동영상,무릎
,http://openapi.kspo.or.kr/web/video/,무릎관련 질환자를 위한 단계별 표준운동 2단계 - 의자에 앉았다 일어서기,7005904,29.97,669,1920*1080,의자,공통,813,0AUDLJ08S_00172_SC_00005.jpeg,2단계,2021,43,한국어,의자에 앉았다 일어서기,20221006,의자에 앉았다 일어서기,27.127,,mp4,0AUDLJ08S_00172.mp4,http://openapi.kspo.or.kr/web/image/0AUDLJ08S_00172/,5,동영상,무릎
,http://openapi.kspo.or.kr/web/video/,무릎관련 질환자를 위한 단계별 표준운동 2단계 - 의자에 앉았다 일어서기,7005904,29.97,670,1920*1080,의자,공통,987,0AUDLJ08S_00172_SC_00006.jpeg,2단계,2021,43,한국어,의자에 앉았다 일어서기,20221006,의자에 앉았다 일어서기,32.932,,mp4,0AUDLJ08S_00172.mp4,http://openapi.kspo.or.kr/web/image/0AUDLJ08S_00172/,6,동영상,무릎
,http://openapi.kspo.or.kr/web/video/,무릎관련 질환자를 위한 단계별 표준운동 2단계 - 의자에 앉았다 일어서기,7005904,29.97,671,1920*1080,의자,공통,1016,0AUDLJ08S_00172_SC_00007.jpeg,2단계,2021,43,한국어,의자에 앉았다 일어서기,20221006,의자에 앉았다 일어서기,33.9,,mp4,0AUDLJ08S_00172.mp4,http://openapi.kspo.or.kr/web/image/0AUDLJ08S_00172/,7,동영상,무릎
