trng_mscl_nm,rptt_tcnt_nm,file_url,vdo_desc,file_sz,fps_cnt,row_num,resolution,tool_nm,aggrp_nm,frme_no,ecrg_cycl_nm,img_file_nm,trng_mscl_zn_nm,fbctn_yr,trng_plc_nm,vdo_len,trng_mscl_part,lang,trng_nm,job_ymd,trng_mscl_class,vdo_ttl_nm,snap_tm,trng_hr_nm,file_type_nm,file_nm,trng_mscl_eng_nm,img_file_url,img_file_sn,data_type,set_cnt_nm
"넙다리네갈래근,넙다리두갈래근,장딴지근",,http://openapi.kspo.or.kr/web/video/,실내에서 자전거를 활용한 운동처방 동영상,8036248,29.96,1,1280*720,실내자전거,공통,262,,0AUDLJ08S_00173_SC_00004.jpeg,"대퇴사두근,대퇴이두근,비복근",2021,헬스장,50,"앞쪽 넓적다리,뒤쪽 넓적다리,종아리",한국어,실내 자전거타기,20220930,"하지의 근,하지의 근,하지의 근",실내 자전거타기,8.742,,mp4,0AUDLJ08S_00173.mp4,"Quadriceps Femoris,Biceps Femoris,Gastrocnemius",http://openapi.kspo.or.kr/web/image/0AUDLJ08S_00173/,3,동영상,
"넙다리네갈래근,넙다리두갈래근,장딴지근",,http://openapi.kspo.or.kr/web/video/,실내에서 자전거를 활용한 운동처방 동영상,8036248,29.96,2,1280*720,실내자전거,공통,349,,0AUDLJ08S_00173_SC_00005.jpeg,"대퇴사두근,대퇴이두근,비복근",2021,헬스장,50,"앞쪽 넓적다리,뒤쪽 넓적다리,종아리",한국어,실내 자전거타기,20220930,"하지의 근,하지의 근,하지의 근",실내 자전거타기,11.644,,mp4,0AUDLJ08S_00173.mp4,"Quadriceps Femoris,Biceps Femoris,Gastrocnemius",http://openapi.kspo.or.kr/web/image/0AUDLJ08S_00173/,4,동영상,
"넙다리네갈래근,넙다리두갈래근,장딴지근",,http://openapi.kspo.or.kr/web/video/,실내에서 자전거를 활용한 운동처방 동영상,8036248,29.96,3,1280*720,실내자전거,공통,436,,0AUDLJ08S_00173_SC_00006.jpeg,"대퇴사두근,대퇴이두근,비복근",2021,헬스장,50,"앞쪽 넓적다리,뒤쪽 넓적다리,종아리",한국어,실내 자전거타기,20220930,"하지의 근,하지의 근,하지의 근",실내 자전거타기,14.547,,mp4,0AUDLJ08S_00173.mp4,"Quadriceps Femoris,Biceps Femoris,Gastrocnemius",http://openapi.kspo.or.kr/web/image/0AUDLJ08S_00173/,5,동영상,
"넙다리네갈래근,넙다리두갈래근,장딴지근",,http://openapi.kspo.or.kr/web/video/,실내에서 자전거를 활용한 운동처방 동영상,8036248,29.96,4,1280*720,실내자전거,공통,494,,0AUDLJ08S_00173_SC_00007.jpeg,"대퇴사두근,대퇴이두근,비복근",2021,헬스장,50,"앞쪽 넓적다리,뒤쪽 넓적다리,종아리",한국어,실내 자전거타기,20220930,"하지의 근,하지의 근,하지의 근",실내 자전거타기,16.483,,mp4,0AUDLJ08S_00173.mp4,"Quadriceps Femoris,Biceps Femoris,Gastrocnemius",http://openapi.kspo.or.kr/web/image/0AUDLJ08S_00173/,6,동영상,
"넙다리네갈래근,넙다리두갈래근,장딴지근",,http://openapi.kspo.or.kr/web/video/,실내에서 자전거를 활용한 운동처방 동영상,8036248,29.96,5,1280*720,실내자전거,공통,523,,0AUDLJ08S_00173_SC_00008.jpeg,"대퇴사두근,대퇴이두근,비복근",2021,헬스장,50,"앞쪽 넓적다리,뒤쪽 넓적다리,종아리",한국어,실내 자전거타기,20220930,"하지의 근,하지의 근,하지의 근",실내 자전거타기,17.45,,mp4,0AUDLJ08S_00173.mp4,"Quadriceps Femoris,Biceps Femoris,Gastrocnemius",http://openapi.kspo.or.kr/web/image/0AUDLJ08S_00173/,7,동영상,
"넙다리네갈래근,넙다리두갈래근,장딴지근",,http://openapi.kspo.or.kr/web/video/,실내에서 자전거를 활용한 운동처방 동영상,8036248,29.96,6,1280*720,실내자전거,공통,552,,0AUDLJ08S_00173_SC_00009.jpeg,"대퇴사두근,대퇴이두근,비복근",2021,헬스장,50,"앞쪽 넓적다리,뒤쪽 넓적다리,종아리",한국어,실내 자전거타기,20220930,"하지의 근,하지의 근,하지의 근",실내 자전거타기,18.418,,mp4,0AUDLJ08S_00173.mp4,"Quadriceps Femoris,Biceps Femoris,Gastrocnemius",http://openapi.kspo.or.kr/web/image/0AUDLJ08S_00173/,8,동영상,
"넙다리네갈래근,넙다리두갈래근,장딴지근",,http://openapi.kspo.or.kr/web/video/,실내에서 자전거를 활용한 운동처방 동영상,8036248,29.96,7,1280*720,실내자전거,공통,581,,0AUDLJ08S_00173_SC_00010.jpeg,"대퇴사두근,대퇴이두근,비복근",2021,헬스장,50,"앞쪽 넓적다리,뒤쪽 넓적다리,종아리",한국어,실내 자전거타기,20220930,"하지의 근,하지의 근,하지의 근",실내 자전거타기,19.386,,mp4,0AUDLJ08S_00173.mp4,"Quadriceps Femoris,Biceps Femoris,Gastrocnemius",http://openapi.kspo.or.kr/web/image/0AUDLJ08S_00173/,9,동영상,
"넙다리네갈래근,넙다리두갈래근,장딴지근",,http://openapi.kspo.or.kr/web/video/,실내에서 자전거를 활용한 운동처방 동영상,8036248,29.96,8,1280*720,실내자전거,공통,610,,0AUDLJ08S_00173_SC_00011.jpeg,"대퇴사두근,대퇴이두근,비복근",2021,헬스장,50,"앞쪽 넓적다리,뒤쪽 넓적다리,종아리",한국어,실내 자전거타기,20220930,"하지의 근,하지의 근,하지의 근",실내 자전거타기,20.353,,mp4,0AUDLJ08S_00173.mp4,"Quadriceps Femoris,Biceps Femoris,Gastrocnemius",http://openapi.kspo.or.kr/web/image/0AUDLJ08S_00173/,10,동영상,
"넙다리네갈래근,넙다리두갈래근,장딴지근",,http://openapi.kspo.or.kr/web/video/,실내에서 자전거를 활용한 운동처방 동영상,8036248,29.96,9,1280*720,실내자전거,공통,639,,0AUDLJ08S_00173_SC_00012.jpeg,"대퇴사두근,대퇴이두근,비복근",2021,헬스장,50,"앞쪽 넓적다리,뒤쪽 넓적다리,종아리",한국어,실내 자전거타기,20220930,"하지의 근,하지의 근,하지의 근",실내 자전거타기,21.321,,mp4,0AUDLJ08S_00173.mp4,"Quadriceps Femoris,Biceps Femoris,Gastrocnemius",http://openapi.kspo.or.kr/web/image/0AUDLJ08S_00173/,11,동영상,
"넙다리네갈래근,넙다리두갈래근,장딴지근",,http://openapi.kspo.or.kr/web/video/,실내에서 자전거를 활용한 운동처방 동영상,8036248,29.96,10,1280*720,실내자전거,공통,987,,0AUDLJ08S_00173_SC_00014.jpeg,"대퇴사두근,대퇴이두근,비복근",2021,헬스장,50,"앞쪽 넓적다리,뒤쪽 넓적다리,종아리",한국어,실내 자전거타기,20220930,"하지의 근,하지의 근,하지의 근",실내 자전거타기,32.932,,mp4,0AUDLJ08S_00173.mp4,"Quadriceps Femoris,Biceps Femoris,Gastrocnemius",http://openapi.kspo.or.kr/web/image/0AUDLJ08S_00173/,12,동영상,
"넙다리네갈래근,넙다리두갈래근,장딴지근",,http://openapi.kspo.or.kr/web/video/,실내에서 자전거를 활용한 운동처방 동영상,8036248,29.96,11,1280*720,실내자전거,공통,1103,,0AUDLJ08S_00173_SC_00015.jpeg,"대퇴사두근,대퇴이두근,비복근",2021,헬스장,50,"앞쪽 넓적다리,뒤쪽 넓적다리,종아리",한국어,실내 자전거타기,20220930,"하지의 근,하지의 근,하지의 근",실내 자전거타기,36.803,,mp4,0AUDLJ08S_00173.mp4,"Quadriceps Femoris,Biceps Femoris,Gastrocnemius",http://openapi.kspo.or.kr/web/image/0AUDLJ08S_00173/,13,동영상,
"큰허리근,배곧은근,넙다리네갈래근,넙다리두갈래근,장딴지세갈래근",,http://openapi.kspo.or.kr/web/video/,실내에서 트레드밀을 활용한 운동처방 동영상,6308288,29.96,12,1280*720,트레드밀,공통,117,,0AUDLJ08S_00174_SC_00001.jpeg,"대요근,복직근,대퇴사두근,대퇴이두근,하퇴삼두근",2021,헬스장,40,"앞쪽 골반,복부,앞쪽 넓적다리,뒤쪽 넓적다리,종아리",한국어,트레드밀에서 걷기,20221004,"골반의 근,복부의 근,하지의 근,하지의 근,하지의 근",트레드밀에서 걷기,3.903,,mp4,0AUDLJ08S_00174.mp4,"Psoas Major,Rectus Abdominis,Quadriceps Femoris,Biceps Femoris,Triceps Surae",http://openapi.kspo.or.kr/web/image/0AUDLJ08S_00174/,1,동영상,
"큰허리근,배곧은근,넙다리네갈래근,넙다리두갈래근,장딴지세갈래근",,http://openapi.kspo.or.kr/web/video/,실내에서 트레드밀을 활용한 운동처방 동영상,6308288,29.96,13,1280*720,트레드밀,공통,146,,0AUDLJ08S_00174_SC_00002.jpeg,"대요근,복직근,대퇴사두근,대퇴이두근,하퇴삼두근",2021,헬스장,40,"앞쪽 골반,복부,앞쪽 넓적다리,뒤쪽 넓적다리,종아리",한국어,트레드밀에서 걷기,20221004,"골반의 근,복부의 근,하지의 근,하지의 근,하지의 근",트레드밀에서 걷기,4.871,,mp4,0AUDLJ08S_00174.mp4,"Psoas Major,Rectus Abdominis,Quadriceps Femoris,Biceps Femoris,Triceps Surae",http://openapi.kspo.or.kr/web/image/0AUDLJ08S_00174/,2,동영상,
"큰허리근,배곧은근,넙다리네갈래근,넙다리두갈래근,장딴지세갈래근",,http://openapi.kspo.or.kr/web/video/,실내에서 트레드밀을 활용한 운동처방 동영상,6308288,29.96,14,1280*720,트레드밀,공통,291,,0AUDLJ08S_00174_SC_00003.jpeg,"대요근,복직근,대퇴사두근,대퇴이두근,하퇴삼두근",2021,헬스장,40,"앞쪽 골반,복부,앞쪽 넓적다리,뒤쪽 넓적다리,종아리",한국어,트레드밀에서 걷기,20221004,"골반의 근,복부의 근,하지의 근,하지의 근,하지의 근",트레드밀에서 걷기,9.709,,mp4,0AUDLJ08S_00174.mp4,"Psoas Major,Rectus Abdominis,Quadriceps Femoris,Biceps Femoris,Triceps Surae",http://openapi.kspo.or.kr/web/image/0AUDLJ08S_00174/,3,동영상,
"큰허리근,배곧은근,넙다리네갈래근,넙다리두갈래근,장딴지세갈래근",,http://openapi.kspo.or.kr/web/video/,실내에서 트레드밀을 활용한 운동처방 동영상,6308288,29.96,15,1280*720,트레드밀,공통,349,,0AUDLJ08S_00174_SC_00004.jpeg,"대요근,복직근,대퇴사두근,대퇴이두근,하퇴삼두근",2021,헬스장,40,"앞쪽 골반,복부,앞쪽 넓적다리,뒤쪽 넓적다리,종아리",한국어,트레드밀에서 걷기,20221004,"골반의 근,복부의 근,하지의 근,하지의 근,하지의 근",트레드밀에서 걷기,11.644,,mp4,0AUDLJ08S_00174.mp4,"Psoas Major,Rectus Abdominis,Quadriceps Femoris,Biceps Femoris,Triceps Surae",http://openapi.kspo.or.kr/web/image/0AUDLJ08S_00174/,4,동영상,
"큰허리근,배곧은근,넙다리네갈래근,넙다리두갈래근,장딴지세갈래근",,http://openapi.kspo.or.kr/web/video/,실내에서 트레드밀을 활용한 운동처방 동영상,6308288,29.96,16,1280*720,트레드밀,공통,378,,0AUDLJ08S_00174_SC_00005.jpeg,"대요근,복직근,대퇴사두근,대퇴이두근,하퇴삼두근",2021,헬스장,40,"앞쪽 골반,복부,앞쪽 넓적다리,뒤쪽 넓적다리,종아리",한국어,트레드밀에서 걷기,20221004,"골반의 근,복부의 근,하지의 근,하지의 근,하지의 근",트레드밀에서 걷기,12.612,,mp4,0AUDLJ08S_00174.mp4,"Psoas Major,Rectus Abdominis,Quadriceps Femoris,Biceps Femoris,Triceps Surae",http://openapi.kspo.or.kr/web/image/0AUDLJ08S_00174/,5,동영상,
"큰허리근,배곧은근,넙다리네갈래근,넙다리두갈래근,장딴지세갈래근",,http://openapi.kspo.or.kr/web/video/,실내에서 트레드밀을 활용한 운동처방 동영상,6308288,29.96,17,1280*720,트레드밀,공통,407,,0AUDLJ08S_00174_SC_00006.jpeg,"대요근,복직근,대퇴사두근,대퇴이두근,하퇴삼두근",2021,헬스장,40,"앞쪽 골반,복부,앞쪽 넓적다리,뒤쪽 넓적다리,종아리",한국어,트레드밀에서 걷기,20221004,"골반의 근,복부의 근,하지의 근,하지의 근,하지의 근",트레드밀에서 걷기,13.58,,mp4,0AUDLJ08S_00174.mp4,"Psoas Major,Rectus Abdominis,Quadriceps Femoris,Biceps Femoris,Triceps Surae",http://openapi.kspo.or.kr/web/image/0AUDLJ08S_00174/,6,동영상,
"큰허리근,배곧은근,넙다리네갈래근,넙다리두갈래근,장딴지세갈래근",,http://openapi.kspo.or.kr/web/video/,실내에서 트레드밀을 활용한 운동처방 동영상,6308288,29.96,18,1280*720,트레드밀,공통,436,,0AUDLJ08S_00174_SC_00007.jpeg,"대요근,복직근,대퇴사두근,대퇴이두근,하퇴삼두근",2021,헬스장,40,"앞쪽 골반,복부,앞쪽 넓적다리,뒤쪽 넓적다리,종아리",한국어,트레드밀에서 걷기,20221004,"골반의 근,복부의 근,하지의 근,하지의 근,하지의 근",트레드밀에서 걷기,14.547,,mp4,0AUDLJ08S_00174.mp4,"Psoas Major,Rectus Abdominis,Quadriceps Femoris,Biceps Femoris,Triceps Surae",http://openapi.kspo.or.kr/web/image/0AUDLJ08S_00174/,7,동영상,
"큰허리근,배곧은근,넙다리네갈래근,넙다리두갈래근,장딴지세갈래근",,http://openapi.kspo.or.kr/web/video/,실내에서 트레드밀을 활용한 운동처방 동영상,6308288,29.96,19,1280*720,트레드밀,공통,465,,0AUDLJ08S_00174_SC_00008.jpeg,"대요근,복직근,대퇴사두근,대퇴이두근,하퇴삼두근",2021,헬스장,40,"앞쪽 골반,복부,앞쪽 넓적다리,뒤쪽 넓적다리,종아리",한국어,트레드밀에서 걷기,20221004,"골반의 근,복부의 근,하지의 근,하지의 근,하지의 근",트레드밀에서 걷기,15.515,,mp4,0AUDLJ08S_00174.mp4,"Psoas Major,Rectus Abdominis,Quadriceps Femoris,Biceps Femoris,Triceps Surae",http://openapi.kspo.or.kr/web/image/0AUDLJ08S_00174/,8,동영상,
"큰허리근,배곧은근,넙다리네갈래근,넙다리두갈래근,장딴지세갈래근",,http://openapi.kspo.or.kr/web/video/,실내에서 트레드밀을 활용한 운동처방 동영상,6308288,29.96,20,1280*720,트레드밀,공통,494,,0AUDLJ08S_00174_SC_00009.jpeg,"대요근,복직근,대퇴사두근,대퇴이두근,하퇴삼두근",2021,헬스장,40,"앞쪽 골반,복부,앞쪽 넓적다리,뒤쪽 넓적다리,종아리",한국어,트레드밀에서 걷기,20221004,"골반의 근,복부의 근,하지의 근,하지의 근,하지의 근",트레드밀에서 걷기,16.483,,mp4,0AUDLJ08S_00174.mp4,"Psoas Major,Rectus Abdominis,Quadriceps Femoris,Biceps Femoris,Triceps Surae",http://openapi.kspo.or.kr/web/image/0AUDLJ08S_00174/,9,동영상,
"큰허리근,배곧은근,넙다리네갈래근,넙다리두갈래근,장딴지세갈래근",,http://openapi.kspo.or.kr/web/video/,실내에서 트레드밀을 활용한 운동처방 동영상,6308288,29.96,21,1280*720,트레드밀,공통,523,,0AUDLJ08S_00174_SC_00010.jpeg,"대요근,복직근,대퇴사두근,대퇴이두근,하퇴삼두근",2021,헬스장,40,"앞쪽 골반,복부,앞쪽 넓적다리,뒤쪽 넓적다리,종아리",한국어,트레드밀에서 걷기,20221004,"골반의 근,복부의 근,하지의 근,하지의 근,하지의 근",트레드밀에서 걷기,17.45,,mp4,0AUDLJ08S_00174.mp4,"Psoas Major,Rectus Abdominis,Quadriceps Femoris,Biceps Femoris,Triceps Surae",http://openapi.kspo.or.kr/web/image/0AUDLJ08S_00174/,10,동영상,
"큰허리근,배곧은근,넙다리네갈래근,넙다리두갈래근,장딴지세갈래근",,http://openapi.kspo.or.kr/web/video/,실내에서 트레드밀을 활용한 운동처방 동영상,6308288,29.96,22,1280*720,트레드밀,공통,552,,0AUDLJ08S_00174_SC_00011.jpeg,"대요근,복직근,대퇴사두근,대퇴이두근,하퇴삼두근",2021,헬스장,40,"앞쪽 골반,복부,앞쪽 넓적다리,뒤쪽 넓적다리,종아리",한국어,트레드밀에서 걷기,20221004,"골반의 근,복부의 근,하지의 근,하지의 근,하지의 근",트레드밀에서 걷기,18.418,,mp4,0AUDLJ08S_00174.mp4,"Psoas Major,Rectus Abdominis,Quadriceps Femoris,Biceps Femoris,Triceps Surae",http://openapi.kspo.or.kr/web/image/0AUDLJ08S_00174/,11,동영상,
"큰허리근,배곧은근,넙다리네갈래근,넙다리두갈래근,장딴지세갈래근",,http://openapi.kspo.or.kr/web/video/,실내에서 트레드밀을 활용한 운동처방 동영상,6308288,29.96,23,1280*720,트레드밀,공통,581,,0AUDLJ08S_00174_SC_00012.jpeg,"대요근,복직근,대퇴사두근,대퇴이두근,하퇴삼두근",2021,헬스장,40,"앞쪽 골반,복부,앞쪽 넓적다리,뒤쪽 넓적다리,종아리",한국어,트레드밀에서 걷기,20221004,"골반의 근,복부의 근,하지의 근,하지의 근,하지의 근",트레드밀에서 걷기,19.386,,mp4,0AUDLJ08S_00174.mp4,"Psoas Major,Rectus Abdominis,Quadriceps Femoris,Biceps Femoris,Triceps Surae",http://openapi.kspo.or.kr/web/image/0AUDLJ08S_00174/,12,동영상,
"큰허리근,배곧은근,넙다리네갈래근,넙다리두갈래근,장딴지세갈래근",,http://openapi.kspo.or.kr/web/video/,실내에서 트레드밀을 활용한 운동처방 동영상,6308288,29.96,24,1280*720,트레드밀,공통,639,,0AUDLJ08S_00174_SC_00013.jpeg,"대요근,복직근,대퇴사두근,대퇴이두근,하퇴삼두근",2021,헬스장,40,"앞쪽 골반,복부,앞쪽 넓적다리,뒤쪽 넓적다리,종아리",한국어,트레드밀에서 걷기,20221004,"골반의 근,복부의 근,하지의 근,하지의 근,하지의 근",트레드밀에서 걷기,21.321,,mp4,0AUDLJ08S_00174.mp4,"Psoas Major,Rectus Abdominis,Quadriceps Femoris,Biceps Femoris,Triceps Surae",http://openapi.kspo.or.kr/web/image/0AUDLJ08S_00174/,13,동영상,
"큰허리근,배곧은근,넙다리네갈래근,넙다리두갈래근,장딴지세갈래근",,http://openapi.kspo.or.kr/web/video/,실내에서 트레드밀을 활용한 운동처방 동영상,6308288,29.96,25,1280*720,트레드밀,공통,813,,0AUDLJ08S_00174_SC_00014.jpeg,"대요근,복직근,대퇴사두근,대퇴이두근,하퇴삼두근",2021,헬스장,40,"앞쪽 골반,복부,앞쪽 넓적다리,뒤쪽 넓적다리,종아리",한국어,트레드밀에서 걷기,20221004,"골반의 근,복부의 근,하지의 근,하지의 근,하지의 근",트레드밀에서 걷기,27.127,,mp4,0AUDLJ08S_00174.mp4,"Psoas Major,Rectus Abdominis,Quadriceps Femoris,Biceps Femoris,Triceps Surae",http://openapi.kspo.or.kr/web/image/0AUDLJ08S_00174/,14,동영상,
"큰허리근,배곧은근,넙다리네갈래근,넙다리두갈래근,장딴지세갈래근",,http://openapi.kspo.or.kr/web/video/,실내에서 트레드밀을 활용한 운동처방 동영상,6308288,29.96,26,1280*720,트레드밀,공통,842,,0AUDLJ08S_00174_SC_00015.jpeg,"대요근,복직근,대퇴사두근,대퇴이두근,하퇴삼두근",2021,헬스장,40,"앞쪽 골반,복부,앞쪽 넓적다리,뒤쪽 넓적다리,종아리",한국어,트레드밀에서 걷기,20221004,"골반의 근,복부의 근,하지의 근,하지의 근,하지의 근",트레드밀에서 걷기,28.094,,mp4,0AUDLJ08S_00174.mp4,"Psoas Major,Rectus Abdominis,Quadriceps Femoris,Biceps Femoris,Triceps Surae",http://openapi.kspo.or.kr/web/image/0AUDLJ08S_00174/,15,동영상,
"큰허리근,배곧은근,넙다리네갈래근,넙다리두갈래근,장딴지세갈래근",,http://openapi.kspo.or.kr/web/video/,실내에서 트레드밀을 활용한 운동처방 동영상,6308288,29.96,27,1280*720,트레드밀,공통,871,,0AUDLJ08S_00174_SC_00016.jpeg,"대요근,복직근,대퇴사두근,대퇴이두근,하퇴삼두근",2021,헬스장,40,"앞쪽 골반,복부,앞쪽 넓적다리,뒤쪽 넓적다리,종아리",한국어,트레드밀에서 걷기,20221004,"골반의 근,복부의 근,하지의 근,하지의 근,하지의 근",트레드밀에서 걷기,29.062,,mp4,0AUDLJ08S_00174.mp4,"Psoas Major,Rectus Abdominis,Quadriceps Femoris,Biceps Femoris,Triceps Surae",http://openapi.kspo.or.kr/web/image/0AUDLJ08S_00174/,16,동영상,
"큰허리근,배곧은근,넙다리네갈래근,넙다리두갈래근,장딴지세갈래근",,http://openapi.kspo.or.kr/web/video/,실내에서 트레드밀을 활용한 운동처방 동영상,6308288,29.96,28,1280*720,트레드밀,공통,900,,0AUDLJ08S_00174_SC_00017.jpeg,"대요근,복직근,대퇴사두근,대퇴이두근,하퇴삼두근",2021,헬스장,40,"앞쪽 골반,복부,앞쪽 넓적다리,뒤쪽 넓적다리,종아리",한국어,트레드밀에서 걷기,20221004,"골반의 근,복부의 근,하지의 근,하지의 근,하지의 근",트레드밀에서 걷기,30.03,,mp4,0AUDLJ08S_00174.mp4,"Psoas Major,Rectus Abdominis,Quadriceps Femoris,Biceps Femoris,Triceps Surae",http://openapi.kspo.or.kr/web/image/0AUDLJ08S_00174/,17,동영상,
"큰허리근,배곧은근,넙다리네갈래근,넙다리두갈래근,장딴지세갈래근",,http://openapi.kspo.or.kr/web/video/,실내에서 트레드밀을 활용한 운동처방 동영상,6308288,29.96,29,1280*720,트레드밀,공통,929,,0AUDLJ08S_00174_SC_00018.jpeg,"대요근,복직근,대퇴사두근,대퇴이두근,하퇴삼두근",2021,헬스장,40,"앞쪽 골반,복부,앞쪽 넓적다리,뒤쪽 넓적다리,종아리",한국어,트레드밀에서 걷기,20221004,"골반의 근,복부의 근,하지의 근,하지의 근,하지의 근",트레드밀에서 걷기,30.997,,mp4,0AUDLJ08S_00174.mp4,"Psoas Major,Rectus Abdominis,Quadriceps Femoris,Biceps Femoris,Triceps Surae",http://openapi.kspo.or.kr/web/image/0AUDLJ08S_00174/,18,동영상,
"큰허리근,배곧은근,넙다리네갈래근,넙다리두갈래근,장딴지세갈래근",,http://openapi.kspo.or.kr/web/video/,실내에서 트레드밀을 활용한 운동처방 동영상,6308288,29.96,30,1280*720,트레드밀,공통,958,,0AUDLJ08S_00174_SC_00019.jpeg,"대요근,복직근,대퇴사두근,대퇴이두근,하퇴삼두근",2021,헬스장,40,"앞쪽 골반,복부,앞쪽 넓적다리,뒤쪽 넓적다리,종아리",한국어,트레드밀에서 걷기,20221004,"골반의 근,복부의 근,하지의 근,하지의 근,하지의 근",트레드밀에서 걷기,31.965,,mp4,0AUDLJ08S_00174.mp4,"Psoas Major,Rectus Abdominis,Quadriceps Femoris,Biceps Femoris,Triceps Surae",http://openapi.kspo.or.kr/web/image/0AUDLJ08S_00174/,19,동영상,
"큰허리근,배곧은근,넙다리네갈래근,넙다리두갈래근,장딴지세갈래근",,http://openapi.kspo.or.kr/web/video/,실내에서 트레드밀을 활용한 운동처방 동영상,6308288,29.96,31,1280*720,트레드밀,공통,987,,0AUDLJ08S_00174_SC_00020.jpeg,"대요근,복직근,대퇴사두근,대퇴이두근,하퇴삼두근",2021,헬스장,40,"앞쪽 골반,복부,앞쪽 넓적다리,뒤쪽 넓적다리,종아리",한국어,트레드밀에서 걷기,20221004,"골반의 근,복부의 근,하지의 근,하지의 근,하지의 근",트레드밀에서 걷기,32.932,,mp4,0AUDLJ08S_00174.mp4,"Psoas Major,Rectus Abdominis,Quadriceps Femoris,Biceps Femoris,Triceps Surae",http://openapi.kspo.or.kr/web/image/0AUDLJ08S_00174/,20,동영상,
"큰허리근,배곧은근,넙다리네갈래근,넙다리두갈래근,장딴지세갈래근",,http://openapi.kspo.or.kr/web/video/,실내에서 트레드밀을 활용한 운동처방 동영상,6308288,29.96,32,1280*720,트레드밀,공통,1016,,0AUDLJ08S_00174_SC_00021.jpeg,"대요근,복직근,대퇴사두근,대퇴이두근,하퇴삼두근",2021,헬스장,40,"앞쪽 골반,복부,앞쪽 넓적다리,뒤쪽 넓적다리,종아리",한국어,트레드밀에서 걷기,20221004,"골반의 근,복부의 근,하지의 근,하지의 근,하지의 근",트레드밀에서 걷기,33.9,,mp4,0AUDLJ08S_00174.mp4,"Psoas Major,Rectus Abdominis,Quadriceps Femoris,Biceps Femoris,Triceps Surae",http://openapi.kspo.or.kr/web/image/0AUDLJ08S_00174/,21,동영상,
"큰허리근,배곧은근,넙다리네갈래근,넙다리두갈래근,장딴지세갈래근",,http://openapi.kspo.or.kr/web/video/,실내에서 트레드밀을 활용한 운동처방 동영상,6308288,29.96,33,1280*720,트레드밀,공통,1045,,0AUDLJ08S_00174_SC_00022.jpeg,"대요근,복직근,대퇴사두근,대퇴이두근,하퇴삼두근",2021,헬스장,40,"앞쪽 골반,복부,앞쪽 넓적다리,뒤쪽 넓적다리,종아리",한국어,트레드밀에서 걷기,20221004,"골반의 근,복부의 근,하지의 근,하지의 근,하지의 근",트레드밀에서 걷기,34.868,,mp4,0AUDLJ08S_00174.mp4,"Psoas Major,Rectus Abdominis,Quadriceps Femoris,Biceps Femoris,Triceps Surae",http://openapi.kspo.or.kr/web/image/0AUDLJ08S_00174/,22,동영상,
"큰허리근,배곧은근,넙다리네갈래근,넙다리두갈래근,장딴지세갈래근",,http://openapi.kspo.or.kr/web/video/,실내에서 트레드밀을 활용한 운동처방 동영상,6308288,29.96,34,1280*720,트레드밀,공통,1103,,0AUDLJ08S_00174_SC_00023.jpeg,"대요근,복직근,대퇴사두근,대퇴이두근,하퇴삼두근",2021,헬스장,40,"앞쪽 골반,복부,앞쪽 넓적다리,뒤쪽 넓적다리,종아리",한국어,트레드밀에서 걷기,20221004,"골반의 근,복부의 근,하지의 근,하지의 근,하지의 근",트레드밀에서 걷기,36.803,,mp4,0AUDLJ08S_00174.mp4,"Psoas Major,Rectus Abdominis,Quadriceps Femoris,Biceps Femoris,Triceps Surae",http://openapi.kspo.or.kr/web/image/0AUDLJ08S_00174/,23,동영상,
"큰허리근,배곧은근,넙다리네갈래근,넙다리두갈래근,장딴지세갈래근",,http://openapi.kspo.or.kr/web/video/,실내에서 트레드밀을 활용한 운동처방 동영상,6308288,29.96,35,1280*720,트레드밀,공통,1132,,0AUDLJ08S_00174_SC_00024.jpeg,"대요근,복직근,대퇴사두근,대퇴이두근,하퇴삼두근",2021,헬스장,40,"앞쪽 골반,복부,앞쪽 넓적다리,뒤쪽 넓적다리,종아리",한국어,트레드밀에서 걷기,20221004,"골반의 근,복부의 근,하지의 근,하지의 근,하지의 근",트레드밀에서 걷기,37.771,,mp4,0AUDLJ08S_00174.mp4,"Psoas Major,Rectus Abdominis,Quadriceps Femoris,Biceps Femoris,Triceps Surae",http://openapi.kspo.or.kr/web/image/0AUDLJ08S_00174/,24,동영상,
,,http://openapi.kspo.or.kr/web/video/,수영장에서 할 수 있는 기초적인 호흡과 물에뜨는 방법을 설명한 운동처방 동영상,15012650,29.96,36,1280*720,,공통,117,,0AUDLJ08S_00175_SC_00001.jpeg,,2021,수영장,84,,한국어,손목/발목 돌리기,20220930,,"수영기초(물에뜨기, 호흡하기)",3.903,,mp4,0AUDLJ08S_00175.mp4,,http://openapi.kspo.or.kr/web/image/0AUDLJ08S_00175/,1,동영상,
,,http://openapi.kspo.or.kr/web/video/,수영장에서 할 수 있는 기초적인 호흡과 물에뜨는 방법을 설명한 운동처방 동영상,15012650,29.96,37,1280*720,,공통,146,,0AUDLJ08S_00175_SC_00002.jpeg,,2021,수영장,84,,한국어,손목/발목 돌리기,20220930,,"수영기초(물에뜨기, 호흡하기)",4.871,,mp4,0AUDLJ08S_00175.mp4,,http://openapi.kspo.or.kr/web/image/0AUDLJ08S_00175/,2,동영상,
,,http://openapi.kspo.or.kr/web/video/,수영장에서 할 수 있는 기초적인 호흡과 물에뜨는 방법을 설명한 운동처방 동영상,15012650,29.96,38,1280*720,,공통,262,,0AUDLJ08S_00175_SC_00003.jpeg,,2021,수영장,84,,한국어,손목/발목 돌리기,20220930,,"수영기초(물에뜨기, 호흡하기)",8.742,,mp4,0AUDLJ08S_00175.mp4,,http://openapi.kspo.or.kr/web/image/0AUDLJ08S_00175/,3,동영상,
,,http://openapi.kspo.or.kr/web/video/,수영장에서 할 수 있는 기초적인 호흡과 물에뜨는 방법을 설명한 운동처방 동영상,15012650,29.96,39,1280*720,,공통,320,,0AUDLJ08S_00175_SC_00004.jpeg,,2021,수영장,84,,한국어,손목/발목 돌리기,20220930,,"수영기초(물에뜨기, 호흡하기)",10.677,,mp4,0AUDLJ08S_00175.mp4,,http://openapi.kspo.or.kr/web/image/0AUDLJ08S_00175/,4,동영상,
,,http://openapi.kspo.or.kr/web/video/,수영장에서 할 수 있는 기초적인 호흡과 물에뜨는 방법을 설명한 운동처방 동영상,15012650,29.96,40,1280*720,,공통,349,,0AUDLJ08S_00175_SC_00005.jpeg,,2021,수영장,84,,한국어,손목/발목 돌리기,20220930,,"수영기초(물에뜨기, 호흡하기)",11.644,,mp4,0AUDLJ08S_00175.mp4,,http://openapi.kspo.or.kr/web/image/0AUDLJ08S_00175/,5,동영상,
,,http://openapi.kspo.or.kr/web/video/,수영장에서 할 수 있는 기초적인 호흡과 물에뜨는 방법을 설명한 운동처방 동영상,15012650,29.96,41,1280*720,,공통,465,,0AUDLJ08S_00175_SC_00006.jpeg,,2021,수영장,84,,한국어,손목/발목 돌리기,20220930,,"수영기초(물에뜨기, 호흡하기)",15.515,,mp4,0AUDLJ08S_00175.mp4,,http://openapi.kspo.or.kr/web/image/0AUDLJ08S_00175/,6,동영상,
,,http://openapi.kspo.or.kr/web/video/,수영장에서 할 수 있는 기초적인 호흡과 물에뜨는 방법을 설명한 운동처방 동영상,15012650,29.96,42,1280*720,,공통,581,,0AUDLJ08S_00175_SC_00007.jpeg,,2021,수영장,84,,한국어,무릎 돌리기,20220930,,"수영기초(물에뜨기, 호흡하기)",19.386,,mp4,0AUDLJ08S_00175.mp4,,http://openapi.kspo.or.kr/web/image/0AUDLJ08S_00175/,7,동영상,
,,http://openapi.kspo.or.kr/web/video/,수영장에서 할 수 있는 기초적인 호흡과 물에뜨는 방법을 설명한 운동처방 동영상,15012650,29.96,43,1280*720,,공통,668,,0AUDLJ08S_00175_SC_00008.jpeg,,2021,수영장,84,,한국어,허리 돌리기,20220930,,"수영기초(물에뜨기, 호흡하기)",22.288,,mp4,0AUDLJ08S_00175.mp4,,http://openapi.kspo.or.kr/web/image/0AUDLJ08S_00175/,8,동영상,
,,http://openapi.kspo.or.kr/web/video/,수영장에서 할 수 있는 기초적인 호흡과 물에뜨는 방법을 설명한 운동처방 동영상,15012650,29.96,44,1280*720,,공통,813,,0AUDLJ08S_00175_SC_00009.jpeg,,2021,수영장,84,,한국어,어깨 돌리기,20220930,,"수영기초(물에뜨기, 호흡하기)",27.127,,mp4,0AUDLJ08S_00175.mp4,,http://openapi.kspo.or.kr/web/image/0AUDLJ08S_00175/,9,동영상,
,,http://openapi.kspo.or.kr/web/video/,수영장에서 할 수 있는 기초적인 호흡과 물에뜨는 방법을 설명한 운동처방 동영상,15012650,29.96,45,1280*720,,공통,1016,,0AUDLJ08S_00175_SC_00010.jpeg,,2021,수영장,84,,한국어,목 돌리기,20220930,,"수영기초(물에뜨기, 호흡하기)",33.9,,mp4,0AUDLJ08S_00175.mp4,,http://openapi.kspo.or.kr/web/image/0AUDLJ08S_00175/,10,동영상,
,,http://openapi.kspo.or.kr/web/video/,수영장에서 할 수 있는 기초적인 호흡과 물에뜨는 방법을 설명한 운동처방 동영상,15012650,29.96,46,1280*720,,공통,1132,,0AUDLJ08S_00175_SC_00011.jpeg,,2021,수영장,84,,한국어,앉았다 일어서기(수영기초),20220930,,"수영기초(물에뜨기, 호흡하기)",37.771,,mp4,0AUDLJ08S_00175.mp4,,http://openapi.kspo.or.kr/web/image/0AUDLJ08S_00175/,11,동영상,
,,http://openapi.kspo.or.kr/web/video/,수영장에서 할 수 있는 기초적인 호흡과 물에뜨는 방법을 설명한 운동처방 동영상,15012650,29.96,47,1280*720,,공통,1248,,0AUDLJ08S_00175_SC_00012.jpeg,,2021,수영장,84,,한국어,앉았다 일어서기(수영기초),20220930,,"수영기초(물에뜨기, 호흡하기)",41.641,,mp4,0AUDLJ08S_00175.mp4,,http://openapi.kspo.or.kr/web/image/0AUDLJ08S_00175/,12,동영상,
,,http://openapi.kspo.or.kr/web/video/,수영장에서 할 수 있는 기초적인 호흡과 물에뜨는 방법을 설명한 운동처방 동영상,15012650,29.96,48,1280*720,,공통,1335,,0AUDLJ08S_00175_SC_00013.jpeg,,2021,수영장,84,,한국어,양팔 벌려 뛰기,20220930,,"수영기초(물에뜨기, 호흡하기)",44.544,,mp4,0AUDLJ08S_00175.mp4,,http://openapi.kspo.or.kr/web/image/0AUDLJ08S_00175/,13,동영상,
,,http://openapi.kspo.or.kr/web/video/,수영장에서 할 수 있는 기초적인 호흡과 물에뜨는 방법을 설명한 운동처방 동영상,15012650,29.96,49,1280*720,,공통,1538,,0AUDLJ08S_00175_SC_00014.jpeg,,2021,수영장,84,,한국어,물에 뜨기,20220930,,"수영기초(물에뜨기, 호흡하기)",51.317,,mp4,0AUDLJ08S_00175.mp4,,http://openapi.kspo.or.kr/web/image/0AUDLJ08S_00175/,14,동영상,
,,http://openapi.kspo.or.kr/web/video/,수영장에서 할 수 있는 기초적인 호흡과 물에뜨는 방법을 설명한 운동처방 동영상,15012650,29.96,50,1280*720,,공통,1799,,0AUDLJ08S_00175_SC_00015.jpeg,,2021,수영장,84,,한국어,물에 뜨기,20220930,,"수영기초(물에뜨기, 호흡하기)",60.026,,mp4,0AUDLJ08S_00175.mp4,,http://openapi.kspo.or.kr/web/image/0AUDLJ08S_00175/,15,동영상,
,,http://openapi.kspo.or.kr/web/video/,수영장에서 할 수 있는 기초적인 호흡과 물에뜨는 방법을 설명한 운동처방 동영상,15012650,29.96,51,1280*720,,공통,1857,,0AUDLJ08S_00175_SC_00016.jpeg,,2021,수영장,84,,한국어,물에 뜨기,20220930,,"수영기초(물에뜨기, 호흡하기)",61.961,,mp4,0AUDLJ08S_00175.mp4,,http://openapi.kspo.or.kr/web/image/0AUDLJ08S_00175/,16,동영상,
,,http://openapi.kspo.or.kr/web/video/,수영장에서 할 수 있는 기초적인 호흡과 물에뜨는 방법을 설명한 운동처방 동영상,15012650,29.96,52,1280*720,,공통,1973,,0AUDLJ08S_00175_SC_00017.jpeg,,2021,수영장,84,,한국어,물에 뜨기,20220930,,"수영기초(물에뜨기, 호흡하기)",65.832,,mp4,0AUDLJ08S_00175.mp4,,http://openapi.kspo.or.kr/web/image/0AUDLJ08S_00175/,17,동영상,
,,http://openapi.kspo.or.kr/web/video/,수영장에서 할 수 있는 기초적인 호흡과 물에뜨는 방법을 설명한 운동처방 동영상,15012650,29.96,53,1280*720,,공통,2002,,0AUDLJ08S_00175_SC_00018.jpeg,,2021,수영장,84,,한국어,호흡하기,20220930,,"수영기초(물에뜨기, 호흡하기)",66.8,,mp4,0AUDLJ08S_00175.mp4,,http://openapi.kspo.or.kr/web/image/0AUDLJ08S_00175/,18,동영상,
,,http://openapi.kspo.or.kr/web/video/,"수영장에서 할 수 있는 수영법 중, 자유형을 설명한 운동처방 동영상",15869366,29.96,54,1280*720,,공통,90,,0AUDLJ08S_00176_FR_00002.jpeg,,2021,수영장,96,,한국어,,20221018,,자유형,3.003,,mp4,0AUDLJ08S_00176.mp4,,http://openapi.kspo.or.kr/web/image/0AUDLJ08S_00176/,1,동영상,
"넙다리네갈래근,뒤넙다리근",,http://openapi.kspo.or.kr/web/video/,"수영장에서 할 수 있는 수영법 중, 자유형을 설명한 운동처방 동영상",15869366,29.96,55,1280*720,,공통,360,,0AUDLJ08S_00176_FR_00005.jpeg,"대퇴사두근,슬괵근",2021,수영장,96,"앞쪽 넓적다리,뒤쪽 넓적다리",한국어,발 동작(자유형),20221018,"하지의 근,하지의 근",자유형,12.012,,mp4,0AUDLJ08S_00176.mp4,"Quadriceps Femoris,Hamstring",http://openapi.kspo.or.kr/web/image/0AUDLJ08S_00176/,2,동영상,
"볼기근,넙다리네갈래근,뒤넙다리근",,http://openapi.kspo.or.kr/web/video/,"수영장에서 할 수 있는 수영법 중, 자유형을 설명한 운동처방 동영상",15869366,29.96,56,1280*720,,공통,630,,0AUDLJ08S_00176_FR_00008.jpeg,"둔근,대퇴사두근,슬괵근",2021,수영장,96,"엉덩이,앞쪽 넓적다리,뒤쪽 넓적다리",한국어,발 동작(자유형),20221018,"골반의 근,하지의 근,하지의 근",자유형,21.021,,mp4,0AUDLJ08S_00176.mp4,"Gluteal,Quadriceps Femoris,Hamstring",http://openapi.kspo.or.kr/web/image/0AUDLJ08S_00176/,3,동영상,
"볼기근,넙다리네갈래근,뒤넙다리근",,http://openapi.kspo.or.kr/web/video/,"수영장에서 할 수 있는 수영법 중, 자유형을 설명한 운동처방 동영상",15869366,29.96,57,1280*720,,공통,900,,0AUDLJ08S_00176_FR_00011.jpeg,"둔근,대퇴사두근,슬괵근",2021,수영장,96,"엉덩이,앞쪽 넓적다리,뒤쪽 넓적다리",한국어,발 동작(자유형),20221018,"골반의 근,하지의 근,하지의 근",자유형,30.03,,mp4,0AUDLJ08S_00176.mp4,"Gluteal,Quadriceps Femoris,Hamstring",http://openapi.kspo.or.kr/web/image/0AUDLJ08S_00176/,4,동영상,
"볼기근,넙다리네갈래근,뒤넙다리근",,http://openapi.kspo.or.kr/web/video/,"수영장에서 할 수 있는 수영법 중, 자유형을 설명한 운동처방 동영상",15869366,29.96,58,1280*720,,공통,1259,,0AUDLJ08S_00176_FR_00015.jpeg,"둔근,대퇴사두근,슬괵근",2021,수영장,96,"엉덩이,앞쪽 넓적다리,뒤쪽 넓적다리",한국어,발 동작(자유형),20221018,"골반의 근,하지의 근,하지의 근",자유형,42.008,,mp4,0AUDLJ08S_00176.mp4,"Gluteal,Quadriceps Femoris,Hamstring",http://openapi.kspo.or.kr/web/image/0AUDLJ08S_00176/,5,동영상,
"큰가슴근,넓은등근,어깨세모근",,http://openapi.kspo.or.kr/web/video/,"수영장에서 할 수 있는 수영법 중, 자유형을 설명한 운동처방 동영상",15869366,29.96,59,1280*720,,공통,1439,,0AUDLJ08S_00176_FR_00017.jpeg,"대흉근,광배근,삼각근",2021,수영장,96,"가슴,등,바깥쪽 어깨",한국어,팔 동작(자유형),20221018,"가슴의 근,등과 허리의 근,상지의 근",자유형,48.014,,mp4,0AUDLJ08S_00176.mp4,"Pectoralis Major,Latissimus Dorsi,Deltoid",http://openapi.kspo.or.kr/web/image/0AUDLJ08S_00176/,6,동영상,
"큰가슴근,넓은등근,어깨세모근",,http://openapi.kspo.or.kr/web/video/,"수영장에서 할 수 있는 수영법 중, 자유형을 설명한 운동처방 동영상",15869366,29.96,60,1280*720,,공통,1625,,0AUDLJ08S_00176_SC_00007.jpeg,"대흉근,광배근,삼각근",2021,수영장,96,"가슴,등,바깥쪽 어깨",한국어,팔 동작(자유형),20221018,"가슴의 근,등과 허리의 근,상지의 근",자유형,54.22,,mp4,0AUDLJ08S_00176.mp4,"Pectoralis Major,Latissimus Dorsi,Deltoid",http://openapi.kspo.or.kr/web/image/0AUDLJ08S_00176/,7,동영상,
어깨밑근,,http://openapi.kspo.or.kr/web/video/,"실내에서 할 수 있는 운동 중, 어깨 안쪽 돌림운동을 설명한 운동처방 동영상",8379924,29.96,61,1280*720,밴드,공통,436,,0AUDLJ08S_00350_SC_00004.jpeg,견갑하근,2021,실내,52,뒤쪽 어깨,한국어,어깨 안쪽 돌림,20220930,상지의 근,어깨 안쪽 돌림,14.547,,mp4,0AUDLJ08S_00350.mp4,Subscapularis,http://openapi.kspo.or.kr/web/image/0AUDLJ08S_00350/,4,동영상,
"큰가슴근,넓은등근,어깨세모근,넙다리네갈래근,뒤넙다리근",,http://openapi.kspo.or.kr/web/video/,"수영장에서 할 수 있는 수영법 중, 자유형을 설명한 운동처방 동영상",15869366,29.96,62,1280*720,,공통,1889,,0AUDLJ08S_00176_FR_00022.jpeg,"대흉근,광배근,삼각근,대퇴사두근,슬괵근",2021,수영장,96,"가슴,등,바깥쪽 어깨,앞쪽 넓적다리,뒤쪽 넓적다리",한국어,팔 동작(자유형),20221018,"가슴의 근,등과 허리의 근,상지의 근,하지의 근,하지의 근",자유형,63.029,,mp4,0AUDLJ08S_00176.mp4,"Pectoralis Major,Latissimus Dorsi,Deltoid,Quadriceps Femoris,Hamstring",http://openapi.kspo.or.kr/web/image/0AUDLJ08S_00176/,8,동영상,
"큰가슴근,넓은등근,어깨세모근,넙다리네갈래근,뒤넙다리근",,http://openapi.kspo.or.kr/web/video/,"수영장에서 할 수 있는 수영법 중, 자유형을 설명한 운동처방 동영상",15869366,29.96,63,1280*720,,공통,2611,,0AUDLJ08S_00176_SC_00012.jpeg,"대흉근,광배근,삼각근,대퇴사두근,슬괵근",2021,수영장,96,"가슴,등,바깥쪽 어깨,앞쪽 넓적다리,뒤쪽 넓적다리",한국어,팔 동작(자유형),20221018,"가슴의 근,등과 허리의 근,상지의 근,하지의 근,하지의 근",자유형,87.12,,mp4,0AUDLJ08S_00176.mp4,"Pectoralis Major,Latissimus Dorsi,Deltoid,Quadriceps Femoris,Hamstring",http://openapi.kspo.or.kr/web/image/0AUDLJ08S_00176/,9,동영상,
"등세모근,어깨밑근,어깨세모근,어깨올림근",,http://openapi.kspo.or.kr/web/video/,"수영장에서 할 수 있는 수영법 중, 배영을 설명한 운동처방 동영상",17469236,29.96,64,1280*720,,공통,90,,0AUDLJ08S_00177_FR_00002.jpeg,"승모근,견갑하근,삼각근,견갑거근",2021,수영장,109,"등,뒤쪽 어깨,바깥쪽 어깨,위쪽 어깨",한국어,배영자세와 물에 뜨기,20221111,"등과 허리의 근,상지의 근,상지의 근,상지의 근",배영,3.003,,mp4,0AUDLJ08S_00177.mp4,"Trapezius,Subscapularis,Deltoid,Levator Scapula",http://openapi.kspo.or.kr/web/image/0AUDLJ08S_00177/,1,동영상,
"바깥갈비사이근,안쪽갈비사이근,목빗근,배가로근",,http://openapi.kspo.or.kr/web/video/,"수영장에서 할 수 있는 수영법 중, 배영을 설명한 운동처방 동영상",17469236,29.96,65,1280*720,,공통,540,,0AUDLJ08S_00177_FR_00007.jpeg,"외늑간근,내늑간근,흉쇄유돌근,복횡근",2021,수영장,109,"가슴,가슴,앞쪽 목,복부",한국어,배영자세와 물에 뜨기,20221019,"가슴의 근,가슴의 근,머리와 목의 근,복부의 근",배영,18.018,,mp4,0AUDLJ08S_00177.mp4,"External Intercostals,Internal Intercostals,Sternocleidomastoid,Transverse Abdominis",http://openapi.kspo.or.kr/web/image/0AUDLJ08S_00177/,2,동영상,
"바깥갈비사이근,안쪽갈비사이근,목빗근,배가로근",,http://openapi.kspo.or.kr/web/video/,"수영장에서 할 수 있는 수영법 중, 배영을 설명한 운동처방 동영상",17469236,29.96,66,1280*720,,공통,810,,0AUDLJ08S_00177_FR_00010.jpeg,"외늑간근,내늑간근,흉쇄유돌근,복횡근",2021,수영장,109,"가슴,가슴,앞쪽 목,복부",한국어,배영자세와 물에 뜨기,20221019,"가슴의 근,가슴의 근,머리와 목의 근,복부의 근",배영,27.027,,mp4,0AUDLJ08S_00177.mp4,"External Intercostals,Internal Intercostals,Sternocleidomastoid,Transverse Abdominis",http://openapi.kspo.or.kr/web/image/0AUDLJ08S_00177/,3,동영상,
"바깥갈비사이근,안쪽갈비사이근,볼기근,목빗근,배가로근,넙다리네갈래근",,http://openapi.kspo.or.kr/web/video/,"수영장에서 할 수 있는 수영법 중, 배영을 설명한 운동처방 동영상",17469236,29.96,67,1280*720,,공통,1169,,0AUDLJ08S_00177_FR_00014.jpeg,"외늑간근,내늑간근,둔근,흉쇄유돌근,복횡근,대퇴사두근",2021,수영장,109,"가슴,가슴,엉덩이,앞쪽 목,복부,앞쪽 넓적다리",한국어,발 동작(배영),20221019,"가슴의 근,가슴의 근,골반의 근,머리와 목의 근,복부의 근,하지의 근",배영,39.005,,mp4,0AUDLJ08S_00177.mp4,"External Intercostals,Internal Intercostals,Gluteal,Sternocleidomastoid,Transverse Abdominis,Quadriceps Femoris",http://openapi.kspo.or.kr/web/image/0AUDLJ08S_00177/,4,동영상,
"바깥갈비사이근,안쪽갈비사이근,볼기근,목빗근,배가로근,넙다리네갈래근",,http://openapi.kspo.or.kr/web/video/,"수영장에서 할 수 있는 수영법 중, 배영을 설명한 운동처방 동영상",17469236,29.96,68,1280*720,,공통,1889,,0AUDLJ08S_00177_FR_00022.jpeg,"외늑간근,내늑간근,둔근,흉쇄유돌근,복횡근,대퇴사두근",2021,수영장,109,"가슴,가슴,엉덩이,앞쪽 목,복부,앞쪽 넓적다리",한국어,발 동작(배영),20221019,"가슴의 근,가슴의 근,골반의 근,머리와 목의 근,복부의 근,하지의 근",배영,63.029,,mp4,0AUDLJ08S_00177.mp4,"External Intercostals,Internal Intercostals,Gluteal,Sternocleidomastoid,Transverse Abdominis,Quadriceps Femoris",http://openapi.kspo.or.kr/web/image/0AUDLJ08S_00177/,5,동영상,
"어깨밑근,어깨세모근,어깨올림근,작은원근",,http://openapi.kspo.or.kr/web/video/,"수영장에서 할 수 있는 수영법 중, 배영을 설명한 운동처방 동영상",17469236,29.96,69,1280*720,,공통,2338,,0AUDLJ08S_00177_FR_00027.jpeg,"견갑하근,삼각근,견갑거근,소원근",2021,수영장,109,"뒤쪽 어깨,바깥쪽 어깨,위쪽 어깨,안쪽 어깨",한국어,어깨 롤링,20221019,"상지의 근,상지의 근,상지의 근,상지의 근",배영,78.011,,mp4,0AUDLJ08S_00177.mp4,"Subscapularis,Deltoid,Levator Scapula,Teres Minor",http://openapi.kspo.or.kr/web/image/0AUDLJ08S_00177/,6,동영상,
"등세모근,어깨밑근,어깨세모근,어깨올림근",,http://openapi.kspo.or.kr/web/video/,"수영장에서 할 수 있는 수영법 중, 배영을 설명한 운동처방 동영상",17469236,29.96,70,1280*720,,공통,2669,,0AUDLJ08S_00177_SC_00008.jpeg,"승모근,견갑하근,삼각근,견갑거근",2021,수영장,109,"등,뒤쪽 어깨,바깥쪽 어깨,위쪽 어깨",한국어,팔 동작(배영),20221019,"등과 허리의 근,상지의 근,상지의 근,상지의 근",배영,89.055,,mp4,0AUDLJ08S_00177.mp4,"Trapezius,Subscapularis,Deltoid,Levator Scapula",http://openapi.kspo.or.kr/web/image/0AUDLJ08S_00177/,7,동영상,
"등세모근,어깨밑근,어깨세모근,어깨올림근",,http://openapi.kspo.or.kr/web/video/,"수영장에서 할 수 있는 수영법 중, 배영을 설명한 운동처방 동영상",17469236,29.96,71,1280*720,,공통,2959,,0AUDLJ08S_00177_SC_00009.jpeg,"승모근,견갑하근,삼각근,견갑거근",2021,수영장,109,"등,뒤쪽 어깨,바깥쪽 어깨,위쪽 어깨",한국어,,20221019,"등과 허리의 근,상지의 근,상지의 근,상지의 근",배영,98.732,,mp4,0AUDLJ08S_00177.mp4,"Trapezius,Subscapularis,Deltoid,Levator Scapula",http://openapi.kspo.or.kr/web/image/0AUDLJ08S_00177/,8,동영상,
"넙다리네갈래근,모음근",,http://openapi.kspo.or.kr/web/video/,"수영장에서 할 수 있는 수영법 중, 평영을 설명한 운동처방 동영상",13094189,29.96,72,1280*720,,공통,90,,0AUDLJ08S_00178_FR_00002.jpeg,"대퇴사두근,내전근",2021,수영장,82,"앞쪽 넓적다리,안쪽 넓적다리",한국어,발 동작(평영),20221018,"하지의 근,하지의 근",평영,3.003,,mp4,0AUDLJ08S_00178.mp4,"Quadriceps Femoris,Adductors",http://openapi.kspo.or.kr/web/image/0AUDLJ08S_00178/,1,동영상,
"넙다리네갈래근,모음근",,http://openapi.kspo.or.kr/web/video/,"수영장에서 할 수 있는 수영법 중, 평영을 설명한 운동처방 동영상",13094189,29.96,73,1280*720,,공통,291,,0AUDLJ08S_00178_SC_00004.jpeg,"대퇴사두근,내전근",2021,수영장,82,"앞쪽 넓적다리,안쪽 넓적다리",한국어,발 동작(평영),20221018,"하지의 근,하지의 근",평영,9.709,,mp4,0AUDLJ08S_00178.mp4,"Quadriceps Femoris,Adductors",http://openapi.kspo.or.kr/web/image/0AUDLJ08S_00178/,2,동영상,
"넙다리네갈래근,모음근",,http://openapi.kspo.or.kr/web/video/,"수영장에서 할 수 있는 수영법 중, 평영을 설명한 운동처방 동영상",13094189,29.96,74,1280*720,,공통,990,,0AUDLJ08S_00178_FR_00012.jpeg,"대퇴사두근,내전근",2021,수영장,82,"앞쪽 넓적다리,안쪽 넓적다리",한국어,발 동작(평영),20221018,"하지의 근,하지의 근",평영,33.033,,mp4,0AUDLJ08S_00178.mp4,"Quadriceps Femoris,Adductors",http://openapi.kspo.or.kr/web/image/0AUDLJ08S_00178/,3,동영상,
"큰가슴근,넓은등근,어깨세모근",,http://openapi.kspo.or.kr/web/video/,"수영장에서 할 수 있는 수영법 중, 평영을 설명한 운동처방 동영상",13094189,29.96,75,1280*720,,공통,1439,,0AUDLJ08S_00178_FR_00017.jpeg,"대흉근,광배근,삼각근",2021,수영장,82,"가슴,등,바깥쪽 어깨",한국어,팔 동작(평영),20221018,"가슴의 근,등과 허리의 근,상지의 근",평영,48.014,,mp4,0AUDLJ08S_00178.mp4,"Pectoralis Major,Latissimus Dorsi,Deltoid",http://openapi.kspo.or.kr/web/image/0AUDLJ08S_00178/,4,동영상,
"큰가슴근,넓은등근,어깨세모근,넙다리네갈래근,모음근",,http://openapi.kspo.or.kr/web/video/,"수영장에서 할 수 있는 수영법 중, 평영을 설명한 운동처방 동영상",13094189,29.96,76,1280*720,,공통,2068,,0AUDLJ08S_00178_FR_00024.jpeg,"대흉근,광배근,삼각근,대퇴사두근,내전근",2021,수영장,82,"가슴,등,바깥쪽 어깨,앞쪽 넓적다리,안쪽 넓적다리",한국어,팔 동작(평영),20221018,"가슴의 근,등과 허리의 근,상지의 근,하지의 근,하지의 근",평영,69.002,,mp4,0AUDLJ08S_00178.mp4,"Pectoralis Major,Latissimus Dorsi,Deltoid,Quadriceps Femoris,Adductors",http://openapi.kspo.or.kr/web/image/0AUDLJ08S_00178/,5,동영상,
"큰가슴근,넓은등근,어깨세모근",,http://openapi.kspo.or.kr/web/video/,"수영장에서 할 수 있는 수영법 중, 평영을 설명한 운동처방 동영상",13094189,29.96,77,1280*720,,공통,2248,,0AUDLJ08S_00178_FR_00026.jpeg,"대흉근,광배근,삼각근",2021,수영장,82,"가슴,등,바깥쪽 어깨",한국어,팔 동작(평영),20221018,"가슴의 근,등과 허리의 근,상지의 근",평영,75.008,,mp4,0AUDLJ08S_00178.mp4,"Pectoralis Major,Latissimus Dorsi,Deltoid",http://openapi.kspo.or.kr/web/image/0AUDLJ08S_00178/,6,동영상,
"볼기근,어깨세모근,어깨올림근,넙다리네갈래근,넙다리두갈래근",,http://openapi.kspo.or.kr/web/video/,"수영장에서 할 수 있는 수영법 중, 접영을 설명한 운동처방 동영상",11405995,29.96,78,1280*720,,공통,90,,0AUDLJ08S_00179_FR_00002.jpeg,"둔근,삼각근,견갑거근,대퇴사두근,대퇴이두근",2021,수영장,70,"엉덩이,바깥쪽 어깨,위쪽 어깨,앞쪽 넓적다리,뒤쪽 넓적다리",한국어,,20221111,"골반의 근,상지의 근,상지의 근,하지의 근,하지의 근",접영,3.003,,mp4,0AUDLJ08S_00179.mp4,"Gluteal,Deltoid,Levator Scapula,Quadriceps Femoris,Biceps Femoris",http://openapi.kspo.or.kr/web/image/0AUDLJ08S_00179/,1,동영상,
"볼기근,가자미근,넙다리네갈래근,넙다리두갈래근,장딴지근",,http://openapi.kspo.or.kr/web/video/,"수영장에서 할 수 있는 수영법 중, 접영을 설명한 운동처방 동영상",11405995,29.96,79,1280*720,,공통,349,,0AUDLJ08S_00179_SC_00003.jpeg,"둔근,넙치근,대퇴사두근,대퇴이두근,비복근",2021,수영장,70,"엉덩이,종아리,앞쪽 넓적다리,뒤쪽 넓적다리,종아리",한국어,발 동작(접영),20221024,"골반의 근,하지의 근,하지의 근,하지의 근,하지의 근",접영,11.644,,mp4,0AUDLJ08S_00179.mp4,"Gluteal,Soleus,Quadriceps Femoris,Biceps Femoris,Gastrocnemius",http://openapi.kspo.or.kr/web/image/0AUDLJ08S_00179/,2,동영상,
"볼기근,가자미근,넙다리네갈래근,넙다리두갈래근,장딴지근",,http://openapi.kspo.or.kr/web/video/,"수영장에서 할 수 있는 수영법 중, 접영을 설명한 운동처방 동영상",11405995,29.96,80,1280*720,킥판,공통,720,,0AUDLJ08S_00179_FR_00009.jpeg,"둔근,넙치근,대퇴사두근,대퇴이두근,비복근",2021,수영장,70,"엉덩이,종아리,앞쪽 넓적다리,뒤쪽 넓적다리,종아리",한국어,발 동작(접영),20221024,"골반의 근,하지의 근,하지의 근,하지의 근,하지의 근",접영,24.024,,mp4,0AUDLJ08S_00179.mp4,"Gluteal,Soleus,Quadriceps Femoris,Biceps Femoris,Gastrocnemius",http://openapi.kspo.or.kr/web/image/0AUDLJ08S_00179/,3,동영상,
"볼기근,가자미근,넙다리네갈래근,넙다리두갈래근,장딴지근",,http://openapi.kspo.or.kr/web/video/,"수영장에서 할 수 있는 수영법 중, 접영을 설명한 운동처방 동영상",11405995,29.96,81,1280*720,킥판,공통,900,,0AUDLJ08S_00179_FR_00011.jpeg,"둔근,넙치근,대퇴사두근,대퇴이두근,비복근",2021,수영장,70,"엉덩이,종아리,앞쪽 넓적다리,뒤쪽 넓적다리,종아리",한국어,발 동작(접영),20221024,"골반의 근,하지의 근,하지의 근,하지의 근,하지의 근",접영,30.03,,mp4,0AUDLJ08S_00179.mp4,"Gluteal,Soleus,Quadriceps Femoris,Biceps Femoris,Gastrocnemius",http://openapi.kspo.or.kr/web/image/0AUDLJ08S_00179/,4,동영상,
"넓은등근,등세모근,어깨세모근,어깨올림근",,http://openapi.kspo.or.kr/web/video/,"수영장에서 할 수 있는 수영법 중, 접영을 설명한 운동처방 동영상",11405995,29.96,82,1280*720,,공통,1169,,0AUDLJ08S_00179_FR_00014.jpeg,"광배근,승모근,삼각근,견갑거근",2021,수영장,70,"등,등,바깥쪽 어깨,위쪽 어깨",한국어,팔 동작(접영),20221024,"등과 허리의 근,등과 허리의 근,상지의 근,상지의 근",접영,39.005,,mp4,0AUDLJ08S_00179.mp4,"Latissimus Dorsi,Trapezius,Deltoid,Levator Scapula",http://openapi.kspo.or.kr/web/image/0AUDLJ08S_00179/,5,동영상,
"볼기근,넓은등근,등세모근,어깨세모근,어깨올림근",,http://openapi.kspo.or.kr/web/video/,"수영장에서 할 수 있는 수영법 중, 접영을 설명한 운동처방 동영상",11405995,29.96,83,1280*720,,공통,1349,,0AUDLJ08S_00179_FR_00016.jpeg,"둔근,광배근,승모근,삼각근,견갑거근",2021,수영장,70,"엉덩이,등,등,바깥쪽 어깨,위쪽 어깨",한국어,팔 동작(접영),20221024,"골반의 근,등과 허리의 근,등과 허리의 근,상지의 근,상지의 근",접영,45.011,,mp4,0AUDLJ08S_00179.mp4,"Gluteal,Latissimus Dorsi,Trapezius,Deltoid,Levator Scapula",http://openapi.kspo.or.kr/web/image/0AUDLJ08S_00179/,6,동영상,
어깨밑근,,http://openapi.kspo.or.kr/web/video/,"실내에서 할 수 있는 운동 중, 어깨 안쪽 돌림운동을 설명한 운동처방 동영상",8379924,29.96,84,1280*720,밴드,공통,929,,0AUDLJ08S_00350_SC_00005.jpeg,견갑하근,2021,실내,52,뒤쪽 어깨,한국어,어깨 안쪽 돌림,20220930,상지의 근,어깨 안쪽 돌림,30.997,,mp4,0AUDLJ08S_00350.mp4,Subscapularis,http://openapi.kspo.or.kr/web/image/0AUDLJ08S_00350/,5,동영상,
"볼기근,넓은등근,등세모근,어깨세모근,어깨올림근",,http://openapi.kspo.or.kr/web/video/,"수영장에서 할 수 있는 수영법 중, 접영을 설명한 운동처방 동영상",11405995,29.96,85,1280*720,,공통,1683,,0AUDLJ08S_00179_SC_00007.jpeg,"둔근,광배근,승모근,삼각근,견갑거근",2021,수영장,70,"엉덩이,등,등,바깥쪽 어깨,위쪽 어깨",한국어,팔 동작(접영),20221024,"골반의 근,등과 허리의 근,등과 허리의 근,상지의 근,상지의 근",접영,56.156,,mp4,0AUDLJ08S_00179.mp4,"Gluteal,Latissimus Dorsi,Trapezius,Deltoid,Levator Scapula",http://openapi.kspo.or.kr/web/image/0AUDLJ08S_00179/,7,동영상,
,,http://openapi.kspo.or.kr/web/video/,수영장에서 할 수 있는 아쿠아로빅을 설명한 운동처방 동영상,30559533,29.96,86,1280*720,아쿠아봉,공통,88,,0AUDLJ08S_00180_SC_00001.jpeg,,2021,수영장,189,,한국어,,20221111,,아쿠아로빅,2.936,,mp4,0AUDLJ08S_00180.mp4,,http://openapi.kspo.or.kr/web/image/0AUDLJ08S_00180/,1,동영상,
"엉덩근,중간볼기근,허리근,모음근",,http://openapi.kspo.or.kr/web/video/,수영장에서 할 수 있는 아쿠아로빅을 설명한 운동처방 동영상,30559533,29.96,87,1280*720,,공통,494,,0AUDLJ08S_00180_SC_00008.jpeg,"장골근,중둔근,요근,내전근",2021,수영장,189,"앞쪽 골반,엉덩이,앞쪽 골반,안쪽 넓적다리",한국어,엉덩관절 회전하기,20221023,"골반의 근,골반의 근,골반의 근,하지의 근",아쿠아로빅,16.483,,mp4,0AUDLJ08S_00180.mp4,"Iliacus,Gluteus Medius,Psoas,Adductors",http://openapi.kspo.or.kr/web/image/0AUDLJ08S_00180/,2,동영상,
"엉덩근,중간볼기근,허리근,모음근",,http://openapi.kspo.or.kr/web/video/,수영장에서 할 수 있는 아쿠아로빅을 설명한 운동처방 동영상,30559533,29.96,88,1280*720,,공통,810,,0AUDLJ08S_00180_FR_00010.jpeg,"장골근,중둔근,요근,내전근",2021,수영장,189,"앞쪽 골반,엉덩이,앞쪽 골반,안쪽 넓적다리",한국어,엉덩관절 회전하기,20221023,"골반의 근,골반의 근,골반의 근,하지의 근",아쿠아로빅,27.027,,mp4,0AUDLJ08S_00180.mp4,"Iliacus,Gluteus Medius,Psoas,Adductors",http://openapi.kspo.or.kr/web/image/0AUDLJ08S_00180/,3,동영상,
"엉덩근,큰볼기근,허리근,넙다리네갈래근,넙다리두갈래근",,http://openapi.kspo.or.kr/web/video/,수영장에서 할 수 있는 아쿠아로빅을 설명한 운동처방 동영상,30559533,29.96,89,1280*720,,공통,990,,0AUDLJ08S_00180_FR_00012.jpeg,"장골근,대둔근,요근,대퇴사두근,대퇴이두근",2021,수영장,189,"앞쪽 골반,엉덩이,앞쪽 골반,앞쪽 넓적다리,뒤쪽 넓적다리",한국어,엉덩관절 회전하기,20221023,"골반의 근,골반의 근,골반의 근,하지의 근,하지의 근",아쿠아로빅,33.033,,mp4,0AUDLJ08S_00180.mp4,"Iliacus,Gluteus Maximus,Psoas,Quadriceps Femoris,Biceps Femoris",http://openapi.kspo.or.kr/web/image/0AUDLJ08S_00180/,4,동영상,
"엉덩근,큰볼기근,허리근,넙다리네갈래근,넙다리두갈래근",,http://openapi.kspo.or.kr/web/video/,수영장에서 할 수 있는 아쿠아로빅을 설명한 운동처방 동영상,30559533,29.96,90,1280*720,,공통,1480,,0AUDLJ08S_00180_SC_00012.jpeg,"장골근,대둔근,요근,대퇴사두근,대퇴이두근",2021,수영장,189,"앞쪽 골반,엉덩이,앞쪽 골반,앞쪽 넓적다리,뒤쪽 넓적다리",한국어,엉덩관절 회전하기,20221023,"골반의 근,골반의 근,골반의 근,하지의 근,하지의 근",아쿠아로빅,49.382,,mp4,0AUDLJ08S_00180.mp4,"Iliacus,Gluteus Maximus,Psoas,Quadriceps Femoris,Biceps Femoris",http://openapi.kspo.or.kr/web/image/0AUDLJ08S_00180/,5,동영상,
"위팔근,위팔두갈래근",,http://openapi.kspo.or.kr/web/video/,수영장에서 할 수 있는 아쿠아로빅을 설명한 운동처방 동영상,30559533,29.96,91,1280*720,,공통,1944,,0AUDLJ08S_00180_SC_00014.jpeg,"상완근,상완이두근",2021,수영장,189,"앞쪽 위팔,앞쪽 위팔",한국어,물당기기/밀기,20221023,"상지의 근,상지의 근",아쿠아로빅,64.864,,mp4,0AUDLJ08S_00180.mp4,"Brachialis,Biceps Brachii",http://openapi.kspo.or.kr/web/image/0AUDLJ08S_00180/,6,동영상,
"위팔근,위팔두갈래근",,http://openapi.kspo.or.kr/web/video/,수영장에서 할 수 있는 아쿠아로빅을 설명한 운동처방 동영상,30559533,29.96,92,1280*720,,공통,2147,,0AUDLJ08S_00180_SC_00016.jpeg,"상완근,상완이두근",2021,수영장,189,"앞쪽 위팔,앞쪽 위팔",한국어,물당기기/밀기,20221023,"상지의 근,상지의 근",아쿠아로빅,71.638,,mp4,0AUDLJ08S_00180.mp4,"Brachialis,Biceps Brachii",http://openapi.kspo.or.kr/web/image/0AUDLJ08S_00180/,7,동영상,
"위팔근,위팔두갈래근",,http://openapi.kspo.or.kr/web/video/,수영장에서 할 수 있는 아쿠아로빅을 설명한 운동처방 동영상,30559533,29.96,93,1280*720,,공통,2518,,0AUDLJ08S_00180_FR_00029.jpeg,"상완근,상완이두근",2021,수영장,189,"앞쪽 위팔,앞쪽 위팔",한국어,물당기기/밀기,20221023,"상지의 근,상지의 근",아쿠아로빅,84.017,,mp4,0AUDLJ08S_00180.mp4,"Brachialis,Biceps Brachii",http://openapi.kspo.or.kr/web/image/0AUDLJ08S_00180/,8,동영상,
"배가로근,배빗근,배바깥빗근",,http://openapi.kspo.or.kr/web/video/,수영장에서 할 수 있는 아쿠아로빅을 설명한 운동처방 동영상,30559533,29.96,94,1280*720,아쿠아봉,공통,2878,,0AUDLJ08S_00180_FR_00033.jpeg,"복횡근,복사근,외복사근",2021,수영장,189,"복부,복부,복부",한국어,옆구리 늘리기,20221023,"복부의 근,복부의 근,복부의 근",아쿠아로빅,96.029,,mp4,0AUDLJ08S_00180.mp4,"Transverse Abdominis,Abdominal Oblique,Abdominal External Oblique",http://openapi.kspo.or.kr/web/image/0AUDLJ08S_00180/,9,동영상,
"배가로근,배빗근,배바깥빗근",,http://openapi.kspo.or.kr/web/video/,수영장에서 할 수 있는 아쿠아로빅을 설명한 운동처방 동영상,30559533,29.96,95,1280*720,아쿠아봉,공통,3147,,0AUDLJ08S_00180_FR_00036.jpeg,"복횡근,복사근,외복사근",2021,수영장,189,"복부,복부,복부",한국어,옆구리 늘리기,20221023,"복부의 근,복부의 근,복부의 근",아쿠아로빅,105.005,,mp4,0AUDLJ08S_00180.mp4,"Transverse Abdominis,Abdominal Oblique,Abdominal External Oblique",http://openapi.kspo.or.kr/web/image/0AUDLJ08S_00180/,10,동영상,
"앞톱니근,위팔세갈래근,큰원근",,http://openapi.kspo.or.kr/web/video/,수영장에서 할 수 있는 아쿠아로빅을 설명한 운동처방 동영상,30559533,29.96,96,1280*720,아쿠아봉,공통,3507,,0AUDLJ08S_00180_FR_00040.jpeg,"전거근,상완삼두근,대원근",2021,수영장,189,"가슴,뒤쪽 위팔,안쪽 어깨",한국어,물 누르기/올리기,20221023,"가슴의 근,상지의 근,상지의 근",아쿠아로빅,117.017,,mp4,0AUDLJ08S_00180.mp4,"Serratus Anterior,Triceps Brachii,Teres Major",http://openapi.kspo.or.kr/web/image/0AUDLJ08S_00180/,11,동영상,
"앞톱니근,등세모근,뒤세모근,위팔세갈래근",,http://openapi.kspo.or.kr/web/video/,수영장에서 할 수 있는 아쿠아로빅을 설명한 운동처방 동영상,30559533,29.96,97,1280*720,아쿠아봉,공통,3867,,0AUDLJ08S_00180_FR_00044.jpeg,"전거근,승모근,후면삼각근,상완삼두근",2021,수영장,189,"가슴,등,옆쪽 어깨,뒤쪽 위팔",한국어,물 누르기/올리기,20221023,"가슴의 근,등과 허리의 근,상지의 근,상지의 근",아쿠아로빅,129.029,,mp4,0AUDLJ08S_00180.mp4,"Serratus Anterior,Trapezius,Posterior Deltoid,Triceps Brachii",http://openapi.kspo.or.kr/web/image/0AUDLJ08S_00180/,12,동영상,
"앞톱니근,등세모근,뒤세모근,위팔세갈래근",,http://openapi.kspo.or.kr/web/video/,수영장에서 할 수 있는 아쿠아로빅을 설명한 운동처방 동영상,30559533,29.96,98,1280*720,아쿠아봉,공통,4119,,0AUDLJ08S_00180_SC_00024.jpeg,"전거근,승모근,후면삼각근,상완삼두근",2021,수영장,189,"가슴,등,옆쪽 어깨,뒤쪽 위팔",한국어,물 누르기/올리기,20221023,"가슴의 근,등과 허리의 근,상지의 근,상지의 근",아쿠아로빅,137.437,,mp4,0AUDLJ08S_00180.mp4,"Serratus Anterior,Trapezius,Posterior Deltoid,Triceps Brachii",http://openapi.kspo.or.kr/web/image/0AUDLJ08S_00180/,13,동영상,
"궁둥구멍근,중간볼기근,넙다리빗근,모음근",,http://openapi.kspo.or.kr/web/video/,수영장에서 할 수 있는 아쿠아로빅을 설명한 운동처방 동영상,30559533,29.96,99,1280*720,,공통,4406,,0AUDLJ08S_00180_FR_00050.jpeg,"이상근,중둔근,봉공근,내전근",2021,수영장,189,"엉덩이,엉덩이,앞쪽 넓적다리,안쪽 넓적다리",한국어,발 닿기,20221023,"골반의 근,골반의 근,하지의 근,하지의 근",아쿠아로빅,147.013,,mp4,0AUDLJ08S_00180.mp4,"Piriformis,Gluteus Medius,Sartorius,Adductors",http://openapi.kspo.or.kr/web/image/0AUDLJ08S_00180/,14,동영상,
"궁둥구멍근,중간볼기근,넙다리빗근,모음근",,http://openapi.kspo.or.kr/web/video/,수영장에서 할 수 있는 아쿠아로빅을 설명한 운동처방 동영상,30559533,29.96,100,1280*720,,공통,4525,,0AUDLJ08S_00180_SC_00028.jpeg,"이상근,중둔근,봉공근,내전근",2021,수영장,189,"엉덩이,엉덩이,앞쪽 넓적다리,안쪽 넓적다리",한국어,발 닿기,20221023,"골반의 근,골반의 근,하지의 근,하지의 근",아쿠아로빅,150.984,,mp4,0AUDLJ08S_00180.mp4,"Piriformis,Gluteus Medius,Sartorius,Adductors",http://openapi.kspo.or.kr/web/image/0AUDLJ08S_00180/,15,동영상,
"궁둥구멍근,중간볼기근,넙다리빗근,모음근",,http://openapi.kspo.or.kr/web/video/,수영장에서 할 수 있는 아쿠아로빅을 설명한 운동처방 동영상,30559533,29.96,101,1280*720,,공통,4757,,0AUDLJ08S_00180_SC_00029.jpeg,"이상근,중둔근,봉공근,내전근",2021,수영장,189,"엉덩이,엉덩이,앞쪽 넓적다리,안쪽 넓적다리",한국어,발 닿기,20221023,"골반의 근,골반의 근,하지의 근,하지의 근",아쿠아로빅,158.725,,mp4,0AUDLJ08S_00180.mp4,"Piriformis,Gluteus Medius,Sartorius,Adductors",http://openapi.kspo.or.kr/web/image/0AUDLJ08S_00180/,16,동영상,
"배가로근,배빗근,넙다리두갈래근,장딴지근",,http://openapi.kspo.or.kr/web/video/,수영장에서 할 수 있는 아쿠아로빅을 설명한 운동처방 동영상,30559533,29.96,102,1280*720,아쿠아봉,공통,4946,,0AUDLJ08S_00180_FR_00056.jpeg,"복횡근,복사근,대퇴이두근,비복근",2021,수영장,189,"복부,복부,뒤쪽 넓적다리,종아리",한국어,몸 기울이기/회전하기,20221023,"복부의 근,복부의 근,하지의 근,하지의 근",아쿠아로빅,165.031,,mp4,0AUDLJ08S_00180.mp4,"Transverse Abdominis,Abdominal Oblique,Biceps Femoris,Gastrocnemius",http://openapi.kspo.or.kr/web/image/0AUDLJ08S_00180/,17,동영상,
"배가로근,배빗근,넙다리두갈래근,장딴지근",,http://openapi.kspo.or.kr/web/video/,수영장에서 할 수 있는 아쿠아로빅을 설명한 운동처방 동영상,30559533,29.96,103,1280*720,아쿠아봉,공통,5395,,0AUDLJ08S_00180_SC_00035.jpeg,"복횡근,복사근,대퇴이두근,비복근",2021,수영장,189,"복부,복부,뒤쪽 넓적다리,종아리",한국어,몸 기울이기/회전하기,20221023,"복부의 근,복부의 근,하지의 근,하지의 근",아쿠아로빅,180.013,,mp4,0AUDLJ08S_00180.mp4,"Transverse Abdominis,Abdominal Oblique,Biceps Femoris,Gastrocnemius",http://openapi.kspo.or.kr/web/image/0AUDLJ08S_00180/,18,동영상,
"배가로근,배빗근,넙다리두갈래근,장딴지근",,http://openapi.kspo.or.kr/web/video/,수영장에서 할 수 있는 아쿠아로빅을 설명한 운동처방 동영상,30559533,29.96,104,1280*720,아쿠아봉,공통,5485,,0AUDLJ08S_00180_FR_00062.jpeg,"복횡근,복사근,대퇴이두근,비복근",2021,수영장,189,"복부,복부,뒤쪽 넓적다리,종아리",한국어,몸 기울이기/회전하기,20221023,"복부의 근,복부의 근,하지의 근,하지의 근",아쿠아로빅,183.016,,mp4,0AUDLJ08S_00180.mp4,"Transverse Abdominis,Abdominal Oblique,Biceps Femoris,Gastrocnemius",http://openapi.kspo.or.kr/web/image/0AUDLJ08S_00180/,19,동영상,
"볼기근,가자미근,넙다리네갈래근,뒤넙다리근,앞정강근,장딴지근",,http://openapi.kspo.or.kr/web/video/,"실외에서 할 수 있는 운동 중, 걷기운동을 설명한 운동처방 동영상",6299790,29.96,105,1280*720,,공통,88,,0AUDLJ08S_00181_SC_00001.jpeg,"둔근,넙치근,대퇴사두근,슬괵근,전경골근,비복근",2021,실외,40,"엉덩이,종아리,앞쪽 넓적다리,뒤쪽 넓적다리,정강이,종아리",한국어,걷기,20221013,"골반의 근,하지의 근,하지의 근,하지의 근,하지의 근,하지의 근",걷기,2.936,,mp4,0AUDLJ08S_00181.mp4,"Gluteal,Soleus,Quadriceps Femoris,Hamstring,Tibialis Anterior,Gastrocnemius",http://openapi.kspo.or.kr/web/image/0AUDLJ08S_00181/,1,동영상,
"볼기근,가자미근,넙다리네갈래근,뒤넙다리근,앞정강근,장딴지근",,http://openapi.kspo.or.kr/web/video/,"실외에서 할 수 있는 운동 중, 걷기운동을 설명한 운동처방 동영상",6299790,29.96,106,1280*720,,공통,320,,0AUDLJ08S_00181_SC_00008.jpeg,"둔근,넙치근,대퇴사두근,슬괵근,전경골근,비복근",2021,실외,40,"엉덩이,종아리,앞쪽 넓적다리,뒤쪽 넓적다리,정강이,종아리",한국어,걷기,20221013,"골반의 근,하지의 근,하지의 근,하지의 근,하지의 근,하지의 근",걷기,10.677,,mp4,0AUDLJ08S_00181.mp4,"Gluteal,Soleus,Quadriceps Femoris,Hamstring,Tibialis Anterior,Gastrocnemius",http://openapi.kspo.or.kr/web/image/0AUDLJ08S_00181/,2,동영상,
"볼기근,가자미근,넙다리네갈래근,뒤넙다리근,앞정강근,장딴지근",,http://openapi.kspo.or.kr/web/video/,"실외에서 할 수 있는 운동 중, 걷기운동을 설명한 운동처방 동영상",6299790,29.96,107,1280*720,,공통,871,,0AUDLJ08S_00181_SC_00020.jpeg,"둔근,넙치근,대퇴사두근,슬괵근,전경골근,비복근",2021,실외,40,"엉덩이,종아리,앞쪽 넓적다리,뒤쪽 넓적다리,정강이,종아리",한국어,걷기,20221013,"골반의 근,하지의 근,하지의 근,하지의 근,하지의 근,하지의 근",걷기,29.062,,mp4,0AUDLJ08S_00181.mp4,"Gluteal,Soleus,Quadriceps Femoris,Hamstring,Tibialis Anterior,Gastrocnemius",http://openapi.kspo.or.kr/web/image/0AUDLJ08S_00181/,3,동영상,
"볼기근,가자미근,넙다리네갈래근,뒤넙다리근,앞정강근,장딴지근",,http://openapi.kspo.or.kr/web/video/,"실외에서 할 수 있는 운동 중, 걷기운동을 설명한 운동처방 동영상",6299790,29.96,108,1280*720,,공통,990,,0AUDLJ08S_00181_FR_00012.jpeg,"둔근,넙치근,대퇴사두근,슬괵근,전경골근,비복근",2021,실외,40,"엉덩이,종아리,앞쪽 넓적다리,뒤쪽 넓적다리,정강이,종아리",한국어,걷기,20221013,"골반의 근,하지의 근,하지의 근,하지의 근,하지의 근,하지의 근",걷기,33.033,,mp4,0AUDLJ08S_00181.mp4,"Gluteal,Soleus,Quadriceps Femoris,Hamstring,Tibialis Anterior,Gastrocnemius",http://openapi.kspo.or.kr/web/image/0AUDLJ08S_00181/,4,동영상,
"넙다리네갈래근,넙다리두갈래근,장딴지근",,http://openapi.kspo.or.kr/web/video/,"실외에서 할 수 있는 운동 중, 빠르게 걷기운동을 설명한 운동처방 동영상",5128311,29.96,109,1280*720,,공통,523,,0AUDLJ08S_00182_SC_00012.jpeg,"대퇴사두근,대퇴이두근,비복근",2021,실외,32,"앞쪽 넓적다리,뒤쪽 넓적다리,종아리",한국어,빠르게 걷기,20220930,"하지의 근,하지의 근,하지의 근",빠르게 걷기,17.45,,mp4,0AUDLJ08S_00182.mp4,"Quadriceps Femoris,Biceps Femoris,Gastrocnemius",http://openapi.kspo.or.kr/web/image/0AUDLJ08S_00182/,12,동영상,
"넙다리네갈래근,넙다리두갈래근,장딴지근",,http://openapi.kspo.or.kr/web/video/,"실외에서 할 수 있는 운동 중, 빠르게 걷기운동을 설명한 운동처방 동영상",5128311,29.96,110,1280*720,,공통,117,,0AUDLJ08S_00182_SC_00001.jpeg,"대퇴사두근,대퇴이두근,비복근",2021,실외,32,"앞쪽 넓적다리,뒤쪽 넓적다리,종아리",한국어,빠르게 걷기,20220930,"하지의 근,하지의 근,하지의 근",빠르게 걷기,3.903,,mp4,0AUDLJ08S_00182.mp4,"Quadriceps Femoris,Biceps Femoris,Gastrocnemius",http://openapi.kspo.or.kr/web/image/0AUDLJ08S_00182/,1,동영상,
"넙다리네갈래근,넙다리두갈래근,장딴지근",,http://openapi.kspo.or.kr/web/video/,"실외에서 할 수 있는 운동 중, 빠르게 걷기운동을 설명한 운동처방 동영상",5128311,29.96,111,1280*720,,공통,146,,0AUDLJ08S_00182_SC_00002.jpeg,"대퇴사두근,대퇴이두근,비복근",2021,실외,32,"앞쪽 넓적다리,뒤쪽 넓적다리,종아리",한국어,빠르게 걷기,20220930,"하지의 근,하지의 근,하지의 근",빠르게 걷기,4.871,,mp4,0AUDLJ08S_00182.mp4,"Quadriceps Femoris,Biceps Femoris,Gastrocnemius",http://openapi.kspo.or.kr/web/image/0AUDLJ08S_00182/,2,동영상,
"넙다리네갈래근,넙다리두갈래근,장딴지근",,http://openapi.kspo.or.kr/web/video/,"실외에서 할 수 있는 운동 중, 빠르게 걷기운동을 설명한 운동처방 동영상",5128311,29.96,112,1280*720,,공통,204,,0AUDLJ08S_00182_SC_00003.jpeg,"대퇴사두근,대퇴이두근,비복근",2021,실외,32,"앞쪽 넓적다리,뒤쪽 넓적다리,종아리",한국어,빠르게 걷기,20220930,"하지의 근,하지의 근,하지의 근",빠르게 걷기,6.806,,mp4,0AUDLJ08S_00182.mp4,"Quadriceps Femoris,Biceps Femoris,Gastrocnemius",http://openapi.kspo.or.kr/web/image/0AUDLJ08S_00182/,3,동영상,
"넙다리네갈래근,넙다리두갈래근,장딴지근",,http://openapi.kspo.or.kr/web/video/,"실외에서 할 수 있는 운동 중, 빠르게 걷기운동을 설명한 운동처방 동영상",5128311,29.96,113,1280*720,,공통,233,,0AUDLJ08S_00182_SC_00004.jpeg,"대퇴사두근,대퇴이두근,비복근",2021,실외,32,"앞쪽 넓적다리,뒤쪽 넓적다리,종아리",한국어,빠르게 걷기,20220930,"하지의 근,하지의 근,하지의 근",빠르게 걷기,7.774,,mp4,0AUDLJ08S_00182.mp4,"Quadriceps Femoris,Biceps Femoris,Gastrocnemius",http://openapi.kspo.or.kr/web/image/0AUDLJ08S_00182/,4,동영상,
"넙다리네갈래근,넙다리두갈래근,장딴지근",,http://openapi.kspo.or.kr/web/video/,"실외에서 할 수 있는 운동 중, 빠르게 걷기운동을 설명한 운동처방 동영상",5128311,29.96,114,1280*720,,공통,262,,0AUDLJ08S_00182_SC_00005.jpeg,"대퇴사두근,대퇴이두근,비복근",2021,실외,32,"앞쪽 넓적다리,뒤쪽 넓적다리,종아리",한국어,빠르게 걷기,20220930,"하지의 근,하지의 근,하지의 근",빠르게 걷기,8.742,,mp4,0AUDLJ08S_00182.mp4,"Quadriceps Femoris,Biceps Femoris,Gastrocnemius",http://openapi.kspo.or.kr/web/image/0AUDLJ08S_00182/,5,동영상,
"넙다리네갈래근,넙다리두갈래근,장딴지근",,http://openapi.kspo.or.kr/web/video/,"실외에서 할 수 있는 운동 중, 빠르게 걷기운동을 설명한 운동처방 동영상",5128311,29.96,115,1280*720,,공통,320,,0AUDLJ08S_00182_SC_00006.jpeg,"대퇴사두근,대퇴이두근,비복근",2021,실외,32,"앞쪽 넓적다리,뒤쪽 넓적다리,종아리",한국어,빠르게 걷기,20220930,"하지의 근,하지의 근,하지의 근",빠르게 걷기,10.677,,mp4,0AUDLJ08S_00182.mp4,"Quadriceps Femoris,Biceps Femoris,Gastrocnemius",http://openapi.kspo.or.kr/web/image/0AUDLJ08S_00182/,6,동영상,
"넙다리네갈래근,넙다리두갈래근,장딴지근",,http://openapi.kspo.or.kr/web/video/,"실외에서 할 수 있는 운동 중, 빠르게 걷기운동을 설명한 운동처방 동영상",5128311,29.96,116,1280*720,,공통,349,,0AUDLJ08S_00182_SC_00007.jpeg,"대퇴사두근,대퇴이두근,비복근",2021,실외,32,"앞쪽 넓적다리,뒤쪽 넓적다리,종아리",한국어,빠르게 걷기,20220930,"하지의 근,하지의 근,하지의 근",빠르게 걷기,11.644,,mp4,0AUDLJ08S_00182.mp4,"Quadriceps Femoris,Biceps Femoris,Gastrocnemius",http://openapi.kspo.or.kr/web/image/0AUDLJ08S_00182/,7,동영상,
"넙다리네갈래근,넙다리두갈래근,장딴지근",,http://openapi.kspo.or.kr/web/video/,"실외에서 할 수 있는 운동 중, 빠르게 걷기운동을 설명한 운동처방 동영상",5128311,29.96,117,1280*720,,공통,378,,0AUDLJ08S_00182_SC_00008.jpeg,"대퇴사두근,대퇴이두근,비복근",2021,실외,32,"앞쪽 넓적다리,뒤쪽 넓적다리,종아리",한국어,빠르게 걷기,20220930,"하지의 근,하지의 근,하지의 근",빠르게 걷기,12.612,,mp4,0AUDLJ08S_00182.mp4,"Quadriceps Femoris,Biceps Femoris,Gastrocnemius",http://openapi.kspo.or.kr/web/image/0AUDLJ08S_00182/,8,동영상,
"넙다리네갈래근,넙다리두갈래근,장딴지근",,http://openapi.kspo.or.kr/web/video/,"실외에서 할 수 있는 운동 중, 빠르게 걷기운동을 설명한 운동처방 동영상",5128311,29.96,118,1280*720,,공통,436,,0AUDLJ08S_00182_SC_00009.jpeg,"대퇴사두근,대퇴이두근,비복근",2021,실외,32,"앞쪽 넓적다리,뒤쪽 넓적다리,종아리",한국어,빠르게 걷기,20220930,"하지의 근,하지의 근,하지의 근",빠르게 걷기,14.547,,mp4,0AUDLJ08S_00182.mp4,"Quadriceps Femoris,Biceps Femoris,Gastrocnemius",http://openapi.kspo.or.kr/web/image/0AUDLJ08S_00182/,9,동영상,
큰가슴근,,http://openapi.kspo.or.kr/web/video/,"소도구를 활용한 근육 완화 운동 중, 공을 활용한 운동처방 동영상",53242921,29.96,119,1280*720,테니스공,공통,639,,0AUDLJ08S_01017_SC_00002.jpeg,대흉근,2021,실내,331,가슴,한국어,가슴,20221004,가슴의 근,테니스공을 활용한 뭉친근육 완화 운동,21.321,,mp4,0AUDLJ08S_01017.mp4,Pectoralis Major,http://openapi.kspo.or.kr/web/image/0AUDLJ08S_01017/,2,동영상,
"넙다리네갈래근,넙다리두갈래근,장딴지근",,http://openapi.kspo.or.kr/web/video/,"실외에서 할 수 있는 운동 중, 빠르게 걷기운동을 설명한 운동처방 동영상",5128311,29.96,120,1280*720,,공통,465,,0AUDLJ08S_00182_SC_00010.jpeg,"대퇴사두근,대퇴이두근,비복근",2021,실외,32,"앞쪽 넓적다리,뒤쪽 넓적다리,종아리",한국어,빠르게 걷기,20220930,"하지의 근,하지의 근,하지의 근",빠르게 걷기,15.515,,mp4,0AUDLJ08S_00182.mp4,"Quadriceps Femoris,Biceps Femoris,Gastrocnemius",http://openapi.kspo.or.kr/web/image/0AUDLJ08S_00182/,10,동영상,
"넙다리네갈래근,넙다리두갈래근,장딴지근",,http://openapi.kspo.or.kr/web/video/,"실외에서 할 수 있는 운동 중, 빠르게 걷기운동을 설명한 운동처방 동영상",5128311,29.96,121,1280*720,,공통,494,,0AUDLJ08S_00182_SC_00011.jpeg,"대퇴사두근,대퇴이두근,비복근",2021,실외,32,"앞쪽 넓적다리,뒤쪽 넓적다리,종아리",한국어,빠르게 걷기,20220930,"하지의 근,하지의 근,하지의 근",빠르게 걷기,16.483,,mp4,0AUDLJ08S_00182.mp4,"Quadriceps Femoris,Biceps Femoris,Gastrocnemius",http://openapi.kspo.or.kr/web/image/0AUDLJ08S_00182/,11,동영상,
"넙다리네갈래근,넙다리두갈래근,장딴지근",,http://openapi.kspo.or.kr/web/video/,"실외에서 할 수 있는 운동 중, 빠르게 걷기운동을 설명한 운동처방 동영상",5128311,29.96,122,1280*720,,공통,552,,0AUDLJ08S_00182_SC_00013.jpeg,"대퇴사두근,대퇴이두근,비복근",2021,실외,32,"앞쪽 넓적다리,뒤쪽 넓적다리,종아리",한국어,빠르게 걷기,20220930,"하지의 근,하지의 근,하지의 근",빠르게 걷기,18.418,,mp4,0AUDLJ08S_00182.mp4,"Quadriceps Femoris,Biceps Femoris,Gastrocnemius",http://openapi.kspo.or.kr/web/image/0AUDLJ08S_00182/,13,동영상,
"넙다리네갈래근,넙다리두갈래근,장딴지근",,http://openapi.kspo.or.kr/web/video/,"실외에서 할 수 있는 운동 중, 빠르게 걷기운동을 설명한 운동처방 동영상",5128311,29.96,123,1280*720,,공통,581,,0AUDLJ08S_00182_SC_00014.jpeg,"대퇴사두근,대퇴이두근,비복근",2021,실외,32,"앞쪽 넓적다리,뒤쪽 넓적다리,종아리",한국어,빠르게 걷기,20220930,"하지의 근,하지의 근,하지의 근",빠르게 걷기,19.386,,mp4,0AUDLJ08S_00182.mp4,"Quadriceps Femoris,Biceps Femoris,Gastrocnemius",http://openapi.kspo.or.kr/web/image/0AUDLJ08S_00182/,14,동영상,
"큰볼기근,배곧은근,넙다리네갈래근,넙다리두갈래근,장딴지세갈래근",,http://openapi.kspo.or.kr/web/video/,"실외에서 할 수 있는 운동 중, 달리기운동을 설명한 운동처방 동영상",5376853,29.96,124,1280*720,,공통,117,,0AUDLJ08S_00183_SC_00001.jpeg,"대둔근,복직근,대퇴사두근,대퇴이두근,하퇴삼두근",2021,실외,34,"엉덩이,복부,앞쪽 넓적다리,뒤쪽 넓적다리,종아리",한국어,달리기,20220929,"골반의 근,복부의 근,하지의 근,하지의 근,하지의 근",달리기,3.903,,mp4,0AUDLJ08S_00183.mp4,"Gluteus Maximus,Rectus Abdominis,Quadriceps Femoris,Biceps Femoris,Triceps Surae",http://openapi.kspo.or.kr/web/image/0AUDLJ08S_00183/,1,동영상,
"큰볼기근,배곧은근,넙다리네갈래근,넙다리두갈래근,장딴지세갈래근",,http://openapi.kspo.or.kr/web/video/,"실외에서 할 수 있는 운동 중, 달리기운동을 설명한 운동처방 동영상",5376853,29.96,125,1280*720,,공통,146,,0AUDLJ08S_00183_SC_00002.jpeg,"대둔근,복직근,대퇴사두근,대퇴이두근,하퇴삼두근",2021,실외,34,"엉덩이,복부,앞쪽 넓적다리,뒤쪽 넓적다리,종아리",한국어,달리기,20220929,"골반의 근,복부의 근,하지의 근,하지의 근,하지의 근",달리기,4.871,,mp4,0AUDLJ08S_00183.mp4,"Gluteus Maximus,Rectus Abdominis,Quadriceps Femoris,Biceps Femoris,Triceps Surae",http://openapi.kspo.or.kr/web/image/0AUDLJ08S_00183/,2,동영상,
"큰볼기근,배곧은근,넙다리네갈래근,넙다리두갈래근,장딴지세갈래근",,http://openapi.kspo.or.kr/web/video/,"실외에서 할 수 있는 운동 중, 달리기운동을 설명한 운동처방 동영상",5376853,29.96,126,1280*720,,공통,204,,0AUDLJ08S_00183_SC_00003.jpeg,"대둔근,복직근,대퇴사두근,대퇴이두근,하퇴삼두근",2021,실외,34,"엉덩이,복부,앞쪽 넓적다리,뒤쪽 넓적다리,종아리",한국어,달리기,20220929,"골반의 근,복부의 근,하지의 근,하지의 근,하지의 근",달리기,6.806,,mp4,0AUDLJ08S_00183.mp4,"Gluteus Maximus,Rectus Abdominis,Quadriceps Femoris,Biceps Femoris,Triceps Surae",http://openapi.kspo.or.kr/web/image/0AUDLJ08S_00183/,3,동영상,
"큰볼기근,배곧은근,넙다리네갈래근,넙다리두갈래근,장딴지세갈래근",,http://openapi.kspo.or.kr/web/video/,"실외에서 할 수 있는 운동 중, 달리기운동을 설명한 운동처방 동영상",5376853,29.96,127,1280*720,,공통,233,,0AUDLJ08S_00183_SC_00004.jpeg,"대둔근,복직근,대퇴사두근,대퇴이두근,하퇴삼두근",2021,실외,34,"엉덩이,복부,앞쪽 넓적다리,뒤쪽 넓적다리,종아리",한국어,달리기,20220929,"골반의 근,복부의 근,하지의 근,하지의 근,하지의 근",달리기,7.774,,mp4,0AUDLJ08S_00183.mp4,"Gluteus Maximus,Rectus Abdominis,Quadriceps Femoris,Biceps Femoris,Triceps Surae",http://openapi.kspo.or.kr/web/image/0AUDLJ08S_00183/,4,동영상,
"큰볼기근,배곧은근,넙다리네갈래근,넙다리두갈래근,장딴지세갈래근",,http://openapi.kspo.or.kr/web/video/,"실외에서 할 수 있는 운동 중, 달리기운동을 설명한 운동처방 동영상",5376853,29.96,128,1280*720,,공통,262,,0AUDLJ08S_00183_SC_00005.jpeg,"대둔근,복직근,대퇴사두근,대퇴이두근,하퇴삼두근",2021,실외,34,"엉덩이,복부,앞쪽 넓적다리,뒤쪽 넓적다리,종아리",한국어,달리기,20220929,"골반의 근,복부의 근,하지의 근,하지의 근,하지의 근",달리기,8.742,,mp4,0AUDLJ08S_00183.mp4,"Gluteus Maximus,Rectus Abdominis,Quadriceps Femoris,Biceps Femoris,Triceps Surae",http://openapi.kspo.or.kr/web/image/0AUDLJ08S_00183/,5,동영상,
"큰볼기근,배곧은근,넙다리네갈래근,넙다리두갈래근,장딴지세갈래근",,http://openapi.kspo.or.kr/web/video/,"실외에서 할 수 있는 운동 중, 달리기운동을 설명한 운동처방 동영상",5376853,29.96,129,1280*720,,공통,349,,0AUDLJ08S_00183_SC_00006.jpeg,"대둔근,복직근,대퇴사두근,대퇴이두근,하퇴삼두근",2021,실외,34,"엉덩이,복부,앞쪽 넓적다리,뒤쪽 넓적다리,종아리",한국어,달리기,20220929,"골반의 근,복부의 근,하지의 근,하지의 근,하지의 근",달리기,11.644,,mp4,0AUDLJ08S_00183.mp4,"Gluteus Maximus,Rectus Abdominis,Quadriceps Femoris,Biceps Femoris,Triceps Surae",http://openapi.kspo.or.kr/web/image/0AUDLJ08S_00183/,6,동영상,
자쪽손목굽힘근,,http://openapi.kspo.or.kr/web/video/,"소도구를 활용한 근육 완화 운동 중, 공을 활용한 운동처방 동영상",53242921,29.96,130,1280*720,테니스공,공통,755,,0AUDLJ08S_01017_SC_00003.jpeg,척측수근굴근,2021,실내,331,앞쪽 아래팔,한국어,전완(내측),20221004,상지의 근,테니스공을 활용한 뭉친근육 완화 운동,25.191,,mp4,0AUDLJ08S_01017.mp4,Flexor Carpi Ulnaris,http://openapi.kspo.or.kr/web/image/0AUDLJ08S_01017/,3,동영상,
"큰볼기근,배곧은근,넙다리네갈래근,넙다리두갈래근,장딴지세갈래근",,http://openapi.kspo.or.kr/web/video/,"실외에서 할 수 있는 운동 중, 달리기운동을 설명한 운동처방 동영상",5376853,29.96,131,1280*720,,공통,378,,0AUDLJ08S_00183_SC_00007.jpeg,"대둔근,복직근,대퇴사두근,대퇴이두근,하퇴삼두근",2021,실외,34,"엉덩이,복부,앞쪽 넓적다리,뒤쪽 넓적다리,종아리",한국어,달리기,20220929,"골반의 근,복부의 근,하지의 근,하지의 근,하지의 근",달리기,12.612,,mp4,0AUDLJ08S_00183.mp4,"Gluteus Maximus,Rectus Abdominis,Quadriceps Femoris,Biceps Femoris,Triceps Surae",http://openapi.kspo.or.kr/web/image/0AUDLJ08S_00183/,7,동영상,
"큰볼기근,배곧은근,넙다리네갈래근,넙다리두갈래근,장딴지세갈래근",,http://openapi.kspo.or.kr/web/video/,"실외에서 할 수 있는 운동 중, 달리기운동을 설명한 운동처방 동영상",5376853,29.96,132,1280*720,,공통,407,,0AUDLJ08S_00183_SC_00008.jpeg,"대둔근,복직근,대퇴사두근,대퇴이두근,하퇴삼두근",2021,실외,34,"엉덩이,복부,앞쪽 넓적다리,뒤쪽 넓적다리,종아리",한국어,달리기,20220929,"골반의 근,복부의 근,하지의 근,하지의 근,하지의 근",달리기,13.58,,mp4,0AUDLJ08S_00183.mp4,"Gluteus Maximus,Rectus Abdominis,Quadriceps Femoris,Biceps Femoris,Triceps Surae",http://openapi.kspo.or.kr/web/image/0AUDLJ08S_00183/,8,동영상,
"큰볼기근,배곧은근,넙다리네갈래근,넙다리두갈래근,장딴지세갈래근",,http://openapi.kspo.or.kr/web/video/,"실외에서 할 수 있는 운동 중, 달리기운동을 설명한 운동처방 동영상",5376853,29.96,133,1280*720,,공통,436,,0AUDLJ08S_00183_SC_00009.jpeg,"대둔근,복직근,대퇴사두근,대퇴이두근,하퇴삼두근",2021,실외,34,"엉덩이,복부,앞쪽 넓적다리,뒤쪽 넓적다리,종아리",한국어,달리기,20220929,"골반의 근,복부의 근,하지의 근,하지의 근,하지의 근",달리기,14.547,,mp4,0AUDLJ08S_00183.mp4,"Gluteus Maximus,Rectus Abdominis,Quadriceps Femoris,Biceps Femoris,Triceps Surae",http://openapi.kspo.or.kr/web/image/0AUDLJ08S_00183/,9,동영상,
"큰볼기근,배곧은근,넙다리네갈래근,넙다리두갈래근,장딴지세갈래근",,http://openapi.kspo.or.kr/web/video/,"실외에서 할 수 있는 운동 중, 달리기운동을 설명한 운동처방 동영상",5376853,29.96,134,1280*720,,공통,494,,0AUDLJ08S_00183_SC_00010.jpeg,"대둔근,복직근,대퇴사두근,대퇴이두근,하퇴삼두근",2021,실외,34,"엉덩이,복부,앞쪽 넓적다리,뒤쪽 넓적다리,종아리",한국어,달리기,20220929,"골반의 근,복부의 근,하지의 근,하지의 근,하지의 근",달리기,16.483,,mp4,0AUDLJ08S_00183.mp4,"Gluteus Maximus,Rectus Abdominis,Quadriceps Femoris,Biceps Femoris,Triceps Surae",http://openapi.kspo.or.kr/web/image/0AUDLJ08S_00183/,10,동영상,
"큰볼기근,배곧은근,넙다리네갈래근,넙다리두갈래근,장딴지세갈래근",,http://openapi.kspo.or.kr/web/video/,"실외에서 할 수 있는 운동 중, 달리기운동을 설명한 운동처방 동영상",5376853,29.96,135,1280*720,,공통,552,,0AUDLJ08S_00183_SC_00011.jpeg,"대둔근,복직근,대퇴사두근,대퇴이두근,하퇴삼두근",2021,실외,34,"엉덩이,복부,앞쪽 넓적다리,뒤쪽 넓적다리,종아리",한국어,달리기,20220929,"골반의 근,복부의 근,하지의 근,하지의 근,하지의 근",달리기,18.418,,mp4,0AUDLJ08S_00183.mp4,"Gluteus Maximus,Rectus Abdominis,Quadriceps Femoris,Biceps Femoris,Triceps Surae",http://openapi.kspo.or.kr/web/image/0AUDLJ08S_00183/,11,동영상,
"큰볼기근,배곧은근,넙다리네갈래근,넙다리두갈래근,장딴지세갈래근",,http://openapi.kspo.or.kr/web/video/,"실외에서 할 수 있는 운동 중, 달리기운동을 설명한 운동처방 동영상",5376853,29.96,136,1280*720,,공통,581,,0AUDLJ08S_00183_SC_00012.jpeg,"대둔근,복직근,대퇴사두근,대퇴이두근,하퇴삼두근",2021,실외,34,"엉덩이,복부,앞쪽 넓적다리,뒤쪽 넓적다리,종아리",한국어,달리기,20220929,"골반의 근,복부의 근,하지의 근,하지의 근,하지의 근",달리기,19.386,,mp4,0AUDLJ08S_00183.mp4,"Gluteus Maximus,Rectus Abdominis,Quadriceps Femoris,Biceps Femoris,Triceps Surae",http://openapi.kspo.or.kr/web/image/0AUDLJ08S_00183/,12,동영상,
"큰볼기근,배곧은근,넙다리네갈래근,넙다리두갈래근,장딴지세갈래근",,http://openapi.kspo.or.kr/web/video/,"실외에서 할 수 있는 운동 중, 달리기운동을 설명한 운동처방 동영상",5376853,29.96,137,1280*720,,공통,610,,0AUDLJ08S_00183_SC_00013.jpeg,"대둔근,복직근,대퇴사두근,대퇴이두근,하퇴삼두근",2021,실외,34,"엉덩이,복부,앞쪽 넓적다리,뒤쪽 넓적다리,종아리",한국어,달리기,20220929,"골반의 근,복부의 근,하지의 근,하지의 근,하지의 근",달리기,20.353,,mp4,0AUDLJ08S_00183.mp4,"Gluteus Maximus,Rectus Abdominis,Quadriceps Femoris,Biceps Femoris,Triceps Surae",http://openapi.kspo.or.kr/web/image/0AUDLJ08S_00183/,13,동영상,
"큰볼기근,배곧은근,넙다리네갈래근,넙다리두갈래근,장딴지세갈래근",,http://openapi.kspo.or.kr/web/video/,"실외에서 할 수 있는 운동 중, 달리기운동을 설명한 운동처방 동영상",5376853,29.96,138,1280*720,,공통,639,,0AUDLJ08S_00183_SC_00014.jpeg,"대둔근,복직근,대퇴사두근,대퇴이두근,하퇴삼두근",2021,실외,34,"엉덩이,복부,앞쪽 넓적다리,뒤쪽 넓적다리,종아리",한국어,달리기,20220929,"골반의 근,복부의 근,하지의 근,하지의 근,하지의 근",달리기,21.321,,mp4,0AUDLJ08S_00183.mp4,"Gluteus Maximus,Rectus Abdominis,Quadriceps Femoris,Biceps Femoris,Triceps Surae",http://openapi.kspo.or.kr/web/image/0AUDLJ08S_00183/,14,동영상,
"큰볼기근,배곧은근,넙다리네갈래근,넙다리두갈래근,장딴지세갈래근",,http://openapi.kspo.or.kr/web/video/,"실외에서 할 수 있는 운동 중, 달리기운동을 설명한 운동처방 동영상",5376853,29.96,139,1280*720,,공통,755,,0AUDLJ08S_00183_SC_00015.jpeg,"대둔근,복직근,대퇴사두근,대퇴이두근,하퇴삼두근",2021,실외,34,"엉덩이,복부,앞쪽 넓적다리,뒤쪽 넓적다리,종아리",한국어,달리기,20220929,"골반의 근,복부의 근,하지의 근,하지의 근,하지의 근",달리기,25.191,,mp4,0AUDLJ08S_00183.mp4,"Gluteus Maximus,Rectus Abdominis,Quadriceps Femoris,Biceps Femoris,Triceps Surae",http://openapi.kspo.or.kr/web/image/0AUDLJ08S_00183/,15,동영상,
"큰볼기근,배곧은근,넙다리네갈래근,넙다리두갈래근,장딴지세갈래근",,http://openapi.kspo.or.kr/web/video/,"실외에서 할 수 있는 운동 중, 달리기운동을 설명한 운동처방 동영상",5376853,29.96,140,1280*720,,공통,813,,0AUDLJ08S_00183_SC_00016.jpeg,"대둔근,복직근,대퇴사두근,대퇴이두근,하퇴삼두근",2021,실외,34,"엉덩이,복부,앞쪽 넓적다리,뒤쪽 넓적다리,종아리",한국어,달리기,20220929,"골반의 근,복부의 근,하지의 근,하지의 근,하지의 근",달리기,27.127,,mp4,0AUDLJ08S_00183.mp4,"Gluteus Maximus,Rectus Abdominis,Quadriceps Femoris,Biceps Femoris,Triceps Surae",http://openapi.kspo.or.kr/web/image/0AUDLJ08S_00183/,16,동영상,
"큰볼기근,배곧은근,넙다리네갈래근,넙다리두갈래근,장딴지세갈래근",,http://openapi.kspo.or.kr/web/video/,"실외에서 할 수 있는 운동 중, 달리기운동을 설명한 운동처방 동영상",5376853,29.96,141,1280*720,,공통,842,,0AUDLJ08S_00183_SC_00017.jpeg,"대둔근,복직근,대퇴사두근,대퇴이두근,하퇴삼두근",2021,실외,34,"엉덩이,복부,앞쪽 넓적다리,뒤쪽 넓적다리,종아리",한국어,달리기,20220929,"골반의 근,복부의 근,하지의 근,하지의 근,하지의 근",달리기,28.094,,mp4,0AUDLJ08S_00183.mp4,"Gluteus Maximus,Rectus Abdominis,Quadriceps Femoris,Biceps Femoris,Triceps Surae",http://openapi.kspo.or.kr/web/image/0AUDLJ08S_00183/,17,동영상,
"큰볼기근,배곧은근,넙다리네갈래근,넙다리두갈래근,장딴지세갈래근",,http://openapi.kspo.or.kr/web/video/,"실외에서 할 수 있는 운동 중, 달리기운동을 설명한 운동처방 동영상",5376853,29.96,142,1280*720,,공통,871,,0AUDLJ08S_00183_SC_00018.jpeg,"대둔근,복직근,대퇴사두근,대퇴이두근,하퇴삼두근",2021,실외,34,"엉덩이,복부,앞쪽 넓적다리,뒤쪽 넓적다리,종아리",한국어,달리기,20220929,"골반의 근,복부의 근,하지의 근,하지의 근,하지의 근",달리기,29.062,,mp4,0AUDLJ08S_00183.mp4,"Gluteus Maximus,Rectus Abdominis,Quadriceps Femoris,Biceps Femoris,Triceps Surae",http://openapi.kspo.or.kr/web/image/0AUDLJ08S_00183/,18,동영상,
"큰볼기근,배곧은근,넙다리네갈래근,넙다리두갈래근,장딴지세갈래근",,http://openapi.kspo.or.kr/web/video/,"실외에서 할 수 있는 운동 중, 달리기운동을 설명한 운동처방 동영상",5376853,29.96,143,1280*720,,공통,900,,0AUDLJ08S_00183_SC_00019.jpeg,"대둔근,복직근,대퇴사두근,대퇴이두근,하퇴삼두근",2021,실외,34,"엉덩이,복부,앞쪽 넓적다리,뒤쪽 넓적다리,종아리",한국어,달리기,20220929,"골반의 근,복부의 근,하지의 근,하지의 근,하지의 근",달리기,30.03,,mp4,0AUDLJ08S_00183.mp4,"Gluteus Maximus,Rectus Abdominis,Quadriceps Femoris,Biceps Femoris,Triceps Surae",http://openapi.kspo.or.kr/web/image/0AUDLJ08S_00183/,19,동영상,
"볼기근,넙다리네갈래근,넙다리두갈래근",,http://openapi.kspo.or.kr/web/video/,"실외에서 할 수 있는 운동 중, 자전거타기운동을 설명한 운동처방 동영상",6184551,29.96,144,1280*720,자전거,공통,90,,0AUDLJ08S_00184_FR_00002.jpeg,"둔근,대퇴사두근,대퇴이두근",2021,실외,38,"엉덩이,앞쪽 넓적다리,뒤쪽 넓적다리",한국어,실외 자전거타기,20221111,"골반의 근,하지의 근,하지의 근",실외 자전거타기,3.003,,mp4,0AUDLJ08S_00184.mp4,"Gluteal,Quadriceps Femoris,Biceps Femoris",http://openapi.kspo.or.kr/web/image/0AUDLJ08S_00184/,1,동영상,
"볼기근,넙다리네갈래근,넙다리두갈래근",,http://openapi.kspo.or.kr/web/video/,"실외에서 할 수 있는 운동 중, 자전거타기운동을 설명한 운동처방 동영상",6184551,29.96,145,1280*720,자전거,공통,552,,0AUDLJ08S_00184_SC_00006.jpeg,"둔근,대퇴사두근,대퇴이두근",2021,실외,38,"엉덩이,앞쪽 넓적다리,뒤쪽 넓적다리",한국어,실외 자전거타기,20221019,"골반의 근,하지의 근,하지의 근",실외 자전거타기,18.418,,mp4,0AUDLJ08S_00184.mp4,"Gluteal,Quadriceps Femoris,Biceps Femoris",http://openapi.kspo.or.kr/web/image/0AUDLJ08S_00184/,2,동영상,
"손목굽힘근,손목폄근,가자미근,장딴지근",,http://openapi.kspo.or.kr/web/video/,줄넘기운동을 설명한 운동처방 동영상,7268125,29.96,146,1280*720,줄넘기,공통,90,,0AUDLJ08S_00185_FR_00002.jpeg,"수근관절굴곡근,수근관절신근,넙치근,비복근",2021,실내/실외,46,"앞쪽 아래팔,뒤쪽 아래팔,종아리,종아리",한국어,양발 넘기기,20221111,"상지의 근,상지의 근,하지의 근,하지의 근",줄넘기,3.003,,mp4,0AUDLJ08S_00185.mp4,"Hand Flexor,Wrist Extensors,Soleus,Gastrocnemius",http://openapi.kspo.or.kr/web/image/0AUDLJ08S_00185/,1,동영상,
"손목굽힘근,손목폄근,가자미근,장딴지근",,http://openapi.kspo.or.kr/web/video/,줄넘기운동을 설명한 운동처방 동영상,7268125,29.96,147,1280*720,줄넘기,공통,270,,0AUDLJ08S_00185_FR_00004.jpeg,"수근관절굴곡근,수근관절신근,넙치근,비복근",2021,실내/실외,46,"앞쪽 아래팔,뒤쪽 아래팔,종아리,종아리",한국어,양발 넘기기,20221024,"상지의 근,상지의 근,하지의 근,하지의 근",줄넘기,9.009,,mp4,0AUDLJ08S_00185.mp4,"Hand Flexor,Wrist Extensors,Soleus,Gastrocnemius",http://openapi.kspo.or.kr/web/image/0AUDLJ08S_00185/,2,동영상,
"손목굽힘근,손목폄근,가자미근,장딴지근",,http://openapi.kspo.or.kr/web/video/,줄넘기운동을 설명한 운동처방 동영상,7268125,29.96,148,1280*720,줄넘기,공통,990,,0AUDLJ08S_00185_FR_00012.jpeg,"수근관절굴곡근,수근관절신근,넙치근,비복근",2021,실내/실외,46,"앞쪽 아래팔,뒤쪽 아래팔,종아리,종아리",한국어,한발 넘기기,20221024,"상지의 근,상지의 근,하지의 근,하지의 근",줄넘기,33.033,,mp4,0AUDLJ08S_00185.mp4,"Hand Flexor,Wrist Extensors,Soleus,Gastrocnemius",http://openapi.kspo.or.kr/web/image/0AUDLJ08S_00185/,3,동영상,
"엉덩관절굽힘근,볼기근,가자미근,넙다리네갈래근,장딴지근",,http://openapi.kspo.or.kr/web/video/,"실외에서 할 수 있는 운동 중, 계단 올라갔다 내려오기운동을 설명한 운동처방 동영상",4879494,29.96,149,1280*720,,공통,30,,0AUDLJ08S_00186_SC_00001.jpeg,"고관절굴곡근,둔근,넙치근,대퇴사두근,비복근",2021,실내/실외,32,"앞쪽 골반,엉덩이,종아리,앞쪽 넓적다리,종아리",한국어,계단 올라갔다 내려오기,20221013,"골반의 근,골반의 근,하지의 근,하지의 근,하지의 근",계단 올라갔다 내려오기,1.001,,mp4,0AUDLJ08S_00186.mp4,"Hip Flexor,Gluteal,Soleus,Quadriceps Femoris,Gastrocnemius",http://openapi.kspo.or.kr/web/image/0AUDLJ08S_00186/,1,동영상,
"엉덩관절굽힘근,볼기근,가자미근,넙다리네갈래근,장딴지근",,http://openapi.kspo.or.kr/web/video/,"실외에서 할 수 있는 운동 중, 계단 올라갔다 내려오기운동을 설명한 운동처방 동영상",4879494,29.96,150,1280*720,,공통,180,,0AUDLJ08S_00186_FR_00003.jpeg,"고관절굴곡근,둔근,넙치근,대퇴사두근,비복근",2021,실내/실외,32,"앞쪽 골반,엉덩이,종아리,앞쪽 넓적다리,종아리",한국어,계단 올라갔다 내려오기,20221013,"골반의 근,골반의 근,하지의 근,하지의 근,하지의 근",계단 올라갔다 내려오기,6.006,,mp4,0AUDLJ08S_00186.mp4,"Hip Flexor,Gluteal,Soleus,Quadriceps Femoris,Gastrocnemius",http://openapi.kspo.or.kr/web/image/0AUDLJ08S_00186/,2,동영상,
목/머리널판근,,http://openapi.kspo.or.kr/web/video/,"소도구를 활용한 근육 완화 운동 중, 공을 활용한 운동처방 동영상",53242921,29.96,151,1280*720,테니스공,공통,465,,0AUDLJ08S_01017_SC_00001.jpeg,"경판상근, 두판상근",2021,실내,331,뒤쪽 목,한국어,목 상부,20221004,머리와 목의 근,테니스공을 활용한 뭉친근육 완화 운동,15.515,,mp4,0AUDLJ08S_01017.mp4,Splenius Cervicis and Capitis,http://openapi.kspo.or.kr/web/image/0AUDLJ08S_01017/,1,동영상,
"엉덩관절굽힘근,볼기근,가자미근,넙다리네갈래근,장딴지근",,http://openapi.kspo.or.kr/web/video/,"실외에서 할 수 있는 운동 중, 계단 올라갔다 내려오기운동을 설명한 운동처방 동영상",4879494,29.96,152,1280*720,,공통,552,,0AUDLJ08S_00186_SC_00012.jpeg,"고관절굴곡근,둔근,넙치근,대퇴사두근,비복근",2021,실내/실외,32,"앞쪽 골반,엉덩이,종아리,앞쪽 넓적다리,종아리",한국어,계단 올라갔다 내려오기,20221013,"골반의 근,골반의 근,하지의 근,하지의 근,하지의 근",계단 올라갔다 내려오기,18.418,,mp4,0AUDLJ08S_00186.mp4,"Hip Flexor,Gluteal,Soleus,Quadriceps Femoris,Gastrocnemius",http://openapi.kspo.or.kr/web/image/0AUDLJ08S_00186/,3,동영상,
"큰볼기근,배곧은근,넙다리네갈래근,넙다리두갈래근,장딴지세갈래근",,http://openapi.kspo.or.kr/web/video/,"실외에서 할 수 있는 운동 중, 계단 뛰어 오르기운동을 설명한 운동처방 동영상",5875414,29.96,153,1280*720,,공통,117,,0AUDLJ08S_00187_SC_00001.jpeg,"대둔근,복직근,대퇴사두근,대퇴이두근,하퇴삼두근",2021,실내/실외,38,"엉덩이,복부,앞쪽 넓적다리,뒤쪽 넓적다리,종아리",한국어,계단 뛰어 오르기,20221112,"골반의 근,복부의 근,하지의 근,하지의 근,하지의 근",계단 뛰어 오르기,3.903,,mp4,0AUDLJ08S_00187.mp4,"Gluteus Maximus,Rectus Abdominis,Quadriceps Femoris,Biceps Femoris,Triceps Surae",http://openapi.kspo.or.kr/web/image/0AUDLJ08S_00187/,1,동영상,
"큰볼기근,배곧은근,넙다리네갈래근,넙다리두갈래근,장딴지세갈래근",,http://openapi.kspo.or.kr/web/video/,"실외에서 할 수 있는 운동 중, 계단 뛰어 오르기운동을 설명한 운동처방 동영상",5875414,29.96,154,1280*720,,공통,146,,0AUDLJ08S_00187_SC_00002.jpeg,"대둔근,복직근,대퇴사두근,대퇴이두근,하퇴삼두근",2021,실내/실외,38,"엉덩이,복부,앞쪽 넓적다리,뒤쪽 넓적다리,종아리",한국어,계단 뛰어 오르기,20221112,"골반의 근,복부의 근,하지의 근,하지의 근,하지의 근",계단 뛰어 오르기,4.871,,mp4,0AUDLJ08S_00187.mp4,"Gluteus Maximus,Rectus Abdominis,Quadriceps Femoris,Biceps Femoris,Triceps Surae",http://openapi.kspo.or.kr/web/image/0AUDLJ08S_00187/,2,동영상,
"큰볼기근,배곧은근,넙다리네갈래근,넙다리두갈래근,장딴지세갈래근",,http://openapi.kspo.or.kr/web/video/,"실외에서 할 수 있는 운동 중, 계단 뛰어 오르기운동을 설명한 운동처방 동영상",5875414,29.96,155,1280*720,,공통,175,,0AUDLJ08S_00187_SC_00003.jpeg,"대둔근,복직근,대퇴사두근,대퇴이두근,하퇴삼두근",2021,실내/실외,38,"엉덩이,복부,앞쪽 넓적다리,뒤쪽 넓적다리,종아리",한국어,계단 뛰어 오르기,20221112,"골반의 근,복부의 근,하지의 근,하지의 근,하지의 근",계단 뛰어 오르기,5.839,,mp4,0AUDLJ08S_00187.mp4,"Gluteus Maximus,Rectus Abdominis,Quadriceps Femoris,Biceps Femoris,Triceps Surae",http://openapi.kspo.or.kr/web/image/0AUDLJ08S_00187/,3,동영상,
"큰볼기근,배곧은근,넙다리네갈래근,넙다리두갈래근,장딴지세갈래근",,http://openapi.kspo.or.kr/web/video/,"실외에서 할 수 있는 운동 중, 계단 뛰어 오르기운동을 설명한 운동처방 동영상",5875414,29.96,156,1280*720,,공통,204,,0AUDLJ08S_00187_SC_00004.jpeg,"대둔근,복직근,대퇴사두근,대퇴이두근,하퇴삼두근",2021,실내/실외,38,"엉덩이,복부,앞쪽 넓적다리,뒤쪽 넓적다리,종아리",한국어,계단 뛰어 오르기,20221112,"골반의 근,복부의 근,하지의 근,하지의 근,하지의 근",계단 뛰어 오르기,6.806,,mp4,0AUDLJ08S_00187.mp4,"Gluteus Maximus,Rectus Abdominis,Quadriceps Femoris,Biceps Femoris,Triceps Surae",http://openapi.kspo.or.kr/web/image/0AUDLJ08S_00187/,4,동영상,
"큰볼기근,배곧은근,넙다리네갈래근,넙다리두갈래근,장딴지세갈래근",,http://openapi.kspo.or.kr/web/video/,"실외에서 할 수 있는 운동 중, 계단 뛰어 오르기운동을 설명한 운동처방 동영상",5875414,29.96,157,1280*720,,공통,233,,0AUDLJ08S_00187_SC_00005.jpeg,"대둔근,복직근,대퇴사두근,대퇴이두근,하퇴삼두근",2021,실내/실외,38,"엉덩이,복부,앞쪽 넓적다리,뒤쪽 넓적다리,종아리",한국어,계단 뛰어 오르기,20221112,"골반의 근,복부의 근,하지의 근,하지의 근,하지의 근",계단 뛰어 오르기,7.774,,mp4,0AUDLJ08S_00187.mp4,"Gluteus Maximus,Rectus Abdominis,Quadriceps Femoris,Biceps Femoris,Triceps Surae",http://openapi.kspo.or.kr/web/image/0AUDLJ08S_00187/,5,동영상,
"큰볼기근,배곧은근,넙다리네갈래근,넙다리두갈래근,장딴지세갈래근",,http://openapi.kspo.or.kr/web/video/,"실외에서 할 수 있는 운동 중, 계단 뛰어 오르기운동을 설명한 운동처방 동영상",5875414,29.96,158,1280*720,,공통,262,,0AUDLJ08S_00187_SC_00006.jpeg,"대둔근,복직근,대퇴사두근,대퇴이두근,하퇴삼두근",2021,실내/실외,38,"엉덩이,복부,앞쪽 넓적다리,뒤쪽 넓적다리,종아리",한국어,계단 뛰어 오르기,20221112,"골반의 근,복부의 근,하지의 근,하지의 근,하지의 근",계단 뛰어 오르기,8.742,,mp4,0AUDLJ08S_00187.mp4,"Gluteus Maximus,Rectus Abdominis,Quadriceps Femoris,Biceps Femoris,Triceps Surae",http://openapi.kspo.or.kr/web/image/0AUDLJ08S_00187/,6,동영상,
"큰볼기근,배곧은근,넙다리네갈래근,넙다리두갈래근,장딴지세갈래근",,http://openapi.kspo.or.kr/web/video/,"실외에서 할 수 있는 운동 중, 계단 뛰어 오르기운동을 설명한 운동처방 동영상",5875414,29.96,159,1280*720,,공통,291,,0AUDLJ08S_00187_SC_00007.jpeg,"대둔근,복직근,대퇴사두근,대퇴이두근,하퇴삼두근",2021,실내/실외,38,"엉덩이,복부,앞쪽 넓적다리,뒤쪽 넓적다리,종아리",한국어,계단 뛰어 오르기,20221112,"골반의 근,복부의 근,하지의 근,하지의 근,하지의 근",계단 뛰어 오르기,9.709,,mp4,0AUDLJ08S_00187.mp4,"Gluteus Maximus,Rectus Abdominis,Quadriceps Femoris,Biceps Femoris,Triceps Surae",http://openapi.kspo.or.kr/web/image/0AUDLJ08S_00187/,7,동영상,
"큰볼기근,배곧은근,넙다리네갈래근,넙다리두갈래근,장딴지세갈래근",,http://openapi.kspo.or.kr/web/video/,"실외에서 할 수 있는 운동 중, 계단 뛰어 오르기운동을 설명한 운동처방 동영상",5875414,29.96,160,1280*720,,공통,320,,0AUDLJ08S_00187_SC_00008.jpeg,"대둔근,복직근,대퇴사두근,대퇴이두근,하퇴삼두근",2021,실내/실외,38,"엉덩이,복부,앞쪽 넓적다리,뒤쪽 넓적다리,종아리",한국어,계단 뛰어 오르기,20220929,"골반의 근,복부의 근,하지의 근,하지의 근,하지의 근",계단 뛰어 오르기,10.677,,mp4,0AUDLJ08S_00187.mp4,"Gluteus Maximus,Rectus Abdominis,Quadriceps Femoris,Biceps Femoris,Triceps Surae",http://openapi.kspo.or.kr/web/image/0AUDLJ08S_00187/,8,동영상,
넙다리두갈래근,,http://openapi.kspo.or.kr/web/video/,"소도구를 활용한 근육 완화 운동 중, 공을 활용한 운동처방 동영상",53242921,29.96,161,1280*720,테니스공,공통,958,,0AUDLJ08S_01017_SC_00004.jpeg,대퇴이두근,2021,실내,331,뒤쪽 넓적다리,한국어,허벅지(햄스트링),20221004,하지의 근,테니스공을 활용한 뭉친근육 완화 운동,31.965,,mp4,0AUDLJ08S_01017.mp4,Biceps Femoris,http://openapi.kspo.or.kr/web/image/0AUDLJ08S_01017/,4,동영상,
"큰볼기근,배곧은근,넙다리네갈래근,넙다리두갈래근,장딴지세갈래근",,http://openapi.kspo.or.kr/web/video/,"실외에서 할 수 있는 운동 중, 계단 뛰어 오르기운동을 설명한 운동처방 동영상",5875414,29.96,162,1280*720,,공통,349,,0AUDLJ08S_00187_SC_00009.jpeg,"대둔근,복직근,대퇴사두근,대퇴이두근,하퇴삼두근",2021,실내/실외,38,"엉덩이,복부,앞쪽 넓적다리,뒤쪽 넓적다리,종아리",한국어,계단 뛰어 오르기,20220929,"골반의 근,복부의 근,하지의 근,하지의 근,하지의 근",계단 뛰어 오르기,11.644,,mp4,0AUDLJ08S_00187.mp4,"Gluteus Maximus,Rectus Abdominis,Quadriceps Femoris,Biceps Femoris,Triceps Surae",http://openapi.kspo.or.kr/web/image/0AUDLJ08S_00187/,9,동영상,
"큰볼기근,배곧은근,넙다리네갈래근,넙다리두갈래근,장딴지세갈래근",,http://openapi.kspo.or.kr/web/video/,"실외에서 할 수 있는 운동 중, 계단 뛰어 오르기운동을 설명한 운동처방 동영상",5875414,29.96,163,1280*720,,공통,378,,0AUDLJ08S_00187_SC_00010.jpeg,"대둔근,복직근,대퇴사두근,대퇴이두근,하퇴삼두근",2021,실내/실외,38,"엉덩이,복부,앞쪽 넓적다리,뒤쪽 넓적다리,종아리",한국어,계단 뛰어 오르기,20220929,"골반의 근,복부의 근,하지의 근,하지의 근,하지의 근",계단 뛰어 오르기,12.612,,mp4,0AUDLJ08S_00187.mp4,"Gluteus Maximus,Rectus Abdominis,Quadriceps Femoris,Biceps Femoris,Triceps Surae",http://openapi.kspo.or.kr/web/image/0AUDLJ08S_00187/,10,동영상,
"큰볼기근,배곧은근,넙다리네갈래근,넙다리두갈래근,장딴지세갈래근",,http://openapi.kspo.or.kr/web/video/,"실외에서 할 수 있는 운동 중, 계단 뛰어 오르기운동을 설명한 운동처방 동영상",5875414,29.96,164,1280*720,,공통,407,,0AUDLJ08S_00187_SC_00011.jpeg,"대둔근,복직근,대퇴사두근,대퇴이두근,하퇴삼두근",2021,실내/실외,38,"엉덩이,복부,앞쪽 넓적다리,뒤쪽 넓적다리,종아리",한국어,계단 뛰어 오르기,20220929,"골반의 근,복부의 근,하지의 근,하지의 근,하지의 근",계단 뛰어 오르기,13.58,,mp4,0AUDLJ08S_00187.mp4,"Gluteus Maximus,Rectus Abdominis,Quadriceps Femoris,Biceps Femoris,Triceps Surae",http://openapi.kspo.or.kr/web/image/0AUDLJ08S_00187/,11,동영상,
"큰볼기근,배곧은근,넙다리네갈래근,넙다리두갈래근,장딴지세갈래근",,http://openapi.kspo.or.kr/web/video/,"실외에서 할 수 있는 운동 중, 계단 뛰어 오르기운동을 설명한 운동처방 동영상",5875414,29.96,165,1280*720,,공통,436,,0AUDLJ08S_00187_SC_00012.jpeg,"대둔근,복직근,대퇴사두근,대퇴이두근,하퇴삼두근",2021,실내/실외,38,"엉덩이,복부,앞쪽 넓적다리,뒤쪽 넓적다리,종아리",한국어,계단 뛰어 오르기,20220929,"골반의 근,복부의 근,하지의 근,하지의 근,하지의 근",계단 뛰어 오르기,14.547,,mp4,0AUDLJ08S_00187.mp4,"Gluteus Maximus,Rectus Abdominis,Quadriceps Femoris,Biceps Femoris,Triceps Surae",http://openapi.kspo.or.kr/web/image/0AUDLJ08S_00187/,12,동영상,
"큰볼기근,배곧은근,넙다리네갈래근,넙다리두갈래근,장딴지세갈래근",,http://openapi.kspo.or.kr/web/video/,"실외에서 할 수 있는 운동 중, 계단 뛰어 오르기운동을 설명한 운동처방 동영상",5875414,29.96,166,1280*720,,공통,465,,0AUDLJ08S_00187_SC_00013.jpeg,"대둔근,복직근,대퇴사두근,대퇴이두근,하퇴삼두근",2021,실내/실외,38,"엉덩이,복부,앞쪽 넓적다리,뒤쪽 넓적다리,종아리",한국어,계단 뛰어 오르기,20220929,"골반의 근,복부의 근,하지의 근,하지의 근,하지의 근",계단 뛰어 오르기,15.515,,mp4,0AUDLJ08S_00187.mp4,"Gluteus Maximus,Rectus Abdominis,Quadriceps Femoris,Biceps Femoris,Triceps Surae",http://openapi.kspo.or.kr/web/image/0AUDLJ08S_00187/,13,동영상,
"큰볼기근,배곧은근,넙다리네갈래근,넙다리두갈래근,장딴지세갈래근",,http://openapi.kspo.or.kr/web/video/,"실외에서 할 수 있는 운동 중, 계단 뛰어 오르기운동을 설명한 운동처방 동영상",5875414,29.96,167,1280*720,,공통,494,,0AUDLJ08S_00187_SC_00014.jpeg,"대둔근,복직근,대퇴사두근,대퇴이두근,하퇴삼두근",2021,실내/실외,38,"엉덩이,복부,앞쪽 넓적다리,뒤쪽 넓적다리,종아리",한국어,계단 뛰어 오르기,20220929,"골반의 근,복부의 근,하지의 근,하지의 근,하지의 근",계단 뛰어 오르기,16.483,,mp4,0AUDLJ08S_00187.mp4,"Gluteus Maximus,Rectus Abdominis,Quadriceps Femoris,Biceps Femoris,Triceps Surae",http://openapi.kspo.or.kr/web/image/0AUDLJ08S_00187/,14,동영상,
"큰볼기근,배곧은근,넙다리네갈래근,넙다리두갈래근,장딴지세갈래근",,http://openapi.kspo.or.kr/web/video/,"실외에서 할 수 있는 운동 중, 계단 뛰어 오르기운동을 설명한 운동처방 동영상",5875414,29.96,168,1280*720,,공통,523,,0AUDLJ08S_00187_SC_00015.jpeg,"대둔근,복직근,대퇴사두근,대퇴이두근,하퇴삼두근",2021,실내/실외,38,"엉덩이,복부,앞쪽 넓적다리,뒤쪽 넓적다리,종아리",한국어,계단 뛰어 오르기,20220929,"골반의 근,복부의 근,하지의 근,하지의 근,하지의 근",계단 뛰어 오르기,17.45,,mp4,0AUDLJ08S_00187.mp4,"Gluteus Maximus,Rectus Abdominis,Quadriceps Femoris,Biceps Femoris,Triceps Surae",http://openapi.kspo.or.kr/web/image/0AUDLJ08S_00187/,15,동영상,
"큰볼기근,배곧은근,넙다리네갈래근,넙다리두갈래근,장딴지세갈래근",,http://openapi.kspo.or.kr/web/video/,"실외에서 할 수 있는 운동 중, 계단 뛰어 오르기운동을 설명한 운동처방 동영상",5875414,29.96,169,1280*720,,공통,552,,0AUDLJ08S_00187_SC_00016.jpeg,"대둔근,복직근,대퇴사두근,대퇴이두근,하퇴삼두근",2021,실내/실외,38,"엉덩이,복부,앞쪽 넓적다리,뒤쪽 넓적다리,종아리",한국어,계단 뛰어 오르기,20220929,"골반의 근,복부의 근,하지의 근,하지의 근,하지의 근",계단 뛰어 오르기,18.418,,mp4,0AUDLJ08S_00187.mp4,"Gluteus Maximus,Rectus Abdominis,Quadriceps Femoris,Biceps Femoris,Triceps Surae",http://openapi.kspo.or.kr/web/image/0AUDLJ08S_00187/,16,동영상,
"큰볼기근,배곧은근,넙다리네갈래근,넙다리두갈래근,장딴지세갈래근",,http://openapi.kspo.or.kr/web/video/,"실외에서 할 수 있는 운동 중, 계단 뛰어 오르기운동을 설명한 운동처방 동영상",5875414,29.96,170,1280*720,,공통,581,,0AUDLJ08S_00187_SC_00017.jpeg,"대둔근,복직근,대퇴사두근,대퇴이두근,하퇴삼두근",2021,실내/실외,38,"엉덩이,복부,앞쪽 넓적다리,뒤쪽 넓적다리,종아리",한국어,계단 뛰어 오르기,20220929,"골반의 근,복부의 근,하지의 근,하지의 근,하지의 근",계단 뛰어 오르기,19.386,,mp4,0AUDLJ08S_00187.mp4,"Gluteus Maximus,Rectus Abdominis,Quadriceps Femoris,Biceps Femoris,Triceps Surae",http://openapi.kspo.or.kr/web/image/0AUDLJ08S_00187/,17,동영상,
장딴지세갈래근,,http://openapi.kspo.or.kr/web/video/,"소도구를 활용한 근육 완화 운동 중, 공을 활용한 운동처방 동영상",53242921,29.96,171,1280*720,테니스공,공통,1248,,0AUDLJ08S_01017_SC_00005.jpeg,하퇴삼두근,2021,실내,331,종아리,한국어,종아리(기본),20221004,하지의 근,테니스공을 활용한 뭉친근육 완화 운동,41.641,,mp4,0AUDLJ08S_01017.mp4,Triceps Surae,http://openapi.kspo.or.kr/web/image/0AUDLJ08S_01017/,5,동영상,
"큰볼기근,배곧은근,넙다리네갈래근,넙다리두갈래근,장딴지세갈래근",,http://openapi.kspo.or.kr/web/video/,"실외에서 할 수 있는 운동 중, 계단 뛰어 오르기운동을 설명한 운동처방 동영상",5875414,29.96,172,1280*720,,공통,639,,0AUDLJ08S_00187_SC_00018.jpeg,"대둔근,복직근,대퇴사두근,대퇴이두근,하퇴삼두근",2021,실내/실외,38,"엉덩이,복부,앞쪽 넓적다리,뒤쪽 넓적다리,종아리",한국어,계단 뛰어 오르기,20220929,"골반의 근,복부의 근,하지의 근,하지의 근,하지의 근",계단 뛰어 오르기,21.321,,mp4,0AUDLJ08S_00187.mp4,"Gluteus Maximus,Rectus Abdominis,Quadriceps Femoris,Biceps Femoris,Triceps Surae",http://openapi.kspo.or.kr/web/image/0AUDLJ08S_00187/,18,동영상,
"큰볼기근,배곧은근,넙다리네갈래근,넙다리두갈래근,장딴지세갈래근",,http://openapi.kspo.or.kr/web/video/,"실외에서 할 수 있는 운동 중, 계단 뛰어 오르기운동을 설명한 운동처방 동영상",5875414,29.96,173,1280*720,,공통,668,,0AUDLJ08S_00187_SC_00019.jpeg,"대둔근,복직근,대퇴사두근,대퇴이두근,하퇴삼두근",2021,실내/실외,38,"엉덩이,복부,앞쪽 넓적다리,뒤쪽 넓적다리,종아리",한국어,계단 뛰어 오르기,20220929,"골반의 근,복부의 근,하지의 근,하지의 근,하지의 근",계단 뛰어 오르기,22.288,,mp4,0AUDLJ08S_00187.mp4,"Gluteus Maximus,Rectus Abdominis,Quadriceps Femoris,Biceps Femoris,Triceps Surae",http://openapi.kspo.or.kr/web/image/0AUDLJ08S_00187/,19,동영상,
"큰볼기근,배곧은근,넙다리네갈래근,넙다리두갈래근,장딴지세갈래근",,http://openapi.kspo.or.kr/web/video/,"실외에서 할 수 있는 운동 중, 계단 뛰어 오르기운동을 설명한 운동처방 동영상",5875414,29.96,174,1280*720,,공통,697,,0AUDLJ08S_00187_SC_00020.jpeg,"대둔근,복직근,대퇴사두근,대퇴이두근,하퇴삼두근",2021,실내/실외,38,"엉덩이,복부,앞쪽 넓적다리,뒤쪽 넓적다리,종아리",한국어,계단 뛰어 오르기,20220929,"골반의 근,복부의 근,하지의 근,하지의 근,하지의 근",계단 뛰어 오르기,23.256,,mp4,0AUDLJ08S_00187.mp4,"Gluteus Maximus,Rectus Abdominis,Quadriceps Femoris,Biceps Femoris,Triceps Surae",http://openapi.kspo.or.kr/web/image/0AUDLJ08S_00187/,20,동영상,
"큰볼기근,배곧은근,넙다리네갈래근,넙다리두갈래근,장딴지세갈래근",,http://openapi.kspo.or.kr/web/video/,"실외에서 할 수 있는 운동 중, 계단 뛰어 오르기운동을 설명한 운동처방 동영상",5875414,29.96,175,1280*720,,공통,755,,0AUDLJ08S_00187_SC_00021.jpeg,"대둔근,복직근,대퇴사두근,대퇴이두근,하퇴삼두근",2021,실내/실외,38,"엉덩이,복부,앞쪽 넓적다리,뒤쪽 넓적다리,종아리",한국어,계단 뛰어 오르기,20220929,"골반의 근,복부의 근,하지의 근,하지의 근,하지의 근",계단 뛰어 오르기,25.191,,mp4,0AUDLJ08S_00187.mp4,"Gluteus Maximus,Rectus Abdominis,Quadriceps Femoris,Biceps Femoris,Triceps Surae",http://openapi.kspo.or.kr/web/image/0AUDLJ08S_00187/,21,동영상,
"큰볼기근,배곧은근,넙다리네갈래근,넙다리두갈래근,장딴지세갈래근",,http://openapi.kspo.or.kr/web/video/,"실외에서 할 수 있는 운동 중, 계단 뛰어 오르기운동을 설명한 운동처방 동영상",5875414,29.96,176,1280*720,,공통,784,,0AUDLJ08S_00187_SC_00022.jpeg,"대둔근,복직근,대퇴사두근,대퇴이두근,하퇴삼두근",2021,실내/실외,38,"엉덩이,복부,앞쪽 넓적다리,뒤쪽 넓적다리,종아리",한국어,계단 뛰어 오르기,20220929,"골반의 근,복부의 근,하지의 근,하지의 근,하지의 근",계단 뛰어 오르기,26.159,,mp4,0AUDLJ08S_00187.mp4,"Gluteus Maximus,Rectus Abdominis,Quadriceps Femoris,Biceps Femoris,Triceps Surae",http://openapi.kspo.or.kr/web/image/0AUDLJ08S_00187/,22,동영상,
"큰볼기근,배곧은근,넙다리네갈래근,넙다리두갈래근,장딴지세갈래근",,http://openapi.kspo.or.kr/web/video/,"실외에서 할 수 있는 운동 중, 계단 뛰어 오르기운동을 설명한 운동처방 동영상",5875414,29.96,177,1280*720,,공통,813,,0AUDLJ08S_00187_SC_00023.jpeg,"대둔근,복직근,대퇴사두근,대퇴이두근,하퇴삼두근",2021,실내/실외,38,"엉덩이,복부,앞쪽 넓적다리,뒤쪽 넓적다리,종아리",한국어,계단 뛰어 오르기,20220929,"골반의 근,복부의 근,하지의 근,하지의 근,하지의 근",계단 뛰어 오르기,27.127,,mp4,0AUDLJ08S_00187.mp4,"Gluteus Maximus,Rectus Abdominis,Quadriceps Femoris,Biceps Femoris,Triceps Surae",http://openapi.kspo.or.kr/web/image/0AUDLJ08S_00187/,23,동영상,
"큰볼기근,배곧은근,넙다리네갈래근,넙다리두갈래근,장딴지세갈래근",,http://openapi.kspo.or.kr/web/video/,"실외에서 할 수 있는 운동 중, 계단 뛰어 오르기운동을 설명한 운동처방 동영상",5875414,29.96,178,1280*720,,공통,842,,0AUDLJ08S_00187_SC_00024.jpeg,"대둔근,복직근,대퇴사두근,대퇴이두근,하퇴삼두근",2021,실내/실외,38,"엉덩이,복부,앞쪽 넓적다리,뒤쪽 넓적다리,종아리",한국어,계단 뛰어 오르기,20220929,"골반의 근,복부의 근,하지의 근,하지의 근,하지의 근",계단 뛰어 오르기,28.094,,mp4,0AUDLJ08S_00187.mp4,"Gluteus Maximus,Rectus Abdominis,Quadriceps Femoris,Biceps Femoris,Triceps Surae",http://openapi.kspo.or.kr/web/image/0AUDLJ08S_00187/,24,동영상,
"큰볼기근,배곧은근,넙다리네갈래근,넙다리두갈래근,장딴지세갈래근",,http://openapi.kspo.or.kr/web/video/,"실외에서 할 수 있는 운동 중, 계단 뛰어 오르기운동을 설명한 운동처방 동영상",5875414,29.96,179,1280*720,,공통,871,,0AUDLJ08S_00187_SC_00025.jpeg,"대둔근,복직근,대퇴사두근,대퇴이두근,하퇴삼두근",2021,실내/실외,38,"엉덩이,복부,앞쪽 넓적다리,뒤쪽 넓적다리,종아리",한국어,계단 뛰어 오르기,20220929,"골반의 근,복부의 근,하지의 근,하지의 근,하지의 근",계단 뛰어 오르기,29.062,,mp4,0AUDLJ08S_00187.mp4,"Gluteus Maximus,Rectus Abdominis,Quadriceps Femoris,Biceps Femoris,Triceps Surae",http://openapi.kspo.or.kr/web/image/0AUDLJ08S_00187/,25,동영상,
"큰볼기근,배곧은근,넙다리네갈래근,넙다리두갈래근,장딴지세갈래근",,http://openapi.kspo.or.kr/web/video/,"실외에서 할 수 있는 운동 중, 계단 뛰어 오르기운동을 설명한 운동처방 동영상",5875414,29.96,180,1280*720,,공통,900,,0AUDLJ08S_00187_SC_00026.jpeg,"대둔근,복직근,대퇴사두근,대퇴이두근,하퇴삼두근",2021,실내/실외,38,"엉덩이,복부,앞쪽 넓적다리,뒤쪽 넓적다리,종아리",한국어,계단 뛰어 오르기,20220929,"골반의 근,복부의 근,하지의 근,하지의 근,하지의 근",계단 뛰어 오르기,30.03,,mp4,0AUDLJ08S_00187.mp4,"Gluteus Maximus,Rectus Abdominis,Quadriceps Femoris,Biceps Femoris,Triceps Surae",http://openapi.kspo.or.kr/web/image/0AUDLJ08S_00187/,26,동영상,
앞정강근,,http://openapi.kspo.or.kr/web/video/,"소도구를 활용한 근육 완화 운동 중, 공을 활용한 운동처방 동영상",53242921,29.96,181,1280*720,테니스공,공통,1451,,0AUDLJ08S_01017_SC_00006.jpeg,전경골근,2021,실내,331,정강이,한국어,정강이,20221004,하지의 근,테니스공을 활용한 뭉친근육 완화 운동,48.415,,mp4,0AUDLJ08S_01017.mp4,Tibialis Anterior,http://openapi.kspo.or.kr/web/image/0AUDLJ08S_01017/,6,동영상,
"큰볼기근,배곧은근,넙다리네갈래근,넙다리두갈래근,장딴지세갈래근",,http://openapi.kspo.or.kr/web/video/,"실외에서 할 수 있는 운동 중, 계단 뛰어 오르기운동을 설명한 운동처방 동영상",5875414,29.96,182,1280*720,,공통,1016,,0AUDLJ08S_00187_SC_00027.jpeg,"대둔근,복직근,대퇴사두근,대퇴이두근,하퇴삼두근",2021,실내/실외,38,"엉덩이,복부,앞쪽 넓적다리,뒤쪽 넓적다리,종아리",한국어,계단 뛰어 오르기,20220929,"골반의 근,복부의 근,하지의 근,하지의 근,하지의 근",계단 뛰어 오르기,33.9,,mp4,0AUDLJ08S_00187.mp4,"Gluteus Maximus,Rectus Abdominis,Quadriceps Femoris,Biceps Femoris,Triceps Surae",http://openapi.kspo.or.kr/web/image/0AUDLJ08S_00187/,27,동영상,
"넙다리네갈래근,넙다리두갈래근,장딴지근",,http://openapi.kspo.or.kr/web/video/,"실내에서 할 수 있는 운동 중, 스텝박스 오르내리기운동을 설명한 운동처방 동영상",9107035,29.96,183,1280*720,,공통,146,,0AUDLJ08S_00188_SC_00004.jpeg,"대퇴사두근,대퇴이두근,비복근",2021,실내,57,"앞쪽 넓적다리,뒤쪽 넓적다리,종아리",한국어,스텝박스 오르내리기,20220930,"하지의 근,하지의 근,하지의 근",스텝박스 오르내리기,4.871,,mp4,0AUDLJ08S_00188.mp4,"Quadriceps Femoris,Biceps Femoris,Gastrocnemius",http://openapi.kspo.or.kr/web/image/0AUDLJ08S_00188/,3,동영상,
"넙다리네갈래근,넙다리두갈래근,장딴지근",,http://openapi.kspo.or.kr/web/video/,"실내에서 할 수 있는 운동 중, 스텝박스 오르내리기운동을 설명한 운동처방 동영상",9107035,29.96,184,1280*720,,공통,1393,,0AUDLJ08S_00188_SC_00011.jpeg,"대퇴사두근,대퇴이두근,비복근",2021,실내,57,"앞쪽 넓적다리,뒤쪽 넓적다리,종아리",한국어,스텝박스 오르내리기,20220930,"하지의 근,하지의 근,하지의 근",스텝박스 오르내리기,46.479,,mp4,0AUDLJ08S_00188.mp4,"Quadriceps Femoris,Biceps Femoris,Gastrocnemius",http://openapi.kspo.or.kr/web/image/0AUDLJ08S_00188/,8,동영상,
"넙다리네갈래근,넙다리두갈래근,장딴지근",,http://openapi.kspo.or.kr/web/video/,"실내에서 할 수 있는 운동 중, 스텝박스 오르내리기운동을 설명한 운동처방 동영상",9107035,29.96,185,1280*720,,공통,233,,0AUDLJ08S_00188_SC_00005.jpeg,"대퇴사두근,대퇴이두근,비복근",2021,실내,57,"앞쪽 넓적다리,뒤쪽 넓적다리,종아리",한국어,스텝박스 오르내리기,20220930,"하지의 근,하지의 근,하지의 근",스텝박스 오르내리기,7.774,,mp4,0AUDLJ08S_00188.mp4,"Quadriceps Femoris,Biceps Femoris,Gastrocnemius",http://openapi.kspo.or.kr/web/image/0AUDLJ08S_00188/,4,동영상,
"넙다리네갈래근,넙다리두갈래근,장딴지근",,http://openapi.kspo.or.kr/web/video/,"실내에서 할 수 있는 운동 중, 스텝박스 오르내리기운동을 설명한 운동처방 동영상",9107035,29.96,186,1280*720,,공통,320,,0AUDLJ08S_00188_SC_00006.jpeg,"대퇴사두근,대퇴이두근,비복근",2021,실내,57,"앞쪽 넓적다리,뒤쪽 넓적다리,종아리",한국어,스텝박스 오르내리기,20220930,"하지의 근,하지의 근,하지의 근",스텝박스 오르내리기,10.677,,mp4,0AUDLJ08S_00188.mp4,"Quadriceps Femoris,Biceps Femoris,Gastrocnemius",http://openapi.kspo.or.kr/web/image/0AUDLJ08S_00188/,5,동영상,
"넙다리네갈래근,넙다리두갈래근,장딴지근",,http://openapi.kspo.or.kr/web/video/,"실내에서 할 수 있는 운동 중, 스텝박스 오르내리기운동을 설명한 운동처방 동영상",9107035,29.96,187,1280*720,,공통,30,,0AUDLJ08S_00188_SC_00001.jpeg,"대퇴사두근,대퇴이두근,비복근",2021,실내,57,"앞쪽 넓적다리,뒤쪽 넓적다리,종아리",한국어,스텝박스 오르내리기,20220930,"하지의 근,하지의 근,하지의 근",스텝박스 오르내리기,1.001,,mp4,0AUDLJ08S_00188.mp4,"Quadriceps Femoris,Biceps Femoris,Gastrocnemius",http://openapi.kspo.or.kr/web/image/0AUDLJ08S_00188/,1,동영상,
"넙다리네갈래근,넙다리두갈래근,장딴지근",,http://openapi.kspo.or.kr/web/video/,"실내에서 할 수 있는 운동 중, 스텝박스 오르내리기운동을 설명한 운동처방 동영상",9107035,29.96,188,1280*720,,공통,88,,0AUDLJ08S_00188_SC_00002.jpeg,"대퇴사두근,대퇴이두근,비복근",2021,실내,57,"앞쪽 넓적다리,뒤쪽 넓적다리,종아리",한국어,스텝박스 오르내리기,20220930,"하지의 근,하지의 근,하지의 근",스텝박스 오르내리기,2.936,,mp4,0AUDLJ08S_00188.mp4,"Quadriceps Femoris,Biceps Femoris,Gastrocnemius",http://openapi.kspo.or.kr/web/image/0AUDLJ08S_00188/,2,동영상,
"넙다리네갈래근,넙다리두갈래근,장딴지근",,http://openapi.kspo.or.kr/web/video/,"실내에서 할 수 있는 운동 중, 스텝박스 오르내리기운동을 설명한 운동처방 동영상",9107035,29.96,189,1280*720,,공통,987,,0AUDLJ08S_00188_SC_00009.jpeg,"대퇴사두근,대퇴이두근,비복근",2021,실내,57,"앞쪽 넓적다리,뒤쪽 넓적다리,종아리",한국어,스텝박스 오르내리기,20220930,"하지의 근,하지의 근,하지의 근",스텝박스 오르내리기,32.932,,mp4,0AUDLJ08S_00188.mp4,"Quadriceps Femoris,Biceps Femoris,Gastrocnemius",http://openapi.kspo.or.kr/web/image/0AUDLJ08S_00188/,6,동영상,
"넙다리네갈래근,넙다리두갈래근,장딴지근",,http://openapi.kspo.or.kr/web/video/,"실내에서 할 수 있는 운동 중, 스텝박스 오르내리기운동을 설명한 운동처방 동영상",9107035,29.96,190,1280*720,,공통,1248,,0AUDLJ08S_00188_SC_00010.jpeg,"대퇴사두근,대퇴이두근,비복근",2021,실내,57,"앞쪽 넓적다리,뒤쪽 넓적다리,종아리",한국어,스텝박스 오르내리기,20220930,"하지의 근,하지의 근,하지의 근",스텝박스 오르내리기,41.641,,mp4,0AUDLJ08S_00188.mp4,"Quadriceps Femoris,Biceps Femoris,Gastrocnemius",http://openapi.kspo.or.kr/web/image/0AUDLJ08S_00188/,7,동영상,
"엉덩관절굽힘근,배곧은근,어깨세모근",,http://openapi.kspo.or.kr/web/video/,"실내에서 할 수 있는 운동 중, 엎드려 양발 교차로 당기기운동을 설명한 운동처방 동영상",7217274,29.96,191,1280*720,,공통,90,,0AUDLJ08S_00189_FR_00002.jpeg,"고관절굴곡근,복직근,삼각근",2021,실내,44,"앞쪽 골반,복부,바깥쪽 어깨",한국어,엎드려 양발 교차로 당기기,20221017,"골반의 근,복부의 근,상지의 근",엎드려 양발 교차로 당기기,3.003,,mp4,0AUDLJ08S_00189.mp4,"Hip Flexor,Rectus Abdominis,Deltoid",http://openapi.kspo.or.kr/web/image/0AUDLJ08S_00189/,1,동영상,
"엉덩관절굽힘근,배곧은근,어깨세모근",,http://openapi.kspo.or.kr/web/video/,"실내에서 할 수 있는 운동 중, 엎드려 양발 교차로 당기기운동을 설명한 운동처방 동영상",7217274,29.96,192,1280*720,,공통,146,,0AUDLJ08S_00189_SC_00002.jpeg,"고관절굴곡근,복직근,삼각근",2021,실내,44,"앞쪽 골반,복부,바깥쪽 어깨",한국어,엎드려 양발 교차로 당기기,20221017,"골반의 근,복부의 근,상지의 근",엎드려 양발 교차로 당기기,4.871,,mp4,0AUDLJ08S_00189.mp4,"Hip Flexor,Rectus Abdominis,Deltoid",http://openapi.kspo.or.kr/web/image/0AUDLJ08S_00189/,2,동영상,
"엉덩관절굽힘근,배곧은근,어깨세모근",,http://openapi.kspo.or.kr/web/video/,"실내에서 할 수 있는 운동 중, 엎드려 양발 교차로 당기기운동을 설명한 운동처방 동영상",7217274,29.96,193,1280*720,,공통,720,,0AUDLJ08S_00189_FR_00009.jpeg,"고관절굴곡근,복직근,삼각근",2021,실내,44,"앞쪽 골반,복부,바깥쪽 어깨",한국어,엎드려 양발 교차로 당기기,20221017,"골반의 근,복부의 근,상지의 근",엎드려 양발 교차로 당기기,24.024,,mp4,0AUDLJ08S_00189.mp4,"Hip Flexor,Rectus Abdominis,Deltoid",http://openapi.kspo.or.kr/web/image/0AUDLJ08S_00189/,3,동영상,
"엉덩관절굽힘근,배곧은근,어깨세모근",,http://openapi.kspo.or.kr/web/video/,"실내에서 할 수 있는 운동 중, 엎드려 양발 교차로 당기기운동을 설명한 운동처방 동영상",7217274,29.96,194,1280*720,,공통,755,,0AUDLJ08S_00189_SC_00005.jpeg,"고관절굴곡근,복직근,삼각근",2021,실내,44,"앞쪽 골반,복부,바깥쪽 어깨",한국어,엎드려 양발 교차로 당기기,20221017,"골반의 근,복부의 근,상지의 근",엎드려 양발 교차로 당기기,25.191,,mp4,0AUDLJ08S_00189.mp4,"Hip Flexor,Rectus Abdominis,Deltoid",http://openapi.kspo.or.kr/web/image/0AUDLJ08S_00189/,4,동영상,
"큰볼기근,배곧은근,넙다리네갈래근,넙다리두갈래근",,http://openapi.kspo.or.kr/web/video/,"실내에서 할 수 있는 운동 중, 앉아서 다리 밀기운동을 설명한 운동처방 동영상",8851498,29.96,195,1280*720,헬스기구,공통,59,,0AUDLJ08S_00190_SC_00001.jpeg,"대둔근,복직근,대퇴사두근,대퇴이두근",2021,헬스장,55,"엉덩이,복부,앞쪽 넓적다리,뒤쪽 넓적다리",한국어,앉아서 다리 밀기,20221111,"골반의 근,복부의 근,하지의 근,하지의 근",앉아서 다리 밀기,1.968,,mp4,0AUDLJ08S_00190.mp4,"Gluteus Maximus,Rectus Abdominis,Quadriceps Femoris,Biceps Femoris",http://openapi.kspo.or.kr/web/image/0AUDLJ08S_00190/,1,동영상,
"큰볼기근,배곧은근,넙다리네갈래근,넙다리두갈래근",,http://openapi.kspo.or.kr/web/video/,"실내에서 할 수 있는 운동 중, 앉아서 다리 밀기운동을 설명한 운동처방 동영상",8851498,29.96,196,1280*720,헬스기구,공통,450,,0AUDLJ08S_00190_FR_00006.jpeg,"대둔근,복직근,대퇴사두근,대퇴이두근",2021,헬스장,55,"엉덩이,복부,앞쪽 넓적다리,뒤쪽 넓적다리",한국어,앉아서 다리 밀기,20221023,"골반의 근,복부의 근,하지의 근,하지의 근",앉아서 다리 밀기,15.015,,mp4,0AUDLJ08S_00190.mp4,"Gluteus Maximus,Rectus Abdominis,Quadriceps Femoris,Biceps Femoris",http://openapi.kspo.or.kr/web/image/0AUDLJ08S_00190/,2,동영상,
"큰볼기근,배곧은근,넙다리네갈래근,넙다리두갈래근",,http://openapi.kspo.or.kr/web/video/,"실내에서 할 수 있는 운동 중, 앉아서 다리 밀기운동을 설명한 운동처방 동영상",8851498,29.96,197,1280*720,헬스기구,공통,720,,0AUDLJ08S_00190_FR_00009.jpeg,"대둔근,복직근,대퇴사두근,대퇴이두근",2021,헬스장,55,"엉덩이,복부,앞쪽 넓적다리,뒤쪽 넓적다리",한국어,앉아서 다리 밀기,20221023,"골반의 근,복부의 근,하지의 근,하지의 근",앉아서 다리 밀기,24.024,,mp4,0AUDLJ08S_00190.mp4,"Gluteus Maximus,Rectus Abdominis,Quadriceps Femoris,Biceps Femoris",http://openapi.kspo.or.kr/web/image/0AUDLJ08S_00190/,3,동영상,
"큰볼기근,배곧은근,넙다리네갈래근,넙다리두갈래근",,http://openapi.kspo.or.kr/web/video/,"실내에서 할 수 있는 운동 중, 앉아서 다리 밀기운동을 설명한 운동처방 동영상",8851498,29.96,198,1280*720,헬스기구,공통,810,,0AUDLJ08S_00190_FR_00010.jpeg,"대둔근,복직근,대퇴사두근,대퇴이두근",2021,헬스장,55,"엉덩이,복부,앞쪽 넓적다리,뒤쪽 넓적다리",한국어,앉아서 다리 밀기,20221023,"골반의 근,복부의 근,하지의 근,하지의 근",앉아서 다리 밀기,27.027,,mp4,0AUDLJ08S_00190.mp4,"Gluteus Maximus,Rectus Abdominis,Quadriceps Femoris,Biceps Femoris",http://openapi.kspo.or.kr/web/image/0AUDLJ08S_00190/,4,동영상,
넙다리네갈래근,,http://openapi.kspo.or.kr/web/video/,"실내에서 할 수 있는 운동 중, 앉아서 다리 펴기운동을 설명한 운동처방 동영상",6491513,29.96,199,1280*720,헬스기구,공통,929,,0AUDLJ08S_00191_SC_00008.jpeg,대퇴사두근,2021,헬스장,41,앞쪽 넓적다리,한국어,앉아서 다리 펴기,20220930,하지의 근,앉아서 다리 펴기,30.997,,mp4,0AUDLJ08S_00191.mp4,Quadriceps Femoris,http://openapi.kspo.or.kr/web/image/0AUDLJ08S_00191/,7,동영상,
넙다리네갈래근,,http://openapi.kspo.or.kr/web/video/,"실내에서 할 수 있는 운동 중, 앉아서 다리 펴기운동을 설명한 운동처방 동영상",6491513,29.96,200,1280*720,헬스기구,공통,59,,0AUDLJ08S_00191_SC_00001.jpeg,대퇴사두근,2021,헬스장,41,앞쪽 넓적다리,한국어,앉아서 다리 펴기,20220930,하지의 근,앉아서 다리 펴기,1.968,,mp4,0AUDLJ08S_00191.mp4,Quadriceps Femoris,http://openapi.kspo.or.kr/web/image/0AUDLJ08S_00191/,1,동영상,
넙다리네갈래근,,http://openapi.kspo.or.kr/web/video/,"실내에서 할 수 있는 운동 중, 앉아서 다리 펴기운동을 설명한 운동처방 동영상",6491513,29.96,201,1280*720,헬스기구,공통,436,,0AUDLJ08S_00191_SC_00006.jpeg,대퇴사두근,2021,헬스장,41,앞쪽 넓적다리,한국어,앉아서 다리 펴기,20220930,하지의 근,앉아서 다리 펴기,14.547,,mp4,0AUDLJ08S_00191.mp4,Quadriceps Femoris,http://openapi.kspo.or.kr/web/image/0AUDLJ08S_00191/,5,동영상,
넙다리네갈래근,,http://openapi.kspo.or.kr/web/video/,"실내에서 할 수 있는 운동 중, 앉아서 다리 펴기운동을 설명한 운동처방 동영상",6491513,29.96,202,1280*720,헬스기구,공통,697,,0AUDLJ08S_00191_SC_00007.jpeg,대퇴사두근,2021,헬스장,41,앞쪽 넓적다리,한국어,앉아서 다리 펴기,20220930,하지의 근,앉아서 다리 펴기,23.256,,mp4,0AUDLJ08S_00191.mp4,Quadriceps Femoris,http://openapi.kspo.or.kr/web/image/0AUDLJ08S_00191/,6,동영상,
넙다리네갈래근,,http://openapi.kspo.or.kr/web/video/,"실내에서 할 수 있는 운동 중, 앉아서 다리 펴기운동을 설명한 운동처방 동영상",6491513,29.96,203,1280*720,헬스기구,공통,146,,0AUDLJ08S_00191_SC_00003.jpeg,대퇴사두근,2021,헬스장,41,앞쪽 넓적다리,한국어,앉아서 다리 펴기,20220930,하지의 근,앉아서 다리 펴기,4.871,,mp4,0AUDLJ08S_00191.mp4,Quadriceps Femoris,http://openapi.kspo.or.kr/web/image/0AUDLJ08S_00191/,2,동영상,
넙다리네갈래근,,http://openapi.kspo.or.kr/web/video/,"실내에서 할 수 있는 운동 중, 앉아서 다리 펴기운동을 설명한 운동처방 동영상",6491513,29.96,204,1280*720,헬스기구,공통,262,,0AUDLJ08S_00191_SC_00004.jpeg,대퇴사두근,2021,헬스장,41,앞쪽 넓적다리,한국어,앉아서 다리 펴기,20220930,하지의 근,앉아서 다리 펴기,8.742,,mp4,0AUDLJ08S_00191.mp4,Quadriceps Femoris,http://openapi.kspo.or.kr/web/image/0AUDLJ08S_00191/,3,동영상,
넙다리네갈래근,,http://openapi.kspo.or.kr/web/video/,"실내에서 할 수 있는 운동 중, 앉아서 다리 펴기운동을 설명한 운동처방 동영상",6491513,29.96,205,1280*720,헬스기구,공통,291,,0AUDLJ08S_00191_SC_00005.jpeg,대퇴사두근,2021,헬스장,41,앞쪽 넓적다리,한국어,앉아서 다리 펴기,20220930,하지의 근,앉아서 다리 펴기,9.709,,mp4,0AUDLJ08S_00191.mp4,Quadriceps Femoris,http://openapi.kspo.or.kr/web/image/0AUDLJ08S_00191/,4,동영상,
넙다리네갈래근,,http://openapi.kspo.or.kr/web/video/,"실내에서 할 수 있는 운동 중, 앉아서 다리 굽히기운동을 설명한 운동처방 동영상",6559868,29.96,206,1280*720,헬스기구,공통,88,,0AUDLJ08S_00192_SC_00001.jpeg,대퇴사두근,2021,헬스장,42,앞쪽 넓적다리,한국어,앉아서 다리 굽히기,20220930,하지의 근,앉아서 다리 굽히기,2.936,,mp4,0AUDLJ08S_00192.mp4,Quadriceps Femoris,http://openapi.kspo.or.kr/web/image/0AUDLJ08S_00192/,1,동영상,
넙다리네갈래근,,http://openapi.kspo.or.kr/web/video/,"실내에서 할 수 있는 운동 중, 앉아서 다리 굽히기운동을 설명한 운동처방 동영상",6559868,29.96,207,1280*720,헬스기구,공통,117,,0AUDLJ08S_00192_SC_00002.jpeg,대퇴사두근,2021,헬스장,42,앞쪽 넓적다리,한국어,앉아서 다리 굽히기,20220930,하지의 근,앉아서 다리 굽히기,3.903,,mp4,0AUDLJ08S_00192.mp4,Quadriceps Femoris,http://openapi.kspo.or.kr/web/image/0AUDLJ08S_00192/,2,동영상,
넙다리네갈래근,,http://openapi.kspo.or.kr/web/video/,"실내에서 할 수 있는 운동 중, 앉아서 다리 굽히기운동을 설명한 운동처방 동영상",6559868,29.96,208,1280*720,헬스기구,공통,146,,0AUDLJ08S_00192_SC_00003.jpeg,대퇴사두근,2021,헬스장,42,앞쪽 넓적다리,한국어,앉아서 다리 굽히기,20220930,하지의 근,앉아서 다리 굽히기,4.871,,mp4,0AUDLJ08S_00192.mp4,Quadriceps Femoris,http://openapi.kspo.or.kr/web/image/0AUDLJ08S_00192/,3,동영상,
넙다리네갈래근,,http://openapi.kspo.or.kr/web/video/,"실내에서 할 수 있는 운동 중, 앉아서 다리 굽히기운동을 설명한 운동처방 동영상",6559868,29.96,209,1280*720,헬스기구,공통,175,,0AUDLJ08S_00192_SC_00004.jpeg,대퇴사두근,2021,헬스장,42,앞쪽 넓적다리,한국어,앉아서 다리 굽히기,20220930,하지의 근,앉아서 다리 굽히기,5.839,,mp4,0AUDLJ08S_00192.mp4,Quadriceps Femoris,http://openapi.kspo.or.kr/web/image/0AUDLJ08S_00192/,4,동영상,
넙다리네갈래근,,http://openapi.kspo.or.kr/web/video/,"실내에서 할 수 있는 운동 중, 앉아서 다리 굽히기운동을 설명한 운동처방 동영상",6559868,29.96,210,1280*720,헬스기구,공통,320,,0AUDLJ08S_00192_SC_00005.jpeg,대퇴사두근,2021,헬스장,42,앞쪽 넓적다리,한국어,앉아서 다리 굽히기,20220930,하지의 근,앉아서 다리 굽히기,10.677,,mp4,0AUDLJ08S_00192.mp4,Quadriceps Femoris,http://openapi.kspo.or.kr/web/image/0AUDLJ08S_00192/,5,동영상,
넙다리네갈래근,,http://openapi.kspo.or.kr/web/video/,"실내에서 할 수 있는 운동 중, 앉아서 다리 굽히기운동을 설명한 운동처방 동영상",6559868,29.96,211,1280*720,헬스기구,공통,378,,0AUDLJ08S_00192_SC_00006.jpeg,대퇴사두근,2021,헬스장,42,앞쪽 넓적다리,한국어,앉아서 다리 굽히기,20220930,하지의 근,앉아서 다리 굽히기,12.612,,mp4,0AUDLJ08S_00192.mp4,Quadriceps Femoris,http://openapi.kspo.or.kr/web/image/0AUDLJ08S_00192/,6,동영상,
넙다리네갈래근,,http://openapi.kspo.or.kr/web/video/,"실내에서 할 수 있는 운동 중, 앉아서 다리 굽히기운동을 설명한 운동처방 동영상",6559868,29.96,212,1280*720,헬스기구,공통,552,,0AUDLJ08S_00192_SC_00007.jpeg,대퇴사두근,2021,헬스장,42,앞쪽 넓적다리,한국어,앉아서 다리 굽히기,20220930,하지의 근,앉아서 다리 굽히기,18.418,,mp4,0AUDLJ08S_00192.mp4,Quadriceps Femoris,http://openapi.kspo.or.kr/web/image/0AUDLJ08S_00192/,7,동영상,
넙다리네갈래근,,http://openapi.kspo.or.kr/web/video/,"실내에서 할 수 있는 운동 중, 앉아서 다리 굽히기운동을 설명한 운동처방 동영상",6559868,29.96,213,1280*720,헬스기구,공통,842,,0AUDLJ08S_00192_SC_00008.jpeg,대퇴사두근,2021,헬스장,42,앞쪽 넓적다리,한국어,앉아서 다리 굽히기,20220930,하지의 근,앉아서 다리 굽히기,28.094,,mp4,0AUDLJ08S_00192.mp4,Quadriceps Femoris,http://openapi.kspo.or.kr/web/image/0AUDLJ08S_00192/,8,동영상,
넙다리네갈래근,,http://openapi.kspo.or.kr/web/video/,"실내에서 할 수 있는 운동 중, 앉아서 다리 굽히기운동을 설명한 운동처방 동영상",6559868,29.96,214,1280*720,헬스기구,공통,958,,0AUDLJ08S_00192_SC_00009.jpeg,대퇴사두근,2021,헬스장,42,앞쪽 넓적다리,한국어,앉아서 다리 굽히기,20220930,하지의 근,앉아서 다리 굽히기,31.965,,mp4,0AUDLJ08S_00192.mp4,Quadriceps Femoris,http://openapi.kspo.or.kr/web/image/0AUDLJ08S_00192/,9,동영상,
넙다리네갈래근,,http://openapi.kspo.or.kr/web/video/,"실내에서 할 수 있는 운동 중, 앉아서 다리 굽히기운동을 설명한 운동처방 동영상",6559868,29.96,215,1280*720,헬스기구,공통,1190,,0AUDLJ08S_00192_SC_00010.jpeg,대퇴사두근,2021,헬스장,42,앞쪽 넓적다리,한국어,앉아서 다리 굽히기,20220930,하지의 근,앉아서 다리 굽히기,39.706,,mp4,0AUDLJ08S_00192.mp4,Quadriceps Femoris,http://openapi.kspo.or.kr/web/image/0AUDLJ08S_00192/,10,동영상,
장딴지근,,http://openapi.kspo.or.kr/web/video/,"실내에서 할 수 있는 운동 중, 뒤꿈치 들기운동을 설명한 운동처방 동영상",7448637,29.96,216,1280*720,바벨,공통,494,,0AUDLJ08S_00193_SC_00005.jpeg,비복근,2021,헬스장,47,종아리,한국어,뒤꿈치 들기,20220929,하지의 근,뒤꿈치 들기,16.483,,mp4,0AUDLJ08S_00193.mp4,Gastrocnemius,http://openapi.kspo.or.kr/web/image/0AUDLJ08S_00193/,5,동영상,
장딴지근,,http://openapi.kspo.or.kr/web/video/,"실내에서 할 수 있는 운동 중, 뒤꿈치 들기운동을 설명한 운동처방 동영상",7448637,29.96,217,1280*720,바벨,공통,88,,0AUDLJ08S_00193_SC_00001.jpeg,비복근,2021,헬스장,47,종아리,한국어,뒤꿈치 들기,20220929,하지의 근,뒤꿈치 들기,2.936,,mp4,0AUDLJ08S_00193.mp4,Gastrocnemius,http://openapi.kspo.or.kr/web/image/0AUDLJ08S_00193/,1,동영상,
장딴지근,,http://openapi.kspo.or.kr/web/video/,"실내에서 할 수 있는 운동 중, 뒤꿈치 들기운동을 설명한 운동처방 동영상",7448637,29.96,218,1280*720,바벨,공통,117,,0AUDLJ08S_00193_SC_00002.jpeg,비복근,2021,헬스장,47,종아리,한국어,뒤꿈치 들기,20220929,하지의 근,뒤꿈치 들기,3.903,,mp4,0AUDLJ08S_00193.mp4,Gastrocnemius,http://openapi.kspo.or.kr/web/image/0AUDLJ08S_00193/,2,동영상,
장딴지근,,http://openapi.kspo.or.kr/web/video/,"실내에서 할 수 있는 운동 중, 뒤꿈치 들기운동을 설명한 운동처방 동영상",7448637,29.96,219,1280*720,바벨,공통,146,,0AUDLJ08S_00193_SC_00003.jpeg,비복근,2021,헬스장,47,종아리,한국어,뒤꿈치 들기,20220929,하지의 근,뒤꿈치 들기,4.871,,mp4,0AUDLJ08S_00193.mp4,Gastrocnemius,http://openapi.kspo.or.kr/web/image/0AUDLJ08S_00193/,3,동영상,
장딴지근,,http://openapi.kspo.or.kr/web/video/,"실내에서 할 수 있는 운동 중, 뒤꿈치 들기운동을 설명한 운동처방 동영상",7448637,29.96,220,1280*720,바벨,공통,378,,0AUDLJ08S_00193_SC_00004.jpeg,비복근,2021,헬스장,47,종아리,한국어,뒤꿈치 들기,20220929,하지의 근,뒤꿈치 들기,12.612,,mp4,0AUDLJ08S_00193.mp4,Gastrocnemius,http://openapi.kspo.or.kr/web/image/0AUDLJ08S_00193/,4,동영상,
장딴지근,,http://openapi.kspo.or.kr/web/video/,"실내에서 할 수 있는 운동 중, 뒤꿈치 들기운동을 설명한 운동처방 동영상",7448637,29.96,221,1280*720,바벨,공통,784,,0AUDLJ08S_00193_SC_00006.jpeg,비복근,2021,헬스장,47,종아리,한국어,뒤꿈치 들기,20220929,하지의 근,뒤꿈치 들기,26.159,,mp4,0AUDLJ08S_00193.mp4,Gastrocnemius,http://openapi.kspo.or.kr/web/image/0AUDLJ08S_00193/,6,동영상,
장딴지근,,http://openapi.kspo.or.kr/web/video/,"실내에서 할 수 있는 운동 중, 뒤꿈치 들기운동을 설명한 운동처방 동영상",7448637,29.96,222,1280*720,바벨,공통,871,,0AUDLJ08S_00193_SC_00007.jpeg,비복근,2021,헬스장,47,종아리,한국어,뒤꿈치 들기,20220929,하지의 근,뒤꿈치 들기,29.062,,mp4,0AUDLJ08S_00193.mp4,Gastrocnemius,http://openapi.kspo.or.kr/web/image/0AUDLJ08S_00193/,7,동영상,
장딴지근,,http://openapi.kspo.or.kr/web/video/,"실내에서 할 수 있는 운동 중, 뒤꿈치 들기운동을 설명한 운동처방 동영상",7448637,29.96,223,1280*720,바벨,공통,900,,0AUDLJ08S_00193_SC_00008.jpeg,비복근,2021,헬스장,47,종아리,한국어,뒤꿈치 들기,20220929,하지의 근,뒤꿈치 들기,30.03,,mp4,0AUDLJ08S_00193.mp4,Gastrocnemius,http://openapi.kspo.or.kr/web/image/0AUDLJ08S_00193/,8,동영상,
장딴지근,,http://openapi.kspo.or.kr/web/video/,"실내에서 할 수 있는 운동 중, 뒤꿈치 들기운동을 설명한 운동처방 동영상",7448637,29.96,224,1280*720,바벨,공통,1045,,0AUDLJ08S_00193_SC_00009.jpeg,비복근,2021,헬스장,47,종아리,한국어,뒤꿈치 들기,20220929,하지의 근,뒤꿈치 들기,34.868,,mp4,0AUDLJ08S_00193.mp4,Gastrocnemius,http://openapi.kspo.or.kr/web/image/0AUDLJ08S_00193/,9,동영상,
모음근,,http://openapi.kspo.or.kr/web/video/,"실내에서 할 수 있는 운동 중, 앉아서 다리 모으기운동을 설명한 운동처방 동영상",6978616,29.96,225,1280*720,헬스기구,공통,59,,0AUDLJ08S_00194_SC_00001.jpeg,내전근,2021,헬스장,44,안쪽 넓적다리,한국어,앉아서 다리 모으기,20220930,하지의 근,앉아서 다리 모으기,1.968,,mp4,0AUDLJ08S_00194.mp4,Adductors,http://openapi.kspo.or.kr/web/image/0AUDLJ08S_00194/,1,동영상,
모음근,,http://openapi.kspo.or.kr/web/video/,"실내에서 할 수 있는 운동 중, 앉아서 다리 모으기운동을 설명한 운동처방 동영상",6978616,29.96,226,1280*720,헬스기구,공통,117,,0AUDLJ08S_00194_SC_00002.jpeg,내전근,2021,헬스장,44,안쪽 넓적다리,한국어,앉아서 다리 모으기,20220930,하지의 근,앉아서 다리 모으기,3.903,,mp4,0AUDLJ08S_00194.mp4,Adductors,http://openapi.kspo.or.kr/web/image/0AUDLJ08S_00194/,2,동영상,
모음근,,http://openapi.kspo.or.kr/web/video/,"실내에서 할 수 있는 운동 중, 앉아서 다리 모으기운동을 설명한 운동처방 동영상",6978616,29.96,227,1280*720,헬스기구,공통,146,,0AUDLJ08S_00194_SC_00003.jpeg,내전근,2021,헬스장,44,안쪽 넓적다리,한국어,앉아서 다리 모으기,20220930,하지의 근,앉아서 다리 모으기,4.871,,mp4,0AUDLJ08S_00194.mp4,Adductors,http://openapi.kspo.or.kr/web/image/0AUDLJ08S_00194/,3,동영상,
모음근,,http://openapi.kspo.or.kr/web/video/,"실내에서 할 수 있는 운동 중, 앉아서 다리 모으기운동을 설명한 운동처방 동영상",6978616,29.96,228,1280*720,헬스기구,공통,291,,0AUDLJ08S_00194_SC_00004.jpeg,내전근,2021,헬스장,44,안쪽 넓적다리,한국어,앉아서 다리 모으기,20220930,하지의 근,앉아서 다리 모으기,9.709,,mp4,0AUDLJ08S_00194.mp4,Adductors,http://openapi.kspo.or.kr/web/image/0AUDLJ08S_00194/,4,동영상,
모음근,,http://openapi.kspo.or.kr/web/video/,"실내에서 할 수 있는 운동 중, 앉아서 다리 모으기운동을 설명한 운동처방 동영상",6978616,29.96,229,1280*720,헬스기구,공통,320,,0AUDLJ08S_00194_SC_00005.jpeg,내전근,2021,헬스장,44,안쪽 넓적다리,한국어,앉아서 다리 모으기,20220930,하지의 근,앉아서 다리 모으기,10.677,,mp4,0AUDLJ08S_00194.mp4,Adductors,http://openapi.kspo.or.kr/web/image/0AUDLJ08S_00194/,5,동영상,
모음근,,http://openapi.kspo.or.kr/web/video/,"실내에서 할 수 있는 운동 중, 앉아서 다리 모으기운동을 설명한 운동처방 동영상",6978616,29.96,230,1280*720,헬스기구,공통,349,,0AUDLJ08S_00194_SC_00006.jpeg,내전근,2021,헬스장,44,안쪽 넓적다리,한국어,앉아서 다리 모으기,20220930,하지의 근,앉아서 다리 모으기,11.644,,mp4,0AUDLJ08S_00194.mp4,Adductors,http://openapi.kspo.or.kr/web/image/0AUDLJ08S_00194/,6,동영상,
모음근,,http://openapi.kspo.or.kr/web/video/,"실내에서 할 수 있는 운동 중, 앉아서 다리 모으기운동을 설명한 운동처방 동영상",6978616,29.96,231,1280*720,헬스기구,공통,407,,0AUDLJ08S_00194_SC_00007.jpeg,내전근,2021,헬스장,44,안쪽 넓적다리,한국어,앉아서 다리 모으기,20220930,하지의 근,앉아서 다리 모으기,13.58,,mp4,0AUDLJ08S_00194.mp4,Adductors,http://openapi.kspo.or.kr/web/image/0AUDLJ08S_00194/,7,동영상,
모음근,,http://openapi.kspo.or.kr/web/video/,"실내에서 할 수 있는 운동 중, 앉아서 다리 모으기운동을 설명한 운동처방 동영상",6978616,29.96,232,1280*720,헬스기구,공통,465,,0AUDLJ08S_00194_SC_00008.jpeg,내전근,2021,헬스장,44,안쪽 넓적다리,한국어,앉아서 다리 모으기,20220930,하지의 근,앉아서 다리 모으기,15.515,,mp4,0AUDLJ08S_00194.mp4,Adductors,http://openapi.kspo.or.kr/web/image/0AUDLJ08S_00194/,8,동영상,
모음근,,http://openapi.kspo.or.kr/web/video/,"실내에서 할 수 있는 운동 중, 앉아서 다리 모으기운동을 설명한 운동처방 동영상",6978616,29.96,233,1280*720,헬스기구,공통,494,,0AUDLJ08S_00194_SC_00009.jpeg,내전근,2021,헬스장,44,안쪽 넓적다리,한국어,앉아서 다리 모으기,20220930,하지의 근,앉아서 다리 모으기,16.483,,mp4,0AUDLJ08S_00194.mp4,Adductors,http://openapi.kspo.or.kr/web/image/0AUDLJ08S_00194/,9,동영상,
모음근,,http://openapi.kspo.or.kr/web/video/,"실내에서 할 수 있는 운동 중, 앉아서 다리 모으기운동을 설명한 운동처방 동영상",6978616,29.96,234,1280*720,헬스기구,공통,610,,0AUDLJ08S_00194_SC_00010.jpeg,내전근,2021,헬스장,44,안쪽 넓적다리,한국어,앉아서 다리 모으기,20220930,하지의 근,앉아서 다리 모으기,20.353,,mp4,0AUDLJ08S_00194.mp4,Adductors,http://openapi.kspo.or.kr/web/image/0AUDLJ08S_00194/,10,동영상,
모음근,,http://openapi.kspo.or.kr/web/video/,"실내에서 할 수 있는 운동 중, 앉아서 다리 모으기운동을 설명한 운동처방 동영상",6978616,29.96,235,1280*720,헬스기구,공통,871,,0AUDLJ08S_00194_SC_00011.jpeg,내전근,2021,헬스장,44,안쪽 넓적다리,한국어,앉아서 다리 모으기,20220930,하지의 근,앉아서 다리 모으기,29.062,,mp4,0AUDLJ08S_00194.mp4,Adductors,http://openapi.kspo.or.kr/web/image/0AUDLJ08S_00194/,11,동영상,
모음근,,http://openapi.kspo.or.kr/web/video/,"실내에서 할 수 있는 운동 중, 앉아서 다리 모으기운동을 설명한 운동처방 동영상",6978616,29.96,236,1280*720,헬스기구,공통,987,,0AUDLJ08S_00194_SC_00012.jpeg,내전근,2021,헬스장,44,안쪽 넓적다리,한국어,앉아서 다리 모으기,20220930,하지의 근,앉아서 다리 모으기,32.932,,mp4,0AUDLJ08S_00194.mp4,Adductors,http://openapi.kspo.or.kr/web/image/0AUDLJ08S_00194/,12,동영상,
모음근,,http://openapi.kspo.or.kr/web/video/,"실내에서 할 수 있는 운동 중, 앉아서 다리 모으기운동을 설명한 운동처방 동영상",6978616,29.96,237,1280*720,헬스기구,공통,1016,,0AUDLJ08S_00194_SC_00013.jpeg,내전근,2021,헬스장,44,안쪽 넓적다리,한국어,앉아서 다리 모으기,20220930,하지의 근,앉아서 다리 모으기,33.9,,mp4,0AUDLJ08S_00194.mp4,Adductors,http://openapi.kspo.or.kr/web/image/0AUDLJ08S_00194/,13,동영상,
모음근,,http://openapi.kspo.or.kr/web/video/,"실내에서 할 수 있는 운동 중, 앉아서 다리 모으기운동을 설명한 운동처방 동영상",6978616,29.96,238,1280*720,헬스기구,공통,1045,,0AUDLJ08S_00194_SC_00014.jpeg,내전근,2021,헬스장,44,안쪽 넓적다리,한국어,앉아서 다리 모으기,20220930,하지의 근,앉아서 다리 모으기,34.868,,mp4,0AUDLJ08S_00194.mp4,Adductors,http://openapi.kspo.or.kr/web/image/0AUDLJ08S_00194/,14,동영상,
모음근,,http://openapi.kspo.or.kr/web/video/,"실내에서 할 수 있는 운동 중, 앉아서 다리 모으기운동을 설명한 운동처방 동영상",6978616,29.96,239,1280*720,헬스기구,공통,1074,,0AUDLJ08S_00194_SC_00015.jpeg,내전근,2021,헬스장,44,안쪽 넓적다리,한국어,앉아서 다리 모으기,20220930,하지의 근,앉아서 다리 모으기,35.835,,mp4,0AUDLJ08S_00194.mp4,Adductors,http://openapi.kspo.or.kr/web/image/0AUDLJ08S_00194/,15,동영상,
모음근,,http://openapi.kspo.or.kr/web/video/,"실내에서 할 수 있는 운동 중, 앉아서 다리 모으기운동을 설명한 운동처방 동영상",6978616,29.96,240,1280*720,헬스기구,공통,1132,,0AUDLJ08S_00194_SC_00016.jpeg,내전근,2021,헬스장,44,안쪽 넓적다리,한국어,앉아서 다리 모으기,20220930,하지의 근,앉아서 다리 모으기,37.771,,mp4,0AUDLJ08S_00194.mp4,Adductors,http://openapi.kspo.or.kr/web/image/0AUDLJ08S_00194/,16,동영상,
모음근,,http://openapi.kspo.or.kr/web/video/,"실내에서 할 수 있는 운동 중, 앉아서 다리 모으기운동을 설명한 운동처방 동영상",6978616,29.96,241,1280*720,헬스기구,공통,1248,,0AUDLJ08S_00194_SC_00017.jpeg,내전근,2021,헬스장,44,안쪽 넓적다리,한국어,앉아서 다리 모으기,20220930,하지의 근,앉아서 다리 모으기,41.641,,mp4,0AUDLJ08S_00194.mp4,Adductors,http://openapi.kspo.or.kr/web/image/0AUDLJ08S_00194/,17,동영상,
"중간볼기근,넙다리근막긴장근",,http://openapi.kspo.or.kr/web/video/,"실내에서 할 수 있는 운동 중, 앉아서 다리 벌리기운동을 설명한 운동처방 동영상",8891041,29.96,242,1280*720,헬스기구,공통,59,,0AUDLJ08S_00195_SC_00001.jpeg,"중둔근,대퇴근막장근",2021,헬스장,55,"엉덩이,바깥쪽 넓적다리",한국어,앉아서 다리 벌리기,20220930,"골반의 근,하지의 근",앉아서 다리 벌리기,1.968,,mp4,0AUDLJ08S_00195.mp4,"Gluteus Medius,Tensor Fasciae Latae",http://openapi.kspo.or.kr/web/image/0AUDLJ08S_00195/,1,동영상,
"중간볼기근,넙다리근막긴장근",,http://openapi.kspo.or.kr/web/video/,"실내에서 할 수 있는 운동 중, 앉아서 다리 벌리기운동을 설명한 운동처방 동영상",8891041,29.96,243,1280*720,헬스기구,공통,117,,0AUDLJ08S_00195_SC_00002.jpeg,"중둔근,대퇴근막장근",2021,헬스장,55,"엉덩이,바깥쪽 넓적다리",한국어,앉아서 다리 벌리기,20220930,"골반의 근,하지의 근",앉아서 다리 벌리기,3.903,,mp4,0AUDLJ08S_00195.mp4,"Gluteus Medius,Tensor Fasciae Latae",http://openapi.kspo.or.kr/web/image/0AUDLJ08S_00195/,2,동영상,
"중간볼기근,넙다리근막긴장근",,http://openapi.kspo.or.kr/web/video/,"실내에서 할 수 있는 운동 중, 앉아서 다리 벌리기운동을 설명한 운동처방 동영상",8891041,29.96,244,1280*720,헬스기구,공통,146,,0AUDLJ08S_00195_SC_00003.jpeg,"중둔근,대퇴근막장근",2021,헬스장,55,"엉덩이,바깥쪽 넓적다리",한국어,앉아서 다리 벌리기,20220930,"골반의 근,하지의 근",앉아서 다리 벌리기,4.871,,mp4,0AUDLJ08S_00195.mp4,"Gluteus Medius,Tensor Fasciae Latae",http://openapi.kspo.or.kr/web/image/0AUDLJ08S_00195/,3,동영상,
"중간볼기근,넙다리근막긴장근",,http://openapi.kspo.or.kr/web/video/,"실내에서 할 수 있는 운동 중, 앉아서 다리 벌리기운동을 설명한 운동처방 동영상",8891041,29.96,245,1280*720,헬스기구,공통,436,,0AUDLJ08S_00195_SC_00004.jpeg,"중둔근,대퇴근막장근",2021,헬스장,55,"엉덩이,바깥쪽 넓적다리",한국어,앉아서 다리 벌리기,20220930,"골반의 근,하지의 근",앉아서 다리 벌리기,14.547,,mp4,0AUDLJ08S_00195.mp4,"Gluteus Medius,Tensor Fasciae Latae",http://openapi.kspo.or.kr/web/image/0AUDLJ08S_00195/,4,동영상,
"중간볼기근,넙다리근막긴장근",,http://openapi.kspo.or.kr/web/video/,"실내에서 할 수 있는 운동 중, 앉아서 다리 벌리기운동을 설명한 운동처방 동영상",8891041,29.96,246,1280*720,헬스기구,공통,552,,0AUDLJ08S_00195_SC_00005.jpeg,"중둔근,대퇴근막장근",2021,헬스장,55,"엉덩이,바깥쪽 넓적다리",한국어,앉아서 다리 벌리기,20220930,"골반의 근,하지의 근",앉아서 다리 벌리기,18.418,,mp4,0AUDLJ08S_00195.mp4,"Gluteus Medius,Tensor Fasciae Latae",http://openapi.kspo.or.kr/web/image/0AUDLJ08S_00195/,5,동영상,
궁둥구멍근,,http://openapi.kspo.or.kr/web/video/,"소도구를 활용한 근육 완화 운동 중, 공을 활용한 운동처방 동영상",53242921,29.96,247,1280*720,테니스공,공통,1712,,0AUDLJ08S_01017_SC_00007.jpeg,이상근,2021,실내,331,엉덩이,한국어,허리,20221004,골반의 근,테니스공을 활용한 뭉친근육 완화 운동,57.123,,mp4,0AUDLJ08S_01017.mp4,Piriformis,http://openapi.kspo.or.kr/web/image/0AUDLJ08S_01017/,7,동영상,
"중간볼기근,넙다리근막긴장근",,http://openapi.kspo.or.kr/web/video/,"실내에서 할 수 있는 운동 중, 앉아서 다리 벌리기운동을 설명한 운동처방 동영상",8891041,29.96,248,1280*720,헬스기구,공통,581,,0AUDLJ08S_00195_SC_00006.jpeg,"중둔근,대퇴근막장근",2021,헬스장,55,"엉덩이,바깥쪽 넓적다리",한국어,앉아서 다리 벌리기,20220930,"골반의 근,하지의 근",앉아서 다리 벌리기,19.386,,mp4,0AUDLJ08S_00195.mp4,"Gluteus Medius,Tensor Fasciae Latae",http://openapi.kspo.or.kr/web/image/0AUDLJ08S_00195/,6,동영상,
"중간볼기근,넙다리근막긴장근",,http://openapi.kspo.or.kr/web/video/,"실내에서 할 수 있는 운동 중, 앉아서 다리 벌리기운동을 설명한 운동처방 동영상",8891041,29.96,249,1280*720,헬스기구,공통,639,,0AUDLJ08S_00195_SC_00007.jpeg,"중둔근,대퇴근막장근",2021,헬스장,55,"엉덩이,바깥쪽 넓적다리",한국어,앉아서 다리 벌리기,20220930,"골반의 근,하지의 근",앉아서 다리 벌리기,21.321,,mp4,0AUDLJ08S_00195.mp4,"Gluteus Medius,Tensor Fasciae Latae",http://openapi.kspo.or.kr/web/image/0AUDLJ08S_00195/,7,동영상,
"중간볼기근,넙다리근막긴장근",,http://openapi.kspo.or.kr/web/video/,"실내에서 할 수 있는 운동 중, 앉아서 다리 벌리기운동을 설명한 운동처방 동영상",8891041,29.96,250,1280*720,헬스기구,공통,668,,0AUDLJ08S_00195_SC_00008.jpeg,"중둔근,대퇴근막장근",2021,헬스장,55,"엉덩이,바깥쪽 넓적다리",한국어,앉아서 다리 벌리기,20220930,"골반의 근,하지의 근",앉아서 다리 벌리기,22.288,,mp4,0AUDLJ08S_00195.mp4,"Gluteus Medius,Tensor Fasciae Latae",http://openapi.kspo.or.kr/web/image/0AUDLJ08S_00195/,8,동영상,
"중간볼기근,넙다리근막긴장근",,http://openapi.kspo.or.kr/web/video/,"실내에서 할 수 있는 운동 중, 앉아서 다리 벌리기운동을 설명한 운동처방 동영상",8891041,29.96,251,1280*720,헬스기구,공통,726,,0AUDLJ08S_00195_SC_00009.jpeg,"중둔근,대퇴근막장근",2021,헬스장,55,"엉덩이,바깥쪽 넓적다리",한국어,앉아서 다리 벌리기,20220930,"골반의 근,하지의 근",앉아서 다리 벌리기,24.224,,mp4,0AUDLJ08S_00195.mp4,"Gluteus Medius,Tensor Fasciae Latae",http://openapi.kspo.or.kr/web/image/0AUDLJ08S_00195/,9,동영상,
"중간볼기근,넙다리근막긴장근",,http://openapi.kspo.or.kr/web/video/,"실내에서 할 수 있는 운동 중, 앉아서 다리 벌리기운동을 설명한 운동처방 동영상",8891041,29.96,252,1280*720,헬스기구,공통,813,,0AUDLJ08S_00195_SC_00010.jpeg,"중둔근,대퇴근막장근",2021,헬스장,55,"엉덩이,바깥쪽 넓적다리",한국어,앉아서 다리 벌리기,20220930,"골반의 근,하지의 근",앉아서 다리 벌리기,27.127,,mp4,0AUDLJ08S_00195.mp4,"Gluteus Medius,Tensor Fasciae Latae",http://openapi.kspo.or.kr/web/image/0AUDLJ08S_00195/,10,동영상,
"중간볼기근,넙다리근막긴장근",,http://openapi.kspo.or.kr/web/video/,"실내에서 할 수 있는 운동 중, 앉아서 다리 벌리기운동을 설명한 운동처방 동영상",8891041,29.96,253,1280*720,헬스기구,공통,1132,,0AUDLJ08S_00195_SC_00011.jpeg,"중둔근,대퇴근막장근",2021,헬스장,55,"엉덩이,바깥쪽 넓적다리",한국어,앉아서 다리 벌리기,20220930,"골반의 근,하지의 근",앉아서 다리 벌리기,37.771,,mp4,0AUDLJ08S_00195.mp4,"Gluteus Medius,Tensor Fasciae Latae",http://openapi.kspo.or.kr/web/image/0AUDLJ08S_00195/,11,동영상,
"중간볼기근,넙다리근막긴장근",,http://openapi.kspo.or.kr/web/video/,"실내에서 할 수 있는 운동 중, 앉아서 다리 벌리기운동을 설명한 운동처방 동영상",8891041,29.96,254,1280*720,헬스기구,공통,1219,,0AUDLJ08S_00195_SC_00012.jpeg,"중둔근,대퇴근막장근",2021,헬스장,55,"엉덩이,바깥쪽 넓적다리",한국어,앉아서 다리 벌리기,20220930,"골반의 근,하지의 근",앉아서 다리 벌리기,40.674,,mp4,0AUDLJ08S_00195.mp4,"Gluteus Medius,Tensor Fasciae Latae",http://openapi.kspo.or.kr/web/image/0AUDLJ08S_00195/,12,동영상,
"중간볼기근,넙다리근막긴장근",,http://openapi.kspo.or.kr/web/video/,"실내에서 할 수 있는 운동 중, 앉아서 다리 벌리기운동을 설명한 운동처방 동영상",8891041,29.96,255,1280*720,헬스기구,공통,1277,,0AUDLJ08S_00195_SC_00013.jpeg,"중둔근,대퇴근막장근",2021,헬스장,55,"엉덩이,바깥쪽 넓적다리",한국어,앉아서 다리 벌리기,20220930,"골반의 근,하지의 근",앉아서 다리 벌리기,42.609,,mp4,0AUDLJ08S_00195.mp4,"Gluteus Medius,Tensor Fasciae Latae",http://openapi.kspo.or.kr/web/image/0AUDLJ08S_00195/,13,동영상,
"중간볼기근,넙다리근막긴장근",,http://openapi.kspo.or.kr/web/video/,"실내에서 할 수 있는 운동 중, 앉아서 다리 벌리기운동을 설명한 운동처방 동영상",8891041,29.96,256,1280*720,헬스기구,공통,1306,,0AUDLJ08S_00195_SC_00014.jpeg,"중둔근,대퇴근막장근",2021,헬스장,55,"엉덩이,바깥쪽 넓적다리",한국어,앉아서 다리 벌리기,20220930,"골반의 근,하지의 근",앉아서 다리 벌리기,43.576,,mp4,0AUDLJ08S_00195.mp4,"Gluteus Medius,Tensor Fasciae Latae",http://openapi.kspo.or.kr/web/image/0AUDLJ08S_00195/,14,동영상,
"중간볼기근,넙다리근막긴장근",,http://openapi.kspo.or.kr/web/video/,"실내에서 할 수 있는 운동 중, 앉아서 다리 벌리기운동을 설명한 운동처방 동영상",8891041,29.96,257,1280*720,헬스기구,공통,1335,,0AUDLJ08S_00195_SC_00015.jpeg,"중둔근,대퇴근막장근",2021,헬스장,55,"엉덩이,바깥쪽 넓적다리",한국어,앉아서 다리 벌리기,20220930,"골반의 근,하지의 근",앉아서 다리 벌리기,44.544,,mp4,0AUDLJ08S_00195.mp4,"Gluteus Medius,Tensor Fasciae Latae",http://openapi.kspo.or.kr/web/image/0AUDLJ08S_00195/,15,동영상,
"중간볼기근,넙다리근막긴장근",,http://openapi.kspo.or.kr/web/video/,"실내에서 할 수 있는 운동 중, 앉아서 다리 벌리기운동을 설명한 운동처방 동영상",8891041,29.96,258,1280*720,헬스기구,공통,1364,,0AUDLJ08S_00195_SC_00016.jpeg,"중둔근,대퇴근막장근",2021,헬스장,55,"엉덩이,바깥쪽 넓적다리",한국어,앉아서 다리 벌리기,20220930,"골반의 근,하지의 근",앉아서 다리 벌리기,45.512,,mp4,0AUDLJ08S_00195.mp4,"Gluteus Medius,Tensor Fasciae Latae",http://openapi.kspo.or.kr/web/image/0AUDLJ08S_00195/,16,동영상,
"중간볼기근,넙다리근막긴장근",,http://openapi.kspo.or.kr/web/video/,"실내에서 할 수 있는 운동 중, 앉아서 다리 벌리기운동을 설명한 운동처방 동영상",8891041,29.96,259,1280*720,헬스기구,공통,1393,,0AUDLJ08S_00195_SC_00017.jpeg,"중둔근,대퇴근막장근",2021,헬스장,55,"엉덩이,바깥쪽 넓적다리",한국어,앉아서 다리 벌리기,20220930,"골반의 근,하지의 근",앉아서 다리 벌리기,46.479,,mp4,0AUDLJ08S_00195.mp4,"Gluteus Medius,Tensor Fasciae Latae",http://openapi.kspo.or.kr/web/image/0AUDLJ08S_00195/,17,동영상,
"중간볼기근,넙다리근막긴장근",,http://openapi.kspo.or.kr/web/video/,"실내에서 할 수 있는 운동 중, 앉아서 다리 벌리기운동을 설명한 운동처방 동영상",8891041,29.96,260,1280*720,헬스기구,공통,1422,,0AUDLJ08S_00195_SC_00018.jpeg,"중둔근,대퇴근막장근",2021,헬스장,55,"엉덩이,바깥쪽 넓적다리",한국어,앉아서 다리 벌리기,20220930,"골반의 근,하지의 근",앉아서 다리 벌리기,47.447,,mp4,0AUDLJ08S_00195.mp4,"Gluteus Medius,Tensor Fasciae Latae",http://openapi.kspo.or.kr/web/image/0AUDLJ08S_00195/,18,동영상,
"중간볼기근,넙다리근막긴장근",,http://openapi.kspo.or.kr/web/video/,"실내에서 할 수 있는 운동 중, 앉아서 다리 벌리기운동을 설명한 운동처방 동영상",8891041,29.96,261,1280*720,헬스기구,공통,1451,,0AUDLJ08S_00195_SC_00019.jpeg,"중둔근,대퇴근막장근",2021,헬스장,55,"엉덩이,바깥쪽 넓적다리",한국어,앉아서 다리 벌리기,20220930,"골반의 근,하지의 근",앉아서 다리 벌리기,48.415,,mp4,0AUDLJ08S_00195.mp4,"Gluteus Medius,Tensor Fasciae Latae",http://openapi.kspo.or.kr/web/image/0AUDLJ08S_00195/,19,동영상,
"중간볼기근,넙다리근막긴장근",,http://openapi.kspo.or.kr/web/video/,"실내에서 할 수 있는 운동 중, 앉아서 다리 벌리기운동을 설명한 운동처방 동영상",8891041,29.96,262,1280*720,헬스기구,공통,1480,,0AUDLJ08S_00195_SC_00020.jpeg,"중둔근,대퇴근막장근",2021,헬스장,55,"엉덩이,바깥쪽 넓적다리",한국어,앉아서 다리 벌리기,20220930,"골반의 근,하지의 근",앉아서 다리 벌리기,49.382,,mp4,0AUDLJ08S_00195.mp4,"Gluteus Medius,Tensor Fasciae Latae",http://openapi.kspo.or.kr/web/image/0AUDLJ08S_00195/,20,동영상,
넓은등근,,http://openapi.kspo.or.kr/web/video/,"실내에서 할 수 있는 운동 중, 앉아서 당겨 내리기운동을 설명한 운동처방 동영상",10582082,29.96,263,1280*720,헬스기구,공통,1045,,0AUDLJ08S_00196_SC_00010.jpeg,광배근,2021,헬스장,66,등,한국어,앉아서 당겨 내리기,20220930,등과 허리의 근,앉아서 당겨 내리기,34.868,,mp4,0AUDLJ08S_00196.mp4,Latissimus Dorsi,http://openapi.kspo.or.kr/web/image/0AUDLJ08S_00196/,10,동영상,
넓은등근,,http://openapi.kspo.or.kr/web/video/,"실내에서 할 수 있는 운동 중, 앉아서 당겨 내리기운동을 설명한 운동처방 동영상",10582082,29.96,264,1280*720,헬스기구,공통,117,,0AUDLJ08S_00196_SC_00001.jpeg,광배근,2021,헬스장,66,등,한국어,앉아서 당겨 내리기,20220930,등과 허리의 근,앉아서 당겨 내리기,3.903,,mp4,0AUDLJ08S_00196.mp4,Latissimus Dorsi,http://openapi.kspo.or.kr/web/image/0AUDLJ08S_00196/,1,동영상,
넓은등근,,http://openapi.kspo.or.kr/web/video/,"실내에서 할 수 있는 운동 중, 앉아서 당겨 내리기운동을 설명한 운동처방 동영상",10582082,29.96,265,1280*720,헬스기구,공통,146,,0AUDLJ08S_00196_SC_00002.jpeg,광배근,2021,헬스장,66,등,한국어,앉아서 당겨 내리기,20220930,등과 허리의 근,앉아서 당겨 내리기,4.871,,mp4,0AUDLJ08S_00196.mp4,Latissimus Dorsi,http://openapi.kspo.or.kr/web/image/0AUDLJ08S_00196/,2,동영상,
넓은등근,,http://openapi.kspo.or.kr/web/video/,"실내에서 할 수 있는 운동 중, 앉아서 당겨 내리기운동을 설명한 운동처방 동영상",10582082,29.96,266,1280*720,헬스기구,공통,523,,0AUDLJ08S_00196_SC_00003.jpeg,광배근,2021,헬스장,66,등,한국어,앉아서 당겨 내리기,20220930,등과 허리의 근,앉아서 당겨 내리기,17.45,,mp4,0AUDLJ08S_00196.mp4,Latissimus Dorsi,http://openapi.kspo.or.kr/web/image/0AUDLJ08S_00196/,3,동영상,
넓은등근,,http://openapi.kspo.or.kr/web/video/,"실내에서 할 수 있는 운동 중, 앉아서 당겨 내리기운동을 설명한 운동처방 동영상",10582082,29.96,267,1280*720,헬스기구,공통,581,,0AUDLJ08S_00196_SC_00004.jpeg,광배근,2021,헬스장,66,등,한국어,앉아서 당겨 내리기,20220930,등과 허리의 근,앉아서 당겨 내리기,19.386,,mp4,0AUDLJ08S_00196.mp4,Latissimus Dorsi,http://openapi.kspo.or.kr/web/image/0AUDLJ08S_00196/,4,동영상,
넓은등근,,http://openapi.kspo.or.kr/web/video/,"실내에서 할 수 있는 운동 중, 앉아서 당겨 내리기운동을 설명한 운동처방 동영상",10582082,29.96,268,1280*720,헬스기구,공통,639,,0AUDLJ08S_00196_SC_00005.jpeg,광배근,2021,헬스장,66,등,한국어,앉아서 당겨 내리기,20220930,등과 허리의 근,앉아서 당겨 내리기,21.321,,mp4,0AUDLJ08S_00196.mp4,Latissimus Dorsi,http://openapi.kspo.or.kr/web/image/0AUDLJ08S_00196/,5,동영상,
넓은등근,,http://openapi.kspo.or.kr/web/video/,"실내에서 할 수 있는 운동 중, 앉아서 당겨 내리기운동을 설명한 운동처방 동영상",10582082,29.96,269,1280*720,헬스기구,공통,668,,0AUDLJ08S_00196_SC_00006.jpeg,광배근,2021,헬스장,66,등,한국어,앉아서 당겨 내리기,20220930,등과 허리의 근,앉아서 당겨 내리기,22.288,,mp4,0AUDLJ08S_00196.mp4,Latissimus Dorsi,http://openapi.kspo.or.kr/web/image/0AUDLJ08S_00196/,6,동영상,
넓은등근,,http://openapi.kspo.or.kr/web/video/,"실내에서 할 수 있는 운동 중, 앉아서 당겨 내리기운동을 설명한 운동처방 동영상",10582082,29.96,270,1280*720,헬스기구,공통,697,,0AUDLJ08S_00196_SC_00007.jpeg,광배근,2021,헬스장,66,등,한국어,앉아서 당겨 내리기,20220930,등과 허리의 근,앉아서 당겨 내리기,23.256,,mp4,0AUDLJ08S_00196.mp4,Latissimus Dorsi,http://openapi.kspo.or.kr/web/image/0AUDLJ08S_00196/,7,동영상,
넓은등근,,http://openapi.kspo.or.kr/web/video/,"실내에서 할 수 있는 운동 중, 앉아서 당겨 내리기운동을 설명한 운동처방 동영상",10582082,29.96,271,1280*720,헬스기구,공통,784,,0AUDLJ08S_00196_SC_00008.jpeg,광배근,2021,헬스장,66,등,한국어,앉아서 당겨 내리기,20220930,등과 허리의 근,앉아서 당겨 내리기,26.159,,mp4,0AUDLJ08S_00196.mp4,Latissimus Dorsi,http://openapi.kspo.or.kr/web/image/0AUDLJ08S_00196/,8,동영상,
넓은등근,,http://openapi.kspo.or.kr/web/video/,"실내에서 할 수 있는 운동 중, 앉아서 당겨 내리기운동을 설명한 운동처방 동영상",10582082,29.96,272,1280*720,헬스기구,공통,813,,0AUDLJ08S_00196_SC_00009.jpeg,광배근,2021,헬스장,66,등,한국어,앉아서 당겨 내리기,20220930,등과 허리의 근,앉아서 당겨 내리기,27.127,,mp4,0AUDLJ08S_00196.mp4,Latissimus Dorsi,http://openapi.kspo.or.kr/web/image/0AUDLJ08S_00196/,9,동영상,
넓은등근,,http://openapi.kspo.or.kr/web/video/,"실내에서 할 수 있는 운동 중, 앉아서 당겨 내리기운동을 설명한 운동처방 동영상",10582082,29.96,273,1280*720,헬스기구,공통,1393,,0AUDLJ08S_00196_SC_00011.jpeg,광배근,2021,헬스장,66,등,한국어,앉아서 당겨 내리기,20220930,등과 허리의 근,앉아서 당겨 내리기,46.479,,mp4,0AUDLJ08S_00196.mp4,Latissimus Dorsi,http://openapi.kspo.or.kr/web/image/0AUDLJ08S_00196/,11,동영상,
넓은등근,,http://openapi.kspo.or.kr/web/video/,"실내에서 할 수 있는 운동 중, 앉아서 당겨 내리기운동을 설명한 운동처방 동영상",10582082,29.96,274,1280*720,헬스기구,공통,1451,,0AUDLJ08S_00196_SC_00012.jpeg,광배근,2021,헬스장,66,등,한국어,앉아서 당겨 내리기,20220930,등과 허리의 근,앉아서 당겨 내리기,48.415,,mp4,0AUDLJ08S_00196.mp4,Latissimus Dorsi,http://openapi.kspo.or.kr/web/image/0AUDLJ08S_00196/,12,동영상,
넓은등근,,http://openapi.kspo.or.kr/web/video/,"실내에서 할 수 있는 운동 중, 앉아서 당겨 내리기운동을 설명한 운동처방 동영상",10582082,29.96,275,1280*720,헬스기구,공통,1480,,0AUDLJ08S_00196_SC_00013.jpeg,광배근,2021,헬스장,66,등,한국어,앉아서 당겨 내리기,20220930,등과 허리의 근,앉아서 당겨 내리기,49.382,,mp4,0AUDLJ08S_00196.mp4,Latissimus Dorsi,http://openapi.kspo.or.kr/web/image/0AUDLJ08S_00196/,13,동영상,
넓은등근,,http://openapi.kspo.or.kr/web/video/,"실내에서 할 수 있는 운동 중, 앉아서 당겨 내리기운동을 설명한 운동처방 동영상",10582082,29.96,276,1280*720,헬스기구,공통,1509,,0AUDLJ08S_00196_SC_00014.jpeg,광배근,2021,헬스장,66,등,한국어,앉아서 당겨 내리기,20220930,등과 허리의 근,앉아서 당겨 내리기,50.35,,mp4,0AUDLJ08S_00196.mp4,Latissimus Dorsi,http://openapi.kspo.or.kr/web/image/0AUDLJ08S_00196/,14,동영상,
넓은등근,,http://openapi.kspo.or.kr/web/video/,"실내에서 할 수 있는 운동 중, 앉아서 당겨 내리기운동을 설명한 운동처방 동영상",10582082,29.96,277,1280*720,헬스기구,공통,1567,,0AUDLJ08S_00196_SC_00015.jpeg,광배근,2021,헬스장,66,등,한국어,앉아서 당겨 내리기,20220930,등과 허리의 근,앉아서 당겨 내리기,52.285,,mp4,0AUDLJ08S_00196.mp4,Latissimus Dorsi,http://openapi.kspo.or.kr/web/image/0AUDLJ08S_00196/,15,동영상,
넓은등근,,http://openapi.kspo.or.kr/web/video/,"실내에서 할 수 있는 운동 중, 앉아서 당겨 내리기운동을 설명한 운동처방 동영상",10582082,29.96,278,1280*720,헬스기구,공통,1683,,0AUDLJ08S_00196_SC_00016.jpeg,광배근,2021,헬스장,66,등,한국어,앉아서 당겨 내리기,20220930,등과 허리의 근,앉아서 당겨 내리기,56.156,,mp4,0AUDLJ08S_00196.mp4,Latissimus Dorsi,http://openapi.kspo.or.kr/web/image/0AUDLJ08S_00196/,16,동영상,
넓은등근,,http://openapi.kspo.or.kr/web/video/,"실내에서 할 수 있는 운동 중, 앉아서 당겨 내리기운동을 설명한 운동처방 동영상",10582082,29.96,279,1280*720,헬스기구,공통,1712,,0AUDLJ08S_00196_SC_00017.jpeg,광배근,2021,헬스장,66,등,한국어,앉아서 당겨 내리기,20220930,등과 허리의 근,앉아서 당겨 내리기,57.123,,mp4,0AUDLJ08S_00196.mp4,Latissimus Dorsi,http://openapi.kspo.or.kr/web/image/0AUDLJ08S_00196/,17,동영상,
넓은등근,,http://openapi.kspo.or.kr/web/video/,"실내에서 할 수 있는 운동 중, 앉아서 당겨 내리기운동을 설명한 운동처방 동영상",10582082,29.96,280,1280*720,헬스기구,공통,1915,,0AUDLJ08S_00196_SC_00018.jpeg,광배근,2021,헬스장,66,등,한국어,앉아서 당겨 내리기,20220930,등과 허리의 근,앉아서 당겨 내리기,63.897,,mp4,0AUDLJ08S_00196.mp4,Latissimus Dorsi,http://openapi.kspo.or.kr/web/image/0AUDLJ08S_00196/,18,동영상,
"넓은등근,어깨세모근",,http://openapi.kspo.or.kr/web/video/,"실내에서 할 수 있는 운동 중, 앉아서 뒤로 당기기운동을 설명한 운동처방 동영상",10738242,29.96,281,1280*720,헬스기구,공통,117,,0AUDLJ08S_00197_SC_00001.jpeg,"광배근,삼각근",2021,헬스장,66,"등,바깥쪽 어깨",한국어,앉아서 뒤로 당기기,20220930,"등과 허리의 근,상지의 근",앉아서 뒤로 당기기,3.903,,mp4,0AUDLJ08S_00197.mp4,"Latissimus Dorsi,Deltoid",http://openapi.kspo.or.kr/web/image/0AUDLJ08S_00197/,1,동영상,
"넓은등근,어깨세모근",,http://openapi.kspo.or.kr/web/video/,"실내에서 할 수 있는 운동 중, 앉아서 뒤로 당기기운동을 설명한 운동처방 동영상",10738242,29.96,282,1280*720,헬스기구,공통,146,,0AUDLJ08S_00197_SC_00002.jpeg,"광배근,삼각근",2021,헬스장,66,"등,바깥쪽 어깨",한국어,앉아서 뒤로 당기기,20220930,"등과 허리의 근,상지의 근",앉아서 뒤로 당기기,4.871,,mp4,0AUDLJ08S_00197.mp4,"Latissimus Dorsi,Deltoid",http://openapi.kspo.or.kr/web/image/0AUDLJ08S_00197/,2,동영상,
"넓은등근,어깨세모근",,http://openapi.kspo.or.kr/web/video/,"실내에서 할 수 있는 운동 중, 앉아서 뒤로 당기기운동을 설명한 운동처방 동영상",10738242,29.96,283,1280*720,헬스기구,공통,697,,0AUDLJ08S_00197_SC_00003.jpeg,"광배근,삼각근",2021,헬스장,66,"등,바깥쪽 어깨",한국어,앉아서 뒤로 당기기,20220930,"등과 허리의 근,상지의 근",앉아서 뒤로 당기기,23.256,,mp4,0AUDLJ08S_00197.mp4,"Latissimus Dorsi,Deltoid",http://openapi.kspo.or.kr/web/image/0AUDLJ08S_00197/,3,동영상,
"넓은등근,어깨세모근",,http://openapi.kspo.or.kr/web/video/,"실내에서 할 수 있는 운동 중, 앉아서 뒤로 당기기운동을 설명한 운동처방 동영상",10738242,29.96,284,1280*720,헬스기구,공통,813,,0AUDLJ08S_00197_SC_00004.jpeg,"광배근,삼각근",2021,헬스장,66,"등,바깥쪽 어깨",한국어,앉아서 뒤로 당기기,20220930,"등과 허리의 근,상지의 근",앉아서 뒤로 당기기,27.127,,mp4,0AUDLJ08S_00197.mp4,"Latissimus Dorsi,Deltoid",http://openapi.kspo.or.kr/web/image/0AUDLJ08S_00197/,4,동영상,
척추세움근,,http://openapi.kspo.or.kr/web/video/,"실내에서 할 수 있는 운동 중, 몸통 들어올리기운동을 설명한 운동처방 동영상",8751840,29.96,285,1280*720,헬스기구,공통,59,,0AUDLJ08S_00198_SC_00001.jpeg,척추기립근,2021,헬스장,54,척추,한국어,몸통 들어올리기,20221111,등과 허리의 근,몸통 들어올리기,1.968,,mp4,0AUDLJ08S_00198.mp4,Erector Spinae,http://openapi.kspo.or.kr/web/image/0AUDLJ08S_00198/,1,동영상,
척추세움근,,http://openapi.kspo.or.kr/web/video/,"실내에서 할 수 있는 운동 중, 몸통 들어올리기운동을 설명한 운동처방 동영상",8751840,29.96,286,1280*720,헬스기구,공통,552,,0AUDLJ08S_00198_SC_00005.jpeg,척추기립근,2021,헬스장,54,척추,한국어,몸통 들어올리기,20221018,등과 허리의 근,몸통 들어올리기,18.418,,mp4,0AUDLJ08S_00198.mp4,Erector Spinae,http://openapi.kspo.or.kr/web/image/0AUDLJ08S_00198/,2,동영상,
척추세움근,,http://openapi.kspo.or.kr/web/video/,"실내에서 할 수 있는 운동 중, 몸통 들어올리기운동을 설명한 운동처방 동영상",8751840,29.96,287,1280*720,헬스기구,공통,668,,0AUDLJ08S_00198_SC_00006.jpeg,척추기립근,2021,헬스장,54,척추,한국어,몸통 들어올리기,20221018,등과 허리의 근,몸통 들어올리기,22.288,,mp4,0AUDLJ08S_00198.mp4,Erector Spinae,http://openapi.kspo.or.kr/web/image/0AUDLJ08S_00198/,3,동영상,
배곧은근,,http://openapi.kspo.or.kr/web/video/,"실내에서 할 수 있는 운동 중, 앉아서 몸통 움츠리기운동을 설명한 운동처방 동영상",8704329,29.96,288,1280*720,헬스기구,공통,59,,0AUDLJ08S_00199_SC_00001.jpeg,복직근,2021,헬스장,55,복부,한국어,앉아서 몸통 움츠리기,20220930,복부의 근,앉아서 몸통 움츠리기,1.968,,mp4,0AUDLJ08S_00199.mp4,Rectus Abdominis,http://openapi.kspo.or.kr/web/image/0AUDLJ08S_00199/,1,동영상,
배곧은근,,http://openapi.kspo.or.kr/web/video/,"실내에서 할 수 있는 운동 중, 앉아서 몸통 움츠리기운동을 설명한 운동처방 동영상",8704329,29.96,289,1280*720,헬스기구,공통,117,,0AUDLJ08S_00199_SC_00002.jpeg,복직근,2021,헬스장,55,복부,한국어,앉아서 몸통 움츠리기,20220930,복부의 근,앉아서 몸통 움츠리기,3.903,,mp4,0AUDLJ08S_00199.mp4,Rectus Abdominis,http://openapi.kspo.or.kr/web/image/0AUDLJ08S_00199/,2,동영상,
배곧은근,,http://openapi.kspo.or.kr/web/video/,"실내에서 할 수 있는 운동 중, 앉아서 몸통 움츠리기운동을 설명한 운동처방 동영상",8704329,29.96,290,1280*720,헬스기구,공통,146,,0AUDLJ08S_00199_SC_00003.jpeg,복직근,2021,헬스장,55,복부,한국어,앉아서 몸통 움츠리기,20220930,복부의 근,앉아서 몸통 움츠리기,4.871,,mp4,0AUDLJ08S_00199.mp4,Rectus Abdominis,http://openapi.kspo.or.kr/web/image/0AUDLJ08S_00199/,3,동영상,
배곧은근,,http://openapi.kspo.or.kr/web/video/,"실내에서 할 수 있는 운동 중, 앉아서 몸통 움츠리기운동을 설명한 운동처방 동영상",8704329,29.96,291,1280*720,헬스기구,공통,494,,0AUDLJ08S_00199_SC_00004.jpeg,복직근,2021,헬스장,55,복부,한국어,앉아서 몸통 움츠리기,20220930,복부의 근,앉아서 몸통 움츠리기,16.483,,mp4,0AUDLJ08S_00199.mp4,Rectus Abdominis,http://openapi.kspo.or.kr/web/image/0AUDLJ08S_00199/,4,동영상,
배곧은근,,http://openapi.kspo.or.kr/web/video/,"실내에서 할 수 있는 운동 중, 앉아서 몸통 움츠리기운동을 설명한 운동처방 동영상",8704329,29.96,292,1280*720,헬스기구,공통,581,,0AUDLJ08S_00199_SC_00005.jpeg,복직근,2021,헬스장,55,복부,한국어,앉아서 몸통 움츠리기,20220930,복부의 근,앉아서 몸통 움츠리기,19.386,,mp4,0AUDLJ08S_00199.mp4,Rectus Abdominis,http://openapi.kspo.or.kr/web/image/0AUDLJ08S_00199/,5,동영상,
배곧은근,,http://openapi.kspo.or.kr/web/video/,"실내에서 할 수 있는 운동 중, 앉아서 몸통 움츠리기운동을 설명한 운동처방 동영상",8704329,29.96,293,1280*720,헬스기구,공통,639,,0AUDLJ08S_00199_SC_00006.jpeg,복직근,2021,헬스장,55,복부,한국어,앉아서 몸통 움츠리기,20220930,복부의 근,앉아서 몸통 움츠리기,21.321,,mp4,0AUDLJ08S_00199.mp4,Rectus Abdominis,http://openapi.kspo.or.kr/web/image/0AUDLJ08S_00199/,6,동영상,
배곧은근,,http://openapi.kspo.or.kr/web/video/,"실내에서 할 수 있는 운동 중, 앉아서 몸통 움츠리기운동을 설명한 운동처방 동영상",8704329,29.96,294,1280*720,헬스기구,공통,871,,0AUDLJ08S_00199_SC_00007.jpeg,복직근,2021,헬스장,55,복부,한국어,앉아서 몸통 움츠리기,20220930,복부의 근,앉아서 몸통 움츠리기,29.062,,mp4,0AUDLJ08S_00199.mp4,Rectus Abdominis,http://openapi.kspo.or.kr/web/image/0AUDLJ08S_00199/,7,동영상,
배곧은근,,http://openapi.kspo.or.kr/web/video/,"실내에서 할 수 있는 운동 중, 앉아서 몸통 움츠리기운동을 설명한 운동처방 동영상",8704329,29.96,295,1280*720,헬스기구,공통,900,,0AUDLJ08S_00199_SC_00008.jpeg,복직근,2021,헬스장,55,복부,한국어,앉아서 몸통 움츠리기,20220930,복부의 근,앉아서 몸통 움츠리기,30.03,,mp4,0AUDLJ08S_00199.mp4,Rectus Abdominis,http://openapi.kspo.or.kr/web/image/0AUDLJ08S_00199/,8,동영상,
배곧은근,,http://openapi.kspo.or.kr/web/video/,"실내에서 할 수 있는 운동 중, 앉아서 몸통 움츠리기운동을 설명한 운동처방 동영상",8704329,29.96,296,1280*720,헬스기구,공통,1248,,0AUDLJ08S_00199_SC_00009.jpeg,복직근,2021,헬스장,55,복부,한국어,앉아서 몸통 움츠리기,20220930,복부의 근,앉아서 몸통 움츠리기,41.641,,mp4,0AUDLJ08S_00199.mp4,Rectus Abdominis,http://openapi.kspo.or.kr/web/image/0AUDLJ08S_00199/,9,동영상,
배곧은근,,http://openapi.kspo.or.kr/web/video/,"실내에서 할 수 있는 운동 중, 앉아서 몸통 움츠리기운동을 설명한 운동처방 동영상",8704329,29.96,297,1280*720,헬스기구,공통,1596,,0AUDLJ08S_00199_SC_00010.jpeg,복직근,2021,헬스장,55,복부,한국어,앉아서 몸통 움츠리기,20220930,복부의 근,앉아서 몸통 움츠리기,53.253,,mp4,0AUDLJ08S_00199.mp4,Rectus Abdominis,http://openapi.kspo.or.kr/web/image/0AUDLJ08S_00199/,10,동영상,
"큰가슴근,어깨세모근,위팔세갈래근",,http://openapi.kspo.or.kr/web/video/,"실내에서 할 수 있는 운동 중, 앉아서 밀기운동을 설명한 운동처방 동영상",8622232,29.96,298,1280*720,헬스기구,공통,90,,0AUDLJ08S_00200_FR_00002.jpeg,"대흉근,삼각근,상완삼두근",2021,헬스장,54,"가슴,바깥쪽 어깨,뒤쪽 위팔",한국어,앉아서 밀기,20221017,"가슴의 근,상지의 근,상지의 근",앉아서 밀기,3.003,,mp4,0AUDLJ08S_00200.mp4,"Pectoralis Major,Deltoid,Triceps Brachii",http://openapi.kspo.or.kr/web/image/0AUDLJ08S_00200/,1,동영상,
"큰가슴근,어깨세모근,위팔세갈래근",,http://openapi.kspo.or.kr/web/video/,"실내에서 할 수 있는 운동 중, 앉아서 밀기운동을 설명한 운동처방 동영상",8622232,29.96,299,1280*720,헬스기구,공통,639,,0AUDLJ08S_00200_SC_00003.jpeg,"대흉근,삼각근,상완삼두근",2021,헬스장,54,"가슴,바깥쪽 어깨,뒤쪽 위팔",한국어,앉아서 밀기,20221017,"가슴의 근,상지의 근,상지의 근",앉아서 밀기,21.321,,mp4,0AUDLJ08S_00200.mp4,"Pectoralis Major,Deltoid,Triceps Brachii",http://openapi.kspo.or.kr/web/image/0AUDLJ08S_00200/,2,동영상,
"큰가슴근,어깨세모근,위팔세갈래근",,http://openapi.kspo.or.kr/web/video/,"실내에서 할 수 있는 운동 중, 앉아서 밀기운동을 설명한 운동처방 동영상",8622232,29.96,300,1280*720,헬스기구,공통,929,,0AUDLJ08S_00200_SC_00006.jpeg,"대흉근,삼각근,상완삼두근",2021,헬스장,54,"가슴,바깥쪽 어깨,뒤쪽 위팔",한국어,앉아서 밀기,20221017,"가슴의 근,상지의 근,상지의 근",앉아서 밀기,30.997,,mp4,0AUDLJ08S_00200.mp4,"Pectoralis Major,Deltoid,Triceps Brachii",http://openapi.kspo.or.kr/web/image/0AUDLJ08S_00200/,3,동영상,
"큰가슴근,앞세모근,위팔세갈래근",,http://openapi.kspo.or.kr/web/video/,"실내에서 할 수 있는 운동 중, 누워서 밀기운동을 설명한 운동처방 동영상",10151962,29.96,301,1280*720,바벨,공통,90,,0AUDLJ08S_00201_FR_00002.jpeg,"대흉근,전면삼각근,상완삼두근",2021,헬스장,63,"가슴,앞쪽 어깨,뒤쪽 위팔",한국어,누워서 밀기,20221013,"가슴의 근,상지의 근,상지의 근",누워서 밀기,3.003,,mp4,0AUDLJ08S_00201.mp4,"Pectoralis Major,Anterior Deltoid,Triceps Brachii",http://openapi.kspo.or.kr/web/image/0AUDLJ08S_00201/,1,동영상,
"큰가슴근,앞세모근,위팔세갈래근",,http://openapi.kspo.or.kr/web/video/,"실내에서 할 수 있는 운동 중, 누워서 밀기운동을 설명한 운동처방 동영상",10151962,29.96,302,1280*720,바벨,공통,630,,0AUDLJ08S_00201_FR_00008.jpeg,"대흉근,전면삼각근,상완삼두근",2021,헬스장,63,"가슴,앞쪽 어깨,뒤쪽 위팔",한국어,누워서 밀기,20221013,"가슴의 근,상지의 근,상지의 근",누워서 밀기,21.021,,mp4,0AUDLJ08S_00201.mp4,"Pectoralis Major,Anterior Deltoid,Triceps Brachii",http://openapi.kspo.or.kr/web/image/0AUDLJ08S_00201/,2,동영상,
"큰가슴근,앞세모근,위팔세갈래근",,http://openapi.kspo.or.kr/web/video/,"실내에서 할 수 있는 운동 중, 누워서 밀기운동을 설명한 운동처방 동영상",10151962,29.96,303,1280*720,바벨,공통,813,,0AUDLJ08S_00201_SC_00007.jpeg,"대흉근,전면삼각근,상완삼두근",2021,헬스장,63,"가슴,앞쪽 어깨,뒤쪽 위팔",한국어,누워서 밀기,20221013,"가슴의 근,상지의 근,상지의 근",누워서 밀기,27.127,,mp4,0AUDLJ08S_00201.mp4,"Pectoralis Major,Anterior Deltoid,Triceps Brachii",http://openapi.kspo.or.kr/web/image/0AUDLJ08S_00201/,3,동영상,
"큰가슴근,어깨세모근,위팔세갈래근",,http://openapi.kspo.or.kr/web/video/,"실내에서 할 수 있는 운동 중, 비스듬히 누워서 밀기운동을 설명한 운동처방 동영상",9435256,29.96,304,1280*720,바벨,공통,90,,0AUDLJ08S_00202_FR_00002.jpeg,"대흉근,삼각근,상완삼두근",2021,헬스장,59,"가슴,바깥쪽 어깨,뒤쪽 위팔",한국어,비스듬히 누워서 밀기,20221016,"가슴의 근,상지의 근,상지의 근",비스듬히 누워서 밀기,3.003,,mp4,0AUDLJ08S_00202.mp4,"Pectoralis Major,Deltoid,Triceps Brachii",http://openapi.kspo.or.kr/web/image/0AUDLJ08S_00202/,1,동영상,
"큰가슴근,어깨세모근,위팔세갈래근",,http://openapi.kspo.or.kr/web/video/,"실내에서 할 수 있는 운동 중, 비스듬히 누워서 밀기운동을 설명한 운동처방 동영상",9435256,29.96,305,1280*720,바벨,공통,668,,0AUDLJ08S_00202_SC_00008.jpeg,"대흉근,삼각근,상완삼두근",2021,헬스장,59,"가슴,바깥쪽 어깨,뒤쪽 위팔",한국어,비스듬히 누워서 밀기,20221016,"가슴의 근,상지의 근,상지의 근",비스듬히 누워서 밀기,22.288,,mp4,0AUDLJ08S_00202.mp4,"Pectoralis Major,Deltoid,Triceps Brachii",http://openapi.kspo.or.kr/web/image/0AUDLJ08S_00202/,2,동영상,
"큰가슴근,어깨세모근,위팔세갈래근",,http://openapi.kspo.or.kr/web/video/,"실내에서 할 수 있는 운동 중, 비스듬히 누워서 밀기운동을 설명한 운동처방 동영상",9435256,29.96,306,1280*720,바벨,공통,1016,,0AUDLJ08S_00202_SC_00011.jpeg,"대흉근,삼각근,상완삼두근",2021,헬스장,59,"가슴,바깥쪽 어깨,뒤쪽 위팔",한국어,비스듬히 누워서 밀기,20221016,"가슴의 근,상지의 근,상지의 근",비스듬히 누워서 밀기,33.9,,mp4,0AUDLJ08S_00202.mp4,"Pectoralis Major,Deltoid,Triceps Brachii",http://openapi.kspo.or.kr/web/image/0AUDLJ08S_00202/,3,동영상,
큰가슴근,,http://openapi.kspo.or.kr/web/video/,"실내에서 할 수 있는 운동 중, 거꾸로 누워서 밀기운동을 설명한 운동처방 동영상",9422344,29.96,307,1280*720,바벨,공통,117,,0AUDLJ08S_00203_SC_00001.jpeg,대흉근,2021,헬스장,58,가슴,한국어,거꾸로 누워서 밀기,20220930,가슴의 근,거꾸로 누워서 밀기,3.903,,mp4,0AUDLJ08S_00203.mp4,Pectoralis Major,http://openapi.kspo.or.kr/web/image/0AUDLJ08S_00203/,1,동영상,
큰가슴근,,http://openapi.kspo.or.kr/web/video/,"실내에서 할 수 있는 운동 중, 거꾸로 누워서 밀기운동을 설명한 운동처방 동영상",9422344,29.96,308,1280*720,바벨,공통,146,,0AUDLJ08S_00203_SC_00002.jpeg,대흉근,2021,헬스장,58,가슴,한국어,거꾸로 누워서 밀기,20220930,가슴의 근,거꾸로 누워서 밀기,4.871,,mp4,0AUDLJ08S_00203.mp4,Pectoralis Major,http://openapi.kspo.or.kr/web/image/0AUDLJ08S_00203/,2,동영상,
큰가슴근,,http://openapi.kspo.or.kr/web/video/,"실내에서 할 수 있는 운동 중, 거꾸로 누워서 밀기운동을 설명한 운동처방 동영상",9422344,29.96,309,1280*720,바벨,공통,262,,0AUDLJ08S_00203_SC_00003.jpeg,대흉근,2021,헬스장,58,가슴,한국어,거꾸로 누워서 밀기,20220930,가슴의 근,거꾸로 누워서 밀기,8.742,,mp4,0AUDLJ08S_00203.mp4,Pectoralis Major,http://openapi.kspo.or.kr/web/image/0AUDLJ08S_00203/,3,동영상,
큰가슴근,,http://openapi.kspo.or.kr/web/video/,"실내에서 할 수 있는 운동 중, 거꾸로 누워서 밀기운동을 설명한 운동처방 동영상",9422344,29.96,310,1280*720,바벨,공통,320,,0AUDLJ08S_00203_SC_00004.jpeg,대흉근,2021,헬스장,58,가슴,한국어,거꾸로 누워서 밀기,20220930,가슴의 근,거꾸로 누워서 밀기,10.677,,mp4,0AUDLJ08S_00203.mp4,Pectoralis Major,http://openapi.kspo.or.kr/web/image/0AUDLJ08S_00203/,4,동영상,
큰가슴근,,http://openapi.kspo.or.kr/web/video/,"실내에서 할 수 있는 운동 중, 거꾸로 누워서 밀기운동을 설명한 운동처방 동영상",9422344,29.96,311,1280*720,바벨,공통,378,,0AUDLJ08S_00203_SC_00005.jpeg,대흉근,2021,헬스장,58,가슴,한국어,거꾸로 누워서 밀기,20220930,가슴의 근,거꾸로 누워서 밀기,12.612,,mp4,0AUDLJ08S_00203.mp4,Pectoralis Major,http://openapi.kspo.or.kr/web/image/0AUDLJ08S_00203/,5,동영상,
큰가슴근,,http://openapi.kspo.or.kr/web/video/,"실내에서 할 수 있는 운동 중, 거꾸로 누워서 밀기운동을 설명한 운동처방 동영상",9422344,29.96,312,1280*720,바벨,공통,407,,0AUDLJ08S_00203_SC_00006.jpeg,대흉근,2021,헬스장,58,가슴,한국어,거꾸로 누워서 밀기,20220930,가슴의 근,거꾸로 누워서 밀기,13.58,,mp4,0AUDLJ08S_00203.mp4,Pectoralis Major,http://openapi.kspo.or.kr/web/image/0AUDLJ08S_00203/,6,동영상,
큰가슴근,,http://openapi.kspo.or.kr/web/video/,"실내에서 할 수 있는 운동 중, 거꾸로 누워서 밀기운동을 설명한 운동처방 동영상",9422344,29.96,313,1280*720,바벨,공통,552,,0AUDLJ08S_00203_SC_00007.jpeg,대흉근,2021,헬스장,58,가슴,한국어,거꾸로 누워서 밀기,20220930,가슴의 근,거꾸로 누워서 밀기,18.418,,mp4,0AUDLJ08S_00203.mp4,Pectoralis Major,http://openapi.kspo.or.kr/web/image/0AUDLJ08S_00203/,7,동영상,
큰가슴근,,http://openapi.kspo.or.kr/web/video/,"실내에서 할 수 있는 운동 중, 거꾸로 누워서 밀기운동을 설명한 운동처방 동영상",9422344,29.96,314,1280*720,바벨,공통,755,,0AUDLJ08S_00203_SC_00008.jpeg,대흉근,2021,헬스장,58,가슴,한국어,거꾸로 누워서 밀기,20220930,가슴의 근,거꾸로 누워서 밀기,25.191,,mp4,0AUDLJ08S_00203.mp4,Pectoralis Major,http://openapi.kspo.or.kr/web/image/0AUDLJ08S_00203/,8,동영상,
큰가슴근,,http://openapi.kspo.or.kr/web/video/,"실내에서 할 수 있는 운동 중, 거꾸로 누워서 밀기운동을 설명한 운동처방 동영상",9422344,29.96,315,1280*720,바벨,공통,813,,0AUDLJ08S_00203_SC_00009.jpeg,대흉근,2021,헬스장,58,가슴,한국어,거꾸로 누워서 밀기,20220930,가슴의 근,거꾸로 누워서 밀기,27.127,,mp4,0AUDLJ08S_00203.mp4,Pectoralis Major,http://openapi.kspo.or.kr/web/image/0AUDLJ08S_00203/,9,동영상,
큰가슴근,,http://openapi.kspo.or.kr/web/video/,"실내에서 할 수 있는 운동 중, 거꾸로 누워서 밀기운동을 설명한 운동처방 동영상",9422344,29.96,316,1280*720,바벨,공통,958,,0AUDLJ08S_00203_SC_00010.jpeg,대흉근,2021,헬스장,58,가슴,한국어,거꾸로 누워서 밀기,20220930,가슴의 근,거꾸로 누워서 밀기,31.965,,mp4,0AUDLJ08S_00203.mp4,Pectoralis Major,http://openapi.kspo.or.kr/web/image/0AUDLJ08S_00203/,10,동영상,
큰가슴근,,http://openapi.kspo.or.kr/web/video/,"실내에서 할 수 있는 운동 중, 거꾸로 누워서 밀기운동을 설명한 운동처방 동영상",9422344,29.96,317,1280*720,바벨,공통,1219,,0AUDLJ08S_00203_SC_00011.jpeg,대흉근,2021,헬스장,58,가슴,한국어,거꾸로 누워서 밀기,20220930,가슴의 근,거꾸로 누워서 밀기,40.674,,mp4,0AUDLJ08S_00203.mp4,Pectoralis Major,http://openapi.kspo.or.kr/web/image/0AUDLJ08S_00203/,11,동영상,
큰가슴근,,http://openapi.kspo.or.kr/web/video/,"실내에서 할 수 있는 운동 중, 거꾸로 누워서 밀기운동을 설명한 운동처방 동영상",9422344,29.96,318,1280*720,바벨,공통,1248,,0AUDLJ08S_00203_SC_00012.jpeg,대흉근,2021,헬스장,58,가슴,한국어,거꾸로 누워서 밀기,20220930,가슴의 근,거꾸로 누워서 밀기,41.641,,mp4,0AUDLJ08S_00203.mp4,Pectoralis Major,http://openapi.kspo.or.kr/web/image/0AUDLJ08S_00203/,12,동영상,
큰가슴근,,http://openapi.kspo.or.kr/web/video/,"실내에서 할 수 있는 운동 중, 거꾸로 누워서 밀기운동을 설명한 운동처방 동영상",9422344,29.96,319,1280*720,바벨,공통,1277,,0AUDLJ08S_00203_SC_00013.jpeg,대흉근,2021,헬스장,58,가슴,한국어,거꾸로 누워서 밀기,20220930,가슴의 근,거꾸로 누워서 밀기,42.609,,mp4,0AUDLJ08S_00203.mp4,Pectoralis Major,http://openapi.kspo.or.kr/web/image/0AUDLJ08S_00203/,13,동영상,
큰가슴근,,http://openapi.kspo.or.kr/web/video/,"실내에서 할 수 있는 운동 중, 거꾸로 누워서 밀기운동을 설명한 운동처방 동영상",9422344,29.96,320,1280*720,바벨,공통,1306,,0AUDLJ08S_00203_SC_00014.jpeg,대흉근,2021,헬스장,58,가슴,한국어,거꾸로 누워서 밀기,20220930,가슴의 근,거꾸로 누워서 밀기,43.576,,mp4,0AUDLJ08S_00203.mp4,Pectoralis Major,http://openapi.kspo.or.kr/web/image/0AUDLJ08S_00203/,14,동영상,
큰가슴근,,http://openapi.kspo.or.kr/web/video/,"실내에서 할 수 있는 운동 중, 거꾸로 누워서 밀기운동을 설명한 운동처방 동영상",9422344,29.96,321,1280*720,바벨,공통,1335,,0AUDLJ08S_00203_SC_00015.jpeg,대흉근,2021,헬스장,58,가슴,한국어,거꾸로 누워서 밀기,20220930,가슴의 근,거꾸로 누워서 밀기,44.544,,mp4,0AUDLJ08S_00203.mp4,Pectoralis Major,http://openapi.kspo.or.kr/web/image/0AUDLJ08S_00203/,15,동영상,
큰가슴근,,http://openapi.kspo.or.kr/web/video/,"실내에서 할 수 있는 운동 중, 거꾸로 누워서 밀기운동을 설명한 운동처방 동영상",9422344,29.96,322,1280*720,바벨,공통,1393,,0AUDLJ08S_00203_SC_00016.jpeg,대흉근,2021,헬스장,58,가슴,한국어,거꾸로 누워서 밀기,20220930,가슴의 근,거꾸로 누워서 밀기,46.479,,mp4,0AUDLJ08S_00203.mp4,Pectoralis Major,http://openapi.kspo.or.kr/web/image/0AUDLJ08S_00203/,16,동영상,
큰가슴근,,http://openapi.kspo.or.kr/web/video/,"실내에서 할 수 있는 운동 중, 거꾸로 누워서 밀기운동을 설명한 운동처방 동영상",9422344,29.96,323,1280*720,바벨,공통,1480,,0AUDLJ08S_00203_SC_00017.jpeg,대흉근,2021,헬스장,58,가슴,한국어,거꾸로 누워서 밀기,20220930,가슴의 근,거꾸로 누워서 밀기,49.382,,mp4,0AUDLJ08S_00203.mp4,Pectoralis Major,http://openapi.kspo.or.kr/web/image/0AUDLJ08S_00203/,17,동영상,
큰가슴근,,http://openapi.kspo.or.kr/web/video/,"실내에서 할 수 있는 운동 중, 거꾸로 누워서 밀기운동을 설명한 운동처방 동영상",9422344,29.96,324,1280*720,바벨,공통,1683,,0AUDLJ08S_00203_SC_00018.jpeg,대흉근,2021,헬스장,58,가슴,한국어,거꾸로 누워서 밀기,20220930,가슴의 근,거꾸로 누워서 밀기,56.156,,mp4,0AUDLJ08S_00203.mp4,Pectoralis Major,http://openapi.kspo.or.kr/web/image/0AUDLJ08S_00203/,18,동영상,
큰가슴근,,http://openapi.kspo.or.kr/web/video/,"실내에서 할 수 있는 운동 중, 앉아서 모으기운동을 설명한 운동처방 동영상",11059209,29.96,325,1280*720,헬스기구,공통,88,,0AUDLJ08S_00204_SC_00001.jpeg,대흉근,2021,헬스장,67,가슴,한국어,앉아서 모으기,20220930,가슴의 근,앉아서 모으기,2.936,,mp4,0AUDLJ08S_00204.mp4,Pectoralis Major,http://openapi.kspo.or.kr/web/image/0AUDLJ08S_00204/,1,동영상,
큰가슴근,,http://openapi.kspo.or.kr/web/video/,"실내에서 할 수 있는 운동 중, 앉아서 모으기운동을 설명한 운동처방 동영상",11059209,29.96,326,1280*720,헬스기구,공통,117,,0AUDLJ08S_00204_SC_00002.jpeg,대흉근,2021,헬스장,67,가슴,한국어,앉아서 모으기,20220930,가슴의 근,앉아서 모으기,3.903,,mp4,0AUDLJ08S_00204.mp4,Pectoralis Major,http://openapi.kspo.or.kr/web/image/0AUDLJ08S_00204/,2,동영상,
큰가슴근,,http://openapi.kspo.or.kr/web/video/,"실내에서 할 수 있는 운동 중, 앉아서 모으기운동을 설명한 운동처방 동영상",11059209,29.96,327,1280*720,헬스기구,공통,146,,0AUDLJ08S_00204_SC_00003.jpeg,대흉근,2021,헬스장,67,가슴,한국어,앉아서 모으기,20220930,가슴의 근,앉아서 모으기,4.871,,mp4,0AUDLJ08S_00204.mp4,Pectoralis Major,http://openapi.kspo.or.kr/web/image/0AUDLJ08S_00204/,3,동영상,
큰가슴근,,http://openapi.kspo.or.kr/web/video/,"실내에서 할 수 있는 운동 중, 앉아서 모으기운동을 설명한 운동처방 동영상",11059209,29.96,328,1280*720,헬스기구,공통,494,,0AUDLJ08S_00204_SC_00004.jpeg,대흉근,2021,헬스장,67,가슴,한국어,앉아서 모으기,20220930,가슴의 근,앉아서 모으기,16.483,,mp4,0AUDLJ08S_00204.mp4,Pectoralis Major,http://openapi.kspo.or.kr/web/image/0AUDLJ08S_00204/,4,동영상,
큰가슴근,,http://openapi.kspo.or.kr/web/video/,"실내에서 할 수 있는 운동 중, 앉아서 모으기운동을 설명한 운동처방 동영상",11059209,29.96,329,1280*720,헬스기구,공통,523,,0AUDLJ08S_00204_SC_00005.jpeg,대흉근,2021,헬스장,67,가슴,한국어,앉아서 모으기,20220930,가슴의 근,앉아서 모으기,17.45,,mp4,0AUDLJ08S_00204.mp4,Pectoralis Major,http://openapi.kspo.or.kr/web/image/0AUDLJ08S_00204/,5,동영상,
큰가슴근,,http://openapi.kspo.or.kr/web/video/,"실내에서 할 수 있는 운동 중, 앉아서 모으기운동을 설명한 운동처방 동영상",11059209,29.96,330,1280*720,헬스기구,공통,552,,0AUDLJ08S_00204_SC_00006.jpeg,대흉근,2021,헬스장,67,가슴,한국어,앉아서 모으기,20220930,가슴의 근,앉아서 모으기,18.418,,mp4,0AUDLJ08S_00204.mp4,Pectoralis Major,http://openapi.kspo.or.kr/web/image/0AUDLJ08S_00204/,6,동영상,
큰가슴근,,http://openapi.kspo.or.kr/web/video/,"실내에서 할 수 있는 운동 중, 앉아서 모으기운동을 설명한 운동처방 동영상",11059209,29.96,331,1280*720,헬스기구,공통,581,,0AUDLJ08S_00204_SC_00007.jpeg,대흉근,2021,헬스장,67,가슴,한국어,앉아서 모으기,20220930,가슴의 근,앉아서 모으기,19.386,,mp4,0AUDLJ08S_00204.mp4,Pectoralis Major,http://openapi.kspo.or.kr/web/image/0AUDLJ08S_00204/,7,동영상,
큰가슴근,,http://openapi.kspo.or.kr/web/video/,"실내에서 할 수 있는 운동 중, 앉아서 모으기운동을 설명한 운동처방 동영상",11059209,29.96,332,1280*720,헬스기구,공통,610,,0AUDLJ08S_00204_SC_00008.jpeg,대흉근,2021,헬스장,67,가슴,한국어,앉아서 모으기,20220930,가슴의 근,앉아서 모으기,20.353,,mp4,0AUDLJ08S_00204.mp4,Pectoralis Major,http://openapi.kspo.or.kr/web/image/0AUDLJ08S_00204/,8,동영상,
큰가슴근,,http://openapi.kspo.or.kr/web/video/,"실내에서 할 수 있는 운동 중, 앉아서 모으기운동을 설명한 운동처방 동영상",11059209,29.96,333,1280*720,헬스기구,공통,668,,0AUDLJ08S_00204_SC_00009.jpeg,대흉근,2021,헬스장,67,가슴,한국어,앉아서 모으기,20220930,가슴의 근,앉아서 모으기,22.288,,mp4,0AUDLJ08S_00204.mp4,Pectoralis Major,http://openapi.kspo.or.kr/web/image/0AUDLJ08S_00204/,9,동영상,
큰가슴근,,http://openapi.kspo.or.kr/web/video/,"실내에서 할 수 있는 운동 중, 앉아서 모으기운동을 설명한 운동처방 동영상",11059209,29.96,334,1280*720,헬스기구,공통,871,,0AUDLJ08S_00204_SC_00010.jpeg,대흉근,2021,헬스장,67,가슴,한국어,앉아서 모으기,20220930,가슴의 근,앉아서 모으기,29.062,,mp4,0AUDLJ08S_00204.mp4,Pectoralis Major,http://openapi.kspo.or.kr/web/image/0AUDLJ08S_00204/,10,동영상,
큰가슴근,,http://openapi.kspo.or.kr/web/video/,"실내에서 할 수 있는 운동 중, 앉아서 모으기운동을 설명한 운동처방 동영상",11059209,29.96,335,1280*720,헬스기구,공통,1016,,0AUDLJ08S_00204_SC_00011.jpeg,대흉근,2021,헬스장,67,가슴,한국어,앉아서 모으기,20220930,가슴의 근,앉아서 모으기,33.9,,mp4,0AUDLJ08S_00204.mp4,Pectoralis Major,http://openapi.kspo.or.kr/web/image/0AUDLJ08S_00204/,11,동영상,
큰가슴근,,http://openapi.kspo.or.kr/web/video/,"실내에서 할 수 있는 운동 중, 앉아서 모으기운동을 설명한 운동처방 동영상",11059209,29.96,336,1280*720,헬스기구,공통,1364,,0AUDLJ08S_00204_SC_00012.jpeg,대흉근,2021,헬스장,67,가슴,한국어,앉아서 모으기,20220930,가슴의 근,앉아서 모으기,45.512,,mp4,0AUDLJ08S_00204.mp4,Pectoralis Major,http://openapi.kspo.or.kr/web/image/0AUDLJ08S_00204/,12,동영상,
큰가슴근,,http://openapi.kspo.or.kr/web/video/,"실내에서 할 수 있는 운동 중, 앉아서 모으기운동을 설명한 운동처방 동영상",11059209,29.96,337,1280*720,헬스기구,공통,1480,,0AUDLJ08S_00204_SC_00013.jpeg,대흉근,2021,헬스장,67,가슴,한국어,앉아서 모으기,20220930,가슴의 근,앉아서 모으기,49.382,,mp4,0AUDLJ08S_00204.mp4,Pectoralis Major,http://openapi.kspo.or.kr/web/image/0AUDLJ08S_00204/,13,동영상,
큰가슴근,,http://openapi.kspo.or.kr/web/video/,"실내에서 할 수 있는 운동 중, 앉아서 모으기운동을 설명한 운동처방 동영상",11059209,29.96,338,1280*720,헬스기구,공통,1509,,0AUDLJ08S_00204_SC_00014.jpeg,대흉근,2021,헬스장,67,가슴,한국어,앉아서 모으기,20220930,가슴의 근,앉아서 모으기,50.35,,mp4,0AUDLJ08S_00204.mp4,Pectoralis Major,http://openapi.kspo.or.kr/web/image/0AUDLJ08S_00204/,14,동영상,
큰가슴근,,http://openapi.kspo.or.kr/web/video/,"실내에서 할 수 있는 운동 중, 앉아서 모으기운동을 설명한 운동처방 동영상",11059209,29.96,339,1280*720,헬스기구,공통,1538,,0AUDLJ08S_00204_SC_00015.jpeg,대흉근,2021,헬스장,67,가슴,한국어,앉아서 모으기,20220930,가슴의 근,앉아서 모으기,51.317,,mp4,0AUDLJ08S_00204.mp4,Pectoralis Major,http://openapi.kspo.or.kr/web/image/0AUDLJ08S_00204/,15,동영상,
큰가슴근,,http://openapi.kspo.or.kr/web/video/,"실내에서 할 수 있는 운동 중, 앉아서 모으기운동을 설명한 운동처방 동영상",11059209,29.96,340,1280*720,헬스기구,공통,1567,,0AUDLJ08S_00204_SC_00016.jpeg,대흉근,2021,헬스장,67,가슴,한국어,앉아서 모으기,20220930,가슴의 근,앉아서 모으기,52.285,,mp4,0AUDLJ08S_00204.mp4,Pectoralis Major,http://openapi.kspo.or.kr/web/image/0AUDLJ08S_00204/,16,동영상,
큰가슴근,,http://openapi.kspo.or.kr/web/video/,"실내에서 할 수 있는 운동 중, 앉아서 모으기운동을 설명한 운동처방 동영상",11059209,29.96,341,1280*720,헬스기구,공통,1625,,0AUDLJ08S_00204_SC_00017.jpeg,대흉근,2021,헬스장,67,가슴,한국어,앉아서 모으기,20220930,가슴의 근,앉아서 모으기,54.22,,mp4,0AUDLJ08S_00204.mp4,Pectoralis Major,http://openapi.kspo.or.kr/web/image/0AUDLJ08S_00204/,17,동영상,
큰가슴근,,http://openapi.kspo.or.kr/web/video/,"실내에서 할 수 있는 운동 중, 앉아서 모으기운동을 설명한 운동처방 동영상",11059209,29.96,342,1280*720,헬스기구,공통,1683,,0AUDLJ08S_00204_SC_00018.jpeg,대흉근,2021,헬스장,67,가슴,한국어,앉아서 모으기,20220930,가슴의 근,앉아서 모으기,56.156,,mp4,0AUDLJ08S_00204.mp4,Pectoralis Major,http://openapi.kspo.or.kr/web/image/0AUDLJ08S_00204/,18,동영상,
큰가슴근,,http://openapi.kspo.or.kr/web/video/,"실내에서 할 수 있는 운동 중, 앉아서 모으기운동을 설명한 운동처방 동영상",11059209,29.96,343,1280*720,헬스기구,공통,1741,,0AUDLJ08S_00204_SC_00019.jpeg,대흉근,2021,헬스장,67,가슴,한국어,앉아서 모으기,20220930,가슴의 근,앉아서 모으기,58.091,,mp4,0AUDLJ08S_00204.mp4,Pectoralis Major,http://openapi.kspo.or.kr/web/image/0AUDLJ08S_00204/,19,동영상,
큰가슴근,,http://openapi.kspo.or.kr/web/video/,"실내에서 할 수 있는 운동 중, 앉아서 모으기운동을 설명한 운동처방 동영상",11059209,29.96,344,1280*720,헬스기구,공통,1828,,0AUDLJ08S_00204_SC_00020.jpeg,대흉근,2021,헬스장,67,가슴,한국어,앉아서 모으기,20220930,가슴의 근,앉아서 모으기,60.994,,mp4,0AUDLJ08S_00204.mp4,Pectoralis Major,http://openapi.kspo.or.kr/web/image/0AUDLJ08S_00204/,20,동영상,
큰가슴근,,http://openapi.kspo.or.kr/web/video/,"실내에서 할 수 있는 운동 중, 앉아서 모으기운동을 설명한 운동처방 동영상",11059209,29.96,345,1280*720,헬스기구,공통,1886,,0AUDLJ08S_00204_SC_00021.jpeg,대흉근,2021,헬스장,67,가슴,한국어,앉아서 모으기,20220930,가슴의 근,앉아서 모으기,62.929,,mp4,0AUDLJ08S_00204.mp4,Pectoralis Major,http://openapi.kspo.or.kr/web/image/0AUDLJ08S_00204/,21,동영상,
큰가슴근,,http://openapi.kspo.or.kr/web/video/,"실내에서 할 수 있는 운동 중, 앉아서 모으기운동을 설명한 운동처방 동영상",11059209,29.96,346,1280*720,헬스기구,공통,1944,,0AUDLJ08S_00204_SC_00023.jpeg,대흉근,2021,헬스장,67,가슴,한국어,앉아서 모으기,20220930,가슴의 근,앉아서 모으기,64.864,,mp4,0AUDLJ08S_00204.mp4,Pectoralis Major,http://openapi.kspo.or.kr/web/image/0AUDLJ08S_00204/,22,동영상,
"어깨세모근,위팔세갈래근",,http://openapi.kspo.or.kr/web/video/,"실내에서 할 수 있는 운동 중, 앉아서 위로 밀기운동을 설명한 운동처방 동영상",9822150,29.96,347,1280*720,헬스기구,공통,88,,0AUDLJ08S_00205_SC_00001.jpeg,"삼각근,상완삼두근",2021,헬스장,60,"바깥쪽 어깨,뒤쪽 위팔",한국어,앉아서 위로 밀기,20221017,"상지의 근,상지의 근",앉아서 위로 밀기,2.936,,mp4,0AUDLJ08S_00205.mp4,"Deltoid,Triceps Brachii",http://openapi.kspo.or.kr/web/image/0AUDLJ08S_00205/,1,동영상,
"어깨세모근,위팔세갈래근",,http://openapi.kspo.or.kr/web/video/,"실내에서 할 수 있는 운동 중, 앉아서 위로 밀기운동을 설명한 운동처방 동영상",9822150,29.96,348,1280*720,헬스기구,공통,146,,0AUDLJ08S_00205_SC_00003.jpeg,"삼각근,상완삼두근",2021,헬스장,60,"바깥쪽 어깨,뒤쪽 위팔",한국어,앉아서 위로 밀기,20221017,"상지의 근,상지의 근",앉아서 위로 밀기,4.871,,mp4,0AUDLJ08S_00205.mp4,"Deltoid,Triceps Brachii",http://openapi.kspo.or.kr/web/image/0AUDLJ08S_00205/,2,동영상,
"어깨세모근,위팔세갈래근",,http://openapi.kspo.or.kr/web/video/,"실내에서 할 수 있는 운동 중, 앉아서 위로 밀기운동을 설명한 운동처방 동영상",9822150,29.96,349,1280*720,헬스기구,공통,1074,,0AUDLJ08S_00205_SC_00011.jpeg,"삼각근,상완삼두근",2021,헬스장,60,"바깥쪽 어깨,뒤쪽 위팔",한국어,앉아서 위로 밀기,20221017,"상지의 근,상지의 근",앉아서 위로 밀기,35.835,,mp4,0AUDLJ08S_00205.mp4,"Deltoid,Triceps Brachii",http://openapi.kspo.or.kr/web/image/0AUDLJ08S_00205/,3,동영상,
"어깨세모근,위팔세갈래근",,http://openapi.kspo.or.kr/web/video/,"실내에서 할 수 있는 운동 중, 앉아서 위로 밀기운동을 설명한 운동처방 동영상",9822150,29.96,350,1280*720,헬스기구,공통,1451,,0AUDLJ08S_00205_SC_00016.jpeg,"삼각근,상완삼두근",2021,헬스장,60,"바깥쪽 어깨,뒤쪽 위팔",한국어,앉아서 위로 밀기,20221017,"상지의 근,상지의 근",앉아서 위로 밀기,48.415,,mp4,0AUDLJ08S_00205.mp4,"Deltoid,Triceps Brachii",http://openapi.kspo.or.kr/web/image/0AUDLJ08S_00205/,4,동영상,
,,http://openapi.kspo.or.kr/web/video/,"실내에서 할 수 있는 운동 중, 엎드려서 다리 굽히기운동을 설명한 운동처방 동영상",12523116,29.96,351,1280*720,헬스기구,공통,90,,0AUDLJ08S_00206_FR_00002.jpeg,,2021,헬스장,78,,한국어,엎드려서 다리 굽히기,20220930,,엎드려서 다리 굽히기,3.003,,mp4,0AUDLJ08S_00206.mp4,,http://openapi.kspo.or.kr/web/image/0AUDLJ08S_00206/,1,동영상,
"큰볼기근,넙다리두갈래근",,http://openapi.kspo.or.kr/web/video/,"실내에서 할 수 있는 운동 중, 엎드려서 다리 굽히기운동을 설명한 운동처방 동영상",12523116,29.96,352,1280*720,헬스기구,공통,668,,0AUDLJ08S_00206_SC_00005.jpeg,"대둔근,대퇴이두근",2021,헬스장,78,"엉덩이,뒤쪽 넓적다리",한국어,엎드려서 다리 굽히기,20220930,"골반의 근,하지의 근",엎드려서 다리 굽히기,22.288,,mp4,0AUDLJ08S_00206.mp4,"Gluteus Maximus,Biceps Femoris",http://openapi.kspo.or.kr/web/image/0AUDLJ08S_00206/,2,동영상,
"큰볼기근,넙다리두갈래근",,http://openapi.kspo.or.kr/web/video/,"실내에서 할 수 있는 운동 중, 엎드려서 다리 굽히기운동을 설명한 운동처방 동영상",12523116,29.96,353,1280*720,헬스기구,공통,1079,,0AUDLJ08S_00206_FR_00013.jpeg,"대둔근,대퇴이두근",2021,헬스장,78,"엉덩이,뒤쪽 넓적다리",한국어,엎드려서 다리 굽히기,20220930,"골반의 근,하지의 근",엎드려서 다리 굽히기,36.002,,mp4,0AUDLJ08S_00206.mp4,"Gluteus Maximus,Biceps Femoris",http://openapi.kspo.or.kr/web/image/0AUDLJ08S_00206/,3,동영상,
"큰볼기근,넙다리두갈래근",,http://openapi.kspo.or.kr/web/video/,"실내에서 할 수 있는 운동 중, 엎드려서 다리 굽히기운동을 설명한 운동처방 동영상",12523116,29.96,354,1280*720,헬스기구,공통,1625,,0AUDLJ08S_00206_SC_00010.jpeg,"대둔근,대퇴이두근",2021,헬스장,78,"엉덩이,뒤쪽 넓적다리",한국어,엎드려서 다리 굽히기,20220930,"골반의 근,하지의 근",엎드려서 다리 굽히기,54.22,,mp4,0AUDLJ08S_00206.mp4,"Gluteus Maximus,Biceps Femoris",http://openapi.kspo.or.kr/web/image/0AUDLJ08S_00206/,4,동영상,
"큰볼기근,넙다리두갈래근",,http://openapi.kspo.or.kr/web/video/,"실내에서 할 수 있는 운동 중, 엎드려서 다리 굽히기운동을 설명한 운동처방 동영상",12523116,29.96,355,1280*720,헬스기구,공통,1886,,0AUDLJ08S_00206_SC_00011.jpeg,"대둔근,대퇴이두근",2021,헬스장,78,"엉덩이,뒤쪽 넓적다리",한국어,엎드려서 다리 굽히기,20220930,"골반의 근,하지의 근",엎드려서 다리 굽히기,62.929,,mp4,0AUDLJ08S_00206.mp4,"Gluteus Maximus,Biceps Femoris",http://openapi.kspo.or.kr/web/image/0AUDLJ08S_00206/,5,동영상,
"중간볼기근,넙다리근막긴장근,모음근",,http://openapi.kspo.or.kr/web/video/,"실내에서 할 수 있는 운동 중, 서서 다리 모으고 벌리기운동을 설명한 운동처방 동영상",7751111,29.96,356,1280*720,헬스기구,공통,117,,0AUDLJ08S_00207_SC_00001.jpeg,"중둔근,대퇴근막장근,내전근",2021,헬스장,49,"엉덩이,바깥쪽 넓적다리,안쪽 넓적다리",한국어,서서 다리 모으고 벌리기,20220929,"골반의 근,하지의 근,하지의 근",서서 다리 모으고 벌리기,3.903,,mp4,0AUDLJ08S_00207.mp4,"Gluteus Medius,Tensor Fasciae Latae,Adductors",http://openapi.kspo.or.kr/web/image/0AUDLJ08S_00207/,1,동영상,
"중간볼기근,넙다리근막긴장근,모음근",,http://openapi.kspo.or.kr/web/video/,"실내에서 할 수 있는 운동 중, 서서 다리 모으고 벌리기운동을 설명한 운동처방 동영상",7751111,29.96,357,1280*720,헬스기구,공통,146,,0AUDLJ08S_00207_SC_00002.jpeg,"중둔근,대퇴근막장근,내전근",2021,헬스장,49,"엉덩이,바깥쪽 넓적다리,안쪽 넓적다리",한국어,서서 다리 모으고 벌리기,20220929,"골반의 근,하지의 근,하지의 근",서서 다리 모으고 벌리기,4.871,,mp4,0AUDLJ08S_00207.mp4,"Gluteus Medius,Tensor Fasciae Latae,Adductors",http://openapi.kspo.or.kr/web/image/0AUDLJ08S_00207/,2,동영상,
"중간볼기근,넙다리근막긴장근,모음근",,http://openapi.kspo.or.kr/web/video/,"실내에서 할 수 있는 운동 중, 서서 다리 모으고 벌리기운동을 설명한 운동처방 동영상",7751111,29.96,358,1280*720,헬스기구,공통,349,,0AUDLJ08S_00207_SC_00003.jpeg,"중둔근,대퇴근막장근,내전근",2021,헬스장,49,"엉덩이,바깥쪽 넓적다리,안쪽 넓적다리",한국어,서서 다리 모으고 벌리기,20220929,"골반의 근,하지의 근,하지의 근",서서 다리 모으고 벌리기,11.644,,mp4,0AUDLJ08S_00207.mp4,"Gluteus Medius,Tensor Fasciae Latae,Adductors",http://openapi.kspo.or.kr/web/image/0AUDLJ08S_00207/,3,동영상,
"중간볼기근,넙다리근막긴장근,모음근",,http://openapi.kspo.or.kr/web/video/,"실내에서 할 수 있는 운동 중, 서서 다리 모으고 벌리기운동을 설명한 운동처방 동영상",7751111,29.96,359,1280*720,헬스기구,공통,552,,0AUDLJ08S_00207_SC_00004.jpeg,"중둔근,대퇴근막장근,내전근",2021,헬스장,49,"엉덩이,바깥쪽 넓적다리,안쪽 넓적다리",한국어,서서 다리 모으고 벌리기,20220929,"골반의 근,하지의 근,하지의 근",서서 다리 모으고 벌리기,18.418,,mp4,0AUDLJ08S_00207.mp4,"Gluteus Medius,Tensor Fasciae Latae,Adductors",http://openapi.kspo.or.kr/web/image/0AUDLJ08S_00207/,4,동영상,
"중간볼기근,넙다리근막긴장근,모음근",,http://openapi.kspo.or.kr/web/video/,"실내에서 할 수 있는 운동 중, 서서 다리 모으고 벌리기운동을 설명한 운동처방 동영상",7751111,29.96,360,1280*720,헬스기구,공통,813,,0AUDLJ08S_00207_SC_00005.jpeg,"중둔근,대퇴근막장근,내전근",2021,헬스장,49,"엉덩이,바깥쪽 넓적다리,안쪽 넓적다리",한국어,서서 다리 모으고 벌리기,20220929,"골반의 근,하지의 근,하지의 근",서서 다리 모으고 벌리기,27.127,,mp4,0AUDLJ08S_00207.mp4,"Gluteus Medius,Tensor Fasciae Latae,Adductors",http://openapi.kspo.or.kr/web/image/0AUDLJ08S_00207/,5,동영상,
"중간볼기근,넙다리근막긴장근,모음근",,http://openapi.kspo.or.kr/web/video/,"실내에서 할 수 있는 운동 중, 서서 다리 모으고 벌리기운동을 설명한 운동처방 동영상",7751111,29.96,361,1280*720,헬스기구,공통,1074,,0AUDLJ08S_00207_SC_00006.jpeg,"중둔근,대퇴근막장근,내전근",2021,헬스장,49,"엉덩이,바깥쪽 넓적다리,안쪽 넓적다리",한국어,서서 다리 모으고 벌리기,20220929,"골반의 근,하지의 근,하지의 근",서서 다리 모으고 벌리기,35.835,,mp4,0AUDLJ08S_00207.mp4,"Gluteus Medius,Tensor Fasciae Latae,Adductors",http://openapi.kspo.or.kr/web/image/0AUDLJ08S_00207/,6,동영상,
"중간볼기근,넙다리근막긴장근,모음근",,http://openapi.kspo.or.kr/web/video/,"실내에서 할 수 있는 운동 중, 서서 다리 모으고 벌리기운동을 설명한 운동처방 동영상",7751111,29.96,362,1280*720,헬스기구,공통,1219,,0AUDLJ08S_00207_SC_00007.jpeg,"중둔근,대퇴근막장근,내전근",2021,헬스장,49,"엉덩이,바깥쪽 넓적다리,안쪽 넓적다리",한국어,서서 다리 모으고 벌리기,20220929,"골반의 근,하지의 근,하지의 근",서서 다리 모으고 벌리기,40.674,,mp4,0AUDLJ08S_00207.mp4,"Gluteus Medius,Tensor Fasciae Latae,Adductors",http://openapi.kspo.or.kr/web/image/0AUDLJ08S_00207/,7,동영상,
"중간볼기근,넙다리근막긴장근,모음근",,http://openapi.kspo.or.kr/web/video/,"실내에서 할 수 있는 운동 중, 서서 다리 모으고 벌리기운동을 설명한 운동처방 동영상",7751111,29.96,363,1280*720,헬스기구,공통,1422,,0AUDLJ08S_00207_SC_00008.jpeg,"중둔근,대퇴근막장근,내전근",2021,헬스장,49,"엉덩이,바깥쪽 넓적다리,안쪽 넓적다리",한국어,서서 다리 모으고 벌리기,20220929,"골반의 근,하지의 근,하지의 근",서서 다리 모으고 벌리기,47.447,,mp4,0AUDLJ08S_00207.mp4,"Gluteus Medius,Tensor Fasciae Latae,Adductors",http://openapi.kspo.or.kr/web/image/0AUDLJ08S_00207/,8,동영상,
"위팔노근,위팔두갈래근",,http://openapi.kspo.or.kr/web/video/,"실내에서 할 수 있는 운동 중, 앉아서 팔꿈치 굽히기운동을 설명한 운동처방 동영상",12265538,29.96,364,1280*720,바벨,공통,1712,,0AUDLJ08S_00208_SC_00008.jpeg,"상완요골근,상완이두근",2021,헬스장,76,"앞쪽 위팔,앞쪽 위팔",한국어,앉아서 팔꿈치 굽히기,20220930,"상지의 근,상지의 근",앉아서 팔꿈치 굽히기,57.123,,mp4,0AUDLJ08S_00208.mp4,"Brachioradialis,Biceps Brachii",http://openapi.kspo.or.kr/web/image/0AUDLJ08S_00208/,8,동영상,
"위팔노근,위팔두갈래근",,http://openapi.kspo.or.kr/web/video/,"실내에서 할 수 있는 운동 중, 앉아서 팔꿈치 굽히기운동을 설명한 운동처방 동영상",12265538,29.96,365,1280*720,바벨,공통,59,,0AUDLJ08S_00208_SC_00001.jpeg,"상완요골근,상완이두근",2021,헬스장,76,"앞쪽 위팔,앞쪽 위팔",한국어,앉아서 팔꿈치 굽히기,20220930,"상지의 근,상지의 근",앉아서 팔꿈치 굽히기,1.968,,mp4,0AUDLJ08S_00208.mp4,"Brachioradialis,Biceps Brachii",http://openapi.kspo.or.kr/web/image/0AUDLJ08S_00208/,1,동영상,
"위팔노근,위팔두갈래근",,http://openapi.kspo.or.kr/web/video/,"실내에서 할 수 있는 운동 중, 앉아서 팔꿈치 굽히기운동을 설명한 운동처방 동영상",12265538,29.96,366,1280*720,바벨,공통,117,,0AUDLJ08S_00208_SC_00002.jpeg,"상완요골근,상완이두근",2021,헬스장,76,"앞쪽 위팔,앞쪽 위팔",한국어,앉아서 팔꿈치 굽히기,20220930,"상지의 근,상지의 근",앉아서 팔꿈치 굽히기,3.903,,mp4,0AUDLJ08S_00208.mp4,"Brachioradialis,Biceps Brachii",http://openapi.kspo.or.kr/web/image/0AUDLJ08S_00208/,2,동영상,
"위팔노근,위팔두갈래근",,http://openapi.kspo.or.kr/web/video/,"실내에서 할 수 있는 운동 중, 앉아서 팔꿈치 굽히기운동을 설명한 운동처방 동영상",12265538,29.96,367,1280*720,바벨,공통,146,,0AUDLJ08S_00208_SC_00003.jpeg,"상완요골근,상완이두근",2021,헬스장,76,"앞쪽 위팔,앞쪽 위팔",한국어,앉아서 팔꿈치 굽히기,20220930,"상지의 근,상지의 근",앉아서 팔꿈치 굽히기,4.871,,mp4,0AUDLJ08S_00208.mp4,"Brachioradialis,Biceps Brachii",http://openapi.kspo.or.kr/web/image/0AUDLJ08S_00208/,3,동영상,
"위팔노근,위팔두갈래근",,http://openapi.kspo.or.kr/web/video/,"실내에서 할 수 있는 운동 중, 앉아서 팔꿈치 굽히기운동을 설명한 운동처방 동영상",12265538,29.96,368,1280*720,바벨,공통,668,,0AUDLJ08S_00208_SC_00004.jpeg,"상완요골근,상완이두근",2021,헬스장,76,"앞쪽 위팔,앞쪽 위팔",한국어,앉아서 팔꿈치 굽히기,20220930,"상지의 근,상지의 근",앉아서 팔꿈치 굽히기,22.288,,mp4,0AUDLJ08S_00208.mp4,"Brachioradialis,Biceps Brachii",http://openapi.kspo.or.kr/web/image/0AUDLJ08S_00208/,4,동영상,
목/머리널판근,,http://openapi.kspo.or.kr/web/video/,"소도구를 활용한 근육 완화 운동 중, 공을 활용한 운동처방 동영상",53242921,29.96,369,1280*720,테니스공,공통,1828,,0AUDLJ08S_01017_SC_00008.jpeg,"경판상근, 두판상근",2021,실내,331,뒤쪽 목,한국어,목 상부,20221004,머리와 목의 근,테니스공을 활용한 뭉친근육 완화 운동,60.994,,mp4,0AUDLJ08S_01017.mp4,Splenius Cervicis and Capitis,http://openapi.kspo.or.kr/web/image/0AUDLJ08S_01017/,8,동영상,
"위팔노근,위팔두갈래근",,http://openapi.kspo.or.kr/web/video/,"실내에서 할 수 있는 운동 중, 앉아서 팔꿈치 굽히기운동을 설명한 운동처방 동영상",12265538,29.96,370,1280*720,바벨,공통,813,,0AUDLJ08S_00208_SC_00005.jpeg,"상완요골근,상완이두근",2021,헬스장,76,"앞쪽 위팔,앞쪽 위팔",한국어,앉아서 팔꿈치 굽히기,20220930,"상지의 근,상지의 근",앉아서 팔꿈치 굽히기,27.127,,mp4,0AUDLJ08S_00208.mp4,"Brachioradialis,Biceps Brachii",http://openapi.kspo.or.kr/web/image/0AUDLJ08S_00208/,5,동영상,
"위팔노근,위팔두갈래근",,http://openapi.kspo.or.kr/web/video/,"실내에서 할 수 있는 운동 중, 앉아서 팔꿈치 굽히기운동을 설명한 운동처방 동영상",12265538,29.96,371,1280*720,바벨,공통,1190,,0AUDLJ08S_00208_SC_00006.jpeg,"상완요골근,상완이두근",2021,헬스장,76,"앞쪽 위팔,앞쪽 위팔",한국어,앉아서 팔꿈치 굽히기,20220930,"상지의 근,상지의 근",앉아서 팔꿈치 굽히기,39.706,,mp4,0AUDLJ08S_00208.mp4,"Brachioradialis,Biceps Brachii",http://openapi.kspo.or.kr/web/image/0AUDLJ08S_00208/,6,동영상,
"위팔노근,위팔두갈래근",,http://openapi.kspo.or.kr/web/video/,"실내에서 할 수 있는 운동 중, 앉아서 팔꿈치 굽히기운동을 설명한 운동처방 동영상",12265538,29.96,372,1280*720,바벨,공통,1480,,0AUDLJ08S_00208_SC_00007.jpeg,"상완요골근,상완이두근",2021,헬스장,76,"앞쪽 위팔,앞쪽 위팔",한국어,앉아서 팔꿈치 굽히기,20220930,"상지의 근,상지의 근",앉아서 팔꿈치 굽히기,49.382,,mp4,0AUDLJ08S_00208.mp4,"Brachioradialis,Biceps Brachii",http://openapi.kspo.or.kr/web/image/0AUDLJ08S_00208/,7,동영상,
"위팔노근,위팔두갈래근",,http://openapi.kspo.or.kr/web/video/,"실내에서 할 수 있는 운동 중, 앉아서 팔꿈치 굽히기운동을 설명한 운동처방 동영상",12265538,29.96,373,1280*720,바벨,공통,1828,,0AUDLJ08S_00208_SC_00009.jpeg,"상완요골근,상완이두근",2021,헬스장,76,"앞쪽 위팔,앞쪽 위팔",한국어,앉아서 팔꿈치 굽히기,20220930,"상지의 근,상지의 근",앉아서 팔꿈치 굽히기,60.994,,mp4,0AUDLJ08S_00208.mp4,"Brachioradialis,Biceps Brachii",http://openapi.kspo.or.kr/web/image/0AUDLJ08S_00208/,9,동영상,
"위팔노근,위팔두갈래근",,http://openapi.kspo.or.kr/web/video/,"실내에서 할 수 있는 운동 중, 앉아서 팔꿈치 굽히기운동을 설명한 운동처방 동영상",12265538,29.96,374,1280*720,바벨,공통,2205,,0AUDLJ08S_00208_SC_00010.jpeg,"상완요골근,상완이두근",2021,헬스장,76,"앞쪽 위팔,앞쪽 위팔",한국어,앉아서 팔꿈치 굽히기,20220930,"상지의 근,상지의 근",앉아서 팔꿈치 굽히기,73.573,,mp4,0AUDLJ08S_00208.mp4,"Brachioradialis,Biceps Brachii",http://openapi.kspo.or.kr/web/image/0AUDLJ08S_00208/,10,동영상,
위팔세갈래근,,http://openapi.kspo.or.kr/web/video/,"실내에서 할 수 있는 운동 중, 서서 팔꿈치 펴기운동을 설명한 운동처방 동영상",11065052,29.96,375,1280*720,헬스기구,공통,117,,0AUDLJ08S_00209_SC_00001.jpeg,상완삼두근,2021,헬스장,69,뒤쪽 위팔,한국어,서서 팔꿈치 펴기,20220930,상지의 근,서서 팔꿈치 펴기,3.903,,mp4,0AUDLJ08S_00209.mp4,Triceps Brachii,http://openapi.kspo.or.kr/web/image/0AUDLJ08S_00209/,1,동영상,
위팔세갈래근,,http://openapi.kspo.or.kr/web/video/,"실내에서 할 수 있는 운동 중, 서서 팔꿈치 펴기운동을 설명한 운동처방 동영상",11065052,29.96,376,1280*720,헬스기구,공통,146,,0AUDLJ08S_00209_SC_00002.jpeg,상완삼두근,2021,헬스장,69,뒤쪽 위팔,한국어,서서 팔꿈치 펴기,20220930,상지의 근,서서 팔꿈치 펴기,4.871,,mp4,0AUDLJ08S_00209.mp4,Triceps Brachii,http://openapi.kspo.or.kr/web/image/0AUDLJ08S_00209/,2,동영상,
위팔세갈래근,,http://openapi.kspo.or.kr/web/video/,"실내에서 할 수 있는 운동 중, 서서 팔꿈치 펴기운동을 설명한 운동처방 동영상",11065052,29.96,377,1280*720,헬스기구,공통,378,,0AUDLJ08S_00209_SC_00003.jpeg,상완삼두근,2021,헬스장,69,뒤쪽 위팔,한국어,서서 팔꿈치 펴기,20220930,상지의 근,서서 팔꿈치 펴기,12.612,,mp4,0AUDLJ08S_00209.mp4,Triceps Brachii,http://openapi.kspo.or.kr/web/image/0AUDLJ08S_00209/,3,동영상,
위팔세갈래근,,http://openapi.kspo.or.kr/web/video/,"실내에서 할 수 있는 운동 중, 서서 팔꿈치 펴기운동을 설명한 운동처방 동영상",11065052,29.96,378,1280*720,헬스기구,공통,436,,0AUDLJ08S_00209_SC_00004.jpeg,상완삼두근,2021,헬스장,69,뒤쪽 위팔,한국어,서서 팔꿈치 펴기,20220930,상지의 근,서서 팔꿈치 펴기,14.547,,mp4,0AUDLJ08S_00209.mp4,Triceps Brachii,http://openapi.kspo.or.kr/web/image/0AUDLJ08S_00209/,4,동영상,
위팔세갈래근,,http://openapi.kspo.or.kr/web/video/,"실내에서 할 수 있는 운동 중, 서서 팔꿈치 펴기운동을 설명한 운동처방 동영상",11065052,29.96,379,1280*720,헬스기구,공통,465,,0AUDLJ08S_00209_SC_00005.jpeg,상완삼두근,2021,헬스장,69,뒤쪽 위팔,한국어,서서 팔꿈치 펴기,20220930,상지의 근,서서 팔꿈치 펴기,15.515,,mp4,0AUDLJ08S_00209.mp4,Triceps Brachii,http://openapi.kspo.or.kr/web/image/0AUDLJ08S_00209/,5,동영상,
위팔세갈래근,,http://openapi.kspo.or.kr/web/video/,"실내에서 할 수 있는 운동 중, 서서 팔꿈치 펴기운동을 설명한 운동처방 동영상",11065052,29.96,380,1280*720,헬스기구,공통,552,,0AUDLJ08S_00209_SC_00006.jpeg,상완삼두근,2021,헬스장,69,뒤쪽 위팔,한국어,서서 팔꿈치 펴기,20220930,상지의 근,서서 팔꿈치 펴기,18.418,,mp4,0AUDLJ08S_00209.mp4,Triceps Brachii,http://openapi.kspo.or.kr/web/image/0AUDLJ08S_00209/,6,동영상,
위팔세갈래근,,http://openapi.kspo.or.kr/web/video/,"실내에서 할 수 있는 운동 중, 서서 팔꿈치 펴기운동을 설명한 운동처방 동영상",11065052,29.96,381,1280*720,헬스기구,공통,784,,0AUDLJ08S_00209_SC_00007.jpeg,상완삼두근,2021,헬스장,69,뒤쪽 위팔,한국어,서서 팔꿈치 펴기,20220930,상지의 근,서서 팔꿈치 펴기,26.159,,mp4,0AUDLJ08S_00209.mp4,Triceps Brachii,http://openapi.kspo.or.kr/web/image/0AUDLJ08S_00209/,7,동영상,
위팔세갈래근,,http://openapi.kspo.or.kr/web/video/,"실내에서 할 수 있는 운동 중, 서서 팔꿈치 펴기운동을 설명한 운동처방 동영상",11065052,29.96,382,1280*720,헬스기구,공통,871,,0AUDLJ08S_00209_SC_00008.jpeg,상완삼두근,2021,헬스장,69,뒤쪽 위팔,한국어,서서 팔꿈치 펴기,20220930,상지의 근,서서 팔꿈치 펴기,29.062,,mp4,0AUDLJ08S_00209.mp4,Triceps Brachii,http://openapi.kspo.or.kr/web/image/0AUDLJ08S_00209/,8,동영상,
위팔세갈래근,,http://openapi.kspo.or.kr/web/video/,"실내에서 할 수 있는 운동 중, 서서 팔꿈치 펴기운동을 설명한 운동처방 동영상",11065052,29.96,383,1280*720,헬스기구,공통,900,,0AUDLJ08S_00209_SC_00009.jpeg,상완삼두근,2021,헬스장,69,뒤쪽 위팔,한국어,서서 팔꿈치 펴기,20220930,상지의 근,서서 팔꿈치 펴기,30.03,,mp4,0AUDLJ08S_00209.mp4,Triceps Brachii,http://openapi.kspo.or.kr/web/image/0AUDLJ08S_00209/,9,동영상,
위팔세갈래근,,http://openapi.kspo.or.kr/web/video/,"실내에서 할 수 있는 운동 중, 서서 팔꿈치 펴기운동을 설명한 운동처방 동영상",11065052,29.96,384,1280*720,헬스기구,공통,929,,0AUDLJ08S_00209_SC_00010.jpeg,상완삼두근,2021,헬스장,69,뒤쪽 위팔,한국어,서서 팔꿈치 펴기,20220930,상지의 근,서서 팔꿈치 펴기,30.997,,mp4,0AUDLJ08S_00209.mp4,Triceps Brachii,http://openapi.kspo.or.kr/web/image/0AUDLJ08S_00209/,10,동영상,
위팔세갈래근,,http://openapi.kspo.or.kr/web/video/,"실내에서 할 수 있는 운동 중, 서서 팔꿈치 펴기운동을 설명한 운동처방 동영상",11065052,29.96,385,1280*720,헬스기구,공통,958,,0AUDLJ08S_00209_SC_00011.jpeg,상완삼두근,2021,헬스장,69,뒤쪽 위팔,한국어,서서 팔꿈치 펴기,20220930,상지의 근,서서 팔꿈치 펴기,31.965,,mp4,0AUDLJ08S_00209.mp4,Triceps Brachii,http://openapi.kspo.or.kr/web/image/0AUDLJ08S_00209/,11,동영상,
위팔세갈래근,,http://openapi.kspo.or.kr/web/video/,"실내에서 할 수 있는 운동 중, 서서 팔꿈치 펴기운동을 설명한 운동처방 동영상",11065052,29.96,386,1280*720,헬스기구,공통,1045,,0AUDLJ08S_00209_SC_00012.jpeg,상완삼두근,2021,헬스장,69,뒤쪽 위팔,한국어,서서 팔꿈치 펴기,20220930,상지의 근,서서 팔꿈치 펴기,34.868,,mp4,0AUDLJ08S_00209.mp4,Triceps Brachii,http://openapi.kspo.or.kr/web/image/0AUDLJ08S_00209/,12,동영상,
위팔세갈래근,,http://openapi.kspo.or.kr/web/video/,"실내에서 할 수 있는 운동 중, 서서 팔꿈치 펴기운동을 설명한 운동처방 동영상",11065052,29.96,387,1280*720,헬스기구,공통,1248,,0AUDLJ08S_00209_SC_00013.jpeg,상완삼두근,2021,헬스장,69,뒤쪽 위팔,한국어,서서 팔꿈치 펴기,20220930,상지의 근,서서 팔꿈치 펴기,41.641,,mp4,0AUDLJ08S_00209.mp4,Triceps Brachii,http://openapi.kspo.or.kr/web/image/0AUDLJ08S_00209/,13,동영상,
위팔세갈래근,,http://openapi.kspo.or.kr/web/video/,"실내에서 할 수 있는 운동 중, 서서 팔꿈치 펴기운동을 설명한 운동처방 동영상",11065052,29.96,388,1280*720,헬스기구,공통,1509,,0AUDLJ08S_00209_SC_00014.jpeg,상완삼두근,2021,헬스장,69,뒤쪽 위팔,한국어,서서 팔꿈치 펴기,20220930,상지의 근,서서 팔꿈치 펴기,50.35,,mp4,0AUDLJ08S_00209.mp4,Triceps Brachii,http://openapi.kspo.or.kr/web/image/0AUDLJ08S_00209/,14,동영상,
위팔세갈래근,,http://openapi.kspo.or.kr/web/video/,"실내에서 할 수 있는 운동 중, 서서 팔꿈치 펴기운동을 설명한 운동처방 동영상",11065052,29.96,389,1280*720,헬스기구,공통,1770,,0AUDLJ08S_00209_SC_00015.jpeg,상완삼두근,2021,헬스장,69,뒤쪽 위팔,한국어,서서 팔꿈치 펴기,20220930,상지의 근,서서 팔꿈치 펴기,59.059,,mp4,0AUDLJ08S_00209.mp4,Triceps Brachii,http://openapi.kspo.or.kr/web/image/0AUDLJ08S_00209/,15,동영상,
위팔세갈래근,,http://openapi.kspo.or.kr/web/video/,"실내에서 할 수 있는 운동 중, 서서 팔꿈치 펴기운동을 설명한 운동처방 동영상",11065052,29.96,390,1280*720,헬스기구,공통,1828,,0AUDLJ08S_00209_SC_00016.jpeg,상완삼두근,2021,헬스장,69,뒤쪽 위팔,한국어,서서 팔꿈치 펴기,20220930,상지의 근,서서 팔꿈치 펴기,60.994,,mp4,0AUDLJ08S_00209.mp4,Triceps Brachii,http://openapi.kspo.or.kr/web/image/0AUDLJ08S_00209/,16,동영상,
위팔세갈래근,,http://openapi.kspo.or.kr/web/video/,"실내에서 할 수 있는 운동 중, 서서 팔꿈치 펴기운동을 설명한 운동처방 동영상",11065052,29.96,391,1280*720,헬스기구,공통,1857,,0AUDLJ08S_00209_SC_00017.jpeg,상완삼두근,2021,헬스장,69,뒤쪽 위팔,한국어,서서 팔꿈치 펴기,20220930,상지의 근,서서 팔꿈치 펴기,61.961,,mp4,0AUDLJ08S_00209.mp4,Triceps Brachii,http://openapi.kspo.or.kr/web/image/0AUDLJ08S_00209/,17,동영상,
위팔세갈래근,,http://openapi.kspo.or.kr/web/video/,"실내에서 할 수 있는 운동 중, 서서 팔꿈치 펴기운동을 설명한 운동처방 동영상",11065052,29.96,392,1280*720,헬스기구,공통,1886,,0AUDLJ08S_00209_SC_00018.jpeg,상완삼두근,2021,헬스장,69,뒤쪽 위팔,한국어,서서 팔꿈치 펴기,20220930,상지의 근,서서 팔꿈치 펴기,62.929,,mp4,0AUDLJ08S_00209.mp4,Triceps Brachii,http://openapi.kspo.or.kr/web/image/0AUDLJ08S_00209/,18,동영상,
위팔세갈래근,,http://openapi.kspo.or.kr/web/video/,"실내에서 할 수 있는 운동 중, 서서 팔꿈치 펴기운동을 설명한 운동처방 동영상",11065052,29.96,393,1280*720,헬스기구,공통,1915,,0AUDLJ08S_00209_SC_00019.jpeg,상완삼두근,2021,헬스장,69,뒤쪽 위팔,한국어,서서 팔꿈치 펴기,20220930,상지의 근,서서 팔꿈치 펴기,63.897,,mp4,0AUDLJ08S_00209.mp4,Triceps Brachii,http://openapi.kspo.or.kr/web/image/0AUDLJ08S_00209/,19,동영상,
위팔세갈래근,,http://openapi.kspo.or.kr/web/video/,"실내에서 할 수 있는 운동 중, 서서 팔꿈치 펴기운동을 설명한 운동처방 동영상",11065052,29.96,394,1280*720,헬스기구,공통,2002,,0AUDLJ08S_00209_SC_00020.jpeg,상완삼두근,2021,헬스장,69,뒤쪽 위팔,한국어,서서 팔꿈치 펴기,20220930,상지의 근,서서 팔꿈치 펴기,66.8,,mp4,0AUDLJ08S_00209.mp4,Triceps Brachii,http://openapi.kspo.or.kr/web/image/0AUDLJ08S_00209/,20,동영상,
"큰볼기근,척추세움근,넙다리네갈래근",,http://openapi.kspo.or.kr/web/video/,"실내에서 할 수 있는 운동 중, 바벨들어올리기운동을 설명한 운동처방 동영상",10289230,29.96,395,1280*720,바벨,공통,88,,0AUDLJ08S_00210_SC_00001.jpeg,"대둔근,척추기립근,대퇴사두근",2021,헬스장,64,"엉덩이,척추,앞쪽 넓적다리",한국어,바벨 들어올리기,20221016,"골반의 근,등과 허리의 근,하지의 근",바벨들어올리기,2.936,,mp4,0AUDLJ08S_00210.mp4,"Gluteus Maximus,Erector Spinae,Quadriceps Femoris",http://openapi.kspo.or.kr/web/image/0AUDLJ08S_00210/,1,동영상,
"볼기근,척추세움근,넙다리네갈래근",,http://openapi.kspo.or.kr/web/video/,"실내에서 할 수 있는 운동 중, 바벨들어올리기운동을 설명한 운동처방 동영상",10289230,29.96,396,1280*720,바벨,공통,552,,0AUDLJ08S_00210_SC_00004.jpeg,"둔근,척추기립근,대퇴사두근",2021,헬스장,64,"엉덩이,척추,앞쪽 넓적다리",한국어,바벨 들어올리기,20221016,"골반의 근,등과 허리의 근,하지의 근",바벨들어올리기,18.418,,mp4,0AUDLJ08S_00210.mp4,"Gluteal,Erector Spinae,Quadriceps Femoris",http://openapi.kspo.or.kr/web/image/0AUDLJ08S_00210/,2,동영상,
"볼기근,척추세움근,넙다리네갈래근",,http://openapi.kspo.or.kr/web/video/,"실내에서 할 수 있는 운동 중, 바벨들어올리기운동을 설명한 운동처방 동영상",10289230,29.96,397,1280*720,바벨,공통,668,,0AUDLJ08S_00210_SC_00005.jpeg,"둔근,척추기립근,대퇴사두근",2021,헬스장,64,"엉덩이,척추,앞쪽 넓적다리",한국어,바벨 들어올리기,20221016,"골반의 근,등과 허리의 근,하지의 근",바벨들어올리기,22.288,,mp4,0AUDLJ08S_00210.mp4,"Gluteal,Erector Spinae,Quadriceps Femoris",http://openapi.kspo.or.kr/web/image/0AUDLJ08S_00210/,3,동영상,
"볼기근,척추세움근,넙다리네갈래근",,http://openapi.kspo.or.kr/web/video/,"실내에서 할 수 있는 운동 중, 바벨들어올리기운동을 설명한 운동처방 동영상",10289230,29.96,398,1280*720,바벨,공통,987,,0AUDLJ08S_00210_SC_00006.jpeg,"둔근,척추기립근,대퇴사두근",2021,헬스장,64,"엉덩이,척추,앞쪽 넓적다리",한국어,바벨 들어올리기,20221016,"골반의 근,등과 허리의 근,하지의 근",바벨들어올리기,32.932,,mp4,0AUDLJ08S_00210.mp4,"Gluteal,Erector Spinae,Quadriceps Femoris",http://openapi.kspo.or.kr/web/image/0AUDLJ08S_00210/,4,동영상,
"볼기근,척추세움근,넙다리네갈래근",,http://openapi.kspo.or.kr/web/video/,"실내에서 할 수 있는 운동 중, 바벨들어올리기운동을 설명한 운동처방 동영상",10289230,29.96,399,1280*720,바벨,공통,1219,,0AUDLJ08S_00210_SC_00008.jpeg,"둔근,척추기립근,대퇴사두근",2021,헬스장,64,"엉덩이,척추,앞쪽 넓적다리",한국어,바벨 들어올리기,20221016,"골반의 근,등과 허리의 근,하지의 근",바벨들어올리기,40.674,,mp4,0AUDLJ08S_00210.mp4,"Gluteal,Erector Spinae,Quadriceps Femoris",http://openapi.kspo.or.kr/web/image/0AUDLJ08S_00210/,5,동영상,
,,http://openapi.kspo.or.kr/web/video/,"실내에서 할 수 있는 운동 중, 원판던지기운동을 설명한 운동처방 동영상",10352889,29.96,400,1280*720,원판,공통,90,,0AUDLJ08S_00211_FR_00002.jpeg,,2021,헬스장,63,,한국어,원판 던지기,20220930,,원판던지기,3.003,,mp4,0AUDLJ08S_00211.mp4,,http://openapi.kspo.or.kr/web/image/0AUDLJ08S_00211/,1,동영상,
"볼기근,허리근,뒤넙다리근",,http://openapi.kspo.or.kr/web/video/,"실내에서 할 수 있는 운동 중, 원판던지기운동을 설명한 운동처방 동영상",10352889,29.96,401,1280*720,원판,공통,552,,0AUDLJ08S_00211_SC_00004.jpeg,"둔근,요근,슬괵근",2021,헬스장,63,"엉덩이,앞쪽 골반,뒤쪽 넓적다리",한국어,원판 던지기,20220930,"골반의 근,골반의 근,하지의 근",원판던지기,18.418,,mp4,0AUDLJ08S_00211.mp4,"Gluteal,Psoas,Hamstring",http://openapi.kspo.or.kr/web/image/0AUDLJ08S_00211/,2,동영상,
"볼기근,허리근,뒤넙다리근",,http://openapi.kspo.or.kr/web/video/,"실내에서 할 수 있는 운동 중, 원판던지기운동을 설명한 운동처방 동영상",10352889,29.96,402,1280*720,원판,공통,810,,0AUDLJ08S_00211_FR_00010.jpeg,"둔근,요근,슬괵근",2021,헬스장,63,"엉덩이,앞쪽 골반,뒤쪽 넓적다리",한국어,원판 던지기,20220930,"골반의 근,골반의 근,하지의 근",원판던지기,27.027,,mp4,0AUDLJ08S_00211.mp4,"Gluteal,Psoas,Hamstring",http://openapi.kspo.or.kr/web/image/0AUDLJ08S_00211/,3,동영상,
"볼기근,허리근,뒤넙다리근",,http://openapi.kspo.or.kr/web/video/,"실내에서 할 수 있는 운동 중, 원판던지기운동을 설명한 운동처방 동영상",10352889,29.96,403,1280*720,원판,공통,871,,0AUDLJ08S_00211_SC_00006.jpeg,"둔근,요근,슬괵근",2021,헬스장,63,"엉덩이,앞쪽 골반,뒤쪽 넓적다리",한국어,원판 던지기,20220930,"골반의 근,골반의 근,하지의 근",원판던지기,29.062,,mp4,0AUDLJ08S_00211.mp4,"Gluteal,Psoas,Hamstring",http://openapi.kspo.or.kr/web/image/0AUDLJ08S_00211/,4,동영상,
"볼기근,허리근,뒤넙다리근",,http://openapi.kspo.or.kr/web/video/,"실내에서 할 수 있는 운동 중, 원판던지기운동을 설명한 운동처방 동영상",10352889,29.96,404,1280*720,원판,공통,1248,,0AUDLJ08S_00211_SC_00008.jpeg,"둔근,요근,슬괵근",2021,헬스장,63,"엉덩이,앞쪽 골반,뒤쪽 넓적다리",한국어,원판 던지기,20220930,"골반의 근,골반의 근,하지의 근",원판던지기,41.641,,mp4,0AUDLJ08S_00211.mp4,"Gluteal,Psoas,Hamstring",http://openapi.kspo.or.kr/web/image/0AUDLJ08S_00211/,5,동영상,
"볼기근,허리근,뒤넙다리근",,http://openapi.kspo.or.kr/web/video/,"실내에서 할 수 있는 운동 중, 원판던지기운동을 설명한 운동처방 동영상",10352889,29.96,405,1280*720,원판,공통,1529,,0AUDLJ08S_00211_FR_00018.jpeg,"둔근,요근,슬괵근",2021,헬스장,63,"엉덩이,앞쪽 골반,뒤쪽 넓적다리",한국어,원판 던지기,20220930,"골반의 근,골반의 근,하지의 근",원판던지기,51.017,,mp4,0AUDLJ08S_00211.mp4,"Gluteal,Psoas,Hamstring",http://openapi.kspo.or.kr/web/image/0AUDLJ08S_00211/,6,동영상,
"볼기근,허리근,뒤넙다리근",,http://openapi.kspo.or.kr/web/video/,"실내에서 할 수 있는 운동 중, 원판던지기운동을 설명한 운동처방 동영상",10352889,29.96,406,1280*720,원판,공통,1654,,0AUDLJ08S_00211_SC_00014.jpeg,"둔근,요근,슬괵근",2021,헬스장,63,"엉덩이,앞쪽 골반,뒤쪽 넓적다리",한국어,원판 던지기,20220930,"골반의 근,골반의 근,하지의 근",원판던지기,55.188,,mp4,0AUDLJ08S_00211.mp4,"Gluteal,Psoas,Hamstring",http://openapi.kspo.or.kr/web/image/0AUDLJ08S_00211/,7,동영상,
"볼기근,척추세움근,뒤넙다리근",,http://openapi.kspo.or.kr/web/video/,"실내에서 할 수 있는 운동 중, 파워클린운동을 설명한 운동처방 동영상",12520631,29.96,407,1280*720,바벨,공통,59,,0AUDLJ08S_00212_SC_00001.jpeg,"둔근,척추기립근,슬괵근",2021,헬스장,77,"엉덩이,척추,뒤쪽 넓적다리",한국어,파워클린,20221111,"골반의 근,등과 허리의 근,하지의 근",파워클린,1.968,,mp4,0AUDLJ08S_00212.mp4,"Gluteal,Erector Spinae,Hamstring",http://openapi.kspo.or.kr/web/image/0AUDLJ08S_00212/,1,동영상,
"볼기근,척추세움근,뒤넙다리근",,http://openapi.kspo.or.kr/web/video/,"실내에서 할 수 있는 운동 중, 파워클린운동을 설명한 운동처방 동영상",12520631,29.96,408,1280*720,바벨,공통,180,,0AUDLJ08S_00212_FR_00003.jpeg,"둔근,척추기립근,슬괵근",2021,헬스장,77,"엉덩이,척추,뒤쪽 넓적다리",한국어,파워클린,20221024,"골반의 근,등과 허리의 근,하지의 근",파워클린,6.006,,mp4,0AUDLJ08S_00212.mp4,"Gluteal,Erector Spinae,Hamstring",http://openapi.kspo.or.kr/web/image/0AUDLJ08S_00212/,2,동영상,
"볼기근,척추세움근,뒤넙다리근",,http://openapi.kspo.or.kr/web/video/,"실내에서 할 수 있는 운동 중, 파워클린운동을 설명한 운동처방 동영상",12520631,29.96,409,1280*720,바벨,공통,720,,0AUDLJ08S_00212_FR_00009.jpeg,"둔근,척추기립근,슬괵근",2021,헬스장,77,"엉덩이,척추,뒤쪽 넓적다리",한국어,파워클린,20221024,"골반의 근,등과 허리의 근,하지의 근",파워클린,24.024,,mp4,0AUDLJ08S_00212.mp4,"Gluteal,Erector Spinae,Hamstring",http://openapi.kspo.or.kr/web/image/0AUDLJ08S_00212/,3,동영상,
"볼기근,척추세움근,뒤넙다리근",,http://openapi.kspo.or.kr/web/video/,"실내에서 할 수 있는 운동 중, 파워클린운동을 설명한 운동처방 동영상",12520631,29.96,410,1280*720,바벨,공통,1259,,0AUDLJ08S_00212_FR_00015.jpeg,"둔근,척추기립근,슬괵근",2021,헬스장,77,"엉덩이,척추,뒤쪽 넓적다리",한국어,파워클린,20221024,"골반의 근,등과 허리의 근,하지의 근",파워클린,42.008,,mp4,0AUDLJ08S_00212.mp4,"Gluteal,Erector Spinae,Hamstring",http://openapi.kspo.or.kr/web/image/0AUDLJ08S_00212/,4,동영상,
"중간볼기근,큰볼기근,넙다리네갈래근,넙다리두갈래근",,http://openapi.kspo.or.kr/web/video/,"실내에서 할 수 있는 운동 중, 앉았다 일어서기운동을 설명한 운동처방 동영상",12070626,29.96,411,1280*720,바벨,공통,30,,0AUDLJ08S_00213_SC_00001.jpeg,"중둔근,대둔근,대퇴사두근,대퇴이두근",2021,헬스장,73,"엉덩이,엉덩이,앞쪽 넓적다리,뒤쪽 넓적다리",한국어,앉았다 일어서기(바벨),20220930,"골반의 근,골반의 근,하지의 근,하지의 근",앉았다 일어서기,1.001,,mp4,0AUDLJ08S_00213.mp4,"Gluteus Medius,Gluteus Maximus,Quadriceps Femoris,Biceps Femoris",http://openapi.kspo.or.kr/web/image/0AUDLJ08S_00213/,1,동영상,
"중간볼기근,큰볼기근,넙다리네갈래근,넙다리두갈래근",,http://openapi.kspo.or.kr/web/video/,"실내에서 할 수 있는 운동 중, 앉았다 일어서기운동을 설명한 운동처방 동영상",12070626,29.96,412,1280*720,바벨,공통,59,,0AUDLJ08S_00213_SC_00002.jpeg,"중둔근,대둔근,대퇴사두근,대퇴이두근",2021,헬스장,73,"엉덩이,엉덩이,앞쪽 넓적다리,뒤쪽 넓적다리",한국어,앉았다 일어서기(바벨),20220930,"골반의 근,골반의 근,하지의 근,하지의 근",앉았다 일어서기,1.968,,mp4,0AUDLJ08S_00213.mp4,"Gluteus Medius,Gluteus Maximus,Quadriceps Femoris,Biceps Femoris",http://openapi.kspo.or.kr/web/image/0AUDLJ08S_00213/,2,동영상,
"중간볼기근,큰볼기근,넙다리네갈래근,넙다리두갈래근",,http://openapi.kspo.or.kr/web/video/,"실내에서 할 수 있는 운동 중, 앉았다 일어서기운동을 설명한 운동처방 동영상",12070626,29.96,413,1280*720,바벨,공통,117,,0AUDLJ08S_00213_SC_00003.jpeg,"중둔근,대둔근,대퇴사두근,대퇴이두근",2021,헬스장,73,"엉덩이,엉덩이,앞쪽 넓적다리,뒤쪽 넓적다리",한국어,앉았다 일어서기(바벨),20220930,"골반의 근,골반의 근,하지의 근,하지의 근",앉았다 일어서기,3.903,,mp4,0AUDLJ08S_00213.mp4,"Gluteus Medius,Gluteus Maximus,Quadriceps Femoris,Biceps Femoris",http://openapi.kspo.or.kr/web/image/0AUDLJ08S_00213/,3,동영상,
"중간볼기근,큰볼기근,넙다리네갈래근,넙다리두갈래근",,http://openapi.kspo.or.kr/web/video/,"실내에서 할 수 있는 운동 중, 앉았다 일어서기운동을 설명한 운동처방 동영상",12070626,29.96,414,1280*720,바벨,공통,146,,0AUDLJ08S_00213_SC_00004.jpeg,"중둔근,대둔근,대퇴사두근,대퇴이두근",2021,헬스장,73,"엉덩이,엉덩이,앞쪽 넓적다리,뒤쪽 넓적다리",한국어,앉았다 일어서기(바벨),20220930,"골반의 근,골반의 근,하지의 근,하지의 근",앉았다 일어서기,4.871,,mp4,0AUDLJ08S_00213.mp4,"Gluteus Medius,Gluteus Maximus,Quadriceps Femoris,Biceps Femoris",http://openapi.kspo.or.kr/web/image/0AUDLJ08S_00213/,4,동영상,
"중간볼기근,큰볼기근,넙다리네갈래근,넙다리두갈래근",,http://openapi.kspo.or.kr/web/video/,"실내에서 할 수 있는 운동 중, 앉았다 일어서기운동을 설명한 운동처방 동영상",12070626,29.96,415,1280*720,바벨,공통,407,,0AUDLJ08S_00213_SC_00005.jpeg,"중둔근,대둔근,대퇴사두근,대퇴이두근",2021,헬스장,73,"엉덩이,엉덩이,앞쪽 넓적다리,뒤쪽 넓적다리",한국어,앉았다 일어서기(바벨),20220930,"골반의 근,골반의 근,하지의 근,하지의 근",앉았다 일어서기,13.58,,mp4,0AUDLJ08S_00213.mp4,"Gluteus Medius,Gluteus Maximus,Quadriceps Femoris,Biceps Femoris",http://openapi.kspo.or.kr/web/image/0AUDLJ08S_00213/,5,동영상,
"중간볼기근,큰볼기근,넙다리네갈래근,넙다리두갈래근",,http://openapi.kspo.or.kr/web/video/,"실내에서 할 수 있는 운동 중, 앉았다 일어서기운동을 설명한 운동처방 동영상",12070626,29.96,416,1280*720,바벨,공통,552,,0AUDLJ08S_00213_SC_00006.jpeg,"중둔근,대둔근,대퇴사두근,대퇴이두근",2021,헬스장,73,"엉덩이,엉덩이,앞쪽 넓적다리,뒤쪽 넓적다리",한국어,앉았다 일어서기(바벨),20220930,"골반의 근,골반의 근,하지의 근,하지의 근",앉았다 일어서기,18.418,,mp4,0AUDLJ08S_00213.mp4,"Gluteus Medius,Gluteus Maximus,Quadriceps Femoris,Biceps Femoris",http://openapi.kspo.or.kr/web/image/0AUDLJ08S_00213/,6,동영상,
"중간볼기근,큰볼기근,넙다리네갈래근,넙다리두갈래근",,http://openapi.kspo.or.kr/web/video/,"실내에서 할 수 있는 운동 중, 앉았다 일어서기운동을 설명한 운동처방 동영상",12070626,29.96,417,1280*720,바벨,공통,581,,0AUDLJ08S_00213_SC_00007.jpeg,"중둔근,대둔근,대퇴사두근,대퇴이두근",2021,헬스장,73,"엉덩이,엉덩이,앞쪽 넓적다리,뒤쪽 넓적다리",한국어,앉았다 일어서기(바벨),20220930,"골반의 근,골반의 근,하지의 근,하지의 근",앉았다 일어서기,19.386,,mp4,0AUDLJ08S_00213.mp4,"Gluteus Medius,Gluteus Maximus,Quadriceps Femoris,Biceps Femoris",http://openapi.kspo.or.kr/web/image/0AUDLJ08S_00213/,7,동영상,
"중간볼기근,큰볼기근,넙다리네갈래근,넙다리두갈래근",,http://openapi.kspo.or.kr/web/video/,"실내에서 할 수 있는 운동 중, 앉았다 일어서기운동을 설명한 운동처방 동영상",12070626,29.96,418,1280*720,바벨,공통,697,,0AUDLJ08S_00213_SC_00008.jpeg,"중둔근,대둔근,대퇴사두근,대퇴이두근",2021,헬스장,73,"엉덩이,엉덩이,앞쪽 넓적다리,뒤쪽 넓적다리",한국어,앉았다 일어서기(바벨),20220930,"골반의 근,골반의 근,하지의 근,하지의 근",앉았다 일어서기,23.256,,mp4,0AUDLJ08S_00213.mp4,"Gluteus Medius,Gluteus Maximus,Quadriceps Femoris,Biceps Femoris",http://openapi.kspo.or.kr/web/image/0AUDLJ08S_00213/,8,동영상,
"중간볼기근,큰볼기근,넙다리네갈래근,넙다리두갈래근",,http://openapi.kspo.or.kr/web/video/,"실내에서 할 수 있는 운동 중, 앉았다 일어서기운동을 설명한 운동처방 동영상",12070626,29.96,419,1280*720,바벨,공통,813,,0AUDLJ08S_00213_SC_00009.jpeg,"중둔근,대둔근,대퇴사두근,대퇴이두근",2021,헬스장,73,"엉덩이,엉덩이,앞쪽 넓적다리,뒤쪽 넓적다리",한국어,앉았다 일어서기(바벨),20220930,"골반의 근,골반의 근,하지의 근,하지의 근",앉았다 일어서기,27.127,,mp4,0AUDLJ08S_00213.mp4,"Gluteus Medius,Gluteus Maximus,Quadriceps Femoris,Biceps Femoris",http://openapi.kspo.or.kr/web/image/0AUDLJ08S_00213/,9,동영상,
목/머리널판근,,http://openapi.kspo.or.kr/web/video/,"소도구를 활용한 근육 완화 운동 중, 공을 활용한 운동처방 동영상",53242921,29.96,420,1280*720,테니스공,공통,2118,,0AUDLJ08S_01017_SC_00009.jpeg,"경판상근, 두판상근",2021,실내,331,뒤쪽 목,한국어,목 상부,20221004,머리와 목의 근,테니스공을 활용한 뭉친근육 완화 운동,70.67,,mp4,0AUDLJ08S_01017.mp4,Splenius Cervicis and Capitis,http://openapi.kspo.or.kr/web/image/0AUDLJ08S_01017/,9,동영상,
"중간볼기근,큰볼기근,넙다리네갈래근,넙다리두갈래근",,http://openapi.kspo.or.kr/web/video/,"실내에서 할 수 있는 운동 중, 앉았다 일어서기운동을 설명한 운동처방 동영상",12070626,29.96,421,1280*720,바벨,공통,1103,,0AUDLJ08S_00213_SC_00010.jpeg,"중둔근,대둔근,대퇴사두근,대퇴이두근",2021,헬스장,73,"엉덩이,엉덩이,앞쪽 넓적다리,뒤쪽 넓적다리",한국어,앉았다 일어서기(바벨),20220930,"골반의 근,골반의 근,하지의 근,하지의 근",앉았다 일어서기,36.803,,mp4,0AUDLJ08S_00213.mp4,"Gluteus Medius,Gluteus Maximus,Quadriceps Femoris,Biceps Femoris",http://openapi.kspo.or.kr/web/image/0AUDLJ08S_00213/,10,동영상,
"중간볼기근,큰볼기근,넙다리네갈래근,넙다리두갈래근",,http://openapi.kspo.or.kr/web/video/,"실내에서 할 수 있는 운동 중, 앉았다 일어서기운동을 설명한 운동처방 동영상",12070626,29.96,422,1280*720,바벨,공통,1393,,0AUDLJ08S_00213_SC_00011.jpeg,"중둔근,대둔근,대퇴사두근,대퇴이두근",2021,헬스장,73,"엉덩이,엉덩이,앞쪽 넓적다리,뒤쪽 넓적다리",한국어,앉았다 일어서기(바벨),20220930,"골반의 근,골반의 근,하지의 근,하지의 근",앉았다 일어서기,46.479,,mp4,0AUDLJ08S_00213.mp4,"Gluteus Medius,Gluteus Maximus,Quadriceps Femoris,Biceps Femoris",http://openapi.kspo.or.kr/web/image/0AUDLJ08S_00213/,11,동영상,
"중간볼기근,큰볼기근,넙다리네갈래근,넙다리두갈래근",,http://openapi.kspo.or.kr/web/video/,"실내에서 할 수 있는 운동 중, 앉았다 일어서기운동을 설명한 운동처방 동영상",12070626,29.96,423,1280*720,바벨,공통,1422,,0AUDLJ08S_00213_SC_00012.jpeg,"중둔근,대둔근,대퇴사두근,대퇴이두근",2021,헬스장,73,"엉덩이,엉덩이,앞쪽 넓적다리,뒤쪽 넓적다리",한국어,앉았다 일어서기(바벨),20220930,"골반의 근,골반의 근,하지의 근,하지의 근",앉았다 일어서기,47.447,,mp4,0AUDLJ08S_00213.mp4,"Gluteus Medius,Gluteus Maximus,Quadriceps Femoris,Biceps Femoris",http://openapi.kspo.or.kr/web/image/0AUDLJ08S_00213/,12,동영상,
"중간볼기근,큰볼기근,넙다리네갈래근,넙다리두갈래근",,http://openapi.kspo.or.kr/web/video/,"실내에서 할 수 있는 운동 중, 앉았다 일어서기운동을 설명한 운동처방 동영상",12070626,29.96,424,1280*720,바벨,공통,1451,,0AUDLJ08S_00213_SC_00013.jpeg,"중둔근,대둔근,대퇴사두근,대퇴이두근",2021,헬스장,73,"엉덩이,엉덩이,앞쪽 넓적다리,뒤쪽 넓적다리",한국어,앉았다 일어서기(바벨),20220930,"골반의 근,골반의 근,하지의 근,하지의 근",앉았다 일어서기,48.415,,mp4,0AUDLJ08S_00213.mp4,"Gluteus Medius,Gluteus Maximus,Quadriceps Femoris,Biceps Femoris",http://openapi.kspo.or.kr/web/image/0AUDLJ08S_00213/,13,동영상,
"중간볼기근,큰볼기근,넙다리네갈래근,넙다리두갈래근",,http://openapi.kspo.or.kr/web/video/,"실내에서 할 수 있는 운동 중, 앉았다 일어서기운동을 설명한 운동처방 동영상",12070626,29.96,425,1280*720,바벨,공통,1538,,0AUDLJ08S_00213_SC_00014.jpeg,"중둔근,대둔근,대퇴사두근,대퇴이두근",2021,헬스장,73,"엉덩이,엉덩이,앞쪽 넓적다리,뒤쪽 넓적다리",한국어,앉았다 일어서기(바벨),20220930,"골반의 근,골반의 근,하지의 근,하지의 근",앉았다 일어서기,51.317,,mp4,0AUDLJ08S_00213.mp4,"Gluteus Medius,Gluteus Maximus,Quadriceps Femoris,Biceps Femoris",http://openapi.kspo.or.kr/web/image/0AUDLJ08S_00213/,14,동영상,
,,http://openapi.kspo.or.kr/web/video/,"실내에서 할 수 있는 운동 중, 앉았다 일어서기운동을 설명한 운동처방 동영상",12070626,29.96,426,1280*720,,공통,1625,,0AUDLJ08S_00213_SC_00015.jpeg,,2021,헬스장,73,,한국어,,20220930,,앉았다 일어서기,54.22,,mp4,0AUDLJ08S_00213.mp4,,http://openapi.kspo.or.kr/web/image/0AUDLJ08S_00213/,15,동영상,
"중간볼기근,큰볼기근,넙다리네갈래근,넙다리두갈래근",,http://openapi.kspo.or.kr/web/video/,"실내에서 할 수 있는 운동 중, 앉았다 일어서기운동을 설명한 운동처방 동영상",12070626,29.96,427,1280*720,바벨,공통,1683,,0AUDLJ08S_00213_SC_00016.jpeg,"중둔근,대둔근,대퇴사두근,대퇴이두근",2021,헬스장,73,"엉덩이,엉덩이,앞쪽 넓적다리,뒤쪽 넓적다리",한국어,앉았다 일어서기(바벨),20220930,"골반의 근,골반의 근,하지의 근,하지의 근",앉았다 일어서기,56.156,,mp4,0AUDLJ08S_00213.mp4,"Gluteus Medius,Gluteus Maximus,Quadriceps Femoris,Biceps Femoris",http://openapi.kspo.or.kr/web/image/0AUDLJ08S_00213/,16,동영상,
"중간볼기근,큰볼기근,넙다리네갈래근,넙다리두갈래근",,http://openapi.kspo.or.kr/web/video/,"실내에서 할 수 있는 운동 중, 앉았다 일어서기운동을 설명한 운동처방 동영상",12070626,29.96,428,1280*720,바벨,공통,1712,,0AUDLJ08S_00213_SC_00017.jpeg,"중둔근,대둔근,대퇴사두근,대퇴이두근",2021,헬스장,73,"엉덩이,엉덩이,앞쪽 넓적다리,뒤쪽 넓적다리",한국어,앉았다 일어서기(바벨),20220930,"골반의 근,골반의 근,하지의 근,하지의 근",앉았다 일어서기,57.123,,mp4,0AUDLJ08S_00213.mp4,"Gluteus Medius,Gluteus Maximus,Quadriceps Femoris,Biceps Femoris",http://openapi.kspo.or.kr/web/image/0AUDLJ08S_00213/,17,동영상,
"중간볼기근,큰볼기근,넙다리네갈래근,넙다리두갈래근",,http://openapi.kspo.or.kr/web/video/,"실내에서 할 수 있는 운동 중, 앉았다 일어서기운동을 설명한 운동처방 동영상",12070626,29.96,429,1280*720,바벨,공통,1741,,0AUDLJ08S_00213_SC_00018.jpeg,"중둔근,대둔근,대퇴사두근,대퇴이두근",2021,헬스장,73,"엉덩이,엉덩이,앞쪽 넓적다리,뒤쪽 넓적다리",한국어,앉았다 일어서기(바벨),20220930,"골반의 근,골반의 근,하지의 근,하지의 근",앉았다 일어서기,58.091,,mp4,0AUDLJ08S_00213.mp4,"Gluteus Medius,Gluteus Maximus,Quadriceps Femoris,Biceps Femoris",http://openapi.kspo.or.kr/web/image/0AUDLJ08S_00213/,18,동영상,
"중간볼기근,큰볼기근,넙다리네갈래근,넙다리두갈래근",,http://openapi.kspo.or.kr/web/video/,"실내에서 할 수 있는 운동 중, 앉았다 일어서기운동을 설명한 운동처방 동영상",12070626,29.96,430,1280*720,바벨,공통,1770,,0AUDLJ08S_00213_SC_00019.jpeg,"중둔근,대둔근,대퇴사두근,대퇴이두근",2021,헬스장,73,"엉덩이,엉덩이,앞쪽 넓적다리,뒤쪽 넓적다리",한국어,앉았다 일어서기(바벨),20220930,"골반의 근,골반의 근,하지의 근,하지의 근",앉았다 일어서기,59.059,,mp4,0AUDLJ08S_00213.mp4,"Gluteus Medius,Gluteus Maximus,Quadriceps Femoris,Biceps Femoris",http://openapi.kspo.or.kr/web/image/0AUDLJ08S_00213/,19,동영상,
"중간볼기근,큰볼기근,넙다리네갈래근,넙다리두갈래근",,http://openapi.kspo.or.kr/web/video/,"실내에서 할 수 있는 운동 중, 앉았다 일어서기운동을 설명한 운동처방 동영상",12070626,29.96,431,1280*720,바벨,공통,1799,,0AUDLJ08S_00213_SC_00020.jpeg,"중둔근,대둔근,대퇴사두근,대퇴이두근",2021,헬스장,73,"엉덩이,엉덩이,앞쪽 넓적다리,뒤쪽 넓적다리",한국어,앉았다 일어서기(바벨),20220930,"골반의 근,골반의 근,하지의 근,하지의 근",앉았다 일어서기,60.026,,mp4,0AUDLJ08S_00213.mp4,"Gluteus Medius,Gluteus Maximus,Quadriceps Femoris,Biceps Femoris",http://openapi.kspo.or.kr/web/image/0AUDLJ08S_00213/,20,동영상,
"중간볼기근,큰볼기근,넙다리네갈래근,넙다리두갈래근",,http://openapi.kspo.or.kr/web/video/,"실내에서 할 수 있는 운동 중, 앉았다 일어서기운동을 설명한 운동처방 동영상",12070626,29.96,432,1280*720,바벨,공통,1857,,0AUDLJ08S_00213_SC_00021.jpeg,"중둔근,대둔근,대퇴사두근,대퇴이두근",2021,헬스장,73,"엉덩이,엉덩이,앞쪽 넓적다리,뒤쪽 넓적다리",한국어,앉았다 일어서기(바벨),20220930,"골반의 근,골반의 근,하지의 근,하지의 근",앉았다 일어서기,61.961,,mp4,0AUDLJ08S_00213.mp4,"Gluteus Medius,Gluteus Maximus,Quadriceps Femoris,Biceps Femoris",http://openapi.kspo.or.kr/web/image/0AUDLJ08S_00213/,21,동영상,
"중간볼기근,큰볼기근,넙다리네갈래근,넙다리두갈래근",,http://openapi.kspo.or.kr/web/video/,"실내에서 할 수 있는 운동 중, 앉았다 일어서기운동을 설명한 운동처방 동영상",12070626,29.96,433,1280*720,바벨,공통,1886,,0AUDLJ08S_00213_SC_00022.jpeg,"중둔근,대둔근,대퇴사두근,대퇴이두근",2021,헬스장,73,"엉덩이,엉덩이,앞쪽 넓적다리,뒤쪽 넓적다리",한국어,앉았다 일어서기(바벨),20220930,"골반의 근,골반의 근,하지의 근,하지의 근",앉았다 일어서기,62.929,,mp4,0AUDLJ08S_00213.mp4,"Gluteus Medius,Gluteus Maximus,Quadriceps Femoris,Biceps Femoris",http://openapi.kspo.or.kr/web/image/0AUDLJ08S_00213/,22,동영상,
"중간볼기근,큰볼기근,넙다리네갈래근,넙다리두갈래근",,http://openapi.kspo.or.kr/web/video/,"실내에서 할 수 있는 운동 중, 앉았다 일어서기운동을 설명한 운동처방 동영상",12070626,29.96,434,1280*720,바벨,공통,2002,,0AUDLJ08S_00213_SC_00023.jpeg,"중둔근,대둔근,대퇴사두근,대퇴이두근",2021,헬스장,73,"엉덩이,엉덩이,앞쪽 넓적다리,뒤쪽 넓적다리",한국어,앉았다 일어서기(바벨),20220930,"골반의 근,골반의 근,하지의 근,하지의 근",앉았다 일어서기,66.8,,mp4,0AUDLJ08S_00213.mp4,"Gluteus Medius,Gluteus Maximus,Quadriceps Femoris,Biceps Femoris",http://openapi.kspo.or.kr/web/image/0AUDLJ08S_00213/,23,동영상,
"중간볼기근,큰볼기근,넙다리네갈래근,넙다리두갈래근",,http://openapi.kspo.or.kr/web/video/,"실내에서 할 수 있는 운동 중, 앉았다 일어서기운동을 설명한 운동처방 동영상",12070626,29.96,435,1280*720,바벨,공통,2089,,0AUDLJ08S_00213_SC_00024.jpeg,"중둔근,대둔근,대퇴사두근,대퇴이두근",2021,헬스장,73,"엉덩이,엉덩이,앞쪽 넓적다리,뒤쪽 넓적다리",한국어,앉았다 일어서기(바벨),20220930,"골반의 근,골반의 근,하지의 근,하지의 근",앉았다 일어서기,69.703,,mp4,0AUDLJ08S_00213.mp4,"Gluteus Medius,Gluteus Maximus,Quadriceps Femoris,Biceps Femoris",http://openapi.kspo.or.kr/web/image/0AUDLJ08S_00213/,24,동영상,
"중간볼기근,큰볼기근,넙다리네갈래근,넙다리두갈래근",,http://openapi.kspo.or.kr/web/video/,"실내에서 할 수 있는 운동 중, 앉았다 일어서기운동을 설명한 운동처방 동영상",12070626,29.96,436,1280*720,바벨,공통,2118,,0AUDLJ08S_00213_SC_00025.jpeg,"중둔근,대둔근,대퇴사두근,대퇴이두근",2021,헬스장,73,"엉덩이,엉덩이,앞쪽 넓적다리,뒤쪽 넓적다리",한국어,앉았다 일어서기(바벨),20220930,"골반의 근,골반의 근,하지의 근,하지의 근",앉았다 일어서기,70.67,,mp4,0AUDLJ08S_00213.mp4,"Gluteus Medius,Gluteus Maximus,Quadriceps Femoris,Biceps Femoris",http://openapi.kspo.or.kr/web/image/0AUDLJ08S_00213/,25,동영상,
"큰볼기근,넙다리네갈래근",,http://openapi.kspo.or.kr/web/video/,"실내에서 할 수 있는 운동 중, 한발 앞으로 내밀고 앉았다 일어서기운동을 설명한 운동처방 동영상",9294777,29.96,437,1280*720,덤벨,공통,59,,0AUDLJ08S_00214_SC_00001.jpeg,"대둔근,대퇴사두근",2021,헬스장,58,"엉덩이,앞쪽 넓적다리",한국어,한발 앞으로 내밀고 앉았다 일어서기(덤벨),20221004,"골반의 근,하지의 근",한발 앞으로 내밀고 앉았다 일어서기,1.968,,mp4,0AUDLJ08S_00214.mp4,"Gluteus Maximus,Quadriceps Femoris",http://openapi.kspo.or.kr/web/image/0AUDLJ08S_00214/,1,동영상,
"큰볼기근,넙다리네갈래근",,http://openapi.kspo.or.kr/web/video/,"실내에서 할 수 있는 운동 중, 한발 앞으로 내밀고 앉았다 일어서기운동을 설명한 운동처방 동영상",9294777,29.96,438,1280*720,덤벨,공통,117,,0AUDLJ08S_00214_SC_00002.jpeg,"대둔근,대퇴사두근",2021,헬스장,58,"엉덩이,앞쪽 넓적다리",한국어,한발 앞으로 내밀고 앉았다 일어서기(덤벨),20221004,"골반의 근,하지의 근",한발 앞으로 내밀고 앉았다 일어서기,3.903,,mp4,0AUDLJ08S_00214.mp4,"Gluteus Maximus,Quadriceps Femoris",http://openapi.kspo.or.kr/web/image/0AUDLJ08S_00214/,2,동영상,
"큰볼기근,넙다리네갈래근",,http://openapi.kspo.or.kr/web/video/,"실내에서 할 수 있는 운동 중, 한발 앞으로 내밀고 앉았다 일어서기운동을 설명한 운동처방 동영상",9294777,29.96,439,1280*720,덤벨,공통,146,,0AUDLJ08S_00214_SC_00003.jpeg,"대둔근,대퇴사두근",2021,헬스장,58,"엉덩이,앞쪽 넓적다리",한국어,한발 앞으로 내밀고 앉았다 일어서기(덤벨),20221004,"골반의 근,하지의 근",한발 앞으로 내밀고 앉았다 일어서기,4.871,,mp4,0AUDLJ08S_00214.mp4,"Gluteus Maximus,Quadriceps Femoris",http://openapi.kspo.or.kr/web/image/0AUDLJ08S_00214/,3,동영상,
"큰볼기근,넙다리네갈래근",,http://openapi.kspo.or.kr/web/video/,"실내에서 할 수 있는 운동 중, 한발 앞으로 내밀고 앉았다 일어서기운동을 설명한 운동처방 동영상",9294777,29.96,440,1280*720,덤벨,공통,360,,0AUDLJ08S_00214_FR_00005.jpeg,"대둔근,대퇴사두근",2021,헬스장,58,"엉덩이,앞쪽 넓적다리",한국어,한발 앞으로 내밀고 앉았다 일어서기(덤벨),20221004,"골반의 근,하지의 근",한발 앞으로 내밀고 앉았다 일어서기,12.012,,mp4,0AUDLJ08S_00214.mp4,"Gluteus Maximus,Quadriceps Femoris",http://openapi.kspo.or.kr/web/image/0AUDLJ08S_00214/,4,동영상,
"큰볼기근,넙다리네갈래근",,http://openapi.kspo.or.kr/web/video/,"실내에서 할 수 있는 운동 중, 한발 앞으로 내밀고 앉았다 일어서기운동을 설명한 운동처방 동영상",9294777,29.96,441,1280*720,덤벨,공통,697,,0AUDLJ08S_00214_SC_00004.jpeg,"대둔근,대퇴사두근",2021,헬스장,58,"엉덩이,앞쪽 넓적다리",한국어,한발 앞으로 내밀고 앉았다 일어서기(덤벨),20221004,"골반의 근,하지의 근",한발 앞으로 내밀고 앉았다 일어서기,23.256,,mp4,0AUDLJ08S_00214.mp4,"Gluteus Maximus,Quadriceps Femoris",http://openapi.kspo.or.kr/web/image/0AUDLJ08S_00214/,5,동영상,
"큰볼기근,넙다리네갈래근",,http://openapi.kspo.or.kr/web/video/,"실내에서 할 수 있는 운동 중, 한발 앞으로 내밀고 앉았다 일어서기운동을 설명한 운동처방 동영상",9294777,29.96,442,1280*720,덤벨,공통,726,,0AUDLJ08S_00214_SC_00005.jpeg,"대둔근,대퇴사두근",2021,헬스장,58,"엉덩이,앞쪽 넓적다리",한국어,한발 앞으로 내밀고 앉았다 일어서기(덤벨),20221004,"골반의 근,하지의 근",한발 앞으로 내밀고 앉았다 일어서기,24.224,,mp4,0AUDLJ08S_00214.mp4,"Gluteus Maximus,Quadriceps Femoris",http://openapi.kspo.or.kr/web/image/0AUDLJ08S_00214/,6,동영상,
"큰볼기근,넙다리네갈래근",,http://openapi.kspo.or.kr/web/video/,"실내에서 할 수 있는 운동 중, 한발 앞으로 내밀고 앉았다 일어서기운동을 설명한 운동처방 동영상",9294777,29.96,443,1280*720,덤벨,공통,842,,0AUDLJ08S_00214_SC_00006.jpeg,"대둔근,대퇴사두근",2021,헬스장,58,"엉덩이,앞쪽 넓적다리",한국어,한발 앞으로 내밀고 앉았다 일어서기(덤벨),20221004,"골반의 근,하지의 근",한발 앞으로 내밀고 앉았다 일어서기,28.094,,mp4,0AUDLJ08S_00214.mp4,"Gluteus Maximus,Quadriceps Femoris",http://openapi.kspo.or.kr/web/image/0AUDLJ08S_00214/,7,동영상,
"큰볼기근,넙다리네갈래근",,http://openapi.kspo.or.kr/web/video/,"실내에서 할 수 있는 운동 중, 한발 앞으로 내밀고 앉았다 일어서기운동을 설명한 운동처방 동영상",9294777,29.96,444,1280*720,덤벨,공통,871,,0AUDLJ08S_00214_SC_00007.jpeg,"대둔근,대퇴사두근",2021,헬스장,58,"엉덩이,앞쪽 넓적다리",한국어,한발 앞으로 내밀고 앉았다 일어서기(덤벨),20221004,"골반의 근,하지의 근",한발 앞으로 내밀고 앉았다 일어서기,29.062,,mp4,0AUDLJ08S_00214.mp4,"Gluteus Maximus,Quadriceps Femoris",http://openapi.kspo.or.kr/web/image/0AUDLJ08S_00214/,8,동영상,
"큰볼기근,넙다리네갈래근",,http://openapi.kspo.or.kr/web/video/,"실내에서 할 수 있는 운동 중, 한발 앞으로 내밀고 앉았다 일어서기운동을 설명한 운동처방 동영상",9294777,29.96,445,1280*720,덤벨,공통,900,,0AUDLJ08S_00214_SC_00008.jpeg,"대둔근,대퇴사두근",2021,헬스장,58,"엉덩이,앞쪽 넓적다리",한국어,한발 앞으로 내밀고 앉았다 일어서기(덤벨),20221004,"골반의 근,하지의 근",한발 앞으로 내밀고 앉았다 일어서기,30.03,,mp4,0AUDLJ08S_00214.mp4,"Gluteus Maximus,Quadriceps Femoris",http://openapi.kspo.or.kr/web/image/0AUDLJ08S_00214/,9,동영상,
"큰볼기근,넙다리네갈래근",,http://openapi.kspo.or.kr/web/video/,"실내에서 할 수 있는 운동 중, 한발 앞으로 내밀고 앉았다 일어서기운동을 설명한 운동처방 동영상",9294777,29.96,446,1280*720,덤벨,공통,958,,0AUDLJ08S_00214_SC_00009.jpeg,"대둔근,대퇴사두근",2021,헬스장,58,"엉덩이,앞쪽 넓적다리",한국어,한발 앞으로 내밀고 앉았다 일어서기(덤벨),20221004,"골반의 근,하지의 근",한발 앞으로 내밀고 앉았다 일어서기,31.965,,mp4,0AUDLJ08S_00214.mp4,"Gluteus Maximus,Quadriceps Femoris",http://openapi.kspo.or.kr/web/image/0AUDLJ08S_00214/,10,동영상,
"큰볼기근,넙다리네갈래근",,http://openapi.kspo.or.kr/web/video/,"실내에서 할 수 있는 운동 중, 한발 앞으로 내밀고 앉았다 일어서기운동을 설명한 운동처방 동영상",9294777,29.96,447,1280*720,덤벨,공통,987,,0AUDLJ08S_00214_SC_00010.jpeg,"대둔근,대퇴사두근",2021,헬스장,58,"엉덩이,앞쪽 넓적다리",한국어,한발 앞으로 내밀고 앉았다 일어서기(덤벨),20221004,"골반의 근,하지의 근",한발 앞으로 내밀고 앉았다 일어서기,32.932,,mp4,0AUDLJ08S_00214.mp4,"Gluteus Maximus,Quadriceps Femoris",http://openapi.kspo.or.kr/web/image/0AUDLJ08S_00214/,11,동영상,
"큰볼기근,넙다리네갈래근",,http://openapi.kspo.or.kr/web/video/,"실내에서 할 수 있는 운동 중, 한발 앞으로 내밀고 앉았다 일어서기운동을 설명한 운동처방 동영상",9294777,29.96,448,1280*720,덤벨,공통,1016,,0AUDLJ08S_00214_SC_00011.jpeg,"대둔근,대퇴사두근",2021,헬스장,58,"엉덩이,앞쪽 넓적다리",한국어,한발 앞으로 내밀고 앉았다 일어서기(덤벨),20221004,"골반의 근,하지의 근",한발 앞으로 내밀고 앉았다 일어서기,33.9,,mp4,0AUDLJ08S_00214.mp4,"Gluteus Maximus,Quadriceps Femoris",http://openapi.kspo.or.kr/web/image/0AUDLJ08S_00214/,12,동영상,
"큰볼기근,넙다리네갈래근",,http://openapi.kspo.or.kr/web/video/,"실내에서 할 수 있는 운동 중, 한발 앞으로 내밀고 앉았다 일어서기운동을 설명한 운동처방 동영상",9294777,29.96,449,1280*720,덤벨,공통,1335,,0AUDLJ08S_00214_SC_00012.jpeg,"대둔근,대퇴사두근",2021,헬스장,58,"엉덩이,앞쪽 넓적다리",한국어,한발 앞으로 내밀고 앉았다 일어서기(덤벨),20221004,"골반의 근,하지의 근",한발 앞으로 내밀고 앉았다 일어서기,44.544,,mp4,0AUDLJ08S_00214.mp4,"Gluteus Maximus,Quadriceps Femoris",http://openapi.kspo.or.kr/web/image/0AUDLJ08S_00214/,13,동영상,
등세모근,,http://openapi.kspo.or.kr/web/video/,"실내에서 할 수 있는 운동 중, 서서 어깨 들어올리기운동을 설명한 운동처방 동영상",10594187,29.96,450,1280*720,바벨,공통,1074,,0AUDLJ08S_00215_SC_00011.jpeg,승모근,2021,헬스장,67,등,한국어,서서 어깨 들어올리기,20220930,등과 허리의 근,서서 어깨 들어올리기,35.835,,mp4,0AUDLJ08S_00215.mp4,Trapezius,http://openapi.kspo.or.kr/web/image/0AUDLJ08S_00215/,11,동영상,
등세모근,,http://openapi.kspo.or.kr/web/video/,"실내에서 할 수 있는 운동 중, 서서 어깨 들어올리기운동을 설명한 운동처방 동영상",10594187,29.96,451,1280*720,바벨,공통,581,,0AUDLJ08S_00215_SC_00006.jpeg,승모근,2021,헬스장,67,등,한국어,서서 어깨 들어올리기,20220930,등과 허리의 근,서서 어깨 들어올리기,19.386,,mp4,0AUDLJ08S_00215.mp4,Trapezius,http://openapi.kspo.or.kr/web/image/0AUDLJ08S_00215/,6,동영상,
등세모근,,http://openapi.kspo.or.kr/web/video/,"실내에서 할 수 있는 운동 중, 서서 어깨 들어올리기운동을 설명한 운동처방 동영상",10594187,29.96,452,1280*720,바벨,공통,1103,,0AUDLJ08S_00215_SC_00012.jpeg,승모근,2021,헬스장,67,등,한국어,서서 어깨 들어올리기,20220930,등과 허리의 근,서서 어깨 들어올리기,36.803,,mp4,0AUDLJ08S_00215.mp4,Trapezius,http://openapi.kspo.or.kr/web/image/0AUDLJ08S_00215/,12,동영상,
등세모근,,http://openapi.kspo.or.kr/web/video/,"실내에서 할 수 있는 운동 중, 서서 어깨 들어올리기운동을 설명한 운동처방 동영상",10594187,29.96,453,1280*720,바벨,공통,117,,0AUDLJ08S_00215_SC_00001.jpeg,승모근,2021,헬스장,67,등,한국어,서서 어깨 들어올리기,20220930,등과 허리의 근,서서 어깨 들어올리기,3.903,,mp4,0AUDLJ08S_00215.mp4,Trapezius,http://openapi.kspo.or.kr/web/image/0AUDLJ08S_00215/,1,동영상,
등세모근,,http://openapi.kspo.or.kr/web/video/,"실내에서 할 수 있는 운동 중, 서서 어깨 들어올리기운동을 설명한 운동처방 동영상",10594187,29.96,454,1280*720,바벨,공통,146,,0AUDLJ08S_00215_SC_00002.jpeg,승모근,2021,헬스장,67,등,한국어,서서 어깨 들어올리기,20220930,등과 허리의 근,서서 어깨 들어올리기,4.871,,mp4,0AUDLJ08S_00215.mp4,Trapezius,http://openapi.kspo.or.kr/web/image/0AUDLJ08S_00215/,2,동영상,
등세모근,,http://openapi.kspo.or.kr/web/video/,"실내에서 할 수 있는 운동 중, 서서 어깨 들어올리기운동을 설명한 운동처방 동영상",10594187,29.96,455,1280*720,바벨,공통,407,,0AUDLJ08S_00215_SC_00003.jpeg,승모근,2021,헬스장,67,등,한국어,서서 어깨 들어올리기,20220930,등과 허리의 근,서서 어깨 들어올리기,13.58,,mp4,0AUDLJ08S_00215.mp4,Trapezius,http://openapi.kspo.or.kr/web/image/0AUDLJ08S_00215/,3,동영상,
등세모근,,http://openapi.kspo.or.kr/web/video/,"실내에서 할 수 있는 운동 중, 서서 어깨 들어올리기운동을 설명한 운동처방 동영상",10594187,29.96,456,1280*720,바벨,공통,465,,0AUDLJ08S_00215_SC_00004.jpeg,승모근,2021,헬스장,67,등,한국어,서서 어깨 들어올리기,20220930,등과 허리의 근,서서 어깨 들어올리기,15.515,,mp4,0AUDLJ08S_00215.mp4,Trapezius,http://openapi.kspo.or.kr/web/image/0AUDLJ08S_00215/,4,동영상,
등세모근,,http://openapi.kspo.or.kr/web/video/,"실내에서 할 수 있는 운동 중, 서서 어깨 들어올리기운동을 설명한 운동처방 동영상",10594187,29.96,457,1280*720,바벨,공통,552,,0AUDLJ08S_00215_SC_00005.jpeg,승모근,2021,헬스장,67,등,한국어,서서 어깨 들어올리기,20220930,등과 허리의 근,서서 어깨 들어올리기,18.418,,mp4,0AUDLJ08S_00215.mp4,Trapezius,http://openapi.kspo.or.kr/web/image/0AUDLJ08S_00215/,5,동영상,
등세모근,,http://openapi.kspo.or.kr/web/video/,"실내에서 할 수 있는 운동 중, 서서 어깨 들어올리기운동을 설명한 운동처방 동영상",10594187,29.96,458,1280*720,바벨,공통,668,,0AUDLJ08S_00215_SC_00007.jpeg,승모근,2021,헬스장,67,등,한국어,서서 어깨 들어올리기,20220930,등과 허리의 근,서서 어깨 들어올리기,22.288,,mp4,0AUDLJ08S_00215.mp4,Trapezius,http://openapi.kspo.or.kr/web/image/0AUDLJ08S_00215/,7,동영상,
등세모근,,http://openapi.kspo.or.kr/web/video/,"실내에서 할 수 있는 운동 중, 서서 어깨 들어올리기운동을 설명한 운동처방 동영상",10594187,29.96,459,1280*720,바벨,공통,958,,0AUDLJ08S_00215_SC_00008.jpeg,승모근,2021,헬스장,67,등,한국어,서서 어깨 들어올리기,20220930,등과 허리의 근,서서 어깨 들어올리기,31.965,,mp4,0AUDLJ08S_00215.mp4,Trapezius,http://openapi.kspo.or.kr/web/image/0AUDLJ08S_00215/,8,동영상,
등세모근,,http://openapi.kspo.or.kr/web/video/,"실내에서 할 수 있는 운동 중, 서서 어깨 들어올리기운동을 설명한 운동처방 동영상",10594187,29.96,460,1280*720,바벨,공통,1016,,0AUDLJ08S_00215_SC_00009.jpeg,승모근,2021,헬스장,67,등,한국어,서서 어깨 들어올리기,20220930,등과 허리의 근,서서 어깨 들어올리기,33.9,,mp4,0AUDLJ08S_00215.mp4,Trapezius,http://openapi.kspo.or.kr/web/image/0AUDLJ08S_00215/,9,동영상,
등세모근,,http://openapi.kspo.or.kr/web/video/,"실내에서 할 수 있는 운동 중, 서서 어깨 들어올리기운동을 설명한 운동처방 동영상",10594187,29.96,461,1280*720,바벨,공통,1045,,0AUDLJ08S_00215_SC_00010.jpeg,승모근,2021,헬스장,67,등,한국어,서서 어깨 들어올리기,20220930,등과 허리의 근,서서 어깨 들어올리기,34.868,,mp4,0AUDLJ08S_00215.mp4,Trapezius,http://openapi.kspo.or.kr/web/image/0AUDLJ08S_00215/,10,동영상,
등세모근,,http://openapi.kspo.or.kr/web/video/,"실내에서 할 수 있는 운동 중, 서서 어깨 들어올리기운동을 설명한 운동처방 동영상",10594187,29.96,462,1280*720,바벨,공통,1132,,0AUDLJ08S_00215_SC_00013.jpeg,승모근,2021,헬스장,67,등,한국어,서서 어깨 들어올리기,20220930,등과 허리의 근,서서 어깨 들어올리기,37.771,,mp4,0AUDLJ08S_00215.mp4,Trapezius,http://openapi.kspo.or.kr/web/image/0AUDLJ08S_00215/,13,동영상,
등세모근,,http://openapi.kspo.or.kr/web/video/,"실내에서 할 수 있는 운동 중, 서서 어깨 들어올리기운동을 설명한 운동처방 동영상",10594187,29.96,463,1280*720,바벨,공통,1306,,0AUDLJ08S_00215_SC_00014.jpeg,승모근,2021,헬스장,67,등,한국어,서서 어깨 들어올리기,20220930,등과 허리의 근,서서 어깨 들어올리기,43.576,,mp4,0AUDLJ08S_00215.mp4,Trapezius,http://openapi.kspo.or.kr/web/image/0AUDLJ08S_00215/,14,동영상,
등세모근,,http://openapi.kspo.or.kr/web/video/,"실내에서 할 수 있는 운동 중, 서서 어깨 들어올리기운동을 설명한 운동처방 동영상",10594187,29.96,464,1280*720,바벨,공통,1567,,0AUDLJ08S_00215_SC_00015.jpeg,승모근,2021,헬스장,67,등,한국어,서서 어깨 들어올리기,20220930,등과 허리의 근,서서 어깨 들어올리기,52.285,,mp4,0AUDLJ08S_00215.mp4,Trapezius,http://openapi.kspo.or.kr/web/image/0AUDLJ08S_00215/,15,동영상,
등세모근,,http://openapi.kspo.or.kr/web/video/,"실내에서 할 수 있는 운동 중, 서서 어깨 들어올리기운동을 설명한 운동처방 동영상",10594187,29.96,465,1280*720,바벨,공통,1770,,0AUDLJ08S_00215_SC_00016.jpeg,승모근,2021,헬스장,67,등,한국어,서서 어깨 들어올리기,20220930,등과 허리의 근,서서 어깨 들어올리기,59.059,,mp4,0AUDLJ08S_00215.mp4,Trapezius,http://openapi.kspo.or.kr/web/image/0AUDLJ08S_00215/,16,동영상,
"넓은등근,등세모근,큰원근",,http://openapi.kspo.or.kr/web/video/,"실내에서 할 수 있는 운동 중, 턱걸이운동을 설명한 운동처방 동영상",7974161,29.96,466,1280*720,헬스기구,공통,90,,0AUDLJ08S_00216_FR_00002.jpeg,"광배근,승모근,대원근",2021,헬스장,50,"등,등,안쪽 어깨",한국어,턱걸이,20221111,"등과 허리의 근,등과 허리의 근,상지의 근",턱걸이,3.003,,mp4,0AUDLJ08S_00216.mp4,"Latissimus Dorsi,Trapezius,Teres Major",http://openapi.kspo.or.kr/web/image/0AUDLJ08S_00216/,1,동영상,
"넓은등근,등세모근,큰원근",,http://openapi.kspo.or.kr/web/video/,"실내에서 할 수 있는 운동 중, 턱걸이운동을 설명한 운동처방 동영상",7974161,29.96,467,1280*720,헬스기구,공통,465,,0AUDLJ08S_00216_SC_00006.jpeg,"광배근,승모근,대원근",2021,헬스장,50,"등,등,안쪽 어깨",한국어,턱걸이,20221019,"등과 허리의 근,등과 허리의 근,상지의 근",턱걸이,15.515,,mp4,0AUDLJ08S_00216.mp4,"Latissimus Dorsi,Trapezius,Teres Major",http://openapi.kspo.or.kr/web/image/0AUDLJ08S_00216/,2,동영상,
"넓은등근,등세모근,큰원근",,http://openapi.kspo.or.kr/web/video/,"실내에서 할 수 있는 운동 중, 턱걸이운동을 설명한 운동처방 동영상",7974161,29.96,468,1280*720,헬스기구,공통,1161,,0AUDLJ08S_00216_SC_00020.jpeg,"광배근,승모근,대원근",2021,헬스장,50,"등,등,안쪽 어깨",한국어,턱걸이,20221019,"등과 허리의 근,등과 허리의 근,상지의 근",턱걸이,38.738,,mp4,0AUDLJ08S_00216.mp4,"Latissimus Dorsi,Trapezius,Teres Major",http://openapi.kspo.or.kr/web/image/0AUDLJ08S_00216/,3,동영상,
넓은등근,,http://openapi.kspo.or.kr/web/video/,"실내에서 할 수 있는 운동 중, 바벨 끌어당기기운동을 설명한 운동처방 동영상",15209896,29.96,469,1280*720,바벨,공통,117,,0AUDLJ08S_00217_SC_00001.jpeg,광배근,2021,헬스장,94,등,한국어,바벨 끌어당기기,20220929,등과 허리의 근,바벨 끌어당기기,3.903,,mp4,0AUDLJ08S_00217.mp4,Latissimus Dorsi,http://openapi.kspo.or.kr/web/image/0AUDLJ08S_00217/,1,동영상,
넓은등근,,http://openapi.kspo.or.kr/web/video/,"실내에서 할 수 있는 운동 중, 바벨 끌어당기기운동을 설명한 운동처방 동영상",15209896,29.96,470,1280*720,바벨,공통,146,,0AUDLJ08S_00217_SC_00002.jpeg,광배근,2021,헬스장,94,등,한국어,바벨 끌어당기기,20220929,등과 허리의 근,바벨 끌어당기기,4.871,,mp4,0AUDLJ08S_00217.mp4,Latissimus Dorsi,http://openapi.kspo.or.kr/web/image/0AUDLJ08S_00217/,2,동영상,
넓은등근,,http://openapi.kspo.or.kr/web/video/,"실내에서 할 수 있는 운동 중, 바벨 끌어당기기운동을 설명한 운동처방 동영상",15209896,29.96,471,1280*720,바벨,공통,407,,0AUDLJ08S_00217_SC_00003.jpeg,광배근,2021,헬스장,94,등,한국어,바벨 끌어당기기,20220929,등과 허리의 근,바벨 끌어당기기,13.58,,mp4,0AUDLJ08S_00217.mp4,Latissimus Dorsi,http://openapi.kspo.or.kr/web/image/0AUDLJ08S_00217/,3,동영상,
넓은등근,,http://openapi.kspo.or.kr/web/video/,"실내에서 할 수 있는 운동 중, 바벨 끌어당기기운동을 설명한 운동처방 동영상",15209896,29.96,472,1280*720,바벨,공통,436,,0AUDLJ08S_00217_SC_00004.jpeg,광배근,2021,헬스장,94,등,한국어,바벨 끌어당기기,20220929,등과 허리의 근,바벨 끌어당기기,14.547,,mp4,0AUDLJ08S_00217.mp4,Latissimus Dorsi,http://openapi.kspo.or.kr/web/image/0AUDLJ08S_00217/,4,동영상,
넓은등근,,http://openapi.kspo.or.kr/web/video/,"실내에서 할 수 있는 운동 중, 바벨 끌어당기기운동을 설명한 운동처방 동영상",15209896,29.96,473,1280*720,바벨,공통,465,,0AUDLJ08S_00217_SC_00005.jpeg,광배근,2021,헬스장,94,등,한국어,바벨 끌어당기기,20220929,등과 허리의 근,바벨 끌어당기기,15.515,,mp4,0AUDLJ08S_00217.mp4,Latissimus Dorsi,http://openapi.kspo.or.kr/web/image/0AUDLJ08S_00217/,5,동영상,
넓은등근,,http://openapi.kspo.or.kr/web/video/,"실내에서 할 수 있는 운동 중, 바벨 끌어당기기운동을 설명한 운동처방 동영상",15209896,29.96,474,1280*720,바벨,공통,523,,0AUDLJ08S_00217_SC_00006.jpeg,광배근,2021,헬스장,94,등,한국어,바벨 끌어당기기,20220929,등과 허리의 근,바벨 끌어당기기,17.45,,mp4,0AUDLJ08S_00217.mp4,Latissimus Dorsi,http://openapi.kspo.or.kr/web/image/0AUDLJ08S_00217/,6,동영상,
넓은등근,,http://openapi.kspo.or.kr/web/video/,"실내에서 할 수 있는 운동 중, 바벨 끌어당기기운동을 설명한 운동처방 동영상",15209896,29.96,475,1280*720,바벨,공통,610,,0AUDLJ08S_00217_SC_00007.jpeg,광배근,2021,헬스장,94,등,한국어,바벨 끌어당기기,20220929,등과 허리의 근,바벨 끌어당기기,20.353,,mp4,0AUDLJ08S_00217.mp4,Latissimus Dorsi,http://openapi.kspo.or.kr/web/image/0AUDLJ08S_00217/,7,동영상,
넓은등근,,http://openapi.kspo.or.kr/web/video/,"실내에서 할 수 있는 운동 중, 바벨 끌어당기기운동을 설명한 운동처방 동영상",15209896,29.96,476,1280*720,바벨,공통,987,,0AUDLJ08S_00217_SC_00008.jpeg,광배근,2021,헬스장,94,등,한국어,바벨 끌어당기기,20220929,등과 허리의 근,바벨 끌어당기기,32.932,,mp4,0AUDLJ08S_00217.mp4,Latissimus Dorsi,http://openapi.kspo.or.kr/web/image/0AUDLJ08S_00217/,8,동영상,
넓은등근,,http://openapi.kspo.or.kr/web/video/,"실내에서 할 수 있는 운동 중, 바벨 끌어당기기운동을 설명한 운동처방 동영상",15209896,29.96,477,1280*720,바벨,공통,1364,,0AUDLJ08S_00217_SC_00009.jpeg,광배근,2021,헬스장,94,등,한국어,바벨 끌어당기기,20220929,등과 허리의 근,바벨 끌어당기기,45.512,,mp4,0AUDLJ08S_00217.mp4,Latissimus Dorsi,http://openapi.kspo.or.kr/web/image/0AUDLJ08S_00217/,9,동영상,
넓은등근,,http://openapi.kspo.or.kr/web/video/,"실내에서 할 수 있는 운동 중, 바벨 끌어당기기운동을 설명한 운동처방 동영상",15209896,29.96,478,1280*720,바벨,공통,1654,,0AUDLJ08S_00217_SC_00010.jpeg,광배근,2021,헬스장,94,등,한국어,바벨 끌어당기기,20220929,등과 허리의 근,바벨 끌어당기기,55.188,,mp4,0AUDLJ08S_00217.mp4,Latissimus Dorsi,http://openapi.kspo.or.kr/web/image/0AUDLJ08S_00217/,10,동영상,
넓은등근,,http://openapi.kspo.or.kr/web/video/,"실내에서 할 수 있는 운동 중, 바벨 끌어당기기운동을 설명한 운동처방 동영상",15209896,29.96,479,1280*720,바벨,공통,1973,,0AUDLJ08S_00217_SC_00011.jpeg,광배근,2021,헬스장,94,등,한국어,바벨 끌어당기기,20220929,등과 허리의 근,바벨 끌어당기기,65.832,,mp4,0AUDLJ08S_00217.mp4,Latissimus Dorsi,http://openapi.kspo.or.kr/web/image/0AUDLJ08S_00217/,11,동영상,
넓은등근,,http://openapi.kspo.or.kr/web/video/,"실내에서 할 수 있는 운동 중, 바벨 끌어당기기운동을 설명한 운동처방 동영상",15209896,29.96,480,1280*720,바벨,공통,2292,,0AUDLJ08S_00217_SC_00012.jpeg,광배근,2021,헬스장,94,등,한국어,바벨 끌어당기기,20220929,등과 허리의 근,바벨 끌어당기기,76.476,,mp4,0AUDLJ08S_00217.mp4,Latissimus Dorsi,http://openapi.kspo.or.kr/web/image/0AUDLJ08S_00217/,12,동영상,
넓은등근,,http://openapi.kspo.or.kr/web/video/,"실내에서 할 수 있는 운동 중, 바벨 끌어당기기운동을 설명한 운동처방 동영상",15209896,29.96,481,1280*720,바벨,공통,2524,,0AUDLJ08S_00217_SC_00013.jpeg,광배근,2021,헬스장,94,등,한국어,바벨 끌어당기기,20220929,등과 허리의 근,바벨 끌어당기기,84.217,,mp4,0AUDLJ08S_00217.mp4,Latissimus Dorsi,http://openapi.kspo.or.kr/web/image/0AUDLJ08S_00217/,13,동영상,
"등세모근,어깨세모근,위팔세갈래근",,http://openapi.kspo.or.kr/web/video/,"실내에서 할 수 있는 운동 중, 허리 굽혀 덤벨 들기운동을 설명한 운동처방 동영상",10700287,29.96,482,1280*720,덤벨,공통,59,,0AUDLJ08S_00218_SC_00001.jpeg,"승모근,삼각근,상완삼두근",2021,헬스장,65,"등,바깥쪽 어깨,뒤쪽 위팔",한국어,허리 굽혀 덤벨 들기,20221111,"등과 허리의 근,상지의 근,상지의 근",허리 굽혀 덤벨 들기,1.968,,mp4,0AUDLJ08S_00218.mp4,"Trapezius,Deltoid,Triceps Brachii",http://openapi.kspo.or.kr/web/image/0AUDLJ08S_00218/,1,동영상,
등세모근,,http://openapi.kspo.or.kr/web/video/,"소도구를 활용한 근육 완화 운동 중, 공을 활용한 운동처방 동영상",53242921,29.96,483,1280*720,테니스공,공통,2727,,0AUDLJ08S_01017_SC_00010.jpeg,승모근,2021,실내,331,등,한국어,목 외측,20221004,등과 허리의 근,테니스공을 활용한 뭉친근육 완화 운동,90.99,,mp4,0AUDLJ08S_01017.mp4,Trapezius,http://openapi.kspo.or.kr/web/image/0AUDLJ08S_01017/,10,동영상,
"등세모근,어깨세모근,위팔세갈래근",,http://openapi.kspo.or.kr/web/video/,"실내에서 할 수 있는 운동 중, 허리 굽혀 덤벨 들기운동을 설명한 운동처방 동영상",10700287,29.96,484,1280*720,덤벨,공통,270,,0AUDLJ08S_00218_FR_00004.jpeg,"승모근,삼각근,상완삼두근",2021,헬스장,65,"등,바깥쪽 어깨,뒤쪽 위팔",한국어,허리 굽혀 덤벨 들기,20221024,"등과 허리의 근,상지의 근,상지의 근",허리 굽혀 덤벨 들기,9.009,,mp4,0AUDLJ08S_00218.mp4,"Trapezius,Deltoid,Triceps Brachii",http://openapi.kspo.or.kr/web/image/0AUDLJ08S_00218/,2,동영상,
"등세모근,어깨세모근,위팔세갈래근",,http://openapi.kspo.or.kr/web/video/,"실내에서 할 수 있는 운동 중, 허리 굽혀 덤벨 들기운동을 설명한 운동처방 동영상",10700287,29.96,485,1280*720,덤벨,공통,929,,0AUDLJ08S_00218_SC_00009.jpeg,"승모근,삼각근,상완삼두근",2021,헬스장,65,"등,바깥쪽 어깨,뒤쪽 위팔",한국어,허리 굽혀 덤벨 들기,20221024,"등과 허리의 근,상지의 근,상지의 근",허리 굽혀 덤벨 들기,30.997,,mp4,0AUDLJ08S_00218.mp4,"Trapezius,Deltoid,Triceps Brachii",http://openapi.kspo.or.kr/web/image/0AUDLJ08S_00218/,3,동영상,
"등세모근,어깨세모근,위팔세갈래근",,http://openapi.kspo.or.kr/web/video/,"실내에서 할 수 있는 운동 중, 허리 굽혀 덤벨 들기운동을 설명한 운동처방 동영상",10700287,29.96,486,1280*720,덤벨,공통,1045,,0AUDLJ08S_00218_SC_00013.jpeg,"승모근,삼각근,상완삼두근",2021,헬스장,65,"등,바깥쪽 어깨,뒤쪽 위팔",한국어,허리 굽혀 덤벨 들기,20221024,"등과 허리의 근,상지의 근,상지의 근",허리 굽혀 덤벨 들기,34.868,,mp4,0AUDLJ08S_00218.mp4,"Trapezius,Deltoid,Triceps Brachii",http://openapi.kspo.or.kr/web/image/0AUDLJ08S_00218/,4,동영상,
"등세모근,어깨세모근,위팔세갈래근",,http://openapi.kspo.or.kr/web/video/,"실내에서 할 수 있는 운동 중, 허리 굽혀 덤벨 들기운동을 설명한 운동처방 동영상",10700287,29.96,487,1280*720,덤벨,공통,1422,,0AUDLJ08S_00218_SC_00019.jpeg,"승모근,삼각근,상완삼두근",2021,헬스장,65,"등,바깥쪽 어깨,뒤쪽 위팔",한국어,허리 굽혀 덤벨 들기,20221024,"등과 허리의 근,상지의 근,상지의 근",허리 굽혀 덤벨 들기,47.447,,mp4,0AUDLJ08S_00218.mp4,"Trapezius,Deltoid,Triceps Brachii",http://openapi.kspo.or.kr/web/image/0AUDLJ08S_00218/,5,동영상,
,,http://openapi.kspo.or.kr/web/video/,"실내에서 할 수 있는 운동 중, 매달려서 다리 들기운동을 설명한 운동처방 동영상",6943460,29.96,488,1280*720,봉,공통,88,,0AUDLJ08S_00219_SC_00001.jpeg,,2021,헬스장,44,,한국어,매달려서 다리 들기,20220929,,매달려서 다리 들기,2.936,,mp4,0AUDLJ08S_00219.mp4,,http://openapi.kspo.or.kr/web/image/0AUDLJ08S_00219/,1,동영상,
"엉덩허리근,배곧은근",,http://openapi.kspo.or.kr/web/video/,"실내에서 할 수 있는 운동 중, 매달려서 다리 들기운동을 설명한 운동처방 동영상",6943460,29.96,489,1280*720,봉,공통,378,,0AUDLJ08S_00219_SC_00006.jpeg,"장요근,복직근",2021,헬스장,44,"앞쪽 골반,복부",한국어,매달려서 다리 들기,20221114,"골반의 근,복부의 근",매달려서 다리 들기,12.612,,mp4,0AUDLJ08S_00219.mp4,"Iliopsoas,Rectus Abdominis",http://openapi.kspo.or.kr/web/image/0AUDLJ08S_00219/,2,동영상,
"엉덩허리근,배곧은근",,http://openapi.kspo.or.kr/web/video/,"실내에서 할 수 있는 운동 중, 매달려서 다리 들기운동을 설명한 운동처방 동영상",6943460,29.96,490,1280*720,봉,공통,436,,0AUDLJ08S_00219_SC_00007.jpeg,"장요근,복직근",2021,헬스장,44,"앞쪽 골반,복부",한국어,매달려서 다리 들기,20221114,"골반의 근,복부의 근",매달려서 다리 들기,14.547,,mp4,0AUDLJ08S_00219.mp4,"Iliopsoas,Rectus Abdominis",http://openapi.kspo.or.kr/web/image/0AUDLJ08S_00219/,3,동영상,
"엉덩허리근,배곧은근",,http://openapi.kspo.or.kr/web/video/,"실내에서 할 수 있는 운동 중, 매달려서 다리 들기운동을 설명한 운동처방 동영상",6943460,29.96,491,1280*720,봉,공통,610,,0AUDLJ08S_00219_SC_00010.jpeg,"장요근,복직근",2021,헬스장,44,"앞쪽 골반,복부",한국어,매달려서 다리 들기,20221114,"골반의 근,복부의 근",매달려서 다리 들기,20.353,,mp4,0AUDLJ08S_00219.mp4,"Iliopsoas,Rectus Abdominis",http://openapi.kspo.or.kr/web/image/0AUDLJ08S_00219/,4,동영상,
배곧은근,,http://openapi.kspo.or.kr/web/video/,"실내에서 할 수 있는 운동 중, 매달려서 다리 들기운동을 설명한 운동처방 동영상",6943460,29.96,492,1280*720,봉,공통,697,,0AUDLJ08S_00219_SC_00011.jpeg,복직근,2021,헬스장,44,복부,한국어,매달려서 다리 들기,20220929,복부의 근,매달려서 다리 들기,23.256,,mp4,0AUDLJ08S_00219.mp4,Rectus Abdominis,http://openapi.kspo.or.kr/web/image/0AUDLJ08S_00219/,5,동영상,
"엉덩허리근,배곧은근",,http://openapi.kspo.or.kr/web/video/,"실내에서 할 수 있는 운동 중, 매달려서 다리 들기운동을 설명한 운동처방 동영상",6943460,29.96,493,1280*720,봉,공통,871,,0AUDLJ08S_00219_SC_00012.jpeg,"장요근,복직근",2021,헬스장,44,"앞쪽 골반,복부",한국어,매달려서 다리 들기,20221114,"골반의 근,복부의 근",매달려서 다리 들기,29.062,,mp4,0AUDLJ08S_00219.mp4,"Iliopsoas,Rectus Abdominis",http://openapi.kspo.or.kr/web/image/0AUDLJ08S_00219/,6,동영상,
"엉덩허리근,배곧은근",,http://openapi.kspo.or.kr/web/video/,"실내에서 할 수 있는 운동 중, 매달려서 다리 들기운동을 설명한 운동처방 동영상",6943460,29.96,494,1280*720,봉,공통,1045,,0AUDLJ08S_00219_SC_00013.jpeg,"장요근,복직근",2021,헬스장,44,"앞쪽 골반,복부",한국어,매달려서 다리 들기,20221114,"골반의 근,복부의 근",매달려서 다리 들기,34.868,,mp4,0AUDLJ08S_00219.mp4,"Iliopsoas,Rectus Abdominis",http://openapi.kspo.or.kr/web/image/0AUDLJ08S_00219/,7,동영상,
,,http://openapi.kspo.or.kr/web/video/,"실내에서 할 수 있는 운동 중, 몸통 옆으로 굽히기운동을 설명한 운동처방 동영상",9624158,29.96,495,1280*720,덤벨,공통,90,,0AUDLJ08S_00220_FR_00002.jpeg,,2021,헬스장,59,,한국어,몸통 옆으로 굽히기,20220929,,몸통 옆으로 굽히기,3.003,,mp4,0AUDLJ08S_00220.mp4,,http://openapi.kspo.or.kr/web/image/0AUDLJ08S_00220/,1,동영상,
"앞톱니근,배빗근",,http://openapi.kspo.or.kr/web/video/,"실내에서 할 수 있는 운동 중, 몸통 옆으로 굽히기운동을 설명한 운동처방 동영상",9624158,29.96,496,1280*720,덤벨,공통,755,,0AUDLJ08S_00220_SC_00004.jpeg,"전거근,복사근",2021,헬스장,59,"가슴,복부",한국어,몸통 옆으로 굽히기,20220929,"가슴의 근,복부의 근",몸통 옆으로 굽히기,25.191,,mp4,0AUDLJ08S_00220.mp4,"Serratus Anterior,Abdominal Oblique",http://openapi.kspo.or.kr/web/image/0AUDLJ08S_00220/,2,동영상,
"앞톱니근,배빗근",,http://openapi.kspo.or.kr/web/video/,"실내에서 할 수 있는 운동 중, 몸통 옆으로 굽히기운동을 설명한 운동처방 동영상",9624158,29.96,497,1280*720,덤벨,공통,900,,0AUDLJ08S_00220_SC_00005.jpeg,"전거근,복사근",2021,헬스장,59,"가슴,복부",한국어,몸통 옆으로 굽히기,20220929,"가슴의 근,복부의 근",몸통 옆으로 굽히기,30.03,,mp4,0AUDLJ08S_00220.mp4,"Serratus Anterior,Abdominal Oblique",http://openapi.kspo.or.kr/web/image/0AUDLJ08S_00220/,3,동영상,
"앞톱니근,배빗근",,http://openapi.kspo.or.kr/web/video/,"실내에서 할 수 있는 운동 중, 몸통 옆으로 굽히기운동을 설명한 운동처방 동영상",9624158,29.96,498,1280*720,덤벨,공통,1132,,0AUDLJ08S_00220_SC_00006.jpeg,"전거근,복사근",2021,헬스장,59,"가슴,복부",한국어,몸통 옆으로 굽히기,20220929,"가슴의 근,복부의 근",몸통 옆으로 굽히기,37.771,,mp4,0AUDLJ08S_00220.mp4,"Serratus Anterior,Abdominal Oblique",http://openapi.kspo.or.kr/web/image/0AUDLJ08S_00220/,4,동영상,
"앞톱니근,배빗근",,http://openapi.kspo.or.kr/web/video/,"실내에서 할 수 있는 운동 중, 몸통 옆으로 굽히기운동을 설명한 운동처방 동영상",9624158,29.96,499,1280*720,덤벨,공통,1364,,0AUDLJ08S_00220_SC_00008.jpeg,"전거근,복사근",2021,헬스장,59,"가슴,복부",한국어,몸통 옆으로 굽히기,20220929,"가슴의 근,복부의 근",몸통 옆으로 굽히기,45.512,,mp4,0AUDLJ08S_00220.mp4,"Serratus Anterior,Abdominal Oblique",http://openapi.kspo.or.kr/web/image/0AUDLJ08S_00220/,5,동영상,
"큰가슴근,위팔세갈래근",,http://openapi.kspo.or.kr/web/video/,"실내에서 할 수 있는 운동 중, 매달려서 뒤로 팔굽혀 펴기운동을 설명한 운동처방 동영상",6325462,29.96,500,1280*720,헬스기구,공통,90,,0AUDLJ08S_00221_FR_00002.jpeg,"대흉근,상완삼두근",2021,헬스장,40,"가슴,뒤쪽 위팔",한국어,매달려서 뒤로 팔 굽혀 펴기,20221111,"가슴의 근,상지의 근",매달려서 뒤로 팔굽혀 펴기,3.003,,mp4,0AUDLJ08S_00221.mp4,"Pectoralis Major,Triceps Brachii",http://openapi.kspo.or.kr/web/image/0AUDLJ08S_00221/,1,동영상,
"큰가슴근,위팔세갈래근",,http://openapi.kspo.or.kr/web/video/,"실내에서 할 수 있는 운동 중, 매달려서 뒤로 팔굽혀 펴기운동을 설명한 운동처방 동영상",6325462,29.96,501,1280*720,헬스기구,공통,523,,0AUDLJ08S_00221_SC_00005.jpeg,"대흉근,상완삼두근",2021,헬스장,40,"가슴,뒤쪽 위팔",한국어,매달려서 뒤로 팔 굽혀 펴기,20221018,"가슴의 근,상지의 근",매달려서 뒤로 팔굽혀 펴기,17.45,,mp4,0AUDLJ08S_00221.mp4,"Pectoralis Major,Triceps Brachii",http://openapi.kspo.or.kr/web/image/0AUDLJ08S_00221/,2,동영상,
"큰가슴근,위팔세갈래근",,http://openapi.kspo.or.kr/web/video/,"실내에서 할 수 있는 운동 중, 매달려서 뒤로 팔굽혀 펴기운동을 설명한 운동처방 동영상",6325462,29.96,502,1280*720,헬스기구,공통,810,,0AUDLJ08S_00221_FR_00010.jpeg,"대흉근,상완삼두근",2021,헬스장,40,"가슴,뒤쪽 위팔",한국어,매달려서 뒤로 팔 굽혀 펴기,20221018,"가슴의 근,상지의 근",매달려서 뒤로 팔굽혀 펴기,27.027,,mp4,0AUDLJ08S_00221.mp4,"Pectoralis Major,Triceps Brachii",http://openapi.kspo.or.kr/web/image/0AUDLJ08S_00221/,3,동영상,
큰가슴근,,http://openapi.kspo.or.kr/web/video/,"실내에서 할 수 있는 운동 중, 누워서 덤벨 들어올리기운동을 설명한 운동처방 동영상",9889349,29.96,503,1280*720,덤벨,공통,146,,0AUDLJ08S_00222_SC_00002.jpeg,대흉근,2021,헬스장,61,가슴,한국어,누워서 덤벨 들어올리기,20220929,가슴의 근,누워서 덤벨 들어올리기,4.871,,mp4,0AUDLJ08S_00222.mp4,Pectoralis Major,http://openapi.kspo.or.kr/web/image/0AUDLJ08S_00222/,1,동영상,
큰가슴근,,http://openapi.kspo.or.kr/web/video/,"실내에서 할 수 있는 운동 중, 누워서 덤벨 들어올리기운동을 설명한 운동처방 동영상",9889349,29.96,504,1280*720,덤벨,공통,378,,0AUDLJ08S_00222_SC_00003.jpeg,대흉근,2021,헬스장,61,가슴,한국어,누워서 덤벨 들어올리기,20220929,가슴의 근,누워서 덤벨 들어올리기,12.612,,mp4,0AUDLJ08S_00222.mp4,Pectoralis Major,http://openapi.kspo.or.kr/web/image/0AUDLJ08S_00222/,2,동영상,
큰가슴근,,http://openapi.kspo.or.kr/web/video/,"실내에서 할 수 있는 운동 중, 누워서 덤벨 들어올리기운동을 설명한 운동처방 동영상",9889349,29.96,505,1280*720,덤벨,공통,610,,0AUDLJ08S_00222_SC_00004.jpeg,대흉근,2021,헬스장,61,가슴,한국어,누워서 덤벨 들어올리기,20220929,가슴의 근,누워서 덤벨 들어올리기,20.353,,mp4,0AUDLJ08S_00222.mp4,Pectoralis Major,http://openapi.kspo.or.kr/web/image/0AUDLJ08S_00222/,3,동영상,
큰가슴근,,http://openapi.kspo.or.kr/web/video/,"실내에서 할 수 있는 운동 중, 누워서 덤벨 들어올리기운동을 설명한 운동처방 동영상",9889349,29.96,506,1280*720,덤벨,공통,813,,0AUDLJ08S_00222_SC_00005.jpeg,대흉근,2021,헬스장,61,가슴,한국어,누워서 덤벨 들어올리기,20220929,가슴의 근,누워서 덤벨 들어올리기,27.127,,mp4,0AUDLJ08S_00222.mp4,Pectoralis Major,http://openapi.kspo.or.kr/web/image/0AUDLJ08S_00222/,4,동영상,
큰가슴근,,http://openapi.kspo.or.kr/web/video/,"실내에서 할 수 있는 운동 중, 누워서 덤벨 들어올리기운동을 설명한 운동처방 동영상",9889349,29.96,507,1280*720,덤벨,공통,1132,,0AUDLJ08S_00222_SC_00006.jpeg,대흉근,2021,헬스장,61,가슴,한국어,누워서 덤벨 들어올리기,20220929,가슴의 근,누워서 덤벨 들어올리기,37.771,,mp4,0AUDLJ08S_00222.mp4,Pectoralis Major,http://openapi.kspo.or.kr/web/image/0AUDLJ08S_00222/,5,동영상,
큰가슴근,,http://openapi.kspo.or.kr/web/video/,"실내에서 할 수 있는 운동 중, 누워서 덤벨 들어올리기운동을 설명한 운동처방 동영상",9889349,29.96,508,1280*720,덤벨,공통,1393,,0AUDLJ08S_00222_SC_00007.jpeg,대흉근,2021,헬스장,61,가슴,한국어,누워서 덤벨 들어올리기,20220929,가슴의 근,누워서 덤벨 들어올리기,46.479,,mp4,0AUDLJ08S_00222.mp4,Pectoralis Major,http://openapi.kspo.or.kr/web/image/0AUDLJ08S_00222/,6,동영상,
큰가슴근,,http://openapi.kspo.or.kr/web/video/,"실내에서 할 수 있는 운동 중, 누워서 덤벨 모아들기운동을 설명한 운동처방 동영상",9237720,29.96,509,1280*720,덤벨,공통,1016,,0AUDLJ08S_00223_SC_00007.jpeg,대흉근,2021,헬스장,57,가슴,한국어,누워서 덤벨 모아들기,20220929,가슴의 근,누워서 덤벨 모아들기,33.9,,mp4,0AUDLJ08S_00223.mp4,Pectoralis Major,http://openapi.kspo.or.kr/web/image/0AUDLJ08S_00223/,6,동영상,
큰가슴근,,http://openapi.kspo.or.kr/web/video/,"실내에서 할 수 있는 운동 중, 누워서 덤벨 모아들기운동을 설명한 운동처방 동영상",9237720,29.96,510,1280*720,덤벨,공통,146,,0AUDLJ08S_00223_SC_00002.jpeg,대흉근,2021,헬스장,57,가슴,한국어,누워서 덤벨 모아들기,20220929,가슴의 근,누워서 덤벨 모아들기,4.871,,mp4,0AUDLJ08S_00223.mp4,Pectoralis Major,http://openapi.kspo.or.kr/web/image/0AUDLJ08S_00223/,1,동영상,
큰가슴근,,http://openapi.kspo.or.kr/web/video/,"실내에서 할 수 있는 운동 중, 누워서 덤벨 모아들기운동을 설명한 운동처방 동영상",9237720,29.96,511,1280*720,덤벨,공통,436,,0AUDLJ08S_00223_SC_00003.jpeg,대흉근,2021,헬스장,57,가슴,한국어,누워서 덤벨 모아들기,20220929,가슴의 근,누워서 덤벨 모아들기,14.547,,mp4,0AUDLJ08S_00223.mp4,Pectoralis Major,http://openapi.kspo.or.kr/web/image/0AUDLJ08S_00223/,2,동영상,
큰가슴근,,http://openapi.kspo.or.kr/web/video/,"실내에서 할 수 있는 운동 중, 누워서 덤벨 모아들기운동을 설명한 운동처방 동영상",9237720,29.96,512,1280*720,덤벨,공통,610,,0AUDLJ08S_00223_SC_00004.jpeg,대흉근,2021,헬스장,57,가슴,한국어,누워서 덤벨 모아들기,20220929,가슴의 근,누워서 덤벨 모아들기,20.353,,mp4,0AUDLJ08S_00223.mp4,Pectoralis Major,http://openapi.kspo.or.kr/web/image/0AUDLJ08S_00223/,3,동영상,
큰가슴근,,http://openapi.kspo.or.kr/web/video/,"실내에서 할 수 있는 운동 중, 누워서 덤벨 모아들기운동을 설명한 운동처방 동영상",9237720,29.96,513,1280*720,덤벨,공통,726,,0AUDLJ08S_00223_SC_00005.jpeg,대흉근,2021,헬스장,57,가슴,한국어,누워서 덤벨 모아들기,20220929,가슴의 근,누워서 덤벨 모아들기,24.224,,mp4,0AUDLJ08S_00223.mp4,Pectoralis Major,http://openapi.kspo.or.kr/web/image/0AUDLJ08S_00223/,4,동영상,
큰가슴근,,http://openapi.kspo.or.kr/web/video/,"실내에서 할 수 있는 운동 중, 누워서 덤벨 모아들기운동을 설명한 운동처방 동영상",9237720,29.96,514,1280*720,덤벨,공통,871,,0AUDLJ08S_00223_SC_00006.jpeg,대흉근,2021,헬스장,57,가슴,한국어,누워서 덤벨 모아들기,20220929,가슴의 근,누워서 덤벨 모아들기,29.062,,mp4,0AUDLJ08S_00223.mp4,Pectoralis Major,http://openapi.kspo.or.kr/web/image/0AUDLJ08S_00223/,5,동영상,
큰가슴근,,http://openapi.kspo.or.kr/web/video/,"실내에서 할 수 있는 운동 중, 누워서 덤벨 모아들기운동을 설명한 운동처방 동영상",9237720,29.96,515,1280*720,덤벨,공통,1335,,0AUDLJ08S_00223_SC_00008.jpeg,대흉근,2021,헬스장,57,가슴,한국어,누워서 덤벨 모아들기,20220929,가슴의 근,누워서 덤벨 모아들기,44.544,,mp4,0AUDLJ08S_00223.mp4,Pectoralis Major,http://openapi.kspo.or.kr/web/image/0AUDLJ08S_00223/,7,동영상,
어깨세모근,,http://openapi.kspo.or.kr/web/video/,"실내에서 할 수 있는 운동 중, 서서 바벨 위로 밀기운동을 설명한 운동처방 동영상",8082195,29.96,516,1280*720,바벨,공통,117,,0AUDLJ08S_00224_SC_00001.jpeg,삼각근,2021,헬스장,52,바깥쪽 어깨,한국어,서서 바벨 위로 밀기,20220930,상지의 근,서서 바벨 위로 밀기,3.903,,mp4,0AUDLJ08S_00224.mp4,Deltoid,http://openapi.kspo.or.kr/web/image/0AUDLJ08S_00224/,1,동영상,
어깨세모근,,http://openapi.kspo.or.kr/web/video/,"실내에서 할 수 있는 운동 중, 서서 바벨 위로 밀기운동을 설명한 운동처방 동영상",8082195,29.96,517,1280*720,바벨,공통,146,,0AUDLJ08S_00224_SC_00002.jpeg,삼각근,2021,헬스장,52,바깥쪽 어깨,한국어,서서 바벨 위로 밀기,20220930,상지의 근,서서 바벨 위로 밀기,4.871,,mp4,0AUDLJ08S_00224.mp4,Deltoid,http://openapi.kspo.or.kr/web/image/0AUDLJ08S_00224/,2,동영상,
어깨세모근,,http://openapi.kspo.or.kr/web/video/,"실내에서 할 수 있는 운동 중, 서서 바벨 위로 밀기운동을 설명한 운동처방 동영상",8082195,29.96,518,1280*720,바벨,공통,378,,0AUDLJ08S_00224_SC_00003.jpeg,삼각근,2021,헬스장,52,바깥쪽 어깨,한국어,서서 바벨 위로 밀기,20220930,상지의 근,서서 바벨 위로 밀기,12.612,,mp4,0AUDLJ08S_00224.mp4,Deltoid,http://openapi.kspo.or.kr/web/image/0AUDLJ08S_00224/,3,동영상,
어깨세모근,,http://openapi.kspo.or.kr/web/video/,"실내에서 할 수 있는 운동 중, 서서 바벨 위로 밀기운동을 설명한 운동처방 동영상",8082195,29.96,519,1280*720,바벨,공통,465,,0AUDLJ08S_00224_SC_00004.jpeg,삼각근,2021,헬스장,52,바깥쪽 어깨,한국어,서서 바벨 위로 밀기,20220930,상지의 근,서서 바벨 위로 밀기,15.515,,mp4,0AUDLJ08S_00224.mp4,Deltoid,http://openapi.kspo.or.kr/web/image/0AUDLJ08S_00224/,4,동영상,
어깨세모근,,http://openapi.kspo.or.kr/web/video/,"실내에서 할 수 있는 운동 중, 서서 바벨 위로 밀기운동을 설명한 운동처방 동영상",8082195,29.96,520,1280*720,바벨,공통,494,,0AUDLJ08S_00224_SC_00005.jpeg,삼각근,2021,헬스장,52,바깥쪽 어깨,한국어,서서 바벨 위로 밀기,20220930,상지의 근,서서 바벨 위로 밀기,16.483,,mp4,0AUDLJ08S_00224.mp4,Deltoid,http://openapi.kspo.or.kr/web/image/0AUDLJ08S_00224/,5,동영상,
어깨세모근,,http://openapi.kspo.or.kr/web/video/,"실내에서 할 수 있는 운동 중, 서서 바벨 위로 밀기운동을 설명한 운동처방 동영상",8082195,29.96,521,1280*720,바벨,공통,581,,0AUDLJ08S_00224_SC_00006.jpeg,삼각근,2021,헬스장,52,바깥쪽 어깨,한국어,서서 바벨 위로 밀기,20220930,상지의 근,서서 바벨 위로 밀기,19.386,,mp4,0AUDLJ08S_00224.mp4,Deltoid,http://openapi.kspo.or.kr/web/image/0AUDLJ08S_00224/,6,동영상,
어깨세모근,,http://openapi.kspo.or.kr/web/video/,"실내에서 할 수 있는 운동 중, 서서 바벨 위로 밀기운동을 설명한 운동처방 동영상",8082195,29.96,522,1280*720,바벨,공통,668,,0AUDLJ08S_00224_SC_00007.jpeg,삼각근,2021,헬스장,52,바깥쪽 어깨,한국어,서서 바벨 위로 밀기,20220930,상지의 근,서서 바벨 위로 밀기,22.288,,mp4,0AUDLJ08S_00224.mp4,Deltoid,http://openapi.kspo.or.kr/web/image/0AUDLJ08S_00224/,7,동영상,
어깨세모근,,http://openapi.kspo.or.kr/web/video/,"실내에서 할 수 있는 운동 중, 서서 바벨 위로 밀기운동을 설명한 운동처방 동영상",8082195,29.96,523,1280*720,바벨,공통,784,,0AUDLJ08S_00224_SC_00008.jpeg,삼각근,2021,헬스장,52,바깥쪽 어깨,한국어,서서 바벨 위로 밀기,20220930,상지의 근,서서 바벨 위로 밀기,26.159,,mp4,0AUDLJ08S_00224.mp4,Deltoid,http://openapi.kspo.or.kr/web/image/0AUDLJ08S_00224/,8,동영상,
어깨세모근,,http://openapi.kspo.or.kr/web/video/,"실내에서 할 수 있는 운동 중, 서서 바벨 위로 밀기운동을 설명한 운동처방 동영상",8082195,29.96,524,1280*720,바벨,공통,1045,,0AUDLJ08S_00224_SC_00009.jpeg,삼각근,2021,헬스장,52,바깥쪽 어깨,한국어,서서 바벨 위로 밀기,20220930,상지의 근,서서 바벨 위로 밀기,34.868,,mp4,0AUDLJ08S_00224.mp4,Deltoid,http://openapi.kspo.or.kr/web/image/0AUDLJ08S_00224/,9,동영상,
어깨세모근,,http://openapi.kspo.or.kr/web/video/,"실내에서 할 수 있는 운동 중, 서서 바벨 위로 밀기운동을 설명한 운동처방 동영상",8082195,29.96,525,1280*720,바벨,공통,1306,,0AUDLJ08S_00224_SC_00010.jpeg,삼각근,2021,헬스장,52,바깥쪽 어깨,한국어,서서 바벨 위로 밀기,20220930,상지의 근,서서 바벨 위로 밀기,43.576,,mp4,0AUDLJ08S_00224.mp4,Deltoid,http://openapi.kspo.or.kr/web/image/0AUDLJ08S_00224/,10,동영상,
위팔두갈래근,,http://openapi.kspo.or.kr/web/video/,"실내에서 할 수 있는 운동 중, 바벨 들어 팔꿈치 굽히기운동을 설명한 운동처방 동영상",8923811,29.96,526,1280*720,바벨,공통,90,,0AUDLJ08S_00225_FR_00002.jpeg,상완이두근,2021,헬스장,57,앞쪽 위팔,한국어,바벨 들어 팔꿈치 굽히기,20221111,상지의 근,바벨 들어 팔꿈치 굽히기,3.003,,mp4,0AUDLJ08S_00225.mp4,Biceps Brachii,http://openapi.kspo.or.kr/web/image/0AUDLJ08S_00225/,1,동영상,
위팔두갈래근,,http://openapi.kspo.or.kr/web/video/,"실내에서 할 수 있는 운동 중, 바벨 들어 팔꿈치 굽히기운동을 설명한 운동처방 동영상",8923811,29.96,527,1280*720,바벨,공통,180,,0AUDLJ08S_00225_FR_00003.jpeg,상완이두근,2021,헬스장,57,앞쪽 위팔,한국어,바벨 들어 팔꿈치 굽히기,20221018,상지의 근,바벨 들어 팔꿈치 굽히기,6.006,,mp4,0AUDLJ08S_00225.mp4,Biceps Brachii,http://openapi.kspo.or.kr/web/image/0AUDLJ08S_00225/,2,동영상,
위팔두갈래근,,http://openapi.kspo.or.kr/web/video/,"실내에서 할 수 있는 운동 중, 바벨 들어 팔꿈치 굽히기운동을 설명한 운동처방 동영상",8923811,29.96,528,1280*720,바벨,공통,900,,0AUDLJ08S_00225_FR_00011.jpeg,상완이두근,2021,헬스장,57,앞쪽 위팔,한국어,바벨 들어 팔꿈치 굽히기,20221018,상지의 근,바벨 들어 팔꿈치 굽히기,30.03,,mp4,0AUDLJ08S_00225.mp4,Biceps Brachii,http://openapi.kspo.or.kr/web/image/0AUDLJ08S_00225/,3,동영상,
위팔두갈래근,,http://openapi.kspo.or.kr/web/video/,"실내에서 할 수 있는 운동 중, 바벨 들어 팔꿈치 굽히기운동을 설명한 운동처방 동영상",8923811,29.96,529,1280*720,바벨,공통,1103,,0AUDLJ08S_00225_SC_00005.jpeg,상완이두근,2021,헬스장,57,앞쪽 위팔,한국어,바벨 들어 팔꿈치 굽히기,20221018,상지의 근,바벨 들어 팔꿈치 굽히기,36.803,,mp4,0AUDLJ08S_00225.mp4,Biceps Brachii,http://openapi.kspo.or.kr/web/image/0AUDLJ08S_00225/,4,동영상,
위팔두갈래근,,http://openapi.kspo.or.kr/web/video/,"실내에서 할 수 있는 운동 중, 고정한 상태에서 덤벨 들고 팔꿈치 굽히기운동을 설명한 운동처방 동영상",7225945,29.96,530,1280*720,덤벨,공통,59,,0AUDLJ08S_00226_SC_00001.jpeg,상완이두근,2021,헬스장,46,앞쪽 위팔,한국어,고정한 상태에서 덤벨 들고 팔꿈치 굽히기,20220929,상지의 근,고정한 상태에서 덤벨 들고 팔꿈치 굽히기,1.968,,mp4,0AUDLJ08S_00226.mp4,Biceps Brachii,http://openapi.kspo.or.kr/web/image/0AUDLJ08S_00226/,1,동영상,
위팔두갈래근,,http://openapi.kspo.or.kr/web/video/,"실내에서 할 수 있는 운동 중, 고정한 상태에서 덤벨 들고 팔꿈치 굽히기운동을 설명한 운동처방 동영상",7225945,29.96,531,1280*720,덤벨,공통,117,,0AUDLJ08S_00226_SC_00002.jpeg,상완이두근,2021,헬스장,46,앞쪽 위팔,한국어,고정한 상태에서 덤벨 들고 팔꿈치 굽히기,20220929,상지의 근,고정한 상태에서 덤벨 들고 팔꿈치 굽히기,3.903,,mp4,0AUDLJ08S_00226.mp4,Biceps Brachii,http://openapi.kspo.or.kr/web/image/0AUDLJ08S_00226/,2,동영상,
위팔두갈래근,,http://openapi.kspo.or.kr/web/video/,"실내에서 할 수 있는 운동 중, 고정한 상태에서 덤벨 들고 팔꿈치 굽히기운동을 설명한 운동처방 동영상",7225945,29.96,532,1280*720,덤벨,공통,146,,0AUDLJ08S_00226_SC_00003.jpeg,상완이두근,2021,헬스장,46,앞쪽 위팔,한국어,고정한 상태에서 덤벨 들고 팔꿈치 굽히기,20220929,상지의 근,고정한 상태에서 덤벨 들고 팔꿈치 굽히기,4.871,,mp4,0AUDLJ08S_00226.mp4,Biceps Brachii,http://openapi.kspo.or.kr/web/image/0AUDLJ08S_00226/,3,동영상,
위팔두갈래근,,http://openapi.kspo.or.kr/web/video/,"실내에서 할 수 있는 운동 중, 고정한 상태에서 덤벨 들고 팔꿈치 굽히기운동을 설명한 운동처방 동영상",7225945,29.96,533,1280*720,덤벨,공통,639,,0AUDLJ08S_00226_SC_00004.jpeg,상완이두근,2021,헬스장,46,앞쪽 위팔,한국어,고정한 상태에서 덤벨 들고 팔꿈치 굽히기,20220929,상지의 근,고정한 상태에서 덤벨 들고 팔꿈치 굽히기,21.321,,mp4,0AUDLJ08S_00226.mp4,Biceps Brachii,http://openapi.kspo.or.kr/web/image/0AUDLJ08S_00226/,4,동영상,
위팔두갈래근,,http://openapi.kspo.or.kr/web/video/,"실내에서 할 수 있는 운동 중, 고정한 상태에서 덤벨 들고 팔꿈치 굽히기운동을 설명한 운동처방 동영상",7225945,29.96,534,1280*720,덤벨,공통,755,,0AUDLJ08S_00226_SC_00005.jpeg,상완이두근,2021,헬스장,46,앞쪽 위팔,한국어,고정한 상태에서 덤벨 들고 팔꿈치 굽히기,20220929,상지의 근,고정한 상태에서 덤벨 들고 팔꿈치 굽히기,25.191,,mp4,0AUDLJ08S_00226.mp4,Biceps Brachii,http://openapi.kspo.or.kr/web/image/0AUDLJ08S_00226/,5,동영상,
위팔두갈래근,,http://openapi.kspo.or.kr/web/video/,"실내에서 할 수 있는 운동 중, 고정한 상태에서 덤벨 들고 팔꿈치 굽히기운동을 설명한 운동처방 동영상",7225945,29.96,535,1280*720,덤벨,공통,784,,0AUDLJ08S_00226_SC_00006.jpeg,상완이두근,2021,헬스장,46,앞쪽 위팔,한국어,고정한 상태에서 덤벨 들고 팔꿈치 굽히기,20220929,상지의 근,고정한 상태에서 덤벨 들고 팔꿈치 굽히기,26.159,,mp4,0AUDLJ08S_00226.mp4,Biceps Brachii,http://openapi.kspo.or.kr/web/image/0AUDLJ08S_00226/,6,동영상,
위팔두갈래근,,http://openapi.kspo.or.kr/web/video/,"실내에서 할 수 있는 운동 중, 고정한 상태에서 덤벨 들고 팔꿈치 굽히기운동을 설명한 운동처방 동영상",7225945,29.96,536,1280*720,덤벨,공통,813,,0AUDLJ08S_00226_SC_00007.jpeg,상완이두근,2021,헬스장,46,앞쪽 위팔,한국어,고정한 상태에서 덤벨 들고 팔꿈치 굽히기,20220929,상지의 근,고정한 상태에서 덤벨 들고 팔꿈치 굽히기,27.127,,mp4,0AUDLJ08S_00226.mp4,Biceps Brachii,http://openapi.kspo.or.kr/web/image/0AUDLJ08S_00226/,7,동영상,
위팔두갈래근,,http://openapi.kspo.or.kr/web/video/,"실내에서 할 수 있는 운동 중, 고정한 상태에서 덤벨 들고 팔꿈치 굽히기운동을 설명한 운동처방 동영상",7225945,29.96,537,1280*720,덤벨,공통,842,,0AUDLJ08S_00226_SC_00008.jpeg,상완이두근,2021,헬스장,46,앞쪽 위팔,한국어,고정한 상태에서 덤벨 들고 팔꿈치 굽히기,20220929,상지의 근,고정한 상태에서 덤벨 들고 팔꿈치 굽히기,28.094,,mp4,0AUDLJ08S_00226.mp4,Biceps Brachii,http://openapi.kspo.or.kr/web/image/0AUDLJ08S_00226/,8,동영상,
위팔두갈래근,,http://openapi.kspo.or.kr/web/video/,"실내에서 할 수 있는 운동 중, 고정한 상태에서 덤벨 들고 팔꿈치 굽히기운동을 설명한 운동처방 동영상",7225945,29.96,538,1280*720,덤벨,공통,958,,0AUDLJ08S_00226_SC_00009.jpeg,상완이두근,2021,헬스장,46,앞쪽 위팔,한국어,고정한 상태에서 덤벨 들고 팔꿈치 굽히기,20220929,상지의 근,고정한 상태에서 덤벨 들고 팔꿈치 굽히기,31.965,,mp4,0AUDLJ08S_00226.mp4,Biceps Brachii,http://openapi.kspo.or.kr/web/image/0AUDLJ08S_00226/,9,동영상,
위팔두갈래근,,http://openapi.kspo.or.kr/web/video/,"실내에서 할 수 있는 운동 중, 고정한 상태에서 덤벨 들고 팔꿈치 굽히기운동을 설명한 운동처방 동영상",7225945,29.96,539,1280*720,덤벨,공통,1103,,0AUDLJ08S_00226_SC_00010.jpeg,상완이두근,2021,헬스장,46,앞쪽 위팔,한국어,고정한 상태에서 덤벨 들고 팔꿈치 굽히기,20220929,상지의 근,고정한 상태에서 덤벨 들고 팔꿈치 굽히기,36.803,,mp4,0AUDLJ08S_00226.mp4,Biceps Brachii,http://openapi.kspo.or.kr/web/image/0AUDLJ08S_00226/,10,동영상,
위팔두갈래근,,http://openapi.kspo.or.kr/web/video/,"실내에서 할 수 있는 운동 중, 고정한 상태에서 덤벨 들고 팔꿈치 굽히기운동을 설명한 운동처방 동영상",7225945,29.96,540,1280*720,덤벨,공통,1306,,0AUDLJ08S_00226_SC_00011.jpeg,상완이두근,2021,헬스장,46,앞쪽 위팔,한국어,고정한 상태에서 덤벨 들고 팔꿈치 굽히기,20220929,상지의 근,고정한 상태에서 덤벨 들고 팔꿈치 굽히기,43.576,,mp4,0AUDLJ08S_00226.mp4,Biceps Brachii,http://openapi.kspo.or.kr/web/image/0AUDLJ08S_00226/,11,동영상,
위팔세갈래근,,http://openapi.kspo.or.kr/web/video/,"실내에서 할 수 있는 운동 중, 누워서머리위로팔꿈치펴기운동을 설명한 운동처방 동영상",15349028,29.96,541,1280*720,,공통,90,,0AUDLJ08S_00227_FR_00002.jpeg,상완삼두근,2021,헬스장,94,뒤쪽 위팔,한국어,누워서 머리위로 팔꿈치 펴기,20221111,상지의 근,누워서머리위로팔꿈치펴기,3.003,,mp4,0AUDLJ08S_00227.mp4,Triceps Brachii,http://openapi.kspo.or.kr/web/image/0AUDLJ08S_00227/,1,동영상,
위팔세갈래근,,http://openapi.kspo.or.kr/web/video/,"실내에서 할 수 있는 운동 중, 누워서머리위로팔꿈치펴기운동을 설명한 운동처방 동영상",15349028,29.96,542,1280*720,,공통,726,,0AUDLJ08S_00227_SC_00006.jpeg,상완삼두근,2021,헬스장,94,뒤쪽 위팔,한국어,누워서 머리위로 팔꿈치 펴기,20221018,상지의 근,누워서머리위로팔꿈치펴기,24.224,,mp4,0AUDLJ08S_00227.mp4,Triceps Brachii,http://openapi.kspo.or.kr/web/image/0AUDLJ08S_00227/,2,동영상,
위팔세갈래근,,http://openapi.kspo.or.kr/web/video/,"실내에서 할 수 있는 운동 중, 누워서머리위로팔꿈치펴기운동을 설명한 운동처방 동영상",15349028,29.96,543,1280*720,,공통,900,,0AUDLJ08S_00227_FR_00011.jpeg,상완삼두근,2021,헬스장,94,뒤쪽 위팔,한국어,누워서 머리위로 팔꿈치 펴기,20221018,상지의 근,누워서머리위로팔꿈치펴기,30.03,,mp4,0AUDLJ08S_00227.mp4,Triceps Brachii,http://openapi.kspo.or.kr/web/image/0AUDLJ08S_00227/,3,동영상,
위팔세갈래근,,http://openapi.kspo.or.kr/web/video/,"실내에서 할 수 있는 운동 중, 누워서머리위로팔꿈치펴기운동을 설명한 운동처방 동영상",15349028,29.96,544,1280*720,,공통,1770,,0AUDLJ08S_00227_SC_00010.jpeg,상완삼두근,2021,헬스장,94,뒤쪽 위팔,한국어,누워서 머리위로 팔꿈치 펴기,20221018,상지의 근,누워서머리위로팔꿈치펴기,59.059,,mp4,0AUDLJ08S_00227.mp4,Triceps Brachii,http://openapi.kspo.or.kr/web/image/0AUDLJ08S_00227/,4,동영상,
"어깨세모근,위팔세갈래근",,http://openapi.kspo.or.kr/web/video/,"실내에서 할 수 있는 운동 중, 허리 굽혀 덤벨 뒤로 들기운동을 설명한 운동처방 동영상",8922817,29.96,545,1280*720,덤벨,공통,90,,0AUDLJ08S_00228_FR_00002.jpeg,"삼각근,상완삼두근",2021,헬스장,55,"바깥쪽 어깨,뒤쪽 위팔",한국어,허리 굽혀 덤벨 뒤로 들기,20221018,"상지의 근,상지의 근",허리 굽혀 덤벨 뒤로 들기,3.003,,mp4,0AUDLJ08S_00228.mp4,"Deltoid,Triceps Brachii",http://openapi.kspo.or.kr/web/image/0AUDLJ08S_00228/,1,동영상,
"어깨세모근,위팔세갈래근",,http://openapi.kspo.or.kr/web/video/,"실내에서 할 수 있는 운동 중, 허리 굽혀 덤벨 뒤로 들기운동을 설명한 운동처방 동영상",8922817,29.96,546,1280*720,덤벨,공통,146,,0AUDLJ08S_00228_SC_00003.jpeg,"삼각근,상완삼두근",2021,헬스장,55,"바깥쪽 어깨,뒤쪽 위팔",한국어,허리 굽혀 덤벨 뒤로 들기,20221018,"상지의 근,상지의 근",허리 굽혀 덤벨 뒤로 들기,4.871,,mp4,0AUDLJ08S_00228.mp4,"Deltoid,Triceps Brachii",http://openapi.kspo.or.kr/web/image/0AUDLJ08S_00228/,2,동영상,
"어깨세모근,위팔세갈래근",,http://openapi.kspo.or.kr/web/video/,"실내에서 할 수 있는 운동 중, 허리 굽혀 덤벨 뒤로 들기운동을 설명한 운동처방 동영상",8922817,29.96,547,1280*720,덤벨,공통,1079,,0AUDLJ08S_00228_FR_00013.jpeg,"삼각근,상완삼두근",2021,헬스장,55,"바깥쪽 어깨,뒤쪽 위팔",한국어,허리 굽혀 덤벨 뒤로 들기,20221018,"상지의 근,상지의 근",허리 굽혀 덤벨 뒤로 들기,36.002,,mp4,0AUDLJ08S_00228.mp4,"Deltoid,Triceps Brachii",http://openapi.kspo.or.kr/web/image/0AUDLJ08S_00228/,3,동영상,
"어깨세모근,중간어깨세모근",,http://openapi.kspo.or.kr/web/video/,"실내에서 할 수 있는 운동 중, 덤벨 옆으로 들어올리기운동을 설명한 운동처방 동영상",9532114,29.96,548,1280*720,덤벨,공통,90,,0AUDLJ08S_00229_FR_00002.jpeg,"삼각근,측면 삼각근",2021,헬스장,59,"바깥쪽 어깨,바깥쪽 어깨",한국어,덤벨 옆으로 들어올리기,20221013,"상지의 근,상지의 근",덤벨 옆으로 들어올리기,3.003,,mp4,0AUDLJ08S_00229.mp4,"Deltoid,Middle Deltoid",http://openapi.kspo.or.kr/web/image/0AUDLJ08S_00229/,1,동영상,
"어깨세모근,중간어깨세모근",,http://openapi.kspo.or.kr/web/video/,"실내에서 할 수 있는 운동 중, 덤벨 옆으로 들어올리기운동을 설명한 운동처방 동영상",9532114,29.96,549,1280*720,덤벨,공통,436,,0AUDLJ08S_00229_SC_00003.jpeg,"삼각근,측면 삼각근",2021,헬스장,59,"바깥쪽 어깨,바깥쪽 어깨",한국어,덤벨 옆으로 들어올리기,20221013,"상지의 근,상지의 근",덤벨 옆으로 들어올리기,14.547,,mp4,0AUDLJ08S_00229.mp4,"Deltoid,Middle Deltoid",http://openapi.kspo.or.kr/web/image/0AUDLJ08S_00229/,2,동영상,
"어깨세모근,중간어깨세모근",,http://openapi.kspo.or.kr/web/video/,"실내에서 할 수 있는 운동 중, 덤벨 옆으로 들어올리기운동을 설명한 운동처방 동영상",9532114,29.96,550,1280*720,덤벨,공통,1074,,0AUDLJ08S_00229_SC_00007.jpeg,"삼각근,측면 삼각근",2021,헬스장,59,"바깥쪽 어깨,바깥쪽 어깨",한국어,덤벨 옆으로 들어올리기,20221013,"상지의 근,상지의 근",덤벨 옆으로 들어올리기,35.835,,mp4,0AUDLJ08S_00229.mp4,"Deltoid,Middle Deltoid",http://openapi.kspo.or.kr/web/image/0AUDLJ08S_00229/,3,동영상,
"손목굽힘근,손목폄근",,http://openapi.kspo.or.kr/web/video/,"실내에서 할 수 있는 운동 중, 손목 펴기/굽히기운동을 설명한 운동처방 동영상",10811971,29.96,551,1280*720,덤벨,공통,90,,0AUDLJ08S_00230_FR_00002.jpeg,"수근관절굴곡근,수근관절신근",2021,헬스장,67,"앞쪽 아래팔,뒤쪽 아래팔",한국어,손목 펴기/굽히기,20221111,"상지의 근,상지의 근",손목 펴기/굽히기,3.003,,mp4,0AUDLJ08S_00230.mp4,"Hand Flexor,Wrist Extensors",http://openapi.kspo.or.kr/web/image/0AUDLJ08S_00230/,1,동영상,
손목폄근,,http://openapi.kspo.or.kr/web/video/,"실내에서 할 수 있는 운동 중, 손목 펴기/굽히기운동을 설명한 운동처방 동영상",10811971,29.96,552,1280*720,덤벨,공통,270,,0AUDLJ08S_00230_FR_00004.jpeg,수근관절신근,2021,헬스장,67,뒤쪽 아래팔,한국어,,20221019,상지의 근,손목 펴기/굽히기,9.009,,mp4,0AUDLJ08S_00230.mp4,Wrist Extensors,http://openapi.kspo.or.kr/web/image/0AUDLJ08S_00230/,2,동영상,
손목굽힘근,,http://openapi.kspo.or.kr/web/video/,"실내에서 할 수 있는 운동 중, 손목 펴기/굽히기운동을 설명한 운동처방 동영상",10811971,29.96,553,1280*720,덤벨,공통,990,,0AUDLJ08S_00230_FR_00012.jpeg,수근관절굴곡근,2021,헬스장,67,앞쪽 아래팔,한국어,손목 펴기/굽히기,20221019,상지의 근,손목 펴기/굽히기,33.033,,mp4,0AUDLJ08S_00230.mp4,Hand Flexor,http://openapi.kspo.or.kr/web/image/0AUDLJ08S_00230/,3,동영상,
손목굽힘근,,http://openapi.kspo.or.kr/web/video/,"실내에서 할 수 있는 운동 중, 손목 펴기/굽히기운동을 설명한 운동처방 동영상",10811971,29.96,554,1280*720,덤벨,공통,1306,,0AUDLJ08S_00230_SC_00006.jpeg,수근관절굴곡근,2021,헬스장,67,앞쪽 아래팔,한국어,손목 펴기/굽히기,20221019,상지의 근,손목 펴기/굽히기,43.576,,mp4,0AUDLJ08S_00230.mp4,Hand Flexor,http://openapi.kspo.or.kr/web/image/0AUDLJ08S_00230/,4,동영상,
"노쪽손목굽힘근,손목굽힘근,자쪽손목굽힘근",,http://openapi.kspo.or.kr/web/video/,"실내에서 할 수 있는 운동 중, 손목 펴기/굽히기운동을 설명한 운동처방 동영상",10811971,29.96,555,1280*720,덤벨,공통,1509,,0AUDLJ08S_00230_SC_00007.jpeg,"요측수근굴근,수근관절굴곡근,척측수근굴근",2021,헬스장,67,"앞쪽 아래팔,앞쪽 아래팔,앞쪽 아래팔",한국어,손목 펴기/굽히기,20221019,"상지의 근,상지의 근,상지의 근",손목 펴기/굽히기,50.35,,mp4,0AUDLJ08S_00230.mp4,"Flexor Carpi Radialis,Hand Flexor,Flexor Carpi Ulnaris",http://openapi.kspo.or.kr/web/image/0AUDLJ08S_00230/,5,동영상,
"큰볼기근,척추세움근,넙다리네갈래근,넙다리두갈래근,뒤넙다리근",,http://openapi.kspo.or.kr/web/video/,"실내에서 할 수 있는 운동 중, 서서 상체 일으키기운동을 설명한 운동처방 동영상",13683643,29.96,556,1280*720,덤벨,공통,90,,0AUDLJ08S_00231_FR_00002.jpeg,"대둔근,척추기립근,대퇴사두근,대퇴이두근,슬괵근",2021,실내,82,"엉덩이,척추,앞쪽 넓적다리,뒤쪽 넓적다리,뒤쪽 넓적다리",한국어,서서 상체 일으키기,20221111,"골반의 근,등과 허리의 근,하지의 근,하지의 근,하지의 근",서서 상체 일으키기,3.003,,mp4,0AUDLJ08S_00231.mp4,"Gluteus Maximus,Erector Spinae,Quadriceps Femoris,Biceps Femoris,Hamstring",http://openapi.kspo.or.kr/web/image/0AUDLJ08S_00231/,1,동영상,
"큰볼기근,척추세움근,넙다리네갈래근,넙다리두갈래근,뒤넙다리근",,http://openapi.kspo.or.kr/web/video/,"실내에서 할 수 있는 운동 중, 서서 상체 일으키기운동을 설명한 운동처방 동영상",13683643,29.96,557,1280*720,덤벨,공통,270,,0AUDLJ08S_00231_FR_00004.jpeg,"대둔근,척추기립근,대퇴사두근,대퇴이두근,슬괵근",2021,실내,82,"엉덩이,척추,앞쪽 넓적다리,뒤쪽 넓적다리,뒤쪽 넓적다리",한국어,서서 상체 일으키기,20221019,"골반의 근,등과 허리의 근,하지의 근,하지의 근,하지의 근",서서 상체 일으키기,9.009,,mp4,0AUDLJ08S_00231.mp4,"Gluteus Maximus,Erector Spinae,Quadriceps Femoris,Biceps Femoris,Hamstring",http://openapi.kspo.or.kr/web/image/0AUDLJ08S_00231/,2,동영상,
"큰볼기근,척추세움근,넙다리네갈래근,넙다리두갈래근,뒤넙다리근",,http://openapi.kspo.or.kr/web/video/,"실내에서 할 수 있는 운동 중, 서서 상체 일으키기운동을 설명한 운동처방 동영상",13683643,29.96,558,1280*720,덤벨,공통,810,,0AUDLJ08S_00231_FR_00010.jpeg,"대둔근,척추기립근,대퇴사두근,대퇴이두근,슬괵근",2021,실내,82,"엉덩이,척추,앞쪽 넓적다리,뒤쪽 넓적다리,뒤쪽 넓적다리",한국어,서서 상체 일으키기,20221019,"골반의 근,등과 허리의 근,하지의 근,하지의 근,하지의 근",서서 상체 일으키기,27.027,,mp4,0AUDLJ08S_00231.mp4,"Gluteus Maximus,Erector Spinae,Quadriceps Femoris,Biceps Femoris,Hamstring",http://openapi.kspo.or.kr/web/image/0AUDLJ08S_00231/,3,동영상,
"큰볼기근,척추세움근,넙다리네갈래근,넙다리두갈래근,뒤넙다리근",,http://openapi.kspo.or.kr/web/video/,"실내에서 할 수 있는 운동 중, 서서 상체 일으키기운동을 설명한 운동처방 동영상",13683643,29.96,559,1280*720,물병,공통,1074,,0AUDLJ08S_00231_SC_00007.jpeg,"대둔근,척추기립근,대퇴사두근,대퇴이두근,슬괵근",2021,실내,82,"엉덩이,척추,앞쪽 넓적다리,뒤쪽 넓적다리,뒤쪽 넓적다리",한국어,서서 상체 일으키기,20221019,"골반의 근,등과 허리의 근,하지의 근,하지의 근,하지의 근",서서 상체 일으키기,35.835,,mp4,0AUDLJ08S_00231.mp4,"Gluteus Maximus,Erector Spinae,Quadriceps Femoris,Biceps Femoris,Hamstring",http://openapi.kspo.or.kr/web/image/0AUDLJ08S_00231/,4,동영상,
"큰볼기근,척추세움근,넙다리네갈래근,넙다리두갈래근,뒤넙다리근",,http://openapi.kspo.or.kr/web/video/,"실내에서 할 수 있는 운동 중, 서서 상체 일으키기운동을 설명한 운동처방 동영상",13683643,29.96,560,1280*720,밴드,공통,1712,,0AUDLJ08S_00231_SC_00012.jpeg,"대둔근,척추기립근,대퇴사두근,대퇴이두근,슬괵근",2021,실내,82,"엉덩이,척추,앞쪽 넓적다리,뒤쪽 넓적다리,뒤쪽 넓적다리",한국어,서서 상체 일으키기,20221019,"골반의 근,등과 허리의 근,하지의 근,하지의 근,하지의 근",서서 상체 일으키기,57.123,,mp4,0AUDLJ08S_00231.mp4,"Gluteus Maximus,Erector Spinae,Quadriceps Femoris,Biceps Femoris,Hamstring",http://openapi.kspo.or.kr/web/image/0AUDLJ08S_00231/,5,동영상,
"볼기근,넙다리네갈래근",,http://openapi.kspo.or.kr/web/video/,"실내에서 할 수 있는 운동 중, 앉았다 일어서기운동을 설명한 운동처방 동영상",12591644,29.96,561,1280*720,,공통,88,,0AUDLJ08S_00232_SC_00001.jpeg,"둔근,대퇴사두근",2021,실내,79,"엉덩이,앞쪽 넓적다리",한국어,앉았다 일어서기,20221017,"골반의 근,하지의 근",앉았다 일어서기-1,2.936,,mp4,0AUDLJ08S_00232.mp4,"Gluteal,Quadriceps Femoris",http://openapi.kspo.or.kr/web/image/0AUDLJ08S_00232/,1,동영상,
"볼기근,넙다리네갈래근",,http://openapi.kspo.or.kr/web/video/,"실내에서 할 수 있는 운동 중, 앉았다 일어서기운동을 설명한 운동처방 동영상",12591644,29.96,562,1280*720,,공통,349,,0AUDLJ08S_00232_SC_00004.jpeg,"둔근,대퇴사두근",2021,실내,79,"엉덩이,앞쪽 넓적다리",한국어,앉았다 일어서기,20221017,"골반의 근,하지의 근",앉았다 일어서기-1,11.644,,mp4,0AUDLJ08S_00232.mp4,"Gluteal,Quadriceps Femoris",http://openapi.kspo.or.kr/web/image/0AUDLJ08S_00232/,2,동영상,
"볼기근,넙다리네갈래근",,http://openapi.kspo.or.kr/web/video/,"실내에서 할 수 있는 운동 중, 앉았다 일어서기운동을 설명한 운동처방 동영상",12591644,29.96,563,1280*720,,공통,1045,,0AUDLJ08S_00232_SC_00008.jpeg,"둔근,대퇴사두근",2021,실내,79,"엉덩이,앞쪽 넓적다리",한국어,앉았다 일어서기,20221017,"골반의 근,하지의 근",앉았다 일어서기-1,34.868,,mp4,0AUDLJ08S_00232.mp4,"Gluteal,Quadriceps Femoris",http://openapi.kspo.or.kr/web/image/0AUDLJ08S_00232/,3,동영상,
"볼기근,넙다리네갈래근",,http://openapi.kspo.or.kr/web/video/,"실내에서 할 수 있는 운동 중, 앉았다 일어서기운동을 설명한 운동처방 동영상",12591644,29.96,564,1280*720,,공통,1161,,0AUDLJ08S_00232_SC_00011.jpeg,"둔근,대퇴사두근",2021,실내,79,"엉덩이,앞쪽 넓적다리",한국어,앉았다 일어서기,20221017,"골반의 근,하지의 근",앉았다 일어서기-1,38.738,,mp4,0AUDLJ08S_00232.mp4,"Gluteal,Quadriceps Femoris",http://openapi.kspo.or.kr/web/image/0AUDLJ08S_00232/,4,동영상,
"볼기근,넙다리네갈래근",,http://openapi.kspo.or.kr/web/video/,"실내에서 할 수 있는 운동 중, 앉았다 일어서기운동을 설명한 운동처방 동영상",12591644,29.96,565,1280*720,짐볼,공통,1393,,0AUDLJ08S_00232_SC_00016.jpeg,"둔근,대퇴사두근",2021,실내,79,"엉덩이,앞쪽 넓적다리",한국어,앉았다 일어서기,20221017,"골반의 근,하지의 근",앉았다 일어서기-1,46.479,,mp4,0AUDLJ08S_00232.mp4,"Gluteal,Quadriceps Femoris",http://openapi.kspo.or.kr/web/image/0AUDLJ08S_00232/,5,동영상,
"볼기근,넙다리네갈래근",,http://openapi.kspo.or.kr/web/video/,"실내에서 할 수 있는 운동 중, 앉았다 일어서기운동을 설명한 운동처방 동영상",12591644,29.96,566,1280*720,,공통,1886,,0AUDLJ08S_00232_SC_00022.jpeg,"둔근,대퇴사두근",2021,실내,79,"엉덩이,앞쪽 넓적다리",한국어,앉았다 일어서기,20221017,"골반의 근,하지의 근",앉았다 일어서기-1,62.929,,mp4,0AUDLJ08S_00232.mp4,"Gluteal,Quadriceps Femoris",http://openapi.kspo.or.kr/web/image/0AUDLJ08S_00232/,6,동영상,
"볼기근,넙다리네갈래근,넙다리두갈래근",,http://openapi.kspo.or.kr/web/video/,"실내에서 할 수 있는 운동 중, 한발 앞으로 내밀고 앉았다 일어서기운동을 설명한 운동처방 동영상",10153647,29.96,567,1280*720,,공통,90,,0AUDLJ08S_00233_FR_00002.jpeg,"둔근,대퇴사두근,대퇴이두근",2021,실내,64,"엉덩이,앞쪽 넓적다리,뒤쪽 넓적다리",한국어,한발 앞으로 내밀고 앉았다 일어서기,20221111,"골반의 근,하지의 근,하지의 근",한발 앞으로 내밀고 앉았다 일어서기-1,3.003,,mp4,0AUDLJ08S_00233.mp4,"Gluteal,Quadriceps Femoris,Biceps Femoris",http://openapi.kspo.or.kr/web/image/0AUDLJ08S_00233/,1,동영상,
"볼기근,넙다리네갈래근,넙다리두갈래근",,http://openapi.kspo.or.kr/web/video/,"실내에서 할 수 있는 운동 중, 한발 앞으로 내밀고 앉았다 일어서기운동을 설명한 운동처방 동영상",10153647,29.96,568,1280*720,,공통,270,,0AUDLJ08S_00233_FR_00004.jpeg,"둔근,대퇴사두근,대퇴이두근",2021,실내,64,"엉덩이,앞쪽 넓적다리,뒤쪽 넓적다리",한국어,한발 앞으로 내밀고 앉았다 일어서기,20221024,"골반의 근,하지의 근,하지의 근",한발 앞으로 내밀고 앉았다 일어서기-1,9.009,,mp4,0AUDLJ08S_00233.mp4,"Gluteal,Quadriceps Femoris,Biceps Femoris",http://openapi.kspo.or.kr/web/image/0AUDLJ08S_00233/,2,동영상,
"볼기근,넙다리네갈래근,넙다리두갈래근",,http://openapi.kspo.or.kr/web/video/,"실내에서 할 수 있는 운동 중, 한발 앞으로 내밀고 앉았다 일어서기운동을 설명한 운동처방 동영상",10153647,29.96,569,1280*720,,공통,720,,0AUDLJ08S_00233_FR_00009.jpeg,"둔근,대퇴사두근,대퇴이두근",2021,실내,64,"엉덩이,앞쪽 넓적다리,뒤쪽 넓적다리",한국어,한발 앞으로 내밀고 앉았다 일어서기,20221024,"골반의 근,하지의 근,하지의 근",한발 앞으로 내밀고 앉았다 일어서기-1,24.024,,mp4,0AUDLJ08S_00233.mp4,"Gluteal,Quadriceps Femoris,Biceps Femoris",http://openapi.kspo.or.kr/web/image/0AUDLJ08S_00233/,3,동영상,
"볼기근,어깨세모근,위팔두갈래근,넙다리네갈래근,넙다리두갈래근",,http://openapi.kspo.or.kr/web/video/,"실내에서 할 수 있는 운동 중, 한발 앞으로 내밀고 앉았다 일어서기운동을 설명한 운동처방 동영상",10153647,29.96,570,1280*720,밴드,공통,1259,,0AUDLJ08S_00233_FR_00015.jpeg,"둔근,삼각근,상완이두근,대퇴사두근,대퇴이두근",2021,실내,64,"엉덩이,바깥쪽 어깨,앞쪽 위팔,앞쪽 넓적다리,뒤쪽 넓적다리",한국어,한발 앞으로 내밀고 앉았다 일어서기,20221024,"골반의 근,상지의 근,상지의 근,하지의 근,하지의 근",한발 앞으로 내밀고 앉았다 일어서기-1,42.008,,mp4,0AUDLJ08S_00233.mp4,"Gluteal,Deltoid,Biceps Brachii,Quadriceps Femoris,Biceps Femoris",http://openapi.kspo.or.kr/web/image/0AUDLJ08S_00233/,4,동영상,
,,http://openapi.kspo.or.kr/web/video/,"실내에서 할 수 있는 운동 중, 누워서 배가로근 수축운동을 설명한 운동처방 동영상",8695020,29.96,571,1280*720,매트,공통,90,,0AUDLJ08S_00234_FR_00002.jpeg,,2021,실내,55,,한국어,누워서 배가로근 수축1,20220929,,누워서 배가로근 수축 I,3.003,,mp4,0AUDLJ08S_00234.mp4,,http://openapi.kspo.or.kr/web/image/0AUDLJ08S_00234/,1,동영상,
배곧은근,,http://openapi.kspo.or.kr/web/video/,"실내에서 할 수 있는 운동 중, 누워서 배가로근 수축운동을 설명한 운동처방 동영상",8695020,29.96,572,1280*720,매트,공통,494,,0AUDLJ08S_00234_SC_00003.jpeg,복직근,2021,실내,55,복부,한국어,누워서 배가로근 수축1,20220929,복부의 근,누워서 배가로근 수축 I,16.483,,mp4,0AUDLJ08S_00234.mp4,Rectus Abdominis,http://openapi.kspo.or.kr/web/image/0AUDLJ08S_00234/,2,동영상,
배곧은근,,http://openapi.kspo.or.kr/web/video/,"실내에서 할 수 있는 운동 중, 누워서 배가로근 수축운동을 설명한 운동처방 동영상",8695020,29.96,573,1280*720,매트,공통,639,,0AUDLJ08S_00234_SC_00004.jpeg,복직근,2021,실내,55,복부,한국어,누워서 배가로근 수축1,20220929,복부의 근,누워서 배가로근 수축 I,21.321,,mp4,0AUDLJ08S_00234.mp4,Rectus Abdominis,http://openapi.kspo.or.kr/web/image/0AUDLJ08S_00234/,3,동영상,
배곧은근,,http://openapi.kspo.or.kr/web/video/,"실내에서 할 수 있는 운동 중, 누워서 배가로근 수축운동을 설명한 운동처방 동영상",8695020,29.96,574,1280*720,매트,공통,810,,0AUDLJ08S_00234_FR_00010.jpeg,복직근,2021,실내,55,복부,한국어,누워서 배가로근 수축1,20220929,복부의 근,누워서 배가로근 수축 I,27.027,,mp4,0AUDLJ08S_00234.mp4,Rectus Abdominis,http://openapi.kspo.or.kr/web/image/0AUDLJ08S_00234/,4,동영상,
배곧은근,,http://openapi.kspo.or.kr/web/video/,"실내에서 할 수 있는 운동 중, 누워서 배가로근 수축운동을 설명한 운동처방 동영상",8695020,29.96,575,1280*720,매트,공통,1103,,0AUDLJ08S_00234_SC_00005.jpeg,복직근,2021,실내,55,복부,한국어,누워서 배가로근 수축1,20220929,복부의 근,누워서 배가로근 수축 I,36.803,,mp4,0AUDLJ08S_00234.mp4,Rectus Abdominis,http://openapi.kspo.or.kr/web/image/0AUDLJ08S_00234/,5,동영상,
배곧은근,,http://openapi.kspo.or.kr/web/video/,"실내에서 할 수 있는 운동 중, 누워서 배가로근 수축운동을 설명한 운동처방 동영상",8695020,29.96,576,1280*720,매트,공통,1364,,0AUDLJ08S_00234_SC_00006.jpeg,복직근,2021,실내,55,복부,한국어,누워서 배가로근 수축1,20220929,복부의 근,누워서 배가로근 수축 I,45.512,,mp4,0AUDLJ08S_00234.mp4,Rectus Abdominis,http://openapi.kspo.or.kr/web/image/0AUDLJ08S_00234/,6,동영상,
,,http://openapi.kspo.or.kr/web/video/,"실내에서 할 수 있는 운동 중, 누워서 배가로근 수축운동을 설명한 운동처방 동영상",13717114,29.96,577,1280*720,매트,공통,88,,0AUDLJ08S_00235_SC_00001.jpeg,,2021,실내,82,,한국어,누워서 배가로근 수축2,20220929,,누워서 배가로근 수축 II,2.936,,mp4,0AUDLJ08S_00235.mp4,,http://openapi.kspo.or.kr/web/image/0AUDLJ08S_00235/,1,동영상,
"볼기근,허리근,배가로근",,http://openapi.kspo.or.kr/web/video/,"실내에서 할 수 있는 운동 중, 누워서 배가로근 수축운동을 설명한 운동처방 동영상",13717114,29.96,578,1280*720,매트,공통,270,,0AUDLJ08S_00235_FR_00004.jpeg,"둔근,요근,복횡근",2021,실내,82,"엉덩이,앞쪽 골반,복부",한국어,누워서 배가로근 수축2,20220929,"골반의 근,골반의 근,복부의 근",누워서 배가로근 수축 II,9.009,,mp4,0AUDLJ08S_00235.mp4,"Gluteal,Psoas,Transverse Abdominis",http://openapi.kspo.or.kr/web/image/0AUDLJ08S_00235/,2,동영상,
"볼기근,허리근,배가로근",,http://openapi.kspo.or.kr/web/video/,"실내에서 할 수 있는 운동 중, 누워서 배가로근 수축운동을 설명한 운동처방 동영상",13717114,29.96,579,1280*720,매트,공통,552,,0AUDLJ08S_00235_SC_00004.jpeg,"둔근,요근,복횡근",2021,실내,82,"엉덩이,앞쪽 골반,복부",한국어,누워서 배가로근 수축2,20220929,"골반의 근,골반의 근,복부의 근",누워서 배가로근 수축 II,18.418,,mp4,0AUDLJ08S_00235.mp4,"Gluteal,Psoas,Transverse Abdominis",http://openapi.kspo.or.kr/web/image/0AUDLJ08S_00235/,3,동영상,
"볼기근,허리근,배가로근",,http://openapi.kspo.or.kr/web/video/,"실내에서 할 수 있는 운동 중, 누워서 배가로근 수축운동을 설명한 운동처방 동영상",13717114,29.96,580,1280*720,매트,공통,1103,,0AUDLJ08S_00235_SC_00005.jpeg,"둔근,요근,복횡근",2021,실내,82,"엉덩이,앞쪽 골반,복부",한국어,누워서 배가로근 수축2,20220929,"골반의 근,골반의 근,복부의 근",누워서 배가로근 수축 II,36.803,,mp4,0AUDLJ08S_00235.mp4,"Gluteal,Psoas,Transverse Abdominis",http://openapi.kspo.or.kr/web/image/0AUDLJ08S_00235/,4,동영상,
"볼기근,허리근,배가로근",,http://openapi.kspo.or.kr/web/video/,"실내에서 할 수 있는 운동 중, 누워서 배가로근 수축운동을 설명한 운동처방 동영상",13717114,29.96,581,1280*720,매트,공통,1509,,0AUDLJ08S_00235_SC_00006.jpeg,"둔근,요근,복횡근",2021,실내,82,"엉덩이,앞쪽 골반,복부",한국어,누워서 배가로근 수축2,20220929,"골반의 근,골반의 근,복부의 근",누워서 배가로근 수축 II,50.35,,mp4,0AUDLJ08S_00235.mp4,"Gluteal,Psoas,Transverse Abdominis",http://openapi.kspo.or.kr/web/image/0AUDLJ08S_00235/,5,동영상,
,,http://openapi.kspo.or.kr/web/video/,"실내에서 할 수 있는 운동 중, 엎드려 버티기운동을 설명한 운동처방 동영상",9419599,29.96,582,1280*720,매트,공통,59,,0AUDLJ08S_00236_SC_00001.jpeg,,2021,실내,58,,한국어,엎드려 버티기,20220930,,엎드려 버티기,1.968,,mp4,0AUDLJ08S_00236.mp4,,http://openapi.kspo.or.kr/web/image/0AUDLJ08S_00236/,1,동영상,
"넓은등근,등세모근,배곧은근",,http://openapi.kspo.or.kr/web/video/,"실내에서 할 수 있는 운동 중, 엎드려 버티기운동을 설명한 운동처방 동영상",9419599,29.96,583,1280*720,매트,공통,349,,0AUDLJ08S_00236_SC_00006.jpeg,"광배근,승모근,복직근",2021,실내,58,"등,등,복부",한국어,엎드려 버티기,20220930,"등과 허리의 근,등과 허리의 근,복부의 근",엎드려 버티기,11.644,,mp4,0AUDLJ08S_00236.mp4,"Latissimus Dorsi,Trapezius,Rectus Abdominis",http://openapi.kspo.or.kr/web/image/0AUDLJ08S_00236/,2,동영상,
"넓은등근,등세모근,배곧은근",,http://openapi.kspo.or.kr/web/video/,"실내에서 할 수 있는 운동 중, 엎드려 버티기운동을 설명한 운동처방 동영상",9419599,29.96,584,1280*720,매트,공통,407,,0AUDLJ08S_00236_SC_00007.jpeg,"광배근,승모근,복직근",2021,실내,58,"등,등,복부",한국어,엎드려 버티기,20220930,"등과 허리의 근,등과 허리의 근,복부의 근",엎드려 버티기,13.58,,mp4,0AUDLJ08S_00236.mp4,"Latissimus Dorsi,Trapezius,Rectus Abdominis",http://openapi.kspo.or.kr/web/image/0AUDLJ08S_00236/,3,동영상,
"넓은등근,등세모근,배곧은근",,http://openapi.kspo.or.kr/web/video/,"실내에서 할 수 있는 운동 중, 엎드려 버티기운동을 설명한 운동처방 동영상",9419599,29.96,585,1280*720,매트,공통,871,,0AUDLJ08S_00236_SC_00014.jpeg,"광배근,승모근,복직근",2021,실내,58,"등,등,복부",한국어,엎드려 버티기,20220930,"등과 허리의 근,등과 허리의 근,복부의 근",엎드려 버티기,29.062,,mp4,0AUDLJ08S_00236.mp4,"Latissimus Dorsi,Trapezius,Rectus Abdominis",http://openapi.kspo.or.kr/web/image/0AUDLJ08S_00236/,4,동영상,
"넓은등근,등세모근,배곧은근",,http://openapi.kspo.or.kr/web/video/,"실내에서 할 수 있는 운동 중, 엎드려 버티기운동을 설명한 운동처방 동영상",9419599,29.96,586,1280*720,매트,공통,1016,,0AUDLJ08S_00236_SC_00017.jpeg,"광배근,승모근,복직근",2021,실내,58,"등,등,복부",한국어,엎드려 버티기,20220930,"등과 허리의 근,등과 허리의 근,복부의 근",엎드려 버티기,33.9,,mp4,0AUDLJ08S_00236.mp4,"Latissimus Dorsi,Trapezius,Rectus Abdominis",http://openapi.kspo.or.kr/web/image/0AUDLJ08S_00236/,5,동영상,
"넓은등근,등세모근,배곧은근",,http://openapi.kspo.or.kr/web/video/,"실내에서 할 수 있는 운동 중, 엎드려 버티기운동을 설명한 운동처방 동영상",9419599,29.96,587,1280*720,매트,공통,1169,,0AUDLJ08S_00236_FR_00014.jpeg,"광배근,승모근,복직근",2021,실내,58,"등,등,복부",한국어,엎드려 버티기,20220930,"등과 허리의 근,등과 허리의 근,복부의 근",엎드려 버티기,39.005,,mp4,0AUDLJ08S_00236.mp4,"Latissimus Dorsi,Trapezius,Rectus Abdominis",http://openapi.kspo.or.kr/web/image/0AUDLJ08S_00236/,6,동영상,
"넓은등근,등세모근,배곧은근",,http://openapi.kspo.or.kr/web/video/,"실내에서 할 수 있는 운동 중, 엎드려 버티기운동을 설명한 운동처방 동영상",9419599,29.96,588,1280*720,매트,공통,1277,,0AUDLJ08S_00236_SC_00018.jpeg,"광배근,승모근,복직근",2021,실내,58,"등,등,복부",한국어,엎드려 버티기,20220930,"등과 허리의 근,등과 허리의 근,복부의 근",엎드려 버티기,42.609,,mp4,0AUDLJ08S_00236.mp4,"Latissimus Dorsi,Trapezius,Rectus Abdominis",http://openapi.kspo.or.kr/web/image/0AUDLJ08S_00236/,7,동영상,
"넓은등근,등세모근,배곧은근",,http://openapi.kspo.or.kr/web/video/,"실내에서 할 수 있는 운동 중, 엎드려 버티기운동을 설명한 운동처방 동영상",9419599,29.96,589,1280*720,매트,공통,1625,,0AUDLJ08S_00236_SC_00024.jpeg,"광배근,승모근,복직근",2021,실내,58,"등,등,복부",한국어,엎드려 버티기,20220930,"등과 허리의 근,등과 허리의 근,복부의 근",엎드려 버티기,54.22,,mp4,0AUDLJ08S_00236.mp4,"Latissimus Dorsi,Trapezius,Rectus Abdominis",http://openapi.kspo.or.kr/web/image/0AUDLJ08S_00236/,8,동영상,
,,http://openapi.kspo.or.kr/web/video/,"실내에서 할 수 있는 운동 중, 옆으로 누워 버티기운동을 설명한 운동처방 동영상",6312371,29.96,590,1280*720,매트,공통,59,,0AUDLJ08S_00237_SC_00001.jpeg,,2021,실내,40,,한국어,옆으로 누워 버티기,20220930,,옆으로 누워 버티기,1.968,,mp4,0AUDLJ08S_00237.mp4,,http://openapi.kspo.or.kr/web/image/0AUDLJ08S_00237/,1,동영상,
배빗근,,http://openapi.kspo.or.kr/web/video/,"실내에서 할 수 있는 운동 중, 옆으로 누워 버티기운동을 설명한 운동처방 동영상",6312371,29.96,591,1280*720,매트,공통,146,,0AUDLJ08S_00237_SC_00003.jpeg,복사근,2021,실내,40,복부,한국어,옆으로 누워 버티기,20220930,복부의 근,옆으로 누워 버티기,4.871,,mp4,0AUDLJ08S_00237.mp4,Abdominal Oblique,http://openapi.kspo.or.kr/web/image/0AUDLJ08S_00237/,2,동영상,
배빗근,,http://openapi.kspo.or.kr/web/video/,"실내에서 할 수 있는 운동 중, 옆으로 누워 버티기운동을 설명한 운동처방 동영상",6312371,29.96,592,1280*720,매트,공통,523,,0AUDLJ08S_00237_SC_00006.jpeg,복사근,2021,실내,40,복부,한국어,옆으로 누워 버티기,20220930,복부의 근,옆으로 누워 버티기,17.45,,mp4,0AUDLJ08S_00237.mp4,Abdominal Oblique,http://openapi.kspo.or.kr/web/image/0AUDLJ08S_00237/,3,동영상,
배빗근,,http://openapi.kspo.or.kr/web/video/,"실내에서 할 수 있는 운동 중, 옆으로 누워 버티기운동을 설명한 운동처방 동영상",6312371,29.96,593,1280*720,매트,공통,697,,0AUDLJ08S_00237_SC_00009.jpeg,복사근,2021,실내,40,복부,한국어,옆으로 누워 버티기,20220930,복부의 근,옆으로 누워 버티기,23.256,,mp4,0AUDLJ08S_00237.mp4,Abdominal Oblique,http://openapi.kspo.or.kr/web/image/0AUDLJ08S_00237/,4,동영상,
배빗근,,http://openapi.kspo.or.kr/web/video/,"실내에서 할 수 있는 운동 중, 옆으로 누워 버티기운동을 설명한 운동처방 동영상",6312371,29.96,594,1280*720,매트,공통,871,,0AUDLJ08S_00237_SC_00010.jpeg,복사근,2021,실내,40,복부,한국어,옆으로 누워 버티기,20220930,복부의 근,옆으로 누워 버티기,29.062,,mp4,0AUDLJ08S_00237.mp4,Abdominal Oblique,http://openapi.kspo.or.kr/web/image/0AUDLJ08S_00237/,5,동영상,
배빗근,,http://openapi.kspo.or.kr/web/video/,"실내에서 할 수 있는 운동 중, 옆으로 누워 버티기운동을 설명한 운동처방 동영상",6312371,29.96,595,1280*720,매트,공통,987,,0AUDLJ08S_00237_SC_00011.jpeg,복사근,2021,실내,40,복부,한국어,옆으로 누워 버티기,20220930,복부의 근,옆으로 누워 버티기,32.932,,mp4,0AUDLJ08S_00237.mp4,Abdominal Oblique,http://openapi.kspo.or.kr/web/image/0AUDLJ08S_00237/,6,동영상,
"엉덩관절굽힘근,배가로근,배곧은근,넙다리네갈래근",,http://openapi.kspo.or.kr/web/video/,"실내에서 할 수 있는 운동 중, 누워서 다리 들어올리기운동을 설명한 운동처방 동영상",8234548,29.96,596,1280*720,매트,공통,90,,0AUDLJ08S_00238_FR_00002.jpeg,"고관절굴곡근,복횡근,복직근,대퇴사두근",2021,실내,51,"앞쪽 골반,복부,복부,앞쪽 넓적다리",한국어,누워서 다리 들어올리기,20221111,"골반의 근,복부의 근,복부의 근,하지의 근",누워서 다리 들어올리기,3.003,,mp4,0AUDLJ08S_00238.mp4,"Hip Flexor,Transverse Abdominis,Rectus Abdominis,Quadriceps Femoris",http://openapi.kspo.or.kr/web/image/0AUDLJ08S_00238/,1,동영상,
"엉덩관절굽힘근,배가로근,배곧은근,넙다리네갈래근",,http://openapi.kspo.or.kr/web/video/,"실내에서 할 수 있는 운동 중, 누워서 다리 들어올리기운동을 설명한 운동처방 동영상",8234548,29.96,597,1280*720,매트,공통,639,,0AUDLJ08S_00238_SC_00005.jpeg,"고관절굴곡근,복횡근,복직근,대퇴사두근",2021,실내,51,"앞쪽 골반,복부,복부,앞쪽 넓적다리",한국어,누워서 다리 들어올리기,20221018,"골반의 근,복부의 근,복부의 근,하지의 근",누워서 다리 들어올리기,21.321,,mp4,0AUDLJ08S_00238.mp4,"Hip Flexor,Transverse Abdominis,Rectus Abdominis,Quadriceps Femoris",http://openapi.kspo.or.kr/web/image/0AUDLJ08S_00238/,2,동영상,
"배곧은근,배바깥빗근,넙다리네갈래근",,http://openapi.kspo.or.kr/web/video/,"실내에서 할 수 있는 운동 중, 누워서 다리 들어올리기운동을 설명한 운동처방 동영상",8234548,29.96,598,1280*720,매트,공통,813,,0AUDLJ08S_00238_SC_00007.jpeg,"복직근,외복사근,대퇴사두근",2021,실내,51,"복부,복부,앞쪽 넓적다리",한국어,누워서 다리 들어올리기,20221018,"복부의 근,복부의 근,하지의 근",누워서 다리 들어올리기,27.127,,mp4,0AUDLJ08S_00238.mp4,"Rectus Abdominis,Abdominal External Oblique,Quadriceps Femoris",http://openapi.kspo.or.kr/web/image/0AUDLJ08S_00238/,3,동영상,
"엉덩관절굽힘근,배가로근,배곧은근,넙다리네갈래근",,http://openapi.kspo.or.kr/web/video/,"실내에서 할 수 있는 운동 중, 누워서 다리 들어올리기운동을 설명한 운동처방 동영상",8234548,29.96,599,1280*720,테이블,공통,1103,,0AUDLJ08S_00238_SC_00012.jpeg,"고관절굴곡근,복횡근,복직근,대퇴사두근",2021,실내,51,"앞쪽 골반,복부,복부,앞쪽 넓적다리",한국어,누워서 다리 들어올리기,20221018,"골반의 근,복부의 근,복부의 근,하지의 근",누워서 다리 들어올리기,36.803,,mp4,0AUDLJ08S_00238.mp4,"Hip Flexor,Transverse Abdominis,Rectus Abdominis,Quadriceps Femoris",http://openapi.kspo.or.kr/web/image/0AUDLJ08S_00238/,4,동영상,
"엉덩관절굽힘근,배곧은근,넙다리네갈래근",,http://openapi.kspo.or.kr/web/video/,"실내에서 할 수 있는 운동 중, 누워서 팔 다리 동시에 들어올리기운동을 설명한 운동처방 동영상",9464475,29.96,600,1280*720,,공통,88,,0AUDLJ08S_00239_SC_00001.jpeg,"고관절굴곡근,복직근,대퇴사두근",2021,실내,58,"앞쪽 골반,복부,앞쪽 넓적다리",한국어,누워서 팔 다리 동시에 들어올리기,20221111,"골반의 근,복부의 근,하지의 근",누워서 팔 다리 동시에 들어올리기,2.936,,mp4,0AUDLJ08S_00239.mp4,"Hip Flexor,Rectus Abdominis,Quadriceps Femoris",http://openapi.kspo.or.kr/web/image/0AUDLJ08S_00239/,1,동영상,
"엉덩관절굽힘근,배곧은근,넙다리네갈래근",,http://openapi.kspo.or.kr/web/video/,"실내에서 할 수 있는 운동 중, 누워서 팔 다리 동시에 들어올리기운동을 설명한 운동처방 동영상",9464475,29.96,601,1280*720,,공통,360,,0AUDLJ08S_00239_FR_00005.jpeg,"고관절굴곡근,복직근,대퇴사두근",2021,실내,58,"앞쪽 골반,복부,앞쪽 넓적다리",한국어,누워서 팔 다리 동시에 들어올리기,20221018,"골반의 근,복부의 근,하지의 근",누워서 팔 다리 동시에 들어올리기,12.012,,mp4,0AUDLJ08S_00239.mp4,"Hip Flexor,Rectus Abdominis,Quadriceps Femoris",http://openapi.kspo.or.kr/web/image/0AUDLJ08S_00239/,2,동영상,
"엉덩관절굽힘근,배곧은근,넙다리네갈래근",,http://openapi.kspo.or.kr/web/video/,"실내에서 할 수 있는 운동 중, 누워서 팔 다리 동시에 들어올리기운동을 설명한 운동처방 동영상",9464475,29.96,602,1280*720,,공통,1079,,0AUDLJ08S_00239_FR_00013.jpeg,"고관절굴곡근,복직근,대퇴사두근",2021,실내,58,"앞쪽 골반,복부,앞쪽 넓적다리",한국어,누워서 팔 다리 동시에 들어올리기,20221018,"골반의 근,복부의 근,하지의 근",누워서 팔 다리 동시에 들어올리기,36.002,,mp4,0AUDLJ08S_00239.mp4,"Hip Flexor,Rectus Abdominis,Quadriceps Femoris",http://openapi.kspo.or.kr/web/image/0AUDLJ08S_00239/,3,동영상,
"엉덩관절굽힘근,배곧은근,넙다리네갈래근",,http://openapi.kspo.or.kr/web/video/,"실내에서 할 수 있는 운동 중, 누워서 팔 다리 동시에 들어올리기운동을 설명한 운동처방 동영상",9464475,29.96,603,1280*720,,공통,1509,,0AUDLJ08S_00239_SC_00015.jpeg,"고관절굴곡근,복직근,대퇴사두근",2021,실내,58,"앞쪽 골반,복부,앞쪽 넓적다리",한국어,누워서 팔 다리 동시에 들어올리기,20221018,"골반의 근,복부의 근,하지의 근",누워서 팔 다리 동시에 들어올리기,50.35,,mp4,0AUDLJ08S_00239.mp4,"Hip Flexor,Rectus Abdominis,Quadriceps Femoris",http://openapi.kspo.or.kr/web/image/0AUDLJ08S_00239/,4,동영상,
,,http://openapi.kspo.or.kr/web/video/,"실내에서 할 수 있는 운동 중, 윗몸올리기운동을 설명한 운동처방 동영상",11079840,29.96,604,1280*720,매트,공통,59,,0AUDLJ08S_00240_SC_00001.jpeg,,2021,실내,69,,한국어,윗몸 올리기,20220930,,윗몸올리기,1.968,,mp4,0AUDLJ08S_00240.mp4,,http://openapi.kspo.or.kr/web/image/0AUDLJ08S_00240/,1,동영상,
배곧은근,,http://openapi.kspo.or.kr/web/video/,"실내에서 할 수 있는 운동 중, 윗몸올리기운동을 설명한 운동처방 동영상",11079840,29.96,605,1280*720,매트,공통,270,,0AUDLJ08S_00240_FR_00004.jpeg,복직근,2021,실내,69,복부,한국어,윗몸 올리기,20220930,복부의 근,윗몸올리기,9.009,,mp4,0AUDLJ08S_00240.mp4,Rectus Abdominis,http://openapi.kspo.or.kr/web/image/0AUDLJ08S_00240/,2,동영상,
배곧은근,,http://openapi.kspo.or.kr/web/video/,"실내에서 할 수 있는 운동 중, 윗몸올리기운동을 설명한 운동처방 동영상",11079840,29.96,606,1280*720,매트,공통,581,,0AUDLJ08S_00240_SC_00010.jpeg,복직근,2021,실내,69,복부,한국어,윗몸 올리기,20220930,복부의 근,윗몸올리기,19.386,,mp4,0AUDLJ08S_00240.mp4,Rectus Abdominis,http://openapi.kspo.or.kr/web/image/0AUDLJ08S_00240/,3,동영상,
배곧은근,,http://openapi.kspo.or.kr/web/video/,"실내에서 할 수 있는 운동 중, 윗몸올리기운동을 설명한 운동처방 동영상",11079840,29.96,607,1280*720,매트,공통,784,,0AUDLJ08S_00240_SC_00012.jpeg,복직근,2021,실내,69,복부,한국어,윗몸 올리기,20220930,복부의 근,윗몸올리기,26.159,,mp4,0AUDLJ08S_00240.mp4,Rectus Abdominis,http://openapi.kspo.or.kr/web/image/0AUDLJ08S_00240/,4,동영상,
배곧은근,,http://openapi.kspo.or.kr/web/video/,"실내에서 할 수 있는 운동 중, 윗몸올리기운동을 설명한 운동처방 동영상",11079840,29.96,608,1280*720,매트,공통,1538,,0AUDLJ08S_00240_SC_00015.jpeg,복직근,2021,실내,69,복부,한국어,윗몸 올리기,20220930,복부의 근,윗몸올리기,51.317,,mp4,0AUDLJ08S_00240.mp4,Rectus Abdominis,http://openapi.kspo.or.kr/web/image/0AUDLJ08S_00240/,5,동영상,
배곧은근,,http://openapi.kspo.or.kr/web/video/,"실내에서 할 수 있는 운동 중, 윗몸올리기운동을 설명한 운동처방 동영상",11079840,29.96,609,1280*720,매트,공통,1567,,0AUDLJ08S_00240_SC_00016.jpeg,복직근,2021,실내,69,복부,한국어,윗몸 올리기,20220930,복부의 근,윗몸올리기,52.285,,mp4,0AUDLJ08S_00240.mp4,Rectus Abdominis,http://openapi.kspo.or.kr/web/image/0AUDLJ08S_00240/,6,동영상,
배곧은근,,http://openapi.kspo.or.kr/web/video/,"실내에서 할 수 있는 운동 중, 윗몸올리기운동을 설명한 운동처방 동영상",11079840,29.96,610,1280*720,매트,공통,1683,,0AUDLJ08S_00240_SC_00019.jpeg,복직근,2021,실내,69,복부,한국어,윗몸 올리기,20220930,복부의 근,윗몸올리기,56.156,,mp4,0AUDLJ08S_00240.mp4,Rectus Abdominis,http://openapi.kspo.or.kr/web/image/0AUDLJ08S_00240/,7,동영상,
배곧은근,,http://openapi.kspo.or.kr/web/video/,"실내에서 할 수 있는 운동 중, 윗몸올리기운동을 설명한 운동처방 동영상",11079840,29.96,611,1280*720,매트,공통,1770,,0AUDLJ08S_00240_SC_00021.jpeg,복직근,2021,실내,69,복부,한국어,윗몸 올리기,20220930,복부의 근,윗몸올리기,59.059,,mp4,0AUDLJ08S_00240.mp4,Rectus Abdominis,http://openapi.kspo.or.kr/web/image/0AUDLJ08S_00240/,8,동영상,
"등세모근,마름모근,가시아래근,작은원근",,http://openapi.kspo.or.kr/web/video/,"실내에서 할 수 있는 운동 중, 엎드려 양팔 올리기운동을 설명한 운동처방 동영상",13339877,29.96,612,1280*720,매트,공통,117,,0AUDLJ08S_00241_SC_00001.jpeg,"승모근,능형근,극하근,소원근",2021,실내,82,"등,등,뒤쪽 어깨,안쪽 어깨",한국어,엎드려 양팔 올리기,20220930,"등과 허리의 근,등과 허리의 근,상지의 근,상지의 근",엎드려 양팔 올리기,3.903,,mp4,0AUDLJ08S_00241.mp4,"Trapezius,Rhomboid,Infraspinatus,Teres Minor",http://openapi.kspo.or.kr/web/image/0AUDLJ08S_00241/,1,동영상,
"등세모근,마름모근,가시아래근,작은원근",,http://openapi.kspo.or.kr/web/video/,"실내에서 할 수 있는 운동 중, 엎드려 양팔 올리기운동을 설명한 운동처방 동영상",13339877,29.96,613,1280*720,매트,공통,146,,0AUDLJ08S_00241_SC_00002.jpeg,"승모근,능형근,극하근,소원근",2021,실내,82,"등,등,뒤쪽 어깨,안쪽 어깨",한국어,엎드려 양팔 올리기,20220930,"등과 허리의 근,등과 허리의 근,상지의 근,상지의 근",엎드려 양팔 올리기,4.871,,mp4,0AUDLJ08S_00241.mp4,"Trapezius,Rhomboid,Infraspinatus,Teres Minor",http://openapi.kspo.or.kr/web/image/0AUDLJ08S_00241/,2,동영상,
"등세모근,마름모근,가시아래근,작은원근",,http://openapi.kspo.or.kr/web/video/,"실내에서 할 수 있는 운동 중, 엎드려 양팔 올리기운동을 설명한 운동처방 동영상",13339877,29.96,614,1280*720,매트,공통,784,,0AUDLJ08S_00241_SC_00003.jpeg,"승모근,능형근,극하근,소원근",2021,실내,82,"등,등,뒤쪽 어깨,안쪽 어깨",한국어,엎드려 양팔 올리기,20220930,"등과 허리의 근,등과 허리의 근,상지의 근,상지의 근",엎드려 양팔 올리기,26.159,,mp4,0AUDLJ08S_00241.mp4,"Trapezius,Rhomboid,Infraspinatus,Teres Minor",http://openapi.kspo.or.kr/web/image/0AUDLJ08S_00241/,3,동영상,
"등세모근,마름모근,가시아래근,작은원근",,http://openapi.kspo.or.kr/web/video/,"실내에서 할 수 있는 운동 중, 엎드려 양팔 올리기운동을 설명한 운동처방 동영상",13339877,29.96,615,1280*720,매트,공통,1277,,0AUDLJ08S_00241_SC_00004.jpeg,"승모근,능형근,극하근,소원근",2021,실내,82,"등,등,뒤쪽 어깨,안쪽 어깨",한국어,엎드려 양팔 올리기,20220930,"등과 허리의 근,등과 허리의 근,상지의 근,상지의 근",엎드려 양팔 올리기,42.609,,mp4,0AUDLJ08S_00241.mp4,"Trapezius,Rhomboid,Infraspinatus,Teres Minor",http://openapi.kspo.or.kr/web/image/0AUDLJ08S_00241/,4,동영상,
"등세모근,마름모근,가시아래근,작은원근",,http://openapi.kspo.or.kr/web/video/,"실내에서 할 수 있는 운동 중, 엎드려 양팔 올리기운동을 설명한 운동처방 동영상",13339877,29.96,616,1280*720,매트,공통,1625,,0AUDLJ08S_00241_SC_00005.jpeg,"승모근,능형근,극하근,소원근",2021,실내,82,"등,등,뒤쪽 어깨,안쪽 어깨",한국어,엎드려 양팔 올리기,20220930,"등과 허리의 근,등과 허리의 근,상지의 근,상지의 근",엎드려 양팔 올리기,54.22,,mp4,0AUDLJ08S_00241.mp4,"Trapezius,Rhomboid,Infraspinatus,Teres Minor",http://openapi.kspo.or.kr/web/image/0AUDLJ08S_00241/,5,동영상,
"등세모근,마름모근,가시아래근,작은원근",,http://openapi.kspo.or.kr/web/video/,"실내에서 할 수 있는 운동 중, 엎드려 양팔 올리기운동을 설명한 운동처방 동영상",13339877,29.96,617,1280*720,매트,공통,2379,,0AUDLJ08S_00241_SC_00006.jpeg,"승모근,능형근,극하근,소원근",2021,실내,82,"등,등,뒤쪽 어깨,안쪽 어깨",한국어,엎드려 양팔 올리기,20220930,"등과 허리의 근,등과 허리의 근,상지의 근,상지의 근",엎드려 양팔 올리기,79.379,,mp4,0AUDLJ08S_00241.mp4,"Trapezius,Rhomboid,Infraspinatus,Teres Minor",http://openapi.kspo.or.kr/web/image/0AUDLJ08S_00241/,6,동영상,
배곧은근,,http://openapi.kspo.or.kr/web/video/,"실내에서 할 수 있는 운동 중, 누워서 하늘 자전거운동을 설명한 운동처방 동영상",9024532,29.96,618,1280*720,소파,공통,958,,0AUDLJ08S_00242_SC_00008.jpeg,복직근,2021,실내,56,복부,한국어,누워서 하늘 자전거,20220929,복부의 근,누워서 하늘 자전거,31.965,,mp4,0AUDLJ08S_00242.mp4,Rectus Abdominis,http://openapi.kspo.or.kr/web/image/0AUDLJ08S_00242/,8,동영상,
배곧은근,,http://openapi.kspo.or.kr/web/video/,"실내에서 할 수 있는 운동 중, 누워서 하늘 자전거운동을 설명한 운동처방 동영상",9024532,29.96,619,1280*720,소파,공통,88,,0AUDLJ08S_00242_SC_00001.jpeg,복직근,2021,실내,56,복부,한국어,누워서 하늘 자전거,20220929,복부의 근,누워서 하늘 자전거,2.936,,mp4,0AUDLJ08S_00242.mp4,Rectus Abdominis,http://openapi.kspo.or.kr/web/image/0AUDLJ08S_00242/,1,동영상,
배곧은근,,http://openapi.kspo.or.kr/web/video/,"실내에서 할 수 있는 운동 중, 누워서 하늘 자전거운동을 설명한 운동처방 동영상",9024532,29.96,620,1280*720,소파,공통,117,,0AUDLJ08S_00242_SC_00002.jpeg,복직근,2021,실내,56,복부,한국어,누워서 하늘 자전거,20220929,복부의 근,누워서 하늘 자전거,3.903,,mp4,0AUDLJ08S_00242.mp4,Rectus Abdominis,http://openapi.kspo.or.kr/web/image/0AUDLJ08S_00242/,2,동영상,
배곧은근,,http://openapi.kspo.or.kr/web/video/,"실내에서 할 수 있는 운동 중, 누워서 하늘 자전거운동을 설명한 운동처방 동영상",9024532,29.96,621,1280*720,소파,공통,146,,0AUDLJ08S_00242_SC_00003.jpeg,복직근,2021,실내,56,복부,한국어,누워서 하늘 자전거,20220929,복부의 근,누워서 하늘 자전거,4.871,,mp4,0AUDLJ08S_00242.mp4,Rectus Abdominis,http://openapi.kspo.or.kr/web/image/0AUDLJ08S_00242/,3,동영상,
배곧은근,,http://openapi.kspo.or.kr/web/video/,"실내에서 할 수 있는 운동 중, 누워서 하늘 자전거운동을 설명한 운동처방 동영상",9024532,29.96,622,1280*720,소파,공통,523,,0AUDLJ08S_00242_SC_00004.jpeg,복직근,2021,실내,56,복부,한국어,누워서 하늘 자전거,20220929,복부의 근,누워서 하늘 자전거,17.45,,mp4,0AUDLJ08S_00242.mp4,Rectus Abdominis,http://openapi.kspo.or.kr/web/image/0AUDLJ08S_00242/,4,동영상,
배곧은근,,http://openapi.kspo.or.kr/web/video/,"실내에서 할 수 있는 운동 중, 누워서 하늘 자전거운동을 설명한 운동처방 동영상",9024532,29.96,623,1280*720,소파,공통,668,,0AUDLJ08S_00242_SC_00005.jpeg,복직근,2021,실내,56,복부,한국어,누워서 하늘 자전거,20220929,복부의 근,누워서 하늘 자전거,22.288,,mp4,0AUDLJ08S_00242.mp4,Rectus Abdominis,http://openapi.kspo.or.kr/web/image/0AUDLJ08S_00242/,5,동영상,
배곧은근,,http://openapi.kspo.or.kr/web/video/,"실내에서 할 수 있는 운동 중, 누워서 하늘 자전거운동을 설명한 운동처방 동영상",9024532,29.96,624,1280*720,소파,공통,871,,0AUDLJ08S_00242_SC_00006.jpeg,복직근,2021,실내,56,복부,한국어,누워서 하늘 자전거,20220929,복부의 근,누워서 하늘 자전거,29.062,,mp4,0AUDLJ08S_00242.mp4,Rectus Abdominis,http://openapi.kspo.or.kr/web/image/0AUDLJ08S_00242/,6,동영상,
배곧은근,,http://openapi.kspo.or.kr/web/video/,"실내에서 할 수 있는 운동 중, 누워서 하늘 자전거운동을 설명한 운동처방 동영상",9024532,29.96,625,1280*720,소파,공통,900,,0AUDLJ08S_00242_SC_00007.jpeg,복직근,2021,실내,56,복부,한국어,누워서 하늘 자전거,20220929,복부의 근,누워서 하늘 자전거,30.03,,mp4,0AUDLJ08S_00242.mp4,Rectus Abdominis,http://openapi.kspo.or.kr/web/image/0AUDLJ08S_00242/,7,동영상,
배곧은근,,http://openapi.kspo.or.kr/web/video/,"실내에서 할 수 있는 운동 중, 누워서 하늘 자전거운동을 설명한 운동처방 동영상",9024532,29.96,626,1280*720,소파,공통,1045,,0AUDLJ08S_00242_SC_00009.jpeg,복직근,2021,실내,56,복부,한국어,누워서 하늘 자전거,20220929,복부의 근,누워서 하늘 자전거,34.868,,mp4,0AUDLJ08S_00242.mp4,Rectus Abdominis,http://openapi.kspo.or.kr/web/image/0AUDLJ08S_00242/,9,동영상,
배곧은근,,http://openapi.kspo.or.kr/web/video/,"실내에서 할 수 있는 운동 중, 누워서 하늘 자전거운동을 설명한 운동처방 동영상",9024532,29.96,627,1280*720,소파,공통,1074,,0AUDLJ08S_00242_SC_00010.jpeg,복직근,2021,실내,56,복부,한국어,누워서 하늘 자전거,20220929,복부의 근,누워서 하늘 자전거,35.835,,mp4,0AUDLJ08S_00242.mp4,Rectus Abdominis,http://openapi.kspo.or.kr/web/image/0AUDLJ08S_00242/,10,동영상,
배곧은근,,http://openapi.kspo.or.kr/web/video/,"실내에서 할 수 있는 운동 중, 누워서 하늘 자전거운동을 설명한 운동처방 동영상",9024532,29.96,628,1280*720,소파,공통,1132,,0AUDLJ08S_00242_SC_00011.jpeg,복직근,2021,실내,56,복부,한국어,누워서 하늘 자전거,20220929,복부의 근,누워서 하늘 자전거,37.771,,mp4,0AUDLJ08S_00242.mp4,Rectus Abdominis,http://openapi.kspo.or.kr/web/image/0AUDLJ08S_00242/,11,동영상,
배곧은근,,http://openapi.kspo.or.kr/web/video/,"실내에서 할 수 있는 운동 중, 누워서 하늘 자전거운동을 설명한 운동처방 동영상",9024532,29.96,629,1280*720,소파,공통,1161,,0AUDLJ08S_00242_SC_00012.jpeg,복직근,2021,실내,56,복부,한국어,누워서 하늘 자전거,20220929,복부의 근,누워서 하늘 자전거,38.738,,mp4,0AUDLJ08S_00242.mp4,Rectus Abdominis,http://openapi.kspo.or.kr/web/image/0AUDLJ08S_00242/,12,동영상,
배곧은근,,http://openapi.kspo.or.kr/web/video/,"실내에서 할 수 있는 운동 중, 누워서 하늘 자전거운동을 설명한 운동처방 동영상",9024532,29.96,630,1280*720,소파,공통,1335,,0AUDLJ08S_00242_SC_00013.jpeg,복직근,2021,실내,56,복부,한국어,누워서 하늘 자전거,20220929,복부의 근,누워서 하늘 자전거,44.544,,mp4,0AUDLJ08S_00242.mp4,Rectus Abdominis,http://openapi.kspo.or.kr/web/image/0AUDLJ08S_00242/,13,동영상,
,,http://openapi.kspo.or.kr/web/video/,"실내에서 할 수 있는 운동 중, 누워서 엉덩이 들어올리기운동을 설명한 운동처방 동영상",11028302,29.96,631,1280*720,매트,공통,88,,0AUDLJ08S_00243_SC_00001.jpeg,,2021,실내,67,,한국어,누워서 엉덩이 들어올리기,20220929,,누워서 엉덩이 들어올리기,2.936,,mp4,0AUDLJ08S_00243.mp4,,http://openapi.kspo.or.kr/web/image/0AUDLJ08S_00243/,1,동영상,
"볼기근,허리근",,http://openapi.kspo.or.kr/web/video/,"실내에서 할 수 있는 운동 중, 누워서 엉덩이 들어올리기운동을 설명한 운동처방 동영상",11028302,29.96,632,1280*720,매트,공통,360,,0AUDLJ08S_00243_FR_00005.jpeg,"둔근,요근",2021,실내,67,"엉덩이,앞쪽 골반",한국어,누워서 엉덩이 들어올리기,20220929,"골반의 근,골반의 근",누워서 엉덩이 들어올리기,12.012,,mp4,0AUDLJ08S_00243.mp4,"Gluteal,Psoas",http://openapi.kspo.or.kr/web/image/0AUDLJ08S_00243/,2,동영상,
"볼기근,허리근",,http://openapi.kspo.or.kr/web/video/,"실내에서 할 수 있는 운동 중, 누워서 엉덩이 들어올리기운동을 설명한 운동처방 동영상",11028302,29.96,633,1280*720,매트,공통,639,,0AUDLJ08S_00243_SC_00005.jpeg,"둔근,요근",2021,실내,67,"엉덩이,앞쪽 골반",한국어,누워서 엉덩이 들어올리기,20220929,"골반의 근,골반의 근",누워서 엉덩이 들어올리기,21.321,,mp4,0AUDLJ08S_00243.mp4,"Gluteal,Psoas",http://openapi.kspo.or.kr/web/image/0AUDLJ08S_00243/,3,동영상,
"볼기근,허리근",,http://openapi.kspo.or.kr/web/video/,"실내에서 할 수 있는 운동 중, 누워서 엉덩이 들어올리기운동을 설명한 운동처방 동영상",11028302,29.96,634,1280*720,매트,공통,1074,,0AUDLJ08S_00243_SC_00006.jpeg,"둔근,요근",2021,실내,67,"엉덩이,앞쪽 골반",한국어,누워서 엉덩이 들어올리기,20220929,"골반의 근,골반의 근",누워서 엉덩이 들어올리기,35.835,,mp4,0AUDLJ08S_00243.mp4,"Gluteal,Psoas",http://openapi.kspo.or.kr/web/image/0AUDLJ08S_00243/,4,동영상,
"볼기근,허리근",,http://openapi.kspo.or.kr/web/video/,"실내에서 할 수 있는 운동 중, 누워서 엉덩이 들어올리기운동을 설명한 운동처방 동영상",11028302,29.96,635,1280*720,소파,공통,1439,,0AUDLJ08S_00243_FR_00017.jpeg,"둔근,요근",2021,실내,67,"엉덩이,앞쪽 골반",한국어,누워서 엉덩이 들어올리기,20220929,"골반의 근,골반의 근",누워서 엉덩이 들어올리기,48.014,,mp4,0AUDLJ08S_00243.mp4,"Gluteal,Psoas",http://openapi.kspo.or.kr/web/image/0AUDLJ08S_00243/,5,동영상,
"볼기근,허리근",,http://openapi.kspo.or.kr/web/video/,"실내에서 할 수 있는 운동 중, 누워서 엉덩이 들어올리기운동을 설명한 운동처방 동영상",11028302,29.96,636,1280*720,짐볼,공통,1654,,0AUDLJ08S_00243_SC_00008.jpeg,"둔근,요근",2021,실내,67,"엉덩이,앞쪽 골반",한국어,누워서 엉덩이 들어올리기,20220929,"골반의 근,골반의 근",누워서 엉덩이 들어올리기,55.188,,mp4,0AUDLJ08S_00243.mp4,"Gluteal,Psoas",http://openapi.kspo.or.kr/web/image/0AUDLJ08S_00243/,6,동영상,
"볼기근,허리근,척추세움근",,http://openapi.kspo.or.kr/web/video/,"실내에서 할 수 있는 운동 중, 네발기기 자세에서 팔 다리 들기운동을 설명한 운동처방 동영상",9592464,29.96,637,1280*720,매트,공통,90,,0AUDLJ08S_00244_FR_00002.jpeg,"둔근,요근,척추기립근",2021,실내,60,"엉덩이,앞쪽 골반,척추",한국어,네발기기 자세에서 팔 다리 들기,20221111,"골반의 근,골반의 근,등과 허리의 근",네발기기 자세에서 팔 다리 들기,3.003,,mp4,0AUDLJ08S_00244.mp4,"Gluteal,Psoas,Erector Spinae",http://openapi.kspo.or.kr/web/image/0AUDLJ08S_00244/,1,동영상,
등세모근,,http://openapi.kspo.or.kr/web/video/,"소도구를 활용한 근육 완화 운동 중, 공을 활용한 운동처방 동영상",53242921,29.96,638,1280*720,테니스공,공통,2901,,0AUDLJ08S_01017_SC_00011.jpeg,승모근,2021,실내,331,등,한국어,목 외측,20221004,등과 허리의 근,테니스공을 활용한 뭉친근육 완화 운동,96.796,,mp4,0AUDLJ08S_01017.mp4,Trapezius,http://openapi.kspo.or.kr/web/image/0AUDLJ08S_01017/,11,동영상,
"볼기근,허리근,척추세움근,어깨세모근",,http://openapi.kspo.or.kr/web/video/,"실내에서 할 수 있는 운동 중, 네발기기 자세에서 팔 다리 들기운동을 설명한 운동처방 동영상",9592464,29.96,639,1280*720,매트,공통,523,,0AUDLJ08S_00244_SC_00006.jpeg,"둔근,요근,척추기립근,삼각근",2021,실내,60,"엉덩이,앞쪽 골반,척추,바깥쪽 어깨",한국어,네발기기 자세에서 팔 다리 들기,20221018,"골반의 근,골반의 근,등과 허리의 근,상지의 근",네발기기 자세에서 팔 다리 들기,17.45,,mp4,0AUDLJ08S_00244.mp4,"Gluteal,Psoas,Erector Spinae,Deltoid",http://openapi.kspo.or.kr/web/image/0AUDLJ08S_00244/,2,동영상,
"볼기근,허리근,척추세움근,어깨세모근",,http://openapi.kspo.or.kr/web/video/,"실내에서 할 수 있는 운동 중, 네발기기 자세에서 팔 다리 들기운동을 설명한 운동처방 동영상",9592464,29.96,640,1280*720,매트,공통,900,,0AUDLJ08S_00244_FR_00011.jpeg,"둔근,요근,척추기립근,삼각근",2021,실내,60,"엉덩이,앞쪽 골반,척추,바깥쪽 어깨",한국어,네발기기 자세에서 팔 다리 들기,20221018,"골반의 근,골반의 근,등과 허리의 근,상지의 근",네발기기 자세에서 팔 다리 들기,30.03,,mp4,0AUDLJ08S_00244.mp4,"Gluteal,Psoas,Erector Spinae,Deltoid",http://openapi.kspo.or.kr/web/image/0AUDLJ08S_00244/,3,동영상,
"볼기근,허리근,척추세움근,어깨세모근",,http://openapi.kspo.or.kr/web/video/,"실내에서 할 수 있는 운동 중, 네발기기 자세에서 팔 다리 들기운동을 설명한 운동처방 동영상",9592464,29.96,641,1280*720,매트,공통,1529,,0AUDLJ08S_00244_FR_00018.jpeg,"둔근,요근,척추기립근,삼각근",2021,실내,60,"엉덩이,앞쪽 골반,척추,바깥쪽 어깨",한국어,네발기기 자세에서 팔 다리 들기,20221018,"골반의 근,골반의 근,등과 허리의 근,상지의 근",네발기기 자세에서 팔 다리 들기,51.017,,mp4,0AUDLJ08S_00244.mp4,"Gluteal,Psoas,Erector Spinae,Deltoid",http://openapi.kspo.or.kr/web/image/0AUDLJ08S_00244/,4,동영상,
"볼기근,허리근,등세모근,마름모근,척추세움근,어깨세모근",,http://openapi.kspo.or.kr/web/video/,"실내에서 할 수 있는 운동 중, 엎드려서 팔 다리 들기운동을 설명한 운동처방 동영상",11956187,29.96,642,1280*720,매트,공통,88,,0AUDLJ08S_00245_SC_00001.jpeg,"둔근,요근,승모근,능형근,척추기립근,삼각근",2021,실내,73,"엉덩이,앞쪽 골반,등,등,척추,바깥쪽 어깨",한국어,엎드려서 팔 다리 들기,20221018,"골반의 근,골반의 근,등과 허리의 근,등과 허리의 근,등과 허리의 근,상지의 근",엎드려서 팔 다리 들기,2.936,,mp4,0AUDLJ08S_00245.mp4,"Gluteal,Psoas,Trapezius,Rhomboid,Erector Spinae,Deltoid",http://openapi.kspo.or.kr/web/image/0AUDLJ08S_00245/,1,동영상,
"볼기근,허리근,등세모근,마름모근,척추세움근,어깨세모근",,http://openapi.kspo.or.kr/web/video/,"실내에서 할 수 있는 운동 중, 엎드려서 팔 다리 들기운동을 설명한 운동처방 동영상",11956187,29.96,643,1280*720,매트,공통,755,,0AUDLJ08S_00245_SC_00006.jpeg,"둔근,요근,승모근,능형근,척추기립근,삼각근",2021,실내,73,"엉덩이,앞쪽 골반,등,등,척추,바깥쪽 어깨",한국어,엎드려서 팔 다리 들기,20221018,"골반의 근,골반의 근,등과 허리의 근,등과 허리의 근,등과 허리의 근,상지의 근",엎드려서 팔 다리 들기,25.191,,mp4,0AUDLJ08S_00245.mp4,"Gluteal,Psoas,Trapezius,Rhomboid,Erector Spinae,Deltoid",http://openapi.kspo.or.kr/web/image/0AUDLJ08S_00245/,2,동영상,
"볼기근,허리근,등세모근,마름모근,척추세움근,어깨세모근",,http://openapi.kspo.or.kr/web/video/,"실내에서 할 수 있는 운동 중, 엎드려서 팔 다리 들기운동을 설명한 운동처방 동영상",11956187,29.96,644,1280*720,매트,공통,987,,0AUDLJ08S_00245_SC_00007.jpeg,"둔근,요근,승모근,능형근,척추기립근,삼각근",2021,실내,73,"엉덩이,앞쪽 골반,등,등,척추,바깥쪽 어깨",한국어,엎드려서 팔 다리 들기,20221018,"골반의 근,골반의 근,등과 허리의 근,등과 허리의 근,등과 허리의 근,상지의 근",엎드려서 팔 다리 들기,32.932,,mp4,0AUDLJ08S_00245.mp4,"Gluteal,Psoas,Trapezius,Rhomboid,Erector Spinae,Deltoid",http://openapi.kspo.or.kr/web/image/0AUDLJ08S_00245/,3,동영상,
"볼기근,허리근,등세모근,마름모근,척추세움근,어깨세모근",,http://openapi.kspo.or.kr/web/video/,"실내에서 할 수 있는 운동 중, 엎드려서 팔 다리 들기운동을 설명한 운동처방 동영상",11956187,29.96,645,1280*720,매트,공통,1741,,0AUDLJ08S_00245_SC_00010.jpeg,"둔근,요근,승모근,능형근,척추기립근,삼각근",2021,실내,73,"엉덩이,앞쪽 골반,등,등,척추,바깥쪽 어깨",한국어,엎드려서 팔 다리 들기,20221018,"골반의 근,골반의 근,등과 허리의 근,등과 허리의 근,등과 허리의 근,상지의 근",엎드려서 팔 다리 들기,58.091,,mp4,0AUDLJ08S_00245.mp4,"Gluteal,Psoas,Trapezius,Rhomboid,Erector Spinae,Deltoid",http://openapi.kspo.or.kr/web/image/0AUDLJ08S_00245/,4,동영상,
"앞톱니근,마름모근",,http://openapi.kspo.or.kr/web/video/,"실내에서 할 수 있는 운동 중, 네발기기 자세에서 손바닥으로 바닥밀기운동을 설명한 운동처방 동영상",10435027,29.96,646,1280*720,매트,공통,1538,,0AUDLJ08S_00246_SC_00008.jpeg,"전거근,능형근",2021,실내,65,"가슴,등",한국어,네발기기 자세에서 손바닥으로 바닥밀기,20220929,"가슴의 근,등과 허리의 근",네발기기 자세에서 손바닥으로 바닥밀기,51.317,,mp4,0AUDLJ08S_00246.mp4,"Serratus Anterior,Rhomboid",http://openapi.kspo.or.kr/web/image/0AUDLJ08S_00246/,6,동영상,
"앞톱니근,마름모근",,http://openapi.kspo.or.kr/web/video/,"실내에서 할 수 있는 운동 중, 네발기기 자세에서 손바닥으로 바닥밀기운동을 설명한 운동처방 동영상",10435027,29.96,647,1280*720,매트,공통,88,,0AUDLJ08S_00246_SC_00001.jpeg,"전거근,능형근",2021,실내,65,"가슴,등",한국어,네발기기 자세에서 손바닥으로 바닥밀기,20220929,"가슴의 근,등과 허리의 근",네발기기 자세에서 손바닥으로 바닥밀기,2.936,,mp4,0AUDLJ08S_00246.mp4,"Serratus Anterior,Rhomboid",http://openapi.kspo.or.kr/web/image/0AUDLJ08S_00246/,1,동영상,
"앞톱니근,마름모근",,http://openapi.kspo.or.kr/web/video/,"실내에서 할 수 있는 운동 중, 네발기기 자세에서 손바닥으로 바닥밀기운동을 설명한 운동처방 동영상",10435027,29.96,648,1280*720,매트,공통,436,,0AUDLJ08S_00246_SC_00004.jpeg,"전거근,능형근",2021,실내,65,"가슴,등",한국어,네발기기 자세에서 손바닥으로 바닥밀기,20220929,"가슴의 근,등과 허리의 근",네발기기 자세에서 손바닥으로 바닥밀기,14.547,,mp4,0AUDLJ08S_00246.mp4,"Serratus Anterior,Rhomboid",http://openapi.kspo.or.kr/web/image/0AUDLJ08S_00246/,2,동영상,
"앞톱니근,마름모근",,http://openapi.kspo.or.kr/web/video/,"실내에서 할 수 있는 운동 중, 네발기기 자세에서 손바닥으로 바닥밀기운동을 설명한 운동처방 동영상",10435027,29.96,649,1280*720,매트,공통,610,,0AUDLJ08S_00246_SC_00005.jpeg,"전거근,능형근",2021,실내,65,"가슴,등",한국어,네발기기 자세에서 손바닥으로 바닥밀기,20220929,"가슴의 근,등과 허리의 근",네발기기 자세에서 손바닥으로 바닥밀기,20.353,,mp4,0AUDLJ08S_00246.mp4,"Serratus Anterior,Rhomboid",http://openapi.kspo.or.kr/web/image/0AUDLJ08S_00246/,3,동영상,
"앞톱니근,마름모근",,http://openapi.kspo.or.kr/web/video/,"실내에서 할 수 있는 운동 중, 네발기기 자세에서 손바닥으로 바닥밀기운동을 설명한 운동처방 동영상",10435027,29.96,650,1280*720,매트,공통,784,,0AUDLJ08S_00246_SC_00006.jpeg,"전거근,능형근",2021,실내,65,"가슴,등",한국어,네발기기 자세에서 손바닥으로 바닥밀기,20220929,"가슴의 근,등과 허리의 근",네발기기 자세에서 손바닥으로 바닥밀기,26.159,,mp4,0AUDLJ08S_00246.mp4,"Serratus Anterior,Rhomboid",http://openapi.kspo.or.kr/web/image/0AUDLJ08S_00246/,4,동영상,
"앞톱니근,마름모근",,http://openapi.kspo.or.kr/web/video/,"실내에서 할 수 있는 운동 중, 네발기기 자세에서 손바닥으로 바닥밀기운동을 설명한 운동처방 동영상",10435027,29.96,651,1280*720,매트,공통,1103,,0AUDLJ08S_00246_SC_00007.jpeg,"전거근,능형근",2021,실내,65,"가슴,등",한국어,네발기기 자세에서 손바닥으로 바닥밀기,20220929,"가슴의 근,등과 허리의 근",네발기기 자세에서 손바닥으로 바닥밀기,36.803,,mp4,0AUDLJ08S_00246.mp4,"Serratus Anterior,Rhomboid",http://openapi.kspo.or.kr/web/image/0AUDLJ08S_00246/,5,동영상,
"큰볼기근,배빗근",,http://openapi.kspo.or.kr/web/video/,"실내에서 할 수 있는 운동 중, 네발기기 자세에서 다리 위로 뻗어올리기운동을 설명한 운동처방 동영상",10255127,29.96,652,1280*720,매트,공통,117,,0AUDLJ08S_00247_SC_00001.jpeg,"대둔근,복사근",2021,실내,63,"엉덩이,복부",한국어,네발기기 자세에서 다리 위로 뻗어올리기,20221112,"골반의 근,복부의 근",네발기기 자세에서 다리 위로 뻗어올리기,3.903,,mp4,0AUDLJ08S_00247.mp4,"Gluteus Maximus,Abdominal Oblique",http://openapi.kspo.or.kr/web/image/0AUDLJ08S_00247/,1,동영상,
"큰볼기근,배빗근",,http://openapi.kspo.or.kr/web/video/,"실내에서 할 수 있는 운동 중, 네발기기 자세에서 다리 위로 뻗어올리기운동을 설명한 운동처방 동영상",10255127,29.96,653,1280*720,매트,공통,146,,0AUDLJ08S_00247_SC_00002.jpeg,"대둔근,복사근",2021,실내,63,"엉덩이,복부",한국어,네발기기 자세에서 다리 위로 뻗어올리기,20221112,"골반의 근,복부의 근",네발기기 자세에서 다리 위로 뻗어올리기,4.871,,mp4,0AUDLJ08S_00247.mp4,"Gluteus Maximus,Abdominal Oblique",http://openapi.kspo.or.kr/web/image/0AUDLJ08S_00247/,2,동영상,
"큰볼기근,배빗근",,http://openapi.kspo.or.kr/web/video/,"실내에서 할 수 있는 운동 중, 네발기기 자세에서 다리 위로 뻗어올리기운동을 설명한 운동처방 동영상",10255127,29.96,654,1280*720,매트,공통,407,,0AUDLJ08S_00247_SC_00003.jpeg,"대둔근,복사근",2021,실내,63,"엉덩이,복부",한국어,네발기기 자세에서 다리 위로 뻗어올리기,20221112,"골반의 근,복부의 근",네발기기 자세에서 다리 위로 뻗어올리기,13.58,,mp4,0AUDLJ08S_00247.mp4,"Gluteus Maximus,Abdominal Oblique",http://openapi.kspo.or.kr/web/image/0AUDLJ08S_00247/,3,동영상,
"큰볼기근,배빗근",,http://openapi.kspo.or.kr/web/video/,"실내에서 할 수 있는 운동 중, 네발기기 자세에서 다리 위로 뻗어올리기운동을 설명한 운동처방 동영상",10255127,29.96,655,1280*720,매트,공통,436,,0AUDLJ08S_00247_SC_00004.jpeg,"대둔근,복사근",2021,실내,63,"엉덩이,복부",한국어,네발기기 자세에서 다리 위로 뻗어올리기,20221112,"골반의 근,복부의 근",네발기기 자세에서 다리 위로 뻗어올리기,14.547,,mp4,0AUDLJ08S_00247.mp4,"Gluteus Maximus,Abdominal Oblique",http://openapi.kspo.or.kr/web/image/0AUDLJ08S_00247/,4,동영상,
"큰볼기근,배빗근",,http://openapi.kspo.or.kr/web/video/,"실내에서 할 수 있는 운동 중, 네발기기 자세에서 다리 위로 뻗어올리기운동을 설명한 운동처방 동영상",10255127,29.96,656,1280*720,매트,공통,465,,0AUDLJ08S_00247_SC_00005.jpeg,"대둔근,복사근",2021,실내,63,"엉덩이,복부",한국어,네발기기 자세에서 다리 위로 뻗어올리기,20221112,"골반의 근,복부의 근",네발기기 자세에서 다리 위로 뻗어올리기,15.515,,mp4,0AUDLJ08S_00247.mp4,"Gluteus Maximus,Abdominal Oblique",http://openapi.kspo.or.kr/web/image/0AUDLJ08S_00247/,5,동영상,
"큰볼기근,배빗근",,http://openapi.kspo.or.kr/web/video/,"실내에서 할 수 있는 운동 중, 네발기기 자세에서 다리 위로 뻗어올리기운동을 설명한 운동처방 동영상",10255127,29.96,657,1280*720,매트,공통,610,,0AUDLJ08S_00247_SC_00006.jpeg,"대둔근,복사근",2021,실내,63,"엉덩이,복부",한국어,네발기기 자세에서 다리 위로 뻗어올리기,20221112,"골반의 근,복부의 근",네발기기 자세에서 다리 위로 뻗어올리기,20.353,,mp4,0AUDLJ08S_00247.mp4,"Gluteus Maximus,Abdominal Oblique",http://openapi.kspo.or.kr/web/image/0AUDLJ08S_00247/,6,동영상,
"큰볼기근,배빗근",,http://openapi.kspo.or.kr/web/video/,"실내에서 할 수 있는 운동 중, 네발기기 자세에서 다리 위로 뻗어올리기운동을 설명한 운동처방 동영상",10255127,29.96,658,1280*720,매트,공통,900,,0AUDLJ08S_00247_SC_00007.jpeg,"대둔근,복사근",2021,실내,63,"엉덩이,복부",한국어,네발기기 자세에서 다리 위로 뻗어올리기,20221112,"골반의 근,복부의 근",네발기기 자세에서 다리 위로 뻗어올리기,30.03,,mp4,0AUDLJ08S_00247.mp4,"Gluteus Maximus,Abdominal Oblique",http://openapi.kspo.or.kr/web/image/0AUDLJ08S_00247/,7,동영상,
"큰볼기근,배빗근",,http://openapi.kspo.or.kr/web/video/,"실내에서 할 수 있는 운동 중, 네발기기 자세에서 다리 위로 뻗어올리기운동을 설명한 운동처방 동영상",10255127,29.96,659,1280*720,매트,공통,1190,,0AUDLJ08S_00247_SC_00008.jpeg,"대둔근,복사근",2021,실내,63,"엉덩이,복부",한국어,네발기기 자세에서 다리 위로 뻗어올리기,20221112,"골반의 근,복부의 근",네발기기 자세에서 다리 위로 뻗어올리기,39.706,,mp4,0AUDLJ08S_00247.mp4,"Gluteus Maximus,Abdominal Oblique",http://openapi.kspo.or.kr/web/image/0AUDLJ08S_00247/,8,동영상,
큰가슴근,,http://openapi.kspo.or.kr/web/video/,"소도구를 활용한 근육 완화 운동 중, 공을 활용한 운동처방 동영상",53242921,29.96,660,1280*720,테니스공,공통,3597,,0AUDLJ08S_01017_SC_00012.jpeg,대흉근,2021,실내,331,가슴,한국어,가슴,20221004,가슴의 근,테니스공을 활용한 뭉친근육 완화 운동,120.02,,mp4,0AUDLJ08S_01017.mp4,Pectoralis Major,http://openapi.kspo.or.kr/web/image/0AUDLJ08S_01017/,12,동영상,
"큰볼기근,배빗근",,http://openapi.kspo.or.kr/web/video/,"실내에서 할 수 있는 운동 중, 네발기기 자세에서 다리 위로 뻗어올리기운동을 설명한 운동처방 동영상",10255127,29.96,661,1280*720,매트,공통,1509,,0AUDLJ08S_00247_SC_00009.jpeg,"대둔근,복사근",2021,실내,63,"엉덩이,복부",한국어,네발기기 자세에서 다리 위로 뻗어올리기,20221112,"골반의 근,복부의 근",네발기기 자세에서 다리 위로 뻗어올리기,50.35,,mp4,0AUDLJ08S_00247.mp4,"Gluteus Maximus,Abdominal Oblique",http://openapi.kspo.or.kr/web/image/0AUDLJ08S_00247/,9,동영상,
큰가슴근,,http://openapi.kspo.or.kr/web/video/,"실내에서 할 수 있는 운동 중, 팔굽혀펴기운동을 설명한 운동처방 동영상",10084864,29.96,662,1280*720,매트,공통,523,,0AUDLJ08S_00248_SC_00008.jpeg,대흉근,2021,실내,64,가슴,한국어,팔 굽혀 펴기,20221004,가슴의 근,팔굽혀펴기,17.45,,mp4,0AUDLJ08S_00248.mp4,Pectoralis Major,http://openapi.kspo.or.kr/web/image/0AUDLJ08S_00248/,8,동영상,
큰가슴근,,http://openapi.kspo.or.kr/web/video/,"실내에서 할 수 있는 운동 중, 팔굽혀펴기운동을 설명한 운동처방 동영상",10084864,29.96,663,1280*720,매트,공통,30,,0AUDLJ08S_00248_SC_00001.jpeg,대흉근,2021,실내,64,가슴,한국어,팔 굽혀 펴기,20221004,가슴의 근,팔굽혀펴기,1.001,,mp4,0AUDLJ08S_00248.mp4,Pectoralis Major,http://openapi.kspo.or.kr/web/image/0AUDLJ08S_00248/,1,동영상,
큰가슴근,,http://openapi.kspo.or.kr/web/video/,"실내에서 할 수 있는 운동 중, 팔굽혀펴기운동을 설명한 운동처방 동영상",10084864,29.96,664,1280*720,매트,공통,59,,0AUDLJ08S_00248_SC_00002.jpeg,대흉근,2021,실내,64,가슴,한국어,팔 굽혀 펴기,20221004,가슴의 근,팔굽혀펴기,1.968,,mp4,0AUDLJ08S_00248.mp4,Pectoralis Major,http://openapi.kspo.or.kr/web/image/0AUDLJ08S_00248/,2,동영상,
큰가슴근,,http://openapi.kspo.or.kr/web/video/,"실내에서 할 수 있는 운동 중, 팔굽혀펴기운동을 설명한 운동처방 동영상",10084864,29.96,665,1280*720,매트,공통,117,,0AUDLJ08S_00248_SC_00003.jpeg,대흉근,2021,실내,64,가슴,한국어,팔 굽혀 펴기,20221004,가슴의 근,팔굽혀펴기,3.903,,mp4,0AUDLJ08S_00248.mp4,Pectoralis Major,http://openapi.kspo.or.kr/web/image/0AUDLJ08S_00248/,3,동영상,
큰가슴근,,http://openapi.kspo.or.kr/web/video/,"실내에서 할 수 있는 운동 중, 팔굽혀펴기운동을 설명한 운동처방 동영상",10084864,29.96,666,1280*720,매트,공통,146,,0AUDLJ08S_00248_SC_00004.jpeg,대흉근,2021,실내,64,가슴,한국어,팔 굽혀 펴기,20221004,가슴의 근,팔굽혀펴기,4.871,,mp4,0AUDLJ08S_00248.mp4,Pectoralis Major,http://openapi.kspo.or.kr/web/image/0AUDLJ08S_00248/,4,동영상,
큰가슴근,,http://openapi.kspo.or.kr/web/video/,"실내에서 할 수 있는 운동 중, 팔굽혀펴기운동을 설명한 운동처방 동영상",10084864,29.96,667,1280*720,매트,공통,291,,0AUDLJ08S_00248_SC_00005.jpeg,대흉근,2021,실내,64,가슴,한국어,팔 굽혀 펴기,20221004,가슴의 근,팔굽혀펴기,9.709,,mp4,0AUDLJ08S_00248.mp4,Pectoralis Major,http://openapi.kspo.or.kr/web/image/0AUDLJ08S_00248/,5,동영상,
큰가슴근,,http://openapi.kspo.or.kr/web/video/,"실내에서 할 수 있는 운동 중, 팔굽혀펴기운동을 설명한 운동처방 동영상",10084864,29.96,668,1280*720,매트,공통,349,,0AUDLJ08S_00248_SC_00006.jpeg,대흉근,2021,실내,64,가슴,한국어,팔 굽혀 펴기,20221004,가슴의 근,팔굽혀펴기,11.644,,mp4,0AUDLJ08S_00248.mp4,Pectoralis Major,http://openapi.kspo.or.kr/web/image/0AUDLJ08S_00248/,6,동영상,
큰가슴근,,http://openapi.kspo.or.kr/web/video/,"실내에서 할 수 있는 운동 중, 팔굽혀펴기운동을 설명한 운동처방 동영상",10084864,29.96,669,1280*720,매트,공통,494,,0AUDLJ08S_00248_SC_00007.jpeg,대흉근,2021,실내,64,가슴,한국어,팔 굽혀 펴기,20221004,가슴의 근,팔굽혀펴기,16.483,,mp4,0AUDLJ08S_00248.mp4,Pectoralis Major,http://openapi.kspo.or.kr/web/image/0AUDLJ08S_00248/,7,동영상,
큰가슴근,,http://openapi.kspo.or.kr/web/video/,"실내에서 할 수 있는 운동 중, 팔굽혀펴기운동을 설명한 운동처방 동영상",10084864,29.96,670,1280*720,매트,공통,552,,0AUDLJ08S_00248_SC_00009.jpeg,대흉근,2021,실내,64,가슴,한국어,팔 굽혀 펴기,20221004,가슴의 근,팔굽혀펴기,18.418,,mp4,0AUDLJ08S_00248.mp4,Pectoralis Major,http://openapi.kspo.or.kr/web/image/0AUDLJ08S_00248/,9,동영상,
큰가슴근,,http://openapi.kspo.or.kr/web/video/,"실내에서 할 수 있는 운동 중, 팔굽혀펴기운동을 설명한 운동처방 동영상",10084864,29.96,671,1280*720,매트,공통,581,,0AUDLJ08S_00248_SC_00010.jpeg,대흉근,2021,실내,64,가슴,한국어,팔 굽혀 펴기,20221004,가슴의 근,팔굽혀펴기,19.386,,mp4,0AUDLJ08S_00248.mp4,Pectoralis Major,http://openapi.kspo.or.kr/web/image/0AUDLJ08S_00248/,10,동영상,
큰가슴근,,http://openapi.kspo.or.kr/web/video/,"실내에서 할 수 있는 운동 중, 팔굽혀펴기운동을 설명한 운동처방 동영상",10084864,29.96,672,1280*720,매트,공통,610,,0AUDLJ08S_00248_SC_00011.jpeg,대흉근,2021,실내,64,가슴,한국어,팔 굽혀 펴기,20221004,가슴의 근,팔굽혀펴기,20.353,,mp4,0AUDLJ08S_00248.mp4,Pectoralis Major,http://openapi.kspo.or.kr/web/image/0AUDLJ08S_00248/,11,동영상,
큰가슴근,,http://openapi.kspo.or.kr/web/video/,"실내에서 할 수 있는 운동 중, 팔굽혀펴기운동을 설명한 운동처방 동영상",10084864,29.96,673,1280*720,매트,공통,639,,0AUDLJ08S_00248_SC_00012.jpeg,대흉근,2021,실내,64,가슴,한국어,팔 굽혀 펴기,20221004,가슴의 근,팔굽혀펴기,21.321,,mp4,0AUDLJ08S_00248.mp4,Pectoralis Major,http://openapi.kspo.or.kr/web/image/0AUDLJ08S_00248/,12,동영상,
큰가슴근,,http://openapi.kspo.or.kr/web/video/,"실내에서 할 수 있는 운동 중, 팔굽혀펴기운동을 설명한 운동처방 동영상",10084864,29.96,674,1280*720,매트,공통,668,,0AUDLJ08S_00248_SC_00013.jpeg,대흉근,2021,실내,64,가슴,한국어,팔 굽혀 펴기,20221004,가슴의 근,팔굽혀펴기,22.288,,mp4,0AUDLJ08S_00248.mp4,Pectoralis Major,http://openapi.kspo.or.kr/web/image/0AUDLJ08S_00248/,13,동영상,
큰가슴근,,http://openapi.kspo.or.kr/web/video/,"실내에서 할 수 있는 운동 중, 팔굽혀펴기운동을 설명한 운동처방 동영상",10084864,29.96,675,1280*720,매트,공통,697,,0AUDLJ08S_00248_SC_00014.jpeg,대흉근,2021,실내,64,가슴,한국어,팔 굽혀 펴기,20221004,가슴의 근,팔굽혀펴기,23.256,,mp4,0AUDLJ08S_00248.mp4,Pectoralis Major,http://openapi.kspo.or.kr/web/image/0AUDLJ08S_00248/,14,동영상,
큰가슴근,,http://openapi.kspo.or.kr/web/video/,"실내에서 할 수 있는 운동 중, 팔굽혀펴기운동을 설명한 운동처방 동영상",10084864,29.96,676,1280*720,매트,공통,755,,0AUDLJ08S_00248_SC_00015.jpeg,대흉근,2021,실내,64,가슴,한국어,팔 굽혀 펴기,20221004,가슴의 근,팔굽혀펴기,25.191,,mp4,0AUDLJ08S_00248.mp4,Pectoralis Major,http://openapi.kspo.or.kr/web/image/0AUDLJ08S_00248/,15,동영상,
큰가슴근,,http://openapi.kspo.or.kr/web/video/,"실내에서 할 수 있는 운동 중, 팔굽혀펴기운동을 설명한 운동처방 동영상",10084864,29.96,677,1280*720,매트,공통,784,,0AUDLJ08S_00248_SC_00016.jpeg,대흉근,2021,실내,64,가슴,한국어,팔 굽혀 펴기,20221004,가슴의 근,팔굽혀펴기,26.159,,mp4,0AUDLJ08S_00248.mp4,Pectoralis Major,http://openapi.kspo.or.kr/web/image/0AUDLJ08S_00248/,16,동영상,
큰가슴근,,http://openapi.kspo.or.kr/web/video/,"실내에서 할 수 있는 운동 중, 팔굽혀펴기운동을 설명한 운동처방 동영상",10084864,29.96,678,1280*720,매트,공통,813,,0AUDLJ08S_00248_SC_00017.jpeg,대흉근,2021,실내,64,가슴,한국어,팔 굽혀 펴기,20221004,가슴의 근,팔굽혀펴기,27.127,,mp4,0AUDLJ08S_00248.mp4,Pectoralis Major,http://openapi.kspo.or.kr/web/image/0AUDLJ08S_00248/,17,동영상,
큰가슴근,,http://openapi.kspo.or.kr/web/video/,"실내에서 할 수 있는 운동 중, 팔굽혀펴기운동을 설명한 운동처방 동영상",10084864,29.96,679,1280*720,매트,공통,987,,0AUDLJ08S_00248_SC_00018.jpeg,대흉근,2021,실내,64,가슴,한국어,팔 굽혀 펴기,20221004,가슴의 근,팔굽혀펴기,32.932,,mp4,0AUDLJ08S_00248.mp4,Pectoralis Major,http://openapi.kspo.or.kr/web/image/0AUDLJ08S_00248/,18,동영상,
큰가슴근,,http://openapi.kspo.or.kr/web/video/,"실내에서 할 수 있는 운동 중, 팔굽혀펴기운동을 설명한 운동처방 동영상",10084864,29.96,680,1280*720,매트,공통,1045,,0AUDLJ08S_00248_SC_00019.jpeg,대흉근,2021,실내,64,가슴,한국어,팔 굽혀 펴기,20221004,가슴의 근,팔굽혀펴기,34.868,,mp4,0AUDLJ08S_00248.mp4,Pectoralis Major,http://openapi.kspo.or.kr/web/image/0AUDLJ08S_00248/,19,동영상,
큰가슴근,,http://openapi.kspo.or.kr/web/video/,"실내에서 할 수 있는 운동 중, 팔굽혀펴기운동을 설명한 운동처방 동영상",10084864,29.96,681,1280*720,매트,공통,1103,,0AUDLJ08S_00248_SC_00020.jpeg,대흉근,2021,실내,64,가슴,한국어,팔 굽혀 펴기,20221004,가슴의 근,팔굽혀펴기,36.803,,mp4,0AUDLJ08S_00248.mp4,Pectoralis Major,http://openapi.kspo.or.kr/web/image/0AUDLJ08S_00248/,20,동영상,
큰가슴근,,http://openapi.kspo.or.kr/web/video/,"실내에서 할 수 있는 운동 중, 팔굽혀펴기운동을 설명한 운동처방 동영상",10084864,29.96,682,1280*720,매트,공통,1132,,0AUDLJ08S_00248_SC_00021.jpeg,대흉근,2021,실내,64,가슴,한국어,팔 굽혀 펴기,20221004,가슴의 근,팔굽혀펴기,37.771,,mp4,0AUDLJ08S_00248.mp4,Pectoralis Major,http://openapi.kspo.or.kr/web/image/0AUDLJ08S_00248/,21,동영상,
큰가슴근,,http://openapi.kspo.or.kr/web/video/,"실내에서 할 수 있는 운동 중, 팔굽혀펴기운동을 설명한 운동처방 동영상",10084864,29.96,683,1280*720,짐볼,공통,1161,,0AUDLJ08S_00248_SC_00022.jpeg,대흉근,2021,실내,64,가슴,한국어,팔 굽혀 펴기,20221004,가슴의 근,팔굽혀펴기,38.738,,mp4,0AUDLJ08S_00248.mp4,Pectoralis Major,http://openapi.kspo.or.kr/web/image/0AUDLJ08S_00248/,22,동영상,
큰가슴근,,http://openapi.kspo.or.kr/web/video/,"실내에서 할 수 있는 운동 중, 팔굽혀펴기운동을 설명한 운동처방 동영상",10084864,29.96,684,1280*720,짐볼,공통,1335,,0AUDLJ08S_00248_SC_00023.jpeg,대흉근,2021,실내,64,가슴,한국어,팔 굽혀 펴기,20221004,가슴의 근,팔굽혀펴기,44.544,,mp4,0AUDLJ08S_00248.mp4,Pectoralis Major,http://openapi.kspo.or.kr/web/image/0AUDLJ08S_00248/,23,동영상,
큰가슴근,,http://openapi.kspo.or.kr/web/video/,"실내에서 할 수 있는 운동 중, 팔굽혀펴기운동을 설명한 운동처방 동영상",10084864,29.96,685,1280*720,짐볼,공통,1364,,0AUDLJ08S_00248_SC_00024.jpeg,대흉근,2021,실내,64,가슴,한국어,팔 굽혀 펴기,20221004,가슴의 근,팔굽혀펴기,45.512,,mp4,0AUDLJ08S_00248.mp4,Pectoralis Major,http://openapi.kspo.or.kr/web/image/0AUDLJ08S_00248/,24,동영상,
큰가슴근,,http://openapi.kspo.or.kr/web/video/,"실내에서 할 수 있는 운동 중, 팔굽혀펴기운동을 설명한 운동처방 동영상",10084864,29.96,686,1280*720,짐볼,공통,1422,,0AUDLJ08S_00248_SC_00025.jpeg,대흉근,2021,실내,64,가슴,한국어,팔 굽혀 펴기,20221004,가슴의 근,팔굽혀펴기,47.447,,mp4,0AUDLJ08S_00248.mp4,Pectoralis Major,http://openapi.kspo.or.kr/web/image/0AUDLJ08S_00248/,25,동영상,
큰가슴근,,http://openapi.kspo.or.kr/web/video/,"실내에서 할 수 있는 운동 중, 팔굽혀펴기운동을 설명한 운동처방 동영상",10084864,29.96,687,1280*720,짐볼,공통,1480,,0AUDLJ08S_00248_SC_00026.jpeg,대흉근,2021,실내,64,가슴,한국어,팔 굽혀 펴기,20221004,가슴의 근,팔굽혀펴기,49.382,,mp4,0AUDLJ08S_00248.mp4,Pectoralis Major,http://openapi.kspo.or.kr/web/image/0AUDLJ08S_00248/,26,동영상,
큰가슴근,,http://openapi.kspo.or.kr/web/video/,"실내에서 할 수 있는 운동 중, 팔굽혀펴기운동을 설명한 운동처방 동영상",10084864,29.96,688,1280*720,짐볼,공통,1509,,0AUDLJ08S_00248_SC_00027.jpeg,대흉근,2021,실내,64,가슴,한국어,팔 굽혀 펴기,20221004,가슴의 근,팔굽혀펴기,50.35,,mp4,0AUDLJ08S_00248.mp4,Pectoralis Major,http://openapi.kspo.or.kr/web/image/0AUDLJ08S_00248/,27,동영상,
큰가슴근,,http://openapi.kspo.or.kr/web/video/,"실내에서 할 수 있는 운동 중, 팔굽혀펴기운동을 설명한 운동처방 동영상",10084864,29.96,689,1280*720,짐볼,공통,1538,,0AUDLJ08S_00248_SC_00028.jpeg,대흉근,2021,실내,64,가슴,한국어,팔 굽혀 펴기,20221004,가슴의 근,팔굽혀펴기,51.317,,mp4,0AUDLJ08S_00248.mp4,Pectoralis Major,http://openapi.kspo.or.kr/web/image/0AUDLJ08S_00248/,28,동영상,
큰가슴근,,http://openapi.kspo.or.kr/web/video/,"실내에서 할 수 있는 운동 중, 팔굽혀펴기운동을 설명한 운동처방 동영상",10084864,29.96,690,1280*720,짐볼,공통,1654,,0AUDLJ08S_00248_SC_00029.jpeg,대흉근,2021,실내,64,가슴,한국어,팔 굽혀 펴기,20221004,가슴의 근,팔굽혀펴기,55.188,,mp4,0AUDLJ08S_00248.mp4,Pectoralis Major,http://openapi.kspo.or.kr/web/image/0AUDLJ08S_00248/,29,동영상,
앞정강근,,http://openapi.kspo.or.kr/web/video/,"소도구를 활용한 근육 완화 운동 중, 공을 활용한 운동처방 동영상",53242921,29.96,691,1280*720,테니스공,공통,7947,,0AUDLJ08S_01017_SC_00020.jpeg,전경골근,2021,실내,331,정강이,한국어,정강이,20221004,하지의 근,테니스공을 활용한 뭉친근육 완화 운동,265.165,,mp4,0AUDLJ08S_01017.mp4,Tibialis Anterior,http://openapi.kspo.or.kr/web/image/0AUDLJ08S_01017/,20,동영상,
"배가로근,배곧은근",,http://openapi.kspo.or.kr/web/video/,"실내에서 할 수 있는 운동 중, 누워서 팔 다리 교차 뻗기운동을 설명한 운동처방 동영상",15402107,29.96,692,1280*720,매트,공통,90,,0AUDLJ08S_00249_FR_00002.jpeg,"복횡근,복직근",2021,실내,93,"복부,복부",한국어,누워서 팔 다리 교차 뻗기,20221013,"복부의 근,복부의 근",누워서 팔 다리 교차 뻗기,3.003,,mp4,0AUDLJ08S_00249.mp4,"Transverse Abdominis,Rectus Abdominis",http://openapi.kspo.or.kr/web/image/0AUDLJ08S_00249/,1,동영상,
"배가로근,배곧은근",,http://openapi.kspo.or.kr/web/video/,"실내에서 할 수 있는 운동 중, 누워서 팔 다리 교차 뻗기운동을 설명한 운동처방 동영상",15402107,29.96,693,1280*720,매트,공통,810,,0AUDLJ08S_00249_FR_00010.jpeg,"복횡근,복직근",2021,실내,93,"복부,복부",한국어,누워서 팔 다리 교차 뻗기,20221013,"복부의 근,복부의 근",누워서 팔 다리 교차 뻗기,27.027,,mp4,0AUDLJ08S_00249.mp4,"Transverse Abdominis,Rectus Abdominis",http://openapi.kspo.or.kr/web/image/0AUDLJ08S_00249/,2,동영상,
배곧은근,10~15,http://openapi.kspo.or.kr/web/video/,"실내에서 할 수 있는 운동 중, 누워서 팔 다리 교차 뻗기운동을 설명한 운동처방 동영상",15402107,29.96,694,1280*720,매트,공통,900,,0AUDLJ08S_00249_FR_00011.jpeg,복직근,2021,실내,93,복부,한국어,누워서 팔 다리 교차 뻗기,20221013,복부의 근,누워서 팔 다리 교차 뻗기,30.03,,mp4,0AUDLJ08S_00249.mp4,Rectus Abdominis,http://openapi.kspo.or.kr/web/image/0AUDLJ08S_00249/,3,동영상,
,,http://openapi.kspo.or.kr/web/video/,"실내에서 할 수 있는 운동 중, 뒤로 팔굽혀펴기운동을 설명한 운동처방 동영상",9508548,29.96,695,1280*720,테이블,공통,90,,0AUDLJ08S_00250_FR_00002.jpeg,,2021,실내,60,,한국어,뒤로 팔 굽혀 펴기,20220929,,뒤로 팔굽혀펴기,3.003,,mp4,0AUDLJ08S_00250.mp4,,http://openapi.kspo.or.kr/web/image/0AUDLJ08S_00250/,1,동영상,
"넓은등근,어깨세모근",,http://openapi.kspo.or.kr/web/video/,"실내에서 할 수 있는 운동 중, 뒤로 팔굽혀펴기운동을 설명한 운동처방 동영상",9508548,29.96,696,1280*720,테이블,공통,436,,0AUDLJ08S_00250_SC_00004.jpeg,"광배근,삼각근",2021,실내,60,"등,바깥쪽 어깨",한국어,뒤로 팔 굽혀 펴기,20220929,"등과 허리의 근,상지의 근",뒤로 팔굽혀펴기,14.547,,mp4,0AUDLJ08S_00250.mp4,"Latissimus Dorsi,Deltoid",http://openapi.kspo.or.kr/web/image/0AUDLJ08S_00250/,2,동영상,
"넓은등근,어깨세모근",,http://openapi.kspo.or.kr/web/video/,"실내에서 할 수 있는 운동 중, 뒤로 팔굽혀펴기운동을 설명한 운동처방 동영상",9508548,29.96,697,1280*720,테이블,공통,697,,0AUDLJ08S_00250_SC_00005.jpeg,"광배근,삼각근",2021,실내,60,"등,바깥쪽 어깨",한국어,뒤로 팔 굽혀 펴기,20220929,"등과 허리의 근,상지의 근",뒤로 팔굽혀펴기,23.256,,mp4,0AUDLJ08S_00250.mp4,"Latissimus Dorsi,Deltoid",http://openapi.kspo.or.kr/web/image/0AUDLJ08S_00250/,3,동영상,
"넓은등근,어깨세모근",,http://openapi.kspo.or.kr/web/video/,"실내에서 할 수 있는 운동 중, 뒤로 팔굽혀펴기운동을 설명한 운동처방 동영상",9508548,29.96,698,1280*720,테이블,공통,726,,0AUDLJ08S_00250_SC_00006.jpeg,"광배근,삼각근",2021,실내,60,"등,바깥쪽 어깨",한국어,뒤로 팔 굽혀 펴기,20220929,"등과 허리의 근,상지의 근",뒤로 팔굽혀펴기,24.224,,mp4,0AUDLJ08S_00250.mp4,"Latissimus Dorsi,Deltoid",http://openapi.kspo.or.kr/web/image/0AUDLJ08S_00250/,4,동영상,
"넓은등근,어깨세모근",,http://openapi.kspo.or.kr/web/video/,"실내에서 할 수 있는 운동 중, 뒤로 팔굽혀펴기운동을 설명한 운동처방 동영상",9508548,29.96,699,1280*720,짐볼,공통,987,,0AUDLJ08S_00250_SC_00007.jpeg,"광배근,삼각근",2021,실내,60,"등,바깥쪽 어깨",한국어,뒤로 팔 굽혀 펴기,20220929,"등과 허리의 근,상지의 근",뒤로 팔굽혀펴기,32.932,,mp4,0AUDLJ08S_00250.mp4,"Latissimus Dorsi,Deltoid",http://openapi.kspo.or.kr/web/image/0AUDLJ08S_00250/,5,동영상,
"넓은등근,어깨세모근",,http://openapi.kspo.or.kr/web/video/,"실내에서 할 수 있는 운동 중, 뒤로 팔굽혀펴기운동을 설명한 운동처방 동영상",9508548,29.96,700,1280*720,테이블,공통,1248,,0AUDLJ08S_00250_SC_00008.jpeg,"광배근,삼각근",2021,실내,60,"등,바깥쪽 어깨",한국어,뒤로 팔 굽혀 펴기,20220929,"등과 허리의 근,상지의 근",뒤로 팔굽혀펴기,41.641,,mp4,0AUDLJ08S_00250.mp4,"Latissimus Dorsi,Deltoid",http://openapi.kspo.or.kr/web/image/0AUDLJ08S_00250/,6,동영상,
"넓은등근,어깨세모근",,http://openapi.kspo.or.kr/web/video/,"실내에서 할 수 있는 운동 중, 뒤로 팔굽혀펴기운동을 설명한 운동처방 동영상",9508548,29.96,701,1280*720,짐볼,공통,1509,,0AUDLJ08S_00250_SC_00009.jpeg,"광배근,삼각근",2021,실내,60,"등,바깥쪽 어깨",한국어,뒤로 팔 굽혀 펴기,20220929,"등과 허리의 근,상지의 근",뒤로 팔굽혀펴기,50.35,,mp4,0AUDLJ08S_00250.mp4,"Latissimus Dorsi,Deltoid",http://openapi.kspo.or.kr/web/image/0AUDLJ08S_00250/,7,동영상,
"척추세움근,위팔세갈래근",,http://openapi.kspo.or.kr/web/video/,"실내에서 할 수 있는 운동 중, 허리 굽혀 팔 뒤로 들기운동을 설명한 운동처방 동영상",10532198,29.96,702,1280*720,물병(밴드),공통,90,,0AUDLJ08S_00251_FR_00002.jpeg,"척추기립근,상완삼두근",2021,실내,66,"척추,뒤쪽 위팔",한국어,허리 굽혀 팔 뒤로 들기,20221111,"등과 허리의 근,상지의 근",허리 굽혀 팔 뒤로 들기,3.003,,mp4,0AUDLJ08S_00251.mp4,"Erector Spinae,Triceps Brachii",http://openapi.kspo.or.kr/web/image/0AUDLJ08S_00251/,1,동영상,
"척추세움근,위팔세갈래근",,http://openapi.kspo.or.kr/web/video/,"실내에서 할 수 있는 운동 중, 허리 굽혀 팔 뒤로 들기운동을 설명한 운동처방 동영상",10532198,29.96,703,1280*720,물병(밴드),공통,523,,0AUDLJ08S_00251_SC_00005.jpeg,"척추기립근,상완삼두근",2021,실내,66,"척추,뒤쪽 위팔",한국어,허리 굽혀 팔 뒤로 들기,20221024,"등과 허리의 근,상지의 근",허리 굽혀 팔 뒤로 들기,17.45,,mp4,0AUDLJ08S_00251.mp4,"Erector Spinae,Triceps Brachii",http://openapi.kspo.or.kr/web/image/0AUDLJ08S_00251/,2,동영상,
"척추세움근,위팔세갈래근",,http://openapi.kspo.or.kr/web/video/,"실내에서 할 수 있는 운동 중, 허리 굽혀 팔 뒤로 들기운동을 설명한 운동처방 동영상",10532198,29.96,704,1280*720,물병(밴드),공통,810,,0AUDLJ08S_00251_FR_00010.jpeg,"척추기립근,상완삼두근",2021,실내,66,"척추,뒤쪽 위팔",한국어,허리 굽혀 팔 뒤로 들기,20221024,"등과 허리의 근,상지의 근",허리 굽혀 팔 뒤로 들기,27.027,,mp4,0AUDLJ08S_00251.mp4,"Erector Spinae,Triceps Brachii",http://openapi.kspo.or.kr/web/image/0AUDLJ08S_00251/,3,동영상,
"척추세움근,위팔세갈래근",,http://openapi.kspo.or.kr/web/video/,"실내에서 할 수 있는 운동 중, 허리 굽혀 팔 뒤로 들기운동을 설명한 운동처방 동영상",10532198,29.96,705,1280*720,물병(밴드),공통,1079,,0AUDLJ08S_00251_FR_00013.jpeg,"척추기립근,상완삼두근",2021,실내,66,"척추,뒤쪽 위팔",한국어,허리 굽혀 팔 뒤로 들기,20221024,"등과 허리의 근,상지의 근",허리 굽혀 팔 뒤로 들기,36.002,,mp4,0AUDLJ08S_00251.mp4,"Erector Spinae,Triceps Brachii",http://openapi.kspo.or.kr/web/image/0AUDLJ08S_00251/,4,동영상,
"척추세움근,위팔세갈래근",,http://openapi.kspo.or.kr/web/video/,"실내에서 할 수 있는 운동 중, 허리 굽혀 팔 뒤로 들기운동을 설명한 운동처방 동영상",10532198,29.96,706,1280*720,물병(밴드),공통,1596,,0AUDLJ08S_00251_SC_00010.jpeg,"척추기립근,상완삼두근",2021,실내,66,"척추,뒤쪽 위팔",한국어,허리 굽혀 팔 뒤로 들기,20221024,"등과 허리의 근,상지의 근",허리 굽혀 팔 뒤로 들기,53.253,,mp4,0AUDLJ08S_00251.mp4,"Erector Spinae,Triceps Brachii",http://openapi.kspo.or.kr/web/image/0AUDLJ08S_00251/,5,동영상,
어깨세모근,,http://openapi.kspo.or.kr/web/video/,"실내에서 할 수 있는 운동 중, 물병 옆으로 들어올리기운동을 설명한 운동처방 동영상",7669453,29.96,707,1280*720,물병,공통,88,,0AUDLJ08S_00252_SC_00001.jpeg,삼각근,2021,실내,49,바깥쪽 어깨,한국어,물병 옆으로 들어올리기,20220929,상지의 근,물병 옆으로 들어올리기,2.936,,mp4,0AUDLJ08S_00252.mp4,Deltoid,http://openapi.kspo.or.kr/web/image/0AUDLJ08S_00252/,1,동영상,
어깨세모근,,http://openapi.kspo.or.kr/web/video/,"실내에서 할 수 있는 운동 중, 물병 옆으로 들어올리기운동을 설명한 운동처방 동영상",7669453,29.96,708,1280*720,물병,공통,117,,0AUDLJ08S_00252_SC_00002.jpeg,삼각근,2021,실내,49,바깥쪽 어깨,한국어,물병 옆으로 들어올리기,20220929,상지의 근,물병 옆으로 들어올리기,3.903,,mp4,0AUDLJ08S_00252.mp4,Deltoid,http://openapi.kspo.or.kr/web/image/0AUDLJ08S_00252/,2,동영상,
어깨세모근,,http://openapi.kspo.or.kr/web/video/,"실내에서 할 수 있는 운동 중, 물병 옆으로 들어올리기운동을 설명한 운동처방 동영상",7669453,29.96,709,1280*720,물병,공통,146,,0AUDLJ08S_00252_SC_00003.jpeg,삼각근,2021,실내,49,바깥쪽 어깨,한국어,물병 옆으로 들어올리기,20220929,상지의 근,물병 옆으로 들어올리기,4.871,,mp4,0AUDLJ08S_00252.mp4,Deltoid,http://openapi.kspo.or.kr/web/image/0AUDLJ08S_00252/,3,동영상,
어깨세모근,,http://openapi.kspo.or.kr/web/video/,"실내에서 할 수 있는 운동 중, 물병 옆으로 들어올리기운동을 설명한 운동처방 동영상",7669453,29.96,710,1280*720,물병,공통,407,,0AUDLJ08S_00252_SC_00004.jpeg,삼각근,2021,실내,49,바깥쪽 어깨,한국어,물병 옆으로 들어올리기,20220929,상지의 근,물병 옆으로 들어올리기,13.58,,mp4,0AUDLJ08S_00252.mp4,Deltoid,http://openapi.kspo.or.kr/web/image/0AUDLJ08S_00252/,4,동영상,
어깨세모근,,http://openapi.kspo.or.kr/web/video/,"실내에서 할 수 있는 운동 중, 물병 옆으로 들어올리기운동을 설명한 운동처방 동영상",7669453,29.96,711,1280*720,물병,공통,523,,0AUDLJ08S_00252_SC_00005.jpeg,삼각근,2021,실내,49,바깥쪽 어깨,한국어,물병 옆으로 들어올리기,20220929,상지의 근,물병 옆으로 들어올리기,17.45,,mp4,0AUDLJ08S_00252.mp4,Deltoid,http://openapi.kspo.or.kr/web/image/0AUDLJ08S_00252/,5,동영상,
어깨세모근,,http://openapi.kspo.or.kr/web/video/,"실내에서 할 수 있는 운동 중, 물병 옆으로 들어올리기운동을 설명한 운동처방 동영상",7669453,29.96,712,1280*720,물병,공통,871,,0AUDLJ08S_00252_SC_00006.jpeg,삼각근,2021,실내,49,바깥쪽 어깨,한국어,물병 옆으로 들어올리기,20220929,상지의 근,물병 옆으로 들어올리기,29.062,,mp4,0AUDLJ08S_00252.mp4,Deltoid,http://openapi.kspo.or.kr/web/image/0AUDLJ08S_00252/,6,동영상,
어깨세모근,,http://openapi.kspo.or.kr/web/video/,"실내에서 할 수 있는 운동 중, 물병 옆으로 들어올리기운동을 설명한 운동처방 동영상",7669453,29.96,713,1280*720,물병,공통,1161,,0AUDLJ08S_00252_SC_00007.jpeg,삼각근,2021,실내,49,바깥쪽 어깨,한국어,물병 옆으로 들어올리기,20220929,상지의 근,물병 옆으로 들어올리기,38.738,,mp4,0AUDLJ08S_00252.mp4,Deltoid,http://openapi.kspo.or.kr/web/image/0AUDLJ08S_00252/,7,동영상,
어깨세모근,,http://openapi.kspo.or.kr/web/video/,"실내에서 할 수 있는 운동 중, 물병 옆으로 들어올리기운동을 설명한 운동처방 동영상",7669453,29.96,714,1280*720,물병,공통,1393,,0AUDLJ08S_00252_SC_00008.jpeg,삼각근,2021,실내,49,바깥쪽 어깨,한국어,물병 옆으로 들어올리기,20220929,상지의 근,물병 옆으로 들어올리기,46.479,,mp4,0AUDLJ08S_00252.mp4,Deltoid,http://openapi.kspo.or.kr/web/image/0AUDLJ08S_00252/,8,동영상,
"위팔노근,위팔두갈래근",,http://openapi.kspo.or.kr/web/video/,"실내에서 할 수 있는 운동 중, 팔꿈치 굽히기운동을 설명한 운동처방 동영상",9219418,29.96,715,1280*720,,공통,90,,0AUDLJ08S_00253_FR_00002.jpeg,"상완요골근,상완이두근",2021,실내,58,"앞쪽 위팔,앞쪽 위팔",한국어,팔꿈치 굽히기,20221018,"상지의 근,상지의 근",팔꿈치 굽히기,3.003,,mp4,0AUDLJ08S_00253.mp4,"Brachioradialis,Biceps Brachii",http://openapi.kspo.or.kr/web/image/0AUDLJ08S_00253/,1,동영상,
"위팔노근,위팔두갈래근",,http://openapi.kspo.or.kr/web/video/,"실내에서 할 수 있는 운동 중, 팔꿈치 굽히기운동을 설명한 운동처방 동영상",9219418,29.96,716,1280*720,물병,공통,436,,0AUDLJ08S_00253_SC_00004.jpeg,"상완요골근,상완이두근",2021,실내,58,"앞쪽 위팔,앞쪽 위팔",한국어,팔꿈치 굽히기,20221018,"상지의 근,상지의 근",팔꿈치 굽히기,14.547,,mp4,0AUDLJ08S_00253.mp4,"Brachioradialis,Biceps Brachii",http://openapi.kspo.or.kr/web/image/0AUDLJ08S_00253/,2,동영상,
"위팔노근,위팔두갈래근",,http://openapi.kspo.or.kr/web/video/,"실내에서 할 수 있는 운동 중, 팔꿈치 굽히기운동을 설명한 운동처방 동영상",9219418,29.96,717,1280*720,물병,공통,581,,0AUDLJ08S_00253_SC_00005.jpeg,"상완요골근,상완이두근",2021,실내,58,"앞쪽 위팔,앞쪽 위팔",한국어,팔꿈치 굽히기,20221018,"상지의 근,상지의 근",팔꿈치 굽히기,19.386,,mp4,0AUDLJ08S_00253.mp4,"Brachioradialis,Biceps Brachii",http://openapi.kspo.or.kr/web/image/0AUDLJ08S_00253/,3,동영상,
"위팔노근,위팔두갈래근",,http://openapi.kspo.or.kr/web/video/,"실내에서 할 수 있는 운동 중, 팔꿈치 굽히기운동을 설명한 운동처방 동영상",9219418,29.96,718,1280*720,물병,공통,871,,0AUDLJ08S_00253_SC_00006.jpeg,"상완요골근,상완이두근",2021,실내,58,"앞쪽 위팔,앞쪽 위팔",한국어,팔꿈치 굽히기,20221018,"상지의 근,상지의 근",팔꿈치 굽히기,29.062,,mp4,0AUDLJ08S_00253.mp4,"Brachioradialis,Biceps Brachii",http://openapi.kspo.or.kr/web/image/0AUDLJ08S_00253/,4,동영상,
"위팔노근,위팔두갈래근",,http://openapi.kspo.or.kr/web/video/,"실내에서 할 수 있는 운동 중, 팔꿈치 굽히기운동을 설명한 운동처방 동영상",9219418,29.96,719,1280*720,밴드,공통,1277,,0AUDLJ08S_00253_SC_00008.jpeg,"상완요골근,상완이두근",2021,실내,58,"앞쪽 위팔,앞쪽 위팔",한국어,팔꿈치 굽히기,20221018,"상지의 근,상지의 근",팔꿈치 굽히기,42.609,,mp4,0AUDLJ08S_00253.mp4,"Brachioradialis,Biceps Brachii",http://openapi.kspo.or.kr/web/image/0AUDLJ08S_00253/,5,동영상,
"긴목근,목/머리널판근,목빗근",,http://openapi.kspo.or.kr/web/video/,"실내에서 할 수 있는 운동 중, 목 굽힘/폄운동을 설명한 운동처방 동영상",9649588,29.96,720,1280*720,매트,공통,117,,0AUDLJ08S_00254_SC_00001.jpeg,"경장근,경판상근, 두판상근,흉쇄유돌근",2021,실내,59,"앞쪽 목,뒤쪽 목,앞쪽 목",한국어,목 굽힘/폄1,20220929,"머리와 목의 근,머리와 목의 근,머리와 목의 근",목 굽힘/폄 I,3.903,,mp4,0AUDLJ08S_00254.mp4,"Longus colli,Splenius Cervicis and Capitis,Sternocleidomastoid",http://openapi.kspo.or.kr/web/image/0AUDLJ08S_00254/,1,동영상,
"긴목근,목/머리널판근,목빗근",,http://openapi.kspo.or.kr/web/video/,"실내에서 할 수 있는 운동 중, 목 굽힘/폄운동을 설명한 운동처방 동영상",9649588,29.96,721,1280*720,매트,공통,146,,0AUDLJ08S_00254_SC_00002.jpeg,"경장근,경판상근, 두판상근,흉쇄유돌근",2021,실내,59,"앞쪽 목,뒤쪽 목,앞쪽 목",한국어,목 굽힘/폄1,20220929,"머리와 목의 근,머리와 목의 근,머리와 목의 근",목 굽힘/폄 I,4.871,,mp4,0AUDLJ08S_00254.mp4,"Longus colli,Splenius Cervicis and Capitis,Sternocleidomastoid",http://openapi.kspo.or.kr/web/image/0AUDLJ08S_00254/,2,동영상,
"긴목근,목/머리널판근,목빗근",,http://openapi.kspo.or.kr/web/video/,"실내에서 할 수 있는 운동 중, 목 굽힘/폄운동을 설명한 운동처방 동영상",9649588,29.96,722,1280*720,매트,공통,407,,0AUDLJ08S_00254_SC_00003.jpeg,"경장근,경판상근, 두판상근,흉쇄유돌근",2021,실내,59,"앞쪽 목,뒤쪽 목,앞쪽 목",한국어,목 굽힘/폄1,20220929,"머리와 목의 근,머리와 목의 근,머리와 목의 근",목 굽힘/폄 I,13.58,,mp4,0AUDLJ08S_00254.mp4,"Longus colli,Splenius Cervicis and Capitis,Sternocleidomastoid",http://openapi.kspo.or.kr/web/image/0AUDLJ08S_00254/,3,동영상,
"긴목근,목/머리널판근,목빗근",,http://openapi.kspo.or.kr/web/video/,"실내에서 할 수 있는 운동 중, 목 굽힘/폄운동을 설명한 운동처방 동영상",9649588,29.96,723,1280*720,매트,공통,668,,0AUDLJ08S_00254_SC_00004.jpeg,"경장근,경판상근, 두판상근,흉쇄유돌근",2021,실내,59,"앞쪽 목,뒤쪽 목,앞쪽 목",한국어,목 굽힘/폄1,20220929,"머리와 목의 근,머리와 목의 근,머리와 목의 근",목 굽힘/폄 I,22.288,,mp4,0AUDLJ08S_00254.mp4,"Longus colli,Splenius Cervicis and Capitis,Sternocleidomastoid",http://openapi.kspo.or.kr/web/image/0AUDLJ08S_00254/,4,동영상,
"긴목근,목/머리널판근,목빗근",,http://openapi.kspo.or.kr/web/video/,"실내에서 할 수 있는 운동 중, 목 굽힘/폄운동을 설명한 운동처방 동영상",9649588,29.96,724,1280*720,매트,공통,842,,0AUDLJ08S_00254_SC_00005.jpeg,"경장근,경판상근, 두판상근,흉쇄유돌근",2021,실내,59,"앞쪽 목,뒤쪽 목,앞쪽 목",한국어,목 굽힘/폄1,20220929,"머리와 목의 근,머리와 목의 근,머리와 목의 근",목 굽힘/폄 I,28.094,,mp4,0AUDLJ08S_00254.mp4,"Longus colli,Splenius Cervicis and Capitis,Sternocleidomastoid",http://openapi.kspo.or.kr/web/image/0AUDLJ08S_00254/,5,동영상,
"긴목근,목/머리널판근,목빗근",,http://openapi.kspo.or.kr/web/video/,"실내에서 할 수 있는 운동 중, 목 굽힘/폄운동을 설명한 운동처방 동영상",9649588,29.96,725,1280*720,매트,공통,987,,0AUDLJ08S_00254_SC_00006.jpeg,"경장근,경판상근, 두판상근,흉쇄유돌근",2021,실내,59,"앞쪽 목,뒤쪽 목,앞쪽 목",한국어,목 굽힘/폄1,20220929,"머리와 목의 근,머리와 목의 근,머리와 목의 근",목 굽힘/폄 I,32.932,,mp4,0AUDLJ08S_00254.mp4,"Longus colli,Splenius Cervicis and Capitis,Sternocleidomastoid",http://openapi.kspo.or.kr/web/image/0AUDLJ08S_00254/,6,동영상,
"긴목근,목/머리널판근,목빗근",,http://openapi.kspo.or.kr/web/video/,"실내에서 할 수 있는 운동 중, 목 굽힘/폄운동을 설명한 운동처방 동영상",9649588,29.96,726,1280*720,매트,공통,1277,,0AUDLJ08S_00254_SC_00007.jpeg,"경장근,경판상근, 두판상근,흉쇄유돌근",2021,실내,59,"앞쪽 목,뒤쪽 목,앞쪽 목",한국어,목 굽힘/폄1,20220929,"머리와 목의 근,머리와 목의 근,머리와 목의 근",목 굽힘/폄 I,42.609,,mp4,0AUDLJ08S_00254.mp4,"Longus colli,Splenius Cervicis and Capitis,Sternocleidomastoid",http://openapi.kspo.or.kr/web/image/0AUDLJ08S_00254/,7,동영상,
"긴목근,목/머리널판근,목빗근",,http://openapi.kspo.or.kr/web/video/,"실내에서 할 수 있는 운동 중, 목 굽힘/폄운동을 설명한 운동처방 동영상",9649588,29.96,727,1280*720,매트,공통,1422,,0AUDLJ08S_00254_SC_00008.jpeg,"경장근,경판상근, 두판상근,흉쇄유돌근",2021,실내,59,"앞쪽 목,뒤쪽 목,앞쪽 목",한국어,목 굽힘/폄1,20220929,"머리와 목의 근,머리와 목의 근,머리와 목의 근",목 굽힘/폄 I,47.447,,mp4,0AUDLJ08S_00254.mp4,"Longus colli,Splenius Cervicis and Capitis,Sternocleidomastoid",http://openapi.kspo.or.kr/web/image/0AUDLJ08S_00254/,8,동영상,
"긴목근,목/머리널판근,목빗근",,http://openapi.kspo.or.kr/web/video/,"실내에서 할 수 있는 운동 중, 목 굽힘/폄운동을 설명한 운동처방 동영상",9649588,29.96,728,1280*720,매트,공통,1567,,0AUDLJ08S_00254_SC_00009.jpeg,"경장근,경판상근, 두판상근,흉쇄유돌근",2021,실내,59,"앞쪽 목,뒤쪽 목,앞쪽 목",한국어,목 굽힘/폄1,20220929,"머리와 목의 근,머리와 목의 근,머리와 목의 근",목 굽힘/폄 I,52.285,,mp4,0AUDLJ08S_00254.mp4,"Longus colli,Splenius Cervicis and Capitis,Sternocleidomastoid",http://openapi.kspo.or.kr/web/image/0AUDLJ08S_00254/,9,동영상,
,,http://openapi.kspo.or.kr/web/video/,"실내에서 할 수 있는 운동 중, 목 굽힘/폄운동을 설명한 운동처방 동영상",9168220,29.96,729,1280*720,수건(낮은 쿠션),공통,90,,0AUDLJ08S_00255_FR_00002.jpeg,,2021,실내,56,,한국어,목 굽힘/폄2,20220929,,목 굽힘/폄 II,3.003,,mp4,0AUDLJ08S_00255.mp4,,http://openapi.kspo.or.kr/web/image/0AUDLJ08S_00255/,1,동영상,
"긴목근,목/머리널판근,목빗근",,http://openapi.kspo.or.kr/web/video/,"실내에서 할 수 있는 운동 중, 목 굽힘/폄운동을 설명한 운동처방 동영상",9168220,29.96,730,1280*720,수건(낮은 쿠션),공통,349,,0AUDLJ08S_00255_SC_00003.jpeg,"경장근,경판상근, 두판상근,흉쇄유돌근",2021,실내,56,"앞쪽 목,뒤쪽 목,앞쪽 목",한국어,목 굽힘/폄2,20220929,"머리와 목의 근,머리와 목의 근,머리와 목의 근",목 굽힘/폄 II,11.644,,mp4,0AUDLJ08S_00255.mp4,"Longus colli,Splenius Cervicis and Capitis,Sternocleidomastoid",http://openapi.kspo.or.kr/web/image/0AUDLJ08S_00255/,2,동영상,
"긴목근,목/머리널판근,목빗근",,http://openapi.kspo.or.kr/web/video/,"실내에서 할 수 있는 운동 중, 목 굽힘/폄운동을 설명한 운동처방 동영상",9168220,29.96,731,1280*720,수건(낮은 쿠션),공통,668,,0AUDLJ08S_00255_SC_00004.jpeg,"경장근,경판상근, 두판상근,흉쇄유돌근",2021,실내,56,"앞쪽 목,뒤쪽 목,앞쪽 목",한국어,목 굽힘/폄2,20220929,"머리와 목의 근,머리와 목의 근,머리와 목의 근",목 굽힘/폄 II,22.288,,mp4,0AUDLJ08S_00255.mp4,"Longus colli,Splenius Cervicis and Capitis,Sternocleidomastoid",http://openapi.kspo.or.kr/web/image/0AUDLJ08S_00255/,3,동영상,
"긴목근,목/머리널판근,목빗근",,http://openapi.kspo.or.kr/web/video/,"실내에서 할 수 있는 운동 중, 목 굽힘/폄운동을 설명한 운동처방 동영상",9168220,29.96,732,1280*720,수건(낮은 쿠션),공통,900,,0AUDLJ08S_00255_FR_00011.jpeg,"경장근,경판상근, 두판상근,흉쇄유돌근",2021,실내,56,"앞쪽 목,뒤쪽 목,앞쪽 목",한국어,목 굽힘/폄2,20220929,"머리와 목의 근,머리와 목의 근,머리와 목의 근",목 굽힘/폄 II,30.03,,mp4,0AUDLJ08S_00255.mp4,"Longus colli,Splenius Cervicis and Capitis,Sternocleidomastoid",http://openapi.kspo.or.kr/web/image/0AUDLJ08S_00255/,4,동영상,
"긴목근,목/머리널판근,목빗근",,http://openapi.kspo.or.kr/web/video/,"실내에서 할 수 있는 운동 중, 목 굽힘/폄운동을 설명한 운동처방 동영상",9168220,29.96,733,1280*720,수건(낮은 쿠션),공통,1074,,0AUDLJ08S_00255_SC_00006.jpeg,"경장근,경판상근, 두판상근,흉쇄유돌근",2021,실내,56,"앞쪽 목,뒤쪽 목,앞쪽 목",한국어,목 굽힘/폄2,20220929,"머리와 목의 근,머리와 목의 근,머리와 목의 근",목 굽힘/폄 II,35.835,,mp4,0AUDLJ08S_00255.mp4,"Longus colli,Splenius Cervicis and Capitis,Sternocleidomastoid",http://openapi.kspo.or.kr/web/image/0AUDLJ08S_00255/,5,동영상,
"긴목근,목/머리널판근,목빗근",,http://openapi.kspo.or.kr/web/video/,"실내에서 할 수 있는 운동 중, 목 굽힘/폄운동을 설명한 운동처방 동영상",9168220,29.96,734,1280*720,수건(낮은 쿠션),공통,1219,,0AUDLJ08S_00255_SC_00007.jpeg,"경장근,경판상근, 두판상근,흉쇄유돌근",2021,실내,56,"앞쪽 목,뒤쪽 목,앞쪽 목",한국어,목 굽힘/폄2,20220929,"머리와 목의 근,머리와 목의 근,머리와 목의 근",목 굽힘/폄 II,40.674,,mp4,0AUDLJ08S_00255.mp4,"Longus colli,Splenius Cervicis and Capitis,Sternocleidomastoid",http://openapi.kspo.or.kr/web/image/0AUDLJ08S_00255/,6,동영상,
"긴목근,목/머리널판근,목빗근",,http://openapi.kspo.or.kr/web/video/,"실내에서 할 수 있는 운동 중, 목 굽힘/폄운동을 설명한 운동처방 동영상",13405258,29.96,735,1280*720,매트,공통,117,,0AUDLJ08S_00256_SC_00001.jpeg,"경장근,경판상근, 두판상근,흉쇄유돌근",2021,실내,82,"앞쪽 목,뒤쪽 목,앞쪽 목",한국어,목 굽힘/폄3,20220929,"머리와 목의 근,머리와 목의 근,머리와 목의 근",목 굽힘/폄 III,3.903,,mp4,0AUDLJ08S_00256.mp4,"Longus colli,Splenius Cervicis and Capitis,Sternocleidomastoid",http://openapi.kspo.or.kr/web/image/0AUDLJ08S_00256/,1,동영상,
"긴목근,목/머리널판근,목빗근",,http://openapi.kspo.or.kr/web/video/,"실내에서 할 수 있는 운동 중, 목 굽힘/폄운동을 설명한 운동처방 동영상",13405258,29.96,736,1280*720,매트,공통,146,,0AUDLJ08S_00256_SC_00002.jpeg,"경장근,경판상근, 두판상근,흉쇄유돌근",2021,실내,82,"앞쪽 목,뒤쪽 목,앞쪽 목",한국어,목 굽힘/폄3,20220929,"머리와 목의 근,머리와 목의 근,머리와 목의 근",목 굽힘/폄 III,4.871,,mp4,0AUDLJ08S_00256.mp4,"Longus colli,Splenius Cervicis and Capitis,Sternocleidomastoid",http://openapi.kspo.or.kr/web/image/0AUDLJ08S_00256/,2,동영상,
"긴목근,목/머리널판근,목빗근",,http://openapi.kspo.or.kr/web/video/,"실내에서 할 수 있는 운동 중, 목 굽힘/폄운동을 설명한 운동처방 동영상",13405258,29.96,737,1280*720,매트,공통,291,,0AUDLJ08S_00256_SC_00003.jpeg,"경장근,경판상근, 두판상근,흉쇄유돌근",2021,실내,82,"앞쪽 목,뒤쪽 목,앞쪽 목",한국어,목 굽힘/폄3,20220929,"머리와 목의 근,머리와 목의 근,머리와 목의 근",목 굽힘/폄 III,9.709,,mp4,0AUDLJ08S_00256.mp4,"Longus colli,Splenius Cervicis and Capitis,Sternocleidomastoid",http://openapi.kspo.or.kr/web/image/0AUDLJ08S_00256/,3,동영상,
"긴목근,목/머리널판근,목빗근",,http://openapi.kspo.or.kr/web/video/,"실내에서 할 수 있는 운동 중, 목 굽힘/폄운동을 설명한 운동처방 동영상",13405258,29.96,738,1280*720,매트,공통,494,,0AUDLJ08S_00256_SC_00004.jpeg,"경장근,경판상근, 두판상근,흉쇄유돌근",2021,실내,82,"앞쪽 목,뒤쪽 목,앞쪽 목",한국어,목 굽힘/폄3,20220929,"머리와 목의 근,머리와 목의 근,머리와 목의 근",목 굽힘/폄 III,16.483,,mp4,0AUDLJ08S_00256.mp4,"Longus colli,Splenius Cervicis and Capitis,Sternocleidomastoid",http://openapi.kspo.or.kr/web/image/0AUDLJ08S_00256/,4,동영상,
"긴목근,목/머리널판근,목빗근",,http://openapi.kspo.or.kr/web/video/,"실내에서 할 수 있는 운동 중, 목 굽힘/폄운동을 설명한 운동처방 동영상",13405258,29.96,739,1280*720,매트,공통,697,,0AUDLJ08S_00256_SC_00005.jpeg,"경장근,경판상근, 두판상근,흉쇄유돌근",2021,실내,82,"앞쪽 목,뒤쪽 목,앞쪽 목",한국어,목 굽힘/폄3,20220929,"머리와 목의 근,머리와 목의 근,머리와 목의 근",목 굽힘/폄 III,23.256,,mp4,0AUDLJ08S_00256.mp4,"Longus colli,Splenius Cervicis and Capitis,Sternocleidomastoid",http://openapi.kspo.or.kr/web/image/0AUDLJ08S_00256/,5,동영상,
"긴목근,목/머리널판근,목빗근",,http://openapi.kspo.or.kr/web/video/,"실내에서 할 수 있는 운동 중, 목 굽힘/폄운동을 설명한 운동처방 동영상",13405258,29.96,740,1280*720,매트,공통,929,,0AUDLJ08S_00256_SC_00006.jpeg,"경장근,경판상근, 두판상근,흉쇄유돌근",2021,실내,82,"앞쪽 목,뒤쪽 목,앞쪽 목",한국어,목 굽힘/폄3,20220929,"머리와 목의 근,머리와 목의 근,머리와 목의 근",목 굽힘/폄 III,30.997,,mp4,0AUDLJ08S_00256.mp4,"Longus colli,Splenius Cervicis and Capitis,Sternocleidomastoid",http://openapi.kspo.or.kr/web/image/0AUDLJ08S_00256/,6,동영상,
"긴목근,목/머리널판근,목빗근",,http://openapi.kspo.or.kr/web/video/,"실내에서 할 수 있는 운동 중, 목 굽힘/폄운동을 설명한 운동처방 동영상",13405258,29.96,741,1280*720,매트,공통,1190,,0AUDLJ08S_00256_SC_00007.jpeg,"경장근,경판상근, 두판상근,흉쇄유돌근",2021,실내,82,"앞쪽 목,뒤쪽 목,앞쪽 목",한국어,목 굽힘/폄3,20220929,"머리와 목의 근,머리와 목의 근,머리와 목의 근",목 굽힘/폄 III,39.706,,mp4,0AUDLJ08S_00256.mp4,"Longus colli,Splenius Cervicis and Capitis,Sternocleidomastoid",http://openapi.kspo.or.kr/web/image/0AUDLJ08S_00256/,7,동영상,
"긴목근,목/머리널판근,목빗근",,http://openapi.kspo.or.kr/web/video/,"실내에서 할 수 있는 운동 중, 목 굽힘/폄운동을 설명한 운동처방 동영상",13405258,29.96,742,1280*720,매트,공통,1393,,0AUDLJ08S_00256_SC_00008.jpeg,"경장근,경판상근, 두판상근,흉쇄유돌근",2021,실내,82,"앞쪽 목,뒤쪽 목,앞쪽 목",한국어,목 굽힘/폄3,20220929,"머리와 목의 근,머리와 목의 근,머리와 목의 근",목 굽힘/폄 III,46.479,,mp4,0AUDLJ08S_00256.mp4,"Longus colli,Splenius Cervicis and Capitis,Sternocleidomastoid",http://openapi.kspo.or.kr/web/image/0AUDLJ08S_00256/,8,동영상,
"긴목근,목/머리널판근,목빗근",,http://openapi.kspo.or.kr/web/video/,"실내에서 할 수 있는 운동 중, 목 굽힘/폄운동을 설명한 운동처방 동영상",13405258,29.96,743,1280*720,매트,공통,1567,,0AUDLJ08S_00256_SC_00009.jpeg,"경장근,경판상근, 두판상근,흉쇄유돌근",2021,실내,82,"앞쪽 목,뒤쪽 목,앞쪽 목",한국어,목 굽힘/폄3,20220929,"머리와 목의 근,머리와 목의 근,머리와 목의 근",목 굽힘/폄 III,52.285,,mp4,0AUDLJ08S_00256.mp4,"Longus colli,Splenius Cervicis and Capitis,Sternocleidomastoid",http://openapi.kspo.or.kr/web/image/0AUDLJ08S_00256/,9,동영상,
"긴목근,목/머리널판근,목빗근",,http://openapi.kspo.or.kr/web/video/,"실내에서 할 수 있는 운동 중, 목 굽힘/폄운동을 설명한 운동처방 동영상",13405258,29.96,744,1280*720,매트,공통,1770,,0AUDLJ08S_00256_SC_00010.jpeg,"경장근,경판상근, 두판상근,흉쇄유돌근",2021,실내,82,"앞쪽 목,뒤쪽 목,앞쪽 목",한국어,목 굽힘/폄3,20220929,"머리와 목의 근,머리와 목의 근,머리와 목의 근",목 굽힘/폄 III,59.059,,mp4,0AUDLJ08S_00256.mp4,"Longus colli,Splenius Cervicis and Capitis,Sternocleidomastoid",http://openapi.kspo.or.kr/web/image/0AUDLJ08S_00256/,10,동영상,
"긴목근,목/머리널판근,목빗근",,http://openapi.kspo.or.kr/web/video/,"실내에서 할 수 있는 운동 중, 목 굽힘/폄운동을 설명한 운동처방 동영상",13405258,29.96,745,1280*720,매트,공통,1915,,0AUDLJ08S_00256_SC_00011.jpeg,"경장근,경판상근, 두판상근,흉쇄유돌근",2021,실내,82,"앞쪽 목,뒤쪽 목,앞쪽 목",한국어,목 굽힘/폄3,20220929,"머리와 목의 근,머리와 목의 근,머리와 목의 근",목 굽힘/폄 III,63.897,,mp4,0AUDLJ08S_00256.mp4,"Longus colli,Splenius Cervicis and Capitis,Sternocleidomastoid",http://openapi.kspo.or.kr/web/image/0AUDLJ08S_00256/,11,동영상,
"긴목근,목/머리널판근,목빗근",,http://openapi.kspo.or.kr/web/video/,"실내에서 할 수 있는 운동 중, 목 굽힘/폄운동을 설명한 운동처방 동영상",13405258,29.96,746,1280*720,매트,공통,2031,,0AUDLJ08S_00256_SC_00012.jpeg,"경장근,경판상근, 두판상근,흉쇄유돌근",2021,실내,82,"앞쪽 목,뒤쪽 목,앞쪽 목",한국어,목 굽힘/폄3,20220929,"머리와 목의 근,머리와 목의 근,머리와 목의 근",목 굽힘/폄 III,67.767,,mp4,0AUDLJ08S_00256.mp4,"Longus colli,Splenius Cervicis and Capitis,Sternocleidomastoid",http://openapi.kspo.or.kr/web/image/0AUDLJ08S_00256/,12,동영상,
"긴목근,목/머리널판근,목빗근",,http://openapi.kspo.or.kr/web/video/,"실내에서 할 수 있는 운동 중, 목 굽힘/폄운동을 설명한 운동처방 동영상",13405258,29.96,747,1280*720,매트,공통,2205,,0AUDLJ08S_00256_SC_00013.jpeg,"경장근,경판상근, 두판상근,흉쇄유돌근",2021,실내,82,"앞쪽 목,뒤쪽 목,앞쪽 목",한국어,목 굽힘/폄3,20220929,"머리와 목의 근,머리와 목의 근,머리와 목의 근",목 굽힘/폄 III,73.573,,mp4,0AUDLJ08S_00256.mp4,"Longus colli,Splenius Cervicis and Capitis,Sternocleidomastoid",http://openapi.kspo.or.kr/web/image/0AUDLJ08S_00256/,13,동영상,
"큰가슴근,어깨세모근,위팔세갈래근",,http://openapi.kspo.or.kr/web/video/,"실내에서 할 수 있는 운동 중, 벽에서 팔굽혀 펴기운동을 설명한 운동처방 동영상",14335782,29.96,748,1280*720,,공통,59,,0AUDLJ08S_00257_SC_00001.jpeg,"대흉근,삼각근,상완삼두근",2021,실내,88,"가슴,바깥쪽 어깨,뒤쪽 위팔",한국어,벽에서 팔 굽혀 펴기,20221111,"가슴의 근,상지의 근,상지의 근",벽에서 팔굽혀 펴기,1.968,,mp4,0AUDLJ08S_00257.mp4,"Pectoralis Major,Deltoid,Triceps Brachii",http://openapi.kspo.or.kr/web/image/0AUDLJ08S_00257/,1,동영상,
"큰가슴근,어깨세모근,위팔세갈래근",,http://openapi.kspo.or.kr/web/video/,"실내에서 할 수 있는 운동 중, 벽에서 팔굽혀 펴기운동을 설명한 운동처방 동영상",14335782,29.96,749,1280*720,,공통,175,,0AUDLJ08S_00257_SC_00003.jpeg,"대흉근,삼각근,상완삼두근",2021,실내,88,"가슴,바깥쪽 어깨,뒤쪽 위팔",한국어,벽에서 팔 굽혀 펴기,20221019,"가슴의 근,상지의 근,상지의 근",벽에서 팔굽혀 펴기,5.839,,mp4,0AUDLJ08S_00257.mp4,"Pectoralis Major,Deltoid,Triceps Brachii",http://openapi.kspo.or.kr/web/image/0AUDLJ08S_00257/,2,동영상,
"큰가슴근,어깨세모근,위팔세갈래근",,http://openapi.kspo.or.kr/web/video/,"실내에서 할 수 있는 운동 중, 벽에서 팔굽혀 펴기운동을 설명한 운동처방 동영상",14335782,29.96,750,1280*720,,공통,720,,0AUDLJ08S_00257_FR_00009.jpeg,"대흉근,삼각근,상완삼두근",2021,실내,88,"가슴,바깥쪽 어깨,뒤쪽 위팔",한국어,벽에서 팔 굽혀 펴기,20221019,"가슴의 근,상지의 근,상지의 근",벽에서 팔굽혀 펴기,24.024,,mp4,0AUDLJ08S_00257.mp4,"Pectoralis Major,Deltoid,Triceps Brachii",http://openapi.kspo.or.kr/web/image/0AUDLJ08S_00257/,3,동영상,
"큰가슴근,어깨세모근,위팔세갈래근",,http://openapi.kspo.or.kr/web/video/,"실내에서 할 수 있는 운동 중, 벽에서 팔굽혀 펴기운동을 설명한 운동처방 동영상",14335782,29.96,751,1280*720,,공통,900,,0AUDLJ08S_00257_FR_00011.jpeg,"대흉근,삼각근,상완삼두근",2021,실내,88,"가슴,바깥쪽 어깨,뒤쪽 위팔",한국어,벽에서 팔 굽혀 펴기,20221019,"가슴의 근,상지의 근,상지의 근",벽에서 팔굽혀 펴기,30.03,,mp4,0AUDLJ08S_00257.mp4,"Pectoralis Major,Deltoid,Triceps Brachii",http://openapi.kspo.or.kr/web/image/0AUDLJ08S_00257/,4,동영상,
"큰가슴근,어깨세모근,위팔세갈래근",,http://openapi.kspo.or.kr/web/video/,"실내에서 할 수 있는 운동 중, 벽에서 팔굽혀 펴기운동을 설명한 운동처방 동영상",14335782,29.96,752,1280*720,,공통,1529,,0AUDLJ08S_00257_FR_00018.jpeg,"대흉근,삼각근,상완삼두근",2021,실내,88,"가슴,바깥쪽 어깨,뒤쪽 위팔",한국어,벽에서 팔 굽혀 펴기,20221019,"가슴의 근,상지의 근,상지의 근",벽에서 팔굽혀 펴기,51.017,,mp4,0AUDLJ08S_00257.mp4,"Pectoralis Major,Deltoid,Triceps Brachii",http://openapi.kspo.or.kr/web/image/0AUDLJ08S_00257/,5,동영상,
"큰가슴근,어깨세모근,위팔세갈래근",,http://openapi.kspo.or.kr/web/video/,"실내에서 할 수 있는 운동 중, 벽에서 팔굽혀 펴기운동을 설명한 운동처방 동영상",14335782,29.96,753,1280*720,밴드,공통,2031,,0AUDLJ08S_00257_SC_00010.jpeg,"대흉근,삼각근,상완삼두근",2021,실내,88,"가슴,바깥쪽 어깨,뒤쪽 위팔",한국어,벽에서 팔 굽혀 펴기,20221019,"가슴의 근,상지의 근,상지의 근",벽에서 팔굽혀 펴기,67.767,,mp4,0AUDLJ08S_00257.mp4,"Pectoralis Major,Deltoid,Triceps Brachii",http://openapi.kspo.or.kr/web/image/0AUDLJ08S_00257/,6,동영상,
"큰볼기근,넙다리네갈래근,넙다리두갈래근",,http://openapi.kspo.or.kr/web/video/,"실내에서 할 수 있는 운동 중, 봉잡고 앉았다 일어나기운동을 설명한 운동처방 동영상",9131109,29.96,754,1280*720,봉,공통,90,,0AUDLJ08S_00258_FR_00002.jpeg,"대둔근,대퇴사두근,대퇴이두근",2021,실내,57,"엉덩이,앞쪽 넓적다리,뒤쪽 넓적다리",한국어,봉잡고 앉았다 일어나기,20221111,"골반의 근,하지의 근,하지의 근",봉잡고 앉았다 일어나기,3.003,,mp4,0AUDLJ08S_00258.mp4,"Gluteus Maximus,Quadriceps Femoris,Biceps Femoris",http://openapi.kspo.or.kr/web/image/0AUDLJ08S_00258/,1,동영상,
"큰볼기근,넙다리네갈래근,넙다리두갈래근",,http://openapi.kspo.or.kr/web/video/,"실내에서 할 수 있는 운동 중, 봉잡고 앉았다 일어나기운동을 설명한 운동처방 동영상",9131109,29.96,755,1280*720,봉,공통,494,,0AUDLJ08S_00258_SC_00005.jpeg,"대둔근,대퇴사두근,대퇴이두근",2021,실내,57,"엉덩이,앞쪽 넓적다리,뒤쪽 넓적다리",한국어,봉잡고 앉았다 일어나기,20221019,"골반의 근,하지의 근,하지의 근",봉잡고 앉았다 일어나기,16.483,,mp4,0AUDLJ08S_00258.mp4,"Gluteus Maximus,Quadriceps Femoris,Biceps Femoris",http://openapi.kspo.or.kr/web/image/0AUDLJ08S_00258/,2,동영상,
"큰볼기근,넙다리네갈래근,넙다리두갈래근",,http://openapi.kspo.or.kr/web/video/,"실내에서 할 수 있는 운동 중, 봉잡고 앉았다 일어나기운동을 설명한 운동처방 동영상",9131109,29.96,756,1280*720,봉,공통,755,,0AUDLJ08S_00258_SC_00007.jpeg,"대둔근,대퇴사두근,대퇴이두근",2021,실내,57,"엉덩이,앞쪽 넓적다리,뒤쪽 넓적다리",한국어,봉잡고 앉았다 일어나기,20221019,"골반의 근,하지의 근,하지의 근",봉잡고 앉았다 일어나기,25.191,,mp4,0AUDLJ08S_00258.mp4,"Gluteus Maximus,Quadriceps Femoris,Biceps Femoris",http://openapi.kspo.or.kr/web/image/0AUDLJ08S_00258/,3,동영상,
"큰볼기근,넙다리네갈래근,넙다리두갈래근",,http://openapi.kspo.or.kr/web/video/,"실내에서 할 수 있는 운동 중, 봉잡고 앉았다 일어나기운동을 설명한 운동처방 동영상",9131109,29.96,757,1280*720,봉(의자),공통,1045,,0AUDLJ08S_00258_SC_00012.jpeg,"대둔근,대퇴사두근,대퇴이두근",2021,실내,57,"엉덩이,앞쪽 넓적다리,뒤쪽 넓적다리",한국어,봉잡고 앉았다 일어나기,20221019,"골반의 근,하지의 근,하지의 근",봉잡고 앉았다 일어나기,34.868,,mp4,0AUDLJ08S_00258.mp4,"Gluteus Maximus,Quadriceps Femoris,Biceps Femoris",http://openapi.kspo.or.kr/web/image/0AUDLJ08S_00258/,4,동영상,
"큰볼기근,척추세움근,넙다리두갈래근",,http://openapi.kspo.or.kr/web/video/,"실내에서 할 수 있는 운동 중, 서서 상체 앞으로 숙였다 세우기운동을 설명한 운동처방 동영상",13594053,29.96,758,1280*720,매트,공통,88,,0AUDLJ08S_00259_SC_00001.jpeg,"대둔근,척추기립근,대퇴이두근",2021,실내,84,"엉덩이,척추,뒤쪽 넓적다리",한국어,서서 상체 앞으로 숙였다 세우기,20221112,"골반의 근,등과 허리의 근,하지의 근",서서 상체 앞으로 숙였다 세우기,2.936,,mp4,0AUDLJ08S_00259.mp4,"Gluteus Maximus,Erector Spinae,Biceps Femoris",http://openapi.kspo.or.kr/web/image/0AUDLJ08S_00259/,1,동영상,
"큰볼기근,척추세움근,넙다리두갈래근",,http://openapi.kspo.or.kr/web/video/,"실내에서 할 수 있는 운동 중, 서서 상체 앞으로 숙였다 세우기운동을 설명한 운동처방 동영상",13594053,29.96,759,1280*720,매트,공통,117,,0AUDLJ08S_00259_SC_00002.jpeg,"대둔근,척추기립근,대퇴이두근",2021,실내,84,"엉덩이,척추,뒤쪽 넓적다리",한국어,서서 상체 앞으로 숙였다 세우기,20221112,"골반의 근,등과 허리의 근,하지의 근",서서 상체 앞으로 숙였다 세우기,3.903,,mp4,0AUDLJ08S_00259.mp4,"Gluteus Maximus,Erector Spinae,Biceps Femoris",http://openapi.kspo.or.kr/web/image/0AUDLJ08S_00259/,2,동영상,
"큰볼기근,척추세움근,넙다리두갈래근",,http://openapi.kspo.or.kr/web/video/,"실내에서 할 수 있는 운동 중, 서서 상체 앞으로 숙였다 세우기운동을 설명한 운동처방 동영상",13594053,29.96,760,1280*720,매트,공통,146,,0AUDLJ08S_00259_SC_00003.jpeg,"대둔근,척추기립근,대퇴이두근",2021,실내,84,"엉덩이,척추,뒤쪽 넓적다리",한국어,서서 상체 앞으로 숙였다 세우기,20221112,"골반의 근,등과 허리의 근,하지의 근",서서 상체 앞으로 숙였다 세우기,4.871,,mp4,0AUDLJ08S_00259.mp4,"Gluteus Maximus,Erector Spinae,Biceps Femoris",http://openapi.kspo.or.kr/web/image/0AUDLJ08S_00259/,3,동영상,
"큰볼기근,척추세움근,넙다리두갈래근",,http://openapi.kspo.or.kr/web/video/,"실내에서 할 수 있는 운동 중, 서서 상체 앞으로 숙였다 세우기운동을 설명한 운동처방 동영상",13594053,29.96,761,1280*720,매트,공통,465,,0AUDLJ08S_00259_SC_00004.jpeg,"대둔근,척추기립근,대퇴이두근",2021,실내,84,"엉덩이,척추,뒤쪽 넓적다리",한국어,서서 상체 앞으로 숙였다 세우기,20221112,"골반의 근,등과 허리의 근,하지의 근",서서 상체 앞으로 숙였다 세우기,15.515,,mp4,0AUDLJ08S_00259.mp4,"Gluteus Maximus,Erector Spinae,Biceps Femoris",http://openapi.kspo.or.kr/web/image/0AUDLJ08S_00259/,4,동영상,
"큰볼기근,척추세움근,넙다리두갈래근",,http://openapi.kspo.or.kr/web/video/,"실내에서 할 수 있는 운동 중, 서서 상체 앞으로 숙였다 세우기운동을 설명한 운동처방 동영상",13594053,29.96,762,1280*720,매트,공통,581,,0AUDLJ08S_00259_SC_00005.jpeg,"대둔근,척추기립근,대퇴이두근",2021,실내,84,"엉덩이,척추,뒤쪽 넓적다리",한국어,서서 상체 앞으로 숙였다 세우기,20221112,"골반의 근,등과 허리의 근,하지의 근",서서 상체 앞으로 숙였다 세우기,19.386,,mp4,0AUDLJ08S_00259.mp4,"Gluteus Maximus,Erector Spinae,Biceps Femoris",http://openapi.kspo.or.kr/web/image/0AUDLJ08S_00259/,5,동영상,
"큰볼기근,척추세움근,넙다리두갈래근",,http://openapi.kspo.or.kr/web/video/,"실내에서 할 수 있는 운동 중, 서서 상체 앞으로 숙였다 세우기운동을 설명한 운동처방 동영상",13594053,29.96,763,1280*720,매트,공통,697,,0AUDLJ08S_00259_SC_00006.jpeg,"대둔근,척추기립근,대퇴이두근",2021,실내,84,"엉덩이,척추,뒤쪽 넓적다리",한국어,서서 상체 앞으로 숙였다 세우기,20221112,"골반의 근,등과 허리의 근,하지의 근",서서 상체 앞으로 숙였다 세우기,23.256,,mp4,0AUDLJ08S_00259.mp4,"Gluteus Maximus,Erector Spinae,Biceps Femoris",http://openapi.kspo.or.kr/web/image/0AUDLJ08S_00259/,6,동영상,
자쪽손목굽힘근,,http://openapi.kspo.or.kr/web/video/,"소도구를 활용한 근육 완화 운동 중, 공을 활용한 운동처방 동영상",53242921,29.96,764,1280*720,테니스공,공통,4235,,0AUDLJ08S_01017_SC_00013.jpeg,척측수근굴근,2021,실내,331,앞쪽 아래팔,한국어,전완(내측),20221004,상지의 근,테니스공을 활용한 뭉친근육 완화 운동,141.307,,mp4,0AUDLJ08S_01017.mp4,Flexor Carpi Ulnaris,http://openapi.kspo.or.kr/web/image/0AUDLJ08S_01017/,13,동영상,
"큰볼기근,척추세움근,넙다리두갈래근",,http://openapi.kspo.or.kr/web/video/,"실내에서 할 수 있는 운동 중, 서서 상체 앞으로 숙였다 세우기운동을 설명한 운동처방 동영상",13594053,29.96,765,1280*720,매트,공통,784,,0AUDLJ08S_00259_SC_00007.jpeg,"대둔근,척추기립근,대퇴이두근",2021,실내,84,"엉덩이,척추,뒤쪽 넓적다리",한국어,서서 상체 앞으로 숙였다 세우기,20221112,"골반의 근,등과 허리의 근,하지의 근",서서 상체 앞으로 숙였다 세우기,26.159,,mp4,0AUDLJ08S_00259.mp4,"Gluteus Maximus,Erector Spinae,Biceps Femoris",http://openapi.kspo.or.kr/web/image/0AUDLJ08S_00259/,7,동영상,
"큰볼기근,척추세움근,넙다리두갈래근",,http://openapi.kspo.or.kr/web/video/,"실내에서 할 수 있는 운동 중, 서서 상체 앞으로 숙였다 세우기운동을 설명한 운동처방 동영상",13594053,29.96,766,1280*720,매트,공통,929,,0AUDLJ08S_00259_SC_00008.jpeg,"대둔근,척추기립근,대퇴이두근",2021,실내,84,"엉덩이,척추,뒤쪽 넓적다리",한국어,서서 상체 앞으로 숙였다 세우기,20221112,"골반의 근,등과 허리의 근,하지의 근",서서 상체 앞으로 숙였다 세우기,30.997,,mp4,0AUDLJ08S_00259.mp4,"Gluteus Maximus,Erector Spinae,Biceps Femoris",http://openapi.kspo.or.kr/web/image/0AUDLJ08S_00259/,8,동영상,
"큰볼기근,척추세움근,넙다리두갈래근",,http://openapi.kspo.or.kr/web/video/,"실내에서 할 수 있는 운동 중, 서서 상체 앞으로 숙였다 세우기운동을 설명한 운동처방 동영상",13594053,29.96,767,1280*720,매트,공통,958,,0AUDLJ08S_00259_SC_00009.jpeg,"대둔근,척추기립근,대퇴이두근",2021,실내,84,"엉덩이,척추,뒤쪽 넓적다리",한국어,서서 상체 앞으로 숙였다 세우기,20221112,"골반의 근,등과 허리의 근,하지의 근",서서 상체 앞으로 숙였다 세우기,31.965,,mp4,0AUDLJ08S_00259.mp4,"Gluteus Maximus,Erector Spinae,Biceps Femoris",http://openapi.kspo.or.kr/web/image/0AUDLJ08S_00259/,9,동영상,
"큰볼기근,척추세움근,넙다리두갈래근",,http://openapi.kspo.or.kr/web/video/,"실내에서 할 수 있는 운동 중, 서서 상체 앞으로 숙였다 세우기운동을 설명한 운동처방 동영상",13594053,29.96,768,1280*720,매트,공통,1219,,0AUDLJ08S_00259_SC_00010.jpeg,"대둔근,척추기립근,대퇴이두근",2021,실내,84,"엉덩이,척추,뒤쪽 넓적다리",한국어,서서 상체 앞으로 숙였다 세우기,20221112,"골반의 근,등과 허리의 근,하지의 근",서서 상체 앞으로 숙였다 세우기,40.674,,mp4,0AUDLJ08S_00259.mp4,"Gluteus Maximus,Erector Spinae,Biceps Femoris",http://openapi.kspo.or.kr/web/image/0AUDLJ08S_00259/,10,동영상,
"큰볼기근,척추세움근,넙다리두갈래근",,http://openapi.kspo.or.kr/web/video/,"실내에서 할 수 있는 운동 중, 서서 상체 앞으로 숙였다 세우기운동을 설명한 운동처방 동영상",13594053,29.96,769,1280*720,매트,공통,1364,,0AUDLJ08S_00259_SC_00011.jpeg,"대둔근,척추기립근,대퇴이두근",2021,실내,84,"엉덩이,척추,뒤쪽 넓적다리",한국어,서서 상체 앞으로 숙였다 세우기,20221112,"골반의 근,등과 허리의 근,하지의 근",서서 상체 앞으로 숙였다 세우기,45.512,,mp4,0AUDLJ08S_00259.mp4,"Gluteus Maximus,Erector Spinae,Biceps Femoris",http://openapi.kspo.or.kr/web/image/0AUDLJ08S_00259/,11,동영상,
"큰볼기근,척추세움근,넙다리두갈래근",,http://openapi.kspo.or.kr/web/video/,"실내에서 할 수 있는 운동 중, 서서 상체 앞으로 숙였다 세우기운동을 설명한 운동처방 동영상",13594053,29.96,770,1280*720,매트,공통,1480,,0AUDLJ08S_00259_SC_00012.jpeg,"대둔근,척추기립근,대퇴이두근",2021,실내,84,"엉덩이,척추,뒤쪽 넓적다리",한국어,서서 상체 앞으로 숙였다 세우기,20221112,"골반의 근,등과 허리의 근,하지의 근",서서 상체 앞으로 숙였다 세우기,49.382,,mp4,0AUDLJ08S_00259.mp4,"Gluteus Maximus,Erector Spinae,Biceps Femoris",http://openapi.kspo.or.kr/web/image/0AUDLJ08S_00259/,12,동영상,
"큰볼기근,척추세움근,넙다리두갈래근",,http://openapi.kspo.or.kr/web/video/,"실내에서 할 수 있는 운동 중, 서서 상체 앞으로 숙였다 세우기운동을 설명한 운동처방 동영상",13594053,29.96,771,1280*720,매트,공통,1741,,0AUDLJ08S_00259_SC_00013.jpeg,"대둔근,척추기립근,대퇴이두근",2021,실내,84,"엉덩이,척추,뒤쪽 넓적다리",한국어,서서 상체 앞으로 숙였다 세우기,20221112,"골반의 근,등과 허리의 근,하지의 근",서서 상체 앞으로 숙였다 세우기,58.091,,mp4,0AUDLJ08S_00259.mp4,"Gluteus Maximus,Erector Spinae,Biceps Femoris",http://openapi.kspo.or.kr/web/image/0AUDLJ08S_00259/,13,동영상,
"큰볼기근,척추세움근,넙다리두갈래근",,http://openapi.kspo.or.kr/web/video/,"실내에서 할 수 있는 운동 중, 서서 상체 앞으로 숙였다 세우기운동을 설명한 운동처방 동영상",13594053,29.96,772,1280*720,매트,공통,1799,,0AUDLJ08S_00259_SC_00014.jpeg,"대둔근,척추기립근,대퇴이두근",2021,실내,84,"엉덩이,척추,뒤쪽 넓적다리",한국어,서서 상체 앞으로 숙였다 세우기,20221112,"골반의 근,등과 허리의 근,하지의 근",서서 상체 앞으로 숙였다 세우기,60.026,,mp4,0AUDLJ08S_00259.mp4,"Gluteus Maximus,Erector Spinae,Biceps Femoris",http://openapi.kspo.or.kr/web/image/0AUDLJ08S_00259/,14,동영상,
"큰볼기근,척추세움근,넙다리두갈래근",,http://openapi.kspo.or.kr/web/video/,"실내에서 할 수 있는 운동 중, 서서 상체 앞으로 숙였다 세우기운동을 설명한 운동처방 동영상",13594053,29.96,773,1280*720,매트,공통,1915,,0AUDLJ08S_00259_SC_00015.jpeg,"대둔근,척추기립근,대퇴이두근",2021,실내,84,"엉덩이,척추,뒤쪽 넓적다리",한국어,서서 상체 앞으로 숙였다 세우기,20221112,"골반의 근,등과 허리의 근,하지의 근",서서 상체 앞으로 숙였다 세우기,63.897,,mp4,0AUDLJ08S_00259.mp4,"Gluteus Maximus,Erector Spinae,Biceps Femoris",http://openapi.kspo.or.kr/web/image/0AUDLJ08S_00259/,15,동영상,
"큰볼기근,척추세움근,넙다리두갈래근",,http://openapi.kspo.or.kr/web/video/,"실내에서 할 수 있는 운동 중, 서서 상체 앞으로 숙였다 세우기운동을 설명한 운동처방 동영상",13594053,29.96,774,1280*720,매트,공통,1944,,0AUDLJ08S_00259_SC_00016.jpeg,"대둔근,척추기립근,대퇴이두근",2021,실내,84,"엉덩이,척추,뒤쪽 넓적다리",한국어,서서 상체 앞으로 숙였다 세우기,20221112,"골반의 근,등과 허리의 근,하지의 근",서서 상체 앞으로 숙였다 세우기,64.864,,mp4,0AUDLJ08S_00259.mp4,"Gluteus Maximus,Erector Spinae,Biceps Femoris",http://openapi.kspo.or.kr/web/image/0AUDLJ08S_00259/,16,동영상,
등세모근,,http://openapi.kspo.or.kr/web/video/,"소도구를 활용한 근육 완화 운동 중, 공을 활용한 운동처방 동영상",53242921,29.96,775,1280*720,테니스공,공통,4293,,0AUDLJ08S_01017_SC_00014.jpeg,승모근,2021,실내,331,등,한국어,목 외측,20221004,등과 허리의 근,테니스공을 활용한 뭉친근육 완화 운동,143.243,,mp4,0AUDLJ08S_01017.mp4,Trapezius,http://openapi.kspo.or.kr/web/image/0AUDLJ08S_01017/,14,동영상,
"큰볼기근,척추세움근,넙다리두갈래근",,http://openapi.kspo.or.kr/web/video/,"실내에서 할 수 있는 운동 중, 서서 상체 앞으로 숙였다 세우기운동을 설명한 운동처방 동영상",13594053,29.96,776,1280*720,매트,공통,2205,,0AUDLJ08S_00259_SC_00017.jpeg,"대둔근,척추기립근,대퇴이두근",2021,실내,84,"엉덩이,척추,뒤쪽 넓적다리",한국어,서서 상체 앞으로 숙였다 세우기,20221112,"골반의 근,등과 허리의 근,하지의 근",서서 상체 앞으로 숙였다 세우기,73.573,,mp4,0AUDLJ08S_00259.mp4,"Gluteus Maximus,Erector Spinae,Biceps Femoris",http://openapi.kspo.or.kr/web/image/0AUDLJ08S_00259/,17,동영상,
"볼기근,척추세움근,배곧은근,배빗근,앞정강근",,http://openapi.kspo.or.kr/web/video/,"실내에서 할 수 있는 운동 중, 양발 나란히 서기운동을 설명한 운동처방 동영상",9981024,29.96,777,1280*720,,공통,59,,0AUDLJ08S_00260_SC_00001.jpeg,"둔근,척추기립근,복직근,복사근,전경골근",2021,실내,62,"엉덩이,척추,복부,복부,정강이",한국어,양발 나란히 서기,20221111,"골반의 근,등과 허리의 근,복부의 근,복부의 근,하지의 근",양발 나란히 서기,1.968,,mp4,0AUDLJ08S_00260.mp4,"Gluteal,Erector Spinae,Rectus Abdominis,Abdominal Oblique,Tibialis Anterior",http://openapi.kspo.or.kr/web/image/0AUDLJ08S_00260/,1,동영상,
"볼기근,척추세움근,배곧은근,배빗근",,http://openapi.kspo.or.kr/web/video/,"실내에서 할 수 있는 운동 중, 양발 나란히 서기운동을 설명한 운동처방 동영상",9981024,29.96,778,1280*720,,공통,639,,0AUDLJ08S_00260_SC_00005.jpeg,"둔근,척추기립근,복직근,복사근",2021,실내,62,"엉덩이,척추,복부,복부",한국어,양발 나란히 서기,20221024,"골반의 근,등과 허리의 근,복부의 근,복부의 근",양발 나란히 서기,21.321,,mp4,0AUDLJ08S_00260.mp4,"Gluteal,Erector Spinae,Rectus Abdominis,Abdominal Oblique",http://openapi.kspo.or.kr/web/image/0AUDLJ08S_00260/,2,동영상,
"볼기근,척추세움근,배곧은근,배빗근",,http://openapi.kspo.or.kr/web/video/,"실내에서 할 수 있는 운동 중, 양발 나란히 서기운동을 설명한 운동처방 동영상",9981024,29.96,779,1280*720,,공통,990,,0AUDLJ08S_00260_FR_00012.jpeg,"둔근,척추기립근,복직근,복사근",2021,실내,62,"엉덩이,척추,복부,복부",한국어,양발 나란히 서기,20221024,"골반의 근,등과 허리의 근,복부의 근,복부의 근",양발 나란히 서기,33.033,,mp4,0AUDLJ08S_00260.mp4,"Gluteal,Erector Spinae,Rectus Abdominis,Abdominal Oblique",http://openapi.kspo.or.kr/web/image/0AUDLJ08S_00260/,3,동영상,
"볼기근,척추세움근,배곧은근,배빗근,앞정강근",,http://openapi.kspo.or.kr/web/video/,"실내에서 할 수 있는 운동 중, 양발 나란히 서기운동을 설명한 운동처방 동영상",9981024,29.96,780,1280*720,,공통,1451,,0AUDLJ08S_00260_SC_00010.jpeg,"둔근,척추기립근,복직근,복사근,전경골근",2021,실내,62,"엉덩이,척추,복부,복부,정강이",한국어,양발 나란히 서기,20221024,"골반의 근,등과 허리의 근,복부의 근,복부의 근,하지의 근",양발 나란히 서기,48.415,,mp4,0AUDLJ08S_00260.mp4,"Gluteal,Erector Spinae,Rectus Abdominis,Abdominal Oblique,Tibialis Anterior",http://openapi.kspo.or.kr/web/image/0AUDLJ08S_00260/,4,동영상,
"배곧은근,뒤정강근,모음근",,http://openapi.kspo.or.kr/web/video/,"실내에서 할 수 있는 운동 중, 좌우 찍기운동을 설명한 운동처방 동영상",15250865,29.96,781,1280*720,매트,공통,987,,0AUDLJ08S_00261_SC_00005.jpeg,"복직근,후경골근,내전근",2021,실내,93,"복부,발목,안쪽 넓적다리",한국어,좌/우 찍기,20220930,"복부의 근,하지의 근,하지의 근",좌우 찍기,32.932,,mp4,0AUDLJ08S_00261.mp4,"Rectus Abdominis,Tibialis Posterior,Adductors",http://openapi.kspo.or.kr/web/image/0AUDLJ08S_00261/,3,동영상,
,,http://openapi.kspo.or.kr/web/video/,"실내에서 할 수 있는 운동 중, 좌우 찍기운동을 설명한 운동처방 동영상",15250865,29.96,782,1280*720,매트,공통,59,,0AUDLJ08S_00261_SC_00001.jpeg,,2021,실내,93,,한국어,좌/우 찍기,20220930,,좌우 찍기,1.968,,mp4,0AUDLJ08S_00261.mp4,,http://openapi.kspo.or.kr/web/image/0AUDLJ08S_00261/,1,동영상,
"배곧은근,뒤정강근,모음근",,http://openapi.kspo.or.kr/web/video/,"실내에서 할 수 있는 운동 중, 좌우 찍기운동을 설명한 운동처방 동영상",15250865,29.96,783,1280*720,매트,공통,900,,0AUDLJ08S_00261_FR_00011.jpeg,"복직근,후경골근,내전근",2021,실내,93,"복부,발목,안쪽 넓적다리",한국어,좌/우 찍기,20220930,"복부의 근,하지의 근,하지의 근",좌우 찍기,30.03,,mp4,0AUDLJ08S_00261.mp4,"Rectus Abdominis,Tibialis Posterior,Adductors",http://openapi.kspo.or.kr/web/image/0AUDLJ08S_00261/,2,동영상,
"배곧은근,뒤정강근,모음근",,http://openapi.kspo.or.kr/web/video/,"실내에서 할 수 있는 운동 중, 좌우 찍기운동을 설명한 운동처방 동영상",15250865,29.96,784,1280*720,매트,공통,1190,,0AUDLJ08S_00261_SC_00006.jpeg,"복직근,후경골근,내전근",2021,실내,93,"복부,발목,안쪽 넓적다리",한국어,좌/우 찍기,20220930,"복부의 근,하지의 근,하지의 근",좌우 찍기,39.706,,mp4,0AUDLJ08S_00261.mp4,"Rectus Abdominis,Tibialis Posterior,Adductors",http://openapi.kspo.or.kr/web/image/0AUDLJ08S_00261/,4,동영상,
"배곧은근,뒤정강근,모음근",,http://openapi.kspo.or.kr/web/video/,"실내에서 할 수 있는 운동 중, 좌우 찍기운동을 설명한 운동처방 동영상",15250865,29.96,785,1280*720,매트,공통,1259,,0AUDLJ08S_00261_FR_00015.jpeg,"복직근,후경골근,내전근",2021,실내,93,"복부,발목,안쪽 넓적다리",한국어,좌/우 찍기,20220930,"복부의 근,하지의 근,하지의 근",좌우 찍기,42.008,,mp4,0AUDLJ08S_00261.mp4,"Rectus Abdominis,Tibialis Posterior,Adductors",http://openapi.kspo.or.kr/web/image/0AUDLJ08S_00261/,5,동영상,
"배곧은근,뒤정강근,모음근",,http://openapi.kspo.or.kr/web/video/,"실내에서 할 수 있는 운동 중, 좌우 찍기운동을 설명한 운동처방 동영상",15250865,29.96,786,1280*720,매트,공통,1915,,0AUDLJ08S_00261_SC_00009.jpeg,"복직근,후경골근,내전근",2021,실내,93,"복부,발목,안쪽 넓적다리",한국어,좌/우 찍기,20220930,"복부의 근,하지의 근,하지의 근",좌우 찍기,63.897,,mp4,0AUDLJ08S_00261.mp4,"Rectus Abdominis,Tibialis Posterior,Adductors",http://openapi.kspo.or.kr/web/image/0AUDLJ08S_00261/,6,동영상,
"배곧은근,뒤정강근,모음근",,http://openapi.kspo.or.kr/web/video/,"실내에서 할 수 있는 운동 중, 좌우 찍기운동을 설명한 운동처방 동영상",15250865,29.96,787,1280*720,매트,공통,2089,,0AUDLJ08S_00261_SC_00010.jpeg,"복직근,후경골근,내전근",2021,실내,93,"복부,발목,안쪽 넓적다리",한국어,좌/우 찍기,20220930,"복부의 근,하지의 근,하지의 근",좌우 찍기,69.703,,mp4,0AUDLJ08S_00261.mp4,"Rectus Abdominis,Tibialis Posterior,Adductors",http://openapi.kspo.or.kr/web/image/0AUDLJ08S_00261/,7,동영상,
"중간볼기근,어깨세모근,넙다리근막긴장근",,http://openapi.kspo.or.kr/web/video/,"실내에서 할 수 있는 운동 중, 한발 들기운동을 설명한 운동처방 동영상",9138342,29.96,788,1280*720,,공통,59,,0AUDLJ08S_00262_SC_00001.jpeg,"중둔근,삼각근,대퇴근막장근",2021,실내,57,"엉덩이,바깥쪽 어깨,바깥쪽 넓적다리",한국어,한발 들기,20221018,"골반의 근,상지의 근,하지의 근",한발 들기,1.968,,mp4,0AUDLJ08S_00262.mp4,"Gluteus Medius,Deltoid,Tensor Fasciae Latae",http://openapi.kspo.or.kr/web/image/0AUDLJ08S_00262/,1,동영상,
"중간볼기근,어깨세모근,넙다리근막긴장근",,http://openapi.kspo.or.kr/web/video/,"실내에서 할 수 있는 운동 중, 한발 들기운동을 설명한 운동처방 동영상",9138342,29.96,789,1280*720,,공통,180,,0AUDLJ08S_00262_FR_00003.jpeg,"중둔근,삼각근,대퇴근막장근",2021,실내,57,"엉덩이,바깥쪽 어깨,바깥쪽 넓적다리",한국어,한발 들기,20221018,"골반의 근,상지의 근,하지의 근",한발 들기,6.006,10~20 초,mp4,0AUDLJ08S_00262.mp4,"Gluteus Medius,Deltoid,Tensor Fasciae Latae",http://openapi.kspo.or.kr/web/image/0AUDLJ08S_00262/,2,동영상,
"중간볼기근,어깨세모근,넙다리근막긴장근",,http://openapi.kspo.or.kr/web/video/,"실내에서 할 수 있는 운동 중, 한발 들기운동을 설명한 운동처방 동영상",9138342,29.96,790,1280*720,,공통,1016,,0AUDLJ08S_00262_SC_00008.jpeg,"중둔근,삼각근,대퇴근막장근",2021,실내,57,"엉덩이,바깥쪽 어깨,바깥쪽 넓적다리",한국어,한발 들기,20221018,"골반의 근,상지의 근,하지의 근",한발 들기,33.9,,mp4,0AUDLJ08S_00262.mp4,"Gluteus Medius,Deltoid,Tensor Fasciae Latae",http://openapi.kspo.or.kr/web/image/0AUDLJ08S_00262/,3,동영상,
"엉덩관절굽힘근,중간볼기근,어깨세모근,넙다리근막긴장근",,http://openapi.kspo.or.kr/web/video/,"실내에서 할 수 있는 운동 중, 한발 들기운동을 설명한 운동처방 동영상",9138342,29.96,791,1280*720,,공통,1259,,0AUDLJ08S_00262_FR_00015.jpeg,"고관절굴곡근,중둔근,삼각근,대퇴근막장근",2021,실내,57,"앞쪽 골반,엉덩이,바깥쪽 어깨,바깥쪽 넓적다리",한국어,한발 들기,20221018,"골반의 근,골반의 근,상지의 근,하지의 근",한발 들기,42.008,,mp4,0AUDLJ08S_00262.mp4,"Hip Flexor,Gluteus Medius,Deltoid,Tensor Fasciae Latae",http://openapi.kspo.or.kr/web/image/0AUDLJ08S_00262/,4,동영상,
"엉덩관절굽힘근,중간볼기근,어깨세모근,넙다리근막긴장근",,http://openapi.kspo.or.kr/web/video/,"실내에서 할 수 있는 운동 중, 한발 들기운동을 설명한 운동처방 동영상",9138342,29.96,792,1280*720,,공통,1349,,0AUDLJ08S_00262_FR_00016.jpeg,"고관절굴곡근,중둔근,삼각근,대퇴근막장근",2021,실내,57,"앞쪽 골반,엉덩이,바깥쪽 어깨,바깥쪽 넓적다리",한국어,한발 들기,20221018,"골반의 근,골반의 근,상지의 근,하지의 근",한발 들기,45.011,,mp4,0AUDLJ08S_00262.mp4,"Hip Flexor,Gluteus Medius,Deltoid,Tensor Fasciae Latae",http://openapi.kspo.or.kr/web/image/0AUDLJ08S_00262/,5,동영상,
"볼기근,넙다리네갈래근,앞정강근,장딴지근",,http://openapi.kspo.or.kr/web/video/,"실내에서 할 수 있는 운동 중, 균형 걷기운동을 설명한 운동처방 동영상",10867918,29.96,793,1280*720,색테이프,공통,90,,0AUDLJ08S_00263_FR_00002.jpeg,"둔근,대퇴사두근,전경골근,비복근",2021,실내,65,"엉덩이,앞쪽 넓적다리,정강이,종아리",한국어,균형 걷기,20221013,"골반의 근,하지의 근,하지의 근,하지의 근",균형 걷기,3.003,,mp4,0AUDLJ08S_00263.mp4,"Gluteal,Quadriceps Femoris,Tibialis Anterior,Gastrocnemius",http://openapi.kspo.or.kr/web/image/0AUDLJ08S_00263/,1,동영상,
"볼기근,넙다리네갈래근,앞정강근,장딴지근",,http://openapi.kspo.or.kr/web/video/,"실내에서 할 수 있는 운동 중, 균형 걷기운동을 설명한 운동처방 동영상",10867918,29.96,794,1280*720,색테이프,공통,813,,0AUDLJ08S_00263_SC_00005.jpeg,"둔근,대퇴사두근,전경골근,비복근",2021,실내,65,"엉덩이,앞쪽 넓적다리,정강이,종아리",한국어,균형 걷기,20221013,"골반의 근,하지의 근,하지의 근,하지의 근",균형 걷기,27.127,,mp4,0AUDLJ08S_00263.mp4,"Gluteal,Quadriceps Femoris,Tibialis Anterior,Gastrocnemius",http://openapi.kspo.or.kr/web/image/0AUDLJ08S_00263/,2,동영상,
"볼기근,넙다리네갈래근,앞정강근,장딴지근",,http://openapi.kspo.or.kr/web/video/,"실내에서 할 수 있는 운동 중, 균형 걷기운동을 설명한 운동처방 동영상",10867918,29.96,795,1280*720,,공통,1074,,0AUDLJ08S_00263_SC_00006.jpeg,"둔근,대퇴사두근,전경골근,비복근",2021,실내,65,"엉덩이,앞쪽 넓적다리,정강이,종아리",한국어,균형 걷기,20221013,"골반의 근,하지의 근,하지의 근,하지의 근",균형 걷기,35.835,,mp4,0AUDLJ08S_00263.mp4,"Gluteal,Quadriceps Femoris,Tibialis Anterior,Gastrocnemius",http://openapi.kspo.or.kr/web/image/0AUDLJ08S_00263/,3,동영상,
"볼기근,넙다리네갈래근,앞정강근,장딴지근",,http://openapi.kspo.or.kr/web/video/,"실내에서 할 수 있는 운동 중, 균형 걷기운동을 설명한 운동처방 동영상",10867918,29.96,796,1280*720,색테이프,공통,1619,,0AUDLJ08S_00263_FR_00019.jpeg,"둔근,대퇴사두근,전경골근,비복근",2021,실내,65,"엉덩이,앞쪽 넓적다리,정강이,종아리",한국어,발교차 걷기,20221013,"골반의 근,하지의 근,하지의 근,하지의 근",균형 걷기,54.02,,mp4,0AUDLJ08S_00263.mp4,"Gluteal,Quadriceps Femoris,Tibialis Anterior,Gastrocnemius",http://openapi.kspo.or.kr/web/image/0AUDLJ08S_00263/,4,동영상,
"볼기근,넙다리네갈래근,앞정강근,장딴지근",,http://openapi.kspo.or.kr/web/video/,"실내에서 할 수 있는 운동 중, 균형 걷기운동을 설명한 운동처방 동영상",10867918,29.96,797,1280*720,색테이프,공통,1654,,0AUDLJ08S_00263_SC_00009.jpeg,"둔근,대퇴사두근,전경골근,비복근",2021,실내,65,"엉덩이,앞쪽 넓적다리,정강이,종아리",한국어,균형 걷기,20221013,"골반의 근,하지의 근,하지의 근,하지의 근",균형 걷기,55.188,,mp4,0AUDLJ08S_00263.mp4,"Gluteal,Quadriceps Femoris,Tibialis Anterior,Gastrocnemius",http://openapi.kspo.or.kr/web/image/0AUDLJ08S_00263/,5,동영상,
,,http://openapi.kspo.or.kr/web/video/,"실내에서 할 수 있는 운동 중, 의자 앞에서 앉았다 일어서기운동을 설명한 운동처방 동영상",10796049,29.96,798,1280*720,의자,공통,88,,0AUDLJ08S_00264_SC_00001.jpeg,,2021,실내,67,,한국어,의자 앞에서 앉았다 일어서기,20220930,,의자 앞에서 앉았다 일어서기,2.936,,mp4,0AUDLJ08S_00264.mp4,,http://openapi.kspo.or.kr/web/image/0AUDLJ08S_00264/,1,동영상,
등세모근,,http://openapi.kspo.or.kr/web/video/,"소도구를 활용한 근육 완화 운동 중, 공을 활용한 운동처방 동영상",53242921,29.96,799,1280*720,테니스공,공통,4409,,0AUDLJ08S_01017_SC_00015.jpeg,승모근,2021,실내,331,등,한국어,목 외측,20221004,등과 허리의 근,테니스공을 활용한 뭉친근육 완화 운동,147.113,,mp4,0AUDLJ08S_01017.mp4,Trapezius,http://openapi.kspo.or.kr/web/image/0AUDLJ08S_01017/,15,동영상,
"볼기근,넙다리네갈래근,뒤넙다리근",,http://openapi.kspo.or.kr/web/video/,"실내에서 할 수 있는 운동 중, 의자 앞에서 앉았다 일어서기운동을 설명한 운동처방 동영상",10796049,29.96,800,1280*720,의자,공통,360,,0AUDLJ08S_00264_FR_00005.jpeg,"둔근,대퇴사두근,슬괵근",2021,실내,67,"엉덩이,앞쪽 넓적다리,뒤쪽 넓적다리",한국어,의자 앞에서 앉았다 일어서기,20220930,"골반의 근,하지의 근,하지의 근",의자 앞에서 앉았다 일어서기,12.012,,mp4,0AUDLJ08S_00264.mp4,"Gluteal,Quadriceps Femoris,Hamstring",http://openapi.kspo.or.kr/web/image/0AUDLJ08S_00264/,2,동영상,
"볼기근,넙다리네갈래근,뒤넙다리근",,http://openapi.kspo.or.kr/web/video/,"실내에서 할 수 있는 운동 중, 의자 앞에서 앉았다 일어서기운동을 설명한 운동처방 동영상",10796049,29.96,801,1280*720,의자,공통,540,,0AUDLJ08S_00264_FR_00007.jpeg,"둔근,대퇴사두근,슬괵근",2021,실내,67,"엉덩이,앞쪽 넓적다리,뒤쪽 넓적다리",한국어,의자 앞에서 앉았다 일어서기,20220930,"골반의 근,하지의 근,하지의 근",의자 앞에서 앉았다 일어서기,18.018,,mp4,0AUDLJ08S_00264.mp4,"Gluteal,Quadriceps Femoris,Hamstring",http://openapi.kspo.or.kr/web/image/0AUDLJ08S_00264/,3,동영상,
"볼기근,넙다리네갈래근,뒤넙다리근",,http://openapi.kspo.or.kr/web/video/,"실내에서 할 수 있는 운동 중, 의자 앞에서 앉았다 일어서기운동을 설명한 운동처방 동영상",10796049,29.96,802,1280*720,의자,공통,810,,0AUDLJ08S_00264_FR_00010.jpeg,"둔근,대퇴사두근,슬괵근",2021,실내,67,"엉덩이,앞쪽 넓적다리,뒤쪽 넓적다리",한국어,의자 앞에서 앉았다 일어서기,20220930,"골반의 근,하지의 근,하지의 근",의자 앞에서 앉았다 일어서기,27.027,,mp4,0AUDLJ08S_00264.mp4,"Gluteal,Quadriceps Femoris,Hamstring",http://openapi.kspo.or.kr/web/image/0AUDLJ08S_00264/,4,동영상,
"볼기근,넙다리네갈래근,뒤넙다리근",,http://openapi.kspo.or.kr/web/video/,"실내에서 할 수 있는 운동 중, 의자 앞에서 앉았다 일어서기운동을 설명한 운동처방 동영상",10796049,29.96,803,1280*720,의자,공통,1248,,0AUDLJ08S_00264_SC_00010.jpeg,"둔근,대퇴사두근,슬괵근",2021,실내,67,"엉덩이,앞쪽 넓적다리,뒤쪽 넓적다리",한국어,의자 앞에서 앉았다 일어서기,20220930,"골반의 근,하지의 근,하지의 근",의자 앞에서 앉았다 일어서기,41.641,,mp4,0AUDLJ08S_00264.mp4,"Gluteal,Quadriceps Femoris,Hamstring",http://openapi.kspo.or.kr/web/image/0AUDLJ08S_00264/,5,동영상,
"볼기근,넙다리네갈래근,뒤넙다리근",,http://openapi.kspo.or.kr/web/video/,"실내에서 할 수 있는 운동 중, 의자 앞에서 앉았다 일어서기운동을 설명한 운동처방 동영상",10796049,29.96,804,1280*720,의자,공통,1619,,0AUDLJ08S_00264_FR_00019.jpeg,"둔근,대퇴사두근,슬괵근",2021,실내,67,"엉덩이,앞쪽 넓적다리,뒤쪽 넓적다리",한국어,의자 앞에서 앉았다 일어서기,20220930,"골반의 근,하지의 근,하지의 근",의자 앞에서 앉았다 일어서기,54.02,,mp4,0AUDLJ08S_00264.mp4,"Gluteal,Quadriceps Femoris,Hamstring",http://openapi.kspo.or.kr/web/image/0AUDLJ08S_00264/,6,동영상,
"볼기근,넙다리네갈래근,넙다리두갈래근",,http://openapi.kspo.or.kr/web/video/,"실내에서 할 수 있는 운동 중, 의자에 한 다리 올리고 앉았다 일어서기운동을 설명한 운동처방 동영상",9372165,29.96,805,1280*720,의자,공통,90,,0AUDLJ08S_00265_FR_00002.jpeg,"둔근,대퇴사두근,대퇴이두근",2021,실내,58,"엉덩이,앞쪽 넓적다리,뒤쪽 넓적다리",한국어,의자에 한 다리 올리고 앉았다 일어서기,20221111,"골반의 근,하지의 근,하지의 근",의자에 한 다리 올리고 앉았다 일어서기,3.003,,mp4,0AUDLJ08S_00265.mp4,"Gluteal,Quadriceps Femoris,Biceps Femoris",http://openapi.kspo.or.kr/web/image/0AUDLJ08S_00265/,1,동영상,
"볼기근,넙다리네갈래근,넙다리두갈래근",,http://openapi.kspo.or.kr/web/video/,"실내에서 할 수 있는 운동 중, 의자에 한 다리 올리고 앉았다 일어서기운동을 설명한 운동처방 동영상",9372165,29.96,806,1280*720,의자,공통,270,,0AUDLJ08S_00265_FR_00004.jpeg,"둔근,대퇴사두근,대퇴이두근",2021,실내,58,"엉덩이,앞쪽 넓적다리,뒤쪽 넓적다리",한국어,의자에 한 다리 올리고 앉았다 일어서기,20221024,"골반의 근,하지의 근,하지의 근",의자에 한 다리 올리고 앉았다 일어서기,9.009,,mp4,0AUDLJ08S_00265.mp4,"Gluteal,Quadriceps Femoris,Biceps Femoris",http://openapi.kspo.or.kr/web/image/0AUDLJ08S_00265/,2,동영상,
"볼기근,넙다리네갈래근,넙다리두갈래근",,http://openapi.kspo.or.kr/web/video/,"실내에서 할 수 있는 운동 중, 의자에 한 다리 올리고 앉았다 일어서기운동을 설명한 운동처방 동영상",9372165,29.96,807,1280*720,의자,공통,900,,0AUDLJ08S_00265_FR_00011.jpeg,"둔근,대퇴사두근,대퇴이두근",2021,실내,58,"엉덩이,앞쪽 넓적다리,뒤쪽 넓적다리",한국어,의자에 한 다리 올리고 앉았다 일어서기,20221024,"골반의 근,하지의 근,하지의 근",의자에 한 다리 올리고 앉았다 일어서기,30.03,,mp4,0AUDLJ08S_00265.mp4,"Gluteal,Quadriceps Femoris,Biceps Femoris",http://openapi.kspo.or.kr/web/image/0AUDLJ08S_00265/,3,동영상,
"볼기근,넙다리네갈래근,넙다리두갈래근",,http://openapi.kspo.or.kr/web/video/,"실내에서 할 수 있는 운동 중, 의자에 한 다리 올리고 앉았다 일어서기운동을 설명한 운동처방 동영상",9372165,29.96,808,1280*720,테이블,공통,1169,,0AUDLJ08S_00265_FR_00014.jpeg,"둔근,대퇴사두근,대퇴이두근",2021,실내,58,"엉덩이,앞쪽 넓적다리,뒤쪽 넓적다리",한국어,의자에 한 다리 올리고 앉았다 일어서기,20221024,"골반의 근,하지의 근,하지의 근",의자에 한 다리 올리고 앉았다 일어서기,39.005,,mp4,0AUDLJ08S_00265.mp4,"Gluteal,Quadriceps Femoris,Biceps Femoris",http://openapi.kspo.or.kr/web/image/0AUDLJ08S_00265/,4,동영상,
,,http://openapi.kspo.or.kr/web/video/,"실내에서 할 수 있는 운동 중, 의자에 앉아 다리 뻗어 올리기운동을 설명한 운동처방 동영상",9566073,29.96,809,1280*720,의자,공통,88,,0AUDLJ08S_00266_SC_00001.jpeg,,2021,실내,59,,한국어,의자에 앉아 다리 뻗어 올리기,20220930,,의자에 앉아 다리 뻗어 올리기,2.936,,mp4,0AUDLJ08S_00266.mp4,,http://openapi.kspo.or.kr/web/image/0AUDLJ08S_00266/,1,동영상,
넙다리네갈래근,,http://openapi.kspo.or.kr/web/video/,"실내에서 할 수 있는 운동 중, 의자에 앉아 다리 뻗어 올리기운동을 설명한 운동처방 동영상",9566073,29.96,810,1280*720,의자,공통,360,,0AUDLJ08S_00266_FR_00005.jpeg,대퇴사두근,2021,실내,59,앞쪽 넓적다리,한국어,의자에 앉아 다리 뻗어 올리기,20220930,하지의 근,의자에 앉아 다리 뻗어 올리기,12.012,,mp4,0AUDLJ08S_00266.mp4,Quadriceps Femoris,http://openapi.kspo.or.kr/web/image/0AUDLJ08S_00266/,2,동영상,
넙다리네갈래근,,http://openapi.kspo.or.kr/web/video/,"실내에서 할 수 있는 운동 중, 의자에 앉아 다리 뻗어 올리기운동을 설명한 운동처방 동영상",9566073,29.96,811,1280*720,의자,공통,720,,0AUDLJ08S_00266_FR_00009.jpeg,대퇴사두근,2021,실내,59,앞쪽 넓적다리,한국어,의자에 앉아 다리 뻗어 올리기,20220930,하지의 근,의자에 앉아 다리 뻗어 올리기,24.024,,mp4,0AUDLJ08S_00266.mp4,Quadriceps Femoris,http://openapi.kspo.or.kr/web/image/0AUDLJ08S_00266/,3,동영상,
넙다리네갈래근,,http://openapi.kspo.or.kr/web/video/,"실내에서 할 수 있는 운동 중, 의자에 앉아 다리 뻗어 올리기운동을 설명한 운동처방 동영상",9566073,29.96,812,1280*720,매트,공통,1480,,0AUDLJ08S_00266_SC_00008.jpeg,대퇴사두근,2021,실내,59,앞쪽 넓적다리,한국어,의자에 앉아 다리 뻗어 올리기,20220930,하지의 근,의자에 앉아 다리 뻗어 올리기,49.382,,mp4,0AUDLJ08S_00266.mp4,Quadriceps Femoris,http://openapi.kspo.or.kr/web/image/0AUDLJ08S_00266/,4,동영상,
넙다리네갈래근,,http://openapi.kspo.or.kr/web/video/,"실내에서 할 수 있는 운동 중, 의자에 앉아 다리 뻗어 올리기운동을 설명한 운동처방 동영상",9566073,29.96,813,1280*720,매트,공통,1619,,0AUDLJ08S_00266_FR_00019.jpeg,대퇴사두근,2021,실내,59,앞쪽 넓적다리,한국어,의자에 앉아 다리 뻗어 올리기,20220930,하지의 근,의자에 앉아 다리 뻗어 올리기,54.02,,mp4,0AUDLJ08S_00266.mp4,Quadriceps Femoris,http://openapi.kspo.or.kr/web/image/0AUDLJ08S_00266/,5,동영상,
"엉덩관절굽힘근,배곧은근,넙다리네갈래근",,http://openapi.kspo.or.kr/web/video/,"실내에서 할 수 있는 운동 중, 앉아서 엉덩관절 굽히기운동을 설명한 운동처방 동영상",9672898,29.96,814,1280*720,의자,공통,90,,0AUDLJ08S_00267_FR_00002.jpeg,"고관절굴곡근,복직근,대퇴사두근",2021,실내,59,"앞쪽 골반,복부,앞쪽 넓적다리",한국어,앉아서 엉덩관절 굽히기,20221111,"골반의 근,복부의 근,하지의 근",앉아서 엉덩관절 굽히기,3.003,,mp4,0AUDLJ08S_00267.mp4,"Hip Flexor,Rectus Abdominis,Quadriceps Femoris",http://openapi.kspo.or.kr/web/image/0AUDLJ08S_00267/,1,동영상,
"엉덩관절굽힘근,배곧은근,넙다리네갈래근",,http://openapi.kspo.or.kr/web/video/,"실내에서 할 수 있는 운동 중, 앉아서 엉덩관절 굽히기운동을 설명한 운동처방 동영상",9672898,29.96,815,1280*720,의자,공통,270,,0AUDLJ08S_00267_FR_00004.jpeg,"고관절굴곡근,복직근,대퇴사두근",2021,실내,59,"앞쪽 골반,복부,앞쪽 넓적다리",한국어,앉아서 엉덩관절 굽히기,20221023,"골반의 근,복부의 근,하지의 근",앉아서 엉덩관절 굽히기,9.009,,mp4,0AUDLJ08S_00267.mp4,"Hip Flexor,Rectus Abdominis,Quadriceps Femoris",http://openapi.kspo.or.kr/web/image/0AUDLJ08S_00267/,2,동영상,
"엉덩관절굽힘근,배곧은근,넙다리네갈래근",,http://openapi.kspo.or.kr/web/video/,"실내에서 할 수 있는 운동 중, 앉아서 엉덩관절 굽히기운동을 설명한 운동처방 동영상",9672898,29.96,816,1280*720,의자,공통,639,,0AUDLJ08S_00267_SC_00003.jpeg,"고관절굴곡근,복직근,대퇴사두근",2021,실내,59,"앞쪽 골반,복부,앞쪽 넓적다리",한국어,앉아서 엉덩관절 굽히기,20221023,"골반의 근,복부의 근,하지의 근",앉아서 엉덩관절 굽히기,21.321,,mp4,0AUDLJ08S_00267.mp4,"Hip Flexor,Rectus Abdominis,Quadriceps Femoris",http://openapi.kspo.or.kr/web/image/0AUDLJ08S_00267/,3,동영상,
"엉덩관절굽힘근,배곧은근,넙다리네갈래근",,http://openapi.kspo.or.kr/web/video/,"실내에서 할 수 있는 운동 중, 앉아서 엉덩관절 굽히기운동을 설명한 운동처방 동영상",9672898,29.96,817,1280*720,의자,공통,1306,,0AUDLJ08S_00267_SC_00005.jpeg,"고관절굴곡근,복직근,대퇴사두근",2021,실내,59,"앞쪽 골반,복부,앞쪽 넓적다리",한국어,앉아서 엉덩관절 굽히기,20221023,"골반의 근,복부의 근,하지의 근",앉아서 엉덩관절 굽히기,43.576,,mp4,0AUDLJ08S_00267.mp4,"Hip Flexor,Rectus Abdominis,Quadriceps Femoris",http://openapi.kspo.or.kr/web/image/0AUDLJ08S_00267/,4,동영상,
"큰볼기근,척추세움근,넙다리두갈래근",,http://openapi.kspo.or.kr/web/video/,"실내에서 할 수 있는 운동 중, 서서 다리 뒤로 차기운동을 설명한 운동처방 동영상",7510403,29.96,818,1280*720,의자,공통,88,,0AUDLJ08S_00268_SC_00001.jpeg,"대둔근,척추기립근,대퇴이두근",2021,실내,46,"엉덩이,척추,뒤쪽 넓적다리",한국어,서서 다리 뒤로 차기,20221016,"골반의 근,등과 허리의 근,하지의 근",서서 다리 뒤로 차기,2.936,,mp4,0AUDLJ08S_00268.mp4,"Gluteus Maximus,Erector Spinae,Biceps Femoris",http://openapi.kspo.or.kr/web/image/0AUDLJ08S_00268/,1,동영상,
"큰볼기근,척추세움근,넙다리두갈래근",,http://openapi.kspo.or.kr/web/video/,"실내에서 할 수 있는 운동 중, 서서 다리 뒤로 차기운동을 설명한 운동처방 동영상",7510403,29.96,819,1280*720,의자,공통,270,,0AUDLJ08S_00268_FR_00004.jpeg,"대둔근,척추기립근,대퇴이두근",2021,실내,46,"엉덩이,척추,뒤쪽 넓적다리",한국어,서서 다리 뒤로 차기,20221016,"골반의 근,등과 허리의 근,하지의 근",서서 다리 뒤로 차기,9.009,,mp4,0AUDLJ08S_00268.mp4,"Gluteus Maximus,Erector Spinae,Biceps Femoris",http://openapi.kspo.or.kr/web/image/0AUDLJ08S_00268/,2,동영상,
"큰볼기근,척추세움근,넙다리두갈래근",,http://openapi.kspo.or.kr/web/video/,"실내에서 할 수 있는 운동 중, 서서 다리 뒤로 차기운동을 설명한 운동처방 동영상",7510403,29.96,820,1280*720,의자,공통,697,,0AUDLJ08S_00268_SC_00004.jpeg,"대둔근,척추기립근,대퇴이두근",2021,실내,46,"엉덩이,척추,뒤쪽 넓적다리",한국어,서서 다리 뒤로 차기,20221016,"골반의 근,등과 허리의 근,하지의 근",서서 다리 뒤로 차기,23.256,,mp4,0AUDLJ08S_00268.mp4,"Gluteus Maximus,Erector Spinae,Biceps Femoris",http://openapi.kspo.or.kr/web/image/0AUDLJ08S_00268/,3,동영상,
"큰볼기근,척추세움근,넙다리두갈래근",,http://openapi.kspo.or.kr/web/video/,"실내에서 할 수 있는 운동 중, 서서 다리 뒤로 차기운동을 설명한 운동처방 동영상",7510403,29.96,821,1280*720,테이블,공통,900,,0AUDLJ08S_00268_FR_00011.jpeg,"대둔근,척추기립근,대퇴이두근",2021,실내,46,"엉덩이,척추,뒤쪽 넓적다리",한국어,서서 다리 뒤로 차기,20221016,"골반의 근,등과 허리의 근,하지의 근",서서 다리 뒤로 차기,30.03,,mp4,0AUDLJ08S_00268.mp4,"Gluteus Maximus,Erector Spinae,Biceps Femoris",http://openapi.kspo.or.kr/web/image/0AUDLJ08S_00268/,4,동영상,
"가자미근,장딴지근",,http://openapi.kspo.or.kr/web/video/,"실내에서 할 수 있는 운동 중, 서서 다리 뒤로 차기서서 뒤꿈치 들기운동을 설명한 운동처방 동영상",8270322,29.96,822,1280*720,의자,공통,88,,0AUDLJ08S_00269_SC_00001.jpeg,"넙치근,비복근",2021,실내,51,"종아리,종아리",한국어,서서 뒤꿈치 들기,20221016,"하지의 근,하지의 근",서서 뒤꿈치 들기,2.936,,mp4,0AUDLJ08S_00269.mp4,"Soleus,Gastrocnemius",http://openapi.kspo.or.kr/web/image/0AUDLJ08S_00269/,1,동영상,
"가자미근,장딴지근",,http://openapi.kspo.or.kr/web/video/,"실내에서 할 수 있는 운동 중, 서서 다리 뒤로 차기서서 뒤꿈치 들기운동을 설명한 운동처방 동영상",8270322,29.96,823,1280*720,의자,공통,270,,0AUDLJ08S_00269_FR_00004.jpeg,"넙치근,비복근",2021,실내,51,"종아리,종아리",한국어,서서 뒤꿈치 들기,20221016,"하지의 근,하지의 근",서서 뒤꿈치 들기,9.009,,mp4,0AUDLJ08S_00269.mp4,"Soleus,Gastrocnemius",http://openapi.kspo.or.kr/web/image/0AUDLJ08S_00269/,2,동영상,
"항문조임근,가자미근,장딴지근",,http://openapi.kspo.or.kr/web/video/,"실내에서 할 수 있는 운동 중, 서서 다리 뒤로 차기서서 뒤꿈치 들기운동을 설명한 운동처방 동영상",8270322,29.96,824,1280*720,의자,공통,900,,0AUDLJ08S_00269_FR_00011.jpeg,"괄약근,넙치근,비복근",2021,실내,51,"아래쪽 골반,종아리,종아리",한국어,서서 뒤꿈치 들기,20221016,"골반의 근,하지의 근,하지의 근",서서 뒤꿈치 들기,30.03,,mp4,0AUDLJ08S_00269.mp4,"Anal Sphincter,Soleus,Gastrocnemius",http://openapi.kspo.or.kr/web/image/0AUDLJ08S_00269/,3,동영상,
"가자미근,장딴지근",,http://openapi.kspo.or.kr/web/video/,"실내에서 할 수 있는 운동 중, 서서 다리 뒤로 차기서서 뒤꿈치 들기운동을 설명한 운동처방 동영상",8270322,29.96,825,1280*720,의자,공통,1277,,0AUDLJ08S_00269_SC_00007.jpeg,"넙치근,비복근",2021,실내,51,"종아리,종아리",한국어,서서 뒤꿈치 들기,20221016,"하지의 근,하지의 근",서서 뒤꿈치 들기,42.609,,mp4,0AUDLJ08S_00269.mp4,"Soleus,Gastrocnemius",http://openapi.kspo.or.kr/web/image/0AUDLJ08S_00269/,4,동영상,
"넙다리네갈래근,넙다리두갈래근",,http://openapi.kspo.or.kr/web/video/,"실내에서 할 수 있는 운동 중, 한발 서서 균형잡기운동을 설명한 운동처방 동영상",10476972,29.96,826,1280*720,의자,공통,552,,0AUDLJ08S_00270_SC_00004.jpeg,"대퇴사두근,대퇴이두근",2021,실내,64,"앞쪽 넓적다리,뒤쪽 넓적다리",한국어,한발 서서 균형잡기,20221004,"하지의 근,하지의 근",한발 서서 균형잡기,18.418,,mp4,0AUDLJ08S_00270.mp4,"Quadriceps Femoris,Biceps Femoris",http://openapi.kspo.or.kr/web/image/0AUDLJ08S_00270/,4,동영상,
"넙다리네갈래근,넙다리두갈래근",,http://openapi.kspo.or.kr/web/video/,"실내에서 할 수 있는 운동 중, 한발 서서 균형잡기운동을 설명한 운동처방 동영상",10476972,29.96,827,1280*720,의자,공통,117,,0AUDLJ08S_00270_SC_00001.jpeg,"대퇴사두근,대퇴이두근",2021,실내,64,"앞쪽 넓적다리,뒤쪽 넓적다리",한국어,한발 서서 균형잡기,20221004,"하지의 근,하지의 근",한발 서서 균형잡기,3.903,,mp4,0AUDLJ08S_00270.mp4,"Quadriceps Femoris,Biceps Femoris",http://openapi.kspo.or.kr/web/image/0AUDLJ08S_00270/,1,동영상,
"넙다리네갈래근,넙다리두갈래근",,http://openapi.kspo.or.kr/web/video/,"실내에서 할 수 있는 운동 중, 한발 서서 균형잡기운동을 설명한 운동처방 동영상",10476972,29.96,828,1280*720,의자,공통,146,,0AUDLJ08S_00270_SC_00002.jpeg,"대퇴사두근,대퇴이두근",2021,실내,64,"앞쪽 넓적다리,뒤쪽 넓적다리",한국어,한발 서서 균형잡기,20221004,"하지의 근,하지의 근",한발 서서 균형잡기,4.871,,mp4,0AUDLJ08S_00270.mp4,"Quadriceps Femoris,Biceps Femoris",http://openapi.kspo.or.kr/web/image/0AUDLJ08S_00270/,2,동영상,
"넙다리네갈래근,넙다리두갈래근",,http://openapi.kspo.or.kr/web/video/,"실내에서 할 수 있는 운동 중, 한발 서서 균형잡기운동을 설명한 운동처방 동영상",10476972,29.96,829,1280*720,의자,공통,494,,0AUDLJ08S_00270_SC_00003.jpeg,"대퇴사두근,대퇴이두근",2021,실내,64,"앞쪽 넓적다리,뒤쪽 넓적다리",한국어,한발 서서 균형잡기,20221004,"하지의 근,하지의 근",한발 서서 균형잡기,16.483,,mp4,0AUDLJ08S_00270.mp4,"Quadriceps Femoris,Biceps Femoris",http://openapi.kspo.or.kr/web/image/0AUDLJ08S_00270/,3,동영상,
"넙다리네갈래근,넙다리두갈래근",,http://openapi.kspo.or.kr/web/video/,"실내에서 할 수 있는 운동 중, 한발 서서 균형잡기운동을 설명한 운동처방 동영상",10476972,29.96,830,1280*720,의자,공통,813,,0AUDLJ08S_00270_SC_00005.jpeg,"대퇴사두근,대퇴이두근",2021,실내,64,"앞쪽 넓적다리,뒤쪽 넓적다리",한국어,한발 서서 균형잡기,20221004,"하지의 근,하지의 근",한발 서서 균형잡기,27.127,,mp4,0AUDLJ08S_00270.mp4,"Quadriceps Femoris,Biceps Femoris",http://openapi.kspo.or.kr/web/image/0AUDLJ08S_00270/,5,동영상,
"넙다리네갈래근,넙다리두갈래근",,http://openapi.kspo.or.kr/web/video/,"실내에서 할 수 있는 운동 중, 한발 서서 균형잡기운동을 설명한 운동처방 동영상",10476972,29.96,831,1280*720,의자,공통,1074,,0AUDLJ08S_00270_SC_00006.jpeg,"대퇴사두근,대퇴이두근",2021,실내,64,"앞쪽 넓적다리,뒤쪽 넓적다리",한국어,한발 서서 균형잡기,20221004,"하지의 근,하지의 근",한발 서서 균형잡기,35.835,,mp4,0AUDLJ08S_00270.mp4,"Quadriceps Femoris,Biceps Femoris",http://openapi.kspo.or.kr/web/image/0AUDLJ08S_00270/,6,동영상,
"넙다리네갈래근,넙다리두갈래근",,http://openapi.kspo.or.kr/web/video/,"실내에서 할 수 있는 운동 중, 한발 서서 균형잡기운동을 설명한 운동처방 동영상",10476972,29.96,832,1280*720,의자,공통,1335,,0AUDLJ08S_00270_SC_00007.jpeg,"대퇴사두근,대퇴이두근",2021,실내,64,"앞쪽 넓적다리,뒤쪽 넓적다리",한국어,한발 서서 균형잡기,20221004,"하지의 근,하지의 근",한발 서서 균형잡기,44.544,,mp4,0AUDLJ08S_00270.mp4,"Quadriceps Femoris,Biceps Femoris",http://openapi.kspo.or.kr/web/image/0AUDLJ08S_00270/,7,동영상,
"넙다리네갈래근,넙다리두갈래근",,http://openapi.kspo.or.kr/web/video/,"실내에서 할 수 있는 운동 중, 한발 서서 균형잡기운동을 설명한 운동처방 동영상",10476972,29.96,833,1280*720,의자,공통,1596,,0AUDLJ08S_00270_SC_00008.jpeg,"대퇴사두근,대퇴이두근",2021,실내,64,"앞쪽 넓적다리,뒤쪽 넓적다리",한국어,한발 서서 균형잡기,20221004,"하지의 근,하지의 근",한발 서서 균형잡기,53.253,,mp4,0AUDLJ08S_00270.mp4,"Quadriceps Femoris,Biceps Femoris",http://openapi.kspo.or.kr/web/image/0AUDLJ08S_00270/,8,동영상,
"넙다리네갈래근,넙다리두갈래근",,http://openapi.kspo.or.kr/web/video/,"실내에서 할 수 있는 운동 중, 한발 서서 균형잡기운동을 설명한 운동처방 동영상",10476972,29.96,834,1280*720,의자,공통,1857,,0AUDLJ08S_00270_SC_00009.jpeg,"대퇴사두근,대퇴이두근",2021,실내,64,"앞쪽 넓적다리,뒤쪽 넓적다리",한국어,한발 서서 균형잡기,20221004,"하지의 근,하지의 근",한발 서서 균형잡기,61.961,,mp4,0AUDLJ08S_00270.mp4,"Quadriceps Femoris,Biceps Femoris",http://openapi.kspo.or.kr/web/image/0AUDLJ08S_00270/,9,동영상,
"배가로근,배곧은근,배빗근",,http://openapi.kspo.or.kr/web/video/,"실내에서 할 수 있는 운동 중, 소파를 이용한 윗몸올리기운동을 설명한 운동처방 동영상",10535480,29.96,835,1280*720,소파,공통,88,,0AUDLJ08S_00271_SC_00001.jpeg,"복횡근,복직근,복사근",2021,실내,65,"복부,복부,복부",한국어,소파를 이용한 윗몸 올리기,20221111,"복부의 근,복부의 근,복부의 근",소파를 이용한 윗몸올리기,2.936,,mp4,0AUDLJ08S_00271.mp4,"Transverse Abdominis,Rectus Abdominis,Abdominal Oblique",http://openapi.kspo.or.kr/web/image/0AUDLJ08S_00271/,1,동영상,
"배가로근,배곧은근,배빗근",,http://openapi.kspo.or.kr/web/video/,"실내에서 할 수 있는 운동 중, 소파를 이용한 윗몸올리기운동을 설명한 운동처방 동영상",10535480,29.96,836,1280*720,소파,공통,610,,0AUDLJ08S_00271_SC_00004.jpeg,"복횡근,복직근,복사근",2021,실내,65,"복부,복부,복부",한국어,소파를 이용한 윗몸 올리기,20221019,"복부의 근,복부의 근,복부의 근",소파를 이용한 윗몸올리기,20.353,,mp4,0AUDLJ08S_00271.mp4,"Transverse Abdominis,Rectus Abdominis,Abdominal Oblique",http://openapi.kspo.or.kr/web/image/0AUDLJ08S_00271/,2,동영상,
"배가로근,배곧은근,배빗근",,http://openapi.kspo.or.kr/web/video/,"실내에서 할 수 있는 운동 중, 소파를 이용한 윗몸올리기운동을 설명한 운동처방 동영상",10535480,29.96,837,1280*720,소파,공통,871,,0AUDLJ08S_00271_SC_00005.jpeg,"복횡근,복직근,복사근",2021,실내,65,"복부,복부,복부",한국어,소파를 이용한 윗몸 올리기,20221019,"복부의 근,복부의 근,복부의 근",소파를 이용한 윗몸올리기,29.062,,mp4,0AUDLJ08S_00271.mp4,"Transverse Abdominis,Rectus Abdominis,Abdominal Oblique",http://openapi.kspo.or.kr/web/image/0AUDLJ08S_00271/,3,동영상,
"배가로근,배곧은근,배빗근",,http://openapi.kspo.or.kr/web/video/,"실내에서 할 수 있는 운동 중, 소파를 이용한 윗몸올리기운동을 설명한 운동처방 동영상",10535480,29.96,838,1280*720,소파,공통,1306,,0AUDLJ08S_00271_SC_00011.jpeg,"복횡근,복직근,복사근",2021,실내,65,"복부,복부,복부",한국어,소파를 이용한 윗몸 올리기,20221019,"복부의 근,복부의 근,복부의 근",소파를 이용한 윗몸올리기,43.576,,mp4,0AUDLJ08S_00271.mp4,"Transverse Abdominis,Rectus Abdominis,Abdominal Oblique",http://openapi.kspo.or.kr/web/image/0AUDLJ08S_00271/,4,동영상,
"넓은등근,어깨세모근,위팔세갈래근",,http://openapi.kspo.or.kr/web/video/,"실내에서 할 수 있는 운동 중, 의자에서 뒤로 팔굽혀펴기운동을 설명한 운동처방 동영상",7905962,29.96,839,1280*720,의자,공통,90,,0AUDLJ08S_00272_FR_00002.jpeg,"광배근,삼각근,상완삼두근",2021,실내,52,"등,바깥쪽 어깨,뒤쪽 위팔",한국어,의자에서 뒤로 팔 굽혀 펴기,20221018,"등과 허리의 근,상지의 근,상지의 근",의자에서 뒤로 팔굽혀펴기,3.003,,mp4,0AUDLJ08S_00272.mp4,"Latissimus Dorsi,Deltoid,Triceps Brachii",http://openapi.kspo.or.kr/web/image/0AUDLJ08S_00272/,1,동영상,
"넓은등근,어깨세모근,위팔세갈래근",,http://openapi.kspo.or.kr/web/video/,"실내에서 할 수 있는 운동 중, 의자에서 뒤로 팔굽혀펴기운동을 설명한 운동처방 동영상",7905962,29.96,840,1280*720,의자,공통,540,,0AUDLJ08S_00272_FR_00007.jpeg,"광배근,삼각근,상완삼두근",2021,실내,52,"등,바깥쪽 어깨,뒤쪽 위팔",한국어,의자에서 뒤로 팔 굽혀 펴기,20221018,"등과 허리의 근,상지의 근,상지의 근",의자에서 뒤로 팔굽혀펴기,18.018,,mp4,0AUDLJ08S_00272.mp4,"Latissimus Dorsi,Deltoid,Triceps Brachii",http://openapi.kspo.or.kr/web/image/0AUDLJ08S_00272/,2,동영상,
"넓은등근,어깨세모근,위팔세갈래근",,http://openapi.kspo.or.kr/web/video/,"실내에서 할 수 있는 운동 중, 의자에서 뒤로 팔굽혀펴기운동을 설명한 운동처방 동영상",7905962,29.96,841,1280*720,의자,공통,810,,0AUDLJ08S_00272_FR_00010.jpeg,"광배근,삼각근,상완삼두근",2021,실내,52,"등,바깥쪽 어깨,뒤쪽 위팔",한국어,의자에서 뒤로 팔 굽혀 펴기,20221018,"등과 허리의 근,상지의 근,상지의 근",의자에서 뒤로 팔굽혀펴기,27.027,,mp4,0AUDLJ08S_00272.mp4,"Latissimus Dorsi,Deltoid,Triceps Brachii",http://openapi.kspo.or.kr/web/image/0AUDLJ08S_00272/,3,동영상,
"넓은등근,어깨세모근,위팔세갈래근",,http://openapi.kspo.or.kr/web/video/,"실내에서 할 수 있는 운동 중, 의자에서 뒤로 팔굽혀펴기운동을 설명한 운동처방 동영상",7905962,29.96,842,1280*720,짐볼,공통,1169,,0AUDLJ08S_00272_FR_00014.jpeg,"광배근,삼각근,상완삼두근",2021,실내,52,"등,바깥쪽 어깨,뒤쪽 위팔",한국어,의자에서 뒤로 팔 굽혀 펴기,20221018,"등과 허리의 근,상지의 근,상지의 근",의자에서 뒤로 팔굽혀펴기,39.005,,mp4,0AUDLJ08S_00272.mp4,"Latissimus Dorsi,Deltoid,Triceps Brachii",http://openapi.kspo.or.kr/web/image/0AUDLJ08S_00272/,4,동영상,
"넓은등근,어깨세모근,위팔세갈래근",,http://openapi.kspo.or.kr/web/video/,"실내에서 할 수 있는 운동 중, 의자에서 뒤로 팔굽혀펴기운동을 설명한 운동처방 동영상",7905962,29.96,843,1280*720,의자,공통,1248,,0AUDLJ08S_00272_SC_00011.jpeg,"광배근,삼각근,상완삼두근",2021,실내,52,"등,바깥쪽 어깨,뒤쪽 위팔",한국어,의자에서 뒤로 팔 굽혀 펴기,20221018,"등과 허리의 근,상지의 근,상지의 근",의자에서 뒤로 팔굽혀펴기,41.641,,mp4,0AUDLJ08S_00272.mp4,"Latissimus Dorsi,Deltoid,Triceps Brachii",http://openapi.kspo.or.kr/web/image/0AUDLJ08S_00272/,5,동영상,
,,http://openapi.kspo.or.kr/web/video/,"실내에서 할 수 있는 운동 중, 의자에 앉아 등 굽혔다 펴기운동을 설명한 운동처방 동영상",7743662,29.96,844,1280*720,의자,공통,90,,0AUDLJ08S_00273_FR_00002.jpeg,,2021,실내,48,,한국어,의자에 앉아 등 굽혔다 펴기,20220930,,의자에 앉아 등 굽혔다 펴기,3.003,,mp4,0AUDLJ08S_00273.mp4,,http://openapi.kspo.or.kr/web/image/0AUDLJ08S_00273/,1,동영상,
척추세움근,,http://openapi.kspo.or.kr/web/video/,"실내에서 할 수 있는 운동 중, 의자에 앉아 등 굽혔다 펴기운동을 설명한 운동처방 동영상",7743662,29.96,845,1280*720,의자,공통,552,,0AUDLJ08S_00273_SC_00004.jpeg,척추기립근,2021,실내,48,척추,한국어,의자에 앉아 등 굽혔다 펴기,20220930,등과 허리의 근,의자에 앉아 등 굽혔다 펴기,18.418,,mp4,0AUDLJ08S_00273.mp4,Erector Spinae,http://openapi.kspo.or.kr/web/image/0AUDLJ08S_00273/,2,동영상,
척추세움근,,http://openapi.kspo.or.kr/web/video/,"실내에서 할 수 있는 운동 중, 의자에 앉아 등 굽혔다 펴기운동을 설명한 운동처방 동영상",7743662,29.96,846,1280*720,의자,공통,842,,0AUDLJ08S_00273_SC_00005.jpeg,척추기립근,2021,실내,48,척추,한국어,의자에 앉아 등 굽혔다 펴기,20220930,등과 허리의 근,의자에 앉아 등 굽혔다 펴기,28.094,,mp4,0AUDLJ08S_00273.mp4,Erector Spinae,http://openapi.kspo.or.kr/web/image/0AUDLJ08S_00273/,3,동영상,
척추세움근,,http://openapi.kspo.or.kr/web/video/,"실내에서 할 수 있는 운동 중, 의자에 앉아 등 굽혔다 펴기운동을 설명한 운동처방 동영상",7743662,29.96,847,1280*720,의자,공통,1103,,0AUDLJ08S_00273_SC_00006.jpeg,척추기립근,2021,실내,48,척추,한국어,의자에 앉아 등 굽혔다 펴기,20220930,등과 허리의 근,의자에 앉아 등 굽혔다 펴기,36.803,,mp4,0AUDLJ08S_00273.mp4,Erector Spinae,http://openapi.kspo.or.kr/web/image/0AUDLJ08S_00273/,4,동영상,
"엉덩관절굽힘근,중간볼기근,큰볼기근,넙다리네갈래근",,http://openapi.kspo.or.kr/web/video/,"실내에서 할 수 있는 운동 중, 의자 잡고 서기 루틴 프로그램운동을 설명한 운동처방 동영상",11279802,29.96,848,1280*720,의자,공통,88,,0AUDLJ08S_00274_SC_00001.jpeg,"고관절굴곡근,중둔근,대둔근,대퇴사두근",2021,실내,70,"앞쪽 골반,엉덩이,엉덩이,앞쪽 넓적다리",한국어,의자잡고 한발 들기,20221018,"골반의 근,골반의 근,골반의 근,하지의 근",의자 잡고 서기 루틴 프로그램,2.936,,mp4,0AUDLJ08S_00274.mp4,"Hip Flexor,Gluteus Medius,Gluteus Maximus,Quadriceps Femoris",http://openapi.kspo.or.kr/web/image/0AUDLJ08S_00274/,1,동영상,
엉덩관절굽힘근,,http://openapi.kspo.or.kr/web/video/,"실내에서 할 수 있는 운동 중, 의자 잡고 서기 루틴 프로그램운동을 설명한 운동처방 동영상",11279802,29.96,849,1280*720,의자,공통,610,,0AUDLJ08S_00274_SC_00006.jpeg,고관절굴곡근,2021,실내,70,앞쪽 골반,한국어,의자잡고 한발 들기,20221018,골반의 근,의자 잡고 서기 루틴 프로그램,20.353,,mp4,0AUDLJ08S_00274.mp4,Hip Flexor,http://openapi.kspo.or.kr/web/image/0AUDLJ08S_00274/,2,동영상,
큰볼기근,,http://openapi.kspo.or.kr/web/video/,"실내에서 할 수 있는 운동 중, 의자 잡고 서기 루틴 프로그램운동을 설명한 운동처방 동영상",11279802,29.96,850,1280*720,의자,공통,1248,,0AUDLJ08S_00274_SC_00011.jpeg,대둔근,2021,실내,70,엉덩이,한국어,의자잡고 후방으로 한발 뻗어 들기,20221018,골반의 근,의자 잡고 서기 루틴 프로그램,41.641,,mp4,0AUDLJ08S_00274.mp4,Gluteus Maximus,http://openapi.kspo.or.kr/web/image/0AUDLJ08S_00274/,3,동영상,
뒤넙다리근,,http://openapi.kspo.or.kr/web/video/,"실내에서 할 수 있는 운동 중, 의자 잡고 서기 루틴 프로그램운동을 설명한 운동처방 동영상",11279802,29.96,851,1280*720,의자,공통,1451,,0AUDLJ08S_00274_SC_00013.jpeg,슬괵근,2021,실내,70,뒤쪽 넓적다리,한국어,의자잡고 후방으로 무릎 굽혀 들기,20221018,하지의 근,의자 잡고 서기 루틴 프로그램,48.415,,mp4,0AUDLJ08S_00274.mp4,Hamstring,http://openapi.kspo.or.kr/web/image/0AUDLJ08S_00274/,4,동영상,
엉덩관절굽힘근,,http://openapi.kspo.or.kr/web/video/,"실내에서 할 수 있는 운동 중, 의자 잡고 서기 루틴 프로그램운동을 설명한 운동처방 동영상",11279802,29.96,852,1280*720,의자,공통,1712,,0AUDLJ08S_00274_SC_00015.jpeg,고관절굴곡근,2021,실내,70,앞쪽 골반,한국어,의자잡고 전방으로 무릎 굽혀 들기,20221018,골반의 근,의자 잡고 서기 루틴 프로그램,57.123,,mp4,0AUDLJ08S_00274.mp4,Hip Flexor,http://openapi.kspo.or.kr/web/image/0AUDLJ08S_00274/,5,동영상,
"엉덩관절굽힘근,볼기근,넙다리네갈래근,넙다리두갈래근",,http://openapi.kspo.or.kr/web/video/,"실내에서 할 수 있는 운동 중, 서서 다리로 탄력밴드 당기기운동을 설명한 운동처방 동영상",7764643,29.96,853,1280*720,밴드,공통,88,,0AUDLJ08S_00275_SC_00001.jpeg,"고관절굴곡근,둔근,대퇴사두근,대퇴이두근",2021,실내,49,"앞쪽 골반,엉덩이,앞쪽 넓적다리,뒤쪽 넓적다리",한국어,,20221111,"골반의 근,골반의 근,하지의 근,하지의 근",서서 다리로 탄력밴드 당기기 I,2.936,,mp4,0AUDLJ08S_00275.mp4,"Hip Flexor,Gluteal,Quadriceps Femoris,Biceps Femoris",http://openapi.kspo.or.kr/web/image/0AUDLJ08S_00275/,1,동영상,
"엉덩관절굽힘근,볼기근,넙다리네갈래근",,http://openapi.kspo.or.kr/web/video/,"실내에서 할 수 있는 운동 중, 서서 다리로 탄력밴드 당기기운동을 설명한 운동처방 동영상",7764643,29.96,854,1280*720,밴드,공통,270,,0AUDLJ08S_00275_FR_00004.jpeg,"고관절굴곡근,둔근,대퇴사두근",2021,실내,49,"앞쪽 골반,엉덩이,앞쪽 넓적다리",한국어,앞으로 당기기,20221019,"골반의 근,골반의 근,하지의 근",서서 다리로 탄력밴드 당기기 I,9.009,,mp4,0AUDLJ08S_00275.mp4,"Hip Flexor,Gluteal,Quadriceps Femoris",http://openapi.kspo.or.kr/web/image/0AUDLJ08S_00275/,2,동영상,
"볼기근,넙다리두갈래근",,http://openapi.kspo.or.kr/web/video/,"실내에서 할 수 있는 운동 중, 서서 다리로 탄력밴드 당기기운동을 설명한 운동처방 동영상",7764643,29.96,855,1280*720,밴드,공통,755,,0AUDLJ08S_00275_SC_00007.jpeg,"둔근,대퇴이두근",2021,실내,49,"엉덩이,뒤쪽 넓적다리",한국어,뒤로 당기기,20221019,"골반의 근,하지의 근",서서 다리로 탄력밴드 당기기 I,25.191,,mp4,0AUDLJ08S_00275.mp4,"Gluteal,Biceps Femoris",http://openapi.kspo.or.kr/web/image/0AUDLJ08S_00275/,3,동영상,
"볼기근,넙다리두갈래근",,http://openapi.kspo.or.kr/web/video/,"실내에서 할 수 있는 운동 중, 서서 다리로 탄력밴드 당기기운동을 설명한 운동처방 동영상",7764643,29.96,856,1280*720,밴드,공통,1190,,0AUDLJ08S_00275_SC_00009.jpeg,"둔근,대퇴이두근",2021,실내,49,"엉덩이,뒤쪽 넓적다리",한국어,,20221019,"골반의 근,하지의 근",서서 다리로 탄력밴드 당기기 I,39.706,,mp4,0AUDLJ08S_00275.mp4,"Gluteal,Biceps Femoris",http://openapi.kspo.or.kr/web/image/0AUDLJ08S_00275/,4,동영상,
"중간볼기근,가쪽넓은근,넙다리근막긴장근,엉덩정강근막띠",,http://openapi.kspo.or.kr/web/video/,"실내에서 할 수 있는 운동 중, 서서 다리로 탄력밴드 당기기운동을 설명한 운동처방 동영상",11335334,29.96,857,1280*720,밴드,공통,88,,0AUDLJ08S_00276_SC_00001.jpeg,"중둔근,외측광근,대퇴근막장근,장경인대",2021,실내,68,"엉덩이,앞쪽 넓적다리,바깥쪽 넓적다리,바깥쪽 넓적다리",한국어,,20221111,"골반의 근,하지의 근,하지의 근,하지의 근",서서 다리로 탄력밴드 당기기 II,2.936,,mp4,0AUDLJ08S_00276.mp4,"Gluteus Medius,Vastus Lateralis,Tensor Fasciae Latae,Iliotibial Band",http://openapi.kspo.or.kr/web/image/0AUDLJ08S_00276/,1,동영상,
"모음근,안쪽넓은근",,http://openapi.kspo.or.kr/web/video/,"실내에서 할 수 있는 운동 중, 서서 다리로 탄력밴드 당기기운동을 설명한 운동처방 동영상",11335334,29.96,858,1280*720,밴드,공통,639,,0AUDLJ08S_00276_SC_00005.jpeg,"내전근,내측광근",2021,실내,68,"안쪽 넓적다리,앞쪽 넓적다리",한국어,안으로 당기기,20221019,"하지의 근,하지의 근",서서 다리로 탄력밴드 당기기 II,21.321,,mp4,0AUDLJ08S_00276.mp4,"Adductors,Vastus Medialis",http://openapi.kspo.or.kr/web/image/0AUDLJ08S_00276/,2,동영상,
"중간볼기근,가쪽넓은근,넙다리근막긴장근,엉덩정강근막띠",,http://openapi.kspo.or.kr/web/video/,"실내에서 할 수 있는 운동 중, 서서 다리로 탄력밴드 당기기운동을 설명한 운동처방 동영상",11335334,29.96,859,1280*720,밴드,공통,1161,,0AUDLJ08S_00276_SC_00007.jpeg,"중둔근,외측광근,대퇴근막장근,장경인대",2021,실내,68,"엉덩이,앞쪽 넓적다리,바깥쪽 넓적다리,바깥쪽 넓적다리",한국어,바깥으로 당기기,20221019,"골반의 근,하지의 근,하지의 근,하지의 근",서서 다리로 탄력밴드 당기기 II,38.738,,mp4,0AUDLJ08S_00276.mp4,"Gluteus Medius,Vastus Lateralis,Tensor Fasciae Latae,Iliotibial Band",http://openapi.kspo.or.kr/web/image/0AUDLJ08S_00276/,3,동영상,
"중간볼기근,가쪽넓은근,넙다리근막긴장근,엉덩정강근막띠",,http://openapi.kspo.or.kr/web/video/,"실내에서 할 수 있는 운동 중, 서서 다리로 탄력밴드 당기기운동을 설명한 운동처방 동영상",11335334,29.96,860,1280*720,밴드,공통,1451,,0AUDLJ08S_00276_SC_00008.jpeg,"중둔근,외측광근,대퇴근막장근,장경인대",2021,실내,68,"엉덩이,앞쪽 넓적다리,바깥쪽 넓적다리,바깥쪽 넓적다리",한국어,,20221019,"골반의 근,하지의 근,하지의 근,하지의 근",서서 다리로 탄력밴드 당기기 II,48.415,,mp4,0AUDLJ08S_00276.mp4,"Gluteus Medius,Vastus Lateralis,Tensor Fasciae Latae,Iliotibial Band",http://openapi.kspo.or.kr/web/image/0AUDLJ08S_00276/,4,동영상,
"중간볼기근,가쪽넓은근,넙다리근막긴장근,엉덩정강근막띠",,http://openapi.kspo.or.kr/web/video/,"실내에서 할 수 있는 운동 중, 서서 다리로 탄력밴드 당기기운동을 설명한 운동처방 동영상",11335334,29.96,861,1280*720,밴드,공통,1683,,0AUDLJ08S_00276_SC_00009.jpeg,"중둔근,외측광근,대퇴근막장근,장경인대",2021,실내,68,"엉덩이,앞쪽 넓적다리,바깥쪽 넓적다리,바깥쪽 넓적다리",한국어,바깥으로 당기기,20221019,"골반의 근,하지의 근,하지의 근,하지의 근",서서 다리로 탄력밴드 당기기 II,56.156,,mp4,0AUDLJ08S_00276.mp4,"Gluteus Medius,Vastus Lateralis,Tensor Fasciae Latae,Iliotibial Band",http://openapi.kspo.or.kr/web/image/0AUDLJ08S_00276/,5,동영상,
"앞정강근,장딴지근",,http://openapi.kspo.or.kr/web/video/,"실내에서 할 수 있는 운동 중, 발등굽힘/발바닥굽힘운동을 설명한 운동처방 동영상",14268122,29.96,862,1280*720,밴드,공통,1799,,0AUDLJ08S_00277_SC_00009.jpeg,"전경골근,비복근",2021,실내,85,"정강이,종아리",한국어,발바닥 굽힘,20220930,"하지의 근,하지의 근",발등굽힘/발바닥굽힘,60.026,,mp4,0AUDLJ08S_00277.mp4,"Tibialis Anterior,Gastrocnemius",http://openapi.kspo.or.kr/web/image/0AUDLJ08S_00277/,8,동영상,
"앞정강근,장딴지근",,http://openapi.kspo.or.kr/web/video/,"실내에서 할 수 있는 운동 중, 발등굽힘/발바닥굽힘운동을 설명한 운동처방 동영상",14268122,29.96,863,1280*720,수건,공통,146,,0AUDLJ08S_00277_SC_00002.jpeg,"전경골근,비복근",2021,실내,85,"정강이,종아리",한국어,발등 굽힘,20220930,"하지의 근,하지의 근",발등굽힘/발바닥굽힘,4.871,,mp4,0AUDLJ08S_00277.mp4,"Tibialis Anterior,Gastrocnemius",http://openapi.kspo.or.kr/web/image/0AUDLJ08S_00277/,1,동영상,
"앞정강근,장딴지근",,http://openapi.kspo.or.kr/web/video/,"실내에서 할 수 있는 운동 중, 발등굽힘/발바닥굽힘운동을 설명한 운동처방 동영상",14268122,29.96,864,1280*720,수건,공통,378,,0AUDLJ08S_00277_SC_00003.jpeg,"전경골근,비복근",2021,실내,85,"정강이,종아리",한국어,발등 굽힘,20220930,"하지의 근,하지의 근",발등굽힘/발바닥굽힘,12.612,,mp4,0AUDLJ08S_00277.mp4,"Tibialis Anterior,Gastrocnemius",http://openapi.kspo.or.kr/web/image/0AUDLJ08S_00277/,2,동영상,
"앞정강근,장딴지근",,http://openapi.kspo.or.kr/web/video/,"실내에서 할 수 있는 운동 중, 발등굽힘/발바닥굽힘운동을 설명한 운동처방 동영상",14268122,29.96,865,1280*720,수건,공통,523,,0AUDLJ08S_00277_SC_00004.jpeg,"전경골근,비복근",2021,실내,85,"정강이,종아리",한국어,발등 굽힘,20220930,"하지의 근,하지의 근",발등굽힘/발바닥굽힘,17.45,,mp4,0AUDLJ08S_00277.mp4,"Tibialis Anterior,Gastrocnemius",http://openapi.kspo.or.kr/web/image/0AUDLJ08S_00277/,3,동영상,
"앞정강근,장딴지근",,http://openapi.kspo.or.kr/web/video/,"실내에서 할 수 있는 운동 중, 발등굽힘/발바닥굽힘운동을 설명한 운동처방 동영상",14268122,29.96,866,1280*720,수건,공통,668,,0AUDLJ08S_00277_SC_00005.jpeg,"전경골근,비복근",2021,실내,85,"정강이,종아리",한국어,발등 굽힘,20220930,"하지의 근,하지의 근",발등굽힘/발바닥굽힘,22.288,,mp4,0AUDLJ08S_00277.mp4,"Tibialis Anterior,Gastrocnemius",http://openapi.kspo.or.kr/web/image/0AUDLJ08S_00277/,4,동영상,
"앞정강근,장딴지근",,http://openapi.kspo.or.kr/web/video/,"실내에서 할 수 있는 운동 중, 발등굽힘/발바닥굽힘운동을 설명한 운동처방 동영상",14268122,29.96,867,1280*720,수건,공통,842,,0AUDLJ08S_00277_SC_00006.jpeg,"전경골근,비복근",2021,실내,85,"정강이,종아리",한국어,발등 굽힘,20220930,"하지의 근,하지의 근",발등굽힘/발바닥굽힘,28.094,,mp4,0AUDLJ08S_00277.mp4,"Tibialis Anterior,Gastrocnemius",http://openapi.kspo.or.kr/web/image/0AUDLJ08S_00277/,5,동영상,
"앞정강근,장딴지근",,http://openapi.kspo.or.kr/web/video/,"실내에서 할 수 있는 운동 중, 발등굽힘/발바닥굽힘운동을 설명한 운동처방 동영상",14268122,29.96,868,1280*720,밴드,공통,1161,,0AUDLJ08S_00277_SC_00007.jpeg,"전경골근,비복근",2021,실내,85,"정강이,종아리",한국어,가쪽번짐,20220930,"하지의 근,하지의 근",발등굽힘/발바닥굽힘,38.738,,mp4,0AUDLJ08S_00277.mp4,"Tibialis Anterior,Gastrocnemius",http://openapi.kspo.or.kr/web/image/0AUDLJ08S_00277/,6,동영상,
"앞정강근,장딴지근",,http://openapi.kspo.or.kr/web/video/,"실내에서 할 수 있는 운동 중, 발등굽힘/발바닥굽힘운동을 설명한 운동처방 동영상",14268122,29.96,869,1280*720,밴드,공통,1509,,0AUDLJ08S_00277_SC_00008.jpeg,"전경골근,비복근",2021,실내,85,"정강이,종아리",한국어,가쪽번짐,20220930,"하지의 근,하지의 근",발등굽힘/발바닥굽힘,50.35,,mp4,0AUDLJ08S_00277.mp4,"Tibialis Anterior,Gastrocnemius",http://openapi.kspo.or.kr/web/image/0AUDLJ08S_00277/,7,동영상,
"앞정강근,장딴지근",,http://openapi.kspo.or.kr/web/video/,"실내에서 할 수 있는 운동 중, 발등굽힘/발바닥굽힘운동을 설명한 운동처방 동영상",14268122,29.96,870,1280*720,밴드,공통,1973,,0AUDLJ08S_00277_SC_00010.jpeg,"전경골근,비복근",2021,실내,85,"정강이,종아리",한국어,발바닥 굽힘,20220930,"하지의 근,하지의 근",발등굽힘/발바닥굽힘,65.832,,mp4,0AUDLJ08S_00277.mp4,"Tibialis Anterior,Gastrocnemius",http://openapi.kspo.or.kr/web/image/0AUDLJ08S_00277/,9,동영상,
"앞정강근,장딴지근",,http://openapi.kspo.or.kr/web/video/,"실내에서 할 수 있는 운동 중, 발등굽힘/발바닥굽힘운동을 설명한 운동처방 동영상",14268122,29.96,871,1280*720,밴드,공통,2234,,0AUDLJ08S_00277_SC_00011.jpeg,"전경골근,비복근",2021,실내,85,"정강이,종아리",한국어,발바닥 굽힘,20220930,"하지의 근,하지의 근",발등굽힘/발바닥굽힘,74.541,,mp4,0AUDLJ08S_00277.mp4,"Tibialis Anterior,Gastrocnemius",http://openapi.kspo.or.kr/web/image/0AUDLJ08S_00277/,10,동영상,
,,http://openapi.kspo.or.kr/web/video/,"실내에서 할 수 있는 운동 중, 탄력밴드 어깨 가쪽 돌림운동을 설명한 운동처방 동영상",10456681,29.96,872,1280*720,밴드,공통,90,,0AUDLJ08S_00278_FR_00002.jpeg,,2021,실내,63,,한국어,탄력밴드 어깨 가쪽 돌림,20220930,,탄력밴드 어깨 가쪽 돌림,3.003,,mp4,0AUDLJ08S_00278.mp4,,http://openapi.kspo.or.kr/web/image/0AUDLJ08S_00278/,1,동영상,
뒤세모근,,http://openapi.kspo.or.kr/web/video/,"실내에서 할 수 있는 운동 중, 탄력밴드 어깨 가쪽 돌림운동을 설명한 운동처방 동영상",10456681,29.96,873,1280*720,밴드,공통,146,,0AUDLJ08S_00278_SC_00002.jpeg,후면삼각근,2021,실내,63,옆쪽 어깨,한국어,탄력밴드 어깨 가쪽 돌림,20220930,상지의 근,탄력밴드 어깨 가쪽 돌림,4.871,,mp4,0AUDLJ08S_00278.mp4,Posterior Deltoid,http://openapi.kspo.or.kr/web/image/0AUDLJ08S_00278/,2,동영상,
뒤세모근,,http://openapi.kspo.or.kr/web/video/,"실내에서 할 수 있는 운동 중, 탄력밴드 어깨 가쪽 돌림운동을 설명한 운동처방 동영상",10456681,29.96,874,1280*720,밴드,공통,320,,0AUDLJ08S_00278_SC_00003.jpeg,후면삼각근,2021,실내,63,옆쪽 어깨,한국어,탄력밴드 어깨 가쪽 돌림,20220930,상지의 근,탄력밴드 어깨 가쪽 돌림,10.677,,mp4,0AUDLJ08S_00278.mp4,Posterior Deltoid,http://openapi.kspo.or.kr/web/image/0AUDLJ08S_00278/,3,동영상,
뒤세모근,,http://openapi.kspo.or.kr/web/video/,"실내에서 할 수 있는 운동 중, 탄력밴드 어깨 가쪽 돌림운동을 설명한 운동처방 동영상",10456681,29.96,875,1280*720,밴드,공통,494,,0AUDLJ08S_00278_SC_00004.jpeg,후면삼각근,2021,실내,63,옆쪽 어깨,한국어,탄력밴드 어깨 가쪽 돌림,20220930,상지의 근,탄력밴드 어깨 가쪽 돌림,16.483,,mp4,0AUDLJ08S_00278.mp4,Posterior Deltoid,http://openapi.kspo.or.kr/web/image/0AUDLJ08S_00278/,4,동영상,
뒤세모근,,http://openapi.kspo.or.kr/web/video/,"실내에서 할 수 있는 운동 중, 탄력밴드 어깨 가쪽 돌림운동을 설명한 운동처방 동영상",10456681,29.96,876,1280*720,밴드,공통,1045,,0AUDLJ08S_00278_SC_00006.jpeg,후면삼각근,2021,실내,63,옆쪽 어깨,한국어,탄력밴드 어깨 가쪽 돌림,20220930,상지의 근,탄력밴드 어깨 가쪽 돌림,34.868,,mp4,0AUDLJ08S_00278.mp4,Posterior Deltoid,http://openapi.kspo.or.kr/web/image/0AUDLJ08S_00278/,5,동영상,
뒤세모근,,http://openapi.kspo.or.kr/web/video/,"실내에서 할 수 있는 운동 중, 탄력밴드 어깨 가쪽 돌림운동을 설명한 운동처방 동영상",10456681,29.96,877,1280*720,밴드,공통,1529,,0AUDLJ08S_00278_FR_00018.jpeg,후면삼각근,2021,실내,63,옆쪽 어깨,한국어,탄력밴드 어깨 가쪽 돌림,20220930,상지의 근,탄력밴드 어깨 가쪽 돌림,51.017,,mp4,0AUDLJ08S_00278.mp4,Posterior Deltoid,http://openapi.kspo.or.kr/web/image/0AUDLJ08S_00278/,6,동영상,
"큰가슴근,넓은등근,등세모근,어깨세모근",,http://openapi.kspo.or.kr/web/video/,"실내에서 할 수 있는 운동 중, 서서 탄력밴드 당겨내리기/올리기운동을 설명한 운동처방 동영상",14202453,29.96,878,1280*720,밴드,공통,90,,0AUDLJ08S_00279_FR_00002.jpeg,"대흉근,광배근,승모근,삼각근",2021,실내,85,"가슴,등,등,바깥쪽 어깨",한국어,당겨내리기,20221111,"가슴의 근,등과 허리의 근,등과 허리의 근,상지의 근",서서 탄력밴드 당겨내리기/올리기,3.003,,mp4,0AUDLJ08S_00279.mp4,"Pectoralis Major,Latissimus Dorsi,Trapezius,Deltoid",http://openapi.kspo.or.kr/web/image/0AUDLJ08S_00279/,1,동영상,
"큰가슴근,넓은등근,등세모근,어깨세모근",,http://openapi.kspo.or.kr/web/video/,"실내에서 할 수 있는 운동 중, 서서 탄력밴드 당겨내리기/올리기운동을 설명한 운동처방 동영상",14202453,29.96,879,1280*720,밴드,공통,990,,0AUDLJ08S_00279_FR_00012.jpeg,"대흉근,광배근,승모근,삼각근",2021,실내,85,"가슴,등,등,바깥쪽 어깨",한국어,당겨내리기,20221019,"가슴의 근,등과 허리의 근,등과 허리의 근,상지의 근",서서 탄력밴드 당겨내리기/올리기,33.033,,mp4,0AUDLJ08S_00279.mp4,"Pectoralis Major,Latissimus Dorsi,Trapezius,Deltoid",http://openapi.kspo.or.kr/web/image/0AUDLJ08S_00279/,2,동영상,
"등세모근,마름모근,어깨세모근",,http://openapi.kspo.or.kr/web/video/,"실내에서 할 수 있는 운동 중, 서서 탄력밴드 당겨내리기/올리기운동을 설명한 운동처방 동영상",14202453,29.96,880,1280*720,밴드,공통,1259,,0AUDLJ08S_00279_FR_00015.jpeg,"승모근,능형근,삼각근",2021,실내,85,"등,등,바깥쪽 어깨",한국어,당겨올리기,20221019,"등과 허리의 근,등과 허리의 근,상지의 근",서서 탄력밴드 당겨내리기/올리기,42.008,,mp4,0AUDLJ08S_00279.mp4,"Trapezius,Rhomboid,Deltoid",http://openapi.kspo.or.kr/web/image/0AUDLJ08S_00279/,3,동영상,
"큰가슴근,넓은등근,등세모근,어깨세모근",,http://openapi.kspo.or.kr/web/video/,"실내에서 할 수 있는 운동 중, 서서 탄력밴드 당겨내리기/올리기운동을 설명한 운동처방 동영상",14202453,29.96,881,1280*720,밴드,공통,1973,,0AUDLJ08S_00279_SC_00009.jpeg,"대흉근,광배근,승모근,삼각근",2021,실내,85,"가슴,등,등,바깥쪽 어깨",한국어,당겨내리기,20221019,"가슴의 근,등과 허리의 근,등과 허리의 근,상지의 근",서서 탄력밴드 당겨내리기/올리기,65.832,,mp4,0AUDLJ08S_00279.mp4,"Pectoralis Major,Latissimus Dorsi,Trapezius,Deltoid",http://openapi.kspo.or.kr/web/image/0AUDLJ08S_00279/,4,동영상,
"큰볼기근,넙다리두갈래근",,http://openapi.kspo.or.kr/web/video/,"실내에서 할 수 있는 운동 중, 밴드 걸고 엎드려서 다리 구부리기운동을 설명한 운동처방 동영상",12780471,29.96,882,1280*720,밴드,공통,1596,,0AUDLJ08S_00280_SC_00008.jpeg,"대둔근,대퇴이두근",2021,실내,78,"엉덩이,뒤쪽 넓적다리",한국어,밴드 걸고 엎드려서 다리 구부리기,20220929,"골반의 근,하지의 근",밴드 걸고 엎드려서 다리 구부리기,53.253,,mp4,0AUDLJ08S_00280.mp4,"Gluteus Maximus,Biceps Femoris",http://openapi.kspo.or.kr/web/image/0AUDLJ08S_00280/,8,동영상,
노쪽 손목 폄근,,http://openapi.kspo.or.kr/web/video/,"소도구를 활용한 근육 완화 운동 중, 공을 활용한 운동처방 동영상",53242921,29.96,883,1280*720,테니스공,공통,5018,,0AUDLJ08S_01017_SC_00016.jpeg,요측수근신근,2021,실내,331,뒤쪽 아래팔,한국어,전완(외측),20221004,상지의 근,테니스공을 활용한 뭉친근육 완화 운동,167.434,,mp4,0AUDLJ08S_01017.mp4,Extensor Carpi Radialis,http://openapi.kspo.or.kr/web/image/0AUDLJ08S_01017/,16,동영상,
"큰볼기근,넙다리두갈래근",,http://openapi.kspo.or.kr/web/video/,"실내에서 할 수 있는 운동 중, 밴드 걸고 엎드려서 다리 구부리기운동을 설명한 운동처방 동영상",12780471,29.96,884,1280*720,밴드,공통,117,,0AUDLJ08S_00280_SC_00001.jpeg,"대둔근,대퇴이두근",2021,실내,78,"엉덩이,뒤쪽 넓적다리",한국어,밴드 걸고 엎드려서 다리 구부리기,20220929,"골반의 근,하지의 근",밴드 걸고 엎드려서 다리 구부리기,3.903,,mp4,0AUDLJ08S_00280.mp4,"Gluteus Maximus,Biceps Femoris",http://openapi.kspo.or.kr/web/image/0AUDLJ08S_00280/,1,동영상,
"큰볼기근,넙다리두갈래근",,http://openapi.kspo.or.kr/web/video/,"실내에서 할 수 있는 운동 중, 밴드 걸고 엎드려서 다리 구부리기운동을 설명한 운동처방 동영상",12780471,29.96,885,1280*720,밴드,공통,146,,0AUDLJ08S_00280_SC_00002.jpeg,"대둔근,대퇴이두근",2021,실내,78,"엉덩이,뒤쪽 넓적다리",한국어,밴드 걸고 엎드려서 다리 구부리기,20220929,"골반의 근,하지의 근",밴드 걸고 엎드려서 다리 구부리기,4.871,,mp4,0AUDLJ08S_00280.mp4,"Gluteus Maximus,Biceps Femoris",http://openapi.kspo.or.kr/web/image/0AUDLJ08S_00280/,2,동영상,
"큰볼기근,넙다리두갈래근",,http://openapi.kspo.or.kr/web/video/,"실내에서 할 수 있는 운동 중, 밴드 걸고 엎드려서 다리 구부리기운동을 설명한 운동처방 동영상",12780471,29.96,886,1280*720,밴드,공통,436,,0AUDLJ08S_00280_SC_00003.jpeg,"대둔근,대퇴이두근",2021,실내,78,"엉덩이,뒤쪽 넓적다리",한국어,밴드 걸고 엎드려서 다리 구부리기,20220929,"골반의 근,하지의 근",밴드 걸고 엎드려서 다리 구부리기,14.547,,mp4,0AUDLJ08S_00280.mp4,"Gluteus Maximus,Biceps Femoris",http://openapi.kspo.or.kr/web/image/0AUDLJ08S_00280/,3,동영상,
"큰볼기근,넙다리두갈래근",,http://openapi.kspo.or.kr/web/video/,"실내에서 할 수 있는 운동 중, 밴드 걸고 엎드려서 다리 구부리기운동을 설명한 운동처방 동영상",12780471,29.96,887,1280*720,밴드,공통,552,,0AUDLJ08S_00280_SC_00004.jpeg,"대둔근,대퇴이두근",2021,실내,78,"엉덩이,뒤쪽 넓적다리",한국어,밴드 걸고 엎드려서 다리 구부리기,20220929,"골반의 근,하지의 근",밴드 걸고 엎드려서 다리 구부리기,18.418,,mp4,0AUDLJ08S_00280.mp4,"Gluteus Maximus,Biceps Femoris",http://openapi.kspo.or.kr/web/image/0AUDLJ08S_00280/,4,동영상,
"큰볼기근,넙다리두갈래근",,http://openapi.kspo.or.kr/web/video/,"실내에서 할 수 있는 운동 중, 밴드 걸고 엎드려서 다리 구부리기운동을 설명한 운동처방 동영상",12780471,29.96,888,1280*720,밴드,공통,842,,0AUDLJ08S_00280_SC_00005.jpeg,"대둔근,대퇴이두근",2021,실내,78,"엉덩이,뒤쪽 넓적다리",한국어,밴드 걸고 엎드려서 다리 구부리기,20220929,"골반의 근,하지의 근",밴드 걸고 엎드려서 다리 구부리기,28.094,,mp4,0AUDLJ08S_00280.mp4,"Gluteus Maximus,Biceps Femoris",http://openapi.kspo.or.kr/web/image/0AUDLJ08S_00280/,5,동영상,
"큰볼기근,넙다리두갈래근",,http://openapi.kspo.or.kr/web/video/,"실내에서 할 수 있는 운동 중, 밴드 걸고 엎드려서 다리 구부리기운동을 설명한 운동처방 동영상",12780471,29.96,889,1280*720,밴드,공통,1161,,0AUDLJ08S_00280_SC_00006.jpeg,"대둔근,대퇴이두근",2021,실내,78,"엉덩이,뒤쪽 넓적다리",한국어,밴드 걸고 엎드려서 다리 구부리기,20220929,"골반의 근,하지의 근",밴드 걸고 엎드려서 다리 구부리기,38.738,,mp4,0AUDLJ08S_00280.mp4,"Gluteus Maximus,Biceps Femoris",http://openapi.kspo.or.kr/web/image/0AUDLJ08S_00280/,6,동영상,
"큰볼기근,넙다리두갈래근",,http://openapi.kspo.or.kr/web/video/,"실내에서 할 수 있는 운동 중, 밴드 걸고 엎드려서 다리 구부리기운동을 설명한 운동처방 동영상",12780471,29.96,890,1280*720,밴드,공통,1480,,0AUDLJ08S_00280_SC_00007.jpeg,"대둔근,대퇴이두근",2021,실내,78,"엉덩이,뒤쪽 넓적다리",한국어,밴드 걸고 엎드려서 다리 구부리기,20220929,"골반의 근,하지의 근",밴드 걸고 엎드려서 다리 구부리기,49.382,,mp4,0AUDLJ08S_00280.mp4,"Gluteus Maximus,Biceps Femoris",http://openapi.kspo.or.kr/web/image/0AUDLJ08S_00280/,7,동영상,
"큰볼기근,넙다리두갈래근",,http://openapi.kspo.or.kr/web/video/,"실내에서 할 수 있는 운동 중, 밴드 걸고 엎드려서 다리 구부리기운동을 설명한 운동처방 동영상",12780471,29.96,891,1280*720,밴드,공통,1741,,0AUDLJ08S_00280_SC_00009.jpeg,"대둔근,대퇴이두근",2021,실내,78,"엉덩이,뒤쪽 넓적다리",한국어,밴드 걸고 엎드려서 다리 구부리기,20220929,"골반의 근,하지의 근",밴드 걸고 엎드려서 다리 구부리기,58.091,,mp4,0AUDLJ08S_00280.mp4,"Gluteus Maximus,Biceps Femoris",http://openapi.kspo.or.kr/web/image/0AUDLJ08S_00280/,9,동영상,
"큰볼기근,넙다리두갈래근",,http://openapi.kspo.or.kr/web/video/,"실내에서 할 수 있는 운동 중, 밴드 걸고 엎드려서 다리 구부리기운동을 설명한 운동처방 동영상",12780471,29.96,892,1280*720,밴드,공통,2002,,0AUDLJ08S_00280_SC_00010.jpeg,"대둔근,대퇴이두근",2021,실내,78,"엉덩이,뒤쪽 넓적다리",한국어,밴드 걸고 엎드려서 다리 구부리기,20220929,"골반의 근,하지의 근",밴드 걸고 엎드려서 다리 구부리기,66.8,,mp4,0AUDLJ08S_00280.mp4,"Gluteus Maximus,Biceps Femoris",http://openapi.kspo.or.kr/web/image/0AUDLJ08S_00280/,10,동영상,
"큰볼기근,넙다리두갈래근",,http://openapi.kspo.or.kr/web/video/,"실내에서 할 수 있는 운동 중, 밴드 걸고 엎드려서 다리 구부리기운동을 설명한 운동처방 동영상",12780471,29.96,893,1280*720,밴드,공통,2263,,0AUDLJ08S_00280_SC_00011.jpeg,"대둔근,대퇴이두근",2021,실내,78,"엉덩이,뒤쪽 넓적다리",한국어,밴드 걸고 엎드려서 다리 구부리기,20220929,"골반의 근,하지의 근",밴드 걸고 엎드려서 다리 구부리기,75.508,,mp4,0AUDLJ08S_00280.mp4,"Gluteus Maximus,Biceps Femoris",http://openapi.kspo.or.kr/web/image/0AUDLJ08S_00280/,11,동영상,
"넙다리네갈래근,앞정강근",,http://openapi.kspo.or.kr/web/video/,"실내에서 할 수 있는 운동 중, 밴드 걸고 누워서 다리 들어올리기운동을 설명한 운동처방 동영상",10016565,29.96,894,1280*720,밴드,공통,88,,0AUDLJ08S_00281_SC_00001.jpeg,"대퇴사두근,전경골근",2021,실내,63,"앞쪽 넓적다리,정강이",한국어,밴드 걸고 누워서 다리 들어올리기,20221111,"하지의 근,하지의 근",밴드 걸고 누워서 다리 들어올리기,2.936,,mp4,0AUDLJ08S_00281.mp4,"Quadriceps Femoris,Tibialis Anterior",http://openapi.kspo.or.kr/web/image/0AUDLJ08S_00281/,1,동영상,
노쪽 손목 폄근,,http://openapi.kspo.or.kr/web/video/,"소도구를 활용한 근육 완화 운동 중, 공을 활용한 운동처방 동영상",53242921,29.96,895,1280*720,테니스공,공통,5192,,0AUDLJ08S_01017_SC_00017.jpeg,요측수근신근,2021,실내,331,뒤쪽 아래팔,한국어,전완(외측),20221004,상지의 근,테니스공을 활용한 뭉친근육 완화 운동,173.239,,mp4,0AUDLJ08S_01017.mp4,Extensor Carpi Radialis,http://openapi.kspo.or.kr/web/image/0AUDLJ08S_01017/,17,동영상,
"엉덩관절굽힘근,넙다리네갈래근,앞정강근",,http://openapi.kspo.or.kr/web/video/,"실내에서 할 수 있는 운동 중, 밴드 걸고 누워서 다리 들어올리기운동을 설명한 운동처방 동영상",10016565,29.96,896,1280*720,밴드,공통,270,,0AUDLJ08S_00281_FR_00004.jpeg,"고관절굴곡근,대퇴사두근,전경골근",2021,실내,63,"앞쪽 골반,앞쪽 넓적다리,정강이",한국어,밴드 걸고 누워서 다리 들어올리기,20221019,"골반의 근,하지의 근,하지의 근",밴드 걸고 누워서 다리 들어올리기,9.009,,mp4,0AUDLJ08S_00281.mp4,"Hip Flexor,Quadriceps Femoris,Tibialis Anterior",http://openapi.kspo.or.kr/web/image/0AUDLJ08S_00281/,2,동영상,
"엉덩관절굽힘근,넙다리네갈래근,앞정강근",,http://openapi.kspo.or.kr/web/video/,"실내에서 할 수 있는 운동 중, 밴드 걸고 누워서 다리 들어올리기운동을 설명한 운동처방 동영상",10016565,29.96,897,1280*720,밴드,공통,1045,,0AUDLJ08S_00281_SC_00007.jpeg,"고관절굴곡근,대퇴사두근,전경골근",2021,실내,63,"앞쪽 골반,앞쪽 넓적다리,정강이",한국어,밴드 걸고 누워서 다리 들어올리기,20221019,"골반의 근,하지의 근,하지의 근",밴드 걸고 누워서 다리 들어올리기,34.868,,mp4,0AUDLJ08S_00281.mp4,"Hip Flexor,Quadriceps Femoris,Tibialis Anterior",http://openapi.kspo.or.kr/web/image/0AUDLJ08S_00281/,3,동영상,
"넙다리네갈래근,모음근,앞정강근",,http://openapi.kspo.or.kr/web/video/,"실내에서 할 수 있는 운동 중, 밴드 걸고 누워서 다리 들어올리기운동을 설명한 운동처방 동영상",10016565,29.96,898,1280*720,밴드,공통,1529,,0AUDLJ08S_00281_FR_00018.jpeg,"대퇴사두근,내전근,전경골근",2021,실내,63,"앞쪽 넓적다리,안쪽 넓적다리,정강이",한국어,의자에 앉아 공 다리 들어올리기,20221019,"하지의 근,하지의 근,하지의 근",밴드 걸고 누워서 다리 들어올리기,51.017,,mp4,0AUDLJ08S_00281.mp4,"Quadriceps Femoris,Adductors,Tibialis Anterior",http://openapi.kspo.or.kr/web/image/0AUDLJ08S_00281/,4,동영상,
"중간볼기근,넙다리근막긴장근",,http://openapi.kspo.or.kr/web/video/,"실내에서 할 수 있는 운동 중, 밴드 걸고 옆으로 누워 다리 올리기운동을 설명한 운동처방 동영상",12150882,29.96,899,1280*720,밴드,공통,90,,0AUDLJ08S_00282_FR_00002.jpeg,"중둔근,대퇴근막장근",2021,실내,73,"엉덩이,바깥쪽 넓적다리",한국어,밴드 걸고 옆으로 누워 다리 올리기,20221016,"골반의 근,하지의 근",밴드 걸고 옆으로 누워 다리 올리기,3.003,,mp4,0AUDLJ08S_00282.mp4,"Gluteus Medius,Tensor Fasciae Latae",http://openapi.kspo.or.kr/web/image/0AUDLJ08S_00282/,1,동영상,
"중간볼기근,넙다리근막긴장근",,http://openapi.kspo.or.kr/web/video/,"실내에서 할 수 있는 운동 중, 밴드 걸고 옆으로 누워 다리 올리기운동을 설명한 운동처방 동영상",12150882,29.96,900,1280*720,밴드,공통,270,,0AUDLJ08S_00282_FR_00004.jpeg,"중둔근,대퇴근막장근",2021,실내,73,"엉덩이,바깥쪽 넓적다리",한국어,밴드 걸고 옆으로 누워 다리 올리기,20221016,"골반의 근,하지의 근",밴드 걸고 옆으로 누워 다리 올리기,9.009,,mp4,0AUDLJ08S_00282.mp4,"Gluteus Medius,Tensor Fasciae Latae",http://openapi.kspo.or.kr/web/image/0AUDLJ08S_00282/,2,동영상,
"중간볼기근,넙다리근막긴장근",,http://openapi.kspo.or.kr/web/video/,"실내에서 할 수 있는 운동 중, 밴드 걸고 옆으로 누워 다리 올리기운동을 설명한 운동처방 동영상",12150882,29.96,901,1280*720,밴드,공통,987,,0AUDLJ08S_00282_SC_00007.jpeg,"중둔근,대퇴근막장근",2021,실내,73,"엉덩이,바깥쪽 넓적다리",한국어,밴드 걸고 옆으로 누워 다리 올리기,20221016,"골반의 근,하지의 근",밴드 걸고 옆으로 누워 다리 올리기,32.932,,mp4,0AUDLJ08S_00282.mp4,"Gluteus Medius,Tensor Fasciae Latae",http://openapi.kspo.or.kr/web/image/0AUDLJ08S_00282/,3,동영상,
"중간볼기근,넙다리근막긴장근",,http://openapi.kspo.or.kr/web/video/,"실내에서 할 수 있는 운동 중, 밴드 걸고 옆으로 누워 다리 올리기운동을 설명한 운동처방 동영상",12150882,29.96,902,1280*720,밴드,공통,1619,,0AUDLJ08S_00282_FR_00019.jpeg,"중둔근,대퇴근막장근",2021,실내,73,"엉덩이,바깥쪽 넓적다리",한국어,발목에 밴드 감고 양옆으로 벌리기,20221016,"골반의 근,하지의 근",밴드 걸고 옆으로 누워 다리 올리기,54.02,,mp4,0AUDLJ08S_00282.mp4,"Gluteus Medius,Tensor Fasciae Latae",http://openapi.kspo.or.kr/web/image/0AUDLJ08S_00282/,4,동영상,
"큰볼기근,넙다리네갈래근",,http://openapi.kspo.or.kr/web/video/,"실내에서 할 수 있는 운동 중, 밴드 잡고 누워서 다리 밀기운동을 설명한 운동처방 동영상",11215712,29.96,903,1280*720,밴드,공통,90,,0AUDLJ08S_00283_FR_00002.jpeg,"대둔근,대퇴사두근",2021,실내,68,"엉덩이,앞쪽 넓적다리",한국어,밴드 잡고 누워서 다리 밀기,20221111,"골반의 근,하지의 근",밴드 잡고 누워서 다리 밀기,3.003,,mp4,0AUDLJ08S_00283.mp4,"Gluteus Maximus,Quadriceps Femoris",http://openapi.kspo.or.kr/web/image/0AUDLJ08S_00283/,1,동영상,
"큰볼기근,넙다리네갈래근",,http://openapi.kspo.or.kr/web/video/,"실내에서 할 수 있는 운동 중, 밴드 잡고 누워서 다리 밀기운동을 설명한 운동처방 동영상",11215712,29.96,904,1280*720,밴드,공통,270,,0AUDLJ08S_00283_FR_00004.jpeg,"대둔근,대퇴사두근",2021,실내,68,"엉덩이,앞쪽 넓적다리",한국어,밴드 잡고 누워서 다리 밀기,20221019,"골반의 근,하지의 근",밴드 잡고 누워서 다리 밀기,9.009,,mp4,0AUDLJ08S_00283.mp4,"Gluteus Maximus,Quadriceps Femoris",http://openapi.kspo.or.kr/web/image/0AUDLJ08S_00283/,2,동영상,
"큰볼기근,넙다리네갈래근",,http://openapi.kspo.or.kr/web/video/,"실내에서 할 수 있는 운동 중, 밴드 잡고 누워서 다리 밀기운동을 설명한 운동처방 동영상",11215712,29.96,905,1280*720,밴드,공통,1248,,0AUDLJ08S_00283_SC_00006.jpeg,"대둔근,대퇴사두근",2021,실내,68,"엉덩이,앞쪽 넓적다리",한국어,밴드 잡고 누워서 다리 밀기,20221019,"골반의 근,하지의 근",밴드 잡고 누워서 다리 밀기,41.641,,mp4,0AUDLJ08S_00283.mp4,"Gluteus Maximus,Quadriceps Femoris",http://openapi.kspo.or.kr/web/image/0AUDLJ08S_00283/,3,동영상,
"큰볼기근,넙다리네갈래근",,http://openapi.kspo.or.kr/web/video/,"실내에서 할 수 있는 운동 중, 밴드 잡고 누워서 다리 밀기운동을 설명한 운동처방 동영상",11215712,29.96,906,1280*720,밴드,공통,1770,,0AUDLJ08S_00283_SC_00008.jpeg,"대둔근,대퇴사두근",2021,실내,68,"엉덩이,앞쪽 넓적다리",한국어,밴드 잡고 누워서 다리 밀기,20221019,"골반의 근,하지의 근",밴드 잡고 누워서 다리 밀기,59.059,,mp4,0AUDLJ08S_00283.mp4,"Gluteus Maximus,Quadriceps Femoris",http://openapi.kspo.or.kr/web/image/0AUDLJ08S_00283/,4,동영상,
위팔세갈래근,,http://openapi.kspo.or.kr/web/video/,"실내에서 할 수 있는 운동 중, 밴드 머리 뒤로 들어올리기운동을 설명한 운동처방 동영상",10632154,29.96,907,1280*720,밴드,공통,1886,,0AUDLJ08S_00284_SC_00010.jpeg,상완삼두근,2021,실내,65,뒤쪽 위팔,한국어,밴드 머리 뒤로 들어올리기,20220929,상지의 근,밴드 머리 뒤로 들어올리기,62.929,,mp4,0AUDLJ08S_00284.mp4,Triceps Brachii,http://openapi.kspo.or.kr/web/image/0AUDLJ08S_00284/,10,동영상,
위팔세갈래근,,http://openapi.kspo.or.kr/web/video/,"실내에서 할 수 있는 운동 중, 밴드 머리 뒤로 들어올리기운동을 설명한 운동처방 동영상",10632154,29.96,908,1280*720,밴드,공통,117,,0AUDLJ08S_00284_SC_00001.jpeg,상완삼두근,2021,실내,65,뒤쪽 위팔,한국어,밴드 머리 뒤로 들어올리기,20220929,상지의 근,밴드 머리 뒤로 들어올리기,3.903,,mp4,0AUDLJ08S_00284.mp4,Triceps Brachii,http://openapi.kspo.or.kr/web/image/0AUDLJ08S_00284/,1,동영상,
위팔세갈래근,,http://openapi.kspo.or.kr/web/video/,"실내에서 할 수 있는 운동 중, 밴드 머리 뒤로 들어올리기운동을 설명한 운동처방 동영상",10632154,29.96,909,1280*720,밴드,공통,146,,0AUDLJ08S_00284_SC_00002.jpeg,상완삼두근,2021,실내,65,뒤쪽 위팔,한국어,밴드 머리 뒤로 들어올리기,20220929,상지의 근,밴드 머리 뒤로 들어올리기,4.871,,mp4,0AUDLJ08S_00284.mp4,Triceps Brachii,http://openapi.kspo.or.kr/web/image/0AUDLJ08S_00284/,2,동영상,
위팔세갈래근,,http://openapi.kspo.or.kr/web/video/,"실내에서 할 수 있는 운동 중, 밴드 머리 뒤로 들어올리기운동을 설명한 운동처방 동영상",10632154,29.96,910,1280*720,밴드,공통,494,,0AUDLJ08S_00284_SC_00003.jpeg,상완삼두근,2021,실내,65,뒤쪽 위팔,한국어,밴드 머리 뒤로 들어올리기,20220929,상지의 근,밴드 머리 뒤로 들어올리기,16.483,,mp4,0AUDLJ08S_00284.mp4,Triceps Brachii,http://openapi.kspo.or.kr/web/image/0AUDLJ08S_00284/,3,동영상,
위팔세갈래근,,http://openapi.kspo.or.kr/web/video/,"실내에서 할 수 있는 운동 중, 밴드 머리 뒤로 들어올리기운동을 설명한 운동처방 동영상",10632154,29.96,911,1280*720,밴드,공통,639,,0AUDLJ08S_00284_SC_00004.jpeg,상완삼두근,2021,실내,65,뒤쪽 위팔,한국어,밴드 머리 뒤로 들어올리기,20220929,상지의 근,밴드 머리 뒤로 들어올리기,21.321,,mp4,0AUDLJ08S_00284.mp4,Triceps Brachii,http://openapi.kspo.or.kr/web/image/0AUDLJ08S_00284/,4,동영상,
위팔세갈래근,,http://openapi.kspo.or.kr/web/video/,"실내에서 할 수 있는 운동 중, 밴드 머리 뒤로 들어올리기운동을 설명한 운동처방 동영상",10632154,29.96,912,1280*720,밴드,공통,900,,0AUDLJ08S_00284_SC_00005.jpeg,상완삼두근,2021,실내,65,뒤쪽 위팔,한국어,밴드 머리 뒤로 들어올리기,20220929,상지의 근,밴드 머리 뒤로 들어올리기,30.03,,mp4,0AUDLJ08S_00284.mp4,Triceps Brachii,http://openapi.kspo.or.kr/web/image/0AUDLJ08S_00284/,5,동영상,
위팔세갈래근,,http://openapi.kspo.or.kr/web/video/,"실내에서 할 수 있는 운동 중, 밴드 머리 뒤로 들어올리기운동을 설명한 운동처방 동영상",10632154,29.96,913,1280*720,밴드,공통,1161,,0AUDLJ08S_00284_SC_00006.jpeg,상완삼두근,2021,실내,65,뒤쪽 위팔,한국어,밴드 머리 뒤로 들어올리기,20220929,상지의 근,밴드 머리 뒤로 들어올리기,38.738,,mp4,0AUDLJ08S_00284.mp4,Triceps Brachii,http://openapi.kspo.or.kr/web/image/0AUDLJ08S_00284/,6,동영상,
위팔세갈래근,,http://openapi.kspo.or.kr/web/video/,"실내에서 할 수 있는 운동 중, 밴드 머리 뒤로 들어올리기운동을 설명한 운동처방 동영상",10632154,29.96,914,1280*720,밴드,공통,1364,,0AUDLJ08S_00284_SC_00007.jpeg,상완삼두근,2021,실내,65,뒤쪽 위팔,한국어,밴드 머리 뒤로 들어올리기,20220929,상지의 근,밴드 머리 뒤로 들어올리기,45.512,,mp4,0AUDLJ08S_00284.mp4,Triceps Brachii,http://openapi.kspo.or.kr/web/image/0AUDLJ08S_00284/,7,동영상,
위팔세갈래근,,http://openapi.kspo.or.kr/web/video/,"실내에서 할 수 있는 운동 중, 밴드 머리 뒤로 들어올리기운동을 설명한 운동처방 동영상",10632154,29.96,915,1280*720,밴드,공통,1625,,0AUDLJ08S_00284_SC_00008.jpeg,상완삼두근,2021,실내,65,뒤쪽 위팔,한국어,밴드 머리 뒤로 들어올리기,20220929,상지의 근,밴드 머리 뒤로 들어올리기,54.22,,mp4,0AUDLJ08S_00284.mp4,Triceps Brachii,http://openapi.kspo.or.kr/web/image/0AUDLJ08S_00284/,8,동영상,
위팔세갈래근,,http://openapi.kspo.or.kr/web/video/,"실내에서 할 수 있는 운동 중, 밴드 머리 뒤로 들어올리기운동을 설명한 운동처방 동영상",10632154,29.96,916,1280*720,밴드,공통,1770,,0AUDLJ08S_00284_SC_00009.jpeg,상완삼두근,2021,실내,65,뒤쪽 위팔,한국어,밴드 머리 뒤로 들어올리기,20220929,상지의 근,밴드 머리 뒤로 들어올리기,59.059,,mp4,0AUDLJ08S_00284.mp4,Triceps Brachii,http://openapi.kspo.or.kr/web/image/0AUDLJ08S_00284/,9,동영상,
"엉덩관절굽힘근,넙다리네갈래근",,http://openapi.kspo.or.kr/web/video/,"실내에서 할 수 있는 운동 중, 탄력밴드 걸고 서기 루틴 프로그램운동을 설명한 운동처방 동영상",24556272,29.96,917,1280*720,밴드,공통,117,,0AUDLJ08S_00285_SC_00001.jpeg,"고관절굴곡근,대퇴사두근",2021,실내,147,"앞쪽 골반,앞쪽 넓적다리",한국어,탄력밴드 전방으로 당기기,20221004,"골반의 근,하지의 근",탄력밴드 걸고 서기 루틴 프로그램,3.903,,mp4,0AUDLJ08S_00285.mp4,"Hip Flexor,Quadriceps Femoris",http://openapi.kspo.or.kr/web/image/0AUDLJ08S_00285/,1,동영상,
"엉덩관절굽힘근,넙다리네갈래근",,http://openapi.kspo.or.kr/web/video/,"실내에서 할 수 있는 운동 중, 탄력밴드 걸고 서기 루틴 프로그램운동을 설명한 운동처방 동영상",24556272,29.96,918,1280*720,밴드,공통,146,,0AUDLJ08S_00285_SC_00002.jpeg,"고관절굴곡근,대퇴사두근",2021,실내,147,"앞쪽 골반,앞쪽 넓적다리",한국어,탄력밴드 전방으로 당기기,20221004,"골반의 근,하지의 근",탄력밴드 걸고 서기 루틴 프로그램,4.871,,mp4,0AUDLJ08S_00285.mp4,"Hip Flexor,Quadriceps Femoris",http://openapi.kspo.or.kr/web/image/0AUDLJ08S_00285/,2,동영상,
"엉덩관절굽힘근,넙다리네갈래근",,http://openapi.kspo.or.kr/web/video/,"실내에서 할 수 있는 운동 중, 탄력밴드 걸고 서기 루틴 프로그램운동을 설명한 운동처방 동영상",24556272,29.96,919,1280*720,밴드,공통,378,,0AUDLJ08S_00285_SC_00003.jpeg,"고관절굴곡근,대퇴사두근",2021,실내,147,"앞쪽 골반,앞쪽 넓적다리",한국어,탄력밴드 전방으로 당기기,20221004,"골반의 근,하지의 근",탄력밴드 걸고 서기 루틴 프로그램,12.612,,mp4,0AUDLJ08S_00285.mp4,"Hip Flexor,Quadriceps Femoris",http://openapi.kspo.or.kr/web/image/0AUDLJ08S_00285/,3,동영상,
"엉덩관절굽힘근,넙다리네갈래근",,http://openapi.kspo.or.kr/web/video/,"실내에서 할 수 있는 운동 중, 탄력밴드 걸고 서기 루틴 프로그램운동을 설명한 운동처방 동영상",24556272,29.96,920,1280*720,밴드,공통,523,,0AUDLJ08S_00285_SC_00004.jpeg,"고관절굴곡근,대퇴사두근",2021,실내,147,"앞쪽 골반,앞쪽 넓적다리",한국어,탄력밴드 전방으로 당기기,20221004,"골반의 근,하지의 근",탄력밴드 걸고 서기 루틴 프로그램,17.45,,mp4,0AUDLJ08S_00285.mp4,"Hip Flexor,Quadriceps Femoris",http://openapi.kspo.or.kr/web/image/0AUDLJ08S_00285/,4,동영상,
"엉덩관절굽힘근,넙다리네갈래근",,http://openapi.kspo.or.kr/web/video/,"실내에서 할 수 있는 운동 중, 탄력밴드 걸고 서기 루틴 프로그램운동을 설명한 운동처방 동영상",24556272,29.96,921,1280*720,밴드,공통,668,,0AUDLJ08S_00285_SC_00005.jpeg,"고관절굴곡근,대퇴사두근",2021,실내,147,"앞쪽 골반,앞쪽 넓적다리",한국어,탄력밴드 전방으로 당기기,20221004,"골반의 근,하지의 근",탄력밴드 걸고 서기 루틴 프로그램,22.288,,mp4,0AUDLJ08S_00285.mp4,"Hip Flexor,Quadriceps Femoris",http://openapi.kspo.or.kr/web/image/0AUDLJ08S_00285/,5,동영상,
"엉덩관절굽힘근,넙다리네갈래근",,http://openapi.kspo.or.kr/web/video/,"실내에서 할 수 있는 운동 중, 탄력밴드 걸고 서기 루틴 프로그램운동을 설명한 운동처방 동영상",24556272,29.96,922,1280*720,밴드,공통,784,,0AUDLJ08S_00285_SC_00006.jpeg,"고관절굴곡근,대퇴사두근",2021,실내,147,"앞쪽 골반,앞쪽 넓적다리",한국어,탄력밴드 전방으로 당기기,20221004,"골반의 근,하지의 근",탄력밴드 걸고 서기 루틴 프로그램,26.159,,mp4,0AUDLJ08S_00285.mp4,"Hip Flexor,Quadriceps Femoris",http://openapi.kspo.or.kr/web/image/0AUDLJ08S_00285/,6,동영상,
"엉덩관절굽힘근,넙다리네갈래근",,http://openapi.kspo.or.kr/web/video/,"실내에서 할 수 있는 운동 중, 탄력밴드 걸고 서기 루틴 프로그램운동을 설명한 운동처방 동영상",24556272,29.96,923,1280*720,밴드,공통,900,,0AUDLJ08S_00285_SC_00007.jpeg,"고관절굴곡근,대퇴사두근",2021,실내,147,"앞쪽 골반,앞쪽 넓적다리",한국어,탄력밴드 전방으로 당기기,20221004,"골반의 근,하지의 근",탄력밴드 걸고 서기 루틴 프로그램,30.03,,mp4,0AUDLJ08S_00285.mp4,"Hip Flexor,Quadriceps Femoris",http://openapi.kspo.or.kr/web/image/0AUDLJ08S_00285/,7,동영상,
큰볼기근,,http://openapi.kspo.or.kr/web/video/,"실내에서 할 수 있는 운동 중, 탄력밴드 걸고 서기 루틴 프로그램운동을 설명한 운동처방 동영상",24556272,29.96,924,1280*720,밴드,공통,1103,,0AUDLJ08S_00285_SC_00008.jpeg,대둔근,2021,실내,147,엉덩이,한국어,탄력밴드 후방으로 당기기,20221004,골반의 근,탄력밴드 걸고 서기 루틴 프로그램,36.803,,mp4,0AUDLJ08S_00285.mp4,Gluteus Maximus,http://openapi.kspo.or.kr/web/image/0AUDLJ08S_00285/,8,동영상,
큰볼기근,,http://openapi.kspo.or.kr/web/video/,"실내에서 할 수 있는 운동 중, 탄력밴드 걸고 서기 루틴 프로그램운동을 설명한 운동처방 동영상",24556272,29.96,925,1280*720,밴드,공통,1306,,0AUDLJ08S_00285_SC_00009.jpeg,대둔근,2021,실내,147,엉덩이,한국어,탄력밴드 후방으로 당기기,20221004,골반의 근,탄력밴드 걸고 서기 루틴 프로그램,43.576,,mp4,0AUDLJ08S_00285.mp4,Gluteus Maximus,http://openapi.kspo.or.kr/web/image/0AUDLJ08S_00285/,9,동영상,
"작은볼기근,중간볼기근,넙다리근막긴장근",,http://openapi.kspo.or.kr/web/video/,"실내에서 할 수 있는 운동 중, 탄력밴드 걸고 서기 루틴 프로그램운동을 설명한 운동처방 동영상",24556272,29.96,926,1280*720,밴드,공통,1509,,0AUDLJ08S_00285_SC_00010.jpeg,"소둔근,중둔근,대퇴근막장근",2021,실내,147,"엉덩이,엉덩이,바깥쪽 넓적다리",한국어,탄력밴드 측면으로 당기기,20221004,"골반의 근,골반의 근,하지의 근",탄력밴드 걸고 서기 루틴 프로그램,50.35,,mp4,0AUDLJ08S_00285.mp4,"Gluteus Minimus,Gluteus Medius,Tensor Fasciae Latae",http://openapi.kspo.or.kr/web/image/0AUDLJ08S_00285/,10,동영상,
"작은볼기근,중간볼기근,넙다리근막긴장근",,http://openapi.kspo.or.kr/web/video/,"실내에서 할 수 있는 운동 중, 탄력밴드 걸고 서기 루틴 프로그램운동을 설명한 운동처방 동영상",24556272,29.96,927,1280*720,밴드,공통,1741,,0AUDLJ08S_00285_SC_00011.jpeg,"소둔근,중둔근,대퇴근막장근",2021,실내,147,"엉덩이,엉덩이,바깥쪽 넓적다리",한국어,탄력밴드 측면으로 당기기,20221004,"골반의 근,골반의 근,하지의 근",탄력밴드 걸고 서기 루틴 프로그램,58.091,,mp4,0AUDLJ08S_00285.mp4,"Gluteus Minimus,Gluteus Medius,Tensor Fasciae Latae",http://openapi.kspo.or.kr/web/image/0AUDLJ08S_00285/,11,동영상,
"큰볼기근,모음근",,http://openapi.kspo.or.kr/web/video/,"실내에서 할 수 있는 운동 중, 탄력밴드 걸고 서기 루틴 프로그램운동을 설명한 운동처방 동영상",24556272,29.96,928,1280*720,밴드,공통,1944,,0AUDLJ08S_00285_SC_00012.jpeg,"대둔근,내전근",2021,실내,147,"엉덩이,안쪽 넓적다리",한국어,탄력밴드 후방 측면으로 당기기,20221004,"골반의 근,하지의 근",탄력밴드 걸고 서기 루틴 프로그램,64.864,,mp4,0AUDLJ08S_00285.mp4,"Gluteus Maximus,Adductors",http://openapi.kspo.or.kr/web/image/0AUDLJ08S_00285/,12,동영상,
"큰볼기근,모음근",,http://openapi.kspo.or.kr/web/video/,"실내에서 할 수 있는 운동 중, 탄력밴드 걸고 서기 루틴 프로그램운동을 설명한 운동처방 동영상",24556272,29.96,929,1280*720,밴드,공통,2176,,0AUDLJ08S_00285_SC_00013.jpeg,"대둔근,내전근",2021,실내,147,"엉덩이,안쪽 넓적다리",한국어,탄력밴드 후방 측면으로 당기기,20221004,"골반의 근,하지의 근",탄력밴드 걸고 서기 루틴 프로그램,72.605,,mp4,0AUDLJ08S_00285.mp4,"Gluteus Maximus,Adductors",http://openapi.kspo.or.kr/web/image/0AUDLJ08S_00285/,13,동영상,
큰볼기근,,http://openapi.kspo.or.kr/web/video/,"실내에서 할 수 있는 운동 중, 탄력밴드 걸고 서기 루틴 프로그램운동을 설명한 운동처방 동영상",24556272,29.96,930,1280*720,밴드,공통,2408,,0AUDLJ08S_00285_SC_00014.jpeg,대둔근,2021,실내,147,엉덩이,한국어,탄력밴드 무릎으로 당기기,20221004,골반의 근,탄력밴드 걸고 서기 루틴 프로그램,80.347,,mp4,0AUDLJ08S_00285.mp4,Gluteus Maximus,http://openapi.kspo.or.kr/web/image/0AUDLJ08S_00285/,14,동영상,
큰볼기근,,http://openapi.kspo.or.kr/web/video/,"실내에서 할 수 있는 운동 중, 탄력밴드 걸고 서기 루틴 프로그램운동을 설명한 운동처방 동영상",24556272,29.96,931,1280*720,밴드,공통,2640,,0AUDLJ08S_00285_SC_00015.jpeg,대둔근,2021,실내,147,엉덩이,한국어,탄력밴드 무릎으로 당기기,20221004,골반의 근,탄력밴드 걸고 서기 루틴 프로그램,88.088,,mp4,0AUDLJ08S_00285.mp4,Gluteus Maximus,http://openapi.kspo.or.kr/web/image/0AUDLJ08S_00285/,15,동영상,
큰볼기근,,http://openapi.kspo.or.kr/web/video/,"실내에서 할 수 있는 운동 중, 탄력밴드 걸고 서기 루틴 프로그램운동을 설명한 운동처방 동영상",24556272,29.96,932,1280*720,밴드,공통,2988,,0AUDLJ08S_00285_SC_00016.jpeg,대둔근,2021,실내,147,엉덩이,한국어,탄력밴드 무릎으로 당기기,20221004,골반의 근,탄력밴드 걸고 서기 루틴 프로그램,99.699,,mp4,0AUDLJ08S_00285.mp4,Gluteus Maximus,http://openapi.kspo.or.kr/web/image/0AUDLJ08S_00285/,16,동영상,
"엉덩관절굽힘근,넙다리네갈래근",,http://openapi.kspo.or.kr/web/video/,"실내에서 할 수 있는 운동 중, 탄력밴드 걸고 서기 루틴 프로그램운동을 설명한 운동처방 동영상",24556272,29.96,933,1280*720,밴드,공통,3220,,0AUDLJ08S_00285_SC_00017.jpeg,"고관절굴곡근,대퇴사두근",2021,실내,147,"앞쪽 골반,앞쪽 넓적다리",한국어,탄력밴드 전방으로 당기기,20221004,"골반의 근,하지의 근",탄력밴드 걸고 서기 루틴 프로그램,107.44,,mp4,0AUDLJ08S_00285.mp4,"Hip Flexor,Quadriceps Femoris",http://openapi.kspo.or.kr/web/image/0AUDLJ08S_00285/,17,동영상,
"엉덩관절굽힘근,넙다리네갈래근",,http://openapi.kspo.or.kr/web/video/,"실내에서 할 수 있는 운동 중, 탄력밴드 걸고 서기 루틴 프로그램운동을 설명한 운동처방 동영상",24556272,29.96,934,1280*720,밴드,공통,3307,,0AUDLJ08S_00285_SC_00018.jpeg,"고관절굴곡근,대퇴사두근",2021,실내,147,"앞쪽 골반,앞쪽 넓적다리",한국어,탄력밴드 전방으로 당기기,20221004,"골반의 근,하지의 근",탄력밴드 걸고 서기 루틴 프로그램,110.343,,mp4,0AUDLJ08S_00285.mp4,"Hip Flexor,Quadriceps Femoris",http://openapi.kspo.or.kr/web/image/0AUDLJ08S_00285/,18,동영상,
큰볼기근,,http://openapi.kspo.or.kr/web/video/,"실내에서 할 수 있는 운동 중, 탄력밴드 걸고 서기 루틴 프로그램운동을 설명한 운동처방 동영상",24556272,29.96,935,1280*720,밴드,공통,3423,,0AUDLJ08S_00285_SC_00019.jpeg,대둔근,2021,실내,147,엉덩이,한국어,탄력밴드 후방으로 당기기,20221004,골반의 근,탄력밴드 걸고 서기 루틴 프로그램,114.214,,mp4,0AUDLJ08S_00285.mp4,Gluteus Maximus,http://openapi.kspo.or.kr/web/image/0AUDLJ08S_00285/,19,동영상,
큰볼기근,,http://openapi.kspo.or.kr/web/video/,"실내에서 할 수 있는 운동 중, 탄력밴드 걸고 서기 루틴 프로그램운동을 설명한 운동처방 동영상",24556272,29.96,936,1280*720,밴드,공통,3510,,0AUDLJ08S_00285_SC_00020.jpeg,대둔근,2021,실내,147,엉덩이,한국어,탄력밴드 후방으로 당기기,20221004,골반의 근,탄력밴드 걸고 서기 루틴 프로그램,117.117,,mp4,0AUDLJ08S_00285.mp4,Gluteus Maximus,http://openapi.kspo.or.kr/web/image/0AUDLJ08S_00285/,20,동영상,
"작은볼기근,중간볼기근,넙다리근막긴장근",,http://openapi.kspo.or.kr/web/video/,"실내에서 할 수 있는 운동 중, 탄력밴드 걸고 서기 루틴 프로그램운동을 설명한 운동처방 동영상",24556272,29.96,937,1280*720,밴드,공통,3626,,0AUDLJ08S_00285_SC_00021.jpeg,"소둔근,중둔근,대퇴근막장근",2021,실내,147,"엉덩이,엉덩이,바깥쪽 넓적다리",한국어,탄력밴드 측면으로 당기기,20221004,"골반의 근,골반의 근,하지의 근",탄력밴드 걸고 서기 루틴 프로그램,120.987,,mp4,0AUDLJ08S_00285.mp4,"Gluteus Minimus,Gluteus Medius,Tensor Fasciae Latae",http://openapi.kspo.or.kr/web/image/0AUDLJ08S_00285/,21,동영상,
"작은볼기근,중간볼기근,넙다리근막긴장근",,http://openapi.kspo.or.kr/web/video/,"실내에서 할 수 있는 운동 중, 탄력밴드 걸고 서기 루틴 프로그램운동을 설명한 운동처방 동영상",24556272,29.96,938,1280*720,밴드,공통,3742,,0AUDLJ08S_00285_SC_00022.jpeg,"소둔근,중둔근,대퇴근막장근",2021,실내,147,"엉덩이,엉덩이,바깥쪽 넓적다리",한국어,탄력밴드 측면으로 당기기,20221004,"골반의 근,골반의 근,하지의 근",탄력밴드 걸고 서기 루틴 프로그램,124.858,,mp4,0AUDLJ08S_00285.mp4,"Gluteus Minimus,Gluteus Medius,Tensor Fasciae Latae",http://openapi.kspo.or.kr/web/image/0AUDLJ08S_00285/,22,동영상,
큰볼기근,,http://openapi.kspo.or.kr/web/video/,"실내에서 할 수 있는 운동 중, 탄력밴드 걸고 서기 루틴 프로그램운동을 설명한 운동처방 동영상",24556272,29.96,939,1280*720,밴드,공통,3829,,0AUDLJ08S_00285_SC_00023.jpeg,대둔근,2021,실내,147,엉덩이,한국어,탄력밴드 후방으로 당기기,20221004,골반의 근,탄력밴드 걸고 서기 루틴 프로그램,127.761,,mp4,0AUDLJ08S_00285.mp4,Gluteus Maximus,http://openapi.kspo.or.kr/web/image/0AUDLJ08S_00285/,23,동영상,
큰볼기근,,http://openapi.kspo.or.kr/web/video/,"실내에서 할 수 있는 운동 중, 탄력밴드 걸고 서기 루틴 프로그램운동을 설명한 운동처방 동영상",24556272,29.96,940,1280*720,밴드,공통,3974,,0AUDLJ08S_00285_SC_00024.jpeg,대둔근,2021,실내,147,엉덩이,한국어,탄력밴드 후방으로 당기기,20221004,골반의 근,탄력밴드 걸고 서기 루틴 프로그램,132.599,,mp4,0AUDLJ08S_00285.mp4,Gluteus Maximus,http://openapi.kspo.or.kr/web/image/0AUDLJ08S_00285/,24,동영상,
큰볼기근,,http://openapi.kspo.or.kr/web/video/,"실내에서 할 수 있는 운동 중, 탄력밴드 걸고 서기 루틴 프로그램운동을 설명한 운동처방 동영상",24556272,29.96,941,1280*720,밴드,공통,4119,,0AUDLJ08S_00285_SC_00025.jpeg,대둔근,2021,실내,147,엉덩이,한국어,탄력밴드 무릎으로 당기기,20221004,골반의 근,탄력밴드 걸고 서기 루틴 프로그램,137.437,,mp4,0AUDLJ08S_00285.mp4,Gluteus Maximus,http://openapi.kspo.or.kr/web/image/0AUDLJ08S_00285/,25,동영상,
큰볼기근,,http://openapi.kspo.or.kr/web/video/,"실내에서 할 수 있는 운동 중, 탄력밴드 걸고 서기 루틴 프로그램운동을 설명한 운동처방 동영상",24556272,29.96,942,1280*720,밴드,공통,4206,,0AUDLJ08S_00285_SC_00026.jpeg,대둔근,2021,실내,147,엉덩이,한국어,탄력밴드 무릎으로 당기기,20221004,골반의 근,탄력밴드 걸고 서기 루틴 프로그램,140.34,,mp4,0AUDLJ08S_00285.mp4,Gluteus Maximus,http://openapi.kspo.or.kr/web/image/0AUDLJ08S_00285/,26,동영상,
배곧은근,,http://openapi.kspo.or.kr/web/video/,"실내에서 할 수 있는 운동 중, 짐볼 윗몸올리기운동을 설명한 운동처방 동영상",10905006,29.96,943,1280*720,짐볼,공통,90,,0AUDLJ08S_00286_FR_00002.jpeg,복직근,2021,실내,67,복부,한국어,짐볼 윗몸 올리기,20221018,복부의 근,짐볼 윗몸올리기,3.003,,mp4,0AUDLJ08S_00286.mp4,Rectus Abdominis,http://openapi.kspo.or.kr/web/image/0AUDLJ08S_00286/,1,동영상,
배곧은근,,http://openapi.kspo.or.kr/web/video/,"실내에서 할 수 있는 운동 중, 짐볼 윗몸올리기운동을 설명한 운동처방 동영상",10905006,29.96,944,1280*720,짐볼,공통,349,,0AUDLJ08S_00286_SC_00003.jpeg,복직근,2021,실내,67,복부,한국어,짐볼 윗몸 올리기,20221018,복부의 근,짐볼 윗몸올리기,11.644,,mp4,0AUDLJ08S_00286.mp4,Rectus Abdominis,http://openapi.kspo.or.kr/web/image/0AUDLJ08S_00286/,2,동영상,
배곧은근,,http://openapi.kspo.or.kr/web/video/,"실내에서 할 수 있는 운동 중, 짐볼 윗몸올리기운동을 설명한 운동처방 동영상",10905006,29.96,945,1280*720,짐볼,공통,1161,,0AUDLJ08S_00286_SC_00006.jpeg,복직근,2021,실내,67,복부,한국어,짐볼 윗몸 올리기,20221018,복부의 근,짐볼 윗몸올리기,38.738,,mp4,0AUDLJ08S_00286.mp4,Rectus Abdominis,http://openapi.kspo.or.kr/web/image/0AUDLJ08S_00286/,3,동영상,
배곧은근,,http://openapi.kspo.or.kr/web/video/,"실내에서 할 수 있는 운동 중, 짐볼 윗몸올리기운동을 설명한 운동처방 동영상",10905006,29.96,946,1280*720,짐볼,공통,1619,,0AUDLJ08S_00286_FR_00019.jpeg,복직근,2021,실내,67,복부,한국어,짐볼 윗몸 올리기,20221018,복부의 근,짐볼 윗몸올리기,54.02,,mp4,0AUDLJ08S_00286.mp4,Rectus Abdominis,http://openapi.kspo.or.kr/web/image/0AUDLJ08S_00286/,4,동영상,
"볼기근,척추세움근,배곧은근,넙다리두갈래근",,http://openapi.kspo.or.kr/web/video/,"실내에서 할 수 있는 운동 중, 짐볼에 다리 올리고 엉덩이 들어올리기운동을 설명한 운동처방 동영상",7177197,29.96,947,1280*720,짐볼,공통,59,,0AUDLJ08S_00287_SC_00001.jpeg,"둔근,척추기립근,복직근,대퇴이두근",2021,실내,45,"엉덩이,척추,복부,뒤쪽 넓적다리",한국어,짐볼에 다리 올리고 엉덩이 들어올리기,20221111,"골반의 근,등과 허리의 근,복부의 근,하지의 근",짐볼에 다리 올리고 엉덩이 들어올리기,1.968,,mp4,0AUDLJ08S_00287.mp4,"Gluteal,Erector Spinae,Rectus Abdominis,Biceps Femoris",http://openapi.kspo.or.kr/web/image/0AUDLJ08S_00287/,1,동영상,
"볼기근,척추세움근,배곧은근,넙다리두갈래근",,http://openapi.kspo.or.kr/web/video/,"실내에서 할 수 있는 운동 중, 짐볼에 다리 올리고 엉덩이 들어올리기운동을 설명한 운동처방 동영상",7177197,29.96,948,1280*720,짐볼,공통,270,,0AUDLJ08S_00287_FR_00004.jpeg,"둔근,척추기립근,복직근,대퇴이두근",2021,실내,45,"엉덩이,척추,복부,뒤쪽 넓적다리",한국어,짐볼에 다리 올리고 엉덩이 들어올리기,20221024,"골반의 근,등과 허리의 근,복부의 근,하지의 근",짐볼에 다리 올리고 엉덩이 들어올리기,9.009,,mp4,0AUDLJ08S_00287.mp4,"Gluteal,Erector Spinae,Rectus Abdominis,Biceps Femoris",http://openapi.kspo.or.kr/web/image/0AUDLJ08S_00287/,2,동영상,
"볼기근,척추세움근,배곧은근,넙다리두갈래근",,http://openapi.kspo.or.kr/web/video/,"실내에서 할 수 있는 운동 중, 짐볼에 다리 올리고 엉덩이 들어올리기운동을 설명한 운동처방 동영상",7177197,29.96,949,1280*720,짐볼,공통,842,,0AUDLJ08S_00287_SC_00006.jpeg,"둔근,척추기립근,복직근,대퇴이두근",2021,실내,45,"엉덩이,척추,복부,뒤쪽 넓적다리",한국어,짐볼에 다리 올리고 엉덩이 들어올리기,20221024,"골반의 근,등과 허리의 근,복부의 근,하지의 근",짐볼에 다리 올리고 엉덩이 들어올리기,28.094,,mp4,0AUDLJ08S_00287.mp4,"Gluteal,Erector Spinae,Rectus Abdominis,Biceps Femoris",http://openapi.kspo.or.kr/web/image/0AUDLJ08S_00287/,3,동영상,
"볼기근,척추세움근,어깨세모근",,http://openapi.kspo.or.kr/web/video/,"실내에서 할 수 있는 운동 중, 짐볼에 엎드려서 팔 다리 들기운동을 설명한 운동처방 동영상",8044629,29.96,950,1280*720,짐볼,공통,88,,0AUDLJ08S_00288_SC_00001.jpeg,"둔근,척추기립근,삼각근",2021,실내,52,"엉덩이,척추,바깥쪽 어깨",한국어,짐볼에 엎드려서 팔 다리 들기,20221111,"골반의 근,등과 허리의 근,상지의 근",짐볼에 엎드려서 팔 다리 들기,2.936,,mp4,0AUDLJ08S_00288.mp4,"Gluteal,Erector Spinae,Deltoid",http://openapi.kspo.or.kr/web/image/0AUDLJ08S_00288/,1,동영상,
"볼기근,척추세움근,어깨세모근",,http://openapi.kspo.or.kr/web/video/,"실내에서 할 수 있는 운동 중, 짐볼에 엎드려서 팔 다리 들기운동을 설명한 운동처방 동영상",8044629,29.96,951,1280*720,짐볼,공통,810,,0AUDLJ08S_00288_FR_00010.jpeg,"둔근,척추기립근,삼각근",2021,실내,52,"엉덩이,척추,바깥쪽 어깨",한국어,짐볼에 엎드려서 팔 다리 들기,20221024,"골반의 근,등과 허리의 근,상지의 근",짐볼에 엎드려서 팔 다리 들기,27.027,,mp4,0AUDLJ08S_00288.mp4,"Gluteal,Erector Spinae,Deltoid",http://openapi.kspo.or.kr/web/image/0AUDLJ08S_00288/,2,동영상,
"볼기근,척추세움근,어깨세모근",,http://openapi.kspo.or.kr/web/video/,"실내에서 할 수 있는 운동 중, 짐볼에 엎드려서 팔 다리 들기운동을 설명한 운동처방 동영상",8044629,29.96,952,1280*720,짐볼,공통,1169,,0AUDLJ08S_00288_FR_00014.jpeg,"둔근,척추기립근,삼각근",2021,실내,52,"엉덩이,척추,바깥쪽 어깨",한국어,짐볼에 엎드려서 팔 다리 들기,20221024,"골반의 근,등과 허리의 근,상지의 근",짐볼에 엎드려서 팔 다리 들기,39.005,,mp4,0AUDLJ08S_00288.mp4,"Gluteal,Erector Spinae,Deltoid",http://openapi.kspo.or.kr/web/image/0AUDLJ08S_00288/,3,동영상,
"볼기근,등세모근,척추세움근,배곧은근",,http://openapi.kspo.or.kr/web/video/,"실내에서 할 수 있는 운동 중, 짐볼에 엎드려서 몸통 젖히기운동을 설명한 운동처방 동영상",11894188,29.96,953,1280*720,짐볼,공통,88,,0AUDLJ08S_00289_SC_00001.jpeg,"둔근,승모근,척추기립근,복직근",2021,실내,73,"엉덩이,등,척추,복부",한국어,짐볼에 엎드려서 몸통 젖히기,20221111,"골반의 근,등과 허리의 근,등과 허리의 근,복부의 근",짐볼에 엎드려서 몸통 젖히기,2.936,,mp4,0AUDLJ08S_00289.mp4,"Gluteal,Trapezius,Erector Spinae,Rectus Abdominis",http://openapi.kspo.or.kr/web/image/0AUDLJ08S_00289/,1,동영상,
"볼기근,등세모근,척추세움근,배곧은근",,http://openapi.kspo.or.kr/web/video/,"실내에서 할 수 있는 운동 중, 짐볼에 엎드려서 몸통 젖히기운동을 설명한 운동처방 동영상",11894188,29.96,954,1280*720,짐볼,공통,1169,,0AUDLJ08S_00289_FR_00014.jpeg,"둔근,승모근,척추기립근,복직근",2021,실내,73,"엉덩이,등,척추,복부",한국어,짐볼에 엎드려서 몸통 젖히기,20221024,"골반의 근,등과 허리의 근,등과 허리의 근,복부의 근",짐볼에 엎드려서 몸통 젖히기,39.005,,mp4,0AUDLJ08S_00289.mp4,"Gluteal,Trapezius,Erector Spinae,Rectus Abdominis",http://openapi.kspo.or.kr/web/image/0AUDLJ08S_00289/,2,동영상,
"볼기근,등세모근,척추세움근,배곧은근",,http://openapi.kspo.or.kr/web/video/,"실내에서 할 수 있는 운동 중, 짐볼에 엎드려서 몸통 젖히기운동을 설명한 운동처방 동영상",11894188,29.96,955,1280*720,짐볼,공통,1799,,0AUDLJ08S_00289_FR_00021.jpeg,"둔근,승모근,척추기립근,복직근",2021,실내,73,"엉덩이,등,척추,복부",한국어,짐볼에 엎드려서 몸통 젖히기,20221024,"골반의 근,등과 허리의 근,등과 허리의 근,복부의 근",짐볼에 엎드려서 몸통 젖히기,60.026,,mp4,0AUDLJ08S_00289.mp4,"Gluteal,Trapezius,Erector Spinae,Rectus Abdominis",http://openapi.kspo.or.kr/web/image/0AUDLJ08S_00289/,3,동영상,
배빗근,,http://openapi.kspo.or.kr/web/video/,"실내에서 할 수 있는 운동 중, 짐볼에 다리 올리고 좌우로 움직이기운동을 설명한 운동처방 동영상",9911991,29.96,956,1280*720,짐볼,공통,1349,,0AUDLJ08S_00290_FR_00016.jpeg,복사근,2021,실내,61,복부,한국어,짐볼에 다리 올리고 좌/우로 움직이기,20221018,복부의 근,짐볼에 다리 올리고 좌우로 움직이기,45.011,,mp4,0AUDLJ08S_00290.mp4,Abdominal Oblique,http://openapi.kspo.or.kr/web/image/0AUDLJ08S_00290/,3,동영상,
배빗근,,http://openapi.kspo.or.kr/web/video/,"실내에서 할 수 있는 운동 중, 짐볼에 다리 올리고 좌우로 움직이기운동을 설명한 운동처방 동영상",9911991,29.96,957,1280*720,짐볼,공통,88,,0AUDLJ08S_00290_SC_00001.jpeg,복사근,2021,실내,61,복부,한국어,짐볼에 다리 올리고 좌/우로 움직이기,20221018,복부의 근,짐볼에 다리 올리고 좌우로 움직이기,2.936,,mp4,0AUDLJ08S_00290.mp4,Abdominal Oblique,http://openapi.kspo.or.kr/web/image/0AUDLJ08S_00290/,1,동영상,
배빗근,,http://openapi.kspo.or.kr/web/video/,"실내에서 할 수 있는 운동 중, 짐볼에 다리 올리고 좌우로 움직이기운동을 설명한 운동처방 동영상",9911991,29.96,958,1280*720,짐볼,공통,360,,0AUDLJ08S_00290_FR_00005.jpeg,복사근,2021,실내,61,복부,한국어,짐볼에 다리 올리고 좌/우로 움직이기,20221018,복부의 근,짐볼에 다리 올리고 좌우로 움직이기,12.012,,mp4,0AUDLJ08S_00290.mp4,Abdominal Oblique,http://openapi.kspo.or.kr/web/image/0AUDLJ08S_00290/,2,동영상,
모음근,,http://openapi.kspo.or.kr/web/video/,"실내에서 할 수 있는 운동 중, 의자에 앉아 다리로 짐볼 쥐기운동을 설명한 운동처방 동영상",8262490,29.96,959,1280*720,짐볼,공통,117,,0AUDLJ08S_00291_SC_00001.jpeg,내전근,2021,실내,52,안쪽 넓적다리,한국어,의자에 앉아 다리로 짐볼 쥐기,20221003,하지의 근,의자에 앉아 다리로 짐볼 쥐기,3.903,,mp4,0AUDLJ08S_00291.mp4,Adductors,http://openapi.kspo.or.kr/web/image/0AUDLJ08S_00291/,1,동영상,
모음근,,http://openapi.kspo.or.kr/web/video/,"실내에서 할 수 있는 운동 중, 의자에 앉아 다리로 짐볼 쥐기운동을 설명한 운동처방 동영상",8262490,29.96,960,1280*720,짐볼,공통,958,,0AUDLJ08S_00291_SC_00007.jpeg,내전근,2021,실내,52,안쪽 넓적다리,한국어,의자에 앉아 다리로 짐볼 쥐기,20221003,하지의 근,의자에 앉아 다리로 짐볼 쥐기,31.965,,mp4,0AUDLJ08S_00291.mp4,Adductors,http://openapi.kspo.or.kr/web/image/0AUDLJ08S_00291/,7,동영상,
모음근,,http://openapi.kspo.or.kr/web/video/,"실내에서 할 수 있는 운동 중, 의자에 앉아 다리로 짐볼 쥐기운동을 설명한 운동처방 동영상",8262490,29.96,961,1280*720,짐볼,공통,146,,0AUDLJ08S_00291_SC_00002.jpeg,내전근,2021,실내,52,안쪽 넓적다리,한국어,의자에 앉아 다리로 짐볼 쥐기,20221003,하지의 근,의자에 앉아 다리로 짐볼 쥐기,4.871,,mp4,0AUDLJ08S_00291.mp4,Adductors,http://openapi.kspo.or.kr/web/image/0AUDLJ08S_00291/,2,동영상,
모음근,,http://openapi.kspo.or.kr/web/video/,"실내에서 할 수 있는 운동 중, 의자에 앉아 다리로 짐볼 쥐기운동을 설명한 운동처방 동영상",8262490,29.96,962,1280*720,짐볼,공통,436,,0AUDLJ08S_00291_SC_00003.jpeg,내전근,2021,실내,52,안쪽 넓적다리,한국어,의자에 앉아 다리로 짐볼 쥐기,20221003,하지의 근,의자에 앉아 다리로 짐볼 쥐기,14.547,,mp4,0AUDLJ08S_00291.mp4,Adductors,http://openapi.kspo.or.kr/web/image/0AUDLJ08S_00291/,3,동영상,
모음근,,http://openapi.kspo.or.kr/web/video/,"실내에서 할 수 있는 운동 중, 의자에 앉아 다리로 짐볼 쥐기운동을 설명한 운동처방 동영상",8262490,29.96,963,1280*720,짐볼,공통,523,,0AUDLJ08S_00291_SC_00004.jpeg,내전근,2021,실내,52,안쪽 넓적다리,한국어,의자에 앉아 다리로 짐볼 쥐기,20221003,하지의 근,의자에 앉아 다리로 짐볼 쥐기,17.45,,mp4,0AUDLJ08S_00291.mp4,Adductors,http://openapi.kspo.or.kr/web/image/0AUDLJ08S_00291/,4,동영상,
모음근,,http://openapi.kspo.or.kr/web/video/,"실내에서 할 수 있는 운동 중, 의자에 앉아 다리로 짐볼 쥐기운동을 설명한 운동처방 동영상",8262490,29.96,964,1280*720,짐볼,공통,668,,0AUDLJ08S_00291_SC_00005.jpeg,내전근,2021,실내,52,안쪽 넓적다리,한국어,의자에 앉아 다리로 짐볼 쥐기,20221003,하지의 근,의자에 앉아 다리로 짐볼 쥐기,22.288,,mp4,0AUDLJ08S_00291.mp4,Adductors,http://openapi.kspo.or.kr/web/image/0AUDLJ08S_00291/,5,동영상,
모음근,,http://openapi.kspo.or.kr/web/video/,"실내에서 할 수 있는 운동 중, 의자에 앉아 다리로 짐볼 쥐기운동을 설명한 운동처방 동영상",8262490,29.96,965,1280*720,짐볼,공통,900,,0AUDLJ08S_00291_SC_00006.jpeg,내전근,2021,실내,52,안쪽 넓적다리,한국어,의자에 앉아 다리로 짐볼 쥐기,20221003,하지의 근,의자에 앉아 다리로 짐볼 쥐기,30.03,,mp4,0AUDLJ08S_00291.mp4,Adductors,http://openapi.kspo.or.kr/web/image/0AUDLJ08S_00291/,6,동영상,
모음근,,http://openapi.kspo.or.kr/web/video/,"실내에서 할 수 있는 운동 중, 의자에 앉아 다리로 짐볼 쥐기운동을 설명한 운동처방 동영상",8262490,29.96,966,1280*720,짐볼,공통,1132,,0AUDLJ08S_00291_SC_00008.jpeg,내전근,2021,실내,52,안쪽 넓적다리,한국어,의자에 앉아 다리로 짐볼 쥐기,20221003,하지의 근,의자에 앉아 다리로 짐볼 쥐기,37.771,,mp4,0AUDLJ08S_00291.mp4,Adductors,http://openapi.kspo.or.kr/web/image/0AUDLJ08S_00291/,8,동영상,
모음근,,http://openapi.kspo.or.kr/web/video/,"실내에서 할 수 있는 운동 중, 의자에 앉아 다리로 짐볼 쥐기운동을 설명한 운동처방 동영상",8262490,29.96,967,1280*720,짐볼,공통,1277,,0AUDLJ08S_00291_SC_00009.jpeg,내전근,2021,실내,52,안쪽 넓적다리,한국어,의자에 앉아 다리로 짐볼 쥐기,20221003,하지의 근,의자에 앉아 다리로 짐볼 쥐기,42.609,,mp4,0AUDLJ08S_00291.mp4,Adductors,http://openapi.kspo.or.kr/web/image/0AUDLJ08S_00291/,9,동영상,
모음근,,http://openapi.kspo.or.kr/web/video/,"실내에서 할 수 있는 운동 중, 의자에 앉아 다리로 짐볼 쥐기운동을 설명한 운동처방 동영상",8262490,29.96,968,1280*720,짐볼,공통,1509,,0AUDLJ08S_00291_SC_00010.jpeg,내전근,2021,실내,52,안쪽 넓적다리,한국어,의자에 앉아 다리로 짐볼 쥐기,20221003,하지의 근,의자에 앉아 다리로 짐볼 쥐기,50.35,,mp4,0AUDLJ08S_00291.mp4,Adductors,http://openapi.kspo.or.kr/web/image/0AUDLJ08S_00291/,10,동영상,
"앞톱니근,배속빗근",,http://openapi.kspo.or.kr/web/video/,"실내에서 할 수 있는 운동 중, 짐볼 들고 양옆으로 돌리기운동을 설명한 운동처방 동영상",9189777,29.96,969,1280*720,짐볼,공통,88,,0AUDLJ08S_00292_SC_00001.jpeg,"전거근,내복사근",2021,실내,57,"가슴,복부",한국어,짐볼 들고 양옆으로 돌리기,20221004,"가슴의 근,복부의 근",짐볼 들고 양옆으로 돌리기,2.936,,mp4,0AUDLJ08S_00292.mp4,"Serratus Anterior,Abdominal Internal Oblique",http://openapi.kspo.or.kr/web/image/0AUDLJ08S_00292/,1,동영상,
"앞톱니근,배속빗근",,http://openapi.kspo.or.kr/web/video/,"실내에서 할 수 있는 운동 중, 짐볼 들고 양옆으로 돌리기운동을 설명한 운동처방 동영상",9189777,29.96,970,1280*720,짐볼,공통,117,,0AUDLJ08S_00292_SC_00002.jpeg,"전거근,내복사근",2021,실내,57,"가슴,복부",한국어,짐볼 들고 양옆으로 돌리기,20221004,"가슴의 근,복부의 근",짐볼 들고 양옆으로 돌리기,3.903,,mp4,0AUDLJ08S_00292.mp4,"Serratus Anterior,Abdominal Internal Oblique",http://openapi.kspo.or.kr/web/image/0AUDLJ08S_00292/,2,동영상,
"앞톱니근,배속빗근",,http://openapi.kspo.or.kr/web/video/,"실내에서 할 수 있는 운동 중, 짐볼 들고 양옆으로 돌리기운동을 설명한 운동처방 동영상",9189777,29.96,971,1280*720,짐볼,공통,146,,0AUDLJ08S_00292_SC_00003.jpeg,"전거근,내복사근",2021,실내,57,"가슴,복부",한국어,짐볼 들고 양옆으로 돌리기,20221004,"가슴의 근,복부의 근",짐볼 들고 양옆으로 돌리기,4.871,,mp4,0AUDLJ08S_00292.mp4,"Serratus Anterior,Abdominal Internal Oblique",http://openapi.kspo.or.kr/web/image/0AUDLJ08S_00292/,3,동영상,
"앞톱니근,배속빗근",,http://openapi.kspo.or.kr/web/video/,"실내에서 할 수 있는 운동 중, 짐볼 들고 양옆으로 돌리기운동을 설명한 운동처방 동영상",9189777,29.96,972,1280*720,짐볼,공통,349,,0AUDLJ08S_00292_SC_00004.jpeg,"전거근,내복사근",2021,실내,57,"가슴,복부",한국어,짐볼 들고 양옆으로 돌리기,20221004,"가슴의 근,복부의 근",짐볼 들고 양옆으로 돌리기,11.644,,mp4,0AUDLJ08S_00292.mp4,"Serratus Anterior,Abdominal Internal Oblique",http://openapi.kspo.or.kr/web/image/0AUDLJ08S_00292/,4,동영상,
"앞톱니근,배속빗근",,http://openapi.kspo.or.kr/web/video/,"실내에서 할 수 있는 운동 중, 짐볼 들고 양옆으로 돌리기운동을 설명한 운동처방 동영상",9189777,29.96,973,1280*720,짐볼,공통,726,,0AUDLJ08S_00292_SC_00005.jpeg,"전거근,내복사근",2021,실내,57,"가슴,복부",한국어,짐볼 들고 양옆으로 돌리기,20221004,"가슴의 근,복부의 근",짐볼 들고 양옆으로 돌리기,24.224,,mp4,0AUDLJ08S_00292.mp4,"Serratus Anterior,Abdominal Internal Oblique",http://openapi.kspo.or.kr/web/image/0AUDLJ08S_00292/,5,동영상,
"앞톱니근,배속빗근",,http://openapi.kspo.or.kr/web/video/,"실내에서 할 수 있는 운동 중, 짐볼 들고 양옆으로 돌리기운동을 설명한 운동처방 동영상",9189777,29.96,974,1280*720,짐볼,공통,784,,0AUDLJ08S_00292_SC_00006.jpeg,"전거근,내복사근",2021,실내,57,"가슴,복부",한국어,짐볼 들고 양옆으로 돌리기,20221004,"가슴의 근,복부의 근",짐볼 들고 양옆으로 돌리기,26.159,,mp4,0AUDLJ08S_00292.mp4,"Serratus Anterior,Abdominal Internal Oblique",http://openapi.kspo.or.kr/web/image/0AUDLJ08S_00292/,6,동영상,
"앞톱니근,배속빗근",,http://openapi.kspo.or.kr/web/video/,"실내에서 할 수 있는 운동 중, 짐볼 들고 양옆으로 돌리기운동을 설명한 운동처방 동영상",9189777,29.96,975,1280*720,짐볼,공통,900,,0AUDLJ08S_00292_SC_00007.jpeg,"전거근,내복사근",2021,실내,57,"가슴,복부",한국어,짐볼 들고 양옆으로 돌리기,20221004,"가슴의 근,복부의 근",짐볼 들고 양옆으로 돌리기,30.03,,mp4,0AUDLJ08S_00292.mp4,"Serratus Anterior,Abdominal Internal Oblique",http://openapi.kspo.or.kr/web/image/0AUDLJ08S_00292/,7,동영상,
"앞톱니근,배속빗근",,http://openapi.kspo.or.kr/web/video/,"실내에서 할 수 있는 운동 중, 짐볼 들고 양옆으로 돌리기운동을 설명한 운동처방 동영상",9189777,29.96,976,1280*720,짐볼,공통,1074,,0AUDLJ08S_00292_SC_00008.jpeg,"전거근,내복사근",2021,실내,57,"가슴,복부",한국어,짐볼 들고 양옆으로 돌리기,20221004,"가슴의 근,복부의 근",짐볼 들고 양옆으로 돌리기,35.835,,mp4,0AUDLJ08S_00292.mp4,"Serratus Anterior,Abdominal Internal Oblique",http://openapi.kspo.or.kr/web/image/0AUDLJ08S_00292/,8,동영상,
"앞톱니근,배속빗근",,http://openapi.kspo.or.kr/web/video/,"실내에서 할 수 있는 운동 중, 짐볼 들고 양옆으로 돌리기운동을 설명한 운동처방 동영상",9189777,29.96,977,1280*720,짐볼,공통,1248,,0AUDLJ08S_00292_SC_00009.jpeg,"전거근,내복사근",2021,실내,57,"가슴,복부",한국어,짐볼 들고 양옆으로 돌리기,20221004,"가슴의 근,복부의 근",짐볼 들고 양옆으로 돌리기,41.641,,mp4,0AUDLJ08S_00292.mp4,"Serratus Anterior,Abdominal Internal Oblique",http://openapi.kspo.or.kr/web/image/0AUDLJ08S_00292/,9,동영상,
"앞톱니근,배속빗근",,http://openapi.kspo.or.kr/web/video/,"실내에서 할 수 있는 운동 중, 짐볼 들고 양옆으로 돌리기운동을 설명한 운동처방 동영상",9189777,29.96,978,1280*720,짐볼,공통,1451,,0AUDLJ08S_00292_SC_00010.jpeg,"전거근,내복사근",2021,실내,57,"가슴,복부",한국어,짐볼 들고 양옆으로 돌리기,20221004,"가슴의 근,복부의 근",짐볼 들고 양옆으로 돌리기,48.415,,mp4,0AUDLJ08S_00292.mp4,"Serratus Anterior,Abdominal Internal Oblique",http://openapi.kspo.or.kr/web/image/0AUDLJ08S_00292/,10,동영상,
"앞톱니근,배속빗근",,http://openapi.kspo.or.kr/web/video/,"실내에서 할 수 있는 운동 중, 짐볼 들고 양옆으로 돌리기운동을 설명한 운동처방 동영상",9189777,29.96,979,1280*720,짐볼,공통,1625,,0AUDLJ08S_00292_SC_00011.jpeg,"전거근,내복사근",2021,실내,57,"가슴,복부",한국어,짐볼 들고 양옆으로 돌리기,20221004,"가슴의 근,복부의 근",짐볼 들고 양옆으로 돌리기,54.22,,mp4,0AUDLJ08S_00292.mp4,"Serratus Anterior,Abdominal Internal Oblique",http://openapi.kspo.or.kr/web/image/0AUDLJ08S_00292/,11,동영상,
"넓은등근,마름모근,배곧은근,중간어깨세모근",,http://openapi.kspo.or.kr/web/video/,"실내에서 할 수 있는 운동 중, 볼 위에 앉아 밴드 양옆으로 당기기운동을 설명한 운동처방 동영상",13815000,29.96,980,1280*720,밴드,공통,90,,0AUDLJ08S_00293_FR_00002.jpeg,"광배근,능형근,복직근,측면 삼각근",2021,실내,85,"등,등,복부,바깥쪽 어깨",한국어,볼 위에 앉아 밴드 양옆으로 당기기,20221016,"등과 허리의 근,등과 허리의 근,복부의 근,상지의 근",볼 위에 앉아 밴드 양옆으로 당기기,3.003,,mp4,0AUDLJ08S_00293.mp4,"Latissimus Dorsi,Rhomboid,Rectus Abdominis,Middle Deltoid",http://openapi.kspo.or.kr/web/image/0AUDLJ08S_00293/,1,동영상,
"넓은등근,마름모근,배곧은근,중간어깨세모근",,http://openapi.kspo.or.kr/web/video/,"실내에서 할 수 있는 운동 중, 볼 위에 앉아 밴드 양옆으로 당기기운동을 설명한 운동처방 동영상",13815000,29.96,981,1280*720,밴드,공통,900,,0AUDLJ08S_00293_FR_00011.jpeg,"광배근,능형근,복직근,측면 삼각근",2021,실내,85,"등,등,복부,바깥쪽 어깨",한국어,볼 위에 앉아 밴드 양옆으로 당기기,20221016,"등과 허리의 근,등과 허리의 근,복부의 근,상지의 근",볼 위에 앉아 밴드 양옆으로 당기기,30.03,,mp4,0AUDLJ08S_00293.mp4,"Latissimus Dorsi,Rhomboid,Rectus Abdominis,Middle Deltoid",http://openapi.kspo.or.kr/web/image/0AUDLJ08S_00293/,2,동영상,
"넓은등근,마름모근,배곧은근,중간어깨세모근",,http://openapi.kspo.or.kr/web/video/,"실내에서 할 수 있는 운동 중, 볼 위에 앉아 밴드 양옆으로 당기기운동을 설명한 운동처방 동영상",13815000,29.96,982,1280*720,밴드,공통,1248,,0AUDLJ08S_00293_SC_00006.jpeg,"광배근,능형근,복직근,측면 삼각근",2021,실내,85,"등,등,복부,바깥쪽 어깨",한국어,볼 위에 앉아 밴드 양옆으로 당기기,20221016,"등과 허리의 근,등과 허리의 근,복부의 근,상지의 근",볼 위에 앉아 밴드 양옆으로 당기기,41.641,,mp4,0AUDLJ08S_00293.mp4,"Latissimus Dorsi,Rhomboid,Rectus Abdominis,Middle Deltoid",http://openapi.kspo.or.kr/web/image/0AUDLJ08S_00293/,3,동영상,
"넓은등근,마름모근,배곧은근,중간어깨세모근",,http://openapi.kspo.or.kr/web/video/,"실내에서 할 수 있는 운동 중, 볼 위에 앉아 밴드 양옆으로 당기기운동을 설명한 운동처방 동영상",13815000,29.96,983,1280*720,밴드,공통,1979,,0AUDLJ08S_00293_FR_00023.jpeg,"광배근,능형근,복직근,측면 삼각근",2021,실내,85,"등,등,복부,바깥쪽 어깨",한국어,의자에 앉아 밴드 양옆으로 늘이기,20221016,"등과 허리의 근,등과 허리의 근,복부의 근,상지의 근",볼 위에 앉아 밴드 양옆으로 당기기,66.032,,mp4,0AUDLJ08S_00293.mp4,"Latissimus Dorsi,Rhomboid,Rectus Abdominis,Middle Deltoid",http://openapi.kspo.or.kr/web/image/0AUDLJ08S_00293/,4,동영상,
,,http://openapi.kspo.or.kr/web/video/,"실내에서 할 수 있는 운동 중, 짐볼에서 몸통 돌리기 및 짐볼에서 엉덩이 돌리기운동을 설명한 운동처방 동영상",19752158,29.96,984,1280*720,짐볼,공통,88,,0AUDLJ08S_00294_SC_00001.jpeg,,2021,실내,119,,한국어,,20221018,,"짐볼에서 몸통 돌리기, 짐볼에서 엉덩이 돌리기",2.936,,mp4,0AUDLJ08S_00294.mp4,,http://openapi.kspo.or.kr/web/image/0AUDLJ08S_00294/,1,동영상,
"배곧은근,배빗근",,http://openapi.kspo.or.kr/web/video/,"실내에서 할 수 있는 운동 중, 짐볼에서 몸통 돌리기 및 짐볼에서 엉덩이 돌리기운동을 설명한 운동처방 동영상",19752158,29.96,985,1280*720,짐볼,공통,146,,0AUDLJ08S_00294_SC_00003.jpeg,"복직근,복사근",2021,실내,119,"복부,복부",한국어,짐볼에서 몸통 돌리기,20221018,"복부의 근,복부의 근","짐볼에서 몸통 돌리기, 짐볼에서 엉덩이 돌리기",4.871,,mp4,0AUDLJ08S_00294.mp4,"Rectus Abdominis,Abdominal Oblique",http://openapi.kspo.or.kr/web/image/0AUDLJ08S_00294/,2,동영상,
"배곧은근,배빗근",,http://openapi.kspo.or.kr/web/video/,"실내에서 할 수 있는 운동 중, 짐볼에서 몸통 돌리기 및 짐볼에서 엉덩이 돌리기운동을 설명한 운동처방 동영상",19752158,29.96,986,1280*720,짐볼,공통,720,,0AUDLJ08S_00294_FR_00009.jpeg,"복직근,복사근",2021,실내,119,"복부,복부",한국어,짐볼에서 몸통 돌리기,20221018,"복부의 근,복부의 근","짐볼에서 몸통 돌리기, 짐볼에서 엉덩이 돌리기",24.024,,mp4,0AUDLJ08S_00294.mp4,"Rectus Abdominis,Abdominal Oblique",http://openapi.kspo.or.kr/web/image/0AUDLJ08S_00294/,3,동영상,
"배곧은근,배빗근",,http://openapi.kspo.or.kr/web/video/,"실내에서 할 수 있는 운동 중, 짐볼에서 몸통 돌리기 및 짐볼에서 엉덩이 돌리기운동을 설명한 운동처방 동영상",19752158,29.96,987,1280*720,짐볼,공통,1259,,0AUDLJ08S_00294_FR_00015.jpeg,"복직근,복사근",2021,실내,119,"복부,복부",한국어,짐볼에서 몸통 돌리기,20221018,"복부의 근,복부의 근","짐볼에서 몸통 돌리기, 짐볼에서 엉덩이 돌리기",42.008,,mp4,0AUDLJ08S_00294.mp4,"Rectus Abdominis,Abdominal Oblique",http://openapi.kspo.or.kr/web/image/0AUDLJ08S_00294/,4,동영상,
"배곧은근,배빗근",,http://openapi.kspo.or.kr/web/video/,"실내에서 할 수 있는 운동 중, 짐볼에서 몸통 돌리기 및 짐볼에서 엉덩이 돌리기운동을 설명한 운동처방 동영상",19752158,29.96,988,1280*720,공,공통,1567,,0AUDLJ08S_00294_SC_00009.jpeg,"복직근,복사근",2021,실내,119,"복부,복부",한국어,짐볼에서 몸통 돌리기,20221018,"복부의 근,복부의 근","짐볼에서 몸통 돌리기, 짐볼에서 엉덩이 돌리기",52.285,,mp4,0AUDLJ08S_00294.mp4,"Rectus Abdominis,Abdominal Oblique",http://openapi.kspo.or.kr/web/image/0AUDLJ08S_00294/,5,동영상,
"큰볼기근,허리네모근",,http://openapi.kspo.or.kr/web/video/,"실내에서 할 수 있는 운동 중, 짐볼에서 몸통 돌리기 및 짐볼에서 엉덩이 돌리기운동을 설명한 운동처방 동영상",19752158,29.96,989,1280*720,짐볼,공통,2068,,0AUDLJ08S_00294_FR_00024.jpeg,"대둔근,요방형근",2021,실내,119,"엉덩이,허리",한국어,짐볼에서 몸통 돌리기,20221018,"골반의 근,등과 허리의 근","짐볼에서 몸통 돌리기, 짐볼에서 엉덩이 돌리기",69.002,,mp4,0AUDLJ08S_00294.mp4,"Gluteus Maximus,Quadratus Lumborum",http://openapi.kspo.or.kr/web/image/0AUDLJ08S_00294/,6,동영상,
"큰볼기근,허리네모근",,http://openapi.kspo.or.kr/web/video/,"실내에서 할 수 있는 운동 중, 짐볼에서 몸통 돌리기 및 짐볼에서 엉덩이 돌리기운동을 설명한 운동처방 동영상",19752158,29.96,990,1280*720,짐볼,공통,2698,,0AUDLJ08S_00294_SC_00015.jpeg,"대둔근,요방형근",2021,실내,119,"엉덩이,허리",한국어,짐볼에서 몸통 돌리기,20221018,"골반의 근,등과 허리의 근","짐볼에서 몸통 돌리기, 짐볼에서 엉덩이 돌리기",90.023,,mp4,0AUDLJ08S_00294.mp4,"Gluteus Maximus,Quadratus Lumborum",http://openapi.kspo.or.kr/web/image/0AUDLJ08S_00294/,7,동영상,
"큰볼기근,허리네모근",,http://openapi.kspo.or.kr/web/video/,"실내에서 할 수 있는 운동 중, 짐볼에서 몸통 돌리기 및 짐볼에서 엉덩이 돌리기운동을 설명한 운동처방 동영상",19752158,29.96,991,1280*720,짐볼,공통,3237,,0AUDLJ08S_00294_FR_00037.jpeg,"대둔근,요방형근",2021,실내,119,"엉덩이,허리",한국어,짐볼에서 몸통 돌리기,20221018,"골반의 근,등과 허리의 근","짐볼에서 몸통 돌리기, 짐볼에서 엉덩이 돌리기",108.008,,mp4,0AUDLJ08S_00294.mp4,"Gluteus Maximus,Quadratus Lumborum",http://openapi.kspo.or.kr/web/image/0AUDLJ08S_00294/,8,동영상,
,,http://openapi.kspo.or.kr/web/video/,"실내에서 할 수 있는 운동 중, 짐볼에서 윗몸 일으키기 및 다리로 짐볼 들어올리기운동을 설명한 운동처방 동영상",22821406,29.96,992,1280*720,짐볼,공통,90,,0AUDLJ08S_00295_FR_00002.jpeg,,2021,실내,137,,한국어,짐볼에서 윗몸 일으키기,20220930,,"짐볼에서 윗몸 일으키기, 다리로 짐볼 들어올리기",3.003,,mp4,0AUDLJ08S_00295.mp4,,http://openapi.kspo.or.kr/web/image/0AUDLJ08S_00295/,1,동영상,
"앞톱니근,배곧은근",,http://openapi.kspo.or.kr/web/video/,"실내에서 할 수 있는 운동 중, 짐볼에서 윗몸 일으키기 및 다리로 짐볼 들어올리기운동을 설명한 운동처방 동영상",22821406,29.96,993,1280*720,짐볼,공통,180,,0AUDLJ08S_00295_FR_00003.jpeg,"전거근,복직근",2021,실내,137,"가슴,복부",한국어,짐볼에서 윗몸 일으키기,20220930,"가슴의 근,복부의 근","짐볼에서 윗몸 일으키기, 다리로 짐볼 들어올리기",6.006,,mp4,0AUDLJ08S_00295.mp4,"Serratus Anterior,Rectus Abdominis",http://openapi.kspo.or.kr/web/image/0AUDLJ08S_00295/,2,동영상,
"앞톱니근,배곧은근",,http://openapi.kspo.or.kr/web/video/,"실내에서 할 수 있는 운동 중, 짐볼에서 윗몸 일으키기 및 다리로 짐볼 들어올리기운동을 설명한 운동처방 동영상",22821406,29.96,994,1280*720,짐볼,공통,360,,0AUDLJ08S_00295_FR_00005.jpeg,"전거근,복직근",2021,실내,137,"가슴,복부",한국어,짐볼에서 윗몸 일으키기,20220930,"가슴의 근,복부의 근","짐볼에서 윗몸 일으키기, 다리로 짐볼 들어올리기",12.012,,mp4,0AUDLJ08S_00295.mp4,"Serratus Anterior,Rectus Abdominis",http://openapi.kspo.or.kr/web/image/0AUDLJ08S_00295/,3,동영상,
"앞톱니근,배곧은근",,http://openapi.kspo.or.kr/web/video/,"실내에서 할 수 있는 운동 중, 짐볼에서 윗몸 일으키기 및 다리로 짐볼 들어올리기운동을 설명한 운동처방 동영상",22821406,29.96,995,1280*720,짐볼,공통,581,,0AUDLJ08S_00295_SC_00003.jpeg,"전거근,복직근",2021,실내,137,"가슴,복부",한국어,짐볼에서 윗몸 일으키기,20220930,"가슴의 근,복부의 근","짐볼에서 윗몸 일으키기, 다리로 짐볼 들어올리기",19.386,,mp4,0AUDLJ08S_00295.mp4,"Serratus Anterior,Rectus Abdominis",http://openapi.kspo.or.kr/web/image/0AUDLJ08S_00295/,4,동영상,
"앞톱니근,배곧은근",,http://openapi.kspo.or.kr/web/video/,"실내에서 할 수 있는 운동 중, 짐볼에서 윗몸 일으키기 및 다리로 짐볼 들어올리기운동을 설명한 운동처방 동영상",22821406,29.96,996,1280*720,짐볼,공통,1422,,0AUDLJ08S_00295_SC_00010.jpeg,"전거근,복직근",2021,실내,137,"가슴,복부",한국어,짐볼에서 윗몸 일으키기,20220930,"가슴의 근,복부의 근","짐볼에서 윗몸 일으키기, 다리로 짐볼 들어올리기",47.447,,mp4,0AUDLJ08S_00295.mp4,"Serratus Anterior,Rectus Abdominis",http://openapi.kspo.or.kr/web/image/0AUDLJ08S_00295/,5,동영상,
"앞톱니근,배곧은근",,http://openapi.kspo.or.kr/web/video/,"실내에서 할 수 있는 운동 중, 짐볼에서 윗몸 일으키기 및 다리로 짐볼 들어올리기운동을 설명한 운동처방 동영상",22821406,29.96,997,1280*720,짐볼,공통,1799,,0AUDLJ08S_00295_SC_00012.jpeg,"전거근,복직근",2021,실내,137,"가슴,복부",한국어,짐볼에서 윗몸 일으키기,20220930,"가슴의 근,복부의 근","짐볼에서 윗몸 일으키기, 다리로 짐볼 들어올리기",60.026,,mp4,0AUDLJ08S_00295.mp4,"Serratus Anterior,Rectus Abdominis",http://openapi.kspo.or.kr/web/image/0AUDLJ08S_00295/,6,동영상,
"앞톱니근,배곧은근",,http://openapi.kspo.or.kr/web/video/,"실내에서 할 수 있는 운동 중, 짐볼에서 윗몸 일으키기 및 다리로 짐볼 들어올리기운동을 설명한 운동처방 동영상",22821406,29.96,998,1280*720,짐볼,공통,2234,,0AUDLJ08S_00295_SC_00014.jpeg,"전거근,복직근",2021,실내,137,"가슴,복부",한국어,의자에 앉아 다리 들어 올리기,20220930,"가슴의 근,복부의 근","짐볼에서 윗몸 일으키기, 다리로 짐볼 들어올리기",74.541,,mp4,0AUDLJ08S_00295.mp4,"Serratus Anterior,Rectus Abdominis",http://openapi.kspo.or.kr/web/image/0AUDLJ08S_00295/,7,동영상,
"큰볼기근,큰허리근,배곧은근,넙다리두갈래근",,http://openapi.kspo.or.kr/web/video/,"실내에서 할 수 있는 운동 중, 짐볼에서 윗몸 일으키기 및 다리로 짐볼 들어올리기운동을 설명한 운동처방 동영상",22821406,29.96,999,1280*720,짐볼,공통,2872,,0AUDLJ08S_00295_SC_00017.jpeg,"대둔근,대요근,복직근,대퇴이두근",2021,실내,137,"엉덩이,앞쪽 골반,복부,뒤쪽 넓적다리",한국어,다리로 짐볼 들어올리기,20220930,"골반의 근,골반의 근,복부의 근,하지의 근","짐볼에서 윗몸 일으키기, 다리로 짐볼 들어올리기",95.829,,mp4,0AUDLJ08S_00295.mp4,"Gluteus Maximus,Psoas Major,Rectus Abdominis,Biceps Femoris",http://openapi.kspo.or.kr/web/image/0AUDLJ08S_00295/,8,동영상,
"큰볼기근,큰허리근,배곧은근,넙다리두갈래근",,http://openapi.kspo.or.kr/web/video/,"실내에서 할 수 있는 운동 중, 짐볼에서 윗몸 일으키기 및 다리로 짐볼 들어올리기운동을 설명한 운동처방 동영상",22821406,29.96,1000,1280*720,짐볼,공통,3249,,0AUDLJ08S_00295_SC_00021.jpeg,"대둔근,대요근,복직근,대퇴이두근",2021,실내,137,"엉덩이,앞쪽 골반,복부,뒤쪽 넓적다리",한국어,다리로 짐볼 들어올리기,20220930,"골반의 근,골반의 근,복부의 근,하지의 근","짐볼에서 윗몸 일으키기, 다리로 짐볼 들어올리기",108.408,,mp4,0AUDLJ08S_00295.mp4,"Gluteus Maximus,Psoas Major,Rectus Abdominis,Biceps Femoris",http://openapi.kspo.or.kr/web/image/0AUDLJ08S_00295/,9,동영상,
"큰볼기근,큰허리근,배곧은근,넙다리두갈래근",,http://openapi.kspo.or.kr/web/video/,"실내에서 할 수 있는 운동 중, 짐볼에서 윗몸 일으키기 및 다리로 짐볼 들어올리기운동을 설명한 운동처방 동영상",22821406,29.96,1001,1280*720,짐볼,공통,3278,,0AUDLJ08S_00295_SC_00022.jpeg,"대둔근,대요근,복직근,대퇴이두근",2021,실내,137,"엉덩이,앞쪽 골반,복부,뒤쪽 넓적다리",한국어,다리로 짐볼 들어올리기,20220930,"골반의 근,골반의 근,복부의 근,하지의 근","짐볼에서 윗몸 일으키기, 다리로 짐볼 들어올리기",109.376,,mp4,0AUDLJ08S_00295.mp4,"Gluteus Maximus,Psoas Major,Rectus Abdominis,Biceps Femoris",http://openapi.kspo.or.kr/web/image/0AUDLJ08S_00295/,10,동영상,
"큰볼기근,큰허리근,배곧은근,넙다리두갈래근",,http://openapi.kspo.or.kr/web/video/,"실내에서 할 수 있는 운동 중, 짐볼에서 윗몸 일으키기 및 다리로 짐볼 들어올리기운동을 설명한 운동처방 동영상",22821406,29.96,1002,1280*720,짐볼,공통,3742,,0AUDLJ08S_00295_SC_00028.jpeg,"대둔근,대요근,복직근,대퇴이두근",2021,실내,137,"엉덩이,앞쪽 골반,복부,뒤쪽 넓적다리",한국어,의자에 앉아 다리 들어 올리기,20220930,"골반의 근,골반의 근,복부의 근,하지의 근","짐볼에서 윗몸 일으키기, 다리로 짐볼 들어올리기",124.858,,mp4,0AUDLJ08S_00295.mp4,"Gluteus Maximus,Psoas Major,Rectus Abdominis,Biceps Femoris",http://openapi.kspo.or.kr/web/image/0AUDLJ08S_00295/,11,동영상,
"큰볼기근,큰허리근,배곧은근,넙다리두갈래근",,http://openapi.kspo.or.kr/web/video/,"실내에서 할 수 있는 운동 중, 짐볼에서 윗몸 일으키기 및 다리로 짐볼 들어올리기운동을 설명한 운동처방 동영상",22821406,29.96,1003,1280*720,짐볼,공통,3887,,0AUDLJ08S_00295_SC_00029.jpeg,"대둔근,대요근,복직근,대퇴이두근",2021,실내,137,"엉덩이,앞쪽 골반,복부,뒤쪽 넓적다리",한국어,의자에 앉아 다리 들어 올리기,20220930,"골반의 근,골반의 근,복부의 근,하지의 근","짐볼에서 윗몸 일으키기, 다리로 짐볼 들어올리기",129.696,,mp4,0AUDLJ08S_00295.mp4,"Gluteus Maximus,Psoas Major,Rectus Abdominis,Biceps Femoris",http://openapi.kspo.or.kr/web/image/0AUDLJ08S_00295/,12,동영상,
,,http://openapi.kspo.or.kr/web/video/,"실내에서 할 수 있는 운동 중, 짐볼 앉기 루틴 프로그램을 설명한 운동처방 동영상",46429978,29.96,1004,1280*720,짐볼,공통,88,,0AUDLJ08S_00296_SC_00001.jpeg,,2021,실내,279,,한국어,짐볼 앉기 루틴 프로그램,20220930,,짐볼 앉기 루틴 프로그램,2.936,,mp4,0AUDLJ08S_00296.mp4,,http://openapi.kspo.or.kr/web/image/0AUDLJ08S_00296/,1,동영상,
"큰볼기근,큰허리근,배곧은근",,http://openapi.kspo.or.kr/web/video/,"실내에서 할 수 있는 운동 중, 짐볼 앉기 루틴 프로그램을 설명한 운동처방 동영상",46429978,29.96,1005,1280*720,짐볼,공통,494,,0AUDLJ08S_00296_SC_00004.jpeg,"대둔근,대요근,복직근",2021,실내,279,"엉덩이,앞쪽 골반,복부",한국어,짐볼 앉기 루틴 프로그램,20220930,"골반의 근,골반의 근,복부의 근",짐볼 앉기 루틴 프로그램,16.483,,mp4,0AUDLJ08S_00296.mp4,"Gluteus Maximus,Psoas Major,Rectus Abdominis",http://openapi.kspo.or.kr/web/image/0AUDLJ08S_00296/,2,동영상,
"큰볼기근,큰허리근,배곧은근",,http://openapi.kspo.or.kr/web/video/,"실내에서 할 수 있는 운동 중, 짐볼 앉기 루틴 프로그램을 설명한 운동처방 동영상",46429978,29.96,1006,1280*720,짐볼,공통,581,,0AUDLJ08S_00296_SC_00005.jpeg,"대둔근,대요근,복직근",2021,실내,279,"엉덩이,앞쪽 골반,복부",한국어,짐볼 앉기 루틴 프로그램,20220930,"골반의 근,골반의 근,복부의 근",짐볼 앉기 루틴 프로그램,19.386,,mp4,0AUDLJ08S_00296.mp4,"Gluteus Maximus,Psoas Major,Rectus Abdominis",http://openapi.kspo.or.kr/web/image/0AUDLJ08S_00296/,3,동영상,
"큰볼기근,큰허리근,배곧은근",,http://openapi.kspo.or.kr/web/video/,"실내에서 할 수 있는 운동 중, 짐볼 앉기 루틴 프로그램을 설명한 운동처방 동영상",46429978,29.96,1007,1280*720,짐볼,공통,813,,0AUDLJ08S_00296_SC_00007.jpeg,"대둔근,대요근,복직근",2021,실내,279,"엉덩이,앞쪽 골반,복부",한국어,짐볼 앉기 루틴 프로그램,20220930,"골반의 근,골반의 근,복부의 근",짐볼 앉기 루틴 프로그램,27.127,,mp4,0AUDLJ08S_00296.mp4,"Gluteus Maximus,Psoas Major,Rectus Abdominis",http://openapi.kspo.or.kr/web/image/0AUDLJ08S_00296/,4,동영상,
"큰볼기근,큰허리근,배곧은근",,http://openapi.kspo.or.kr/web/video/,"실내에서 할 수 있는 운동 중, 짐볼 앉기 루틴 프로그램을 설명한 운동처방 동영상",46429978,29.96,1008,1280*720,짐볼,공통,1596,,0AUDLJ08S_00296_SC_00010.jpeg,"대둔근,대요근,복직근",2021,실내,279,"엉덩이,앞쪽 골반,복부",한국어,짐볼 앉기 루틴 프로그램,20220930,"골반의 근,골반의 근,복부의 근",짐볼 앉기 루틴 프로그램,53.253,,mp4,0AUDLJ08S_00296.mp4,"Gluteus Maximus,Psoas Major,Rectus Abdominis",http://openapi.kspo.or.kr/web/image/0AUDLJ08S_00296/,5,동영상,
"큰볼기근,큰허리근,배곧은근",,http://openapi.kspo.or.kr/web/video/,"실내에서 할 수 있는 운동 중, 짐볼 앉기 루틴 프로그램을 설명한 운동처방 동영상",46429978,29.96,1009,1280*720,짐볼,공통,2698,,0AUDLJ08S_00296_SC_00014.jpeg,"대둔근,대요근,복직근",2021,실내,279,"엉덩이,앞쪽 골반,복부",한국어,짐볼 앉기 루틴 프로그램,20220930,"골반의 근,골반의 근,복부의 근",짐볼 앉기 루틴 프로그램,90.023,,mp4,0AUDLJ08S_00296.mp4,"Gluteus Maximus,Psoas Major,Rectus Abdominis",http://openapi.kspo.or.kr/web/image/0AUDLJ08S_00296/,6,동영상,
"큰볼기근,큰허리근,배곧은근",,http://openapi.kspo.or.kr/web/video/,"실내에서 할 수 있는 운동 중, 짐볼 앉기 루틴 프로그램을 설명한 운동처방 동영상",46429978,29.96,1010,1280*720,짐볼,공통,3307,,0AUDLJ08S_00296_SC_00016.jpeg,"대둔근,대요근,복직근",2021,실내,279,"엉덩이,앞쪽 골반,복부",한국어,짐볼 앉기 루틴 프로그램,20220930,"골반의 근,골반의 근,복부의 근",짐볼 앉기 루틴 프로그램,110.343,,mp4,0AUDLJ08S_00296.mp4,"Gluteus Maximus,Psoas Major,Rectus Abdominis",http://openapi.kspo.or.kr/web/image/0AUDLJ08S_00296/,7,동영상,
"큰볼기근,큰허리근,배곧은근",,http://openapi.kspo.or.kr/web/video/,"실내에서 할 수 있는 운동 중, 짐볼 앉기 루틴 프로그램을 설명한 운동처방 동영상",46429978,29.96,1011,1280*720,짐볼,공통,4119,,0AUDLJ08S_00296_SC_00020.jpeg,"대둔근,대요근,복직근",2021,실내,279,"엉덩이,앞쪽 골반,복부",한국어,짐볼 앉기 루틴 프로그램,20220930,"골반의 근,골반의 근,복부의 근",짐볼 앉기 루틴 프로그램,137.437,,mp4,0AUDLJ08S_00296.mp4,"Gluteus Maximus,Psoas Major,Rectus Abdominis",http://openapi.kspo.or.kr/web/image/0AUDLJ08S_00296/,8,동영상,
"큰볼기근,큰허리근,배곧은근",,http://openapi.kspo.or.kr/web/video/,"실내에서 할 수 있는 운동 중, 짐볼 앉기 루틴 프로그램을 설명한 운동처방 동영상",46429978,29.96,1012,1280*720,짐볼,공통,5047,,0AUDLJ08S_00296_SC_00024.jpeg,"대둔근,대요근,복직근",2021,실내,279,"엉덩이,앞쪽 골반,복부",한국어,짐볼 앉기 루틴 프로그램,20220930,"골반의 근,골반의 근,복부의 근",짐볼 앉기 루틴 프로그램,168.401,,mp4,0AUDLJ08S_00296.mp4,"Gluteus Maximus,Psoas Major,Rectus Abdominis",http://openapi.kspo.or.kr/web/image/0AUDLJ08S_00296/,9,동영상,
"큰볼기근,큰허리근,배곧은근",,http://openapi.kspo.or.kr/web/video/,"실내에서 할 수 있는 운동 중, 짐볼 앉기 루틴 프로그램을 설명한 운동처방 동영상",46429978,29.96,1013,1280*720,짐볼,공통,5685,,0AUDLJ08S_00296_SC_00028.jpeg,"대둔근,대요근,복직근",2021,실내,279,"엉덩이,앞쪽 골반,복부",한국어,짐볼 앉기 루틴 프로그램,20220930,"골반의 근,골반의 근,복부의 근",짐볼 앉기 루틴 프로그램,189.689,,mp4,0AUDLJ08S_00296.mp4,"Gluteus Maximus,Psoas Major,Rectus Abdominis",http://openapi.kspo.or.kr/web/image/0AUDLJ08S_00296/,10,동영상,
"큰볼기근,큰허리근,배곧은근",,http://openapi.kspo.or.kr/web/video/,"실내에서 할 수 있는 운동 중, 짐볼 앉기 루틴 프로그램을 설명한 운동처방 동영상",46429978,29.96,1014,1280*720,짐볼,공통,8092,,0AUDLJ08S_00296_SC_00038.jpeg,"대둔근,대요근,복직근",2021,실내,279,"엉덩이,앞쪽 골반,복부",한국어,짐볼 앉기 루틴 프로그램,20220930,"골반의 근,골반의 근,복부의 근",짐볼 앉기 루틴 프로그램,270.003,,mp4,0AUDLJ08S_00296.mp4,"Gluteus Maximus,Psoas Major,Rectus Abdominis",http://openapi.kspo.or.kr/web/image/0AUDLJ08S_00296/,11,동영상,
배빗근,,http://openapi.kspo.or.kr/web/video/,"실내에서 할 수 있는 운동 중, 누워서 다리 좌우로 움직이기운동을 설명한 운동처방 동영상",8610469,29.96,1015,1280*720,공,공통,59,,0AUDLJ08S_00297_SC_00001.jpeg,복사근,2021,실내,55,복부,한국어,누워서 다리 좌/우로 움직이기,20221013,복부의 근,누워서 다리 좌우로 움직이기,1.968,,mp4,0AUDLJ08S_00297.mp4,Abdominal Oblique,http://openapi.kspo.or.kr/web/image/0AUDLJ08S_00297/,1,동영상,
배빗근,,http://openapi.kspo.or.kr/web/video/,"실내에서 할 수 있는 운동 중, 누워서 다리 좌우로 움직이기운동을 설명한 운동처방 동영상",8610469,29.96,1016,1280*720,공,공통,494,,0AUDLJ08S_00297_SC_00007.jpeg,복사근,2021,실내,55,복부,한국어,누워서 다리 좌/우로 움직이기,20221013,복부의 근,누워서 다리 좌우로 움직이기,16.483,,mp4,0AUDLJ08S_00297.mp4,Abdominal Oblique,http://openapi.kspo.or.kr/web/image/0AUDLJ08S_00297/,2,동영상,
배빗근,,http://openapi.kspo.or.kr/web/video/,"실내에서 할 수 있는 운동 중, 누워서 다리 좌우로 움직이기운동을 설명한 운동처방 동영상",8610469,29.96,1017,1280*720,공,공통,630,,0AUDLJ08S_00297_FR_00008.jpeg,복사근,2021,실내,55,복부,한국어,누워서 다리 좌/우로 움직이기,20221013,복부의 근,누워서 다리 좌우로 움직이기,21.021,,mp4,0AUDLJ08S_00297.mp4,Abdominal Oblique,http://openapi.kspo.or.kr/web/image/0AUDLJ08S_00297/,3,동영상,
배빗근,,http://openapi.kspo.or.kr/web/video/,"실내에서 할 수 있는 운동 중, 누워서 다리 좌우로 움직이기운동을 설명한 운동처방 동영상",8610469,29.96,1018,1280*720,공,공통,900,,0AUDLJ08S_00297_FR_00011.jpeg,복사근,2021,실내,55,복부,한국어,누워서 다리 좌/우로 움직이기,20221013,복부의 근,누워서 다리 좌우로 움직이기,30.03,,mp4,0AUDLJ08S_00297.mp4,Abdominal Oblique,http://openapi.kspo.or.kr/web/image/0AUDLJ08S_00297/,4,동영상,
"배곧은근,배빗근",,http://openapi.kspo.or.kr/web/video/,"실내에서 할 수 있는 운동 중, 누워서 공들고 몸 기울이기운동을 설명한 운동처방 동영상",11024637,29.96,1019,1280*720,공,공통,720,,0AUDLJ08S_00298_FR_00009.jpeg,"복직근,복사근",2021,실내,68,"복부,복부",한국어,누워서 공들고 몸 기울이기,20221013,"복부의 근,복부의 근",누워서 공들고 몸 기울이기,24.024,,mp4,0AUDLJ08S_00298.mp4,"Rectus Abdominis,Abdominal Oblique",http://openapi.kspo.or.kr/web/image/0AUDLJ08S_00298/,3,동영상,
"배곧은근,배빗근",,http://openapi.kspo.or.kr/web/video/,"실내에서 할 수 있는 운동 중, 누워서 공들고 몸 기울이기운동을 설명한 운동처방 동영상",11024637,29.96,1020,1280*720,공,공통,88,,0AUDLJ08S_00298_SC_00001.jpeg,"복직근,복사근",2021,실내,68,"복부,복부",한국어,누워서 공들고 몸 기울이기,20221013,"복부의 근,복부의 근",누워서 공들고 몸 기울이기,2.936,,mp4,0AUDLJ08S_00298.mp4,"Rectus Abdominis,Abdominal Oblique",http://openapi.kspo.or.kr/web/image/0AUDLJ08S_00298/,1,동영상,
"배곧은근,배빗근",,http://openapi.kspo.or.kr/web/video/,"실내에서 할 수 있는 운동 중, 누워서 공들고 몸 기울이기운동을 설명한 운동처방 동영상",11024637,29.96,1021,1280*720,공,공통,552,,0AUDLJ08S_00298_SC_00004.jpeg,"복직근,복사근",2021,실내,68,"복부,복부",한국어,누워서 공들고 몸 기울이기,20221013,"복부의 근,복부의 근",누워서 공들고 몸 기울이기,18.418,,mp4,0AUDLJ08S_00298.mp4,"Rectus Abdominis,Abdominal Oblique",http://openapi.kspo.or.kr/web/image/0AUDLJ08S_00298/,2,동영상,
"배곧은근,배빗근",,http://openapi.kspo.or.kr/web/video/,"실내에서 할 수 있는 운동 중, 누워서 공들고 몸 기울이기운동을 설명한 운동처방 동영상",11024637,29.96,1022,1280*720,공,공통,1103,,0AUDLJ08S_00298_SC_00007.jpeg,"복직근,복사근",2021,실내,68,"복부,복부",한국어,누워서 공들고 몸 기울이기,20221013,"복부의 근,복부의 근",누워서 공들고 몸 기울이기,36.803,,mp4,0AUDLJ08S_00298.mp4,"Rectus Abdominis,Abdominal Oblique",http://openapi.kspo.or.kr/web/image/0AUDLJ08S_00298/,4,동영상,
"배곧은근,배빗근",,http://openapi.kspo.or.kr/web/video/,"실내에서 할 수 있는 운동 중, 누워서 공들고 몸 기울이기운동을 설명한 운동처방 동영상",11024637,29.96,1023,1280*720,공,공통,1364,,0AUDLJ08S_00298_SC_00010.jpeg,"복직근,복사근",2021,실내,68,"복부,복부",한국어,누워서 공들고 몸 기울이기,20221013,"복부의 근,복부의 근",누워서 공들고 몸 기울이기,45.512,,mp4,0AUDLJ08S_00298.mp4,"Rectus Abdominis,Abdominal Oblique",http://openapi.kspo.or.kr/web/image/0AUDLJ08S_00298/,5,동영상,
배곧은근,,http://openapi.kspo.or.kr/web/video/,"실내에서 할 수 있는 운동 중, 누워서 수직으로 다리 들어올리기운동을 설명한 운동처방 동영상",10031616,29.96,1024,1280*720,매트,공통,88,,0AUDLJ08S_00299_SC_00001.jpeg,복직근,2021,실내,62,복부,한국어,누워서 수직으로 다리 들어올리,20220929,복부의 근,누워서 수직으로 다리 들어올리,2.936,,mp4,0AUDLJ08S_00299.mp4,Rectus Abdominis,http://openapi.kspo.or.kr/web/image/0AUDLJ08S_00299/,1,동영상,
배곧은근,,http://openapi.kspo.or.kr/web/video/,"실내에서 할 수 있는 운동 중, 누워서 수직으로 다리 들어올리기운동을 설명한 운동처방 동영상",10031616,29.96,1025,1280*720,매트,공통,117,,0AUDLJ08S_00299_SC_00002.jpeg,복직근,2021,실내,62,복부,한국어,누워서 수직으로 다리 들어올리,20220929,복부의 근,누워서 수직으로 다리 들어올리,3.903,,mp4,0AUDLJ08S_00299.mp4,Rectus Abdominis,http://openapi.kspo.or.kr/web/image/0AUDLJ08S_00299/,2,동영상,
배곧은근,,http://openapi.kspo.or.kr/web/video/,"실내에서 할 수 있는 운동 중, 누워서 수직으로 다리 들어올리기운동을 설명한 운동처방 동영상",10031616,29.96,1026,1280*720,매트,공통,146,,0AUDLJ08S_00299_SC_00003.jpeg,복직근,2021,실내,62,복부,한국어,누워서 수직으로 다리 들어올리,20220929,복부의 근,누워서 수직으로 다리 들어올리,4.871,,mp4,0AUDLJ08S_00299.mp4,Rectus Abdominis,http://openapi.kspo.or.kr/web/image/0AUDLJ08S_00299/,3,동영상,
배곧은근,,http://openapi.kspo.or.kr/web/video/,"실내에서 할 수 있는 운동 중, 누워서 수직으로 다리 들어올리기운동을 설명한 운동처방 동영상",10031616,29.96,1027,1280*720,매트,공통,407,,0AUDLJ08S_00299_SC_00004.jpeg,복직근,2021,실내,62,복부,한국어,누워서 수직으로 다리 들어올리,20220929,복부의 근,누워서 수직으로 다리 들어올리,13.58,,mp4,0AUDLJ08S_00299.mp4,Rectus Abdominis,http://openapi.kspo.or.kr/web/image/0AUDLJ08S_00299/,4,동영상,
배곧은근,,http://openapi.kspo.or.kr/web/video/,"실내에서 할 수 있는 운동 중, 누워서 수직으로 다리 들어올리기운동을 설명한 운동처방 동영상",10031616,29.96,1028,1280*720,매트,공통,523,,0AUDLJ08S_00299_SC_00005.jpeg,복직근,2021,실내,62,복부,한국어,누워서 수직으로 다리 들어올리,20220929,복부의 근,누워서 수직으로 다리 들어올리,17.45,,mp4,0AUDLJ08S_00299.mp4,Rectus Abdominis,http://openapi.kspo.or.kr/web/image/0AUDLJ08S_00299/,5,동영상,
배곧은근,,http://openapi.kspo.or.kr/web/video/,"실내에서 할 수 있는 운동 중, 누워서 수직으로 다리 들어올리기운동을 설명한 운동처방 동영상",10031616,29.96,1029,1280*720,매트,공통,813,,0AUDLJ08S_00299_SC_00006.jpeg,복직근,2021,실내,62,복부,한국어,누워서 수직으로 다리 들어올리,20220929,복부의 근,누워서 수직으로 다리 들어올리,27.127,,mp4,0AUDLJ08S_00299.mp4,Rectus Abdominis,http://openapi.kspo.or.kr/web/image/0AUDLJ08S_00299/,6,동영상,
배곧은근,,http://openapi.kspo.or.kr/web/video/,"실내에서 할 수 있는 운동 중, 누워서 수직으로 다리 들어올리기운동을 설명한 운동처방 동영상",10031616,29.96,1030,1280*720,매트,공통,842,,0AUDLJ08S_00299_SC_00007.jpeg,복직근,2021,실내,62,복부,한국어,누워서 수직으로 다리 들어올리,20220929,복부의 근,누워서 수직으로 다리 들어올리,28.094,,mp4,0AUDLJ08S_00299.mp4,Rectus Abdominis,http://openapi.kspo.or.kr/web/image/0AUDLJ08S_00299/,7,동영상,
배곧은근,,http://openapi.kspo.or.kr/web/video/,"실내에서 할 수 있는 운동 중, 누워서 수직으로 다리 들어올리기운동을 설명한 운동처방 동영상",10031616,29.96,1031,1280*720,매트,공통,900,,0AUDLJ08S_00299_SC_00008.jpeg,복직근,2021,실내,62,복부,한국어,누워서 수직으로 다리 들어올리,20220929,복부의 근,누워서 수직으로 다리 들어올리,30.03,,mp4,0AUDLJ08S_00299.mp4,Rectus Abdominis,http://openapi.kspo.or.kr/web/image/0AUDLJ08S_00299/,8,동영상,
배곧은근,,http://openapi.kspo.or.kr/web/video/,"실내에서 할 수 있는 운동 중, 누워서 수직으로 다리 들어올리기운동을 설명한 운동처방 동영상",10031616,29.96,1032,1280*720,매트,공통,1074,,0AUDLJ08S_00299_SC_00009.jpeg,복직근,2021,실내,62,복부,한국어,누워서 수직으로 다리 들어올리,20220929,복부의 근,누워서 수직으로 다리 들어올리,35.835,,mp4,0AUDLJ08S_00299.mp4,Rectus Abdominis,http://openapi.kspo.or.kr/web/image/0AUDLJ08S_00299/,9,동영상,
배곧은근,,http://openapi.kspo.or.kr/web/video/,"실내에서 할 수 있는 운동 중, 누워서 수직으로 다리 들어올리기운동을 설명한 운동처방 동영상",10031616,29.96,1033,1280*720,매트,공통,1103,,0AUDLJ08S_00299_SC_00010.jpeg,복직근,2021,실내,62,복부,한국어,누워서 수직으로 다리 들어올리,20220929,복부의 근,누워서 수직으로 다리 들어올리,36.803,,mp4,0AUDLJ08S_00299.mp4,Rectus Abdominis,http://openapi.kspo.or.kr/web/image/0AUDLJ08S_00299/,10,동영상,
배곧은근,,http://openapi.kspo.or.kr/web/video/,"실내에서 할 수 있는 운동 중, 누워서 수직으로 다리 들어올리기운동을 설명한 운동처방 동영상",10031616,29.96,1034,1280*720,매트,공통,1219,,0AUDLJ08S_00299_SC_00011.jpeg,복직근,2021,실내,62,복부,한국어,누워서 수직으로 다리 들어올리,20220929,복부의 근,누워서 수직으로 다리 들어올리,40.674,,mp4,0AUDLJ08S_00299.mp4,Rectus Abdominis,http://openapi.kspo.or.kr/web/image/0AUDLJ08S_00299/,11,동영상,
배곧은근,,http://openapi.kspo.or.kr/web/video/,"실내에서 할 수 있는 운동 중, 누워서 수직으로 다리 들어올리기운동을 설명한 운동처방 동영상",10031616,29.96,1035,1280*720,매트,공통,1335,,0AUDLJ08S_00299_SC_00012.jpeg,복직근,2021,실내,62,복부,한국어,누워서 수직으로 다리 들어올리,20220929,복부의 근,누워서 수직으로 다리 들어올리,44.544,,mp4,0AUDLJ08S_00299.mp4,Rectus Abdominis,http://openapi.kspo.or.kr/web/image/0AUDLJ08S_00299/,12,동영상,
배곧은근,,http://openapi.kspo.or.kr/web/video/,"실내에서 할 수 있는 운동 중, 누워서 수직으로 다리 들어올리기운동을 설명한 운동처방 동영상",10031616,29.96,1036,1280*720,매트,공통,1393,,0AUDLJ08S_00299_SC_00013.jpeg,복직근,2021,실내,62,복부,한국어,누워서 수직으로 다리 들어올리,20220929,복부의 근,누워서 수직으로 다리 들어올리,46.479,,mp4,0AUDLJ08S_00299.mp4,Rectus Abdominis,http://openapi.kspo.or.kr/web/image/0AUDLJ08S_00299/,13,동영상,
배곧은근,,http://openapi.kspo.or.kr/web/video/,"실내에서 할 수 있는 운동 중, 누워서 수직으로 다리 들어올리기운동을 설명한 운동처방 동영상",10031616,29.96,1037,1280*720,매트,공통,1422,,0AUDLJ08S_00299_SC_00014.jpeg,복직근,2021,실내,62,복부,한국어,누워서 수직으로 다리 들어올리,20220929,복부의 근,누워서 수직으로 다리 들어올리,47.447,,mp4,0AUDLJ08S_00299.mp4,Rectus Abdominis,http://openapi.kspo.or.kr/web/image/0AUDLJ08S_00299/,14,동영상,
배곧은근,,http://openapi.kspo.or.kr/web/video/,"실내에서 할 수 있는 운동 중, 누워서 수직으로 다리 들어올리기운동을 설명한 운동처방 동영상",10031616,29.96,1038,1280*720,매트,공통,1480,,0AUDLJ08S_00299_SC_00015.jpeg,복직근,2021,실내,62,복부,한국어,누워서 수직으로 다리 들어올리,20220929,복부의 근,누워서 수직으로 다리 들어올리,49.382,,mp4,0AUDLJ08S_00299.mp4,Rectus Abdominis,http://openapi.kspo.or.kr/web/image/0AUDLJ08S_00299/,15,동영상,
배곧은근,,http://openapi.kspo.or.kr/web/video/,"실내에서 할 수 있는 운동 중, 누워서 수직으로 다리 들어올리기운동을 설명한 운동처방 동영상",10031616,29.96,1039,1280*720,매트,공통,1538,,0AUDLJ08S_00299_SC_00016.jpeg,복직근,2021,실내,62,복부,한국어,누워서 수직으로 다리 들어올리,20220929,복부의 근,누워서 수직으로 다리 들어올리,51.317,,mp4,0AUDLJ08S_00299.mp4,Rectus Abdominis,http://openapi.kspo.or.kr/web/image/0AUDLJ08S_00299/,16,동영상,
배곧은근,,http://openapi.kspo.or.kr/web/video/,"실내에서 할 수 있는 운동 중, 누워서 수직으로 다리 들어올리기운동을 설명한 운동처방 동영상",10031616,29.96,1040,1280*720,매트,공통,1567,,0AUDLJ08S_00299_SC_00017.jpeg,복직근,2021,실내,62,복부,한국어,누워서 수직으로 다리 들어올리,20220929,복부의 근,누워서 수직으로 다리 들어올리,52.285,,mp4,0AUDLJ08S_00299.mp4,Rectus Abdominis,http://openapi.kspo.or.kr/web/image/0AUDLJ08S_00299/,17,동영상,
배곧은근,,http://openapi.kspo.or.kr/web/video/,"실내에서 할 수 있는 운동 중, 누워서 수직으로 다리 들어올리기운동을 설명한 운동처방 동영상",10031616,29.96,1041,1280*720,매트,공통,1596,,0AUDLJ08S_00299_SC_00018.jpeg,복직근,2021,실내,62,복부,한국어,누워서 수직으로 다리 들어올리,20220929,복부의 근,누워서 수직으로 다리 들어올리,53.253,,mp4,0AUDLJ08S_00299.mp4,Rectus Abdominis,http://openapi.kspo.or.kr/web/image/0AUDLJ08S_00299/,18,동영상,
"큰볼기근,큰허리근,넙다리두갈래근",,http://openapi.kspo.or.kr/web/video/,"실내에서 할 수 있는 운동 중, 공 잡고 들어올리기운동을 설명한 운동처방 동영상",12499632,29.96,1042,1280*720,짐볼,공통,30,,0AUDLJ08S_00300_SC_00001.jpeg,"대둔근,대요근,대퇴이두근",2021,실내,75,"엉덩이,앞쪽 골반,뒤쪽 넓적다리",한국어,공 잡고 들어올리기,20220929,"골반의 근,골반의 근,하지의 근",공 잡고 들어올리기,1.001,,mp4,0AUDLJ08S_00300.mp4,"Gluteus Maximus,Psoas Major,Biceps Femoris",http://openapi.kspo.or.kr/web/image/0AUDLJ08S_00300/,1,동영상,
"큰볼기근,큰허리근,넙다리두갈래근",,http://openapi.kspo.or.kr/web/video/,"실내에서 할 수 있는 운동 중, 공 잡고 들어올리기운동을 설명한 운동처방 동영상",12499632,29.96,1043,1280*720,짐볼,공통,59,,0AUDLJ08S_00300_SC_00002.jpeg,"대둔근,대요근,대퇴이두근",2021,실내,75,"엉덩이,앞쪽 골반,뒤쪽 넓적다리",한국어,공 잡고 들어올리기,20220929,"골반의 근,골반의 근,하지의 근",공 잡고 들어올리기,1.968,,mp4,0AUDLJ08S_00300.mp4,"Gluteus Maximus,Psoas Major,Biceps Femoris",http://openapi.kspo.or.kr/web/image/0AUDLJ08S_00300/,2,동영상,
"큰볼기근,큰허리근,넙다리두갈래근",,http://openapi.kspo.or.kr/web/video/,"실내에서 할 수 있는 운동 중, 공 잡고 들어올리기운동을 설명한 운동처방 동영상",12499632,29.96,1044,1280*720,공,공통,146,,0AUDLJ08S_00300_SC_00004.jpeg,"대둔근,대요근,대퇴이두근",2021,실내,75,"엉덩이,앞쪽 골반,뒤쪽 넓적다리",한국어,공 잡고 들어올리기,20220929,"골반의 근,골반의 근,하지의 근",공 잡고 들어올리기,4.871,,mp4,0AUDLJ08S_00300.mp4,"Gluteus Maximus,Psoas Major,Biceps Femoris",http://openapi.kspo.or.kr/web/image/0AUDLJ08S_00300/,3,동영상,
"큰볼기근,큰허리근,넙다리두갈래근",,http://openapi.kspo.or.kr/web/video/,"실내에서 할 수 있는 운동 중, 공 잡고 들어올리기운동을 설명한 운동처방 동영상",12499632,29.96,1045,1280*720,공,공통,842,,0AUDLJ08S_00300_SC_00005.jpeg,"대둔근,대요근,대퇴이두근",2021,실내,75,"엉덩이,앞쪽 골반,뒤쪽 넓적다리",한국어,공 잡고 들어올리기,20220929,"골반의 근,골반의 근,하지의 근",공 잡고 들어올리기,28.094,,mp4,0AUDLJ08S_00300.mp4,"Gluteus Maximus,Psoas Major,Biceps Femoris",http://openapi.kspo.or.kr/web/image/0AUDLJ08S_00300/,4,동영상,
"큰볼기근,큰허리근,넙다리두갈래근",,http://openapi.kspo.or.kr/web/video/,"실내에서 할 수 있는 운동 중, 공 잡고 들어올리기운동을 설명한 운동처방 동영상",12499632,29.96,1046,1280*720,공,공통,1132,,0AUDLJ08S_00300_SC_00006.jpeg,"대둔근,대요근,대퇴이두근",2021,실내,75,"엉덩이,앞쪽 골반,뒤쪽 넓적다리",한국어,공 잡고 들어올리기,20220929,"골반의 근,골반의 근,하지의 근",공 잡고 들어올리기,37.771,,mp4,0AUDLJ08S_00300.mp4,"Gluteus Maximus,Psoas Major,Biceps Femoris",http://openapi.kspo.or.kr/web/image/0AUDLJ08S_00300/,5,동영상,
"큰볼기근,큰허리근,넙다리두갈래근",,http://openapi.kspo.or.kr/web/video/,"실내에서 할 수 있는 운동 중, 공 잡고 들어올리기운동을 설명한 운동처방 동영상",12499632,29.96,1047,1280*720,밴드,공통,1480,,0AUDLJ08S_00300_SC_00010.jpeg,"대둔근,대요근,대퇴이두근",2021,실내,75,"엉덩이,앞쪽 골반,뒤쪽 넓적다리",한국어,밴드 잡고 들어올리기,20220929,"골반의 근,골반의 근,하지의 근",공 잡고 들어올리기,49.382,,mp4,0AUDLJ08S_00300.mp4,"Gluteus Maximus,Psoas Major,Biceps Femoris",http://openapi.kspo.or.kr/web/image/0AUDLJ08S_00300/,6,동영상,
"큰볼기근,큰허리근,넙다리두갈래근",,http://openapi.kspo.or.kr/web/video/,"실내에서 할 수 있는 운동 중, 공 잡고 들어올리기운동을 설명한 운동처방 동영상",12499632,29.96,1048,1280*720,밴드,공통,1625,,0AUDLJ08S_00300_SC_00011.jpeg,"대둔근,대요근,대퇴이두근",2021,실내,75,"엉덩이,앞쪽 골반,뒤쪽 넓적다리",한국어,밴드 잡고 들어올리기,20220929,"골반의 근,골반의 근,하지의 근",공 잡고 들어올리기,54.22,,mp4,0AUDLJ08S_00300.mp4,"Gluteus Maximus,Psoas Major,Biceps Femoris",http://openapi.kspo.or.kr/web/image/0AUDLJ08S_00300/,7,동영상,
"큰볼기근,큰허리근,넙다리두갈래근",,http://openapi.kspo.or.kr/web/video/,"실내에서 할 수 있는 운동 중, 공 잡고 들어올리기운동을 설명한 운동처방 동영상",12499632,29.96,1049,1280*720,짐볼,공통,1770,,0AUDLJ08S_00300_SC_00012.jpeg,"대둔근,대요근,대퇴이두근",2021,실내,75,"엉덩이,앞쪽 골반,뒤쪽 넓적다리",한국어,짐볼 잡고 들어올리기,20220929,"골반의 근,골반의 근,하지의 근",공 잡고 들어올리기,59.059,,mp4,0AUDLJ08S_00300.mp4,"Gluteus Maximus,Psoas Major,Biceps Femoris",http://openapi.kspo.or.kr/web/image/0AUDLJ08S_00300/,8,동영상,
"큰볼기근,큰허리근,넙다리두갈래근",,http://openapi.kspo.or.kr/web/video/,"실내에서 할 수 있는 운동 중, 공 잡고 들어올리기운동을 설명한 운동처방 동영상",12499632,29.96,1050,1280*720,짐볼,공통,1915,,0AUDLJ08S_00300_SC_00013.jpeg,"대둔근,대요근,대퇴이두근",2021,실내,75,"엉덩이,앞쪽 골반,뒤쪽 넓적다리",한국어,짐볼 잡고 들어올리기,20220929,"골반의 근,골반의 근,하지의 근",공 잡고 들어올리기,63.897,,mp4,0AUDLJ08S_00300.mp4,"Gluteus Maximus,Psoas Major,Biceps Femoris",http://openapi.kspo.or.kr/web/image/0AUDLJ08S_00300/,9,동영상,
"큰볼기근,큰허리근,넙다리두갈래근",,http://openapi.kspo.or.kr/web/video/,"실내에서 할 수 있는 운동 중, 공 잡고 들어올리기운동을 설명한 운동처방 동영상",12499632,29.96,1051,1280*720,짐볼,공통,2060,,0AUDLJ08S_00300_SC_00014.jpeg,"대둔근,대요근,대퇴이두근",2021,실내,75,"엉덩이,앞쪽 골반,뒤쪽 넓적다리",한국어,짐볼 잡고 들어올리기,20220929,"골반의 근,골반의 근,하지의 근",공 잡고 들어올리기,68.735,,mp4,0AUDLJ08S_00300.mp4,"Gluteus Maximus,Psoas Major,Biceps Femoris",http://openapi.kspo.or.kr/web/image/0AUDLJ08S_00300/,10,동영상,
"큰볼기근,큰허리근,넙다리두갈래근",,http://openapi.kspo.or.kr/web/video/,"실내에서 할 수 있는 운동 중, 공 잡고 들어올리기운동을 설명한 운동처방 동영상",12499632,29.96,1052,1280*720,짐볼,공통,2089,,0AUDLJ08S_00300_SC_00015.jpeg,"대둔근,대요근,대퇴이두근",2021,실내,75,"엉덩이,앞쪽 골반,뒤쪽 넓적다리",한국어,짐볼 잡고 들어올리기,20220929,"골반의 근,골반의 근,하지의 근",공 잡고 들어올리기,69.703,,mp4,0AUDLJ08S_00300.mp4,"Gluteus Maximus,Psoas Major,Biceps Femoris",http://openapi.kspo.or.kr/web/image/0AUDLJ08S_00300/,11,동영상,
"큰볼기근,큰허리근,넙다리두갈래근",,http://openapi.kspo.or.kr/web/video/,"실내에서 할 수 있는 운동 중, 공 잡고 들어올리기운동을 설명한 운동처방 동영상",12499632,29.96,1053,1280*720,짐볼,공통,2118,,0AUDLJ08S_00300_SC_00016.jpeg,"대둔근,대요근,대퇴이두근",2021,실내,75,"엉덩이,앞쪽 골반,뒤쪽 넓적다리",한국어,짐볼 잡고 들어올리기,20220929,"골반의 근,골반의 근,하지의 근",공 잡고 들어올리기,70.67,,mp4,0AUDLJ08S_00300.mp4,"Gluteus Maximus,Psoas Major,Biceps Femoris",http://openapi.kspo.or.kr/web/image/0AUDLJ08S_00300/,12,동영상,
"큰볼기근,큰허리근,넙다리두갈래근",,http://openapi.kspo.or.kr/web/video/,"실내에서 할 수 있는 운동 중, 공 잡고 들어올리기운동을 설명한 운동처방 동영상",12499632,29.96,1054,1280*720,짐볼,공통,2147,,0AUDLJ08S_00300_SC_00017.jpeg,"대둔근,대요근,대퇴이두근",2021,실내,75,"엉덩이,앞쪽 골반,뒤쪽 넓적다리",한국어,짐볼 잡고 들어올리기,20220929,"골반의 근,골반의 근,하지의 근",공 잡고 들어올리기,71.638,,mp4,0AUDLJ08S_00300.mp4,"Gluteus Maximus,Psoas Major,Biceps Femoris",http://openapi.kspo.or.kr/web/image/0AUDLJ08S_00300/,13,동영상,
"큰가슴근,앞세모근,위팔세갈래근",,http://openapi.kspo.or.kr/web/video/,"실내에서 할 수 있는 운동 중, 누워서 공 뒤로 내리고 당기기운동을 설명한 운동처방 동영상",12753288,29.96,1055,1280*720,공,공통,88,,0AUDLJ08S_00301_SC_00001.jpeg,"대흉근,전면삼각근,상완삼두근",2021,실내,77,"가슴,앞쪽 어깨,뒤쪽 위팔",한국어,누워서 공 뒤로 내리고 당기기,20221013,"가슴의 근,상지의 근,상지의 근",누워서 공 뒤로 내리고 당기기,2.936,,mp4,0AUDLJ08S_00301.mp4,"Pectoralis Major,Anterior Deltoid,Triceps Brachii",http://openapi.kspo.or.kr/web/image/0AUDLJ08S_00301/,1,동영상,
"큰가슴근,앞세모근,위팔세갈래근",,http://openapi.kspo.or.kr/web/video/,"실내에서 할 수 있는 운동 중, 누워서 공 뒤로 내리고 당기기운동을 설명한 운동처방 동영상",12753288,29.96,1056,1280*720,공,공통,871,,0AUDLJ08S_00301_SC_00006.jpeg,"대흉근,전면삼각근,상완삼두근",2021,실내,77,"가슴,앞쪽 어깨,뒤쪽 위팔",한국어,누워서 공 뒤로 내리고 당기기,20221013,"가슴의 근,상지의 근,상지의 근",누워서 공 뒤로 내리고 당기기,29.062,,mp4,0AUDLJ08S_00301.mp4,"Pectoralis Major,Anterior Deltoid,Triceps Brachii",http://openapi.kspo.or.kr/web/image/0AUDLJ08S_00301/,2,동영상,
"큰가슴근,앞세모근,위팔세갈래근",,http://openapi.kspo.or.kr/web/video/,"실내에서 할 수 있는 운동 중, 누워서 공 뒤로 내리고 당기기운동을 설명한 운동처방 동영상",12753288,29.96,1057,1280*720,공,공통,900,,0AUDLJ08S_00301_FR_00011.jpeg,"대흉근,전면삼각근,상완삼두근",2021,실내,77,"가슴,앞쪽 어깨,뒤쪽 위팔",한국어,누워서 공 뒤로 내리고 당기기,20221013,"가슴의 근,상지의 근,상지의 근",누워서 공 뒤로 내리고 당기기,30.03,,mp4,0AUDLJ08S_00301.mp4,"Pectoralis Major,Anterior Deltoid,Triceps Brachii",http://openapi.kspo.or.kr/web/image/0AUDLJ08S_00301/,3,동영상,
"큰가슴근,앞세모근,위팔세갈래근",,http://openapi.kspo.or.kr/web/video/,"실내에서 할 수 있는 운동 중, 누워서 공 뒤로 내리고 당기기운동을 설명한 운동처방 동영상",12753288,29.96,1058,1280*720,공,공통,1451,,0AUDLJ08S_00301_SC_00008.jpeg,"대흉근,전면삼각근,상완삼두근",2021,실내,77,"가슴,앞쪽 어깨,뒤쪽 위팔",한국어,누워서 공 뒤로 내리고 당기기,20221013,"가슴의 근,상지의 근,상지의 근",누워서 공 뒤로 내리고 당기기,48.415,,mp4,0AUDLJ08S_00301.mp4,"Pectoralis Major,Anterior Deltoid,Triceps Brachii",http://openapi.kspo.or.kr/web/image/0AUDLJ08S_00301/,4,동영상,
"큰가슴근,앞세모근,위팔세갈래근",,http://openapi.kspo.or.kr/web/video/,"실내에서 할 수 있는 운동 중, 누워서 공 뒤로 내리고 당기기운동을 설명한 운동처방 동영상",12753288,29.96,1059,1280*720,봉,공통,1799,,0AUDLJ08S_00301_FR_00021.jpeg,"대흉근,전면삼각근,상완삼두근",2021,실내,77,"가슴,앞쪽 어깨,뒤쪽 위팔",한국어,누워서 봉 뒤로 내리고 당기기,20221013,"가슴의 근,상지의 근,상지의 근",누워서 공 뒤로 내리고 당기기,60.026,,mp4,0AUDLJ08S_00301.mp4,"Pectoralis Major,Anterior Deltoid,Triceps Brachii",http://openapi.kspo.or.kr/web/image/0AUDLJ08S_00301/,5,동영상,
"큰가슴근,앞세모근,위팔세갈래근",,http://openapi.kspo.or.kr/web/video/,"실내에서 할 수 있는 운동 중, 누워서 공 뒤로 내리고 당기기운동을 설명한 운동처방 동영상",12753288,29.96,1060,1280*720,짐볼,공통,2068,,0AUDLJ08S_00301_FR_00024.jpeg,"대흉근,전면삼각근,상완삼두근",2021,실내,77,"가슴,앞쪽 어깨,뒤쪽 위팔",한국어,누워서 짐볼 뒤로 내리고 당기기,20221013,"가슴의 근,상지의 근,상지의 근",누워서 공 뒤로 내리고 당기기,69.002,,mp4,0AUDLJ08S_00301.mp4,"Pectoralis Major,Anterior Deltoid,Triceps Brachii",http://openapi.kspo.or.kr/web/image/0AUDLJ08S_00301/,6,동영상,
,,http://openapi.kspo.or.kr/web/video/,"실내에서 할 수 있는 운동 중, 의자에 앉아 볼 돌리기운동을 설명한 운동처방 동영상",7357934,29.96,1061,1280*720,공,공통,88,,0AUDLJ08S_00302_SC_00001.jpeg,,2021,실내,47,,한국어,의자에 앉아 볼 돌리기,20220930,,의자에 앉아 볼 돌리기,2.936,,mp4,0AUDLJ08S_00302.mp4,,http://openapi.kspo.or.kr/web/image/0AUDLJ08S_00302/,1,동영상,
"손목굽힘근,손목폄근",,http://openapi.kspo.or.kr/web/video/,"실내에서 할 수 있는 운동 중, 의자에 앉아 볼 돌리기운동을 설명한 운동처방 동영상",7357934,29.96,1062,1280*720,공,공통,407,,0AUDLJ08S_00302_SC_00005.jpeg,"수근관절굴곡근,수근관절신근",2021,실내,47,"앞쪽 아래팔,뒤쪽 아래팔",한국어,의자에 앉아 볼 돌리기,20220930,"상지의 근,상지의 근",의자에 앉아 볼 돌리기,13.58,,mp4,0AUDLJ08S_00302.mp4,"Hand Flexor,Wrist Extensors",http://openapi.kspo.or.kr/web/image/0AUDLJ08S_00302/,2,동영상,
"손목굽힘근,손목폄근",,http://openapi.kspo.or.kr/web/video/,"실내에서 할 수 있는 운동 중, 의자에 앉아 볼 돌리기운동을 설명한 운동처방 동영상",7357934,29.96,1063,1280*720,공,공통,523,,0AUDLJ08S_00302_SC_00006.jpeg,"수근관절굴곡근,수근관절신근",2021,실내,47,"앞쪽 아래팔,뒤쪽 아래팔",한국어,의자에 앉아 볼 돌리기,20220930,"상지의 근,상지의 근",의자에 앉아 볼 돌리기,17.45,,mp4,0AUDLJ08S_00302.mp4,"Hand Flexor,Wrist Extensors",http://openapi.kspo.or.kr/web/image/0AUDLJ08S_00302/,3,동영상,
"손목굽힘근,손목폄근",,http://openapi.kspo.or.kr/web/video/,"실내에서 할 수 있는 운동 중, 의자에 앉아 볼 돌리기운동을 설명한 운동처방 동영상",7357934,29.96,1064,1280*720,공,공통,1074,,0AUDLJ08S_00302_SC_00010.jpeg,"수근관절굴곡근,수근관절신근",2021,실내,47,"앞쪽 아래팔,뒤쪽 아래팔",한국어,의자에 앉아 볼 돌리기,20220930,"상지의 근,상지의 근",의자에 앉아 볼 돌리기,35.835,,mp4,0AUDLJ08S_00302.mp4,"Hand Flexor,Wrist Extensors",http://openapi.kspo.or.kr/web/image/0AUDLJ08S_00302/,4,동영상,
"위팔두갈래근,위팔세갈래근",,http://openapi.kspo.or.kr/web/video/,"실내에서 할 수 있는 운동 중, 앉아서팔꿈치굽히기/펴기운동을 설명한 운동처방 동영상",8869286,29.96,1065,1280*720,덤벨,공통,59,,0AUDLJ08S_00303_SC_00001.jpeg,"상완이두근,상완삼두근",2021,실내,57,"앞쪽 위팔,뒤쪽 위팔",한국어,앉아서 팔꿈치 굽히기/펴기,20221017,"상지의 근,상지의 근",앉아서팔꿈치굽히기/펴기,1.968,,mp4,0AUDLJ08S_00303.mp4,"Biceps Brachii,Triceps Brachii",http://openapi.kspo.or.kr/web/image/0AUDLJ08S_00303/,1,동영상,
위팔두갈래근,,http://openapi.kspo.or.kr/web/video/,"실내에서 할 수 있는 운동 중, 앉아서팔꿈치굽히기/펴기운동을 설명한 운동처방 동영상",8869286,29.96,1066,1280*720,덤벨,공통,552,,0AUDLJ08S_00303_SC_00005.jpeg,상완이두근,2021,실내,57,앞쪽 위팔,한국어,앉아서 팔꿈치 굽히기/펴기,20221017,상지의 근,앉아서팔꿈치굽히기/펴기,18.418,,mp4,0AUDLJ08S_00303.mp4,Biceps Brachii,http://openapi.kspo.or.kr/web/image/0AUDLJ08S_00303/,2,동영상,
위팔세갈래근,,http://openapi.kspo.or.kr/web/video/,"실내에서 할 수 있는 운동 중, 앉아서팔꿈치굽히기/펴기운동을 설명한 운동처방 동영상",8869286,29.96,1067,1280*720,덤벨,공통,1045,,0AUDLJ08S_00303_SC_00008.jpeg,상완삼두근,2021,실내,57,뒤쪽 위팔,한국어,앉아서 팔꿈치 굽히기/펴기,20221017,상지의 근,앉아서팔꿈치굽히기/펴기,34.868,,mp4,0AUDLJ08S_00303.mp4,Triceps Brachii,http://openapi.kspo.or.kr/web/image/0AUDLJ08S_00303/,3,동영상,
위팔세갈래근,,http://openapi.kspo.or.kr/web/video/,"실내에서 할 수 있는 운동 중, 앉아서팔꿈치굽히기/펴기운동을 설명한 운동처방 동영상",8869286,29.96,1068,1280*720,덤벨,공통,1422,,0AUDLJ08S_00303_SC_00010.jpeg,상완삼두근,2021,실내,57,뒤쪽 위팔,한국어,앉아서 팔꿈치 굽히기/펴기,20221017,상지의 근,앉아서팔꿈치굽히기/펴기,47.447,,mp4,0AUDLJ08S_00303.mp4,Triceps Brachii,http://openapi.kspo.or.kr/web/image/0AUDLJ08S_00303/,4,동영상,
"척추세움근,배곧은근,넙다리네갈래근",,http://openapi.kspo.or.kr/web/video/,"실내에서 할 수 있는 운동 중, 서서 균형잡기운동을 설명한 운동처방 동영상",8794030,29.96,1069,1280*720,보슈,공통,146,,0AUDLJ08S_00304_SC_00002.jpeg,"척추기립근,복직근,대퇴사두근",2021,실내,55,"척추,복부,앞쪽 넓적다리",한국어,서서 균형잡기,20220930,"등과 허리의 근,복부의 근,하지의 근",서서 균형잡기,4.871,,mp4,0AUDLJ08S_00304.mp4,"Erector Spinae,Rectus Abdominis,Quadriceps Femoris",http://openapi.kspo.or.kr/web/image/0AUDLJ08S_00304/,1,동영상,
"척추세움근,배곧은근,넙다리네갈래근",,http://openapi.kspo.or.kr/web/video/,"실내에서 할 수 있는 운동 중, 서서 균형잡기운동을 설명한 운동처방 동영상",8794030,29.96,1070,1280*720,보슈,공통,378,,0AUDLJ08S_00304_SC_00003.jpeg,"척추기립근,복직근,대퇴사두근",2021,실내,55,"척추,복부,앞쪽 넓적다리",한국어,서서 균형잡기,20220930,"등과 허리의 근,복부의 근,하지의 근",서서 균형잡기,12.612,,mp4,0AUDLJ08S_00304.mp4,"Erector Spinae,Rectus Abdominis,Quadriceps Femoris",http://openapi.kspo.or.kr/web/image/0AUDLJ08S_00304/,2,동영상,
"척추세움근,배곧은근,넙다리네갈래근",,http://openapi.kspo.or.kr/web/video/,"실내에서 할 수 있는 운동 중, 서서 균형잡기운동을 설명한 운동처방 동영상",8794030,29.96,1071,1280*720,보슈,공통,494,,0AUDLJ08S_00304_SC_00004.jpeg,"척추기립근,복직근,대퇴사두근",2021,실내,55,"척추,복부,앞쪽 넓적다리",한국어,서서 균형잡기,20220930,"등과 허리의 근,복부의 근,하지의 근",서서 균형잡기,16.483,,mp4,0AUDLJ08S_00304.mp4,"Erector Spinae,Rectus Abdominis,Quadriceps Femoris",http://openapi.kspo.or.kr/web/image/0AUDLJ08S_00304/,3,동영상,
"척추세움근,배곧은근,넙다리네갈래근",,http://openapi.kspo.or.kr/web/video/,"실내에서 할 수 있는 운동 중, 서서 균형잡기운동을 설명한 운동처방 동영상",8794030,29.96,1072,1280*720,보슈,공통,610,,0AUDLJ08S_00304_SC_00005.jpeg,"척추기립근,복직근,대퇴사두근",2021,실내,55,"척추,복부,앞쪽 넓적다리",한국어,서서 균형잡기,20220930,"등과 허리의 근,복부의 근,하지의 근",서서 균형잡기,20.353,,mp4,0AUDLJ08S_00304.mp4,"Erector Spinae,Rectus Abdominis,Quadriceps Femoris",http://openapi.kspo.or.kr/web/image/0AUDLJ08S_00304/,4,동영상,
"척추세움근,배곧은근,넙다리네갈래근",,http://openapi.kspo.or.kr/web/video/,"실내에서 할 수 있는 운동 중, 서서 균형잡기운동을 설명한 운동처방 동영상",8794030,29.96,1073,1280*720,보슈,공통,726,,0AUDLJ08S_00304_SC_00006.jpeg,"척추기립근,복직근,대퇴사두근",2021,실내,55,"척추,복부,앞쪽 넓적다리",한국어,서서 균형잡기,20220930,"등과 허리의 근,복부의 근,하지의 근",서서 균형잡기,24.224,,mp4,0AUDLJ08S_00304.mp4,"Erector Spinae,Rectus Abdominis,Quadriceps Femoris",http://openapi.kspo.or.kr/web/image/0AUDLJ08S_00304/,5,동영상,
"척추세움근,배곧은근,넙다리네갈래근",,http://openapi.kspo.or.kr/web/video/,"실내에서 할 수 있는 운동 중, 서서 균형잡기운동을 설명한 운동처방 동영상",8794030,29.96,1074,1280*720,보슈,공통,1219,,0AUDLJ08S_00304_SC_00008.jpeg,"척추기립근,복직근,대퇴사두근",2021,실내,55,"척추,복부,앞쪽 넓적다리",한국어,서서 균형잡기,20220930,"등과 허리의 근,복부의 근,하지의 근",서서 균형잡기,40.674,,mp4,0AUDLJ08S_00304.mp4,"Erector Spinae,Rectus Abdominis,Quadriceps Femoris",http://openapi.kspo.or.kr/web/image/0AUDLJ08S_00304/,6,동영상,
"척추세움근,배곧은근,넙다리네갈래근",,http://openapi.kspo.or.kr/web/video/,"실내에서 할 수 있는 운동 중, 서서 균형잡기운동을 설명한 운동처방 동영상",8794030,29.96,1075,1280*720,보슈,공통,1335,,0AUDLJ08S_00304_SC_00009.jpeg,"척추기립근,복직근,대퇴사두근",2021,실내,55,"척추,복부,앞쪽 넓적다리",한국어,서서 균형잡기,20220930,"등과 허리의 근,복부의 근,하지의 근",서서 균형잡기,44.544,,mp4,0AUDLJ08S_00304.mp4,"Erector Spinae,Rectus Abdominis,Quadriceps Femoris",http://openapi.kspo.or.kr/web/image/0AUDLJ08S_00304/,7,동영상,
"척추세움근,배곧은근,넙다리네갈래근",,http://openapi.kspo.or.kr/web/video/,"실내에서 할 수 있는 운동 중, 서서 균형잡기운동을 설명한 운동처방 동영상",8794030,29.96,1076,1280*720,보슈,공통,1451,,0AUDLJ08S_00304_SC_00010.jpeg,"척추기립근,복직근,대퇴사두근",2021,실내,55,"척추,복부,앞쪽 넓적다리",한국어,서서 균형잡기,20220930,"등과 허리의 근,복부의 근,하지의 근",서서 균형잡기,48.415,,mp4,0AUDLJ08S_00304.mp4,"Erector Spinae,Rectus Abdominis,Quadriceps Femoris",http://openapi.kspo.or.kr/web/image/0AUDLJ08S_00304/,8,동영상,
"볼기근,허리근,등세모근,마름모근,척추세움근,어깨세모근,넙다리네갈래근",,http://openapi.kspo.or.kr/web/video/,"실내에서 할 수 있는 운동 중, 엎드려서 균형잡기운동을 설명한 운동처방 동영상",13685985,29.96,1077,1280*720,보슈,공통,90,,0AUDLJ08S_00305_FR_00002.jpeg,"둔근,요근,승모근,능형근,척추기립근,삼각근,대퇴사두근",2021,실내,82,"엉덩이,앞쪽 골반,등,등,척추,바깥쪽 어깨,앞쪽 넓적다리",한국어,엎드려서 균형잡기,20221018,"골반의 근,골반의 근,등과 허리의 근,등과 허리의 근,등과 허리의 근,상지의 근,하지의 근",엎드려서 균형잡기,3.003,,mp4,0AUDLJ08S_00305.mp4,"Gluteal,Psoas,Trapezius,Rhomboid,Erector Spinae,Deltoid,Quadriceps Femoris",http://openapi.kspo.or.kr/web/image/0AUDLJ08S_00305/,1,동영상,
"볼기근,등세모근,마름모근,척추세움근,어깨세모근",,http://openapi.kspo.or.kr/web/video/,"실내에서 할 수 있는 운동 중, 엎드려서 균형잡기운동을 설명한 운동처방 동영상",13685985,29.96,1078,1280*720,보슈,공통,720,,0AUDLJ08S_00305_FR_00009.jpeg,"둔근,승모근,능형근,척추기립근,삼각근",2021,실내,82,"엉덩이,등,등,척추,바깥쪽 어깨",한국어,엎드려서 균형잡기,20221018,"골반의 근,등과 허리의 근,등과 허리의 근,등과 허리의 근,상지의 근",엎드려서 균형잡기,24.024,,mp4,0AUDLJ08S_00305.mp4,"Gluteal,Trapezius,Rhomboid,Erector Spinae,Deltoid",http://openapi.kspo.or.kr/web/image/0AUDLJ08S_00305/,2,동영상,
"볼기근,허리근,등세모근,마름모근,척추세움근,어깨세모근,넙다리네갈래근",,http://openapi.kspo.or.kr/web/video/,"실내에서 할 수 있는 운동 중, 엎드려서 균형잡기운동을 설명한 운동처방 동영상",13685985,29.96,1079,1280*720,보슈,공통,1169,,0AUDLJ08S_00305_FR_00014.jpeg,"둔근,요근,승모근,능형근,척추기립근,삼각근,대퇴사두근",2021,실내,82,"엉덩이,앞쪽 골반,등,등,척추,바깥쪽 어깨,앞쪽 넓적다리",한국어,엎드려서 균형잡기,20221018,"골반의 근,골반의 근,등과 허리의 근,등과 허리의 근,등과 허리의 근,상지의 근,하지의 근",엎드려서 균형잡기,39.005,,mp4,0AUDLJ08S_00305.mp4,"Gluteal,Psoas,Trapezius,Rhomboid,Erector Spinae,Deltoid,Quadriceps Femoris",http://openapi.kspo.or.kr/web/image/0AUDLJ08S_00305/,3,동영상,
"볼기근,허리근,등세모근,마름모근,척추세움근,어깨세모근,넙다리네갈래근",,http://openapi.kspo.or.kr/web/video/,"실내에서 할 수 있는 운동 중, 엎드려서 균형잡기운동을 설명한 운동처방 동영상",13685985,29.96,1080,1280*720,보슈,공통,1529,,0AUDLJ08S_00305_FR_00018.jpeg,"둔근,요근,승모근,능형근,척추기립근,삼각근,대퇴사두근",2021,실내,82,"엉덩이,앞쪽 골반,등,등,척추,바깥쪽 어깨,앞쪽 넓적다리",한국어,엎드려서 균형잡기,20221018,"골반의 근,골반의 근,등과 허리의 근,등과 허리의 근,등과 허리의 근,상지의 근,하지의 근",엎드려서 균형잡기,51.017,,mp4,0AUDLJ08S_00305.mp4,"Gluteal,Psoas,Trapezius,Rhomboid,Erector Spinae,Deltoid,Quadriceps Femoris",http://openapi.kspo.or.kr/web/image/0AUDLJ08S_00305/,4,동영상,
"볼기근,허리근,등세모근,마름모근,척추세움근,어깨세모근,넙다리네갈래근",,http://openapi.kspo.or.kr/web/video/,"실내에서 할 수 있는 운동 중, 엎드려서 균형잡기운동을 설명한 운동처방 동영상",13685985,29.96,1081,1280*720,보슈,공통,2248,,0AUDLJ08S_00305_FR_00026.jpeg,"둔근,요근,승모근,능형근,척추기립근,삼각근,대퇴사두근",2021,실내,82,"엉덩이,앞쪽 골반,등,등,척추,바깥쪽 어깨,앞쪽 넓적다리",한국어,엎드려서 균형잡기,20221018,"골반의 근,골반의 근,등과 허리의 근,등과 허리의 근,등과 허리의 근,상지의 근,하지의 근",엎드려서 균형잡기,75.008,,mp4,0AUDLJ08S_00305.mp4,"Gluteal,Psoas,Trapezius,Rhomboid,Erector Spinae,Deltoid,Quadriceps Femoris",http://openapi.kspo.or.kr/web/image/0AUDLJ08S_00305/,5,동영상,
"배곧은근,배빗근",,http://openapi.kspo.or.kr/web/video/,"실내에서 할 수 있는 운동 중, 윗몸 말아 올리기운동을 설명한 운동처방 동영상",14424451,29.96,1082,1280*720,보슈,공통,117,,0AUDLJ08S_00306_SC_00002.jpeg,"복직근,복사근",2021,실내,87,"복부,복부",한국어,윗몸 말아 올리기,20221003,"복부의 근,복부의 근",윗몸 말아 올리기,3.903,,mp4,0AUDLJ08S_00306.mp4,"Rectus Abdominis,Abdominal Oblique",http://openapi.kspo.or.kr/web/image/0AUDLJ08S_00306/,2,동영상,
"배곧은근,배빗근",,http://openapi.kspo.or.kr/web/video/,"실내에서 할 수 있는 운동 중, 윗몸 말아 올리기운동을 설명한 운동처방 동영상",14424451,29.96,1083,1280*720,보슈,공통,88,,0AUDLJ08S_00306_SC_00001.jpeg,"복직근,복사근",2021,실내,87,"복부,복부",한국어,윗몸 말아 올리기,20221003,"복부의 근,복부의 근",윗몸 말아 올리기,2.936,,mp4,0AUDLJ08S_00306.mp4,"Rectus Abdominis,Abdominal Oblique",http://openapi.kspo.or.kr/web/image/0AUDLJ08S_00306/,1,동영상,
"배곧은근,배빗근",,http://openapi.kspo.or.kr/web/video/,"실내에서 할 수 있는 운동 중, 윗몸 말아 올리기운동을 설명한 운동처방 동영상",14424451,29.96,1084,1280*720,보슈,공통,146,,0AUDLJ08S_00306_SC_00003.jpeg,"복직근,복사근",2021,실내,87,"복부,복부",한국어,윗몸 말아 올리기,20221003,"복부의 근,복부의 근",윗몸 말아 올리기,4.871,,mp4,0AUDLJ08S_00306.mp4,"Rectus Abdominis,Abdominal Oblique",http://openapi.kspo.or.kr/web/image/0AUDLJ08S_00306/,3,동영상,
"배곧은근,배빗근",,http://openapi.kspo.or.kr/web/video/,"실내에서 할 수 있는 운동 중, 윗몸 말아 올리기운동을 설명한 운동처방 동영상",14424451,29.96,1085,1280*720,보슈,공통,378,,0AUDLJ08S_00306_SC_00004.jpeg,"복직근,복사근",2021,실내,87,"복부,복부",한국어,윗몸 말아 올리기,20221003,"복부의 근,복부의 근",윗몸 말아 올리기,12.612,,mp4,0AUDLJ08S_00306.mp4,"Rectus Abdominis,Abdominal Oblique",http://openapi.kspo.or.kr/web/image/0AUDLJ08S_00306/,4,동영상,
"배곧은근,배빗근",,http://openapi.kspo.or.kr/web/video/,"실내에서 할 수 있는 운동 중, 윗몸 말아 올리기운동을 설명한 운동처방 동영상",14424451,29.96,1086,1280*720,보슈,공통,581,,0AUDLJ08S_00306_SC_00005.jpeg,"복직근,복사근",2021,실내,87,"복부,복부",한국어,윗몸 말아 올리기,20221003,"복부의 근,복부의 근",윗몸 말아 올리기,19.386,,mp4,0AUDLJ08S_00306.mp4,"Rectus Abdominis,Abdominal Oblique",http://openapi.kspo.or.kr/web/image/0AUDLJ08S_00306/,5,동영상,
"배곧은근,배빗근",,http://openapi.kspo.or.kr/web/video/,"실내에서 할 수 있는 운동 중, 윗몸 말아 올리기운동을 설명한 운동처방 동영상",14424451,29.96,1087,1280*720,보슈,공통,813,,0AUDLJ08S_00306_SC_00006.jpeg,"복직근,복사근",2021,실내,87,"복부,복부",한국어,윗몸 말아 올리기,20221003,"복부의 근,복부의 근",윗몸 말아 올리기,27.127,,mp4,0AUDLJ08S_00306.mp4,"Rectus Abdominis,Abdominal Oblique",http://openapi.kspo.or.kr/web/image/0AUDLJ08S_00306/,6,동영상,
"배곧은근,배빗근",,http://openapi.kspo.or.kr/web/video/,"실내에서 할 수 있는 운동 중, 윗몸 말아 올리기운동을 설명한 운동처방 동영상",14424451,29.96,1088,1280*720,보슈,공통,842,,0AUDLJ08S_00306_SC_00007.jpeg,"복직근,복사근",2021,실내,87,"복부,복부",한국어,윗몸 말아 올리기,20221003,"복부의 근,복부의 근",윗몸 말아 올리기,28.094,,mp4,0AUDLJ08S_00306.mp4,"Rectus Abdominis,Abdominal Oblique",http://openapi.kspo.or.kr/web/image/0AUDLJ08S_00306/,7,동영상,
"배곧은근,배빗근",,http://openapi.kspo.or.kr/web/video/,"실내에서 할 수 있는 운동 중, 윗몸 말아 올리기운동을 설명한 운동처방 동영상",14424451,29.96,1089,1280*720,보슈,공통,871,,0AUDLJ08S_00306_SC_00008.jpeg,"복직근,복사근",2021,실내,87,"복부,복부",한국어,윗몸 말아 올리기,20221003,"복부의 근,복부의 근",윗몸 말아 올리기,29.062,,mp4,0AUDLJ08S_00306.mp4,"Rectus Abdominis,Abdominal Oblique",http://openapi.kspo.or.kr/web/image/0AUDLJ08S_00306/,8,동영상,
"배곧은근,배빗근",,http://openapi.kspo.or.kr/web/video/,"실내에서 할 수 있는 운동 중, 윗몸 말아 올리기운동을 설명한 운동처방 동영상",14424451,29.96,1090,1280*720,보슈,공통,929,,0AUDLJ08S_00306_SC_00009.jpeg,"복직근,복사근",2021,실내,87,"복부,복부",한국어,윗몸 말아 올리기,20221003,"복부의 근,복부의 근",윗몸 말아 올리기,30.997,,mp4,0AUDLJ08S_00306.mp4,"Rectus Abdominis,Abdominal Oblique",http://openapi.kspo.or.kr/web/image/0AUDLJ08S_00306/,9,동영상,
"배곧은근,배빗근",,http://openapi.kspo.or.kr/web/video/,"실내에서 할 수 있는 운동 중, 윗몸 말아 올리기운동을 설명한 운동처방 동영상",14424451,29.96,1091,1280*720,보슈,공통,987,,0AUDLJ08S_00306_SC_00010.jpeg,"복직근,복사근",2021,실내,87,"복부,복부",한국어,윗몸 말아 올리기,20221003,"복부의 근,복부의 근",윗몸 말아 올리기,32.932,,mp4,0AUDLJ08S_00306.mp4,"Rectus Abdominis,Abdominal Oblique",http://openapi.kspo.or.kr/web/image/0AUDLJ08S_00306/,10,동영상,
"배곧은근,배빗근",,http://openapi.kspo.or.kr/web/video/,"실내에서 할 수 있는 운동 중, 윗몸 말아 올리기운동을 설명한 운동처방 동영상",14424451,29.96,1092,1280*720,보슈,공통,1016,,0AUDLJ08S_00306_SC_00011.jpeg,"복직근,복사근",2021,실내,87,"복부,복부",한국어,윗몸 말아 올리기,20221003,"복부의 근,복부의 근",윗몸 말아 올리기,33.9,,mp4,0AUDLJ08S_00306.mp4,"Rectus Abdominis,Abdominal Oblique",http://openapi.kspo.or.kr/web/image/0AUDLJ08S_00306/,11,동영상,
"배곧은근,배빗근",,http://openapi.kspo.or.kr/web/video/,"실내에서 할 수 있는 운동 중, 윗몸 말아 올리기운동을 설명한 운동처방 동영상",14424451,29.96,1093,1280*720,보슈,공통,1103,,0AUDLJ08S_00306_SC_00012.jpeg,"복직근,복사근",2021,실내,87,"복부,복부",한국어,윗몸 말아 올리기,20221003,"복부의 근,복부의 근",윗몸 말아 올리기,36.803,,mp4,0AUDLJ08S_00306.mp4,"Rectus Abdominis,Abdominal Oblique",http://openapi.kspo.or.kr/web/image/0AUDLJ08S_00306/,12,동영상,
"배곧은근,배빗근",,http://openapi.kspo.or.kr/web/video/,"실내에서 할 수 있는 운동 중, 윗몸 말아 올리기운동을 설명한 운동처방 동영상",14424451,29.96,1094,1280*720,보슈,공통,1132,,0AUDLJ08S_00306_SC_00013.jpeg,"복직근,복사근",2021,실내,87,"복부,복부",한국어,윗몸 말아 올리기,20221003,"복부의 근,복부의 근",윗몸 말아 올리기,37.771,,mp4,0AUDLJ08S_00306.mp4,"Rectus Abdominis,Abdominal Oblique",http://openapi.kspo.or.kr/web/image/0AUDLJ08S_00306/,13,동영상,
"배곧은근,배빗근",,http://openapi.kspo.or.kr/web/video/,"실내에서 할 수 있는 운동 중, 윗몸 말아 올리기운동을 설명한 운동처방 동영상",14424451,29.96,1095,1280*720,보슈,공통,1161,,0AUDLJ08S_00306_SC_00014.jpeg,"복직근,복사근",2021,실내,87,"복부,복부",한국어,윗몸 말아 올리기,20221003,"복부의 근,복부의 근",윗몸 말아 올리기,38.738,,mp4,0AUDLJ08S_00306.mp4,"Rectus Abdominis,Abdominal Oblique",http://openapi.kspo.or.kr/web/image/0AUDLJ08S_00306/,14,동영상,
"배곧은근,배빗근",,http://openapi.kspo.or.kr/web/video/,"실내에서 할 수 있는 운동 중, 윗몸 말아 올리기운동을 설명한 운동처방 동영상",14424451,29.96,1096,1280*720,보슈,공통,1190,,0AUDLJ08S_00306_SC_00015.jpeg,"복직근,복사근",2021,실내,87,"복부,복부",한국어,윗몸 말아 올리기,20221003,"복부의 근,복부의 근",윗몸 말아 올리기,39.706,,mp4,0AUDLJ08S_00306.mp4,"Rectus Abdominis,Abdominal Oblique",http://openapi.kspo.or.kr/web/image/0AUDLJ08S_00306/,15,동영상,
"배곧은근,배빗근",,http://openapi.kspo.or.kr/web/video/,"실내에서 할 수 있는 운동 중, 윗몸 말아 올리기운동을 설명한 운동처방 동영상",14424451,29.96,1097,1280*720,보슈,공통,1219,,0AUDLJ08S_00306_SC_00016.jpeg,"복직근,복사근",2021,실내,87,"복부,복부",한국어,윗몸 말아 올리기,20221003,"복부의 근,복부의 근",윗몸 말아 올리기,40.674,,mp4,0AUDLJ08S_00306.mp4,"Rectus Abdominis,Abdominal Oblique",http://openapi.kspo.or.kr/web/image/0AUDLJ08S_00306/,16,동영상,
"배곧은근,배빗근",,http://openapi.kspo.or.kr/web/video/,"실내에서 할 수 있는 운동 중, 윗몸 말아 올리기운동을 설명한 운동처방 동영상",14424451,29.96,1098,1280*720,보슈,공통,1248,,0AUDLJ08S_00306_SC_00017.jpeg,"복직근,복사근",2021,실내,87,"복부,복부",한국어,윗몸 말아 올리기,20221003,"복부의 근,복부의 근",윗몸 말아 올리기,41.641,,mp4,0AUDLJ08S_00306.mp4,"Rectus Abdominis,Abdominal Oblique",http://openapi.kspo.or.kr/web/image/0AUDLJ08S_00306/,17,동영상,
"배곧은근,배빗근",,http://openapi.kspo.or.kr/web/video/,"실내에서 할 수 있는 운동 중, 윗몸 말아 올리기운동을 설명한 운동처방 동영상",14424451,29.96,1099,1280*720,보슈,공통,1335,,0AUDLJ08S_00306_SC_00018.jpeg,"복직근,복사근",2021,실내,87,"복부,복부",한국어,윗몸 말아 올리기,20221003,"복부의 근,복부의 근",윗몸 말아 올리기,44.544,,mp4,0AUDLJ08S_00306.mp4,"Rectus Abdominis,Abdominal Oblique",http://openapi.kspo.or.kr/web/image/0AUDLJ08S_00306/,18,동영상,
"배곧은근,배빗근",,http://openapi.kspo.or.kr/web/video/,"실내에서 할 수 있는 운동 중, 윗몸 말아 올리기운동을 설명한 운동처방 동영상",14424451,29.96,1100,1280*720,보슈,공통,1538,,0AUDLJ08S_00306_SC_00019.jpeg,"복직근,복사근",2021,실내,87,"복부,복부",한국어,윗몸 말아 올리기,20221003,"복부의 근,복부의 근",윗몸 말아 올리기,51.317,,mp4,0AUDLJ08S_00306.mp4,"Rectus Abdominis,Abdominal Oblique",http://openapi.kspo.or.kr/web/image/0AUDLJ08S_00306/,19,동영상,
"배곧은근,배빗근",,http://openapi.kspo.or.kr/web/video/,"실내에서 할 수 있는 운동 중, 윗몸 말아 올리기운동을 설명한 운동처방 동영상",14424451,29.96,1101,1280*720,보슈,공통,1683,,0AUDLJ08S_00306_SC_00020.jpeg,"복직근,복사근",2021,실내,87,"복부,복부",한국어,윗몸 말아 올리기,20221003,"복부의 근,복부의 근",윗몸 말아 올리기,56.156,,mp4,0AUDLJ08S_00306.mp4,"Rectus Abdominis,Abdominal Oblique",http://openapi.kspo.or.kr/web/image/0AUDLJ08S_00306/,20,동영상,
"배곧은근,배빗근",,http://openapi.kspo.or.kr/web/video/,"실내에서 할 수 있는 운동 중, 윗몸 말아 올리기운동을 설명한 운동처방 동영상",14424451,29.96,1102,1280*720,보슈,공통,1712,,0AUDLJ08S_00306_SC_00021.jpeg,"복직근,복사근",2021,실내,87,"복부,복부",한국어,윗몸 말아 올리기,20221003,"복부의 근,복부의 근",윗몸 말아 올리기,57.123,,mp4,0AUDLJ08S_00306.mp4,"Rectus Abdominis,Abdominal Oblique",http://openapi.kspo.or.kr/web/image/0AUDLJ08S_00306/,21,동영상,
"배곧은근,배빗근",,http://openapi.kspo.or.kr/web/video/,"실내에서 할 수 있는 운동 중, 윗몸 말아 올리기운동을 설명한 운동처방 동영상",14424451,29.96,1103,1280*720,보슈,공통,1741,,0AUDLJ08S_00306_SC_00022.jpeg,"복직근,복사근",2021,실내,87,"복부,복부",한국어,윗몸 말아 올리기,20221003,"복부의 근,복부의 근",윗몸 말아 올리기,58.091,,mp4,0AUDLJ08S_00306.mp4,"Rectus Abdominis,Abdominal Oblique",http://openapi.kspo.or.kr/web/image/0AUDLJ08S_00306/,22,동영상,
"배곧은근,배빗근",,http://openapi.kspo.or.kr/web/video/,"실내에서 할 수 있는 운동 중, 윗몸 말아 올리기운동을 설명한 운동처방 동영상",14424451,29.96,1104,1280*720,보슈,공통,1770,,0AUDLJ08S_00306_SC_00023.jpeg,"복직근,복사근",2021,실내,87,"복부,복부",한국어,윗몸 말아 올리기,20221003,"복부의 근,복부의 근",윗몸 말아 올리기,59.059,,mp4,0AUDLJ08S_00306.mp4,"Rectus Abdominis,Abdominal Oblique",http://openapi.kspo.or.kr/web/image/0AUDLJ08S_00306/,23,동영상,
"배곧은근,배빗근",,http://openapi.kspo.or.kr/web/video/,"실내에서 할 수 있는 운동 중, 윗몸 말아 올리기운동을 설명한 운동처방 동영상",14424451,29.96,1105,1280*720,보슈,공통,1799,,0AUDLJ08S_00306_SC_00024.jpeg,"복직근,복사근",2021,실내,87,"복부,복부",한국어,윗몸 말아 올리기,20221003,"복부의 근,복부의 근",윗몸 말아 올리기,60.026,,mp4,0AUDLJ08S_00306.mp4,"Rectus Abdominis,Abdominal Oblique",http://openapi.kspo.or.kr/web/image/0AUDLJ08S_00306/,24,동영상,
"배곧은근,배빗근",,http://openapi.kspo.or.kr/web/video/,"실내에서 할 수 있는 운동 중, 윗몸 말아 올리기운동을 설명한 운동처방 동영상",14424451,29.96,1106,1280*720,보슈,공통,1915,,0AUDLJ08S_00306_SC_00025.jpeg,"복직근,복사근",2021,실내,87,"복부,복부",한국어,윗몸 말아 올리기,20221003,"복부의 근,복부의 근",윗몸 말아 올리기,63.897,,mp4,0AUDLJ08S_00306.mp4,"Rectus Abdominis,Abdominal Oblique",http://openapi.kspo.or.kr/web/image/0AUDLJ08S_00306/,25,동영상,
"배곧은근,배빗근",,http://openapi.kspo.or.kr/web/video/,"실내에서 할 수 있는 운동 중, 윗몸 말아 올리기운동을 설명한 운동처방 동영상",14424451,29.96,1107,1280*720,보슈,공통,2147,,0AUDLJ08S_00306_SC_00026.jpeg,"복직근,복사근",2021,실내,87,"복부,복부",한국어,윗몸 말아 올리기,20221003,"복부의 근,복부의 근",윗몸 말아 올리기,71.638,,mp4,0AUDLJ08S_00306.mp4,"Rectus Abdominis,Abdominal Oblique",http://openapi.kspo.or.kr/web/image/0AUDLJ08S_00306/,26,동영상,
"배곧은근,배빗근",,http://openapi.kspo.or.kr/web/video/,"실내에서 할 수 있는 운동 중, 윗몸 말아 올리기운동을 설명한 운동처방 동영상",14424451,29.96,1108,1280*720,보슈,공통,2321,,0AUDLJ08S_00306_SC_00027.jpeg,"복직근,복사근",2021,실내,87,"복부,복부",한국어,윗몸 말아 올리기,20221003,"복부의 근,복부의 근",윗몸 말아 올리기,77.444,,mp4,0AUDLJ08S_00306.mp4,"Rectus Abdominis,Abdominal Oblique",http://openapi.kspo.or.kr/web/image/0AUDLJ08S_00306/,27,동영상,
큰볼기근,,http://openapi.kspo.or.kr/web/video/,"실내에서 할 수 있는 운동 중, 엎드려서 다리 차올리기운동을 설명한 운동처방 동영상",7924080,29.96,1109,1280*720,보슈,공통,378,,0AUDLJ08S_00307_SC_00005.jpeg,대둔근,2021,실내,51,엉덩이,한국어,엎드려서 다리 차올리기,20220930,골반의 근,엎드려서 다리 차올리기,12.612,,mp4,0AUDLJ08S_00307.mp4,Gluteus Maximus,http://openapi.kspo.or.kr/web/image/0AUDLJ08S_00307/,5,동영상,
큰볼기근,,http://openapi.kspo.or.kr/web/video/,"실내에서 할 수 있는 운동 중, 엎드려서 다리 차올리기운동을 설명한 운동처방 동영상",7924080,29.96,1110,1280*720,보슈,공통,349,,0AUDLJ08S_00307_SC_00004.jpeg,대둔근,2021,실내,51,엉덩이,한국어,엎드려서 다리 차올리기,20220930,골반의 근,엎드려서 다리 차올리기,11.644,,mp4,0AUDLJ08S_00307.mp4,Gluteus Maximus,http://openapi.kspo.or.kr/web/image/0AUDLJ08S_00307/,4,동영상,
큰볼기근,,http://openapi.kspo.or.kr/web/video/,"실내에서 할 수 있는 운동 중, 엎드려서 다리 차올리기운동을 설명한 운동처방 동영상",7924080,29.96,1111,1280*720,보슈,공통,117,,0AUDLJ08S_00307_SC_00001.jpeg,대둔근,2021,실내,51,엉덩이,한국어,엎드려서 다리 차올리기,20220930,골반의 근,엎드려서 다리 차올리기,3.903,,mp4,0AUDLJ08S_00307.mp4,Gluteus Maximus,http://openapi.kspo.or.kr/web/image/0AUDLJ08S_00307/,1,동영상,
큰볼기근,,http://openapi.kspo.or.kr/web/video/,"실내에서 할 수 있는 운동 중, 엎드려서 다리 차올리기운동을 설명한 운동처방 동영상",7924080,29.96,1112,1280*720,보슈,공통,146,,0AUDLJ08S_00307_SC_00002.jpeg,대둔근,2021,실내,51,엉덩이,한국어,엎드려서 다리 차올리기,20220930,골반의 근,엎드려서 다리 차올리기,4.871,,mp4,0AUDLJ08S_00307.mp4,Gluteus Maximus,http://openapi.kspo.or.kr/web/image/0AUDLJ08S_00307/,2,동영상,
큰볼기근,,http://openapi.kspo.or.kr/web/video/,"실내에서 할 수 있는 운동 중, 엎드려서 다리 차올리기운동을 설명한 운동처방 동영상",7924080,29.96,1113,1280*720,보슈,공통,320,,0AUDLJ08S_00307_SC_00003.jpeg,대둔근,2021,실내,51,엉덩이,한국어,엎드려서 다리 차올리기,20220930,골반의 근,엎드려서 다리 차올리기,10.677,,mp4,0AUDLJ08S_00307.mp4,Gluteus Maximus,http://openapi.kspo.or.kr/web/image/0AUDLJ08S_00307/,3,동영상,
큰볼기근,,http://openapi.kspo.or.kr/web/video/,"실내에서 할 수 있는 운동 중, 엎드려서 다리 차올리기운동을 설명한 운동처방 동영상",7924080,29.96,1114,1280*720,보슈,공통,407,,0AUDLJ08S_00307_SC_00006.jpeg,대둔근,2021,실내,51,엉덩이,한국어,엎드려서 다리 차올리기,20220930,골반의 근,엎드려서 다리 차올리기,13.58,,mp4,0AUDLJ08S_00307.mp4,Gluteus Maximus,http://openapi.kspo.or.kr/web/image/0AUDLJ08S_00307/,6,동영상,
큰볼기근,,http://openapi.kspo.or.kr/web/video/,"실내에서 할 수 있는 운동 중, 엎드려서 다리 차올리기운동을 설명한 운동처방 동영상",7924080,29.96,1115,1280*720,보슈,공통,436,,0AUDLJ08S_00307_SC_00007.jpeg,대둔근,2021,실내,51,엉덩이,한국어,엎드려서 다리 차올리기,20220930,골반의 근,엎드려서 다리 차올리기,14.547,,mp4,0AUDLJ08S_00307.mp4,Gluteus Maximus,http://openapi.kspo.or.kr/web/image/0AUDLJ08S_00307/,7,동영상,
큰볼기근,,http://openapi.kspo.or.kr/web/video/,"실내에서 할 수 있는 운동 중, 엎드려서 다리 차올리기운동을 설명한 운동처방 동영상",7924080,29.96,1116,1280*720,보슈,공통,523,,0AUDLJ08S_00307_SC_00008.jpeg,대둔근,2021,실내,51,엉덩이,한국어,엎드려서 다리 차올리기,20220930,골반의 근,엎드려서 다리 차올리기,17.45,,mp4,0AUDLJ08S_00307.mp4,Gluteus Maximus,http://openapi.kspo.or.kr/web/image/0AUDLJ08S_00307/,8,동영상,
큰볼기근,,http://openapi.kspo.or.kr/web/video/,"실내에서 할 수 있는 운동 중, 엎드려서 다리 차올리기운동을 설명한 운동처방 동영상",7924080,29.96,1117,1280*720,보슈,공통,726,,0AUDLJ08S_00307_SC_00009.jpeg,대둔근,2021,실내,51,엉덩이,한국어,엎드려서 다리 차올리기,20220930,골반의 근,엎드려서 다리 차올리기,24.224,,mp4,0AUDLJ08S_00307.mp4,Gluteus Maximus,http://openapi.kspo.or.kr/web/image/0AUDLJ08S_00307/,9,동영상,
큰볼기근,,http://openapi.kspo.or.kr/web/video/,"실내에서 할 수 있는 운동 중, 엎드려서 다리 차올리기운동을 설명한 운동처방 동영상",7924080,29.96,1118,1280*720,보슈,공통,929,,0AUDLJ08S_00307_SC_00010.jpeg,대둔근,2021,실내,51,엉덩이,한국어,엎드려서 다리 차올리기,20220930,골반의 근,엎드려서 다리 차올리기,30.997,,mp4,0AUDLJ08S_00307.mp4,Gluteus Maximus,http://openapi.kspo.or.kr/web/image/0AUDLJ08S_00307/,10,동영상,
큰볼기근,,http://openapi.kspo.or.kr/web/video/,"실내에서 할 수 있는 운동 중, 엎드려서 다리 차올리기운동을 설명한 운동처방 동영상",7924080,29.96,1119,1280*720,보슈,공통,1132,,0AUDLJ08S_00307_SC_00011.jpeg,대둔근,2021,실내,51,엉덩이,한국어,엎드려서 다리 차올리기,20220930,골반의 근,엎드려서 다리 차올리기,37.771,,mp4,0AUDLJ08S_00307.mp4,Gluteus Maximus,http://openapi.kspo.or.kr/web/image/0AUDLJ08S_00307/,11,동영상,
큰볼기근,,http://openapi.kspo.or.kr/web/video/,"실내에서 할 수 있는 운동 중, 엎드려서 다리 차올리기운동을 설명한 운동처방 동영상",7924080,29.96,1120,1280*720,보슈,공통,1248,,0AUDLJ08S_00307_SC_00012.jpeg,대둔근,2021,실내,51,엉덩이,한국어,엎드려서 다리 차올리기,20220930,골반의 근,엎드려서 다리 차올리기,41.641,,mp4,0AUDLJ08S_00307.mp4,Gluteus Maximus,http://openapi.kspo.or.kr/web/image/0AUDLJ08S_00307/,12,동영상,
큰볼기근,,http://openapi.kspo.or.kr/web/video/,"실내에서 할 수 있는 운동 중, 엎드려서 다리 차올리기운동을 설명한 운동처방 동영상",7924080,29.96,1121,1280*720,보슈,공통,1451,,0AUDLJ08S_00307_SC_00013.jpeg,대둔근,2021,실내,51,엉덩이,한국어,엎드려서 다리 차올리기,20220930,골반의 근,엎드려서 다리 차올리기,48.415,,mp4,0AUDLJ08S_00307.mp4,Gluteus Maximus,http://openapi.kspo.or.kr/web/image/0AUDLJ08S_00307/,13,동영상,
"척추세움근,배곧은근,배빗근,넙다리네갈래근",,http://openapi.kspo.or.kr/web/video/,"실내에서 할 수 있는 운동 중, 서서 균형잡으며 몸통 회전하기운동을 설명한 운동처방 동영상",8358591,29.96,1122,1280*720,보슈,공통,88,,0AUDLJ08S_00308_SC_00001.jpeg,"척추기립근,복직근,복사근,대퇴사두근",2021,실내,53,"척추,복부,복부,앞쪽 넓적다리",한국어,서서 균형잡으며 몸통 회전하기,20221111,"등과 허리의 근,복부의 근,복부의 근,하지의 근",서서 균형잡으며 몸통 회전하기,2.936,,mp4,0AUDLJ08S_00308.mp4,"Erector Spinae,Rectus Abdominis,Abdominal Oblique,Quadriceps Femoris",http://openapi.kspo.or.kr/web/image/0AUDLJ08S_00308/,1,동영상,
"척추세움근,배곧은근,배빗근,넙다리네갈래근",,http://openapi.kspo.or.kr/web/video/,"실내에서 할 수 있는 운동 중, 서서 균형잡으며 몸통 회전하기운동을 설명한 운동처방 동영상",8358591,29.96,1123,1280*720,보슈,공통,523,,0AUDLJ08S_00308_SC_00007.jpeg,"척추기립근,복직근,복사근,대퇴사두근",2021,실내,53,"척추,복부,복부,앞쪽 넓적다리",한국어,서서 균형잡으며 몸통 회전하기,20221019,"등과 허리의 근,복부의 근,복부의 근,하지의 근",서서 균형잡으며 몸통 회전하기,17.45,,mp4,0AUDLJ08S_00308.mp4,"Erector Spinae,Rectus Abdominis,Abdominal Oblique,Quadriceps Femoris",http://openapi.kspo.or.kr/web/image/0AUDLJ08S_00308/,2,동영상,
"척추세움근,배곧은근,배빗근,넙다리네갈래근",,http://openapi.kspo.or.kr/web/video/,"실내에서 할 수 있는 운동 중, 서서 균형잡으며 몸통 회전하기운동을 설명한 운동처방 동영상",8358591,29.96,1124,1280*720,보슈,공통,990,,0AUDLJ08S_00308_FR_00012.jpeg,"척추기립근,복직근,복사근,대퇴사두근",2021,실내,53,"척추,복부,복부,앞쪽 넓적다리",한국어,서서 균형잡으며 몸통 회전하기,20221019,"등과 허리의 근,복부의 근,복부의 근,하지의 근",서서 균형잡으며 몸통 회전하기,33.033,,mp4,0AUDLJ08S_00308.mp4,"Erector Spinae,Rectus Abdominis,Abdominal Oblique,Quadriceps Femoris",http://openapi.kspo.or.kr/web/image/0AUDLJ08S_00308/,3,동영상,
"엉덩관절굽힘근,배빗근,넙다리네갈래근",,http://openapi.kspo.or.kr/web/video/,"실내에서 할 수 있는 운동 중, 짝 운동을 설명한 운동처방 동영상",11039475,29.96,1125,1280*720,보슈,공통,117,,0AUDLJ08S_00309_SC_00001.jpeg,"고관절굴곡근,복사근,대퇴사두근",2021,실내,68,"앞쪽 골반,복부,앞쪽 넓적다리",한국어,짝 운동,20221004,"골반의 근,복부의 근,하지의 근",짝 운동,3.903,,mp4,0AUDLJ08S_00309.mp4,"Hip Flexor,Abdominal Oblique,Quadriceps Femoris",http://openapi.kspo.or.kr/web/image/0AUDLJ08S_00309/,1,동영상,
"엉덩관절굽힘근,배빗근,넙다리네갈래근",,http://openapi.kspo.or.kr/web/video/,"실내에서 할 수 있는 운동 중, 짝 운동을 설명한 운동처방 동영상",11039475,29.96,1126,1280*720,보슈,공통,146,,0AUDLJ08S_00309_SC_00002.jpeg,"고관절굴곡근,복사근,대퇴사두근",2021,실내,68,"앞쪽 골반,복부,앞쪽 넓적다리",한국어,짝 운동,20221004,"골반의 근,복부의 근,하지의 근",짝 운동,4.871,,mp4,0AUDLJ08S_00309.mp4,"Hip Flexor,Abdominal Oblique,Quadriceps Femoris",http://openapi.kspo.or.kr/web/image/0AUDLJ08S_00309/,2,동영상,
허리네모근,,http://openapi.kspo.or.kr/web/video/,"소도구를 활용한 근육 완화 운동 중, 공을 활용한 운동처방 동영상",53242921,29.96,1127,1280*720,테니스공,공통,9078,,0AUDLJ08S_01017_SC_00021.jpeg,요방형근,2021,실내,331,허리,한국어,허리,20221004,등과 허리의 근,테니스공을 활용한 뭉친근육 완화 운동,302.902,,mp4,0AUDLJ08S_01017.mp4,Quadratus Lumborum,http://openapi.kspo.or.kr/web/image/0AUDLJ08S_01017/,21,동영상,
"엉덩관절굽힘근,배빗근,넙다리네갈래근",,http://openapi.kspo.or.kr/web/video/,"실내에서 할 수 있는 운동 중, 짝 운동을 설명한 운동처방 동영상",11039475,29.96,1128,1280*720,보슈,공통,552,,0AUDLJ08S_00309_SC_00003.jpeg,"고관절굴곡근,복사근,대퇴사두근",2021,실내,68,"앞쪽 골반,복부,앞쪽 넓적다리",한국어,짝 운동,20221004,"골반의 근,복부의 근,하지의 근",짝 운동,18.418,,mp4,0AUDLJ08S_00309.mp4,"Hip Flexor,Abdominal Oblique,Quadriceps Femoris",http://openapi.kspo.or.kr/web/image/0AUDLJ08S_00309/,3,동영상,
"엉덩관절굽힘근,배빗근,넙다리네갈래근",,http://openapi.kspo.or.kr/web/video/,"실내에서 할 수 있는 운동 중, 짝 운동을 설명한 운동처방 동영상",11039475,29.96,1129,1280*720,보슈,공통,668,,0AUDLJ08S_00309_SC_00004.jpeg,"고관절굴곡근,복사근,대퇴사두근",2021,실내,68,"앞쪽 골반,복부,앞쪽 넓적다리",한국어,짝 운동,20221004,"골반의 근,복부의 근,하지의 근",짝 운동,22.288,,mp4,0AUDLJ08S_00309.mp4,"Hip Flexor,Abdominal Oblique,Quadriceps Femoris",http://openapi.kspo.or.kr/web/image/0AUDLJ08S_00309/,4,동영상,
"엉덩관절굽힘근,배빗근,넙다리네갈래근",,http://openapi.kspo.or.kr/web/video/,"실내에서 할 수 있는 운동 중, 짝 운동을 설명한 운동처방 동영상",11039475,29.96,1130,1280*720,보슈,공통,697,,0AUDLJ08S_00309_SC_00005.jpeg,"고관절굴곡근,복사근,대퇴사두근",2021,실내,68,"앞쪽 골반,복부,앞쪽 넓적다리",한국어,짝 운동,20221004,"골반의 근,복부의 근,하지의 근",짝 운동,23.256,,mp4,0AUDLJ08S_00309.mp4,"Hip Flexor,Abdominal Oblique,Quadriceps Femoris",http://openapi.kspo.or.kr/web/image/0AUDLJ08S_00309/,5,동영상,
"엉덩관절굽힘근,배빗근,넙다리네갈래근",,http://openapi.kspo.or.kr/web/video/,"실내에서 할 수 있는 운동 중, 짝 운동을 설명한 운동처방 동영상",11039475,29.96,1131,1280*720,보슈,공통,726,,0AUDLJ08S_00309_SC_00006.jpeg,"고관절굴곡근,복사근,대퇴사두근",2021,실내,68,"앞쪽 골반,복부,앞쪽 넓적다리",한국어,짝 운동,20221004,"골반의 근,복부의 근,하지의 근",짝 운동,24.224,,mp4,0AUDLJ08S_00309.mp4,"Hip Flexor,Abdominal Oblique,Quadriceps Femoris",http://openapi.kspo.or.kr/web/image/0AUDLJ08S_00309/,6,동영상,
"엉덩관절굽힘근,배빗근,넙다리네갈래근",,http://openapi.kspo.or.kr/web/video/,"실내에서 할 수 있는 운동 중, 짝 운동을 설명한 운동처방 동영상",11039475,29.96,1132,1280*720,보슈,공통,784,,0AUDLJ08S_00309_SC_00007.jpeg,"고관절굴곡근,복사근,대퇴사두근",2021,실내,68,"앞쪽 골반,복부,앞쪽 넓적다리",한국어,짝 운동,20221004,"골반의 근,복부의 근,하지의 근",짝 운동,26.159,,mp4,0AUDLJ08S_00309.mp4,"Hip Flexor,Abdominal Oblique,Quadriceps Femoris",http://openapi.kspo.or.kr/web/image/0AUDLJ08S_00309/,7,동영상,
"엉덩관절굽힘근,배빗근,넙다리네갈래근",,http://openapi.kspo.or.kr/web/video/,"실내에서 할 수 있는 운동 중, 짝 운동을 설명한 운동처방 동영상",11039475,29.96,1133,1280*720,보슈,공통,871,,0AUDLJ08S_00309_SC_00008.jpeg,"고관절굴곡근,복사근,대퇴사두근",2021,실내,68,"앞쪽 골반,복부,앞쪽 넓적다리",한국어,짝 운동,20221004,"골반의 근,복부의 근,하지의 근",짝 운동,29.062,,mp4,0AUDLJ08S_00309.mp4,"Hip Flexor,Abdominal Oblique,Quadriceps Femoris",http://openapi.kspo.or.kr/web/image/0AUDLJ08S_00309/,8,동영상,
"엉덩관절굽힘근,배빗근,넙다리네갈래근",,http://openapi.kspo.or.kr/web/video/,"실내에서 할 수 있는 운동 중, 짝 운동을 설명한 운동처방 동영상",11039475,29.96,1134,1280*720,보슈,공통,1045,,0AUDLJ08S_00309_SC_00009.jpeg,"고관절굴곡근,복사근,대퇴사두근",2021,실내,68,"앞쪽 골반,복부,앞쪽 넓적다리",한국어,짝 운동,20221004,"골반의 근,복부의 근,하지의 근",짝 운동,34.868,,mp4,0AUDLJ08S_00309.mp4,"Hip Flexor,Abdominal Oblique,Quadriceps Femoris",http://openapi.kspo.or.kr/web/image/0AUDLJ08S_00309/,9,동영상,
"엉덩관절굽힘근,배빗근,넙다리네갈래근",,http://openapi.kspo.or.kr/web/video/,"실내에서 할 수 있는 운동 중, 짝 운동을 설명한 운동처방 동영상",11039475,29.96,1135,1280*720,보슈,공통,1190,,0AUDLJ08S_00309_SC_00010.jpeg,"고관절굴곡근,복사근,대퇴사두근",2021,실내,68,"앞쪽 골반,복부,앞쪽 넓적다리",한국어,짝 운동,20221004,"골반의 근,복부의 근,하지의 근",짝 운동,39.706,,mp4,0AUDLJ08S_00309.mp4,"Hip Flexor,Abdominal Oblique,Quadriceps Femoris",http://openapi.kspo.or.kr/web/image/0AUDLJ08S_00309/,10,동영상,
"엉덩관절굽힘근,배빗근,넙다리네갈래근",,http://openapi.kspo.or.kr/web/video/,"실내에서 할 수 있는 운동 중, 짝 운동을 설명한 운동처방 동영상",11039475,29.96,1136,1280*720,보슈,공통,1277,,0AUDLJ08S_00309_SC_00011.jpeg,"고관절굴곡근,복사근,대퇴사두근",2021,실내,68,"앞쪽 골반,복부,앞쪽 넓적다리",한국어,짝 운동,20221004,"골반의 근,복부의 근,하지의 근",짝 운동,42.609,,mp4,0AUDLJ08S_00309.mp4,"Hip Flexor,Abdominal Oblique,Quadriceps Femoris",http://openapi.kspo.or.kr/web/image/0AUDLJ08S_00309/,11,동영상,
"엉덩관절굽힘근,배빗근,넙다리네갈래근",,http://openapi.kspo.or.kr/web/video/,"실내에서 할 수 있는 운동 중, 짝 운동을 설명한 운동처방 동영상",11039475,29.96,1137,1280*720,보슈,공통,1393,,0AUDLJ08S_00309_SC_00012.jpeg,"고관절굴곡근,복사근,대퇴사두근",2021,실내,68,"앞쪽 골반,복부,앞쪽 넓적다리",한국어,짝 운동,20221004,"골반의 근,복부의 근,하지의 근",짝 운동,46.479,,mp4,0AUDLJ08S_00309.mp4,"Hip Flexor,Abdominal Oblique,Quadriceps Femoris",http://openapi.kspo.or.kr/web/image/0AUDLJ08S_00309/,12,동영상,
"엉덩관절굽힘근,배빗근,넙다리네갈래근",,http://openapi.kspo.or.kr/web/video/,"실내에서 할 수 있는 운동 중, 짝 운동을 설명한 운동처방 동영상",11039475,29.96,1138,1280*720,보슈,공통,1451,,0AUDLJ08S_00309_SC_00013.jpeg,"고관절굴곡근,복사근,대퇴사두근",2021,실내,68,"앞쪽 골반,복부,앞쪽 넓적다리",한국어,짝 운동,20221004,"골반의 근,복부의 근,하지의 근",짝 운동,48.415,,mp4,0AUDLJ08S_00309.mp4,"Hip Flexor,Abdominal Oblique,Quadriceps Femoris",http://openapi.kspo.or.kr/web/image/0AUDLJ08S_00309/,13,동영상,
"엉덩관절굽힘근,배빗근,넙다리네갈래근",,http://openapi.kspo.or.kr/web/video/,"실내에서 할 수 있는 운동 중, 짝 운동을 설명한 운동처방 동영상",11039475,29.96,1139,1280*720,보슈,공통,1480,,0AUDLJ08S_00309_SC_00014.jpeg,"고관절굴곡근,복사근,대퇴사두근",2021,실내,68,"앞쪽 골반,복부,앞쪽 넓적다리",한국어,짝 운동,20221004,"골반의 근,복부의 근,하지의 근",짝 운동,49.382,,mp4,0AUDLJ08S_00309.mp4,"Hip Flexor,Abdominal Oblique,Quadriceps Femoris",http://openapi.kspo.or.kr/web/image/0AUDLJ08S_00309/,14,동영상,
"엉덩관절굽힘근,배빗근,넙다리네갈래근",,http://openapi.kspo.or.kr/web/video/,"실내에서 할 수 있는 운동 중, 짝 운동을 설명한 운동처방 동영상",11039475,29.96,1140,1280*720,보슈,공통,1509,,0AUDLJ08S_00309_SC_00015.jpeg,"고관절굴곡근,복사근,대퇴사두근",2021,실내,68,"앞쪽 골반,복부,앞쪽 넓적다리",한국어,짝 운동,20221004,"골반의 근,복부의 근,하지의 근",짝 운동,50.35,,mp4,0AUDLJ08S_00309.mp4,"Hip Flexor,Abdominal Oblique,Quadriceps Femoris",http://openapi.kspo.or.kr/web/image/0AUDLJ08S_00309/,15,동영상,
"엉덩관절굽힘근,배빗근,넙다리네갈래근",,http://openapi.kspo.or.kr/web/video/,"실내에서 할 수 있는 운동 중, 짝 운동을 설명한 운동처방 동영상",11039475,29.96,1141,1280*720,보슈,공통,1538,,0AUDLJ08S_00309_SC_00016.jpeg,"고관절굴곡근,복사근,대퇴사두근",2021,실내,68,"앞쪽 골반,복부,앞쪽 넓적다리",한국어,짝 운동,20221004,"골반의 근,복부의 근,하지의 근",짝 운동,51.317,,mp4,0AUDLJ08S_00309.mp4,"Hip Flexor,Abdominal Oblique,Quadriceps Femoris",http://openapi.kspo.or.kr/web/image/0AUDLJ08S_00309/,16,동영상,
"엉덩관절굽힘근,배빗근,넙다리네갈래근",,http://openapi.kspo.or.kr/web/video/,"실내에서 할 수 있는 운동 중, 짝 운동을 설명한 운동처방 동영상",11039475,29.96,1142,1280*720,보슈,공통,1596,,0AUDLJ08S_00309_SC_00017.jpeg,"고관절굴곡근,복사근,대퇴사두근",2021,실내,68,"앞쪽 골반,복부,앞쪽 넓적다리",한국어,짝 운동,20221004,"골반의 근,복부의 근,하지의 근",짝 운동,53.253,,mp4,0AUDLJ08S_00309.mp4,"Hip Flexor,Abdominal Oblique,Quadriceps Femoris",http://openapi.kspo.or.kr/web/image/0AUDLJ08S_00309/,17,동영상,
"엉덩관절굽힘근,배빗근,넙다리네갈래근",,http://openapi.kspo.or.kr/web/video/,"실내에서 할 수 있는 운동 중, 짝 운동을 설명한 운동처방 동영상",11039475,29.96,1143,1280*720,보슈,공통,1654,,0AUDLJ08S_00309_SC_00018.jpeg,"고관절굴곡근,복사근,대퇴사두근",2021,실내,68,"앞쪽 골반,복부,앞쪽 넓적다리",한국어,짝 운동,20221004,"골반의 근,복부의 근,하지의 근",짝 운동,55.188,,mp4,0AUDLJ08S_00309.mp4,"Hip Flexor,Abdominal Oblique,Quadriceps Femoris",http://openapi.kspo.or.kr/web/image/0AUDLJ08S_00309/,18,동영상,
"엉덩관절굽힘근,배빗근,넙다리네갈래근",,http://openapi.kspo.or.kr/web/video/,"실내에서 할 수 있는 운동 중, 짝 운동을 설명한 운동처방 동영상",11039475,29.96,1144,1280*720,보슈,공통,1828,,0AUDLJ08S_00309_SC_00019.jpeg,"고관절굴곡근,복사근,대퇴사두근",2021,실내,68,"앞쪽 골반,복부,앞쪽 넓적다리",한국어,짝 운동,20221004,"골반의 근,복부의 근,하지의 근",짝 운동,60.994,,mp4,0AUDLJ08S_00309.mp4,"Hip Flexor,Abdominal Oblique,Quadriceps Femoris",http://openapi.kspo.or.kr/web/image/0AUDLJ08S_00309/,19,동영상,
"엉덩관절굽힘근,배빗근,넙다리네갈래근",,http://openapi.kspo.or.kr/web/video/,"실내에서 할 수 있는 운동 중, 짝 운동을 설명한 운동처방 동영상",11039475,29.96,1145,1280*720,보슈,공통,1973,,0AUDLJ08S_00309_SC_00020.jpeg,"고관절굴곡근,복사근,대퇴사두근",2021,실내,68,"앞쪽 골반,복부,앞쪽 넓적다리",한국어,짝 운동,20221004,"골반의 근,복부의 근,하지의 근",짝 운동,65.832,,mp4,0AUDLJ08S_00309.mp4,"Hip Flexor,Abdominal Oblique,Quadriceps Femoris",http://openapi.kspo.or.kr/web/image/0AUDLJ08S_00309/,20,동영상,
,,http://openapi.kspo.or.kr/web/video/,"실내에서 할 수 있는 운동 중, 베개 밟고 서기 루틴 프로그램을 설명한 운동처방 동영상",16317450,29.96,1146,1280*720,베개,공통,1625,,0AUDLJ08S_00310_SC_00011.jpeg,,2021,실내,100,,한국어,베개 밟고 서기 루틴 프로그램,20220930,,베개 밟고 서기 루틴 프로그램,54.22,,mp4,0AUDLJ08S_00310.mp4,,http://openapi.kspo.or.kr/web/image/0AUDLJ08S_00310/,10,동영상,
,,http://openapi.kspo.or.kr/web/video/,"실내에서 할 수 있는 운동 중, 베개 밟고 서기 루틴 프로그램을 설명한 운동처방 동영상",16317450,29.96,1147,1280*720,베개,공통,755,,0AUDLJ08S_00310_SC_00005.jpeg,,2021,실내,100,,한국어,베개 밟고 서기 루틴 프로그램,20220930,,베개 밟고 서기 루틴 프로그램,25.191,,mp4,0AUDLJ08S_00310.mp4,,http://openapi.kspo.or.kr/web/image/0AUDLJ08S_00310/,5,동영상,
,,http://openapi.kspo.or.kr/web/video/,"실내에서 할 수 있는 운동 중, 베개 밟고 서기 루틴 프로그램을 설명한 운동처방 동영상",16317450,29.96,1148,1280*720,베개,공통,958,,0AUDLJ08S_00310_SC_00006.jpeg,,2021,실내,100,,한국어,베개 밟고 서기 루틴 프로그램,20220930,,베개 밟고 서기 루틴 프로그램,31.965,,mp4,0AUDLJ08S_00310.mp4,,http://openapi.kspo.or.kr/web/image/0AUDLJ08S_00310/,6,동영상,
,,http://openapi.kspo.or.kr/web/video/,"실내에서 할 수 있는 운동 중, 베개 밟고 서기 루틴 프로그램을 설명한 운동처방 동영상",16317450,29.96,1149,1280*720,베개,공통,1045,,0AUDLJ08S_00310_SC_00007.jpeg,,2021,실내,100,,한국어,베개 밟고 서기 루틴 프로그램,20220930,,베개 밟고 서기 루틴 프로그램,34.868,,mp4,0AUDLJ08S_00310.mp4,,http://openapi.kspo.or.kr/web/image/0AUDLJ08S_00310/,7,동영상,
,,http://openapi.kspo.or.kr/web/video/,"실내에서 할 수 있는 운동 중, 베개 밟고 서기 루틴 프로그램을 설명한 운동처방 동영상",16317450,29.96,1150,1280*720,베개,공통,610,,0AUDLJ08S_00310_SC_00004.jpeg,,2021,실내,100,,한국어,베개 밟고 서기 루틴 프로그램,20220930,,베개 밟고 서기 루틴 프로그램,20.353,,mp4,0AUDLJ08S_00310.mp4,,http://openapi.kspo.or.kr/web/image/0AUDLJ08S_00310/,4,동영상,
,,http://openapi.kspo.or.kr/web/video/,"실내에서 할 수 있는 운동 중, 베개 밟고 서기 루틴 프로그램을 설명한 운동처방 동영상",16317450,29.96,1151,1280*720,베개,공통,1480,,0AUDLJ08S_00310_SC_00010.jpeg,,2021,실내,100,,한국어,베개 밟고 서기 루틴 프로그램,20220930,,베개 밟고 서기 루틴 프로그램,49.382,,mp4,0AUDLJ08S_00310.mp4,,http://openapi.kspo.or.kr/web/image/0AUDLJ08S_00310/,9,동영상,
,,http://openapi.kspo.or.kr/web/video/,"실내에서 할 수 있는 운동 중, 베개 밟고 서기 루틴 프로그램을 설명한 운동처방 동영상",16317450,29.96,1152,1280*720,베개,공통,117,,0AUDLJ08S_00310_SC_00001.jpeg,,2021,실내,100,,한국어,베개 밟고 서기 루틴 프로그램,20220930,,베개 밟고 서기 루틴 프로그램,3.903,,mp4,0AUDLJ08S_00310.mp4,,http://openapi.kspo.or.kr/web/image/0AUDLJ08S_00310/,1,동영상,
,,http://openapi.kspo.or.kr/web/video/,"실내에서 할 수 있는 운동 중, 베개 밟고 서기 루틴 프로그램을 설명한 운동처방 동영상",16317450,29.96,1153,1280*720,베개,공통,146,,0AUDLJ08S_00310_SC_00002.jpeg,,2021,실내,100,,한국어,베개 밟고 서기 루틴 프로그램,20220930,,베개 밟고 서기 루틴 프로그램,4.871,,mp4,0AUDLJ08S_00310.mp4,,http://openapi.kspo.or.kr/web/image/0AUDLJ08S_00310/,2,동영상,
,,http://openapi.kspo.or.kr/web/video/,"실내에서 할 수 있는 운동 중, 베개 밟고 서기 루틴 프로그램을 설명한 운동처방 동영상",16317450,29.96,1154,1280*720,베개,공통,552,,0AUDLJ08S_00310_SC_00003.jpeg,,2021,실내,100,,한국어,베개 밟고 서기 루틴 프로그램,20220930,,베개 밟고 서기 루틴 프로그램,18.418,,mp4,0AUDLJ08S_00310.mp4,,http://openapi.kspo.or.kr/web/image/0AUDLJ08S_00310/,3,동영상,
,,http://openapi.kspo.or.kr/web/video/,"실내에서 할 수 있는 운동 중, 베개 밟고 서기 루틴 프로그램을 설명한 운동처방 동영상",16317450,29.96,1155,1280*720,베개,공통,1190,,0AUDLJ08S_00310_SC_00008.jpeg,,2021,실내,100,,한국어,베개 밟고 서기 루틴 프로그램,20220930,,베개 밟고 서기 루틴 프로그램,39.706,,mp4,0AUDLJ08S_00310.mp4,,http://openapi.kspo.or.kr/web/image/0AUDLJ08S_00310/,8,동영상,
,,http://openapi.kspo.or.kr/web/video/,"실내에서 할 수 있는 운동 중, 베개 밟고 서기 루틴 프로그램을 설명한 운동처방 동영상",16317450,29.96,1156,1280*720,베개,공통,1741,,0AUDLJ08S_00310_SC_00012.jpeg,,2021,실내,100,,한국어,베개 밟고 서기 루틴 프로그램,20220930,,베개 밟고 서기 루틴 프로그램,58.091,,mp4,0AUDLJ08S_00310.mp4,,http://openapi.kspo.or.kr/web/image/0AUDLJ08S_00310/,11,동영상,
,,http://openapi.kspo.or.kr/web/video/,"실내에서 할 수 있는 운동 중, 베개 밟고 서기 루틴 프로그램을 설명한 운동처방 동영상",16317450,29.96,1157,1280*720,베개,공통,1973,,0AUDLJ08S_00310_SC_00013.jpeg,,2021,실내,100,,한국어,베개 밟고 서기 루틴 프로그램,20220930,,베개 밟고 서기 루틴 프로그램,65.832,,mp4,0AUDLJ08S_00310.mp4,,http://openapi.kspo.or.kr/web/image/0AUDLJ08S_00310/,12,동영상,
,,http://openapi.kspo.or.kr/web/video/,"실내에서 할 수 있는 운동 중, 베개 밟고 서기 루틴 프로그램을 설명한 운동처방 동영상",16317450,29.96,1158,1280*720,베개,공통,2118,,0AUDLJ08S_00310_SC_00014.jpeg,,2021,실내,100,,한국어,베개 밟고 서기 루틴 프로그램,20220930,,베개 밟고 서기 루틴 프로그램,70.67,,mp4,0AUDLJ08S_00310.mp4,,http://openapi.kspo.or.kr/web/image/0AUDLJ08S_00310/,13,동영상,
,,http://openapi.kspo.or.kr/web/video/,"실내에서 할 수 있는 운동 중, 베개 밟고 서기 루틴 프로그램을 설명한 운동처방 동영상",16317450,29.96,1159,1280*720,베개,공통,2321,,0AUDLJ08S_00310_SC_00015.jpeg,,2021,실내,100,,한국어,베개 밟고 서기 루틴 프로그램,20220930,,베개 밟고 서기 루틴 프로그램,77.444,,mp4,0AUDLJ08S_00310.mp4,,http://openapi.kspo.or.kr/web/image/0AUDLJ08S_00310/,14,동영상,
,,http://openapi.kspo.or.kr/web/video/,"실내에서 할 수 있는 운동 중, 베개 밟고 서기 루틴 프로그램을 설명한 운동처방 동영상",16317450,29.96,1160,1280*720,베개,공통,2495,,0AUDLJ08S_00310_SC_00016.jpeg,,2021,실내,100,,한국어,베개 밟고 서기 루틴 프로그램,20220930,,베개 밟고 서기 루틴 프로그램,83.249,,mp4,0AUDLJ08S_00310.mp4,,http://openapi.kspo.or.kr/web/image/0AUDLJ08S_00310/,15,동영상,
,,http://openapi.kspo.or.kr/web/video/,"실내에서 할 수 있는 운동 중, 베개 밟고 서기 루틴 프로그램을 설명한 운동처방 동영상",16317450,29.96,1161,1280*720,베개,공통,2669,,0AUDLJ08S_00310_SC_00017.jpeg,,2021,실내,100,,한국어,베개 밟고 서기 루틴 프로그램,20220930,,베개 밟고 서기 루틴 프로그램,89.055,,mp4,0AUDLJ08S_00310.mp4,,http://openapi.kspo.or.kr/web/image/0AUDLJ08S_00310/,16,동영상,
"볼기근,가자미근,넙다리네갈래근,장딴지근",,http://openapi.kspo.or.kr/web/video/,"실내에서 할 수 있는 운동 중, 앉았다 일어서면서 점프하기운동을 설명한 운동처방 동영상",5277104,29.96,1162,1280*720,,공통,59,,0AUDLJ08S_00311_SC_00001.jpeg,"둔근,넙치근,대퇴사두근,비복근",2021,실내/실외,34,"엉덩이,종아리,앞쪽 넓적다리,종아리",한국어,앉았다 일어서면서 점프하기,20221111,"골반의 근,하지의 근,하지의 근,하지의 근",앉았다 일어서면서 점프하기,1.968,,mp4,0AUDLJ08S_00311.mp4,"Gluteal,Soleus,Quadriceps Femoris,Gastrocnemius",http://openapi.kspo.or.kr/web/image/0AUDLJ08S_00311/,1,동영상,
"볼기근,가자미근,넙다리네갈래근,장딴지근",,http://openapi.kspo.or.kr/web/video/,"실내에서 할 수 있는 운동 중, 앉았다 일어서면서 점프하기운동을 설명한 운동처방 동영상",5277104,29.96,1163,1280*720,,공통,180,,0AUDLJ08S_00311_FR_00003.jpeg,"둔근,넙치근,대퇴사두근,비복근",2021,실내/실외,34,"엉덩이,종아리,앞쪽 넓적다리,종아리",한국어,앉았다 일어서면서 점프하기,20221019,"골반의 근,하지의 근,하지의 근,하지의 근",앉았다 일어서면서 점프하기,6.006,,mp4,0AUDLJ08S_00311.mp4,"Gluteal,Soleus,Quadriceps Femoris,Gastrocnemius",http://openapi.kspo.or.kr/web/image/0AUDLJ08S_00311/,2,동영상,
"볼기근,가자미근,넙다리네갈래근,장딴지근",10~15,http://openapi.kspo.or.kr/web/video/,"실내에서 할 수 있는 운동 중, 앉았다 일어서면서 점프하기운동을 설명한 운동처방 동영상",5277104,29.96,1164,1280*720,,공통,668,,0AUDLJ08S_00311_SC_00006.jpeg,"둔근,넙치근,대퇴사두근,비복근",2021,실내/실외,34,"엉덩이,종아리,앞쪽 넓적다리,종아리",한국어,앉았다 일어서면서 점프하기,20221019,"골반의 근,하지의 근,하지의 근,하지의 근",앉았다 일어서면서 점프하기,22.288,,mp4,0AUDLJ08S_00311.mp4,"Gluteal,Soleus,Quadriceps Femoris,Gastrocnemius",http://openapi.kspo.or.kr/web/image/0AUDLJ08S_00311/,3,동영상,3~5
"엉덩관절굽힘근,가자미근,넙다리네갈래근,장딴지근",,http://openapi.kspo.or.kr/web/video/,"실내에서 할 수 있는 운동 중, 무릎 높여 제자리 달리기운동을 설명한 운동처방 동영상",7899341,29.96,1165,1280*720,,공통,88,,0AUDLJ08S_00312_SC_00001.jpeg,"고관절굴곡근,넙치근,대퇴사두근,비복근",2021,실내/실외,49,"앞쪽 골반,종아리,앞쪽 넓적다리,종아리",한국어,무릎 높여 제자리 달리기,20221013,"골반의 근,하지의 근,하지의 근,하지의 근",무릎 높여 제자리 달리기,2.936,,mp4,0AUDLJ08S_00312.mp4,"Hip Flexor,Soleus,Quadriceps Femoris,Gastrocnemius",http://openapi.kspo.or.kr/web/image/0AUDLJ08S_00312/,1,동영상,
"엉덩관절굽힘근,가자미근,넙다리네갈래근,장딴지근",,http://openapi.kspo.or.kr/web/video/,"실내에서 할 수 있는 운동 중, 무릎 높여 제자리 달리기운동을 설명한 운동처방 동영상",7899341,29.96,1166,1280*720,,공통,180,,0AUDLJ08S_00312_FR_00003.jpeg,"고관절굴곡근,넙치근,대퇴사두근,비복근",2021,실내/실외,49,"앞쪽 골반,종아리,앞쪽 넓적다리,종아리",한국어,무릎 높여 제자리 달리기,20221013,"골반의 근,하지의 근,하지의 근,하지의 근",무릎 높여 제자리 달리기,6.006,,mp4,0AUDLJ08S_00312.mp4,"Hip Flexor,Soleus,Quadriceps Femoris,Gastrocnemius",http://openapi.kspo.or.kr/web/image/0AUDLJ08S_00312/,2,동영상,
"엉덩관절굽힘근,가자미근,넙다리네갈래근,장딴지근",20~30,http://openapi.kspo.or.kr/web/video/,"실내에서 할 수 있는 운동 중, 무릎 높여 제자리 달리기운동을 설명한 운동처방 동영상",7899341,29.96,1167,1280*720,,공통,697,,0AUDLJ08S_00312_SC_00006.jpeg,"고관절굴곡근,넙치근,대퇴사두근,비복근",2021,실내/실외,49,"앞쪽 골반,종아리,앞쪽 넓적다리,종아리",한국어,무릎 높여 제자리 달리기,20221013,"골반의 근,하지의 근,하지의 근,하지의 근",무릎 높여 제자리 달리기,23.256,,mp4,0AUDLJ08S_00312.mp4,"Hip Flexor,Soleus,Quadriceps Femoris,Gastrocnemius",http://openapi.kspo.or.kr/web/image/0AUDLJ08S_00312/,3,동영상,3~5
"앞톱니근,배바깥빗근,배속빗근,어깨세모근",,http://openapi.kspo.or.kr/web/video/,"실내에서 할 수 있는 운동 중, 옆으로 펀치하기운동을 설명한 운동처방 동영상",8732112,29.96,1168,1280*720,덤벨,공통,88,,0AUDLJ08S_00313_SC_00001.jpeg,"전거근,외복사근,내복사근,삼각근",2021,실내,54,"가슴,복부,복부,바깥쪽 어깨",한국어,옆으로 펀치하기,20220930,"가슴의 근,복부의 근,복부의 근,상지의 근",옆으로 펀치하기,2.936,,mp4,0AUDLJ08S_00313.mp4,"Serratus Anterior,Abdominal External Oblique,Abdominal Internal Oblique,Deltoid",http://openapi.kspo.or.kr/web/image/0AUDLJ08S_00313/,1,동영상,
"앞톱니근,배바깥빗근,배속빗근,어깨세모근",,http://openapi.kspo.or.kr/web/video/,"실내에서 할 수 있는 운동 중, 옆으로 펀치하기운동을 설명한 운동처방 동영상",8732112,29.96,1169,1280*720,덤벨,공통,117,,0AUDLJ08S_00313_SC_00002.jpeg,"전거근,외복사근,내복사근,삼각근",2021,실내,54,"가슴,복부,복부,바깥쪽 어깨",한국어,옆으로 펀치하기,20220930,"가슴의 근,복부의 근,복부의 근,상지의 근",옆으로 펀치하기,3.903,,mp4,0AUDLJ08S_00313.mp4,"Serratus Anterior,Abdominal External Oblique,Abdominal Internal Oblique,Deltoid",http://openapi.kspo.or.kr/web/image/0AUDLJ08S_00313/,2,동영상,
"앞톱니근,배바깥빗근,배속빗근,어깨세모근",,http://openapi.kspo.or.kr/web/video/,"실내에서 할 수 있는 운동 중, 옆으로 펀치하기운동을 설명한 운동처방 동영상",8732112,29.96,1170,1280*720,덤벨,공통,146,,0AUDLJ08S_00313_SC_00003.jpeg,"전거근,외복사근,내복사근,삼각근",2021,실내,54,"가슴,복부,복부,바깥쪽 어깨",한국어,옆으로 펀치하기,20220930,"가슴의 근,복부의 근,복부의 근,상지의 근",옆으로 펀치하기,4.871,,mp4,0AUDLJ08S_00313.mp4,"Serratus Anterior,Abdominal External Oblique,Abdominal Internal Oblique,Deltoid",http://openapi.kspo.or.kr/web/image/0AUDLJ08S_00313/,3,동영상,
"앞톱니근,배바깥빗근,배속빗근,어깨세모근",,http://openapi.kspo.or.kr/web/video/,"실내에서 할 수 있는 운동 중, 옆으로 펀치하기운동을 설명한 운동처방 동영상",8732112,29.96,1171,1280*720,덤벨,공통,552,,0AUDLJ08S_00313_SC_00004.jpeg,"전거근,외복사근,내복사근,삼각근",2021,실내,54,"가슴,복부,복부,바깥쪽 어깨",한국어,옆으로 펀치하기,20220930,"가슴의 근,복부의 근,복부의 근,상지의 근",옆으로 펀치하기,18.418,,mp4,0AUDLJ08S_00313.mp4,"Serratus Anterior,Abdominal External Oblique,Abdominal Internal Oblique,Deltoid",http://openapi.kspo.or.kr/web/image/0AUDLJ08S_00313/,4,동영상,
"앞톱니근,배바깥빗근,배속빗근,어깨세모근",,http://openapi.kspo.or.kr/web/video/,"실내에서 할 수 있는 운동 중, 옆으로 펀치하기운동을 설명한 운동처방 동영상",8732112,29.96,1172,1280*720,덤벨,공통,755,,0AUDLJ08S_00313_SC_00005.jpeg,"전거근,외복사근,내복사근,삼각근",2021,실내,54,"가슴,복부,복부,바깥쪽 어깨",한국어,옆으로 펀치하기,20220930,"가슴의 근,복부의 근,복부의 근,상지의 근",옆으로 펀치하기,25.191,,mp4,0AUDLJ08S_00313.mp4,"Serratus Anterior,Abdominal External Oblique,Abdominal Internal Oblique,Deltoid",http://openapi.kspo.or.kr/web/image/0AUDLJ08S_00313/,5,동영상,
"앞톱니근,배바깥빗근,배속빗근,어깨세모근",,http://openapi.kspo.or.kr/web/video/,"실내에서 할 수 있는 운동 중, 옆으로 펀치하기운동을 설명한 운동처방 동영상",8732112,29.96,1173,1280*720,덤벨,공통,958,,0AUDLJ08S_00313_SC_00006.jpeg,"전거근,외복사근,내복사근,삼각근",2021,실내,54,"가슴,복부,복부,바깥쪽 어깨",한국어,옆으로 펀치하기,20220930,"가슴의 근,복부의 근,복부의 근,상지의 근",옆으로 펀치하기,31.965,,mp4,0AUDLJ08S_00313.mp4,"Serratus Anterior,Abdominal External Oblique,Abdominal Internal Oblique,Deltoid",http://openapi.kspo.or.kr/web/image/0AUDLJ08S_00313/,6,동영상,
"앞톱니근,배바깥빗근,배속빗근,어깨세모근",,http://openapi.kspo.or.kr/web/video/,"실내에서 할 수 있는 운동 중, 옆으로 펀치하기운동을 설명한 운동처방 동영상",8732112,29.96,1174,1280*720,덤벨,공통,1161,,0AUDLJ08S_00313_SC_00007.jpeg,"전거근,외복사근,내복사근,삼각근",2021,실내,54,"가슴,복부,복부,바깥쪽 어깨",한국어,옆으로 펀치하기,20220930,"가슴의 근,복부의 근,복부의 근,상지의 근",옆으로 펀치하기,38.738,,mp4,0AUDLJ08S_00313.mp4,"Serratus Anterior,Abdominal External Oblique,Abdominal Internal Oblique,Deltoid",http://openapi.kspo.or.kr/web/image/0AUDLJ08S_00313/,7,동영상,
"앞톱니근,배바깥빗근,배속빗근,어깨세모근",,http://openapi.kspo.or.kr/web/video/,"실내에서 할 수 있는 운동 중, 옆으로 펀치하기운동을 설명한 운동처방 동영상",8732112,29.96,1175,1280*720,덤벨,공통,1480,,0AUDLJ08S_00313_SC_00008.jpeg,"전거근,외복사근,내복사근,삼각근",2021,실내,54,"가슴,복부,복부,바깥쪽 어깨",한국어,옆으로 펀치하기,20220930,"가슴의 근,복부의 근,복부의 근,상지의 근",옆으로 펀치하기,49.382,,mp4,0AUDLJ08S_00313.mp4,"Serratus Anterior,Abdominal External Oblique,Abdominal Internal Oblique,Deltoid",http://openapi.kspo.or.kr/web/image/0AUDLJ08S_00313/,8,동영상,
"앞톱니근,배바깥빗근,배속빗근,어깨세모근",,http://openapi.kspo.or.kr/web/video/,"실내에서 할 수 있는 운동 중, 옆으로 펀치하기운동을 설명한 운동처방 동영상",8732112,29.96,1176,1280*720,덤벨,공통,1567,,0AUDLJ08S_00313_SC_00009.jpeg,"전거근,외복사근,내복사근,삼각근",2021,실내,54,"가슴,복부,복부,바깥쪽 어깨",한국어,옆으로 펀치하기,20220930,"가슴의 근,복부의 근,복부의 근,상지의 근",옆으로 펀치하기,52.285,,mp4,0AUDLJ08S_00313.mp4,"Serratus Anterior,Abdominal External Oblique,Abdominal Internal Oblique,Deltoid",http://openapi.kspo.or.kr/web/image/0AUDLJ08S_00313/,9,동영상,
,,http://openapi.kspo.or.kr/web/video/,"실내에서 할 수 있는 운동 중, 팔벌려뛰기운동을 설명한 운동처방 동영상",8531251,29.96,1177,1280*720,,공통,88,,0AUDLJ08S_00314_SC_00001.jpeg,,2021,실내/실외,54,,한국어,팔 벌려 뛰기,20220930,,팔벌려뛰기,2.936,,mp4,0AUDLJ08S_00314.mp4,,http://openapi.kspo.or.kr/web/image/0AUDLJ08S_00314/,1,동영상,
"위팔두갈래근,넙다리두갈래근,장딴지근",,http://openapi.kspo.or.kr/web/video/,"실내에서 할 수 있는 운동 중, 팔벌려뛰기운동을 설명한 운동처방 동영상",8531251,29.96,1178,1280*720,,공통,146,,0AUDLJ08S_00314_SC_00003.jpeg,"상완이두근,대퇴이두근,비복근",2021,실내/실외,54,"앞쪽 위팔,뒤쪽 넓적다리,종아리",한국어,팔 벌려 뛰기,20220930,"상지의 근,하지의 근,하지의 근",팔벌려뛰기,4.871,,mp4,0AUDLJ08S_00314.mp4,"Biceps Brachii,Biceps Femoris,Gastrocnemius",http://openapi.kspo.or.kr/web/image/0AUDLJ08S_00314/,2,동영상,
"위팔두갈래근,넙다리두갈래근,장딴지근",,http://openapi.kspo.or.kr/web/video/,"실내에서 할 수 있는 운동 중, 팔벌려뛰기운동을 설명한 운동처방 동영상",8531251,29.96,1179,1280*720,,공통,270,,0AUDLJ08S_00314_FR_00004.jpeg,"상완이두근,대퇴이두근,비복근",2021,실내/실외,54,"앞쪽 위팔,뒤쪽 넓적다리,종아리",한국어,팔 벌려 뛰기,20220930,"상지의 근,하지의 근,하지의 근",팔벌려뛰기,9.009,,mp4,0AUDLJ08S_00314.mp4,"Biceps Brachii,Biceps Femoris,Gastrocnemius",http://openapi.kspo.or.kr/web/image/0AUDLJ08S_00314/,3,동영상,
"위팔두갈래근,넙다리두갈래근,장딴지근",10~15,http://openapi.kspo.or.kr/web/video/,"실내에서 할 수 있는 운동 중, 팔벌려뛰기운동을 설명한 운동처방 동영상",8531251,29.96,1180,1280*720,,공통,784,,0AUDLJ08S_00314_SC_00005.jpeg,"상완이두근,대퇴이두근,비복근",2021,실내/실외,54,"앞쪽 위팔,뒤쪽 넓적다리,종아리",한국어,팔 벌려 뛰기,20220930,"상지의 근,하지의 근,하지의 근",팔벌려뛰기,26.159,,mp4,0AUDLJ08S_00314.mp4,"Biceps Brachii,Biceps Femoris,Gastrocnemius",http://openapi.kspo.or.kr/web/image/0AUDLJ08S_00314/,4,동영상,3~5
"위팔두갈래근,넙다리두갈래근,장딴지근",,http://openapi.kspo.or.kr/web/video/,"실내에서 할 수 있는 운동 중, 팔벌려뛰기운동을 설명한 운동처방 동영상",8531251,29.96,1181,1280*720,,공통,1335,,0AUDLJ08S_00314_SC_00008.jpeg,"상완이두근,대퇴이두근,비복근",2021,실내/실외,54,"앞쪽 위팔,뒤쪽 넓적다리,종아리",한국어,팔 벌려 뛰기,20220930,"상지의 근,하지의 근,하지의 근",팔벌려뛰기,44.544,,mp4,0AUDLJ08S_00314.mp4,"Biceps Brachii,Biceps Femoris,Gastrocnemius",http://openapi.kspo.or.kr/web/image/0AUDLJ08S_00314/,5,동영상,
"볼기근,배곧은근,어깨세모근,가자미근,넙다리네갈래근,장딴지근",,http://openapi.kspo.or.kr/web/video/,"실내에서 할 수 있는 운동 중, 버피운동을 설명한 운동처방 동영상",7552209,29.96,1182,1280*720,,공통,90,,0AUDLJ08S_00315_FR_00002.jpeg,"둔근,복직근,삼각근,넙치근,대퇴사두근,비복근",2021,실내/실외,47,"엉덩이,복부,바깥쪽 어깨,종아리,앞쪽 넓적다리,종아리",한국어,버피 운동,20221016,"골반의 근,복부의 근,상지의 근,하지의 근,하지의 근,하지의 근",버피운동,3.003,,mp4,0AUDLJ08S_00315.mp4,"Gluteal,Rectus Abdominis,Deltoid,Soleus,Quadriceps Femoris,Gastrocnemius",http://openapi.kspo.or.kr/web/image/0AUDLJ08S_00315/,1,동영상,
"볼기근,배곧은근,어깨세모근,가자미근,넙다리네갈래근,장딴지근",,http://openapi.kspo.or.kr/web/video/,"실내에서 할 수 있는 운동 중, 버피운동을 설명한 운동처방 동영상",7552209,29.96,1183,1280*720,,공통,552,,0AUDLJ08S_00315_SC_00007.jpeg,"둔근,복직근,삼각근,넙치근,대퇴사두근,비복근",2021,실내/실외,47,"엉덩이,복부,바깥쪽 어깨,종아리,앞쪽 넓적다리,종아리",한국어,버피 운동,20221016,"골반의 근,복부의 근,상지의 근,하지의 근,하지의 근,하지의 근",버피운동,18.418,,mp4,0AUDLJ08S_00315.mp4,"Gluteal,Rectus Abdominis,Deltoid,Soleus,Quadriceps Femoris,Gastrocnemius",http://openapi.kspo.or.kr/web/image/0AUDLJ08S_00315/,2,동영상,
"볼기근,배곧은근,어깨세모근,가자미근,넙다리네갈래근,장딴지근",,http://openapi.kspo.or.kr/web/video/,"실내에서 할 수 있는 운동 중, 버피운동을 설명한 운동처방 동영상",7552209,29.96,1184,1280*720,,공통,630,,0AUDLJ08S_00315_FR_00008.jpeg,"둔근,복직근,삼각근,넙치근,대퇴사두근,비복근",2021,실내/실외,47,"엉덩이,복부,바깥쪽 어깨,종아리,앞쪽 넓적다리,종아리",한국어,버피 운동,20221016,"골반의 근,복부의 근,상지의 근,하지의 근,하지의 근,하지의 근",버피운동,21.021,,mp4,0AUDLJ08S_00315.mp4,"Gluteal,Rectus Abdominis,Deltoid,Soleus,Quadriceps Femoris,Gastrocnemius",http://openapi.kspo.or.kr/web/image/0AUDLJ08S_00315/,3,동영상,
"볼기근,배곧은근,어깨세모근,가자미근,넙다리네갈래근,장딴지근",10~15,http://openapi.kspo.or.kr/web/video/,"실내에서 할 수 있는 운동 중, 버피운동을 설명한 운동처방 동영상",7552209,29.96,1185,1280*720,,공통,990,,0AUDLJ08S_00315_FR_00012.jpeg,"둔근,복직근,삼각근,넙치근,대퇴사두근,비복근",2021,실내/실외,47,"엉덩이,복부,바깥쪽 어깨,종아리,앞쪽 넓적다리,종아리",한국어,버피 운동,20221016,"골반의 근,복부의 근,상지의 근,하지의 근,하지의 근,하지의 근",버피운동,33.033,,mp4,0AUDLJ08S_00315.mp4,"Gluteal,Rectus Abdominis,Deltoid,Soleus,Quadriceps Femoris,Gastrocnemius",http://openapi.kspo.or.kr/web/image/0AUDLJ08S_00315/,4,동영상,3~5
"큰가슴근,배곧은근",,http://openapi.kspo.or.kr/web/video/,"실내에서 할 수 있는 운동 중, 점프 팔굽혀펴기운동을 설명한 운동처방 동영상",7290023,29.96,1186,1280*720,,공통,1016,,0AUDLJ08S_00316_SC_00011.jpeg,"대흉근,복직근",2021,실내/실외,45,"가슴,복부",한국어,점프 팔 굽혀 펴기,20220930,"가슴의 근,복부의 근",점프 팔굽혀펴기,33.9,,mp4,0AUDLJ08S_00316.mp4,"Pectoralis Major,Rectus Abdominis",http://openapi.kspo.or.kr/web/image/0AUDLJ08S_00316/,4,동영상,
"큰가슴근,배곧은근",,http://openapi.kspo.or.kr/web/video/,"실내에서 할 수 있는 운동 중, 점프 팔굽혀펴기운동을 설명한 운동처방 동영상",7290023,29.96,1187,1280*720,,공통,1190,,0AUDLJ08S_00316_SC_00014.jpeg,"대흉근,복직근",2021,실내/실외,45,"가슴,복부",한국어,점프 팔 굽혀 펴기,20220930,"가슴의 근,복부의 근",점프 팔굽혀펴기,39.706,,mp4,0AUDLJ08S_00316.mp4,"Pectoralis Major,Rectus Abdominis",http://openapi.kspo.or.kr/web/image/0AUDLJ08S_00316/,6,동영상,
,,http://openapi.kspo.or.kr/web/video/,"실내에서 할 수 있는 운동 중, 점프 팔굽혀펴기운동을 설명한 운동처방 동영상",7290023,29.96,1188,1280*720,,공통,90,,0AUDLJ08S_00316_FR_00002.jpeg,,2021,실내/실외,45,,한국어,점프 팔 굽혀 펴기,20220930,,점프 팔굽혀펴기,3.003,,mp4,0AUDLJ08S_00316.mp4,,http://openapi.kspo.or.kr/web/image/0AUDLJ08S_00316/,1,동영상,
"큰가슴근,배곧은근",,http://openapi.kspo.or.kr/web/video/,"실내에서 할 수 있는 운동 중, 점프 팔굽혀펴기운동을 설명한 운동처방 동영상",7290023,29.96,1189,1280*720,,공통,523,,0AUDLJ08S_00316_SC_00005.jpeg,"대흉근,복직근",2021,실내/실외,45,"가슴,복부",한국어,점프 팔 굽혀 펴기,20220930,"가슴의 근,복부의 근",점프 팔굽혀펴기,17.45,,mp4,0AUDLJ08S_00316.mp4,"Pectoralis Major,Rectus Abdominis",http://openapi.kspo.or.kr/web/image/0AUDLJ08S_00316/,2,동영상,
"큰가슴근,배곧은근",10~15,http://openapi.kspo.or.kr/web/video/,"실내에서 할 수 있는 운동 중, 점프 팔굽혀펴기운동을 설명한 운동처방 동영상",7290023,29.96,1190,1280*720,,공통,900,,0AUDLJ08S_00316_SC_00009.jpeg,"대흉근,복직근",2021,실내/실외,45,"가슴,복부",한국어,점프 팔 굽혀 펴기,20220930,"가슴의 근,복부의 근",점프 팔굽혀펴기,30.03,,mp4,0AUDLJ08S_00316.mp4,"Pectoralis Major,Rectus Abdominis",http://openapi.kspo.or.kr/web/image/0AUDLJ08S_00316/,3,동영상,3~5
"큰가슴근,배곧은근",,http://openapi.kspo.or.kr/web/video/,"실내에서 할 수 있는 운동 중, 점프 팔굽혀펴기운동을 설명한 운동처방 동영상",7290023,29.96,1191,1280*720,,공통,1132,,0AUDLJ08S_00316_SC_00013.jpeg,"대흉근,복직근",2021,실내/실외,45,"가슴,복부",한국어,점프 팔 굽혀 펴기,20220930,"가슴의 근,복부의 근",점프 팔굽혀펴기,37.771,,mp4,0AUDLJ08S_00316.mp4,"Pectoralis Major,Rectus Abdominis",http://openapi.kspo.or.kr/web/image/0AUDLJ08S_00316/,5,동영상,
"큰볼기근,가자미근,넙다리네갈래근,장딴지근",,http://openapi.kspo.or.kr/web/video/,"실내에서 할 수 있는 운동 중, 계단 두발 뛰기운동을 설명한 운동처방 동영상",7050140,29.96,1192,1280*720,,공통,59,,0AUDLJ08S_00317_SC_00001.jpeg,"대둔근,넙치근,대퇴사두근,비복근",2021,실외,44,"엉덩이,종아리,앞쪽 넓적다리,종아리",한국어,계단 두발 뛰기,20221111,"골반의 근,하지의 근,하지의 근,하지의 근",계단 두발 뛰기,1.968,,mp4,0AUDLJ08S_00317.mp4,"Gluteus Maximus,Soleus,Quadriceps Femoris,Gastrocnemius",http://openapi.kspo.or.kr/web/image/0AUDLJ08S_00317/,1,동영상,
"큰볼기근,가자미근,넙다리네갈래근,장딴지근",,http://openapi.kspo.or.kr/web/video/,"실내에서 할 수 있는 운동 중, 계단 두발 뛰기운동을 설명한 운동처방 동영상",7050140,29.96,1193,1280*720,,공통,262,,0AUDLJ08S_00317_SC_00004.jpeg,"대둔근,넙치근,대퇴사두근,비복근",2021,실외,44,"엉덩이,종아리,앞쪽 넓적다리,종아리",한국어,계단 두발 뛰기,20221018,"골반의 근,하지의 근,하지의 근,하지의 근",계단 두발 뛰기,8.742,,mp4,0AUDLJ08S_00317.mp4,"Gluteus Maximus,Soleus,Quadriceps Femoris,Gastrocnemius",http://openapi.kspo.or.kr/web/image/0AUDLJ08S_00317/,2,동영상,
"큰볼기근,가자미근,넙다리네갈래근,장딴지근",10~15,http://openapi.kspo.or.kr/web/video/,"실내에서 할 수 있는 운동 중, 계단 두발 뛰기운동을 설명한 운동처방 동영상",7050140,29.96,1194,1280*720,,공통,610,,0AUDLJ08S_00317_SC_00009.jpeg,"대둔근,넙치근,대퇴사두근,비복근",2021,실외,44,"엉덩이,종아리,앞쪽 넓적다리,종아리",한국어,계단 두발 뛰기,20221018,"골반의 근,하지의 근,하지의 근,하지의 근",계단 두발 뛰기,20.353,,mp4,0AUDLJ08S_00317.mp4,"Gluteus Maximus,Soleus,Quadriceps Femoris,Gastrocnemius",http://openapi.kspo.or.kr/web/image/0AUDLJ08S_00317/,3,동영상,3~5
,10~15,http://openapi.kspo.or.kr/web/video/,"실내에서 할 수 있는 운동 중, 계단 두 칸씩 두발 뛰기운동을 설명한 운동처방 동영상",7911438,29.96,1195,1280*720,,공통,494,,0AUDLJ08S_00318_SC_00014.jpeg,,2021,실외,49,,한국어,계단 두 칸씩 두발 뛰기,20220929,,계단 두 칸씩 두발 뛰기,16.483,,mp4,0AUDLJ08S_00318.mp4,,http://openapi.kspo.or.kr/web/image/0AUDLJ08S_00318/,12,동영상,3~5
,10~15,http://openapi.kspo.or.kr/web/video/,"실내에서 할 수 있는 운동 중, 계단 두 칸씩 두발 뛰기운동을 설명한 운동처방 동영상",7911438,29.96,1196,1280*720,,공통,552,,0AUDLJ08S_00318_SC_00016.jpeg,,2021,실외,49,,한국어,계단 두 칸씩 두발 뛰기,20220929,,계단 두 칸씩 두발 뛰기,18.418,,mp4,0AUDLJ08S_00318.mp4,,http://openapi.kspo.or.kr/web/image/0AUDLJ08S_00318/,14,동영상,3~5
,10~15,http://openapi.kspo.or.kr/web/video/,"실내에서 할 수 있는 운동 중, 계단 두 칸씩 두발 뛰기운동을 설명한 운동처방 동영상",7911438,29.96,1197,1280*720,,공통,581,,0AUDLJ08S_00318_SC_00017.jpeg,,2021,실외,49,,한국어,계단 두 칸씩 두발 뛰기,20220929,,계단 두 칸씩 두발 뛰기,19.386,,mp4,0AUDLJ08S_00318.mp4,,http://openapi.kspo.or.kr/web/image/0AUDLJ08S_00318/,15,동영상,3~5
,10~15,http://openapi.kspo.or.kr/web/video/,"실내에서 할 수 있는 운동 중, 계단 두 칸씩 두발 뛰기운동을 설명한 운동처방 동영상",7911438,29.96,1198,1280*720,,공통,523,,0AUDLJ08S_00318_SC_00015.jpeg,,2021,실외,49,,한국어,계단 두 칸씩 두발 뛰기,20220929,,계단 두 칸씩 두발 뛰기,17.45,,mp4,0AUDLJ08S_00318.mp4,,http://openapi.kspo.or.kr/web/image/0AUDLJ08S_00318/,13,동영상,3~5
,,http://openapi.kspo.or.kr/web/video/,"실내에서 할 수 있는 운동 중, 계단 두 칸씩 두발 뛰기운동을 설명한 운동처방 동영상",7911438,29.96,1199,1280*720,,공통,59,,0AUDLJ08S_00318_SC_00001.jpeg,,2021,실외,49,,한국어,계단 두 칸씩 두발 뛰기,20220929,,계단 두 칸씩 두발 뛰기,1.968,,mp4,0AUDLJ08S_00318.mp4,,http://openapi.kspo.or.kr/web/image/0AUDLJ08S_00318/,1,동영상,
,,http://openapi.kspo.or.kr/web/video/,"실내에서 할 수 있는 운동 중, 계단 두 칸씩 두발 뛰기운동을 설명한 운동처방 동영상",7911438,29.96,1200,1280*720,,공통,146,,0AUDLJ08S_00318_SC_00003.jpeg,,2021,실외,49,,한국어,계단 두 칸씩 두발 뛰기,20220929,,계단 두 칸씩 두발 뛰기,4.871,,mp4,0AUDLJ08S_00318.mp4,,http://openapi.kspo.or.kr/web/image/0AUDLJ08S_00318/,2,동영상,
,,http://openapi.kspo.or.kr/web/video/,"실내에서 할 수 있는 운동 중, 계단 두 칸씩 두발 뛰기운동을 설명한 운동처방 동영상",7911438,29.96,1201,1280*720,,공통,175,,0AUDLJ08S_00318_SC_00004.jpeg,,2021,실외,49,,한국어,계단 두 칸씩 두발 뛰기,20220929,,계단 두 칸씩 두발 뛰기,5.839,,mp4,0AUDLJ08S_00318.mp4,,http://openapi.kspo.or.kr/web/image/0AUDLJ08S_00318/,3,동영상,
,,http://openapi.kspo.or.kr/web/video/,"실내에서 할 수 있는 운동 중, 계단 두 칸씩 두발 뛰기운동을 설명한 운동처방 동영상",7911438,29.96,1202,1280*720,,공통,204,,0AUDLJ08S_00318_SC_00005.jpeg,,2021,실외,49,,한국어,계단 두 칸씩 두발 뛰기,20220929,,계단 두 칸씩 두발 뛰기,6.806,,mp4,0AUDLJ08S_00318.mp4,,http://openapi.kspo.or.kr/web/image/0AUDLJ08S_00318/,4,동영상,
,,http://openapi.kspo.or.kr/web/video/,"실내에서 할 수 있는 운동 중, 계단 두 칸씩 두발 뛰기운동을 설명한 운동처방 동영상",7911438,29.96,1203,1280*720,,공통,233,,0AUDLJ08S_00318_SC_00006.jpeg,,2021,실외,49,,한국어,계단 두 칸씩 두발 뛰기,20220929,,계단 두 칸씩 두발 뛰기,7.774,,mp4,0AUDLJ08S_00318.mp4,,http://openapi.kspo.or.kr/web/image/0AUDLJ08S_00318/,5,동영상,
,,http://openapi.kspo.or.kr/web/video/,"실내에서 할 수 있는 운동 중, 계단 두 칸씩 두발 뛰기운동을 설명한 운동처방 동영상",7911438,29.96,1204,1280*720,,공통,291,,0AUDLJ08S_00318_SC_00007.jpeg,,2021,실외,49,,한국어,계단 두 칸씩 두발 뛰기,20220929,,계단 두 칸씩 두발 뛰기,9.709,,mp4,0AUDLJ08S_00318.mp4,,http://openapi.kspo.or.kr/web/image/0AUDLJ08S_00318/,6,동영상,
,,http://openapi.kspo.or.kr/web/video/,"실내에서 할 수 있는 운동 중, 계단 두 칸씩 두발 뛰기운동을 설명한 운동처방 동영상",7911438,29.96,1205,1280*720,,공통,320,,0AUDLJ08S_00318_SC_00008.jpeg,,2021,실외,49,,한국어,계단 두 칸씩 두발 뛰기,20220929,,계단 두 칸씩 두발 뛰기,10.677,,mp4,0AUDLJ08S_00318.mp4,,http://openapi.kspo.or.kr/web/image/0AUDLJ08S_00318/,7,동영상,
,,http://openapi.kspo.or.kr/web/video/,"실내에서 할 수 있는 운동 중, 계단 두 칸씩 두발 뛰기운동을 설명한 운동처방 동영상",7911438,29.96,1206,1280*720,,공통,349,,0AUDLJ08S_00318_SC_00009.jpeg,,2021,실외,49,,한국어,계단 두 칸씩 두발 뛰기,20220929,,계단 두 칸씩 두발 뛰기,11.644,,mp4,0AUDLJ08S_00318.mp4,,http://openapi.kspo.or.kr/web/image/0AUDLJ08S_00318/,8,동영상,
,,http://openapi.kspo.or.kr/web/video/,"실내에서 할 수 있는 운동 중, 계단 두 칸씩 두발 뛰기운동을 설명한 운동처방 동영상",7911438,29.96,1207,1280*720,,공통,378,,0AUDLJ08S_00318_SC_00010.jpeg,,2021,실외,49,,한국어,계단 두 칸씩 두발 뛰기,20220929,,계단 두 칸씩 두발 뛰기,12.612,,mp4,0AUDLJ08S_00318.mp4,,http://openapi.kspo.or.kr/web/image/0AUDLJ08S_00318/,9,동영상,
,,http://openapi.kspo.or.kr/web/video/,"실내에서 할 수 있는 운동 중, 계단 두 칸씩 두발 뛰기운동을 설명한 운동처방 동영상",7911438,29.96,1208,1280*720,,공통,407,,0AUDLJ08S_00318_SC_00011.jpeg,,2021,실외,49,,한국어,계단 두 칸씩 두발 뛰기,20220929,,계단 두 칸씩 두발 뛰기,13.58,,mp4,0AUDLJ08S_00318.mp4,,http://openapi.kspo.or.kr/web/image/0AUDLJ08S_00318/,10,동영상,
,,http://openapi.kspo.or.kr/web/video/,"실내에서 할 수 있는 운동 중, 계단 두 칸씩 두발 뛰기운동을 설명한 운동처방 동영상",7911438,29.96,1209,1280*720,,공통,436,,0AUDLJ08S_00318_SC_00012.jpeg,,2021,실외,49,,한국어,계단 두 칸씩 두발 뛰기,20220929,,계단 두 칸씩 두발 뛰기,14.547,,mp4,0AUDLJ08S_00318.mp4,,http://openapi.kspo.or.kr/web/image/0AUDLJ08S_00318/,11,동영상,
,10~15,http://openapi.kspo.or.kr/web/video/,"실내에서 할 수 있는 운동 중, 계단 두 칸씩 두발 뛰기운동을 설명한 운동처방 동영상",7911438,29.96,1210,1280*720,,공통,610,,0AUDLJ08S_00318_SC_00018.jpeg,,2021,실외,49,,한국어,계단 두 칸씩 두발 뛰기,20220929,,계단 두 칸씩 두발 뛰기,20.353,,mp4,0AUDLJ08S_00318.mp4,,http://openapi.kspo.or.kr/web/image/0AUDLJ08S_00318/,16,동영상,3~5
,10~15,http://openapi.kspo.or.kr/web/video/,"실내에서 할 수 있는 운동 중, 계단 두 칸씩 두발 뛰기운동을 설명한 운동처방 동영상",7911438,29.96,1211,1280*720,,공통,639,,0AUDLJ08S_00318_SC_00019.jpeg,,2021,실외,49,,한국어,계단 두 칸씩 두발 뛰기,20220929,,계단 두 칸씩 두발 뛰기,21.321,,mp4,0AUDLJ08S_00318.mp4,,http://openapi.kspo.or.kr/web/image/0AUDLJ08S_00318/,17,동영상,3~5
,10~15,http://openapi.kspo.or.kr/web/video/,"실내에서 할 수 있는 운동 중, 계단 두 칸씩 두발 뛰기운동을 설명한 운동처방 동영상",7911438,29.96,1212,1280*720,,공통,668,,0AUDLJ08S_00318_SC_00020.jpeg,,2021,실외,49,,한국어,계단 두 칸씩 두발 뛰기,20220929,,계단 두 칸씩 두발 뛰기,22.288,,mp4,0AUDLJ08S_00318.mp4,,http://openapi.kspo.or.kr/web/image/0AUDLJ08S_00318/,18,동영상,3~5
,10~15,http://openapi.kspo.or.kr/web/video/,"실내에서 할 수 있는 운동 중, 계단 두 칸씩 두발 뛰기운동을 설명한 운동처방 동영상",7911438,29.96,1213,1280*720,,공통,697,,0AUDLJ08S_00318_SC_00021.jpeg,,2021,실외,49,,한국어,계단 두 칸씩 두발 뛰기,20220929,,계단 두 칸씩 두발 뛰기,23.256,,mp4,0AUDLJ08S_00318.mp4,,http://openapi.kspo.or.kr/web/image/0AUDLJ08S_00318/,19,동영상,3~5
,10~15,http://openapi.kspo.or.kr/web/video/,"실내에서 할 수 있는 운동 중, 계단 두 칸씩 두발 뛰기운동을 설명한 운동처방 동영상",7911438,29.96,1214,1280*720,,공통,726,,0AUDLJ08S_00318_SC_00022.jpeg,,2021,실외,49,,한국어,계단 두 칸씩 두발 뛰기,20220929,,계단 두 칸씩 두발 뛰기,24.224,,mp4,0AUDLJ08S_00318.mp4,,http://openapi.kspo.or.kr/web/image/0AUDLJ08S_00318/,20,동영상,3~5
,10~15,http://openapi.kspo.or.kr/web/video/,"실내에서 할 수 있는 운동 중, 계단 두 칸씩 두발 뛰기운동을 설명한 운동처방 동영상",7911438,29.96,1215,1280*720,,공통,755,,0AUDLJ08S_00318_SC_00023.jpeg,,2021,실외,49,,한국어,계단 두 칸씩 두발 뛰기,20220929,,계단 두 칸씩 두발 뛰기,25.191,,mp4,0AUDLJ08S_00318.mp4,,http://openapi.kspo.or.kr/web/image/0AUDLJ08S_00318/,21,동영상,3~5
,10~15,http://openapi.kspo.or.kr/web/video/,"실내에서 할 수 있는 운동 중, 계단 두 칸씩 두발 뛰기운동을 설명한 운동처방 동영상",7911438,29.96,1216,1280*720,,공통,784,,0AUDLJ08S_00318_SC_00024.jpeg,,2021,실외,49,,한국어,계단 두 칸씩 두발 뛰기,20220929,,계단 두 칸씩 두발 뛰기,26.159,,mp4,0AUDLJ08S_00318.mp4,,http://openapi.kspo.or.kr/web/image/0AUDLJ08S_00318/,22,동영상,3~5
,10~15,http://openapi.kspo.or.kr/web/video/,"실내에서 할 수 있는 운동 중, 계단 두 칸씩 두발 뛰기운동을 설명한 운동처방 동영상",7911438,29.96,1217,1280*720,,공통,813,,0AUDLJ08S_00318_SC_00025.jpeg,,2021,실외,49,,한국어,계단 두 칸씩 두발 뛰기,20220929,,계단 두 칸씩 두발 뛰기,27.127,,mp4,0AUDLJ08S_00318.mp4,,http://openapi.kspo.or.kr/web/image/0AUDLJ08S_00318/,23,동영상,3~5
,10~15,http://openapi.kspo.or.kr/web/video/,"실내에서 할 수 있는 운동 중, 계단 두 칸씩 두발 뛰기운동을 설명한 운동처방 동영상",7911438,29.96,1218,1280*720,,공통,842,,0AUDLJ08S_00318_SC_00026.jpeg,,2021,실외,49,,한국어,계단 두 칸씩 두발 뛰기,20220929,,계단 두 칸씩 두발 뛰기,28.094,,mp4,0AUDLJ08S_00318.mp4,,http://openapi.kspo.or.kr/web/image/0AUDLJ08S_00318/,24,동영상,3~5
,10~15,http://openapi.kspo.or.kr/web/video/,"실내에서 할 수 있는 운동 중, 계단 두 칸씩 두발 뛰기운동을 설명한 운동처방 동영상",7911438,29.96,1219,1280*720,,공통,871,,0AUDLJ08S_00318_SC_00027.jpeg,,2021,실외,49,,한국어,계단 두 칸씩 두발 뛰기,20220929,,계단 두 칸씩 두발 뛰기,29.062,,mp4,0AUDLJ08S_00318.mp4,,http://openapi.kspo.or.kr/web/image/0AUDLJ08S_00318/,25,동영상,3~5
,10~15,http://openapi.kspo.or.kr/web/video/,"실내에서 할 수 있는 운동 중, 계단 두 칸씩 두발 뛰기운동을 설명한 운동처방 동영상",7911438,29.96,1220,1280*720,,공통,900,,0AUDLJ08S_00318_SC_00028.jpeg,,2021,실외,49,,한국어,계단 두 칸씩 두발 뛰기,20220929,,계단 두 칸씩 두발 뛰기,30.03,,mp4,0AUDLJ08S_00318.mp4,,http://openapi.kspo.or.kr/web/image/0AUDLJ08S_00318/,26,동영상,3~5
,,http://openapi.kspo.or.kr/web/video/,"실내에서 할 수 있는 운동 중, 계단 두 칸씩 두발 뛰기운동을 설명한 운동처방 동영상",7911438,29.96,1221,1280*720,,공통,1161,,0AUDLJ08S_00318_SC_00036.jpeg,,2021,실외,49,,한국어,계단 두 칸씩 두발 뛰기,20220929,,계단 두 칸씩 두발 뛰기,38.738,,mp4,0AUDLJ08S_00318.mp4,,http://openapi.kspo.or.kr/web/image/0AUDLJ08S_00318/,27,동영상,
,,http://openapi.kspo.or.kr/web/video/,"실내에서 할 수 있는 운동 중, 계단 두 칸씩 두발 뛰기운동을 설명한 운동처방 동영상",7911438,29.96,1222,1280*720,,공통,1219,,0AUDLJ08S_00318_SC_00037.jpeg,,2021,실외,49,,한국어,계단 두 칸씩 두발 뛰기,20220929,,계단 두 칸씩 두발 뛰기,40.674,,mp4,0AUDLJ08S_00318.mp4,,http://openapi.kspo.or.kr/web/image/0AUDLJ08S_00318/,28,동영상,
,,http://openapi.kspo.or.kr/web/video/,"실내에서 할 수 있는 운동 중, 계단 두 칸씩 두발 뛰기운동을 설명한 운동처방 동영상",7911438,29.96,1223,1280*720,,공통,1248,,0AUDLJ08S_00318_SC_00038.jpeg,,2021,실외,49,,한국어,계단 두 칸씩 두발 뛰기,20220929,,계단 두 칸씩 두발 뛰기,41.641,,mp4,0AUDLJ08S_00318.mp4,,http://openapi.kspo.or.kr/web/image/0AUDLJ08S_00318/,29,동영상,
,,http://openapi.kspo.or.kr/web/video/,"실내에서 할 수 있는 운동 중, 계단 두 칸씩 두발 뛰기운동을 설명한 운동처방 동영상",7911438,29.96,1224,1280*720,,공통,1277,,0AUDLJ08S_00318_SC_00039.jpeg,,2021,실외,49,,한국어,계단 두 칸씩 두발 뛰기,20220929,,계단 두 칸씩 두발 뛰기,42.609,,mp4,0AUDLJ08S_00318.mp4,,http://openapi.kspo.or.kr/web/image/0AUDLJ08S_00318/,30,동영상,
,,http://openapi.kspo.or.kr/web/video/,"실내에서 할 수 있는 운동 중, 계단 두 칸씩 두발 뛰기운동을 설명한 운동처방 동영상",7911438,29.96,1225,1280*720,,공통,1306,,0AUDLJ08S_00318_SC_00040.jpeg,,2021,실외,49,,한국어,계단 두 칸씩 두발 뛰기,20220929,,계단 두 칸씩 두발 뛰기,43.576,,mp4,0AUDLJ08S_00318.mp4,,http://openapi.kspo.or.kr/web/image/0AUDLJ08S_00318/,31,동영상,
,,http://openapi.kspo.or.kr/web/video/,"실내에서 할 수 있는 운동 중, 계단 두 칸씩 두발 뛰기운동을 설명한 운동처방 동영상",7911438,29.96,1226,1280*720,,공통,1335,,0AUDLJ08S_00318_SC_00041.jpeg,,2021,실외,49,,한국어,계단 두 칸씩 두발 뛰기,20220929,,계단 두 칸씩 두발 뛰기,44.544,,mp4,0AUDLJ08S_00318.mp4,,http://openapi.kspo.or.kr/web/image/0AUDLJ08S_00318/,32,동영상,
,,http://openapi.kspo.or.kr/web/video/,"실내에서 할 수 있는 운동 중, 계단 두 칸씩 두발 뛰기운동을 설명한 운동처방 동영상",7911438,29.96,1227,1280*720,,공통,1364,,0AUDLJ08S_00318_SC_00042.jpeg,,2021,실외,49,,한국어,계단 두 칸씩 두발 뛰기,20220929,,계단 두 칸씩 두발 뛰기,45.512,,mp4,0AUDLJ08S_00318.mp4,,http://openapi.kspo.or.kr/web/image/0AUDLJ08S_00318/,33,동영상,
"넙다리네갈래근,넙다리두갈래근,장딴지근",,http://openapi.kspo.or.kr/web/video/,"실내에서 할 수 있는 운동 중, 계단 한발 뛰기운동을 설명한 운동처방 동영상",8278980,29.96,1228,1280*720,,공통,88,,0AUDLJ08S_00319_SC_00001.jpeg,"대퇴사두근,대퇴이두근,비복근",2021,실외,51,"앞쪽 넓적다리,뒤쪽 넓적다리,종아리",한국어,계단 한발 뛰기,20220929,"하지의 근,하지의 근,하지의 근",계단 한발 뛰기,2.936,,mp4,0AUDLJ08S_00319.mp4,"Quadriceps Femoris,Biceps Femoris,Gastrocnemius",http://openapi.kspo.or.kr/web/image/0AUDLJ08S_00319/,1,동영상,
"넙다리네갈래근,넙다리두갈래근,장딴지근",,http://openapi.kspo.or.kr/web/video/,"실내에서 할 수 있는 운동 중, 계단 한발 뛰기운동을 설명한 운동처방 동영상",8278980,29.96,1229,1280*720,,공통,146,,0AUDLJ08S_00319_SC_00003.jpeg,"대퇴사두근,대퇴이두근,비복근",2021,실외,51,"앞쪽 넓적다리,뒤쪽 넓적다리,종아리",한국어,계단 한발 뛰기,20220929,"하지의 근,하지의 근,하지의 근",계단 한발 뛰기,4.871,,mp4,0AUDLJ08S_00319.mp4,"Quadriceps Femoris,Biceps Femoris,Gastrocnemius",http://openapi.kspo.or.kr/web/image/0AUDLJ08S_00319/,2,동영상,
"넙다리네갈래근,넙다리두갈래근,장딴지근",,http://openapi.kspo.or.kr/web/video/,"실내에서 할 수 있는 운동 중, 계단 한발 뛰기운동을 설명한 운동처방 동영상",8278980,29.96,1230,1280*720,,공통,204,,0AUDLJ08S_00319_SC_00004.jpeg,"대퇴사두근,대퇴이두근,비복근",2021,실외,51,"앞쪽 넓적다리,뒤쪽 넓적다리,종아리",한국어,계단 한발 뛰기,20220929,"하지의 근,하지의 근,하지의 근",계단 한발 뛰기,6.806,,mp4,0AUDLJ08S_00319.mp4,"Quadriceps Femoris,Biceps Femoris,Gastrocnemius",http://openapi.kspo.or.kr/web/image/0AUDLJ08S_00319/,3,동영상,
"넙다리네갈래근,넙다리두갈래근,장딴지근",,http://openapi.kspo.or.kr/web/video/,"실내에서 할 수 있는 운동 중, 계단 한발 뛰기운동을 설명한 운동처방 동영상",8278980,29.96,1231,1280*720,,공통,233,,0AUDLJ08S_00319_SC_00005.jpeg,"대퇴사두근,대퇴이두근,비복근",2021,실외,51,"앞쪽 넓적다리,뒤쪽 넓적다리,종아리",한국어,계단 한발 뛰기,20220929,"하지의 근,하지의 근,하지의 근",계단 한발 뛰기,7.774,,mp4,0AUDLJ08S_00319.mp4,"Quadriceps Femoris,Biceps Femoris,Gastrocnemius",http://openapi.kspo.or.kr/web/image/0AUDLJ08S_00319/,4,동영상,
"넙다리네갈래근,넙다리두갈래근,장딴지근",,http://openapi.kspo.or.kr/web/video/,"실내에서 할 수 있는 운동 중, 계단 한발 뛰기운동을 설명한 운동처방 동영상",8278980,29.96,1232,1280*720,,공통,291,,0AUDLJ08S_00319_SC_00006.jpeg,"대퇴사두근,대퇴이두근,비복근",2021,실외,51,"앞쪽 넓적다리,뒤쪽 넓적다리,종아리",한국어,계단 한발 뛰기,20220929,"하지의 근,하지의 근,하지의 근",계단 한발 뛰기,9.709,,mp4,0AUDLJ08S_00319.mp4,"Quadriceps Femoris,Biceps Femoris,Gastrocnemius",http://openapi.kspo.or.kr/web/image/0AUDLJ08S_00319/,5,동영상,
"넙다리네갈래근,넙다리두갈래근,장딴지근",,http://openapi.kspo.or.kr/web/video/,"실내에서 할 수 있는 운동 중, 계단 한발 뛰기운동을 설명한 운동처방 동영상",8278980,29.96,1233,1280*720,,공통,349,,0AUDLJ08S_00319_SC_00007.jpeg,"대퇴사두근,대퇴이두근,비복근",2021,실외,51,"앞쪽 넓적다리,뒤쪽 넓적다리,종아리",한국어,계단 한발 뛰기,20221114,"하지의 근,하지의 근,하지의 근",계단 한발 뛰기,11.644,,mp4,0AUDLJ08S_00319.mp4,"Quadriceps Femoris,Biceps Femoris,Gastrocnemius",http://openapi.kspo.or.kr/web/image/0AUDLJ08S_00319/,6,동영상,
"넙다리네갈래근,넙다리두갈래근,장딴지근",,http://openapi.kspo.or.kr/web/video/,"실내에서 할 수 있는 운동 중, 계단 한발 뛰기운동을 설명한 운동처방 동영상",8278980,29.96,1234,1280*720,,공통,407,,0AUDLJ08S_00319_SC_00008.jpeg,"대퇴사두근,대퇴이두근,비복근",2021,실외,51,"앞쪽 넓적다리,뒤쪽 넓적다리,종아리",한국어,계단 한발 뛰기,20220929,"하지의 근,하지의 근,하지의 근",계단 한발 뛰기,13.58,,mp4,0AUDLJ08S_00319.mp4,"Quadriceps Femoris,Biceps Femoris,Gastrocnemius",http://openapi.kspo.or.kr/web/image/0AUDLJ08S_00319/,7,동영상,
"넙다리네갈래근,넙다리두갈래근,장딴지근",,http://openapi.kspo.or.kr/web/video/,"실내에서 할 수 있는 운동 중, 계단 한발 뛰기운동을 설명한 운동처방 동영상",8278980,29.96,1235,1280*720,,공통,436,,0AUDLJ08S_00319_SC_00009.jpeg,"대퇴사두근,대퇴이두근,비복근",2021,실외,51,"앞쪽 넓적다리,뒤쪽 넓적다리,종아리",한국어,계단 한발 뛰기,20220929,"하지의 근,하지의 근,하지의 근",계단 한발 뛰기,14.547,,mp4,0AUDLJ08S_00319.mp4,"Quadriceps Femoris,Biceps Femoris,Gastrocnemius",http://openapi.kspo.or.kr/web/image/0AUDLJ08S_00319/,8,동영상,
"넙다리네갈래근,넙다리두갈래근,장딴지근",,http://openapi.kspo.or.kr/web/video/,"실내에서 할 수 있는 운동 중, 계단 한발 뛰기운동을 설명한 운동처방 동영상",8278980,29.96,1236,1280*720,,공통,494,,0AUDLJ08S_00319_SC_00010.jpeg,"대퇴사두근,대퇴이두근,비복근",2021,실외,51,"앞쪽 넓적다리,뒤쪽 넓적다리,종아리",한국어,계단 한발 뛰기,20220929,"하지의 근,하지의 근,하지의 근",계단 한발 뛰기,16.483,,mp4,0AUDLJ08S_00319.mp4,"Quadriceps Femoris,Biceps Femoris,Gastrocnemius",http://openapi.kspo.or.kr/web/image/0AUDLJ08S_00319/,9,동영상,
"넙다리네갈래근,넙다리두갈래근,장딴지근",10~15,http://openapi.kspo.or.kr/web/video/,"실내에서 할 수 있는 운동 중, 계단 한발 뛰기운동을 설명한 운동처방 동영상",8278980,29.96,1237,1280*720,,공통,610,,0AUDLJ08S_00319_SC_00011.jpeg,"대퇴사두근,대퇴이두근,비복근",2021,실외,51,"앞쪽 넓적다리,뒤쪽 넓적다리,종아리",한국어,계단 한발 뛰기,20220929,"하지의 근,하지의 근,하지의 근",계단 한발 뛰기,20.353,,mp4,0AUDLJ08S_00319.mp4,"Quadriceps Femoris,Biceps Femoris,Gastrocnemius",http://openapi.kspo.or.kr/web/image/0AUDLJ08S_00319/,10,동영상,3~5
"넙다리네갈래근,넙다리두갈래근,장딴지근",10~15,http://openapi.kspo.or.kr/web/video/,"실내에서 할 수 있는 운동 중, 계단 한발 뛰기운동을 설명한 운동처방 동영상",8278980,29.96,1238,1280*720,,공통,639,,0AUDLJ08S_00319_SC_00012.jpeg,"대퇴사두근,대퇴이두근,비복근",2021,실외,51,"앞쪽 넓적다리,뒤쪽 넓적다리,종아리",한국어,계단 한발 뛰기,20220929,"하지의 근,하지의 근,하지의 근",계단 한발 뛰기,21.321,,mp4,0AUDLJ08S_00319.mp4,"Quadriceps Femoris,Biceps Femoris,Gastrocnemius",http://openapi.kspo.or.kr/web/image/0AUDLJ08S_00319/,11,동영상,3~5
"넙다리네갈래근,넙다리두갈래근,장딴지근",10~15,http://openapi.kspo.or.kr/web/video/,"실내에서 할 수 있는 운동 중, 계단 한발 뛰기운동을 설명한 운동처방 동영상",8278980,29.96,1239,1280*720,,공통,668,,0AUDLJ08S_00319_SC_00013.jpeg,"대퇴사두근,대퇴이두근,비복근",2021,실외,51,"앞쪽 넓적다리,뒤쪽 넓적다리,종아리",한국어,계단 한발 뛰기,20220929,"하지의 근,하지의 근,하지의 근",계단 한발 뛰기,22.288,,mp4,0AUDLJ08S_00319.mp4,"Quadriceps Femoris,Biceps Femoris,Gastrocnemius",http://openapi.kspo.or.kr/web/image/0AUDLJ08S_00319/,12,동영상,3~5
"넙다리네갈래근,넙다리두갈래근,장딴지근",10~15,http://openapi.kspo.or.kr/web/video/,"실내에서 할 수 있는 운동 중, 계단 한발 뛰기운동을 설명한 운동처방 동영상",8278980,29.96,1240,1280*720,,공통,697,,0AUDLJ08S_00319_SC_00014.jpeg,"대퇴사두근,대퇴이두근,비복근",2021,실외,51,"앞쪽 넓적다리,뒤쪽 넓적다리,종아리",한국어,계단 한발 뛰기,20220929,"하지의 근,하지의 근,하지의 근",계단 한발 뛰기,23.256,,mp4,0AUDLJ08S_00319.mp4,"Quadriceps Femoris,Biceps Femoris,Gastrocnemius",http://openapi.kspo.or.kr/web/image/0AUDLJ08S_00319/,13,동영상,3~5
"넙다리네갈래근,넙다리두갈래근,장딴지근",10~15,http://openapi.kspo.or.kr/web/video/,"실내에서 할 수 있는 운동 중, 계단 한발 뛰기운동을 설명한 운동처방 동영상",8278980,29.96,1241,1280*720,,공통,726,,0AUDLJ08S_00319_SC_00015.jpeg,"대퇴사두근,대퇴이두근,비복근",2021,실외,51,"앞쪽 넓적다리,뒤쪽 넓적다리,종아리",한국어,계단 한발 뛰기,20220929,"하지의 근,하지의 근,하지의 근",계단 한발 뛰기,24.224,,mp4,0AUDLJ08S_00319.mp4,"Quadriceps Femoris,Biceps Femoris,Gastrocnemius",http://openapi.kspo.or.kr/web/image/0AUDLJ08S_00319/,14,동영상,3~5
"넙다리네갈래근,넙다리두갈래근,장딴지근",10~15,http://openapi.kspo.or.kr/web/video/,"실내에서 할 수 있는 운동 중, 계단 한발 뛰기운동을 설명한 운동처방 동영상",8278980,29.96,1242,1280*720,,공통,755,,0AUDLJ08S_00319_SC_00016.jpeg,"대퇴사두근,대퇴이두근,비복근",2021,실외,51,"앞쪽 넓적다리,뒤쪽 넓적다리,종아리",한국어,계단 한발 뛰기,20220929,"하지의 근,하지의 근,하지의 근",계단 한발 뛰기,25.191,,mp4,0AUDLJ08S_00319.mp4,"Quadriceps Femoris,Biceps Femoris,Gastrocnemius",http://openapi.kspo.or.kr/web/image/0AUDLJ08S_00319/,15,동영상,3~5
"넙다리네갈래근,넙다리두갈래근,장딴지근",10~15,http://openapi.kspo.or.kr/web/video/,"실내에서 할 수 있는 운동 중, 계단 한발 뛰기운동을 설명한 운동처방 동영상",8278980,29.96,1243,1280*720,,공통,784,,0AUDLJ08S_00319_SC_00017.jpeg,"대퇴사두근,대퇴이두근,비복근",2021,실외,51,"앞쪽 넓적다리,뒤쪽 넓적다리,종아리",한국어,계단 한발 뛰기,20220929,"하지의 근,하지의 근,하지의 근",계단 한발 뛰기,26.159,,mp4,0AUDLJ08S_00319.mp4,"Quadriceps Femoris,Biceps Femoris,Gastrocnemius",http://openapi.kspo.or.kr/web/image/0AUDLJ08S_00319/,16,동영상,3~5
"넙다리네갈래근,넙다리두갈래근,장딴지근",10~15,http://openapi.kspo.or.kr/web/video/,"실내에서 할 수 있는 운동 중, 계단 한발 뛰기운동을 설명한 운동처방 동영상",8278980,29.96,1244,1280*720,,공통,813,,0AUDLJ08S_00319_SC_00018.jpeg,"대퇴사두근,대퇴이두근,비복근",2021,실외,51,"앞쪽 넓적다리,뒤쪽 넓적다리,종아리",한국어,계단 한발 뛰기,20220929,"하지의 근,하지의 근,하지의 근",계단 한발 뛰기,27.127,,mp4,0AUDLJ08S_00319.mp4,"Quadriceps Femoris,Biceps Femoris,Gastrocnemius",http://openapi.kspo.or.kr/web/image/0AUDLJ08S_00319/,17,동영상,3~5
"넙다리네갈래근,넙다리두갈래근,장딴지근",10~15,http://openapi.kspo.or.kr/web/video/,"실내에서 할 수 있는 운동 중, 계단 한발 뛰기운동을 설명한 운동처방 동영상",8278980,29.96,1245,1280*720,,공통,842,,0AUDLJ08S_00319_SC_00019.jpeg,"대퇴사두근,대퇴이두근,비복근",2021,실외,51,"앞쪽 넓적다리,뒤쪽 넓적다리,종아리",한국어,계단 한발 뛰기,20220929,"하지의 근,하지의 근,하지의 근",계단 한발 뛰기,28.094,,mp4,0AUDLJ08S_00319.mp4,"Quadriceps Femoris,Biceps Femoris,Gastrocnemius",http://openapi.kspo.or.kr/web/image/0AUDLJ08S_00319/,18,동영상,3~5
"넙다리네갈래근,넙다리두갈래근,장딴지근",10~15,http://openapi.kspo.or.kr/web/video/,"실내에서 할 수 있는 운동 중, 계단 한발 뛰기운동을 설명한 운동처방 동영상",8278980,29.96,1246,1280*720,,공통,871,,0AUDLJ08S_00319_SC_00020.jpeg,"대퇴사두근,대퇴이두근,비복근",2021,실외,51,"앞쪽 넓적다리,뒤쪽 넓적다리,종아리",한국어,계단 한발 뛰기,20220929,"하지의 근,하지의 근,하지의 근",계단 한발 뛰기,29.062,,mp4,0AUDLJ08S_00319.mp4,"Quadriceps Femoris,Biceps Femoris,Gastrocnemius",http://openapi.kspo.or.kr/web/image/0AUDLJ08S_00319/,19,동영상,3~5
"넙다리네갈래근,넙다리두갈래근,장딴지근",10~15,http://openapi.kspo.or.kr/web/video/,"실내에서 할 수 있는 운동 중, 계단 한발 뛰기운동을 설명한 운동처방 동영상",8278980,29.96,1247,1280*720,,공통,929,,0AUDLJ08S_00319_SC_00021.jpeg,"대퇴사두근,대퇴이두근,비복근",2021,실외,51,"앞쪽 넓적다리,뒤쪽 넓적다리,종아리",한국어,계단 한발 뛰기,20220929,"하지의 근,하지의 근,하지의 근",계단 한발 뛰기,30.997,,mp4,0AUDLJ08S_00319.mp4,"Quadriceps Femoris,Biceps Femoris,Gastrocnemius",http://openapi.kspo.or.kr/web/image/0AUDLJ08S_00319/,20,동영상,3~5
"넙다리네갈래근,넙다리두갈래근,장딴지근",10~15,http://openapi.kspo.or.kr/web/video/,"실내에서 할 수 있는 운동 중, 계단 한발 뛰기운동을 설명한 운동처방 동영상",8278980,29.96,1248,1280*720,,공통,987,,0AUDLJ08S_00319_SC_00022.jpeg,"대퇴사두근,대퇴이두근,비복근",2021,실외,51,"앞쪽 넓적다리,뒤쪽 넓적다리,종아리",한국어,계단 한발 뛰기,20220929,"하지의 근,하지의 근,하지의 근",계단 한발 뛰기,32.932,,mp4,0AUDLJ08S_00319.mp4,"Quadriceps Femoris,Biceps Femoris,Gastrocnemius",http://openapi.kspo.or.kr/web/image/0AUDLJ08S_00319/,21,동영상,3~5
"넙다리네갈래근,넙다리두갈래근,장딴지근",10~15,http://openapi.kspo.or.kr/web/video/,"실내에서 할 수 있는 운동 중, 계단 한발 뛰기운동을 설명한 운동처방 동영상",8278980,29.96,1249,1280*720,,공통,1045,,0AUDLJ08S_00319_SC_00023.jpeg,"대퇴사두근,대퇴이두근,비복근",2021,실외,51,"앞쪽 넓적다리,뒤쪽 넓적다리,종아리",한국어,계단 한발 뛰기,20220929,"하지의 근,하지의 근,하지의 근",계단 한발 뛰기,34.868,,mp4,0AUDLJ08S_00319.mp4,"Quadriceps Femoris,Biceps Femoris,Gastrocnemius",http://openapi.kspo.or.kr/web/image/0AUDLJ08S_00319/,22,동영상,3~5
"등세모근,어깨세모근",,http://openapi.kspo.or.kr/web/video/,"실내에서 할 수 있는 운동 중, 양팔 대각선으로 올리기운동을 설명한 운동처방 동영상",16778305,29.96,1250,1280*720,물병,공통,1828,,0AUDLJ08S_00320_SC_00012.jpeg,"승모근,삼각근",2021,실내,102,"등,바깥쪽 어깨",한국어,양팔 대각선으로 올리기,20221112,"등과 허리의 근,상지의 근",양팔 대각선으로 올리기,60.994,,mp4,0AUDLJ08S_00320.mp4,"Trapezius,Deltoid",http://openapi.kspo.or.kr/web/image/0AUDLJ08S_00320/,12,동영상,
"등세모근,어깨세모근",,http://openapi.kspo.or.kr/web/video/,"실내에서 할 수 있는 운동 중, 양팔 대각선으로 올리기운동을 설명한 운동처방 동영상",16778305,29.96,1251,1280*720,매트,공통,117,,0AUDLJ08S_00320_SC_00001.jpeg,"승모근,삼각근",2021,실내,102,"등,바깥쪽 어깨",한국어,양팔 대각선으로 올리기,20221112,"등과 허리의 근,상지의 근",양팔 대각선으로 올리기,3.903,,mp4,0AUDLJ08S_00320.mp4,"Trapezius,Deltoid",http://openapi.kspo.or.kr/web/image/0AUDLJ08S_00320/,1,동영상,
"등세모근,어깨세모근",,http://openapi.kspo.or.kr/web/video/,"실내에서 할 수 있는 운동 중, 양팔 대각선으로 올리기운동을 설명한 운동처방 동영상",16778305,29.96,1252,1280*720,매트,공통,146,,0AUDLJ08S_00320_SC_00002.jpeg,"승모근,삼각근",2021,실내,102,"등,바깥쪽 어깨",한국어,양팔 대각선으로 올리기,20221112,"등과 허리의 근,상지의 근",양팔 대각선으로 올리기,4.871,,mp4,0AUDLJ08S_00320.mp4,"Trapezius,Deltoid",http://openapi.kspo.or.kr/web/image/0AUDLJ08S_00320/,2,동영상,
"등세모근,어깨세모근",,http://openapi.kspo.or.kr/web/video/,"실내에서 할 수 있는 운동 중, 양팔 대각선으로 올리기운동을 설명한 운동처방 동영상",16778305,29.96,1253,1280*720,매트,공통,494,,0AUDLJ08S_00320_SC_00003.jpeg,"승모근,삼각근",2021,실내,102,"등,바깥쪽 어깨",한국어,양팔 대각선으로 올리기,20221112,"등과 허리의 근,상지의 근",양팔 대각선으로 올리기,16.483,,mp4,0AUDLJ08S_00320.mp4,"Trapezius,Deltoid",http://openapi.kspo.or.kr/web/image/0AUDLJ08S_00320/,3,동영상,
"등세모근,어깨세모근",,http://openapi.kspo.or.kr/web/video/,"실내에서 할 수 있는 운동 중, 양팔 대각선으로 올리기운동을 설명한 운동처방 동영상",16778305,29.96,1254,1280*720,매트,공통,610,,0AUDLJ08S_00320_SC_00004.jpeg,"승모근,삼각근",2021,실내,102,"등,바깥쪽 어깨",한국어,양팔 대각선으로 올리기,20221112,"등과 허리의 근,상지의 근",양팔 대각선으로 올리기,20.353,,mp4,0AUDLJ08S_00320.mp4,"Trapezius,Deltoid",http://openapi.kspo.or.kr/web/image/0AUDLJ08S_00320/,4,동영상,
"등세모근,어깨세모근",,http://openapi.kspo.or.kr/web/video/,"실내에서 할 수 있는 운동 중, 양팔 대각선으로 올리기운동을 설명한 운동처방 동영상",16778305,29.96,1255,1280*720,매트,공통,639,,0AUDLJ08S_00320_SC_00005.jpeg,"승모근,삼각근",2021,실내,102,"등,바깥쪽 어깨",한국어,양팔 대각선으로 올리기,20221112,"등과 허리의 근,상지의 근",양팔 대각선으로 올리기,21.321,,mp4,0AUDLJ08S_00320.mp4,"Trapezius,Deltoid",http://openapi.kspo.or.kr/web/image/0AUDLJ08S_00320/,5,동영상,
"등세모근,어깨세모근",,http://openapi.kspo.or.kr/web/video/,"실내에서 할 수 있는 운동 중, 양팔 대각선으로 올리기운동을 설명한 운동처방 동영상",16778305,29.96,1256,1280*720,매트,공통,726,,0AUDLJ08S_00320_SC_00006.jpeg,"승모근,삼각근",2021,실내,102,"등,바깥쪽 어깨",한국어,양팔 대각선으로 올리기,20221112,"등과 허리의 근,상지의 근",양팔 대각선으로 올리기,24.224,,mp4,0AUDLJ08S_00320.mp4,"Trapezius,Deltoid",http://openapi.kspo.or.kr/web/image/0AUDLJ08S_00320/,6,동영상,
"등세모근,어깨세모근",,http://openapi.kspo.or.kr/web/video/,"실내에서 할 수 있는 운동 중, 양팔 대각선으로 올리기운동을 설명한 운동처방 동영상",16778305,29.96,1257,1280*720,매트,공통,929,,0AUDLJ08S_00320_SC_00007.jpeg,"승모근,삼각근",2021,실내,102,"등,바깥쪽 어깨",한국어,양팔 대각선으로 올리기,20221112,"등과 허리의 근,상지의 근",양팔 대각선으로 올리기,30.997,,mp4,0AUDLJ08S_00320.mp4,"Trapezius,Deltoid",http://openapi.kspo.or.kr/web/image/0AUDLJ08S_00320/,7,동영상,
"등세모근,어깨세모근",,http://openapi.kspo.or.kr/web/video/,"실내에서 할 수 있는 운동 중, 양팔 대각선으로 올리기운동을 설명한 운동처방 동영상",16778305,29.96,1258,1280*720,매트,공통,1103,,0AUDLJ08S_00320_SC_00008.jpeg,"승모근,삼각근",2021,실내,102,"등,바깥쪽 어깨",한국어,양팔 대각선으로 올리기,20221112,"등과 허리의 근,상지의 근",양팔 대각선으로 올리기,36.803,,mp4,0AUDLJ08S_00320.mp4,"Trapezius,Deltoid",http://openapi.kspo.or.kr/web/image/0AUDLJ08S_00320/,8,동영상,
"등세모근,어깨세모근",,http://openapi.kspo.or.kr/web/video/,"실내에서 할 수 있는 운동 중, 양팔 대각선으로 올리기운동을 설명한 운동처방 동영상",16778305,29.96,1259,1280*720,매트,공통,1277,,0AUDLJ08S_00320_SC_00009.jpeg,"승모근,삼각근",2021,실내,102,"등,바깥쪽 어깨",한국어,양팔 대각선으로 올리기,20221112,"등과 허리의 근,상지의 근",양팔 대각선으로 올리기,42.609,,mp4,0AUDLJ08S_00320.mp4,"Trapezius,Deltoid",http://openapi.kspo.or.kr/web/image/0AUDLJ08S_00320/,9,동영상,
"등세모근,어깨세모근",,http://openapi.kspo.or.kr/web/video/,"실내에서 할 수 있는 운동 중, 양팔 대각선으로 올리기운동을 설명한 운동처방 동영상",16778305,29.96,1260,1280*720,매트,공통,1480,,0AUDLJ08S_00320_SC_00010.jpeg,"승모근,삼각근",2021,실내,102,"등,바깥쪽 어깨",한국어,양팔 대각선으로 올리기,20221112,"등과 허리의 근,상지의 근",양팔 대각선으로 올리기,49.382,,mp4,0AUDLJ08S_00320.mp4,"Trapezius,Deltoid",http://openapi.kspo.or.kr/web/image/0AUDLJ08S_00320/,10,동영상,
"등세모근,어깨세모근",,http://openapi.kspo.or.kr/web/video/,"실내에서 할 수 있는 운동 중, 양팔 대각선으로 올리기운동을 설명한 운동처방 동영상",16778305,29.96,1261,1280*720,물병,공통,1654,,0AUDLJ08S_00320_SC_00011.jpeg,"승모근,삼각근",2021,실내,102,"등,바깥쪽 어깨",한국어,양팔 대각선으로 올리기,20221112,"등과 허리의 근,상지의 근",양팔 대각선으로 올리기,55.188,,mp4,0AUDLJ08S_00320.mp4,"Trapezius,Deltoid",http://openapi.kspo.or.kr/web/image/0AUDLJ08S_00320/,11,동영상,
"등세모근,어깨세모근",,http://openapi.kspo.or.kr/web/video/,"실내에서 할 수 있는 운동 중, 양팔 대각선으로 올리기운동을 설명한 운동처방 동영상",16778305,29.96,1262,1280*720,덤벨,공통,1973,,0AUDLJ08S_00320_SC_00013.jpeg,"승모근,삼각근",2021,실내,102,"등,바깥쪽 어깨",한국어,양팔 대각선으로 올리기,20221112,"등과 허리의 근,상지의 근",양팔 대각선으로 올리기,65.832,,mp4,0AUDLJ08S_00320.mp4,"Trapezius,Deltoid",http://openapi.kspo.or.kr/web/image/0AUDLJ08S_00320/,13,동영상,
"등세모근,어깨세모근",,http://openapi.kspo.or.kr/web/video/,"실내에서 할 수 있는 운동 중, 양팔 대각선으로 올리기운동을 설명한 운동처방 동영상",16778305,29.96,1263,1280*720,덤벨,공통,2147,,0AUDLJ08S_00320_SC_00014.jpeg,"승모근,삼각근",2021,실내,102,"등,바깥쪽 어깨",한국어,양팔 대각선으로 올리기,20221112,"등과 허리의 근,상지의 근",양팔 대각선으로 올리기,71.638,,mp4,0AUDLJ08S_00320.mp4,"Trapezius,Deltoid",http://openapi.kspo.or.kr/web/image/0AUDLJ08S_00320/,14,동영상,
"등세모근,어깨세모근",,http://openapi.kspo.or.kr/web/video/,"실내에서 할 수 있는 운동 중, 양팔 대각선으로 올리기운동을 설명한 운동처방 동영상",16778305,29.96,1264,1280*720,밴드,공통,2350,,0AUDLJ08S_00320_SC_00015.jpeg,"승모근,삼각근",2021,실내,102,"등,바깥쪽 어깨",한국어,양팔 대각선으로 올리기,20221112,"등과 허리의 근,상지의 근",양팔 대각선으로 올리기,78.411,,mp4,0AUDLJ08S_00320.mp4,"Trapezius,Deltoid",http://openapi.kspo.or.kr/web/image/0AUDLJ08S_00320/,15,동영상,
"등세모근,어깨세모근",,http://openapi.kspo.or.kr/web/video/,"실내에서 할 수 있는 운동 중, 양팔 대각선으로 올리기운동을 설명한 운동처방 동영상",16778305,29.96,1265,1280*720,밴드,공통,2524,,0AUDLJ08S_00320_SC_00016.jpeg,"승모근,삼각근",2021,실내,102,"등,바깥쪽 어깨",한국어,양팔 대각선으로 올리기,20221112,"등과 허리의 근,상지의 근",양팔 대각선으로 올리기,84.217,,mp4,0AUDLJ08S_00320.mp4,"Trapezius,Deltoid",http://openapi.kspo.or.kr/web/image/0AUDLJ08S_00320/,16,동영상,
"등세모근,어깨세모근",,http://openapi.kspo.or.kr/web/video/,"실내에서 할 수 있는 운동 중, 양팔 대각선으로 올리기운동을 설명한 운동처방 동영상",16778305,29.96,1266,1280*720,밴드,공통,2669,,0AUDLJ08S_00320_SC_00017.jpeg,"승모근,삼각근",2021,실내,102,"등,바깥쪽 어깨",한국어,양팔 대각선으로 올리기,20221112,"등과 허리의 근,상지의 근",양팔 대각선으로 올리기,89.055,,mp4,0AUDLJ08S_00320.mp4,"Trapezius,Deltoid",http://openapi.kspo.or.kr/web/image/0AUDLJ08S_00320/,17,동영상,
"등세모근,어깨세모근",,http://openapi.kspo.or.kr/web/video/,"실내에서 할 수 있는 운동 중, 양팔 대각선으로 올리기운동을 설명한 운동처방 동영상",16778305,29.96,1267,1280*720,밴드,공통,2843,,0AUDLJ08S_00320_SC_00018.jpeg,"승모근,삼각근",2021,실내,102,"등,바깥쪽 어깨",한국어,양팔 대각선으로 올리기,20221112,"등과 허리의 근,상지의 근",양팔 대각선으로 올리기,94.861,,mp4,0AUDLJ08S_00320.mp4,"Trapezius,Deltoid",http://openapi.kspo.or.kr/web/image/0AUDLJ08S_00320/,18,동영상,
"볼기근,가자미근,넙다리네갈래근,장딴지근",,http://openapi.kspo.or.kr/web/video/,"실내에서 할 수 있는 운동 중, 스텝퍼 뛰어서 오르내리기운동을 설명한 운동처방 동영상",8171451,29.96,1268,1280*720,스탭퍼,공통,59,,0AUDLJ08S_00321_SC_00001.jpeg,"둔근,넙치근,대퇴사두근,비복근",2021,실내/헬스장,50,"엉덩이,종아리,앞쪽 넓적다리,종아리",한국어,스텝퍼 뛰어서 오르내리기,20221017,"골반의 근,하지의 근,하지의 근,하지의 근",스텝퍼 뛰어서 오르내리기,1.968,,mp4,0AUDLJ08S_00321.mp4,"Gluteal,Soleus,Quadriceps Femoris,Gastrocnemius",http://openapi.kspo.or.kr/web/image/0AUDLJ08S_00321/,1,동영상,
넙다리두갈래근,,http://openapi.kspo.or.kr/web/video/,"소도구를 활용한 근육 완화 운동 중, 공을 활용한 운동처방 동영상",53242921,29.96,1269,1280*720,테니스공,공통,5772,,0AUDLJ08S_01017_SC_00018.jpeg,대퇴이두근,2021,실내,331,뒤쪽 넓적다리,한국어,허벅지(햄스트링),20221004,하지의 근,테니스공을 활용한 뭉친근육 완화 운동,192.592,,mp4,0AUDLJ08S_01017.mp4,Biceps Femoris,http://openapi.kspo.or.kr/web/image/0AUDLJ08S_01017/,18,동영상,
"볼기근,가자미근,넙다리네갈래근,장딴지근",,http://openapi.kspo.or.kr/web/video/,"실내에서 할 수 있는 운동 중, 스텝퍼 뛰어서 오르내리기운동을 설명한 운동처방 동영상",8171451,29.96,1270,1280*720,스탭퍼,공통,436,,0AUDLJ08S_00321_SC_00004.jpeg,"둔근,넙치근,대퇴사두근,비복근",2021,실내/헬스장,50,"엉덩이,종아리,앞쪽 넓적다리,종아리",한국어,스텝퍼 뛰어서 오르내리기,20221017,"골반의 근,하지의 근,하지의 근,하지의 근",스텝퍼 뛰어서 오르내리기,14.547,,mp4,0AUDLJ08S_00321.mp4,"Gluteal,Soleus,Quadriceps Femoris,Gastrocnemius",http://openapi.kspo.or.kr/web/image/0AUDLJ08S_00321/,2,동영상,
"볼기근,가자미근,넙다리네갈래근,장딴지근",10~15,http://openapi.kspo.or.kr/web/video/,"실내에서 할 수 있는 운동 중, 스텝퍼 뛰어서 오르내리기운동을 설명한 운동처방 동영상",8171451,29.96,1271,1280*720,스탭퍼,공통,581,,0AUDLJ08S_00321_SC_00005.jpeg,"둔근,넙치근,대퇴사두근,비복근",2021,실내/헬스장,50,"엉덩이,종아리,앞쪽 넓적다리,종아리",한국어,스텝퍼 뛰어서 오르내리기,20221017,"골반의 근,하지의 근,하지의 근,하지의 근",스텝퍼 뛰어서 오르내리기,19.386,,mp4,0AUDLJ08S_00321.mp4,"Gluteal,Soleus,Quadriceps Femoris,Gastrocnemius",http://openapi.kspo.or.kr/web/image/0AUDLJ08S_00321/,3,동영상,3~5
모음근,,http://openapi.kspo.or.kr/web/video/,"실내에서 할 수 있는 운동 중, 누워서 다리 곧게 펴서 올리기운동을 설명한 운동처방 동영상",32191422,29.96,1272,1280*720,매트,공통,88,,0AUDLJ08S_00322_SC_00001.jpeg,내전근,2021,실내,193,안쪽 넓적다리,한국어,누워서 다리 곧게 펴서 올리기,20221112,하지의 근,누워서 다리 곧게 펴서 올리기,2.936,,mp4,0AUDLJ08S_00322.mp4,Adductors,http://openapi.kspo.or.kr/web/image/0AUDLJ08S_00322/,1,동영상,
"엉덩관절굽힘근,넙다리네갈래근,앞정강근",,http://openapi.kspo.or.kr/web/video/,"실내에서 할 수 있는 운동 중, 누워서 다리 곧게 펴서 올리기운동을 설명한 운동처방 동영상",32191422,29.96,1273,1280*720,매트,공통,270,,0AUDLJ08S_00322_FR_00004.jpeg,"고관절굴곡근,대퇴사두근,전경골근",2021,실내,193,"앞쪽 골반,앞쪽 넓적다리,정강이",한국어,누워서 다리 곧게 펴서 올리기,20221013,"골반의 근,하지의 근,하지의 근",누워서 다리 곧게 펴서 올리기,9.009,,mp4,0AUDLJ08S_00322.mp4,"Hip Flexor,Quadriceps Femoris,Tibialis Anterior",http://openapi.kspo.or.kr/web/image/0AUDLJ08S_00322/,2,동영상,
"엉덩관절굽힘근,넙다리네갈래근,앞정강근",,http://openapi.kspo.or.kr/web/video/,"실내에서 할 수 있는 운동 중, 누워서 다리 곧게 펴서 올리기운동을 설명한 운동처방 동영상",32191422,29.96,1274,1280*720,매트,공통,871,,0AUDLJ08S_00322_SC_00006.jpeg,"고관절굴곡근,대퇴사두근,전경골근",2021,실내,193,"앞쪽 골반,앞쪽 넓적다리,정강이",한국어,누워서 다리 곧게 펴서 올리기,20221013,"골반의 근,하지의 근,하지의 근",누워서 다리 곧게 펴서 올리기,29.062,,mp4,0AUDLJ08S_00322.mp4,"Hip Flexor,Quadriceps Femoris,Tibialis Anterior",http://openapi.kspo.or.kr/web/image/0AUDLJ08S_00322/,3,동영상,
"중간볼기근,넙다리근막긴장근",,http://openapi.kspo.or.kr/web/video/,"실내에서 할 수 있는 운동 중, 누워서 다리 곧게 펴서 올리기운동을 설명한 운동처방 동영상",32191422,29.96,1275,1280*720,매트,공통,1349,,0AUDLJ08S_00322_FR_00016.jpeg,"중둔근,대퇴근막장근",2021,실내,193,"엉덩이,바깥쪽 넓적다리",한국어,누워서 다리 곧게 펴서 올리기,20221013,"골반의 근,하지의 근",누워서 다리 곧게 펴서 올리기,45.011,,mp4,0AUDLJ08S_00322.mp4,"Gluteus Medius,Tensor Fasciae Latae",http://openapi.kspo.or.kr/web/image/0AUDLJ08S_00322/,4,동영상,
"중간볼기근,넙다리근막긴장근",,http://openapi.kspo.or.kr/web/video/,"실내에서 할 수 있는 운동 중, 누워서 다리 곧게 펴서 올리기운동을 설명한 운동처방 동영상",32191422,29.96,1276,1280*720,매트,공통,1538,,0AUDLJ08S_00322_SC_00008.jpeg,"중둔근,대퇴근막장근",2021,실내,193,"엉덩이,바깥쪽 넓적다리",한국어,누워서 다리 곧게 펴서 올리기,20221013,"골반의 근,하지의 근",누워서 다리 곧게 펴서 올리기,51.317,,mp4,0AUDLJ08S_00322.mp4,"Gluteus Medius,Tensor Fasciae Latae",http://openapi.kspo.or.kr/web/image/0AUDLJ08S_00322/,5,동영상,
모음근,,http://openapi.kspo.or.kr/web/video/,"실내에서 할 수 있는 운동 중, 누워서 다리 곧게 펴서 올리기운동을 설명한 운동처방 동영상",32191422,29.96,1277,1280*720,매트,공통,2248,,0AUDLJ08S_00322_FR_00026.jpeg,내전근,2021,실내,193,안쪽 넓적다리,한국어,누워서 다리 곧게 펴서 올리기,20221013,하지의 근,누워서 다리 곧게 펴서 올리기,75.008,,mp4,0AUDLJ08S_00322.mp4,Adductors,http://openapi.kspo.or.kr/web/image/0AUDLJ08S_00322/,6,동영상,
모음근,,http://openapi.kspo.or.kr/web/video/,"실내에서 할 수 있는 운동 중, 누워서 다리 곧게 펴서 올리기운동을 설명한 운동처방 동영상",32191422,29.96,1278,1280*720,매트,공통,2428,,0AUDLJ08S_00322_FR_00028.jpeg,내전근,2021,실내,193,안쪽 넓적다리,한국어,누워서 다리 곧게 펴서 올리기,20221013,하지의 근,누워서 다리 곧게 펴서 올리기,81.014,,mp4,0AUDLJ08S_00322.mp4,Adductors,http://openapi.kspo.or.kr/web/image/0AUDLJ08S_00322/,7,동영상,
"큰볼기근,척추세움근,넙다리두갈래근",,http://openapi.kspo.or.kr/web/video/,"실내에서 할 수 있는 운동 중, 누워서 다리 곧게 펴서 올리기운동을 설명한 운동처방 동영상",32191422,29.96,1279,1280*720,매트,공통,3057,,0AUDLJ08S_00322_FR_00035.jpeg,"대둔근,척추기립근,대퇴이두근",2021,실내,193,"엉덩이,척추,뒤쪽 넓적다리",한국어,누워서 다리 곧게 펴서 올리기,20221013,"골반의 근,등과 허리의 근,하지의 근",누워서 다리 곧게 펴서 올리기,102.002,,mp4,0AUDLJ08S_00322.mp4,"Gluteus Maximus,Erector Spinae,Biceps Femoris",http://openapi.kspo.or.kr/web/image/0AUDLJ08S_00322/,8,동영상,
"큰볼기근,척추세움근,넙다리두갈래근",,http://openapi.kspo.or.kr/web/video/,"실내에서 할 수 있는 운동 중, 누워서 다리 곧게 펴서 올리기운동을 설명한 운동처방 동영상",32191422,29.96,1280,1280*720,매트,공통,3191,,0AUDLJ08S_00322_SC_00016.jpeg,"대둔근,척추기립근,대퇴이두근",2021,실내,193,"엉덩이,척추,뒤쪽 넓적다리",한국어,누워서 다리 곧게 펴서 올리기,20221013,"골반의 근,등과 허리의 근,하지의 근",누워서 다리 곧게 펴서 올리기,106.473,,mp4,0AUDLJ08S_00322.mp4,"Gluteus Maximus,Erector Spinae,Biceps Femoris",http://openapi.kspo.or.kr/web/image/0AUDLJ08S_00322/,9,동영상,
"엉덩관절굽힘근,넙다리두갈래근,앞정강근",10~15,http://openapi.kspo.or.kr/web/video/,"실내에서 할 수 있는 운동 중, 누워서 다리 곧게 펴서 올리기운동을 설명한 운동처방 동영상",32191422,29.96,1281,1280*720,매트,공통,4061,,0AUDLJ08S_00322_SC_00020.jpeg,"고관절굴곡근,대퇴이두근,전경골근",2021,실내,193,"앞쪽 골반,뒤쪽 넓적다리,정강이",한국어,누워서 다리 곧게 펴서 올리기,20221013,"골반의 근,하지의 근,하지의 근",누워서 다리 곧게 펴서 올리기,135.502,,mp4,0AUDLJ08S_00322.mp4,"Hip Flexor,Biceps Femoris,Tibialis Anterior",http://openapi.kspo.or.kr/web/image/0AUDLJ08S_00322/,10,동영상,3~5
"볼기근,가자미근,넙다리네갈래근,장딴지근",,http://openapi.kspo.or.kr/web/video/,"실내에서 할 수 있는 운동 중, 스텝퍼 옆으로 뛰어넘기운동을 설명한 운동처방 동영상",5695339,29.96,1282,1280*720,스탭퍼,공통,88,,0AUDLJ08S_00323_SC_00001.jpeg,"둔근,넙치근,대퇴사두근,비복근",2021,실내/헬스장,37,"엉덩이,종아리,앞쪽 넓적다리,종아리",한국어,스텝퍼 옆으로 뛰어넘기,20221017,"골반의 근,하지의 근,하지의 근,하지의 근",스텝퍼 옆으로 뛰어넘기,2.936,,mp4,0AUDLJ08S_00323.mp4,"Gluteal,Soleus,Quadriceps Femoris,Gastrocnemius",http://openapi.kspo.or.kr/web/image/0AUDLJ08S_00323/,1,동영상,
"볼기근,가자미근,넙다리네갈래근,장딴지근",,http://openapi.kspo.or.kr/web/video/,"실내에서 할 수 있는 운동 중, 스텝퍼 옆으로 뛰어넘기운동을 설명한 운동처방 동영상",5695339,29.96,1283,1280*720,스탭퍼,공통,180,,0AUDLJ08S_00323_FR_00003.jpeg,"둔근,넙치근,대퇴사두근,비복근",2021,실내/헬스장,37,"엉덩이,종아리,앞쪽 넓적다리,종아리",한국어,스텝퍼 옆으로 뛰어넘기,20221017,"골반의 근,하지의 근,하지의 근,하지의 근",스텝퍼 옆으로 뛰어넘기,6.006,,mp4,0AUDLJ08S_00323.mp4,"Gluteal,Soleus,Quadriceps Femoris,Gastrocnemius",http://openapi.kspo.or.kr/web/image/0AUDLJ08S_00323/,2,동영상,
"볼기근,가자미근,넙다리네갈래근,장딴지근",10~15,http://openapi.kspo.or.kr/web/video/,"실내에서 할 수 있는 운동 중, 스텝퍼 옆으로 뛰어넘기운동을 설명한 운동처방 동영상",5695339,29.96,1284,1280*720,스탭퍼,공통,697,,0AUDLJ08S_00323_SC_00006.jpeg,"둔근,넙치근,대퇴사두근,비복근",2021,실내/헬스장,37,"엉덩이,종아리,앞쪽 넓적다리,종아리",한국어,스텝퍼 옆으로 뛰어넘기,20221017,"골반의 근,하지의 근,하지의 근,하지의 근",스텝퍼 옆으로 뛰어넘기,23.256,,mp4,0AUDLJ08S_00323.mp4,"Gluteal,Soleus,Quadriceps Femoris,Gastrocnemius",http://openapi.kspo.or.kr/web/image/0AUDLJ08S_00323/,3,동영상,3~5
"볼기근,가자미근,넙다리네갈래근,장딴지근",,http://openapi.kspo.or.kr/web/video/,"실내에서 할 수 있는 운동 중, 스텝퍼 올라가서 점프하여 착지하기운동을 설명한 운동처방 동영상",6577033,29.96,1285,1280*720,스탭퍼,공통,59,,0AUDLJ08S_00324_SC_00001.jpeg,"둔근,넙치근,대퇴사두근,비복근",2021,실내/헬스장,42,"엉덩이,종아리,앞쪽 넓적다리,종아리",한국어,스텝퍼 올라가서 점프하여 착지하기,20221017,"골반의 근,하지의 근,하지의 근,하지의 근",스텝퍼 올라가서 점프하여 착지하기,1.968,,mp4,0AUDLJ08S_00324.mp4,"Gluteal,Soleus,Quadriceps Femoris,Gastrocnemius",http://openapi.kspo.or.kr/web/image/0AUDLJ08S_00324/,1,동영상,
"볼기근,가자미근,넙다리네갈래근,장딴지근",,http://openapi.kspo.or.kr/web/video/,"실내에서 할 수 있는 운동 중, 스텝퍼 올라가서 점프하여 착지하기운동을 설명한 운동처방 동영상",6577033,29.96,1286,1280*720,스탭퍼,공통,360,,0AUDLJ08S_00324_FR_00005.jpeg,"둔근,넙치근,대퇴사두근,비복근",2021,실내/헬스장,42,"엉덩이,종아리,앞쪽 넓적다리,종아리",한국어,스텝퍼 올라가서 점프하여 착지하기,20221017,"골반의 근,하지의 근,하지의 근,하지의 근",스텝퍼 올라가서 점프하여 착지하기,12.012,,mp4,0AUDLJ08S_00324.mp4,"Gluteal,Soleus,Quadriceps Femoris,Gastrocnemius",http://openapi.kspo.or.kr/web/image/0AUDLJ08S_00324/,2,동영상,
"볼기근,가자미근,넙다리네갈래근,장딴지근",,http://openapi.kspo.or.kr/web/video/,"실내에서 할 수 있는 운동 중, 스텝퍼 올라가서 점프하여 착지하기운동을 설명한 운동처방 동영상",6577033,29.96,1287,1280*720,스탭퍼,공통,630,,0AUDLJ08S_00324_FR_00008.jpeg,"둔근,넙치근,대퇴사두근,비복근",2021,실내/헬스장,42,"엉덩이,종아리,앞쪽 넓적다리,종아리",한국어,스텝퍼 올라가서 점프하여 착지하기,20221017,"골반의 근,하지의 근,하지의 근,하지의 근",스텝퍼 올라가서 점프하여 착지하기,21.021,,mp4,0AUDLJ08S_00324.mp4,"Gluteal,Soleus,Quadriceps Femoris,Gastrocnemius",http://openapi.kspo.or.kr/web/image/0AUDLJ08S_00324/,3,동영상,
,,http://openapi.kspo.or.kr/web/video/,"실내에서 할 수 있는 운동 중, 뛰어 내렸다가 바로 점프하기운동을 설명한 운동처방 동영상",5739585,29.96,1288,1280*720,원판,공통,90,,0AUDLJ08S_00325_FR_00002.jpeg,,2021,실내/헬스장,37,,한국어,뛰어 내렸다가 바로 점프하기,20220929,,뛰어 내렸다가 바로 점프하기,3.003,,mp4,0AUDLJ08S_00325.mp4,,http://openapi.kspo.or.kr/web/image/0AUDLJ08S_00325/,1,동영상,
"넙다리두갈래근,장딴지근",,http://openapi.kspo.or.kr/web/video/,"실내에서 할 수 있는 운동 중, 뛰어 내렸다가 바로 점프하기운동을 설명한 운동처방 동영상",5739585,29.96,1289,1280*720,원판,공통,146,,0AUDLJ08S_00325_SC_00002.jpeg,"대퇴이두근,비복근",2021,실내/헬스장,37,"뒤쪽 넓적다리,종아리",한국어,뛰어 내렸다가 바로 점프하기,20220929,"하지의 근,하지의 근",뛰어 내렸다가 바로 점프하기,4.871,,mp4,0AUDLJ08S_00325.mp4,"Biceps Femoris,Gastrocnemius",http://openapi.kspo.or.kr/web/image/0AUDLJ08S_00325/,2,동영상,
"넙다리두갈래근,장딴지근",,http://openapi.kspo.or.kr/web/video/,"실내에서 할 수 있는 운동 중, 뛰어 내렸다가 바로 점프하기운동을 설명한 운동처방 동영상",5739585,29.96,1290,1280*720,원판,공통,360,,0AUDLJ08S_00325_FR_00005.jpeg,"대퇴이두근,비복근",2021,실내/헬스장,37,"뒤쪽 넓적다리,종아리",한국어,뛰어 내렸다가 바로 점프하기,20220929,"하지의 근,하지의 근",뛰어 내렸다가 바로 점프하기,12.012,,mp4,0AUDLJ08S_00325.mp4,"Biceps Femoris,Gastrocnemius",http://openapi.kspo.or.kr/web/image/0AUDLJ08S_00325/,3,동영상,
"넙다리두갈래근,장딴지근",,http://openapi.kspo.or.kr/web/video/,"실내에서 할 수 있는 운동 중, 뛰어 내렸다가 바로 점프하기운동을 설명한 운동처방 동영상",5739585,29.96,1291,1280*720,원판,공통,494,,0AUDLJ08S_00325_SC_00005.jpeg,"대퇴이두근,비복근",2021,실내/헬스장,37,"뒤쪽 넓적다리,종아리",한국어,뛰어 내렸다가 바로 점프하기,20220929,"하지의 근,하지의 근",뛰어 내렸다가 바로 점프하기,16.483,,mp4,0AUDLJ08S_00325.mp4,"Biceps Femoris,Gastrocnemius",http://openapi.kspo.or.kr/web/image/0AUDLJ08S_00325/,4,동영상,
"넙다리두갈래근,장딴지근",,http://openapi.kspo.or.kr/web/video/,"실내에서 할 수 있는 운동 중, 뛰어 내렸다가 바로 점프하기운동을 설명한 운동처방 동영상",5739585,29.96,1292,1280*720,원판,공통,523,,0AUDLJ08S_00325_SC_00006.jpeg,"대퇴이두근,비복근",2021,실내/헬스장,37,"뒤쪽 넓적다리,종아리",한국어,뛰어 내렸다가 바로 점프하기,20220929,"하지의 근,하지의 근",뛰어 내렸다가 바로 점프하기,17.45,,mp4,0AUDLJ08S_00325.mp4,"Biceps Femoris,Gastrocnemius",http://openapi.kspo.or.kr/web/image/0AUDLJ08S_00325/,5,동영상,
"넙다리두갈래근,장딴지근",10~15,http://openapi.kspo.or.kr/web/video/,"실내에서 할 수 있는 운동 중, 뛰어 내렸다가 바로 점프하기운동을 설명한 운동처방 동영상",5739585,29.96,1293,1280*720,원판,공통,810,,0AUDLJ08S_00325_FR_00010.jpeg,"대퇴이두근,비복근",2021,실내/헬스장,37,"뒤쪽 넓적다리,종아리",한국어,뛰어 내렸다가 바로 점프하기,20220929,"하지의 근,하지의 근",뛰어 내렸다가 바로 점프하기,27.027,,mp4,0AUDLJ08S_00325.mp4,"Biceps Femoris,Gastrocnemius",http://openapi.kspo.or.kr/web/image/0AUDLJ08S_00325/,6,동영상,3~5
"중간볼기근,가자미근,넙다리근막긴장근,넙다리네갈래근,모음근,장딴지근",,http://openapi.kspo.or.kr/web/video/,"실내에서 할 수 있는 운동 중, 사다리 안팎 뛰기운동을 설명한 운동처방 동영상",6711036,29.96,1294,1280*720,줄사다리,공통,90,,0AUDLJ08S_00326_FR_00002.jpeg,"중둔근,넙치근,대퇴근막장근,대퇴사두근,내전근,비복근",2021,실내/헬스장,42,"엉덩이,종아리,바깥쪽 넓적다리,앞쪽 넓적다리,안쪽 넓적다리,종아리",한국어,사다리 안팎 뛰기,20221111,"골반의 근,하지의 근,하지의 근,하지의 근,하지의 근,하지의 근",사다리 안팎 뛰기,3.003,,mp4,0AUDLJ08S_00326.mp4,"Gluteus Medius,Soleus,Tensor Fasciae Latae,Quadriceps Femoris,Adductors,Gastrocnemius",http://openapi.kspo.or.kr/web/image/0AUDLJ08S_00326/,1,동영상,
"중간볼기근,가자미근,넙다리근막긴장근,넙다리네갈래근,모음근,장딴지근",,http://openapi.kspo.or.kr/web/video/,"실내에서 할 수 있는 운동 중, 사다리 안팎 뛰기운동을 설명한 운동처방 동영상",6711036,29.96,1295,1280*720,줄사다리,공통,270,,0AUDLJ08S_00326_FR_00004.jpeg,"중둔근,넙치근,대퇴근막장근,대퇴사두근,내전근,비복근",2021,실내/헬스장,42,"엉덩이,종아리,바깥쪽 넓적다리,앞쪽 넓적다리,안쪽 넓적다리,종아리",한국어,사다리 안팎 뛰기,20221019,"골반의 근,하지의 근,하지의 근,하지의 근,하지의 근,하지의 근",사다리 안팎 뛰기,9.009,,mp4,0AUDLJ08S_00326.mp4,"Gluteus Medius,Soleus,Tensor Fasciae Latae,Quadriceps Femoris,Adductors,Gastrocnemius",http://openapi.kspo.or.kr/web/image/0AUDLJ08S_00326/,2,동영상,
"중간볼기근,가자미근,넙다리근막긴장근,넙다리네갈래근,모음근,장딴지근",10~20,http://openapi.kspo.or.kr/web/video/,"실내에서 할 수 있는 운동 중, 사다리 안팎 뛰기운동을 설명한 운동처방 동영상",6711036,29.96,1296,1280*720,줄사다리,공통,552,,0AUDLJ08S_00326_SC_00007.jpeg,"중둔근,넙치근,대퇴근막장근,대퇴사두근,내전근,비복근",2021,실내/헬스장,42,"엉덩이,종아리,바깥쪽 넓적다리,앞쪽 넓적다리,안쪽 넓적다리,종아리",한국어,사다리 안팎 뛰기,20221019,"골반의 근,하지의 근,하지의 근,하지의 근,하지의 근,하지의 근",사다리 안팎 뛰기,18.418,,mp4,0AUDLJ08S_00326.mp4,"Gluteus Medius,Soleus,Tensor Fasciae Latae,Quadriceps Femoris,Adductors,Gastrocnemius",http://openapi.kspo.or.kr/web/image/0AUDLJ08S_00326/,3,동영상,3~5
"볼기근,가자미근,넙다리근막긴장근,넙다리네갈래근,장딴지근",,http://openapi.kspo.or.kr/web/video/,"실내에서 할 수 있는 운동 중, 사다리 좌우 뛰기운동을 설명한 운동처방 동영상",7545745,29.96,1297,1280*720,줄사다리,공통,88,,0AUDLJ08S_00327_SC_00001.jpeg,"둔근,넙치근,대퇴근막장근,대퇴사두근,비복근",2021,실내/헬스장,47,"엉덩이,종아리,바깥쪽 넓적다리,앞쪽 넓적다리,종아리",한국어,사다리 좌/우 뛰기,20221111,"골반의 근,하지의 근,하지의 근,하지의 근,하지의 근",사다리 좌우 뛰기,2.936,,mp4,0AUDLJ08S_00327.mp4,"Gluteal,Soleus,Tensor Fasciae Latae,Quadriceps Femoris,Gastrocnemius",http://openapi.kspo.or.kr/web/image/0AUDLJ08S_00327/,1,동영상,
"볼기근,가자미근,넙다리근막긴장근,넙다리네갈래근,장딴지근",,http://openapi.kspo.or.kr/web/video/,"실내에서 할 수 있는 운동 중, 사다리 좌우 뛰기운동을 설명한 운동처방 동영상",7545745,29.96,1298,1280*720,줄사다리,공통,146,,0AUDLJ08S_00327_SC_00003.jpeg,"둔근,넙치근,대퇴근막장근,대퇴사두근,비복근",2021,실내/헬스장,47,"엉덩이,종아리,바깥쪽 넓적다리,앞쪽 넓적다리,종아리",한국어,사다리 좌/우 뛰기,20221019,"골반의 근,하지의 근,하지의 근,하지의 근,하지의 근",사다리 좌우 뛰기,4.871,,mp4,0AUDLJ08S_00327.mp4,"Gluteal,Soleus,Tensor Fasciae Latae,Quadriceps Femoris,Gastrocnemius",http://openapi.kspo.or.kr/web/image/0AUDLJ08S_00327/,2,동영상,
"볼기근,가자미근,넙다리근막긴장근,넙다리네갈래근,장딴지근",10~15,http://openapi.kspo.or.kr/web/video/,"실내에서 할 수 있는 운동 중, 사다리 좌우 뛰기운동을 설명한 운동처방 동영상",7545745,29.96,1299,1280*720,줄사다리,공통,552,,0AUDLJ08S_00327_SC_00006.jpeg,"둔근,넙치근,대퇴근막장근,대퇴사두근,비복근",2021,실내/헬스장,47,"엉덩이,종아리,바깥쪽 넓적다리,앞쪽 넓적다리,종아리",한국어,사다리 좌/우 뛰기,20221019,"골반의 근,하지의 근,하지의 근,하지의 근,하지의 근",사다리 좌우 뛰기,18.418,,mp4,0AUDLJ08S_00327.mp4,"Gluteal,Soleus,Tensor Fasciae Latae,Quadriceps Femoris,Gastrocnemius",http://openapi.kspo.or.kr/web/image/0AUDLJ08S_00327/,3,동영상,3~5
"볼기근,넙다리네갈래근,장딴지근",,http://openapi.kspo.or.kr/web/video/,"실내에서 할 수 있는 운동 중, 사다리 옆으로 발 옮기기운동을 설명한 운동처방 동영상",7081810,29.96,1300,1280*720,줄사다리,공통,88,,0AUDLJ08S_00328_SC_00001.jpeg,"둔근,대퇴사두근,비복근",2021,실내/헬스장,45,"엉덩이,앞쪽 넓적다리,종아리",한국어,사다리 옆으로 발 옮기기,20221016,"골반의 근,하지의 근,하지의 근",사다리 옆으로 발 옮기기,2.936,,mp4,0AUDLJ08S_00328.mp4,"Gluteal,Quadriceps Femoris,Gastrocnemius",http://openapi.kspo.or.kr/web/image/0AUDLJ08S_00328/,1,동영상,
"볼기근,넙다리네갈래근,장딴지근",,http://openapi.kspo.or.kr/web/video/,"실내에서 할 수 있는 운동 중, 사다리 옆으로 발 옮기기운동을 설명한 운동처방 동영상",7081810,29.96,1301,1280*720,줄사다리,공통,360,,0AUDLJ08S_00328_FR_00005.jpeg,"둔근,대퇴사두근,비복근",2021,실내/헬스장,45,"엉덩이,앞쪽 넓적다리,종아리",한국어,사다리 옆으로 발 옮기기,20221016,"골반의 근,하지의 근,하지의 근",사다리 옆으로 발 옮기기,12.012,,mp4,0AUDLJ08S_00328.mp4,"Gluteal,Quadriceps Femoris,Gastrocnemius",http://openapi.kspo.or.kr/web/image/0AUDLJ08S_00328/,2,동영상,
"볼기근,넙다리네갈래근,장딴지근",,http://openapi.kspo.or.kr/web/video/,"실내에서 할 수 있는 운동 중, 사다리 옆으로 발 옮기기운동을 설명한 운동처방 동영상",7081810,29.96,1302,1280*720,줄사다리,공통,900,,0AUDLJ08S_00328_FR_00011.jpeg,"둔근,대퇴사두근,비복근",2021,실내/헬스장,45,"엉덩이,앞쪽 넓적다리,종아리",한국어,사다리 옆으로 발 옮기기,20221016,"골반의 근,하지의 근,하지의 근",사다리 옆으로 발 옮기기,30.03,,mp4,0AUDLJ08S_00328.mp4,"Gluteal,Quadriceps Femoris,Gastrocnemius",http://openapi.kspo.or.kr/web/image/0AUDLJ08S_00328/,3,동영상,
"큰볼기근,척추세움근",,http://openapi.kspo.or.kr/web/video/,"실내에서 할 수 있는 운동 중, 요통에 효과적인 운동으로 공에 엎드려서 상체 들어올리기운동을 설명한 운동처방 동영상",11546804,29.96,1303,1280*720,짐볼,공통,436,,0AUDLJ08S_00329_SC_00004.jpeg,"대둔근,척추기립근",2021,실내,71,"엉덩이,척추",한국어,공에 엎드려서 상체 들어올리기,20220929,"골반의 근,등과 허리의 근",공에 엎드려서 상체 들어올리기,14.547,,mp4,0AUDLJ08S_00329.mp4,"Gluteus Maximus,Erector Spinae",http://openapi.kspo.or.kr/web/image/0AUDLJ08S_00329/,4,동영상,
"큰볼기근,척추세움근",,http://openapi.kspo.or.kr/web/video/,"실내에서 할 수 있는 운동 중, 요통에 효과적인 운동으로 공에 엎드려서 상체 들어올리기운동을 설명한 운동처방 동영상",11546804,29.96,1304,1280*720,짐볼,공통,88,,0AUDLJ08S_00329_SC_00001.jpeg,"대둔근,척추기립근",2021,실내,71,"엉덩이,척추",한국어,공에 엎드려서 상체 들어올리기,20220929,"골반의 근,등과 허리의 근",공에 엎드려서 상체 들어올리기,2.936,,mp4,0AUDLJ08S_00329.mp4,"Gluteus Maximus,Erector Spinae",http://openapi.kspo.or.kr/web/image/0AUDLJ08S_00329/,1,동영상,
"큰볼기근,척추세움근",,http://openapi.kspo.or.kr/web/video/,"실내에서 할 수 있는 운동 중, 요통에 효과적인 운동으로 공에 엎드려서 상체 들어올리기운동을 설명한 운동처방 동영상",11546804,29.96,1305,1280*720,짐볼,공통,117,,0AUDLJ08S_00329_SC_00002.jpeg,"대둔근,척추기립근",2021,실내,71,"엉덩이,척추",한국어,공에 엎드려서 상체 들어올리기,20220929,"골반의 근,등과 허리의 근",공에 엎드려서 상체 들어올리기,3.903,,mp4,0AUDLJ08S_00329.mp4,"Gluteus Maximus,Erector Spinae",http://openapi.kspo.or.kr/web/image/0AUDLJ08S_00329/,2,동영상,
"큰볼기근,척추세움근",,http://openapi.kspo.or.kr/web/video/,"실내에서 할 수 있는 운동 중, 요통에 효과적인 운동으로 공에 엎드려서 상체 들어올리기운동을 설명한 운동처방 동영상",11546804,29.96,1306,1280*720,짐볼,공통,146,,0AUDLJ08S_00329_SC_00003.jpeg,"대둔근,척추기립근",2021,실내,71,"엉덩이,척추",한국어,공에 엎드려서 상체 들어올리기,20220929,"골반의 근,등과 허리의 근",공에 엎드려서 상체 들어올리기,4.871,,mp4,0AUDLJ08S_00329.mp4,"Gluteus Maximus,Erector Spinae",http://openapi.kspo.or.kr/web/image/0AUDLJ08S_00329/,3,동영상,
"큰볼기근,척추세움근",,http://openapi.kspo.or.kr/web/video/,"실내에서 할 수 있는 운동 중, 요통에 효과적인 운동으로 공에 엎드려서 상체 들어올리기운동을 설명한 운동처방 동영상",11546804,29.96,1307,1280*720,짐볼,공통,552,,0AUDLJ08S_00329_SC_00005.jpeg,"대둔근,척추기립근",2021,실내,71,"엉덩이,척추",한국어,공에 엎드려서 상체 들어올리기,20220929,"골반의 근,등과 허리의 근",공에 엎드려서 상체 들어올리기,18.418,,mp4,0AUDLJ08S_00329.mp4,"Gluteus Maximus,Erector Spinae",http://openapi.kspo.or.kr/web/image/0AUDLJ08S_00329/,5,동영상,
"큰볼기근,척추세움근",,http://openapi.kspo.or.kr/web/video/,"실내에서 할 수 있는 운동 중, 요통에 효과적인 운동으로 공에 엎드려서 상체 들어올리기운동을 설명한 운동처방 동영상",11546804,29.96,1308,1280*720,짐볼,공통,784,,0AUDLJ08S_00329_SC_00006.jpeg,"대둔근,척추기립근",2021,실내,71,"엉덩이,척추",한국어,공에 엎드려서 상체 들어올리기,20220929,"골반의 근,등과 허리의 근",공에 엎드려서 상체 들어올리기,26.159,,mp4,0AUDLJ08S_00329.mp4,"Gluteus Maximus,Erector Spinae",http://openapi.kspo.or.kr/web/image/0AUDLJ08S_00329/,6,동영상,
"큰볼기근,척추세움근",,http://openapi.kspo.or.kr/web/video/,"실내에서 할 수 있는 운동 중, 요통에 효과적인 운동으로 공에 엎드려서 상체 들어올리기운동을 설명한 운동처방 동영상",11546804,29.96,1309,1280*720,짐볼,공통,1103,,0AUDLJ08S_00329_SC_00007.jpeg,"대둔근,척추기립근",2021,실내,71,"엉덩이,척추",한국어,공에 엎드려서 상체 들어올리기,20220929,"골반의 근,등과 허리의 근",공에 엎드려서 상체 들어올리기,36.803,,mp4,0AUDLJ08S_00329.mp4,"Gluteus Maximus,Erector Spinae",http://openapi.kspo.or.kr/web/image/0AUDLJ08S_00329/,7,동영상,
"큰볼기근,척추세움근",,http://openapi.kspo.or.kr/web/video/,"실내에서 할 수 있는 운동 중, 요통에 효과적인 운동으로 공에 엎드려서 상체 들어올리기운동을 설명한 운동처방 동영상",11546804,29.96,1310,1280*720,짐볼,공통,1422,,0AUDLJ08S_00329_SC_00008.jpeg,"대둔근,척추기립근",2021,실내,71,"엉덩이,척추",한국어,공에 엎드려서 상체 들어올리기,20220929,"골반의 근,등과 허리의 근",공에 엎드려서 상체 들어올리기,47.447,,mp4,0AUDLJ08S_00329.mp4,"Gluteus Maximus,Erector Spinae",http://openapi.kspo.or.kr/web/image/0AUDLJ08S_00329/,8,동영상,
"큰볼기근,척추세움근",,http://openapi.kspo.or.kr/web/video/,"실내에서 할 수 있는 운동 중, 요통에 효과적인 운동으로 공에 엎드려서 상체 들어올리기운동을 설명한 운동처방 동영상",11546804,29.96,1311,1280*720,짐볼,공통,1770,,0AUDLJ08S_00329_SC_00009.jpeg,"대둔근,척추기립근",2021,실내,71,"엉덩이,척추",한국어,공에 엎드려서 상체 들어올리기,20220929,"골반의 근,등과 허리의 근",공에 엎드려서 상체 들어올리기,59.059,,mp4,0AUDLJ08S_00329.mp4,"Gluteus Maximus,Erector Spinae",http://openapi.kspo.or.kr/web/image/0AUDLJ08S_00329/,9,동영상,
,,http://openapi.kspo.or.kr/web/video/,"수영장에서 할 수 있는 운동 중, 요통에 효과적인 운동으로 물속에서 걷기운동을 설명한 운동처방 동영상",7097722,29.96,1312,1280*720,,공통,90,,0AUDLJ08S_00330_FR_00002.jpeg,,2021,수영장,45,,한국어,물속에서 걷기,20220929,,물속에서 걷기,3.003,,mp4,0AUDLJ08S_00330.mp4,,http://openapi.kspo.or.kr/web/image/0AUDLJ08S_00330/,1,동영상,
"척추세움근,넙다리두갈래근",,http://openapi.kspo.or.kr/web/video/,"수영장에서 할 수 있는 운동 중, 요통에 효과적인 운동으로 물속에서 걷기운동을 설명한 운동처방 동영상",7097722,29.96,1313,1280*720,,공통,407,,0AUDLJ08S_00330_SC_00003.jpeg,"척추기립근,대퇴이두근",2021,수영장,45,"척추,뒤쪽 넓적다리",한국어,물속에서 걷기,20220929,"등과 허리의 근,하지의 근",물속에서 걷기,13.58,,mp4,0AUDLJ08S_00330.mp4,"Erector Spinae,Biceps Femoris",http://openapi.kspo.or.kr/web/image/0AUDLJ08S_00330/,2,동영상,
"척추세움근,넙다리두갈래근",,http://openapi.kspo.or.kr/web/video/,"수영장에서 할 수 있는 운동 중, 요통에 효과적인 운동으로 물속에서 걷기운동을 설명한 운동처방 동영상",7097722,29.96,1314,1280*720,,공통,639,,0AUDLJ08S_00330_SC_00004.jpeg,"척추기립근,대퇴이두근",2021,수영장,45,"척추,뒤쪽 넓적다리",한국어,물속에서 걷기,20220929,"등과 허리의 근,하지의 근",물속에서 걷기,21.321,,mp4,0AUDLJ08S_00330.mp4,"Erector Spinae,Biceps Femoris",http://openapi.kspo.or.kr/web/image/0AUDLJ08S_00330/,3,동영상,
"척추세움근,넙다리두갈래근",,http://openapi.kspo.or.kr/web/video/,"수영장에서 할 수 있는 운동 중, 요통에 효과적인 운동으로 물속에서 걷기운동을 설명한 운동처방 동영상",7097722,29.96,1315,1280*720,,공통,810,3~3,0AUDLJ08S_00330_FR_00010.jpeg,"척추기립근,대퇴이두근",2021,수영장,45,"척추,뒤쪽 넓적다리",한국어,물속에서 걷기,20220929,"등과 허리의 근,하지의 근",물속에서 걷기,27.027,15~30 분,mp4,0AUDLJ08S_00330.mp4,"Erector Spinae,Biceps Femoris",http://openapi.kspo.or.kr/web/image/0AUDLJ08S_00330/,4,동영상,1~1
"척추세움근,넙다리두갈래근",,http://openapi.kspo.or.kr/web/video/,"수영장에서 할 수 있는 운동 중, 요통에 효과적인 운동으로 물속에서 걷기운동을 설명한 운동처방 동영상",7097722,29.96,1316,1280*720,,공통,1074,,0AUDLJ08S_00330_SC_00005.jpeg,"척추기립근,대퇴이두근",2021,수영장,45,"척추,뒤쪽 넓적다리",한국어,물속에서 걷기,20220929,"등과 허리의 근,하지의 근",물속에서 걷기,35.835,,mp4,0AUDLJ08S_00330.mp4,"Erector Spinae,Biceps Femoris",http://openapi.kspo.or.kr/web/image/0AUDLJ08S_00330/,5,동영상,
,,http://openapi.kspo.or.kr/web/video/,"실내에서 할 수 있는 운동 중, 경부통에 효과적인 운동으로 앞 뒤 굴곡(목 앞 뒤 굴곡)운동을 설명한 운동처방 동영상",10908617,29.96,1317,1280*720,의자,공통,88,,0AUDLJ08S_00331_SC_00001.jpeg,,2021,실내,68,,한국어,앞 뒤 굴곡(목 앞 뒤 굴곡),20220930,,앞 뒤 굴곡(목 앞 뒤 굴곡),2.936,,mp4,0AUDLJ08S_00331.mp4,,http://openapi.kspo.or.kr/web/image/0AUDLJ08S_00331/,1,동영상,
"긴목근,머리널판근,목빗근",,http://openapi.kspo.or.kr/web/video/,"실내에서 할 수 있는 운동 중, 경부통에 효과적인 운동으로 앞 뒤 굴곡(목 앞 뒤 굴곡)운동을 설명한 운동처방 동영상",10908617,29.96,1318,1280*720,의자,공통,523,,0AUDLJ08S_00331_SC_00004.jpeg,"경장근,두판상근,흉쇄유돌근",2021,실내,68,"앞쪽 목,뒤쪽 목,앞쪽 목",한국어,앞 뒤 굴곡(목 앞 뒤 굴곡),20220930,"머리와 목의 근,머리와 목의 근,머리와 목의 근",앞 뒤 굴곡(목 앞 뒤 굴곡),17.45,,mp4,0AUDLJ08S_00331.mp4,"Longus colli,Splenius Capitis,Sternocleidomastoid",http://openapi.kspo.or.kr/web/image/0AUDLJ08S_00331/,2,동영상,
"긴목근,머리널판근,목빗근",,http://openapi.kspo.or.kr/web/video/,"실내에서 할 수 있는 운동 중, 경부통에 효과적인 운동으로 앞 뒤 굴곡(목 앞 뒤 굴곡)운동을 설명한 운동처방 동영상",10908617,29.96,1319,1280*720,의자,공통,726,,0AUDLJ08S_00331_SC_00005.jpeg,"경장근,두판상근,흉쇄유돌근",2021,실내,68,"앞쪽 목,뒤쪽 목,앞쪽 목",한국어,앞 뒤 굴곡(목 앞 뒤 굴곡),20220930,"머리와 목의 근,머리와 목의 근,머리와 목의 근",앞 뒤 굴곡(목 앞 뒤 굴곡),24.224,,mp4,0AUDLJ08S_00331.mp4,"Longus colli,Splenius Capitis,Sternocleidomastoid",http://openapi.kspo.or.kr/web/image/0AUDLJ08S_00331/,3,동영상,
"긴목근,머리널판근,목빗근",,http://openapi.kspo.or.kr/web/video/,"실내에서 할 수 있는 운동 중, 경부통에 효과적인 운동으로 앞 뒤 굴곡(목 앞 뒤 굴곡)운동을 설명한 운동처방 동영상",10908617,29.96,1320,1280*720,의자,공통,810,3~3,0AUDLJ08S_00331_FR_00010.jpeg,"경장근,두판상근,흉쇄유돌근",2021,실내,68,"앞쪽 목,뒤쪽 목,앞쪽 목",한국어,앞 뒤 굴곡(목 앞 뒤 굴곡),20220930,"머리와 목의 근,머리와 목의 근,머리와 목의 근",앞 뒤 굴곡(목 앞 뒤 굴곡),27.027,10~20 초,mp4,0AUDLJ08S_00331.mp4,"Longus colli,Splenius Capitis,Sternocleidomastoid",http://openapi.kspo.or.kr/web/image/0AUDLJ08S_00331/,4,동영상,1~3
"긴목근,머리널판근,목빗근",,http://openapi.kspo.or.kr/web/video/,"실내에서 할 수 있는 운동 중, 경부통에 효과적인 운동으로 앞 뒤 굴곡(목 앞 뒤 굴곡)운동을 설명한 운동처방 동영상",10908617,29.96,1321,1280*720,의자,공통,1219,,0AUDLJ08S_00331_SC_00007.jpeg,"경장근,두판상근,흉쇄유돌근",2021,실내,68,"앞쪽 목,뒤쪽 목,앞쪽 목",한국어,앞 뒤 굴곡(목 앞 뒤 굴곡),20220930,"머리와 목의 근,머리와 목의 근,머리와 목의 근",앞 뒤 굴곡(목 앞 뒤 굴곡),40.674,,mp4,0AUDLJ08S_00331.mp4,"Longus colli,Splenius Capitis,Sternocleidomastoid",http://openapi.kspo.or.kr/web/image/0AUDLJ08S_00331/,5,동영상,
"긴목근,머리널판근,목빗근",,http://openapi.kspo.or.kr/web/video/,"실내에서 할 수 있는 운동 중, 경부통에 효과적인 운동으로 앞 뒤 굴곡(목 앞 뒤 굴곡)운동을 설명한 운동처방 동영상",10908617,29.96,1322,1280*720,의자,공통,1451,,0AUDLJ08S_00331_SC_00008.jpeg,"경장근,두판상근,흉쇄유돌근",2021,실내,68,"앞쪽 목,뒤쪽 목,앞쪽 목",한국어,앞 뒤 굴곡(목 앞 뒤 굴곡),20220930,"머리와 목의 근,머리와 목의 근,머리와 목의 근",앞 뒤 굴곡(목 앞 뒤 굴곡),48.415,,mp4,0AUDLJ08S_00331.mp4,"Longus colli,Splenius Capitis,Sternocleidomastoid",http://openapi.kspo.or.kr/web/image/0AUDLJ08S_00331/,6,동영상,
"긴목근,머리널판근,목빗근",,http://openapi.kspo.or.kr/web/video/,"실내에서 할 수 있는 운동 중, 경부통에 효과적인 운동으로 앞 뒤 굴곡(목 앞 뒤 굴곡)운동을 설명한 운동처방 동영상",10908617,29.96,1323,1280*720,의자,공통,1741,,0AUDLJ08S_00331_SC_00009.jpeg,"경장근,두판상근,흉쇄유돌근",2021,실내,68,"앞쪽 목,뒤쪽 목,앞쪽 목",한국어,앞 뒤 굴곡(목 앞 뒤 굴곡),20220930,"머리와 목의 근,머리와 목의 근,머리와 목의 근",앞 뒤 굴곡(목 앞 뒤 굴곡),58.091,,mp4,0AUDLJ08S_00331.mp4,"Longus colli,Splenius Capitis,Sternocleidomastoid",http://openapi.kspo.or.kr/web/image/0AUDLJ08S_00331/,7,동영상,
"목빗근,어깨올림근",,http://openapi.kspo.or.kr/web/video/,"실내에서 할 수 있는 운동 중, 경부통에 효과적인 운동으로 좌 우 굴곡(목 좌 우 굴곡)운동을 설명한 운동처방 동영상",7190400,29.96,1324,1280*720,,공통,117,,0AUDLJ08S_00332_SC_00001.jpeg,"흉쇄유돌근,견갑거근",2021,실내,45,"앞쪽 목,위쪽 어깨",한국어,좌/우 굴곡(목 좌/우 굴곡),20221003,"머리와 목의 근,상지의 근",좌 우 굴곡(목 좌 우 굴곡),3.903,,mp4,0AUDLJ08S_00332.mp4,"Sternocleidomastoid,Levator Scapula",http://openapi.kspo.or.kr/web/image/0AUDLJ08S_00332/,1,동영상,
"목빗근,어깨올림근",,http://openapi.kspo.or.kr/web/video/,"실내에서 할 수 있는 운동 중, 경부통에 효과적인 운동으로 좌 우 굴곡(목 좌 우 굴곡)운동을 설명한 운동처방 동영상",7190400,29.96,1325,1280*720,,공통,146,,0AUDLJ08S_00332_SC_00002.jpeg,"흉쇄유돌근,견갑거근",2021,실내,45,"앞쪽 목,위쪽 어깨",한국어,좌/우 굴곡(목 좌/우 굴곡),20221003,"머리와 목의 근,상지의 근",좌 우 굴곡(목 좌 우 굴곡),4.871,,mp4,0AUDLJ08S_00332.mp4,"Sternocleidomastoid,Levator Scapula",http://openapi.kspo.or.kr/web/image/0AUDLJ08S_00332/,2,동영상,
"목빗근,어깨올림근",,http://openapi.kspo.or.kr/web/video/,"실내에서 할 수 있는 운동 중, 경부통에 효과적인 운동으로 좌 우 굴곡(목 좌 우 굴곡)운동을 설명한 운동처방 동영상",7190400,29.96,1326,1280*720,,공통,262,,0AUDLJ08S_00332_SC_00003.jpeg,"흉쇄유돌근,견갑거근",2021,실내,45,"앞쪽 목,위쪽 어깨",한국어,좌/우 굴곡(목 좌/우 굴곡),20221003,"머리와 목의 근,상지의 근",좌 우 굴곡(목 좌 우 굴곡),8.742,,mp4,0AUDLJ08S_00332.mp4,"Sternocleidomastoid,Levator Scapula",http://openapi.kspo.or.kr/web/image/0AUDLJ08S_00332/,3,동영상,
"목빗근,어깨올림근",,http://openapi.kspo.or.kr/web/video/,"실내에서 할 수 있는 운동 중, 경부통에 효과적인 운동으로 좌 우 굴곡(목 좌 우 굴곡)운동을 설명한 운동처방 동영상",7190400,29.96,1327,1280*720,,공통,407,,0AUDLJ08S_00332_SC_00004.jpeg,"흉쇄유돌근,견갑거근",2021,실내,45,"앞쪽 목,위쪽 어깨",한국어,좌/우 굴곡(목 좌/우 굴곡),20221003,"머리와 목의 근,상지의 근",좌 우 굴곡(목 좌 우 굴곡),13.58,,mp4,0AUDLJ08S_00332.mp4,"Sternocleidomastoid,Levator Scapula",http://openapi.kspo.or.kr/web/image/0AUDLJ08S_00332/,4,동영상,
"목빗근,어깨올림근",,http://openapi.kspo.or.kr/web/video/,"실내에서 할 수 있는 운동 중, 경부통에 효과적인 운동으로 좌 우 굴곡(목 좌 우 굴곡)운동을 설명한 운동처방 동영상",7190400,29.96,1328,1280*720,,공통,668,,0AUDLJ08S_00332_SC_00005.jpeg,"흉쇄유돌근,견갑거근",2021,실내,45,"앞쪽 목,위쪽 어깨",한국어,좌/우 굴곡(목 좌/우 굴곡),20221003,"머리와 목의 근,상지의 근",좌 우 굴곡(목 좌 우 굴곡),22.288,,mp4,0AUDLJ08S_00332.mp4,"Sternocleidomastoid,Levator Scapula",http://openapi.kspo.or.kr/web/image/0AUDLJ08S_00332/,5,동영상,
"목빗근,어깨올림근",,http://openapi.kspo.or.kr/web/video/,"실내에서 할 수 있는 운동 중, 경부통에 효과적인 운동으로 좌 우 굴곡(목 좌 우 굴곡)운동을 설명한 운동처방 동영상",7190400,29.96,1329,1280*720,,공통,929,,0AUDLJ08S_00332_SC_00006.jpeg,"흉쇄유돌근,견갑거근",2021,실내,45,"앞쪽 목,위쪽 어깨",한국어,좌/우 굴곡(목 좌/우 굴곡),20221003,"머리와 목의 근,상지의 근",좌 우 굴곡(목 좌 우 굴곡),30.997,,mp4,0AUDLJ08S_00332.mp4,"Sternocleidomastoid,Levator Scapula",http://openapi.kspo.or.kr/web/image/0AUDLJ08S_00332/,6,동영상,
"목빗근,어깨올림근",,http://openapi.kspo.or.kr/web/video/,"실내에서 할 수 있는 운동 중, 경부통에 효과적인 운동으로 좌 우 굴곡(목 좌 우 굴곡)운동을 설명한 운동처방 동영상",7190400,29.96,1330,1280*720,,공통,1161,,0AUDLJ08S_00332_SC_00007.jpeg,"흉쇄유돌근,견갑거근",2021,실내,45,"앞쪽 목,위쪽 어깨",한국어,좌/우 굴곡(목 좌/우 굴곡),20221003,"머리와 목의 근,상지의 근",좌 우 굴곡(목 좌 우 굴곡),38.738,,mp4,0AUDLJ08S_00332.mp4,"Sternocleidomastoid,Levator Scapula",http://openapi.kspo.or.kr/web/image/0AUDLJ08S_00332/,7,동영상,
"목빗근,어깨올림근",,http://openapi.kspo.or.kr/web/video/,"실내에서 할 수 있는 운동 중, 경부통에 효과적인 운동으로 좌 우 굴곡(목 좌 우 굴곡)운동을 설명한 운동처방 동영상",7190400,29.96,1331,1280*720,,공통,1277,,0AUDLJ08S_00332_SC_00008.jpeg,"흉쇄유돌근,견갑거근",2021,실내,45,"앞쪽 목,위쪽 어깨",한국어,좌/우 굴곡(목 좌/우 굴곡),20221003,"머리와 목의 근,상지의 근",좌 우 굴곡(목 좌 우 굴곡),42.609,,mp4,0AUDLJ08S_00332.mp4,"Sternocleidomastoid,Levator Scapula",http://openapi.kspo.or.kr/web/image/0AUDLJ08S_00332/,8,동영상,
,,http://openapi.kspo.or.kr/web/video/,"실내에서 할 수 있는 운동 중, 경부통에 효과적인 운동으로 좌 우 회전(목 좌 우 회전)운동을 설명한 운동처방 동영상",11580897,29.96,1332,1280*720,의자,공통,90,,0AUDLJ08S_00333_FR_00002.jpeg,,2021,실내,71,,한국어,좌/우 회전(목 좌/우 회전),20220930,,좌 우 회전(목 좌 우 회전),3.003,,mp4,0AUDLJ08S_00333.mp4,,http://openapi.kspo.or.kr/web/image/0AUDLJ08S_00333/,1,동영상,
목빗근,,http://openapi.kspo.or.kr/web/video/,"실내에서 할 수 있는 운동 중, 경부통에 효과적인 운동으로 좌 우 회전(목 좌 우 회전)운동을 설명한 운동처방 동영상",11580897,29.96,1333,1280*720,의자,공통,146,,0AUDLJ08S_00333_SC_00002.jpeg,흉쇄유돌근,2021,실내,71,앞쪽 목,한국어,좌/우 회전(목 좌/우 회전),20220930,머리와 목의 근,좌 우 회전(목 좌 우 회전),4.871,,mp4,0AUDLJ08S_00333.mp4,Sternocleidomastoid,http://openapi.kspo.or.kr/web/image/0AUDLJ08S_00333/,2,동영상,
목빗근,,http://openapi.kspo.or.kr/web/video/,"실내에서 할 수 있는 운동 중, 경부통에 효과적인 운동으로 좌 우 회전(목 좌 우 회전)운동을 설명한 운동처방 동영상",11580897,29.96,1334,1280*720,의자,공통,871,,0AUDLJ08S_00333_SC_00004.jpeg,흉쇄유돌근,2021,실내,71,앞쪽 목,한국어,좌/우 회전(목 좌/우 회전),20220930,머리와 목의 근,좌 우 회전(목 좌 우 회전),29.062,,mp4,0AUDLJ08S_00333.mp4,Sternocleidomastoid,http://openapi.kspo.or.kr/web/image/0AUDLJ08S_00333/,3,동영상,
목빗근,,http://openapi.kspo.or.kr/web/video/,"실내에서 할 수 있는 운동 중, 경부통에 효과적인 운동으로 좌 우 회전(목 좌 우 회전)운동을 설명한 운동처방 동영상",11580897,29.96,1335,1280*720,의자,공통,1103,,0AUDLJ08S_00333_SC_00005.jpeg,흉쇄유돌근,2021,실내,71,앞쪽 목,한국어,좌/우 회전(목 좌/우 회전),20220930,머리와 목의 근,좌 우 회전(목 좌 우 회전),36.803,,mp4,0AUDLJ08S_00333.mp4,Sternocleidomastoid,http://openapi.kspo.or.kr/web/image/0AUDLJ08S_00333/,4,동영상,
목빗근,,http://openapi.kspo.or.kr/web/video/,"실내에서 할 수 있는 운동 중, 경부통에 효과적인 운동으로 좌 우 회전(목 좌 우 회전)운동을 설명한 운동처방 동영상",11580897,29.96,1336,1280*720,의자,공통,1335,3~3,0AUDLJ08S_00333_SC_00006.jpeg,흉쇄유돌근,2021,실내,71,앞쪽 목,한국어,좌/우 회전(목 좌/우 회전),20220930,머리와 목의 근,좌 우 회전(목 좌 우 회전),44.544,10~20 초,mp4,0AUDLJ08S_00333.mp4,Sternocleidomastoid,http://openapi.kspo.or.kr/web/image/0AUDLJ08S_00333/,5,동영상,1~3
목빗근,,http://openapi.kspo.or.kr/web/video/,"실내에서 할 수 있는 운동 중, 경부통에 효과적인 운동으로 좌 우 회전(목 좌 우 회전)운동을 설명한 운동처방 동영상",11580897,29.96,1337,1280*720,의자,공통,1915,,0AUDLJ08S_00333_SC_00008.jpeg,흉쇄유돌근,2021,실내,71,앞쪽 목,한국어,좌/우 회전(목 좌/우 회전),20220930,머리와 목의 근,좌 우 회전(목 좌 우 회전),63.897,,mp4,0AUDLJ08S_00333.mp4,Sternocleidomastoid,http://openapi.kspo.or.kr/web/image/0AUDLJ08S_00333/,6,동영상,
"가시아래근,가시윗근,어깨밑근,작은원근",,http://openapi.kspo.or.kr/web/video/,"실내에서 할 수 있는 운동 중, 오십견에 효과적인 운동으로 진자운동을 설명한 운동처방 동영상",9837518,29.96,1338,1280*720,테이블,공통,117,,0AUDLJ08S_00334_SC_00001.jpeg,"극하근,극상근,견갑하근,소원근",2021,실내,61,"뒤쪽 어깨,뒤쪽 어깨,뒤쪽 어깨,안쪽 어깨",한국어,진자 운동,20221003,"상지의 근,상지의 근,상지의 근,상지의 근",진자운동,3.903,,mp4,0AUDLJ08S_00334.mp4,"Infraspinatus,Supraspinatus,Subscapularis,Teres Minor",http://openapi.kspo.or.kr/web/image/0AUDLJ08S_00334/,1,동영상,
"가시아래근,가시윗근,어깨밑근,작은원근",,http://openapi.kspo.or.kr/web/video/,"실내에서 할 수 있는 운동 중, 오십견에 효과적인 운동으로 진자운동을 설명한 운동처방 동영상",9837518,29.96,1339,1280*720,테이블,공통,146,,0AUDLJ08S_00334_SC_00002.jpeg,"극하근,극상근,견갑하근,소원근",2021,실내,61,"뒤쪽 어깨,뒤쪽 어깨,뒤쪽 어깨,안쪽 어깨",한국어,진자 운동,20221003,"상지의 근,상지의 근,상지의 근,상지의 근",진자운동,4.871,,mp4,0AUDLJ08S_00334.mp4,"Infraspinatus,Supraspinatus,Subscapularis,Teres Minor",http://openapi.kspo.or.kr/web/image/0AUDLJ08S_00334/,2,동영상,
"가시아래근,가시윗근,어깨밑근,작은원근",,http://openapi.kspo.or.kr/web/video/,"실내에서 할 수 있는 운동 중, 오십견에 효과적인 운동으로 진자운동을 설명한 운동처방 동영상",9837518,29.96,1340,1280*720,테이블,공통,175,,0AUDLJ08S_00334_SC_00003.jpeg,"극하근,극상근,견갑하근,소원근",2021,실내,61,"뒤쪽 어깨,뒤쪽 어깨,뒤쪽 어깨,안쪽 어깨",한국어,진자 운동,20221003,"상지의 근,상지의 근,상지의 근,상지의 근",진자운동,5.839,,mp4,0AUDLJ08S_00334.mp4,"Infraspinatus,Supraspinatus,Subscapularis,Teres Minor",http://openapi.kspo.or.kr/web/image/0AUDLJ08S_00334/,3,동영상,
"가시아래근,가시윗근,어깨밑근,작은원근",,http://openapi.kspo.or.kr/web/video/,"실내에서 할 수 있는 운동 중, 오십견에 효과적인 운동으로 진자운동을 설명한 운동처방 동영상",9837518,29.96,1341,1280*720,테이블,공통,320,,0AUDLJ08S_00334_SC_00004.jpeg,"극하근,극상근,견갑하근,소원근",2021,실내,61,"뒤쪽 어깨,뒤쪽 어깨,뒤쪽 어깨,안쪽 어깨",한국어,진자 운동,20221003,"상지의 근,상지의 근,상지의 근,상지의 근",진자운동,10.677,,mp4,0AUDLJ08S_00334.mp4,"Infraspinatus,Supraspinatus,Subscapularis,Teres Minor",http://openapi.kspo.or.kr/web/image/0AUDLJ08S_00334/,4,동영상,
"가시아래근,가시윗근,어깨밑근,작은원근",,http://openapi.kspo.or.kr/web/video/,"실내에서 할 수 있는 운동 중, 오십견에 효과적인 운동으로 진자운동을 설명한 운동처방 동영상",9837518,29.96,1342,1280*720,테이블,공통,494,,0AUDLJ08S_00334_SC_00005.jpeg,"극하근,극상근,견갑하근,소원근",2021,실내,61,"뒤쪽 어깨,뒤쪽 어깨,뒤쪽 어깨,안쪽 어깨",한국어,진자 운동,20221003,"상지의 근,상지의 근,상지의 근,상지의 근",진자운동,16.483,,mp4,0AUDLJ08S_00334.mp4,"Infraspinatus,Supraspinatus,Subscapularis,Teres Minor",http://openapi.kspo.or.kr/web/image/0AUDLJ08S_00334/,5,동영상,
"가시아래근,가시윗근,어깨밑근,작은원근",,http://openapi.kspo.or.kr/web/video/,"실내에서 할 수 있는 운동 중, 오십견에 효과적인 운동으로 진자운동을 설명한 운동처방 동영상",9837518,29.96,1343,1280*720,테이블,공통,581,,0AUDLJ08S_00334_SC_00006.jpeg,"극하근,극상근,견갑하근,소원근",2021,실내,61,"뒤쪽 어깨,뒤쪽 어깨,뒤쪽 어깨,안쪽 어깨",한국어,진자 운동,20221003,"상지의 근,상지의 근,상지의 근,상지의 근",진자운동,19.386,,mp4,0AUDLJ08S_00334.mp4,"Infraspinatus,Supraspinatus,Subscapularis,Teres Minor",http://openapi.kspo.or.kr/web/image/0AUDLJ08S_00334/,6,동영상,
"가시아래근,가시윗근,어깨밑근,작은원근",,http://openapi.kspo.or.kr/web/video/,"실내에서 할 수 있는 운동 중, 오십견에 효과적인 운동으로 진자운동을 설명한 운동처방 동영상",9837518,29.96,1344,1280*720,테이블,공통,639,,0AUDLJ08S_00334_SC_00007.jpeg,"극하근,극상근,견갑하근,소원근",2021,실내,61,"뒤쪽 어깨,뒤쪽 어깨,뒤쪽 어깨,안쪽 어깨",한국어,진자 운동,20221003,"상지의 근,상지의 근,상지의 근,상지의 근",진자운동,21.321,,mp4,0AUDLJ08S_00334.mp4,"Infraspinatus,Supraspinatus,Subscapularis,Teres Minor",http://openapi.kspo.or.kr/web/image/0AUDLJ08S_00334/,7,동영상,
"가시아래근,가시윗근,어깨밑근,작은원근",,http://openapi.kspo.or.kr/web/video/,"실내에서 할 수 있는 운동 중, 오십견에 효과적인 운동으로 진자운동을 설명한 운동처방 동영상",9837518,29.96,1345,1280*720,테이블,공통,726,,0AUDLJ08S_00334_SC_00008.jpeg,"극하근,극상근,견갑하근,소원근",2021,실내,61,"뒤쪽 어깨,뒤쪽 어깨,뒤쪽 어깨,안쪽 어깨",한국어,진자 운동,20221003,"상지의 근,상지의 근,상지의 근,상지의 근",진자운동,24.224,,mp4,0AUDLJ08S_00334.mp4,"Infraspinatus,Supraspinatus,Subscapularis,Teres Minor",http://openapi.kspo.or.kr/web/image/0AUDLJ08S_00334/,8,동영상,
"가시아래근,가시윗근,어깨밑근,작은원근",,http://openapi.kspo.or.kr/web/video/,"실내에서 할 수 있는 운동 중, 오십견에 효과적인 운동으로 진자운동을 설명한 운동처방 동영상",9837518,29.96,1346,1280*720,테이블,공통,871,,0AUDLJ08S_00334_SC_00009.jpeg,"극하근,극상근,견갑하근,소원근",2021,실내,61,"뒤쪽 어깨,뒤쪽 어깨,뒤쪽 어깨,안쪽 어깨",한국어,진자 운동,20221003,"상지의 근,상지의 근,상지의 근,상지의 근",진자운동,29.062,,mp4,0AUDLJ08S_00334.mp4,"Infraspinatus,Supraspinatus,Subscapularis,Teres Minor",http://openapi.kspo.or.kr/web/image/0AUDLJ08S_00334/,9,동영상,
"가시아래근,가시윗근,어깨밑근,작은원근",,http://openapi.kspo.or.kr/web/video/,"실내에서 할 수 있는 운동 중, 오십견에 효과적인 운동으로 진자운동을 설명한 운동처방 동영상",9837518,29.96,1347,1280*720,테이블,공통,1016,,0AUDLJ08S_00334_SC_00010.jpeg,"극하근,극상근,견갑하근,소원근",2021,실내,61,"뒤쪽 어깨,뒤쪽 어깨,뒤쪽 어깨,안쪽 어깨",한국어,진자 운동,20221003,"상지의 근,상지의 근,상지의 근,상지의 근",진자운동,33.9,,mp4,0AUDLJ08S_00334.mp4,"Infraspinatus,Supraspinatus,Subscapularis,Teres Minor",http://openapi.kspo.or.kr/web/image/0AUDLJ08S_00334/,10,동영상,
"가시아래근,가시윗근,어깨밑근,작은원근",,http://openapi.kspo.or.kr/web/video/,"실내에서 할 수 있는 운동 중, 오십견에 효과적인 운동으로 진자운동을 설명한 운동처방 동영상",9837518,29.96,1348,1280*720,테이블,공통,1161,,0AUDLJ08S_00334_SC_00011.jpeg,"극하근,극상근,견갑하근,소원근",2021,실내,61,"뒤쪽 어깨,뒤쪽 어깨,뒤쪽 어깨,안쪽 어깨",한국어,진자 운동,20221003,"상지의 근,상지의 근,상지의 근,상지의 근",진자운동,38.738,,mp4,0AUDLJ08S_00334.mp4,"Infraspinatus,Supraspinatus,Subscapularis,Teres Minor",http://openapi.kspo.or.kr/web/image/0AUDLJ08S_00334/,11,동영상,
"가시아래근,가시윗근,어깨밑근,작은원근",,http://openapi.kspo.or.kr/web/video/,"실내에서 할 수 있는 운동 중, 오십견에 효과적인 운동으로 진자운동을 설명한 운동처방 동영상",9837518,29.96,1349,1280*720,테이블,공통,1248,,0AUDLJ08S_00334_SC_00012.jpeg,"극하근,극상근,견갑하근,소원근",2021,실내,61,"뒤쪽 어깨,뒤쪽 어깨,뒤쪽 어깨,안쪽 어깨",한국어,진자 운동,20221003,"상지의 근,상지의 근,상지의 근,상지의 근",진자운동,41.641,,mp4,0AUDLJ08S_00334.mp4,"Infraspinatus,Supraspinatus,Subscapularis,Teres Minor",http://openapi.kspo.or.kr/web/image/0AUDLJ08S_00334/,12,동영상,
"가시아래근,가시윗근,어깨밑근,작은원근",,http://openapi.kspo.or.kr/web/video/,"실내에서 할 수 있는 운동 중, 오십견에 효과적인 운동으로 진자운동을 설명한 운동처방 동영상",9837518,29.96,1350,1280*720,테이블,공통,1306,,0AUDLJ08S_00334_SC_00013.jpeg,"극하근,극상근,견갑하근,소원근",2021,실내,61,"뒤쪽 어깨,뒤쪽 어깨,뒤쪽 어깨,안쪽 어깨",한국어,진자 운동,20221003,"상지의 근,상지의 근,상지의 근,상지의 근",진자운동,43.576,,mp4,0AUDLJ08S_00334.mp4,"Infraspinatus,Supraspinatus,Subscapularis,Teres Minor",http://openapi.kspo.or.kr/web/image/0AUDLJ08S_00334/,13,동영상,
"가시아래근,가시윗근,어깨밑근,작은원근",,http://openapi.kspo.or.kr/web/video/,"실내에서 할 수 있는 운동 중, 오십견에 효과적인 운동으로 진자운동을 설명한 운동처방 동영상",9837518,29.96,1351,1280*720,테이블,공통,1393,,0AUDLJ08S_00334_SC_00014.jpeg,"극하근,극상근,견갑하근,소원근",2021,실내,61,"뒤쪽 어깨,뒤쪽 어깨,뒤쪽 어깨,안쪽 어깨",한국어,진자 운동,20221003,"상지의 근,상지의 근,상지의 근,상지의 근",진자운동,46.479,,mp4,0AUDLJ08S_00334.mp4,"Infraspinatus,Supraspinatus,Subscapularis,Teres Minor",http://openapi.kspo.or.kr/web/image/0AUDLJ08S_00334/,14,동영상,
"가시아래근,가시윗근,어깨밑근,작은원근",,http://openapi.kspo.or.kr/web/video/,"실내에서 할 수 있는 운동 중, 오십견에 효과적인 운동으로 진자운동을 설명한 운동처방 동영상",9837518,29.96,1352,1280*720,테이블,공통,1480,,0AUDLJ08S_00334_SC_00015.jpeg,"극하근,극상근,견갑하근,소원근",2021,실내,61,"뒤쪽 어깨,뒤쪽 어깨,뒤쪽 어깨,안쪽 어깨",한국어,진자 운동,20221003,"상지의 근,상지의 근,상지의 근,상지의 근",진자운동,49.382,,mp4,0AUDLJ08S_00334.mp4,"Infraspinatus,Supraspinatus,Subscapularis,Teres Minor",http://openapi.kspo.or.kr/web/image/0AUDLJ08S_00334/,15,동영상,
"가시아래근,가시윗근,어깨밑근,작은원근",,http://openapi.kspo.or.kr/web/video/,"실내에서 할 수 있는 운동 중, 오십견에 효과적인 운동으로 진자운동을 설명한 운동처방 동영상",9837518,29.96,1353,1280*720,테이블,공통,1625,,0AUDLJ08S_00334_SC_00016.jpeg,"극하근,극상근,견갑하근,소원근",2021,실내,61,"뒤쪽 어깨,뒤쪽 어깨,뒤쪽 어깨,안쪽 어깨",한국어,진자 운동,20221003,"상지의 근,상지의 근,상지의 근,상지의 근",진자운동,54.22,,mp4,0AUDLJ08S_00334.mp4,"Infraspinatus,Supraspinatus,Subscapularis,Teres Minor",http://openapi.kspo.or.kr/web/image/0AUDLJ08S_00334/,16,동영상,
"가시아래근,가시윗근,어깨밑근,작은원근",,http://openapi.kspo.or.kr/web/video/,"실내에서 할 수 있는 운동 중, 오십견에 효과적인 운동으로 진자운동을 설명한 운동처방 동영상",9837518,29.96,1354,1280*720,테이블,공통,1770,,0AUDLJ08S_00334_SC_00017.jpeg,"극하근,극상근,견갑하근,소원근",2021,실내,61,"뒤쪽 어깨,뒤쪽 어깨,뒤쪽 어깨,안쪽 어깨",한국어,진자 운동,20221003,"상지의 근,상지의 근,상지의 근,상지의 근",진자운동,59.059,,mp4,0AUDLJ08S_00334.mp4,"Infraspinatus,Supraspinatus,Subscapularis,Teres Minor",http://openapi.kspo.or.kr/web/image/0AUDLJ08S_00334/,17,동영상,
어깨세모근,,http://openapi.kspo.or.kr/web/video/,"실내에서 할 수 있는 운동 중, 오십견에 효과적인 운동으로 옆으로 누워서 팔 앞으로 당기기운동을 설명한 운동처방 동영상",10053046,29.96,1355,1280*720,베개,공통,90,,0AUDLJ08S_00335_FR_00002.jpeg,삼각근,2021,실내,62,바깥쪽 어깨,한국어,옆으로 누워서 팔 앞으로 당기기,20221018,상지의 근,옆으로 누워서 팔 앞으로 당기기,3.003,,mp4,0AUDLJ08S_00335.mp4,Deltoid,http://openapi.kspo.or.kr/web/image/0AUDLJ08S_00335/,1,동영상,
어깨세모근,,http://openapi.kspo.or.kr/web/video/,"실내에서 할 수 있는 운동 중, 오십견에 효과적인 운동으로 옆으로 누워서 팔 앞으로 당기기운동을 설명한 운동처방 동영상",10053046,29.96,1356,1280*720,베개,공통,465,,0AUDLJ08S_00335_SC_00003.jpeg,삼각근,2021,실내,62,바깥쪽 어깨,한국어,옆으로 누워서 팔 앞으로 당기기,20221018,상지의 근,옆으로 누워서 팔 앞으로 당기기,15.515,,mp4,0AUDLJ08S_00335.mp4,Deltoid,http://openapi.kspo.or.kr/web/image/0AUDLJ08S_00335/,2,동영상,
어깨세모근,,http://openapi.kspo.or.kr/web/video/,"실내에서 할 수 있는 운동 중, 오십견에 효과적인 운동으로 옆으로 누워서 팔 앞으로 당기기운동을 설명한 운동처방 동영상",10053046,29.96,1357,1280*720,베개,공통,1132,3~5,0AUDLJ08S_00335_SC_00006.jpeg,삼각근,2021,실내,62,바깥쪽 어깨,한국어,옆으로 누워서 팔 앞으로 당기기,20221018,상지의 근,옆으로 누워서 팔 앞으로 당기기,37.771,10~20 초,mp4,0AUDLJ08S_00335.mp4,Deltoid,http://openapi.kspo.or.kr/web/image/0AUDLJ08S_00335/,3,동영상,1~3
어깨세모근,,http://openapi.kspo.or.kr/web/video/,"실내에서 할 수 있는 운동 중, 오십견에 효과적인 운동으로 테이블 이용하여 팔 들어올리기운동을 설명한 운동처방 동영상",10463868,29.96,1358,1280*720,테이블,공통,90,,0AUDLJ08S_00336_FR_00002.jpeg,삼각근,2021,실내,66,바깥쪽 어깨,한국어,테이블 이용하여 팔 들어올리기,20221018,상지의 근,테이블 이용하여 팔 들어올리기,3.003,,mp4,0AUDLJ08S_00336.mp4,Deltoid,http://openapi.kspo.or.kr/web/image/0AUDLJ08S_00336/,1,동영상,
어깨세모근,,http://openapi.kspo.or.kr/web/video/,"실내에서 할 수 있는 운동 중, 오십견에 효과적인 운동으로 테이블 이용하여 팔 들어올리기운동을 설명한 운동처방 동영상",10463868,29.96,1359,1280*720,테이블,공통,987,,0AUDLJ08S_00336_SC_00006.jpeg,삼각근,2021,실내,66,바깥쪽 어깨,한국어,테이블 이용하여 팔 들어올리기,20221018,상지의 근,테이블 이용하여 팔 들어올리기,32.932,,mp4,0AUDLJ08S_00336.mp4,Deltoid,http://openapi.kspo.or.kr/web/image/0AUDLJ08S_00336/,2,동영상,
어깨세모근,,http://openapi.kspo.or.kr/web/video/,"실내에서 할 수 있는 운동 중, 오십견에 효과적인 운동으로 테이블 이용하여 팔 들어올리기운동을 설명한 운동처방 동영상",10463868,29.96,1360,1280*720,테이블,공통,1538,3~5,0AUDLJ08S_00336_SC_00010.jpeg,삼각근,2021,실내,66,바깥쪽 어깨,한국어,테이블 이용하여 팔 들어올리기,20221018,상지의 근,테이블 이용하여 팔 들어올리기,51.317,10~20 초,mp4,0AUDLJ08S_00336.mp4,Deltoid,http://openapi.kspo.or.kr/web/image/0AUDLJ08S_00336/,3,동영상,1~3
"큰가슴근,넓은등근,위팔근,큰원근",,http://openapi.kspo.or.kr/web/video/,"실내에서 할 수 있는 운동 중, 오십견에 효과적인 운동으로 테이블 이용하여 팔 옆으로 벌리기운동을 설명한 운동처방 동영상",8654305,29.96,1361,1280*720,테이블,공통,90,,0AUDLJ08S_00337_FR_00002.jpeg,"대흉근,광배근,상완근,대원근",2021,실내,55,"가슴,등,앞쪽 위팔,안쪽 어깨",한국어,테이블 이용하여 팔 옆으로 벌리기,20221111,"가슴의 근,등과 허리의 근,상지의 근,상지의 근",테이블 이용하여 팔 옆으로 벌리기,3.003,,mp4,0AUDLJ08S_00337.mp4,"Pectoralis Major,Latissimus Dorsi,Brachialis,Teres Major",http://openapi.kspo.or.kr/web/image/0AUDLJ08S_00337/,1,동영상,
"큰가슴근,넓은등근,위팔근,큰원근",,http://openapi.kspo.or.kr/web/video/,"실내에서 할 수 있는 운동 중, 오십견에 효과적인 운동으로 테이블 이용하여 팔 옆으로 벌리기운동을 설명한 운동처방 동영상",8654305,29.96,1362,1280*720,테이블,공통,146,,0AUDLJ08S_00337_SC_00002.jpeg,"대흉근,광배근,상완근,대원근",2021,실내,55,"가슴,등,앞쪽 위팔,안쪽 어깨",한국어,테이블 이용하여 팔 옆으로 벌리기,20221024,"가슴의 근,등과 허리의 근,상지의 근,상지의 근",테이블 이용하여 팔 옆으로 벌리기,4.871,,mp4,0AUDLJ08S_00337.mp4,"Pectoralis Major,Latissimus Dorsi,Brachialis,Teres Major",http://openapi.kspo.or.kr/web/image/0AUDLJ08S_00337/,2,동영상,
"큰가슴근,넓은등근,위팔근,큰원근",,http://openapi.kspo.or.kr/web/video/,"실내에서 할 수 있는 운동 중, 오십견에 효과적인 운동으로 테이블 이용하여 팔 옆으로 벌리기운동을 설명한 운동처방 동영상",8654305,29.96,1363,1280*720,테이블,공통,1277,3~5,0AUDLJ08S_00337_SC_00008.jpeg,"대흉근,광배근,상완근,대원근",2021,실내,55,"가슴,등,앞쪽 위팔,안쪽 어깨",한국어,테이블 이용하여 팔 옆으로 벌리기,20221024,"가슴의 근,등과 허리의 근,상지의 근,상지의 근",테이블 이용하여 팔 옆으로 벌리기,42.609,10~20 초,mp4,0AUDLJ08S_00337.mp4,"Pectoralis Major,Latissimus Dorsi,Brachialis,Teres Major",http://openapi.kspo.or.kr/web/image/0AUDLJ08S_00337/,3,동영상,1~3
"가시아래근,어깨밑근,작은원근",,http://openapi.kspo.or.kr/web/video/,"실내에서 할 수 있는 운동 중, 오십견에 효과적인 운동으로 막대 잡고 팔 안쪽/바깥 돌림운동을 설명한 운동처방 동영상",11835049,29.96,1364,1280*720,막대,공통,90,,0AUDLJ08S_00338_FR_00002.jpeg,"극하근,견갑하근,소원근",2021,실내,73,"뒤쪽 어깨,뒤쪽 어깨,안쪽 어깨",한국어,막대 잡고 팔 안쪽 바깥 돌림,20221111,"상지의 근,상지의 근,상지의 근",막대 잡고 팔 안쪽?바깥 돌림,3.003,,mp4,0AUDLJ08S_00338.mp4,"Infraspinatus,Subscapularis,Teres Minor",http://openapi.kspo.or.kr/web/image/0AUDLJ08S_00338/,1,동영상,
"가시아래근,어깨밑근,작은원근",,http://openapi.kspo.or.kr/web/video/,"실내에서 할 수 있는 운동 중, 오십견에 효과적인 운동으로 막대 잡고 팔 안쪽/바깥 돌림운동을 설명한 운동처방 동영상",11835049,29.96,1365,1280*720,막대,공통,270,,0AUDLJ08S_00338_FR_00004.jpeg,"극하근,견갑하근,소원근",2021,실내,73,"뒤쪽 어깨,뒤쪽 어깨,안쪽 어깨",한국어,막대 잡고 팔 안쪽 바깥 돌림,20221018,"상지의 근,상지의 근,상지의 근",막대 잡고 팔 안쪽?바깥 돌림,9.009,,mp4,0AUDLJ08S_00338.mp4,"Infraspinatus,Subscapularis,Teres Minor",http://openapi.kspo.or.kr/web/image/0AUDLJ08S_00338/,2,동영상,
"가시아래근,어깨밑근,작은원근",,http://openapi.kspo.or.kr/web/video/,"실내에서 할 수 있는 운동 중, 오십견에 효과적인 운동으로 막대 잡고 팔 안쪽/바깥 돌림운동을 설명한 운동처방 동영상",11835049,29.96,1366,1280*720,막대,공통,1625,2~3,0AUDLJ08S_00338_SC_00007.jpeg,"극하근,견갑하근,소원근",2021,실내,73,"뒤쪽 어깨,뒤쪽 어깨,안쪽 어깨",한국어,막대 잡고 팔 안쪽 바깥 돌림,20221018,"상지의 근,상지의 근,상지의 근",막대 잡고 팔 안쪽?바깥 돌림,54.22,10~20 초,mp4,0AUDLJ08S_00338.mp4,"Infraspinatus,Subscapularis,Teres Minor",http://openapi.kspo.or.kr/web/image/0AUDLJ08S_00338/,3,동영상,1~3
,,http://openapi.kspo.or.kr/web/video/,"실내에서 할 수 있는 운동 중, 오십견에 효과적인 운동으로 누워서 막대 잡고 팔 들어올리기운동을 설명한 운동처방 동영상",11860453,29.96,1367,1280*720,막대,공통,146,,0AUDLJ08S_00339_SC_00002.jpeg,,2021,실내,73,,한국어,누워서 막대 잡고 팔 들어올리기,20220929,,누워서 막대 잡고 팔 들어올리기,4.871,,mp4,0AUDLJ08S_00339.mp4,,http://openapi.kspo.or.kr/web/image/0AUDLJ08S_00339/,1,동영상,
,,http://openapi.kspo.or.kr/web/video/,"실내에서 할 수 있는 운동 중, 오십견에 효과적인 운동으로 누워서 막대 잡고 팔 들어올리기운동을 설명한 운동처방 동영상",11860453,29.96,1368,1280*720,막대,공통,610,,0AUDLJ08S_00339_SC_00003.jpeg,,2021,실내,73,,한국어,누워서 막대 잡고 팔 들어올리기,20220929,,누워서 막대 잡고 팔 들어올리기,20.353,,mp4,0AUDLJ08S_00339.mp4,,http://openapi.kspo.or.kr/web/image/0AUDLJ08S_00339/,2,동영상,
,,http://openapi.kspo.or.kr/web/video/,"실내에서 할 수 있는 운동 중, 오십견에 효과적인 운동으로 누워서 막대 잡고 팔 들어올리기운동을 설명한 운동처방 동영상",11860453,29.96,1369,1280*720,막대,공통,871,,0AUDLJ08S_00339_SC_00004.jpeg,,2021,실내,73,,한국어,누워서 막대 잡고 팔 들어올리기,20220929,,누워서 막대 잡고 팔 들어올리기,29.062,,mp4,0AUDLJ08S_00339.mp4,,http://openapi.kspo.or.kr/web/image/0AUDLJ08S_00339/,3,동영상,
,,http://openapi.kspo.or.kr/web/video/,"실내에서 할 수 있는 운동 중, 오십견에 효과적인 운동으로 누워서 막대 잡고 팔 들어올리기운동을 설명한 운동처방 동영상",11860453,29.96,1370,1280*720,막대,공통,1132,3~3,0AUDLJ08S_00339_SC_00005.jpeg,,2021,실내,73,,한국어,누워서 막대 잡고 팔 들어올리기,20220929,,누워서 막대 잡고 팔 들어올리기,37.771,10~20 초,mp4,0AUDLJ08S_00339.mp4,,http://openapi.kspo.or.kr/web/image/0AUDLJ08S_00339/,4,동영상,1~3
,,http://openapi.kspo.or.kr/web/video/,"실내에서 할 수 있는 운동 중, 오십견에 효과적인 운동으로 누워서 막대 잡고 팔 들어올리기운동을 설명한 운동처방 동영상",11860453,29.96,1371,1280*720,막대,공통,1364,3~3,0AUDLJ08S_00339_SC_00006.jpeg,,2021,실내,73,,한국어,누워서 막대 잡고 팔 들어올리기,20220929,,누워서 막대 잡고 팔 들어올리기,45.512,10~20 초,mp4,0AUDLJ08S_00339.mp4,,http://openapi.kspo.or.kr/web/image/0AUDLJ08S_00339/,5,동영상,1~3
,,http://openapi.kspo.or.kr/web/video/,"실내에서 할 수 있는 운동 중, 오십견에 효과적인 운동으로 누워서 막대 잡고 팔 들어올리기운동을 설명한 운동처방 동영상",11860453,29.96,1372,1280*720,막대,공통,1596,3~3,0AUDLJ08S_00339_SC_00007.jpeg,,2021,실내,73,,한국어,누워서 막대 잡고 팔 들어올리기,20220929,,누워서 막대 잡고 팔 들어올리기,53.253,10~20 초,mp4,0AUDLJ08S_00339.mp4,,http://openapi.kspo.or.kr/web/image/0AUDLJ08S_00339/,6,동영상,1~3
,,http://openapi.kspo.or.kr/web/video/,"실내에서 할 수 있는 운동 중, 오십견에 효과적인 운동으로 누워서 막대 잡고 팔 들어올리기운동을 설명한 운동처방 동영상",11860453,29.96,1373,1280*720,막대,공통,1857,3~3,0AUDLJ08S_00339_SC_00008.jpeg,,2021,실내,73,,한국어,누워서 막대 잡고 팔 들어올리기,20220929,,누워서 막대 잡고 팔 들어올리기,61.961,10~20 초,mp4,0AUDLJ08S_00339.mp4,,http://openapi.kspo.or.kr/web/image/0AUDLJ08S_00339/,7,동영상,1~3
,,http://openapi.kspo.or.kr/web/video/,"실내에서 할 수 있는 운동 중, 오십견에 효과적인 운동으로 누워서 막대 잡고 팔 회전하기운동을 설명한 운동처방 동영상",10044119,29.96,1374,1280*720,막대,공통,90,,0AUDLJ08S_00340_FR_00002.jpeg,,2021,실내,64,,한국어,누워서 막대 잡고 팔 회전하기,20220929,,누워서 막대 잡고 팔 회전하기,3.003,,mp4,0AUDLJ08S_00340.mp4,,http://openapi.kspo.or.kr/web/image/0AUDLJ08S_00340/,1,동영상,
"가시아래근,가시윗근,어깨밑근,어깨세모근",,http://openapi.kspo.or.kr/web/video/,"실내에서 할 수 있는 운동 중, 오십견에 효과적인 운동으로 누워서 막대 잡고 팔 회전하기운동을 설명한 운동처방 동영상",10044119,29.96,1375,1280*720,막대,공통,494,,0AUDLJ08S_00340_SC_00003.jpeg,"극하근,극상근,견갑하근,삼각근",2021,실내,64,"뒤쪽 어깨,뒤쪽 어깨,뒤쪽 어깨,바깥쪽 어깨",한국어,누워서 막대 잡고 팔 회전하기,20220929,"상지의 근,상지의 근,상지의 근,상지의 근",누워서 막대 잡고 팔 회전하기,16.483,,mp4,0AUDLJ08S_00340.mp4,"Infraspinatus,Supraspinatus,Subscapularis,Deltoid",http://openapi.kspo.or.kr/web/image/0AUDLJ08S_00340/,2,동영상,
"가시아래근,가시윗근,어깨밑근,어깨세모근",,http://openapi.kspo.or.kr/web/video/,"실내에서 할 수 있는 운동 중, 오십견에 효과적인 운동으로 누워서 막대 잡고 팔 회전하기운동을 설명한 운동처방 동영상",10044119,29.96,1376,1280*720,막대,공통,871,,0AUDLJ08S_00340_SC_00005.jpeg,"극하근,극상근,견갑하근,삼각근",2021,실내,64,"뒤쪽 어깨,뒤쪽 어깨,뒤쪽 어깨,바깥쪽 어깨",한국어,누워서 막대 잡고 팔 회전하기,20220929,"상지의 근,상지의 근,상지의 근,상지의 근",누워서 막대 잡고 팔 회전하기,29.062,,mp4,0AUDLJ08S_00340.mp4,"Infraspinatus,Supraspinatus,Subscapularis,Deltoid",http://openapi.kspo.or.kr/web/image/0AUDLJ08S_00340/,3,동영상,
"가시아래근,가시윗근,어깨밑근,어깨세모근",2~3,http://openapi.kspo.or.kr/web/video/,"실내에서 할 수 있는 운동 중, 오십견에 효과적인 운동으로 누워서 막대 잡고 팔 회전하기운동을 설명한 운동처방 동영상",10044119,29.96,1377,1280*720,막대,공통,1480,,0AUDLJ08S_00340_SC_00008.jpeg,"극하근,극상근,견갑하근,삼각근",2021,실내,64,"뒤쪽 어깨,뒤쪽 어깨,뒤쪽 어깨,바깥쪽 어깨",한국어,누워서 막대 잡고 팔 회전하기,20220929,"상지의 근,상지의 근,상지의 근,상지의 근",누워서 막대 잡고 팔 회전하기,49.382,10~20 초,mp4,0AUDLJ08S_00340.mp4,"Infraspinatus,Supraspinatus,Subscapularis,Deltoid",http://openapi.kspo.or.kr/web/image/0AUDLJ08S_00340/,4,동영상,1~3
"가시아래근,가시윗근,어깨밑근,어깨세모근",,http://openapi.kspo.or.kr/web/video/,"실내에서 할 수 있는 운동 중, 오십견에 효과적인 운동으로 누워서 막대 잡고 팔 회전하기운동을 설명한 운동처방 동영상",10044119,29.96,1378,1280*720,막대,공통,1654,,0AUDLJ08S_00340_SC_00009.jpeg,"극하근,극상근,견갑하근,삼각근",2021,실내,64,"뒤쪽 어깨,뒤쪽 어깨,뒤쪽 어깨,바깥쪽 어깨",한국어,누워서 막대 잡고 팔 회전하기,20220929,"상지의 근,상지의 근,상지의 근,상지의 근",누워서 막대 잡고 팔 회전하기,55.188,,mp4,0AUDLJ08S_00340.mp4,"Infraspinatus,Supraspinatus,Subscapularis,Deltoid",http://openapi.kspo.or.kr/web/image/0AUDLJ08S_00340/,5,동영상,
"넓은등근,어깨세모근,작은원근,큰원근",,http://openapi.kspo.or.kr/web/video/,"실내에서 할 수 있는 운동 중, 오십견에 효과적인 운동으로 막대 잡고 대각선으로 팔 들어올리기운동을 설명한 운동처방 동영상",13714800,29.96,1379,1280*720,막대,공통,90,,0AUDLJ08S_00341_FR_00002.jpeg,"광배근,삼각근,소원근,대원근",2021,실내,82,"등,바깥쪽 어깨,안쪽 어깨,안쪽 어깨",한국어,막대 잡고 대각선으로 팔 들어올리기,20221111,"등과 허리의 근,상지의 근,상지의 근,상지의 근",막대 잡고 대각선으로 팔 들어올리기,3.003,,mp4,0AUDLJ08S_00341.mp4,"Latissimus Dorsi,Deltoid,Teres Minor,Teres Major",http://openapi.kspo.or.kr/web/image/0AUDLJ08S_00341/,1,동영상,
"넓은등근,어깨세모근,작은원근,큰원근",,http://openapi.kspo.or.kr/web/video/,"실내에서 할 수 있는 운동 중, 오십견에 효과적인 운동으로 막대 잡고 대각선으로 팔 들어올리기운동을 설명한 운동처방 동영상",13714800,29.96,1380,1280*720,막대,공통,630,,0AUDLJ08S_00341_FR_00008.jpeg,"광배근,삼각근,소원근,대원근",2021,실내,82,"등,바깥쪽 어깨,안쪽 어깨,안쪽 어깨",한국어,막대 잡고 대각선으로 팔 들어올리기,20221018,"등과 허리의 근,상지의 근,상지의 근,상지의 근",막대 잡고 대각선으로 팔 들어올리기,21.021,,mp4,0AUDLJ08S_00341.mp4,"Latissimus Dorsi,Deltoid,Teres Minor,Teres Major",http://openapi.kspo.or.kr/web/image/0AUDLJ08S_00341/,2,동영상,
"넓은등근,어깨세모근,작은원근,큰원근",,http://openapi.kspo.or.kr/web/video/,"실내에서 할 수 있는 운동 중, 오십견에 효과적인 운동으로 막대 잡고 대각선으로 팔 들어올리기운동을 설명한 운동처방 동영상",13714800,29.96,1381,1280*720,막대,공통,1393,2~3,0AUDLJ08S_00341_SC_00007.jpeg,"광배근,삼각근,소원근,대원근",2021,실내,82,"등,바깥쪽 어깨,안쪽 어깨,안쪽 어깨",한국어,막대 잡고 대각선으로 팔 들어올리기,20221018,"등과 허리의 근,상지의 근,상지의 근,상지의 근",막대 잡고 대각선으로 팔 들어올리기,46.479,10~20 초,mp4,0AUDLJ08S_00341.mp4,"Latissimus Dorsi,Deltoid,Teres Minor,Teres Major",http://openapi.kspo.or.kr/web/image/0AUDLJ08S_00341/,3,동영상,1~3
"넓은등근,위팔세갈래근",,http://openapi.kspo.or.kr/web/video/,"실내에서 할 수 있는 운동 중, 오십견에 효과적인 운동으로 수건 잡고 팔 들어올리기운동을 설명한 운동처방 동영상",10926086,29.96,1382,1280*720,수건,공통,1422,3~5,0AUDLJ08S_00342_SC_00007.jpeg,"광배근,상완삼두근",2021,실내,69,"등,뒤쪽 위팔",한국어,수건 잡고 팔 들어올리기,20221017,"등과 허리의 근,상지의 근",수건 잡고 팔 들어올리기,47.447,10~20 초,mp4,0AUDLJ08S_00342.mp4,"Latissimus Dorsi,Triceps Brachii",http://openapi.kspo.or.kr/web/image/0AUDLJ08S_00342/,3,동영상,1~3
"넓은등근,어깨세모근,위팔세갈래근",,http://openapi.kspo.or.kr/web/video/,"실내에서 할 수 있는 운동 중, 오십견에 효과적인 운동으로 수건 잡고 팔 들어올리기운동을 설명한 운동처방 동영상",10926086,29.96,1383,1280*720,수건,공통,59,,0AUDLJ08S_00342_SC_00001.jpeg,"광배근,삼각근,상완삼두근",2021,실내,69,"등,바깥쪽 어깨,뒤쪽 위팔",한국어,수건 잡고 팔 들어올리기,20221017,"등과 허리의 근,상지의 근,상지의 근",수건 잡고 팔 들어올리기,1.968,,mp4,0AUDLJ08S_00342.mp4,"Latissimus Dorsi,Deltoid,Triceps Brachii",http://openapi.kspo.or.kr/web/image/0AUDLJ08S_00342/,1,동영상,
"넓은등근,위팔세갈래근",,http://openapi.kspo.or.kr/web/video/,"실내에서 할 수 있는 운동 중, 오십견에 효과적인 운동으로 수건 잡고 팔 들어올리기운동을 설명한 운동처방 동영상",10926086,29.96,1384,1280*720,수건,공통,784,,0AUDLJ08S_00342_SC_00005.jpeg,"광배근,상완삼두근",2021,실내,69,"등,뒤쪽 위팔",한국어,수건 잡고 팔 들어올리기,20221017,"등과 허리의 근,상지의 근",수건 잡고 팔 들어올리기,26.159,,mp4,0AUDLJ08S_00342.mp4,"Latissimus Dorsi,Triceps Brachii",http://openapi.kspo.or.kr/web/image/0AUDLJ08S_00342/,2,동영상,
"가시아래근,작은원근",,http://openapi.kspo.or.kr/web/video/,"실내에서 할 수 있는 운동 중, 오십견에 효과적인 운동으로 등척성운동-벌림운동을 설명한 운동처방 동영상",9346234,29.96,1385,1280*720,수건,공통,88,,0AUDLJ08S_00343_SC_00001.jpeg,"극하근,소원근",2021,실내,59,"뒤쪽 어깨,안쪽 어깨",한국어,벌림,20220929,"상지의 근,상지의 근",등척성운동-벌림,2.936,,mp4,0AUDLJ08S_00343.mp4,"Infraspinatus,Teres Minor",http://openapi.kspo.or.kr/web/image/0AUDLJ08S_00343/,1,동영상,
"가시아래근,작은원근",,http://openapi.kspo.or.kr/web/video/,"실내에서 할 수 있는 운동 중, 오십견에 효과적인 운동으로 등척성운동-벌림운동을 설명한 운동처방 동영상",9346234,29.96,1386,1280*720,수건,공통,117,,0AUDLJ08S_00343_SC_00002.jpeg,"극하근,소원근",2021,실내,59,"뒤쪽 어깨,안쪽 어깨",한국어,벌림,20220929,"상지의 근,상지의 근",등척성운동-벌림,3.903,,mp4,0AUDLJ08S_00343.mp4,"Infraspinatus,Teres Minor",http://openapi.kspo.or.kr/web/image/0AUDLJ08S_00343/,2,동영상,
"가시아래근,작은원근",,http://openapi.kspo.or.kr/web/video/,"실내에서 할 수 있는 운동 중, 오십견에 효과적인 운동으로 등척성운동-벌림운동을 설명한 운동처방 동영상",9346234,29.96,1387,1280*720,수건,공통,146,,0AUDLJ08S_00343_SC_00003.jpeg,"극하근,소원근",2021,실내,59,"뒤쪽 어깨,안쪽 어깨",한국어,벌림,20220929,"상지의 근,상지의 근",등척성운동-벌림,4.871,,mp4,0AUDLJ08S_00343.mp4,"Infraspinatus,Teres Minor",http://openapi.kspo.or.kr/web/image/0AUDLJ08S_00343/,3,동영상,
"가시아래근,작은원근",,http://openapi.kspo.or.kr/web/video/,"실내에서 할 수 있는 운동 중, 오십견에 효과적인 운동으로 등척성운동-벌림운동을 설명한 운동처방 동영상",9346234,29.96,1388,1280*720,수건,공통,465,,0AUDLJ08S_00343_SC_00004.jpeg,"극하근,소원근",2021,실내,59,"뒤쪽 어깨,안쪽 어깨",한국어,벌림,20220929,"상지의 근,상지의 근",등척성운동-벌림,15.515,,mp4,0AUDLJ08S_00343.mp4,"Infraspinatus,Teres Minor",http://openapi.kspo.or.kr/web/image/0AUDLJ08S_00343/,4,동영상,
"가시아래근,작은원근",,http://openapi.kspo.or.kr/web/video/,"실내에서 할 수 있는 운동 중, 오십견에 효과적인 운동으로 등척성운동-벌림운동을 설명한 운동처방 동영상",9346234,29.96,1389,1280*720,수건,공통,581,,0AUDLJ08S_00343_SC_00005.jpeg,"극하근,소원근",2021,실내,59,"뒤쪽 어깨,안쪽 어깨",한국어,벌림,20220929,"상지의 근,상지의 근",등척성운동-벌림,19.386,,mp4,0AUDLJ08S_00343.mp4,"Infraspinatus,Teres Minor",http://openapi.kspo.or.kr/web/image/0AUDLJ08S_00343/,5,동영상,
"가시아래근,작은원근",,http://openapi.kspo.or.kr/web/video/,"실내에서 할 수 있는 운동 중, 오십견에 효과적인 운동으로 등척성운동-벌림운동을 설명한 운동처방 동영상",9346234,29.96,1390,1280*720,수건,공통,813,,0AUDLJ08S_00343_SC_00006.jpeg,"극하근,소원근",2021,실내,59,"뒤쪽 어깨,안쪽 어깨",한국어,벌림,20220929,"상지의 근,상지의 근",등척성운동-벌림,27.127,,mp4,0AUDLJ08S_00343.mp4,"Infraspinatus,Teres Minor",http://openapi.kspo.or.kr/web/image/0AUDLJ08S_00343/,6,동영상,
"가시아래근,작은원근",,http://openapi.kspo.or.kr/web/video/,"실내에서 할 수 있는 운동 중, 오십견에 효과적인 운동으로 등척성운동-벌림운동을 설명한 운동처방 동영상",9346234,29.96,1391,1280*720,수건,공통,958,,0AUDLJ08S_00343_SC_00007.jpeg,"극하근,소원근",2021,실내,59,"뒤쪽 어깨,안쪽 어깨",한국어,벌림,20220929,"상지의 근,상지의 근",등척성운동-벌림,31.965,,mp4,0AUDLJ08S_00343.mp4,"Infraspinatus,Teres Minor",http://openapi.kspo.or.kr/web/image/0AUDLJ08S_00343/,7,동영상,
"가시아래근,작은원근",,http://openapi.kspo.or.kr/web/video/,"실내에서 할 수 있는 운동 중, 오십견에 효과적인 운동으로 등척성운동-벌림운동을 설명한 운동처방 동영상",9346234,29.96,1392,1280*720,수건,공통,1103,,0AUDLJ08S_00343_SC_00008.jpeg,"극하근,소원근",2021,실내,59,"뒤쪽 어깨,안쪽 어깨",한국어,벌림,20220929,"상지의 근,상지의 근",등척성운동-벌림,36.803,,mp4,0AUDLJ08S_00343.mp4,"Infraspinatus,Teres Minor",http://openapi.kspo.or.kr/web/image/0AUDLJ08S_00343/,8,동영상,
"가시아래근,작은원근",,http://openapi.kspo.or.kr/web/video/,"실내에서 할 수 있는 운동 중, 오십견에 효과적인 운동으로 등척성운동-벌림운동을 설명한 운동처방 동영상",9346234,29.96,1393,1280*720,수건,공통,1393,,0AUDLJ08S_00343_SC_00009.jpeg,"극하근,소원근",2021,실내,59,"뒤쪽 어깨,안쪽 어깨",한국어,벌림,20220929,"상지의 근,상지의 근",등척성운동-벌림,46.479,,mp4,0AUDLJ08S_00343.mp4,"Infraspinatus,Teres Minor",http://openapi.kspo.or.kr/web/image/0AUDLJ08S_00343/,9,동영상,
"가시아래근,작은원근",,http://openapi.kspo.or.kr/web/video/,"실내에서 할 수 있는 운동 중, 오십견에 효과적인 운동으로 등척성운동-벌림운동을 설명한 운동처방 동영상",9346234,29.96,1394,1280*720,수건,공통,1538,,0AUDLJ08S_00343_SC_00010.jpeg,"극하근,소원근",2021,실내,59,"뒤쪽 어깨,안쪽 어깨",한국어,벌림,20220929,"상지의 근,상지의 근",등척성운동-벌림,51.317,,mp4,0AUDLJ08S_00343.mp4,"Infraspinatus,Teres Minor",http://openapi.kspo.or.kr/web/image/0AUDLJ08S_00343/,10,동영상,
"가시아래근,뒤세모근,작은원근",,http://openapi.kspo.or.kr/web/video/,"실내에서 할 수 있는 운동 중, 오십견에 효과적인 운동으로 등척성운동-바깥돌림운동을 설명한 운동처방 동영상",8532123,29.96,1395,1280*720,수건,공통,90,,0AUDLJ08S_00344_FR_00002.jpeg,"극하근,후면삼각근,소원근",2021,실내,53,"뒤쪽 어깨,옆쪽 어깨,안쪽 어깨",한국어,바깥돌림,20221013,"상지의 근,상지의 근,상지의 근",등척성운동-바깥돌림,3.003,,mp4,0AUDLJ08S_00344.mp4,"Infraspinatus,Posterior Deltoid,Teres Minor",http://openapi.kspo.or.kr/web/image/0AUDLJ08S_00344/,1,동영상,
"가시아래근,뒤세모근,작은원근",,http://openapi.kspo.or.kr/web/video/,"실내에서 할 수 있는 운동 중, 오십견에 효과적인 운동으로 등척성운동-바깥돌림운동을 설명한 운동처방 동영상",8532123,29.96,1396,1280*720,수건,공통,552,,0AUDLJ08S_00344_SC_00004.jpeg,"극하근,후면삼각근,소원근",2021,실내,53,"뒤쪽 어깨,옆쪽 어깨,안쪽 어깨",한국어,바깥돌림,20221013,"상지의 근,상지의 근,상지의 근",등척성운동-바깥돌림,18.418,,mp4,0AUDLJ08S_00344.mp4,"Infraspinatus,Posterior Deltoid,Teres Minor",http://openapi.kspo.or.kr/web/image/0AUDLJ08S_00344/,2,동영상,
"가시아래근,뒤세모근,작은원근",10~20,http://openapi.kspo.or.kr/web/video/,"실내에서 할 수 있는 운동 중, 오십견에 효과적인 운동으로 등척성운동-바깥돌림운동을 설명한 운동처방 동영상",8532123,29.96,1397,1280*720,수건,공통,1016,3~5,0AUDLJ08S_00344_SC_00008.jpeg,"극하근,후면삼각근,소원근",2021,실내,53,"뒤쪽 어깨,옆쪽 어깨,안쪽 어깨",한국어,바깥돌림,20221013,"상지의 근,상지의 근,상지의 근",등척성운동-바깥돌림,33.9,10~20 초,mp4,0AUDLJ08S_00344.mp4,"Infraspinatus,Posterior Deltoid,Teres Minor",http://openapi.kspo.or.kr/web/image/0AUDLJ08S_00344/,3,동영상,1~3
"큰가슴근,넓은등근,어깨밑근,큰원근",,http://openapi.kspo.or.kr/web/video/,"실내에서 할 수 있는 운동 중, 오십견에 효과적인 운동으로 등척성운동-안쪽 돌림운동을 설명한 운동처방 동영상",6336976,29.96,1398,1280*720,수건,공통,88,,0AUDLJ08S_00345_SC_00001.jpeg,"대흉근,광배근,견갑하근,대원근",2021,실내,41,"가슴,등,뒤쪽 어깨,안쪽 어깨",한국어,안쪽 돌림,20221013,"가슴의 근,등과 허리의 근,상지의 근,상지의 근",등척성운동-안쪽 돌림,2.936,,mp4,0AUDLJ08S_00345.mp4,"Pectoralis Major,Latissimus Dorsi,Subscapularis,Teres Major",http://openapi.kspo.or.kr/web/image/0AUDLJ08S_00345/,1,동영상,
"큰가슴근,넓은등근,어깨밑근,큰원근",,http://openapi.kspo.or.kr/web/video/,"실내에서 할 수 있는 운동 중, 오십견에 효과적인 운동으로 등척성운동-안쪽 돌림운동을 설명한 운동처방 동영상",6336976,29.96,1399,1280*720,수건,공통,407,,0AUDLJ08S_00345_SC_00004.jpeg,"대흉근,광배근,견갑하근,대원근",2021,실내,41,"가슴,등,뒤쪽 어깨,안쪽 어깨",한국어,안쪽 돌림,20221013,"가슴의 근,등과 허리의 근,상지의 근,상지의 근",등척성운동-안쪽 돌림,13.58,,mp4,0AUDLJ08S_00345.mp4,"Pectoralis Major,Latissimus Dorsi,Subscapularis,Teres Major",http://openapi.kspo.or.kr/web/image/0AUDLJ08S_00345/,2,동영상,
"큰가슴근,넓은등근,어깨밑근,큰원근",10~20,http://openapi.kspo.or.kr/web/video/,"실내에서 할 수 있는 운동 중, 오십견에 효과적인 운동으로 등척성운동-안쪽 돌림운동을 설명한 운동처방 동영상",6336976,29.96,1400,1280*720,수건,공통,871,3~5,0AUDLJ08S_00345_SC_00008.jpeg,"대흉근,광배근,견갑하근,대원근",2021,실내,41,"가슴,등,뒤쪽 어깨,안쪽 어깨",한국어,안쪽 돌림,20221013,"가슴의 근,등과 허리의 근,상지의 근,상지의 근",등척성운동-안쪽 돌림,29.062,10~20 초,mp4,0AUDLJ08S_00345.mp4,"Pectoralis Major,Latissimus Dorsi,Subscapularis,Teres Major",http://openapi.kspo.or.kr/web/image/0AUDLJ08S_00345/,3,동영상,1~3
"넓은등근,마름모근,어깨세모근",,http://openapi.kspo.or.kr/web/video/,"실내에서 할 수 있는 운동 중, 오십견에 효과적인 운동으로 탄력밴드 당기면서 팔 들어올리기운동을 설명한 운동처방 동영상",10882173,29.96,1401,1280*720,밴드,공통,90,,0AUDLJ08S_00346_FR_00002.jpeg,"광배근,능형근,삼각근",2021,실내,67,"등,등,바깥쪽 어깨",한국어,탄력밴드 당기면서 팔 들어올리기,20221018,"등과 허리의 근,등과 허리의 근,상지의 근",탄력밴드 당기면서 팔 들어올리기,3.003,,mp4,0AUDLJ08S_00346.mp4,"Latissimus Dorsi,Rhomboid,Deltoid",http://openapi.kspo.or.kr/web/image/0AUDLJ08S_00346/,1,동영상,
"넓은등근,마름모근,어깨세모근",,http://openapi.kspo.or.kr/web/video/,"실내에서 할 수 있는 운동 중, 오십견에 효과적인 운동으로 탄력밴드 당기면서 팔 들어올리기운동을 설명한 운동처방 동영상",10882173,29.96,1402,1280*720,밴드,공통,360,,0AUDLJ08S_00346_FR_00005.jpeg,"광배근,능형근,삼각근",2021,실내,67,"등,등,바깥쪽 어깨",한국어,탄력밴드 당기면서 팔 들어올리기,20221018,"등과 허리의 근,등과 허리의 근,상지의 근",탄력밴드 당기면서 팔 들어올리기,12.012,,mp4,0AUDLJ08S_00346.mp4,"Latissimus Dorsi,Rhomboid,Deltoid",http://openapi.kspo.or.kr/web/image/0AUDLJ08S_00346/,2,동영상,
장딴지세갈래근,,http://openapi.kspo.or.kr/web/video/,"소도구를 활용한 근육 완화 운동 중, 공을 활용한 운동처방 동영상",53242921,29.96,1403,1280*720,테니스공,공통,6990,,0AUDLJ08S_01017_SC_00019.jpeg,하퇴삼두근,2021,실내,331,종아리,한국어,종아리(기본),20221004,하지의 근,테니스공을 활용한 뭉친근육 완화 운동,233.233,,mp4,0AUDLJ08S_01017.mp4,Triceps Surae,http://openapi.kspo.or.kr/web/image/0AUDLJ08S_01017/,19,동영상,
"넓은등근,마름모근,어깨세모근",10~20,http://openapi.kspo.or.kr/web/video/,"실내에서 할 수 있는 운동 중, 오십견에 효과적인 운동으로 탄력밴드 당기면서 팔 들어올리기운동을 설명한 운동처방 동영상",10882173,29.96,1404,1280*720,밴드,공통,1451,3~5,0AUDLJ08S_00346_SC_00005.jpeg,"광배근,능형근,삼각근",2021,실내,67,"등,등,바깥쪽 어깨",한국어,탄력밴드 당기면서 팔 들어올리기,20221018,"등과 허리의 근,등과 허리의 근,상지의 근",탄력밴드 당기면서 팔 들어올리기,48.415,10~20 초,mp4,0AUDLJ08S_00346.mp4,"Latissimus Dorsi,Rhomboid,Deltoid",http://openapi.kspo.or.kr/web/image/0AUDLJ08S_00346/,3,동영상,1~3
"가자미근,장딴지근",,http://openapi.kspo.or.kr/web/video/,"실내에서 할 수 있는 운동 중, 발목염좌에 효과적인 운동으로 수건 이용하여 장딴지 늘리기운동을 설명한 운동처방 동영상",9801331,29.96,1405,1280*720,수건,공통,88,,0AUDLJ08S_00347_SC_00001.jpeg,"넙치근,비복근",2021,실내,61,"종아리,종아리",한국어,수건 이용하여 장딴지 늘리기,20221111,"하지의 근,하지의 근",수건 이용하여 장딴지 늘리기,2.936,,mp4,0AUDLJ08S_00347.mp4,"Soleus,Gastrocnemius",http://openapi.kspo.or.kr/web/image/0AUDLJ08S_00347/,1,동영상,
"가자미근,장딴지근",,http://openapi.kspo.or.kr/web/video/,"실내에서 할 수 있는 운동 중, 발목염좌에 효과적인 운동으로 수건 이용하여 장딴지 늘리기운동을 설명한 운동처방 동영상",9801331,29.96,1406,1280*720,수건,공통,146,,0AUDLJ08S_00347_SC_00003.jpeg,"넙치근,비복근",2021,실내,61,"종아리,종아리",한국어,수건 이용하여 장딴지 늘리기,20221019,"하지의 근,하지의 근",수건 이용하여 장딴지 늘리기,4.871,,mp4,0AUDLJ08S_00347.mp4,"Soleus,Gastrocnemius",http://openapi.kspo.or.kr/web/image/0AUDLJ08S_00347/,2,동영상,
"가자미근,장딴지근",,http://openapi.kspo.or.kr/web/video/,"실내에서 할 수 있는 운동 중, 발목염좌에 효과적인 운동으로 수건 이용하여 장딴지 늘리기운동을 설명한 운동처방 동영상",9801331,29.96,1407,1280*720,수건,공통,1219,2~3,0AUDLJ08S_00347_SC_00008.jpeg,"넙치근,비복근",2021,실내,61,"종아리,종아리",한국어,수건 이용하여 장딴지 늘리기,20221019,"하지의 근,하지의 근",수건 이용하여 장딴지 늘리기,40.674,10~20 초,mp4,0AUDLJ08S_00347.mp4,"Soleus,Gastrocnemius",http://openapi.kspo.or.kr/web/image/0AUDLJ08S_00347/,3,동영상,1~3
"가자미근,뒤정강근,앞정강근",,http://openapi.kspo.or.kr/web/video/,"실내에서 할 수 있는 운동 중, 발목염좌에 효과적인 운동으로 수동적 관절가동범위운동을 설명한 운동처방 동영상",12781095,29.96,1408,1280*720,의자,공통,90,,0AUDLJ08S_00348_FR_00002.jpeg,"넙치근,후경골근,전경골근",2021,실내,78,"종아리,발목,정강이",한국어,수동적 관절가동범위 운동,20221111,"하지의 근,하지의 근,하지의 근",수동적 관절가동범위 운동,3.003,,mp4,0AUDLJ08S_00348.mp4,"Soleus,Tibialis Posterior,Tibialis Anterior",http://openapi.kspo.or.kr/web/image/0AUDLJ08S_00348/,1,동영상,
"가자미근,뒤정강근,앞정강근",,http://openapi.kspo.or.kr/web/video/,"실내에서 할 수 있는 운동 중, 발목염좌에 효과적인 운동으로 수동적 관절가동범위운동을 설명한 운동처방 동영상",12781095,29.96,1409,1280*720,의자,공통,639,,0AUDLJ08S_00348_SC_00003.jpeg,"넙치근,후경골근,전경골근",2021,실내,78,"종아리,발목,정강이",한국어,수동적 관절가동범위 운동,20221019,"하지의 근,하지의 근,하지의 근",수동적 관절가동범위 운동,21.321,,mp4,0AUDLJ08S_00348.mp4,"Soleus,Tibialis Posterior,Tibialis Anterior",http://openapi.kspo.or.kr/web/image/0AUDLJ08S_00348/,2,동영상,
"가자미근,뒤정강근,앞정강근",,http://openapi.kspo.or.kr/web/video/,"실내에서 할 수 있는 운동 중, 발목염좌에 효과적인 운동으로 수동적 관절가동범위운동을 설명한 운동처방 동영상",12781095,29.96,1410,1280*720,의자,공통,1393,2~3,0AUDLJ08S_00348_SC_00007.jpeg,"넙치근,후경골근,전경골근",2021,실내,78,"종아리,발목,정강이",한국어,수동적 관절가동범위 운동,20221019,"하지의 근,하지의 근,하지의 근",수동적 관절가동범위 운동,46.479,10~20 초,mp4,0AUDLJ08S_00348.mp4,"Soleus,Tibialis Posterior,Tibialis Anterior",http://openapi.kspo.or.kr/web/image/0AUDLJ08S_00348/,3,동영상,1~3
위팔세갈래근,,http://openapi.kspo.or.kr/web/video/,"실내에서 할 수 있는 운동 중, 부동증후군에 효과적인 운동으로 밴드잡고 머리 위에서 팔꿈치 펴기운동을 설명한 운동처방 동영상",13105495,29.96,1411,1280*720,밴드,공통,59,,0AUDLJ08S_00349_SC_00001.jpeg,상완삼두근,2021,실내,81,뒤쪽 위팔,한국어,밴드 잡고 머리 위에서 팔꿈치 펴기,20220930,상지의 근,밴드잡고 머리 위에서 팔꿈치 펴기,1.968,,mp4,0AUDLJ08S_00349.mp4,Triceps Brachii,http://openapi.kspo.or.kr/web/image/0AUDLJ08S_00349/,1,동영상,
위팔세갈래근,,http://openapi.kspo.or.kr/web/video/,"실내에서 할 수 있는 운동 중, 부동증후군에 효과적인 운동으로 밴드잡고 머리 위에서 팔꿈치 펴기운동을 설명한 운동처방 동영상",13105495,29.96,1412,1280*720,밴드,공통,146,,0AUDLJ08S_00349_SC_00003.jpeg,상완삼두근,2021,실내,81,뒤쪽 위팔,한국어,밴드 잡고 머리 위에서 팔꿈치 펴기,20220930,상지의 근,밴드잡고 머리 위에서 팔꿈치 펴기,4.871,,mp4,0AUDLJ08S_00349.mp4,Triceps Brachii,http://openapi.kspo.or.kr/web/image/0AUDLJ08S_00349/,2,동영상,
위팔세갈래근,,http://openapi.kspo.or.kr/web/video/,"실내에서 할 수 있는 운동 중, 부동증후군에 효과적인 운동으로 밴드잡고 머리 위에서 팔꿈치 펴기운동을 설명한 운동처방 동영상",13105495,29.96,1413,1280*720,밴드,공통,1132,,0AUDLJ08S_00349_SC_00004.jpeg,상완삼두근,2021,실내,81,뒤쪽 위팔,한국어,밴드 잡고 머리 위에서 팔꿈치 펴기,20220930,상지의 근,밴드잡고 머리 위에서 팔꿈치 펴기,37.771,,mp4,0AUDLJ08S_00349.mp4,Triceps Brachii,http://openapi.kspo.or.kr/web/image/0AUDLJ08S_00349/,3,동영상,
위팔세갈래근,,http://openapi.kspo.or.kr/web/video/,"실내에서 할 수 있는 운동 중, 부동증후군에 효과적인 운동으로 밴드잡고 머리 위에서 팔꿈치 펴기운동을 설명한 운동처방 동영상",13105495,29.96,1414,1280*720,밴드,공통,1451,,0AUDLJ08S_00349_SC_00005.jpeg,상완삼두근,2021,실내,81,뒤쪽 위팔,한국어,밴드 잡고 머리 위에서 팔꿈치 펴기,20220930,상지의 근,밴드잡고 머리 위에서 팔꿈치 펴기,48.415,,mp4,0AUDLJ08S_00349.mp4,Triceps Brachii,http://openapi.kspo.or.kr/web/image/0AUDLJ08S_00349/,4,동영상,
"넙다리네갈래근,넙다리두갈래근,장딴지근",,http://openapi.kspo.or.kr/web/video/,실내에서 자전거를 활용한 운동처방 동영상,8036248,29.96,1415,1280*720,실내자전거,공통,88,,0AUDLJ08S_00173_SC_00001.jpeg,"대퇴사두근,대퇴이두근,비복근",2021,헬스장,50,"앞쪽 넓적다리,뒤쪽 넓적다리,종아리",한국어,실내 자전거타기,20220930,"하지의 근,하지의 근,하지의 근",실내 자전거타기,2.936,,mp4,0AUDLJ08S_00173.mp4,"Quadriceps Femoris,Biceps Femoris,Gastrocnemius",http://openapi.kspo.or.kr/web/image/0AUDLJ08S_00173/,1,동영상,
"넙다리네갈래근,넙다리두갈래근,장딴지근",,http://openapi.kspo.or.kr/web/video/,실내에서 자전거를 활용한 운동처방 동영상,8036248,29.96,1416,1280*720,실내자전거,공통,146,,0AUDLJ08S_00173_SC_00003.jpeg,"대퇴사두근,대퇴이두근,비복근",2021,헬스장,50,"앞쪽 넓적다리,뒤쪽 넓적다리,종아리",한국어,실내 자전거타기,20220930,"하지의 근,하지의 근,하지의 근",실내 자전거타기,4.871,,mp4,0AUDLJ08S_00173.mp4,"Quadriceps Femoris,Biceps Femoris,Gastrocnemius",http://openapi.kspo.or.kr/web/image/0AUDLJ08S_00173/,2,동영상,
"가자미근,앞정강근,장딴지근",3~5,http://openapi.kspo.or.kr/web/video/,유아기 기본 순발력 운동,278295449,29.97,1417,1920*1080,,유아기,3191,2~3,0CBLS9LI2_00024_SC_00009.jpeg,"넙치근,전경골근,비복근",2022,"실내, 실외",221,"종아리,정강이,종아리",한국어,셋 하면 달리기,20230711,"하지의 근,하지의 근,하지의 근",(기본편)순발력,106.473,5~10 초,mp4,0CBLS9LI2_00024.mp4,"Soleus,Tibialis Anterior,Gastrocnemius",http://openapi.kspo.or.kr/web/image/0CBLS9LI2_00024/,3,동영상,1~5
"가자미근,앞정강근,장딴지근",3~5,http://openapi.kspo.or.kr/web/video/,유아기 기본 순발력 운동,278295449,29.97,1418,1920*1080,,유아기,3237,2~3,0CBLS9LI2_00024_FR_00037.jpeg,"넙치근,전경골근,비복근",2022,"실내, 실외",221,"종아리,정강이,종아리",한국어,셋 하면 달리기,20230712,"하지의 근,하지의 근,하지의 근",(기본편)순발력,108.007,5~10 초,mp4,0CBLS9LI2_00024.mp4,"Soleus,Tibialis Anterior,Gastrocnemius",http://openapi.kspo.or.kr/web/image/0CBLS9LI2_00024/,4,동영상,1~5
"가자미근,앞정강근,장딴지근",3~5,http://openapi.kspo.or.kr/web/video/,유아기 기본 순발력 운동,278295449,29.97,1419,1920*1080,,유아기,3887,2~3,0CBLS9LI2_00024_SC_00012.jpeg,"넙치근,전경골근,비복근",2022,"실내, 실외",221,"종아리,정강이,종아리",한국어,셋 하면 달리기,20230711,"하지의 근,하지의 근,하지의 근",(기본편)순발력,129.696,5~10 초,mp4,0CBLS9LI2_00024.mp4,"Soleus,Tibialis Anterior,Gastrocnemius",http://openapi.kspo.or.kr/web/image/0CBLS9LI2_00024/,5,동영상,1~5
"가자미근,앞정강근,장딴지근",3~5,http://openapi.kspo.or.kr/web/video/,유아기 기본 순발력 운동,278295449,29.97,1420,1920*1080,,유아기,4226,2~3,0CBLS9LI2_00024_FR_00048.jpeg,"넙치근,전경골근,비복근",2022,"실내, 실외",221,"종아리,정강이,종아리",한국어,셋 하면 달리기,20230711,"하지의 근,하지의 근,하지의 근",(기본편)순발력,141.007,5~10 초,mp4,0CBLS9LI2_00024.mp4,"Soleus,Tibialis Anterior,Gastrocnemius",http://openapi.kspo.or.kr/web/image/0CBLS9LI2_00024/,6,동영상,1~5
"가자미근,넙다리네갈래근,넙다리두갈래근,앞정강근,장딴지근",2~3,http://openapi.kspo.or.kr/web/video/,유아기 기본 순발력 운동,278295449,29.97,1421,1920*1080,,유아기,4676,2~3,0CBLS9LI2_00024_FR_00053.jpeg,"넙치근,대퇴사두근,대퇴이두근,전경골근,비복근",2022,"실내, 실외",221,"종아리,앞쪽 넓적다리,뒤쪽 넓적다리,정강이,종아리",한국어,개구리 점프해요,20230711,"하지의 근,하지의 근,하지의 근,하지의 근,하지의 근",(기본편)순발력,156.022,30~60 초,mp4,0CBLS9LI2_00024.mp4,"Soleus,Quadriceps Femoris,Biceps Femoris,Tibialis Anterior,Gastrocnemius",http://openapi.kspo.or.kr/web/image/0CBLS9LI2_00024/,7,동영상,1~3
"가자미근,넙다리네갈래근,넙다리두갈래근,앞정강근,장딴지근",2~3,http://openapi.kspo.or.kr/web/video/,유아기 기본 순발력 운동,278295449,29.97,1422,1920*1080,,유아기,5134,2~3,0CBLS9LI2_00024_SC_00015.jpeg,"넙치근,대퇴사두근,대퇴이두근,전경골근,비복근",2022,"실내, 실외",221,"종아리,앞쪽 넓적다리,뒤쪽 넓적다리,정강이,종아리",한국어,개구리 점프해요,20230711,"하지의 근,하지의 근,하지의 근,하지의 근,하지의 근",(기본편)순발력,171.304,30~60 초,mp4,0CBLS9LI2_00024.mp4,"Soleus,Quadriceps Femoris,Biceps Femoris,Tibialis Anterior,Gastrocnemius",http://openapi.kspo.or.kr/web/image/0CBLS9LI2_00024/,8,동영상,1~3
"가자미근,넙다리네갈래근,넙다리두갈래근,앞정강근,장딴지근",2~3,http://openapi.kspo.or.kr/web/video/,유아기 기본 순발력 운동,278295449,29.97,1423,1920*1080,,유아기,5395,2~3,0CBLS9LI2_00024_FR_00061.jpeg,"넙치근,대퇴사두근,대퇴이두근,전경골근,비복근",2022,"실내, 실외",221,"종아리,앞쪽 넓적다리,뒤쪽 넓적다리,정강이,종아리",한국어,개구리 점프해요,20230711,"하지의 근,하지의 근,하지의 근,하지의 근,하지의 근",(기본편)순발력,180.013,30~60 초,mp4,0CBLS9LI2_00024.mp4,"Soleus,Quadriceps Femoris,Biceps Femoris,Tibialis Anterior,Gastrocnemius",http://openapi.kspo.or.kr/web/image/0CBLS9LI2_00024/,9,동영상,1~3
"큰가슴근,위팔두갈래근,넙다리네갈래근,앞정강근",2~3,http://openapi.kspo.or.kr/web/video/,유아기 기본운동기술-이동성운동,1572332908,29.97,1424,1920*1080,,유아기,6564,2~3,0CBNFIOKH_00032_FR_00074.jpeg,"대퇴사두근,전경골근,상완이두근,대흉근",2022,"실내, 실외",657,"앞쪽 넓적다리,정강이,앞쪽 위팔,가슴",한국어,한 발 뛰기,20230712,"하지의 근,하지의 근,상지의 근,가슴의 근",(기본편)이동성 운동,219.018,5~15 초,mp4,0CBNFIOKH_00032.mp4,"Quadriceps Femoris,Tibialis Anterior,Biceps Brachii,Pectoralis Major",http://openapi.kspo.or.kr/web/image/0CBNFIOKH_00032/,3,동영상,1~3
"큰가슴근,위팔두갈래근,넙다리네갈래근,앞정강근",2~3,http://openapi.kspo.or.kr/web/video/,유아기 기본운동기술-이동성운동,1572332908,29.97,1425,1920*1080,,유아기,8272,2~3,0CBNFIOKH_00032_FR_00093.jpeg,"대퇴사두근,전경골근,상완이두근,대흉근",2022,"실내, 실외",657,"앞쪽 넓적다리,정강이,앞쪽 위팔,가슴",한국어,두 발 뛰기,20230712,"하지의 근,하지의 근,상지의 근,가슴의 근",(기본편)이동성 운동,276.009,5~15 초,mp4,0CBNFIOKH_00032.mp4,"Quadriceps Femoris,Tibialis Anterior,Biceps Brachii,Pectoralis Major",http://openapi.kspo.or.kr/web/image/0CBNFIOKH_00032/,4,동영상,1~3
"큰가슴근,위팔두갈래근,넙다리네갈래근,앞정강근",2~3,http://openapi.kspo.or.kr/web/video/,유아기 기본운동기술-이동성운동,1572332908,29.97,1426,1920*1080,사다리,유아기,10267,2~3,0CBNFIOKH_00032_SC_00008.jpeg,"대퇴사두근,전경골근,상완이두근,대흉근",2022,"실내, 실외",657,"앞쪽 넓적다리,정강이,앞쪽 위팔,가슴",한국어,뛰어 넘기,20230712,"하지의 근,하지의 근,상지의 근,가슴의 근",(기본편)이동성 운동,342.575,5~15 초,mp4,0CBNFIOKH_00032.mp4,"Quadriceps Femoris,Tibialis Anterior,Biceps Brachii,Pectoralis Major",http://openapi.kspo.or.kr/web/image/0CBNFIOKH_00032/,5,동영상,1~3
"큰가슴근,위팔두갈래근,넙다리네갈래근,앞정강근",2~3,http://openapi.kspo.or.kr/web/video/,유아기 기본운동기술-이동성운동,1572332908,29.97,1427,1920*1080,사다리,유아기,13757,2~3,0CBNFIOKH_00032_FR_00154.jpeg,"대퇴사두근,전경골근,상완이두근,대흉근",2022,"실내, 실외",657,"앞쪽 넓적다리,정강이,앞쪽 위팔,가슴",한국어,미끄러지기,20230712,"하지의 근,하지의 근,상지의 근,가슴의 근",(기본편)이동성 운동,459.025,10~30 초,mp4,0CBNFIOKH_00032.mp4,"Quadriceps Femoris,Tibialis Anterior,Biceps Brachii,Pectoralis Major",http://openapi.kspo.or.kr/web/image/0CBNFIOKH_00032/,6,동영상,1~3
"큰가슴근,위팔두갈래근,넙다리네갈래근,앞정강근",2~3,http://openapi.kspo.or.kr/web/video/,유아기 기본운동기술-이동성운동,1572332908,29.97,1428,1920*1080,사다리,유아기,14008,2~3,0CBNFIOKH_00032_SC_00012.jpeg,"대퇴사두근,전경골근,상완이두근,대흉근",2022,"실내, 실외",657,"앞쪽 넓적다리,정강이,앞쪽 위팔,가슴",한국어,미끄러지기,20230712,"하지의 근,하지의 근,상지의 근,가슴의 근",(기본편)이동성 운동,467.4,10~30 초,mp4,0CBNFIOKH_00032.mp4,"Quadriceps Femoris,Tibialis Anterior,Biceps Brachii,Pectoralis Major",http://openapi.kspo.or.kr/web/image/0CBNFIOKH_00032/,7,동영상,1~3
"큰가슴근,위팔두갈래근,넙다리네갈래근,앞정강근",2~3,http://openapi.kspo.or.kr/web/video/,유아기 기본운동기술-이동성운동,1572332908,29.97,1429,1920*1080,,유아기,16184,2~3,0CBNFIOKH_00032_FR_00181.jpeg,"대퇴사두근,전경골근,상완이두근,대흉근",2022,"실내, 실외",657,"앞쪽 넓적다리,정강이,앞쪽 위팔,가슴",한국어,말처럼 달리기,20230712,"하지의 근,하지의 근,상지의 근,가슴의 근",(기본편)이동성 운동,540.006,10~30 초,mp4,0CBNFIOKH_00032.mp4,"Quadriceps Femoris,Tibialis Anterior,Biceps Brachii,Pectoralis Major",http://openapi.kspo.or.kr/web/image/0CBNFIOKH_00032/,8,동영상,1~3
"큰가슴근,위팔두갈래근,넙다리네갈래근,앞정강근",2~3,http://openapi.kspo.or.kr/web/video/,유아기 기본운동기술-이동성운동,1572332908,29.97,1430,1920*1080,,유아기,17083,2~3,0CBNFIOKH_00032_FR_00191.jpeg,"대퇴사두근,전경골근,상완이두근,대흉근",2022,"실내, 실외",657,"앞쪽 넓적다리,정강이,앞쪽 위팔,가슴",한국어,번갈아 뛰기,20230712,"하지의 근,하지의 근,상지의 근,가슴의 근",(기본편)이동성 운동,570.002,10~30 초,mp4,0CBNFIOKH_00032.mp4,"Quadriceps Femoris,Tibialis Anterior,Biceps Brachii,Pectoralis Major",http://openapi.kspo.or.kr/web/image/0CBNFIOKH_00032/,9,동영상,1~3
"검지손가락폄근,긴엄지손가락굽힘근,노쪽 손목 폄근,노쪽손목굽힘근,새끼손가락폄근,손목굽힘근,손목폄근,자쪽손목굽힘근,자쪽손목폄근",10~30,http://openapi.kspo.or.kr/web/video/,유아기 기본 소근육 운동,735168852,29.97,1431,1920*1080,,유아기,4119,2~3,0CBJT14JC_00015_SC_00016.jpeg,"시지신근,장무지굴근,요측수근신근,요측수근굴근,소지신근,수근관절굴곡근,수근관절신근,척측수근굴근,척측수근신근",2022,"실내, 실외",347,"뒤쪽 아래팔,손가락,뒤쪽 아래팔,앞쪽 아래팔,손가락,앞쪽 아래팔,뒤쪽 아래팔,앞쪽 아래팔,뒤쪽 아래팔",한국어,손가락 숫자세기,20230710,"상지의 근,상지의 근,상지의 근,상지의 근,상지의 근,상지의 근,상지의 근,상지의 근,상지의 근","(기본편)근력,근지구력-소근육",137.437,10~30 초,mp4,0CBJT14JC_00015.mp4,"Extensor Indicis,Flexor Pollicis Longus,Extensor Carpi Radialis,Flexor Carpi Radialis,Extensor Digiti Minimi,Hand Flexor,Wrist Extensors,Flexor Carpi Ulnaris,Extensor Carpi Ulnaris",http://openapi.kspo.or.kr/web/image/0CBJT14JC_00015/,3,동영상,1~3
"검지손가락폄근,긴엄지손가락굽힘근,노쪽 손목 폄근,노쪽손목굽힘근,새끼손가락폄근,손목굽힘근,손목폄근,자쪽손목굽힘근,자쪽손목폄근",10~30,http://openapi.kspo.or.kr/web/video/,유아기 기본 소근육 운동,735168852,29.97,1432,1920*1080,,유아기,4235,2~3,0CBJT14JC_00015_SC_00017.jpeg,"시지신근,장무지굴근,요측수근신근,요측수근굴근,소지신근,수근관절굴곡근,수근관절신근,척측수근굴근,척측수근신근",2022,"실내, 실외",347,"뒤쪽 아래팔,손가락,뒤쪽 아래팔,앞쪽 아래팔,손가락,앞쪽 아래팔,뒤쪽 아래팔,앞쪽 아래팔,뒤쪽 아래팔",한국어,손가락 숫자세기,20230710,"상지의 근,상지의 근,상지의 근,상지의 근,상지의 근,상지의 근,상지의 근,상지의 근,상지의 근","(기본편)근력,근지구력-소근육",141.307,10~30 초,mp4,0CBJT14JC_00015.mp4,"Extensor Indicis,Flexor Pollicis Longus,Extensor Carpi Radialis,Flexor Carpi Radialis,Extensor Digiti Minimi,Hand Flexor,Wrist Extensors,Flexor Carpi Ulnaris,Extensor Carpi Ulnaris",http://openapi.kspo.or.kr/web/image/0CBJT14JC_00015/,4,동영상,1~3
"검지손가락폄근,긴엄지손가락굽힘근,노쪽 손목 폄근,노쪽손목굽힘근,새끼손가락폄근,손목굽힘근,손목폄근,자쪽손목굽힘근,자쪽손목폄근",10~30,http://openapi.kspo.or.kr/web/video/,유아기 기본 소근육 운동,735168852,29.97,1433,1920*1080,,유아기,5305,2~3,0CBJT14JC_00015_FR_00060.jpeg,"시지신근,장무지굴근,요측수근신근,요측수근굴근,소지신근,수근관절굴곡근,수근관절신근,척측수근굴근,척측수근신근",2022,"실내, 실외",347,"뒤쪽 아래팔,손가락,뒤쪽 아래팔,앞쪽 아래팔,손가락,앞쪽 아래팔,뒤쪽 아래팔,앞쪽 아래팔,뒤쪽 아래팔",한국어,가위 바위 보해요,20230710,"상지의 근,상지의 근,상지의 근,상지의 근,상지의 근,상지의 근,상지의 근,상지의 근,상지의 근","(기본편)근력,근지구력-소근육",177.01,10~30 초,mp4,0CBJT14JC_00015.mp4,"Extensor Indicis,Flexor Pollicis Longus,Extensor Carpi Radialis,Flexor Carpi Radialis,Extensor Digiti Minimi,Hand Flexor,Wrist Extensors,Flexor Carpi Ulnaris,Extensor Carpi Ulnaris",http://openapi.kspo.or.kr/web/image/0CBJT14JC_00015/,5,동영상,1~3
"검지손가락폄근,긴엄지손가락굽힘근,노쪽 손목 폄근,노쪽손목굽힘근,새끼손가락폄근,손목굽힘근,손목폄근,자쪽손목굽힘근,자쪽손목폄근",10~30,http://openapi.kspo.or.kr/web/video/,유아기 기본 소근육 운동,735168852,29.97,1434,1920*1080,,유아기,5575,2~3,0CBJT14JC_00015_FR_00063.jpeg,"시지신근,장무지굴근,요측수근신근,요측수근굴근,소지신근,수근관절굴곡근,수근관절신근,척측수근굴근,척측수근신근",2022,"실내, 실외",347,"뒤쪽 아래팔,손가락,뒤쪽 아래팔,앞쪽 아래팔,손가락,앞쪽 아래팔,뒤쪽 아래팔,앞쪽 아래팔,뒤쪽 아래팔",한국어,가위 바위 보해요,20230710,"상지의 근,상지의 근,상지의 근,상지의 근,상지의 근,상지의 근,상지의 근,상지의 근,상지의 근","(기본편)근력,근지구력-소근육",186.019,10~30 초,mp4,0CBJT14JC_00015.mp4,"Extensor Indicis,Flexor Pollicis Longus,Extensor Carpi Radialis,Flexor Carpi Radialis,Extensor Digiti Minimi,Hand Flexor,Wrist Extensors,Flexor Carpi Ulnaris,Extensor Carpi Ulnaris",http://openapi.kspo.or.kr/web/image/0CBJT14JC_00015/,6,동영상,1~3
"검지손가락폄근,긴엄지손가락굽힘근,노쪽 손목 폄근,노쪽손목굽힘근,새끼손가락폄근,손목굽힘근,손목폄근,자쪽손목굽힘근,자쪽손목폄근",10~30,http://openapi.kspo.or.kr/web/video/,유아기 기본 소근육 운동,735168852,29.97,1435,1920*1080,,유아기,5946,2~3,0CBJT14JC_00015_SC_00022.jpeg,"시지신근,장무지굴근,요측수근신근,요측수근굴근,소지신근,수근관절굴곡근,수근관절신근,척측수근굴근,척측수근신근",2022,"실내, 실외",347,"뒤쪽 아래팔,손가락,뒤쪽 아래팔,앞쪽 아래팔,손가락,앞쪽 아래팔,뒤쪽 아래팔,앞쪽 아래팔,뒤쪽 아래팔",한국어,가위 바위 보해요,20230710,"상지의 근,상지의 근,상지의 근,상지의 근,상지의 근,상지의 근,상지의 근,상지의 근,상지의 근","(기본편)근력,근지구력-소근육",198.398,10~30 초,mp4,0CBJT14JC_00015.mp4,"Extensor Indicis,Flexor Pollicis Longus,Extensor Carpi Radialis,Flexor Carpi Radialis,Extensor Digiti Minimi,Hand Flexor,Wrist Extensors,Flexor Carpi Ulnaris,Extensor Carpi Ulnaris",http://openapi.kspo.or.kr/web/image/0CBJT14JC_00015/,7,동영상,1~3
"검지손가락폄근,긴엄지손가락굽힘근,새끼손가락폄근",2~4,http://openapi.kspo.or.kr/web/video/,"유아기 응용 근력(소근육),협응력 운동",185007872,29.97,1436,1920*1080,,유아기,1169,2~4,0CBLUR70P_00027_FR_00014.jpeg,"시지신근,장무지굴근,소지신근",2022,실내,78,"뒤쪽 아래팔,손가락,손가락",한국어,뽁뽁이를 눌러요(손가락),20230711,"상지의 근,상지의 근,상지의 근",뽁뽁이를 눌러요(손가락),39.005,10~30 초,mp4,0CBLUR70P_00027.mp4,"Extensor Indicis,Flexor Pollicis Longus,Extensor Digiti Minimi",http://openapi.kspo.or.kr/web/image/0CBLUR70P_00027/,1,동영상,1~4
"검지손가락폄근,긴엄지손가락굽힘근,새끼손가락폄근",2~4,http://openapi.kspo.or.kr/web/video/,"유아기 응용 근력(소근육),협응력 운동",185007872,29.97,1437,1920*1080,,유아기,1509,2~4,0CBLUR70P_00027_SC_00005.jpeg,"시지신근,장무지굴근,소지신근",2022,실내,78,"뒤쪽 아래팔,손가락,손가락",한국어,뽁뽁이를 눌러요(손가락),20230711,"상지의 근,상지의 근,상지의 근",뽁뽁이를 눌러요(손가락),50.35,10~30 초,mp4,0CBLUR70P_00027.mp4,"Extensor Indicis,Flexor Pollicis Longus,Extensor Digiti Minimi",http://openapi.kspo.or.kr/web/image/0CBLUR70P_00027/,2,동영상,1~4
"검지손가락폄근,긴엄지손가락굽힘근,새끼손가락폄근",2~4,http://openapi.kspo.or.kr/web/video/,"유아기 응용 근력(소근육),협응력 운동",185007872,29.97,1438,1920*1080,,유아기,1654,2~4,0CBLUR70P_00027_SC_00006.jpeg,"시지신근,장무지굴근,소지신근",2022,실내,78,"뒤쪽 아래팔,손가락,손가락",한국어,뽁뽁이를 눌러요(손가락),20230711,"상지의 근,상지의 근,상지의 근",뽁뽁이를 눌러요(손가락),55.188,10~30 초,mp4,0CBLUR70P_00027.mp4,"Extensor Indicis,Flexor Pollicis Longus,Extensor Digiti Minimi",http://openapi.kspo.or.kr/web/image/0CBLUR70P_00027/,3,동영상,1~4
"큰가슴근,엉덩근,척추세움근,위팔근,위팔노근,위팔두갈래근,위팔세갈래근,작은원근,큰원근,안쪽넓은근",2~3,http://openapi.kspo.or.kr/web/video/,"유아기 응용 근력,근지구력 운동",194994050,29.97,1439,1920*1080,라바콘,유아기,810,2~3,0CBLNZAJA_00021_FR_00010.jpeg,"내측광근,장골근,상완근,상완요골근,상완이두근,상완삼두근,대흉근,소원근,척추기립근,대원근",2020,실내,82,"앞쪽 넓적다리,앞쪽 골반,앞쪽 위팔,앞쪽 위팔,앞쪽 위팔,뒤쪽 위팔,가슴,안쪽 어깨,척추,안쪽 어깨",한국어,엉긍엉금 기어요(준비),20230711,"하지의 근,골반의 근,상지의 근,상지의 근,상지의 근,상지의 근,가슴의 근,상지의 근,등과 허리의 근,상지의 근",엉금엉금 기어요,27.027,1~5 분,mp4,0CBLNZAJA_00021.mp4,"Vastus Medialis,Iliacus,Brachialis,Brachioradialis,Biceps Brachii,Triceps Brachii,Pectoralis Major,Teres Minor,Erector Spinae,Teres Major",http://openapi.kspo.or.kr/web/image/0CBLNZAJA_00021/,2,동영상,1~2
"큰가슴근,엉덩근,척추세움근,위팔근,위팔노근,위팔두갈래근,위팔세갈래근,작은원근,큰원근,안쪽넓은근",2~3,http://openapi.kspo.or.kr/web/video/,"유아기 응용 근력,근지구력 운동",194994050,29.97,1440,1920*1080,라바콘,유아기,1349,2~3,0CBLNZAJA_00021_FR_00016.jpeg,"내측광근,장골근,상완근,상완요골근,상완이두근,상완삼두근,대흉근,소원근,척추기립근,대원근",2020,실내,82,"앞쪽 넓적다리,앞쪽 골반,앞쪽 위팔,앞쪽 위팔,앞쪽 위팔,뒤쪽 위팔,가슴,안쪽 어깨,척추,안쪽 어깨",한국어,엉긍엉금 기어요,20230711,"하지의 근,골반의 근,상지의 근,상지의 근,상지의 근,상지의 근,가슴의 근,상지의 근,등과 허리의 근,상지의 근",엉금엉금 기어요,45.011,1~5 분,mp4,0CBLNZAJA_00021.mp4,"Vastus Medialis,Iliacus,Brachialis,Brachioradialis,Biceps Brachii,Triceps Brachii,Pectoralis Major,Teres Minor,Erector Spinae,Teres Major",http://openapi.kspo.or.kr/web/image/0CBLNZAJA_00021/,3,동영상,1~2
"배가로근,배곧은근,어깨세모근,위팔근,위팔두갈래근,위팔세갈래근,자쪽손목굽힘근,자쪽손목폄근,가자미근,앞정강근,장딴지근",2~3,http://openapi.kspo.or.kr/web/video/,"유아기 응용 근력,근지구력 운동",278877017,29.97,1441,1920*1080,매트,유아기,1567,2~3,0CBLRL9NF_00023_SC_00009.jpeg,"넙치근,복횡근,복직근,전경골근,삼각근,상완근,상완이두근,상완삼두근,척측수근굴근,척측수근신근,비복근",2022,실내,115,"종아리,복부,복부,정강이,바깥쪽 어깨 ,앞쪽 위팔,앞쪽 위팔,뒤쪽 위팔,앞쪽 아래팔,뒤쪽 아래팔,종아리",한국어,영차영차 올라요,20230711,"하지의 근,복부의 근,복부의 근,하지의 근,상지의 근,상지의 근,상지의 근,상지의 근,상지의 근,상지의 근,하지의 근",영차영차 올라요,52.285,5~10 초,mp4,0CBLRL9NF_00023.mp4,"Soleus,Transverse Abdominis,Rectus Abdominis,Tibialis Anterior,Deltoid,Brachialis,Biceps Brachii,Triceps Brachii,Flexor Carpi Ulnaris,Extensor Carpi Ulnaris,Gastrocnemius",http://openapi.kspo.or.kr/web/image/0CBLRL9NF_00023/,2,동영상,1~3
"척추세움근,넙다리네갈래근,넙다리두갈래근,장딴지근",2~3,http://openapi.kspo.or.kr/web/video/,유아기 기본 대근육 운동,946046934,29.97,1442,1920*1080,,유아기,2408,4~4,0CBJQ8GEW_00013_SC_00009.jpeg,"대퇴사두근,대퇴이두근,비복근,척추기립근",2022,"실내, 실외",538,"앞쪽 넓적다리,뒤쪽 넓적다리,종아리,척추",한국어,"걷기, 제자리 걷기",20230712,"하지의 근,하지의 근,하지의 근,등과 허리의 근","(기본편)근력,근지구력-대근육",80.346,5~10 분,mp4,0CBJQ8GEW_00013.mp4,"Quadriceps Femoris,Biceps Femoris,Gastrocnemius,Erector Spinae",http://openapi.kspo.or.kr/web/image/0CBJQ8GEW_00013/,1,동영상,1~3
"검지손가락폄근,긴엄지손가락굽힘근,노쪽 손목 폄근,노쪽손목굽힘근,새끼손가락폄근,손목굽힘근,손목폄근,자쪽손목굽힘근,자쪽손목폄근",10~30,http://openapi.kspo.or.kr/web/video/,유아기 기본 소근육 운동,735168852,29.97,1443,1920*1080,,유아기,1335,2~3,0CBJT14JC_00015_SC_00005.jpeg,"시지신근,장무지굴근,요측수근신근,요측수근굴근,소지신근,수근관절굴곡근,수근관절신근,척측수근굴근,척측수근신근",2022,"실내, 실외",347,"뒤쪽 아래팔,손가락,뒤쪽 아래팔,앞쪽 아래팔,손가락,앞쪽 아래팔,뒤쪽 아래팔,앞쪽 아래팔,뒤쪽 아래팔",한국어,손가락 박수치기,20230712,"상지의 근,상지의 근,상지의 근,상지의 근,상지의 근,상지의 근,상지의 근,상지의 근,상지의 근","(기본편)근력,근지구력-소근육",44.544,10~30 초,mp4,0CBJT14JC_00015.mp4,"Extensor Indicis,Flexor Pollicis Longus,Extensor Carpi Radialis,Flexor Carpi Radialis,Extensor Digiti Minimi,Hand Flexor,Wrist Extensors,Flexor Carpi Ulnaris,Extensor Carpi Ulnaris",http://openapi.kspo.or.kr/web/image/0CBJT14JC_00015/,1,동영상,1~3
"검지손가락폄근,긴엄지손가락굽힘근,노쪽 손목 폄근,노쪽손목굽힘근,새끼손가락폄근,손목굽힘근,손목폄근,자쪽손목굽힘근,자쪽손목폄근",10~30,http://openapi.kspo.or.kr/web/video/,유아기 기본 소근육 운동,735168852,29.97,1444,1920*1080,,유아기,1770,2~3,0CBJT14JC_00015_SC_00006.jpeg,"시지신근,장무지굴근,요측수근신근,요측수근굴근,소지신근,수근관절굴곡근,수근관절신근,척측수근굴근,척측수근신근",2022,"실내, 실외",347,"뒤쪽 아래팔,손가락,뒤쪽 아래팔,앞쪽 아래팔,손가락,앞쪽 아래팔,뒤쪽 아래팔,앞쪽 아래팔,뒤쪽 아래팔",한국어,손가락 박수치기,20230712,"상지의 근,상지의 근,상지의 근,상지의 근,상지의 근,상지의 근,상지의 근,상지의 근,상지의 근","(기본편)근력,근지구력-소근육",59.059,10~30 초,mp4,0CBJT14JC_00015.mp4,"Extensor Indicis,Flexor Pollicis Longus,Extensor Carpi Radialis,Flexor Carpi Radialis,Extensor Digiti Minimi,Hand Flexor,Wrist Extensors,Flexor Carpi Ulnaris,Extensor Carpi Ulnaris",http://openapi.kspo.or.kr/web/image/0CBJT14JC_00015/,2,동영상,1~3
"가자미근,넙다리곧은근,넙다리근막긴장근,넙다리네갈래근,넙다리두갈래근,앞정강근",2~3,http://openapi.kspo.or.kr/web/video/,유아기 기본 민첩성 운동,294656530,29.97,1445,1920*1080,라바콘,유아기,1709,2~3,0CBLQIDPG_00022_FR_00020.jpeg,"넙치근,대퇴직근,대퇴근막장근,대퇴사두근,대퇴이두근,전경골근",2022,실내,175,"종아리,앞쪽 넓적다리,바깥쪽 넓적다리,앞쪽 넓적다리,뒤쪽 넓적다리,정강이",한국어,사이드 스텝,20230711,"하지의 근,하지의 근,하지의 근,하지의 근,하지의 근,하지의 근",(기본편)민첩성,57.023,10~30 초,mp4,0CBLQIDPG_00022.mp4,"Soleus,Rectus Femoris,Tensor Fasciae Latae,Quadriceps Femoris,Biceps Femoris,Tibialis Anterior",http://openapi.kspo.or.kr/web/image/0CBLQIDPG_00022/,1,동영상,3~5
"가자미근,넙다리곧은근,넙다리근막긴장근,넙다리네갈래근,넙다리두갈래근,앞정강근",2~3,http://openapi.kspo.or.kr/web/video/,유아기 기본 민첩성 운동,294656530,29.97,1446,1920*1080,라바콘,유아기,1799,2~3,0CBLQIDPG_00022_FR_00021.jpeg,"넙치근,대퇴직근,대퇴근막장근,대퇴사두근,대퇴이두근,전경골근",2022,실내,175,"종아리,앞쪽 넓적다리,바깥쪽 넓적다리,앞쪽 넓적다리,뒤쪽 넓적다리,정강이",한국어,사이드 스텝,20230712,"하지의 근,하지의 근,하지의 근,하지의 근,하지의 근,하지의 근",(기본편)민첩성,60.026,10~30 초,mp4,0CBLQIDPG_00022.mp4,"Soleus,Rectus Femoris,Tensor Fasciae Latae,Quadriceps Femoris,Biceps Femoris,Tibialis Anterior",http://openapi.kspo.or.kr/web/image/0CBLQIDPG_00022/,2,동영상,3~5
"위팔근,위팔노근,위팔두갈래근,위팔세갈래근,자쪽손목굽힘근,자쪽손목폄근",2~3,http://openapi.kspo.or.kr/web/video/,유아기 기본 민첩성 운동,294656530,29.97,1447,1920*1080,,유아기,3147,2~3,0CBLQIDPG_00022_FR_00036.jpeg,"상완근,상완요골근,상완이두근,상완삼두근,척측수근굴근,척측수근신근",2022,"실내, 실외",175,"앞쪽 위팔,앞쪽 위팔,앞쪽 위팔,뒤쪽 위팔,앞쪽 아래팔,뒤쪽 아래팔",한국어,쌀 보리 해봐요,20230711,"상지의 근,상지의 근,상지의 근,상지의 근,상지의 근,상지의 근",(기본편)민첩성,105.004,10~30 초,mp4,0CBLQIDPG_00022.mp4,"Brachialis,Brachioradialis,Biceps Brachii,Triceps Brachii,Flexor Carpi Ulnaris,Extensor Carpi Ulnaris",http://openapi.kspo.or.kr/web/image/0CBLQIDPG_00022/,3,동영상,1~5
"위팔근,위팔노근,위팔두갈래근,위팔세갈래근,자쪽손목굽힘근,자쪽손목폄근",2~3,http://openapi.kspo.or.kr/web/video/,유아기 기본 민첩성 운동,294656530,29.97,1448,1920*1080,,유아기,3417,2~3,0CBLQIDPG_00022_FR_00039.jpeg,"상완근,상완요골근,상완이두근,상완삼두근,척측수근굴근,척측수근신근",2022,"실내, 실외",175,"앞쪽 위팔,앞쪽 위팔,앞쪽 위팔,뒤쪽 위팔,앞쪽 아래팔,뒤쪽 아래팔",한국어,쌀 보리 해봐요,20230711,"상지의 근,상지의 근,상지의 근,상지의 근,상지의 근,상지의 근",(기본편)민첩성,114.013,10~30 초,mp4,0CBLQIDPG_00022.mp4,"Brachialis,Brachioradialis,Biceps Brachii,Triceps Brachii,Flexor Carpi Ulnaris,Extensor Carpi Ulnaris",http://openapi.kspo.or.kr/web/image/0CBLQIDPG_00022/,4,동영상,1~5
"가자미근,앞정강근,장딴지근",3~5,http://openapi.kspo.or.kr/web/video/,유아기 기본 순발력 운동,278295449,29.97,1449,1920*1080,,유아기,2118,2~3,0CBLS9LI2_00024_SC_00007.jpeg,"넙치근,전경골근,비복근",2022,"실내, 실외",221,"종아리,정강이,종아리",한국어,높이 멀리 뛰기,20230711,"하지의 근,하지의 근,하지의 근",(기본편)순발력,70.67,5~10 초,mp4,0CBLS9LI2_00024.mp4,"Soleus,Tibialis Anterior,Gastrocnemius",http://openapi.kspo.or.kr/web/image/0CBLS9LI2_00024/,1,동영상,1~5
"가자미근,앞정강근,장딴지근",3~5,http://openapi.kspo.or.kr/web/video/,유아기 기본 순발력 운동,278295449,29.97,1450,1920*1080,,유아기,2338,2~3,0CBLS9LI2_00024_FR_00027.jpeg,"넙치근,전경골근,비복근",2022,"실내, 실외",221,"종아리,정강이,종아리",한국어,높이 멀리 뛰기,20230711,"하지의 근,하지의 근,하지의 근",(기본편)순발력,78.011,5~10 초,mp4,0CBLS9LI2_00024.mp4,"Soleus,Tibialis Anterior,Gastrocnemius",http://openapi.kspo.or.kr/web/image/0CBLS9LI2_00024/,2,동영상,1~5
"위팔근,위팔노근,위팔두갈래근,위팔세갈래근,자쪽손목굽힘근,자쪽손목폄근",2~3,http://openapi.kspo.or.kr/web/video/,유아기 기본 민첩성 운동,294656530,29.97,1451,1920*1080,,유아기,4206,2~3,0CBLQIDPG_00022_SC_00014.jpeg,"상완근,상완요골근,상완이두근,상완삼두근,척측수근굴근,척측수근신근",2022,"실내, 실외",175,"앞쪽 위팔,앞쪽 위팔,앞쪽 위팔,뒤쪽 위팔,앞쪽 아래팔,뒤쪽 아래팔",한국어,쌀 보리 해봐요,20230711,"상지의 근,상지의 근,상지의 근,상지의 근,상지의 근,상지의 근",(기본편)민첩성,140.34,10~30 초,mp4,0CBLQIDPG_00022.mp4,"Brachialis,Brachioradialis,Biceps Brachii,Triceps Brachii,Flexor Carpi Ulnaris,Extensor Carpi Ulnaris",http://openapi.kspo.or.kr/web/image/0CBLQIDPG_00022/,5,동영상,1~5
"노쪽 손목 폄근,노쪽손목굽힘근",2~2,http://openapi.kspo.or.kr/web/video/,유아기 기본 유연성 운동,1280580430,29.97,1452,1920*1080,,유아기,1277,2~2,0CBLD1GBU_00020_SC_00005.jpeg,"요측수근신근,요측수근굴근",2022,"실내, 실외",726,"뒤쪽 아래팔,앞쪽 아래팔",한국어,팔 스트레칭,20230711,"상지의 근,상지의 근",(기본편)유연성,42.609,8~10 초,mp4,0CBLD1GBU_00020.mp4,"Extensor Carpi Radialis,Flexor Carpi Radialis",http://openapi.kspo.or.kr/web/image/0CBLD1GBU_00020/,1,동영상,1~3
"노쪽 손목 폄근,노쪽손목굽힘근",2~2,http://openapi.kspo.or.kr/web/video/,유아기 기본 유연성 운동,1280580430,29.97,1453,1920*1080,,유아기,2611,2~2,0CBLD1GBU_00020_SC_00008.jpeg,"요측수근신근,요측수근굴근",2022,"실내, 실외",726,"뒤쪽 아래팔,앞쪽 아래팔",한국어,팔 스트레칭,20230711,"상지의 근,상지의 근",(기본편)유연성,87.12,8~10 초,mp4,0CBLD1GBU_00020.mp4,"Extensor Carpi Radialis,Flexor Carpi Radialis",http://openapi.kspo.or.kr/web/image/0CBLD1GBU_00020/,2,동영상,1~3
"뒤세모근,어깨세모근,위팔세갈래근,중간어깨세모근",2~2,http://openapi.kspo.or.kr/web/video/,유아기 기본 유연성 운동,1280580430,29.97,1454,1920*1080,,유아기,3829,2~2,0CBLD1GBU_00020_SC_00012.jpeg,"후면삼각근,삼각근,상완삼두근,측면 삼각근",2022,"실내, 실외",726,"옆쪽 어깨 ,바깥쪽 어깨 ,뒤쪽 위팔,바깥쪽 어깨 ",한국어,어깨 스트레칭,20230711,"상지의 근,상지의 근,상지의 근,상지의 근",(기본편)유연성,127.76,8~10 초,mp4,0CBLD1GBU_00020.mp4,"Posterior Deltoid,Deltoid,Triceps Brachii,Middle Deltoid",http://openapi.kspo.or.kr/web/image/0CBLD1GBU_00020/,3,동영상,1~3
"뒤세모근,어깨세모근,위팔세갈래근,중간어깨세모근",2~2,http://openapi.kspo.or.kr/web/video/,유아기 기본 유연성 운동,1280580430,29.97,1455,1920*1080,,유아기,5076,2~2,0CBLD1GBU_00020_SC_00015.jpeg,"후면삼각근,삼각근,상완삼두근,측면 삼각근",2022,"실내, 실외",726,"옆쪽 어깨 ,바깥쪽 어깨 ,뒤쪽 위팔,바깥쪽 어깨 ",한국어,어깨 스트레칭,20230711,"상지의 근,상지의 근,상지의 근,상지의 근",(기본편)유연성,169.369,8~10 초,mp4,0CBLD1GBU_00020.mp4,"Posterior Deltoid,Deltoid,Triceps Brachii,Middle Deltoid",http://openapi.kspo.or.kr/web/image/0CBLD1GBU_00020/,4,동영상,1~3
"뒤세모근,어깨세모근,위팔세갈래근,중간어깨세모근",2~2,http://openapi.kspo.or.kr/web/video/,유아기 기본 유연성 운동,1280580430,29.97,1456,1920*1080,,유아기,5859,2~2,0CBLD1GBU_00020_SC_00016.jpeg,"후면삼각근,삼각근,상완삼두근,측면 삼각근",2022,"실내, 실외",726,"옆쪽 어깨 ,바깥쪽 어깨 ,뒤쪽 위팔,바깥쪽 어깨 ",한국어,어깨 스트레칭,20230711,"상지의 근,상지의 근,상지의 근,상지의 근",(기본편)유연성,195.495,8~10 초,mp4,0CBLD1GBU_00020.mp4,"Posterior Deltoid,Deltoid,Triceps Brachii,Middle Deltoid",http://openapi.kspo.or.kr/web/image/0CBLD1GBU_00020/,5,동영상,1~3
"넓은등근,넙다리두갈래근",2~2,http://openapi.kspo.or.kr/web/video/,유아기 기본 유연성 운동,1280580430,29.97,1457,1920*1080,,유아기,12935,2~2,0CBLD1GBU_00020_SC_00035.jpeg,"광배근,대퇴이두근",2022,"실내, 실외",726,"등,뒤쪽 넓적다리",한국어,다리 스트레칭(준비),20230711,"등과 허리의 근,하지의 근",(기본편)유연성,431.597,8~10 초,mp4,0CBLD1GBU_00020.mp4,"Latissimus Dorsi,Biceps Femoris",http://openapi.kspo.or.kr/web/image/0CBLD1GBU_00020/,14,동영상,1~3
어깨세모근,2~3,http://openapi.kspo.or.kr/web/video/,유아기 기본 평형성 운동,372501528,29.97,1458,1920*1080,,유아기,1349,2~3,0CBLTDHG8_00026_FR_00016.jpeg,삼각근,2022,"실내, 실외",223,바깥쪽 어깨 ,한국어,허수아비가 되어요(준비),20230711,상지의 근,(기본편)평형성,45.011,1~60 초,mp4,0CBLTDHG8_00026.mp4,Deltoid,http://openapi.kspo.or.kr/web/image/0CBLTDHG8_00026/,1,동영상,1~3
"어깨세모근,가자미근,앞정강근,장딴지근",2~3,http://openapi.kspo.or.kr/web/video/,유아기 기본 평형성 운동,372501528,29.97,1459,1920*1080,,유아기,1439,2~3,0CBLTDHG8_00026_FR_00017.jpeg,"넙치근,전경골근,삼각근,비복근",2022,"실내, 실외",223,"종아리,정강이,바깥쪽 어깨 ,종아리",한국어,허수아비가 되어요(발등),20230711,"하지의 근,하지의 근,상지의 근,하지의 근",(기본편)평형성,48.014,1~60 초,mp4,0CBLTDHG8_00026.mp4,"Soleus,Tibialis Anterior,Deltoid,Gastrocnemius",http://openapi.kspo.or.kr/web/image/0CBLTDHG8_00026/,2,동영상,1~3
"어깨세모근,가자미근,넙다리네갈래근,앞정강근,장딴지근",2~3,http://openapi.kspo.or.kr/web/video/,유아기 기본 평형성 운동,372501528,29.97,1460,1920*1080,,유아기,1799,2~3,0CBLTDHG8_00026_FR_00021.jpeg,"넙치근,대퇴사두근,전경골근,삼각근,비복근",2022,"실내, 실외",223,"종아리,앞쪽 넓적다리,정강이,바깥쪽 어깨 ,종아리",한국어,허수아비가 되어요(무릎),20230711,"하지의 근,하지의 근,하지의 근,상지의 근,하지의 근",(기본편)평형성,60.026,1~60 초,mp4,0CBLTDHG8_00026.mp4,"Soleus,Quadriceps Femoris,Tibialis Anterior,Deltoid,Gastrocnemius",http://openapi.kspo.or.kr/web/image/0CBLTDHG8_00026/,3,동영상,1~3
"어깨세모근,가자미근,넙다리네갈래근,앞정강근,장딴지근",2~3,http://openapi.kspo.or.kr/web/video/,유아기 기본 평형성 운동,372501528,29.97,1461,1920*1080,,유아기,2068,2~3,0CBLTDHG8_00026_FR_00024.jpeg,"넙치근,대퇴사두근,전경골근,삼각근,비복근",2022,"실내, 실외",223,"종아리,앞쪽 넓적다리,정강이,바깥쪽 어깨 ,종아리",한국어,허수아비가 되어요(무릎 앞),20230711,"하지의 근,하지의 근,하지의 근,상지의 근,하지의 근",(기본편)평형성,69.002,1~60 초,mp4,0CBLTDHG8_00026.mp4,"Soleus,Quadriceps Femoris,Tibialis Anterior,Deltoid,Gastrocnemius",http://openapi.kspo.or.kr/web/image/0CBLTDHG8_00026/,4,동영상,1~3
"가자미근,앞정강근,장딴지근",2~3,http://openapi.kspo.or.kr/web/video/,유아기 기본 평형성 운동,372501528,29.97,1462,1920*1080,,유아기,3957,2~3,0CBLTDHG8_00026_FR_00045.jpeg,"넙치근,전경골근,비복근",2022,"실내, 실외",223,"종아리,정강이,종아리",한국어,중심을 잡아요,20230711,"하지의 근,하지의 근,하지의 근",(기본편)평형성,132.031,1~60 초,mp4,0CBLTDHG8_00026.mp4,"Soleus,Tibialis Anterior,Gastrocnemius",http://openapi.kspo.or.kr/web/image/0CBLTDHG8_00026/,5,동영상,1~3
"척추세움근,넙다리네갈래근,넙다리두갈래근,뒤정강근,앞정강근,장딴지근",2~3,http://openapi.kspo.or.kr/web/video/,"유아기 응용 근력,근지구력(대근육) 운동",204372768,29.97,1463,1920*1080,사다리,유아기,175,2~3,0CBLCK7FL_00019_SC_00001.jpeg,"대퇴사두근,대퇴이두근,후경골근,전경골근,비복근,척추기립근",2022,실내,86,"앞쪽 넓적다리,뒤쪽 넓적다리,발목,정강이,종아리,척추",한국어,끌어요 당겨요(준비),20230712,"하지의 근,하지의 근,하지의 근,하지의 근,하지의 근,등과 허리의 근",끌어요 당겨요,5.839,5~15 초,mp4,0CBLCK7FL_00019.mp4,"Quadriceps Femoris,Biceps Femoris,Tibialis Posterior,Tibialis Anterior,Gastrocnemius,Erector Spinae",http://openapi.kspo.or.kr/web/image/0CBLCK7FL_00019/,1,동영상,3~5
"척추세움근,넙다리네갈래근,넙다리두갈래근,뒤정강근,앞정강근,장딴지근",2~3,http://openapi.kspo.or.kr/web/video/,"유아기 응용 근력,근지구력(대근육) 운동",204372768,29.97,1464,1920*1080,사다리,유아기,813,2~3,0CBLCK7FL_00019_SC_00003.jpeg,"대퇴사두근,대퇴이두근,후경골근,전경골근,비복근,척추기립근",2022,실내,86,"앞쪽 넓적다리,뒤쪽 넓적다리,발목,정강이,종아리,척추",한국어,끌어요 당겨요,20230711,"하지의 근,하지의 근,하지의 근,하지의 근,하지의 근,등과 허리의 근",끌어요 당겨요,27.127,5~15 초,mp4,0CBLCK7FL_00019.mp4,"Quadriceps Femoris,Biceps Femoris,Tibialis Posterior,Tibialis Anterior,Gastrocnemius,Erector Spinae",http://openapi.kspo.or.kr/web/image/0CBLCK7FL_00019/,2,동영상,3~5
"척추세움근,넙다리네갈래근,넙다리두갈래근,뒤정강근,앞정강근,장딴지근",2~3,http://openapi.kspo.or.kr/web/video/,"유아기 응용 근력,근지구력(대근육) 운동",204372768,29.97,1465,1920*1080,사다리,유아기,1259,2~3,0CBLCK7FL_00019_FR_00015.jpeg,"대퇴사두근,대퇴이두근,후경골근,전경골근,비복근,척추기립근",2022,실내,86,"앞쪽 넓적다리,뒤쪽 넓적다리,발목,정강이,종아리,척추",한국어,끌어요 당겨요,20230711,"하지의 근,하지의 근,하지의 근,하지의 근,하지의 근,등과 허리의 근",끌어요 당겨요,42.008,5~15 초,mp4,0CBLCK7FL_00019.mp4,"Quadriceps Femoris,Biceps Femoris,Tibialis Posterior,Tibialis Anterior,Gastrocnemius,Erector Spinae",http://openapi.kspo.or.kr/web/image/0CBLCK7FL_00019/,3,동영상,3~5
"큰가슴근,큰볼기근,넓은등근,척추세움근,위팔근,가자미근,넙다리두갈래근",2~6,http://openapi.kspo.or.kr/web/video/,"유아기 응용 근력,근지구력(대근육) 운동",162736609,29.97,1466,1920*1080,헬멧,유아기,175,2~3,0CBL9DP4M_00017_SC_00001.jpeg,"넙치근,광배근,대퇴이두근,상완근,대흉근,척추기립근,대둔근",2022,실내,69,"종아리,등,뒤쪽 넓적다리,앞쪽 위팔,가슴,척추,엉덩이",한국어,빌리보를 밀어요,20230711,"하지의 근,등과 허리의 근,하지의 근,상지의 근,가슴의 근,등과 허리의 근,골반의 근",빌리보를 밀어요,5.839,10~60 초,mp4,0CBL9DP4M_00017.mp4,"Soleus,Latissimus Dorsi,Biceps Femoris,Brachialis,Pectoralis Major,Erector Spinae,Gluteus Maximus",http://openapi.kspo.or.kr/web/image/0CBL9DP4M_00017/,1,동영상,1~3
"큰가슴근,큰볼기근,넓은등근,척추세움근,위팔근,가자미근,넙다리두갈래근",2~6,http://openapi.kspo.or.kr/web/video/,"유아기 응용 근력,근지구력(대근육) 운동",162736609,29.97,1467,1920*1080,헬멧,유아기,360,2~3,0CBL9DP4M_00017_FR_00005.jpeg,"넙치근,광배근,대퇴이두근,상완근,대흉근,척추기립근,대둔근",2022,실내,69,"종아리,등,뒤쪽 넓적다리,앞쪽 위팔,가슴,척추,엉덩이",한국어,빌리보를 밀어요,20230711,"하지의 근,등과 허리의 근,하지의 근,상지의 근,가슴의 근,등과 허리의 근,골반의 근",빌리보를 밀어요,12.012,10~60 초,mp4,0CBL9DP4M_00017.mp4,"Soleus,Latissimus Dorsi,Biceps Femoris,Brachialis,Pectoralis Major,Erector Spinae,Gluteus Maximus",http://openapi.kspo.or.kr/web/image/0CBL9DP4M_00017/,2,동영상,1~3
"큰가슴근,큰볼기근,넓은등근,척추세움근,위팔근,가자미근,넙다리두갈래근",2~6,http://openapi.kspo.or.kr/web/video/,"유아기 응용 근력,근지구력(대근육) 운동",162736609,29.97,1468,1920*1080,헬멧,유아기,630,2~3,0CBL9DP4M_00017_FR_00008.jpeg,"넙치근,광배근,대퇴이두근,상완근,대흉근,척추기립근,대둔근",2022,실내,69,"종아리,등,뒤쪽 넓적다리,앞쪽 위팔,가슴,척추,엉덩이",한국어,빌리보를 밀어요,20230711,"하지의 근,등과 허리의 근,하지의 근,상지의 근,가슴의 근,등과 허리의 근,골반의 근",빌리보를 밀어요,21.021,10~60 초,mp4,0CBL9DP4M_00017.mp4,"Soleus,Latissimus Dorsi,Biceps Femoris,Brachialis,Pectoralis Major,Erector Spinae,Gluteus Maximus",http://openapi.kspo.or.kr/web/image/0CBL9DP4M_00017/,3,동영상,1~3
"큰가슴근,큰볼기근,넓은등근,척추세움근,위팔근,가자미근,넙다리두갈래근",2~6,http://openapi.kspo.or.kr/web/video/,"유아기 응용 근력,근지구력(대근육) 운동",162736609,29.97,1469,1920*1080,헬멧,유아기,990,2~3,0CBL9DP4M_00017_FR_00012.jpeg,"넙치근,광배근,대퇴이두근,상완근,대흉근,척추기립근,대둔근",2022,실내,69,"종아리,등,뒤쪽 넓적다리,앞쪽 위팔,가슴,척추,엉덩이",한국어,빌리보를 밀어요,20230711,"하지의 근,등과 허리의 근,하지의 근,상지의 근,가슴의 근,등과 허리의 근,골반의 근",빌리보를 밀어요,33.033,10~60 초,mp4,0CBL9DP4M_00017.mp4,"Soleus,Latissimus Dorsi,Biceps Femoris,Brachialis,Pectoralis Major,Erector Spinae,Gluteus Maximus",http://openapi.kspo.or.kr/web/image/0CBL9DP4M_00017/,4,동영상,1~3
"큰가슴근,엉덩근,척추세움근,위팔근,위팔노근,위팔두갈래근,위팔세갈래근,작은원근,큰원근,안쪽넓은근",2~3,http://openapi.kspo.or.kr/web/video/,"유아기 응용 근력,근지구력 운동",194994050,29.97,1470,1920*1080,라바콘,유아기,175,2~3,0CBLNZAJA_00021_SC_00001.jpeg,"내측광근,장골근,상완근,상완요골근,상완이두근,상완삼두근,대흉근,소원근,척추기립근,대원근",2020,실내,82,"앞쪽 넓적다리,앞쪽 골반,앞쪽 위팔,앞쪽 위팔,앞쪽 위팔,뒤쪽 위팔,가슴,안쪽 어깨,척추,안쪽 어깨",한국어,엉긍엉금 기어요,20230711,"하지의 근,골반의 근,상지의 근,상지의 근,상지의 근,상지의 근,가슴의 근,상지의 근,등과 허리의 근,상지의 근",엉금엉금 기어요,5.839,1~5 분,mp4,0CBLNZAJA_00021.mp4,"Vastus Medialis,Iliacus,Brachialis,Brachioradialis,Biceps Brachii,Triceps Brachii,Pectoralis Major,Teres Minor,Erector Spinae,Teres Major",http://openapi.kspo.or.kr/web/image/0CBLNZAJA_00021/,1,동영상,1~2
"배가로근,배곧은근,어깨세모근,위팔근,위팔두갈래근,위팔세갈래근,자쪽손목굽힘근,자쪽손목폄근,가자미근,앞정강근,장딴지근",2~3,http://openapi.kspo.or.kr/web/video/,"유아기 응용 근력,근지구력 운동",278877017,29.97,1471,1920*1080,매트,유아기,842,2~3,0CBLRL9NF_00023_SC_00004.jpeg,"넙치근,복횡근,복직근,전경골근,삼각근,상완근,상완이두근,상완삼두근,척측수근굴근,척측수근신근,비복근",2022,실내,115,"종아리,복부,복부,정강이,바깥쪽 어깨 ,앞쪽 위팔,앞쪽 위팔,뒤쪽 위팔,앞쪽 아래팔,뒤쪽 아래팔,종아리",한국어,영차영차 올라요,20230711,"하지의 근,복부의 근,복부의 근,하지의 근,상지의 근,상지의 근,상지의 근,상지의 근,상지의 근,상지의 근,하지의 근",영차영차 올라요,28.094,5~10 초,mp4,0CBLRL9NF_00023.mp4,"Soleus,Transverse Abdominis,Rectus Abdominis,Tibialis Anterior,Deltoid,Brachialis,Biceps Brachii,Triceps Brachii,Flexor Carpi Ulnaris,Extensor Carpi Ulnaris,Gastrocnemius",http://openapi.kspo.or.kr/web/image/0CBLRL9NF_00023/,1,동영상,1~3
"배곧은근,배빗근",2~3,http://openapi.kspo.or.kr/web/video/,"유아기 응용 근력,근지구력(대근육) 운동",174859384,29.97,1472,1920*1080,공,유아기,175,2~3,0CBLSU7FM_00025_SC_00001.jpeg,"복직근,복사근",2022,실내,74,"복부,복부",한국어,윗몸 말며 공 전달하기(준비),20230711,"복부의 근,복부의 근",윗몸 말며 공을 전달해요,5.839,10~30 초,mp4,0CBLSU7FM_00025.mp4,"Rectus Abdominis,Abdominal Oblique",http://openapi.kspo.or.kr/web/image/0CBLSU7FM_00025/,1,동영상,1~3
"배곧은근,배빗근",2~3,http://openapi.kspo.or.kr/web/video/,"유아기 응용 근력,근지구력(대근육) 운동",174859384,29.97,1473,1920*1080,공,유아기,1132,2~3,0CBLSU7FM_00025_SC_00007.jpeg,"복직근,복사근",2022,실내,74,"복부,복부",한국어,윗몸 말며 공 전달하기,20230711,"복부의 근,복부의 근",윗몸 말며 공을 전달해요,37.771,10~30 초,mp4,0CBLSU7FM_00025.mp4,"Rectus Abdominis,Abdominal Oblique",http://openapi.kspo.or.kr/web/image/0CBLSU7FM_00025/,2,동영상,1~3
"배곧은근,배빗근",2~3,http://openapi.kspo.or.kr/web/video/,"유아기 응용 근력,근지구력(대근육) 운동",174859384,29.97,1474,1920*1080,공,유아기,1480,2~3,0CBLSU7FM_00025_SC_00012.jpeg,"복직근,복사근",2022,실내,74,"복부,복부",한국어,윗몸 말며 공 전달하기,20230711,"복부의 근,복부의 근",윗몸 말며 공을 전달해요,49.382,10~30 초,mp4,0CBLSU7FM_00025.mp4,"Rectus Abdominis,Abdominal Oblique",http://openapi.kspo.or.kr/web/image/0CBLSU7FM_00025/,3,동영상,1~3
"배곧은근,배빗근",2~3,http://openapi.kspo.or.kr/web/video/,"유아기 응용 근력,근지구력(대근육) 운동",174859384,29.97,1475,1920*1080,공,유아기,1596,2~3,0CBLSU7FM_00025_SC_00013.jpeg,"복직근,복사근",2022,실내,74,"복부,복부",한국어,윗몸 말며 공 전달하기,20230711,"복부의 근,복부의 근",윗몸 말며 공을 전달해요,53.253,10~30 초,mp4,0CBLSU7FM_00025.mp4,"Rectus Abdominis,Abdominal Oblique",http://openapi.kspo.or.kr/web/image/0CBLSU7FM_00025/,4,동영상,1~3
"배곧은근,배빗근",2~3,http://openapi.kspo.or.kr/web/video/,"유아기 응용 근력,근지구력(대근육) 운동",174859384,29.97,1476,1920*1080,공,유아기,1625,2~3,0CBLSU7FM_00025_SC_00014.jpeg,"복직근,복사근",2022,실내,74,"복부,복부",한국어,윗몸 말며 공 전달하기,20230711,"복부의 근,복부의 근",윗몸 말며 공을 전달해요,54.22,10~30 초,mp4,0CBLSU7FM_00025.mp4,"Rectus Abdominis,Abdominal Oblique",http://openapi.kspo.or.kr/web/image/0CBLSU7FM_00025/,5,동영상,1~3
어깨세모근,2~3,http://openapi.kspo.or.kr/web/video/,유아기 기본 협응성 운동,254362931,29.97,1477,1920*1080,,유아기,1349,2~3,0CBN5F2DW_00028_FR_00016.jpeg,삼각근,2022,실내,193,바깥쪽 어깨 ,한국어,팔 펴고 박수치기,20230712,상지의 근,(기본편) 협응성,45.011,10~30 초,mp4,0CBN5F2DW_00028.mp4,Deltoid,http://openapi.kspo.or.kr/web/image/0CBN5F2DW_00028/,1,동영상,1~3
어깨세모근,2~3,http://openapi.kspo.or.kr/web/video/,유아기 기본 협응성 운동,254362931,29.97,1478,1920*1080,,유아기,2524,2~3,0CBN5F2DW_00028_SC_00010.jpeg,삼각근,2022,실내,193,바깥쪽 어깨 ,한국어,팔 펴고 박수치기,20230712,상지의 근,(기본편) 협응성,84.217,10~30 초,mp4,0CBN5F2DW_00028.mp4,Deltoid,http://openapi.kspo.or.kr/web/image/0CBN5F2DW_00028/,2,동영상,1~3
"척추세움근,어깨세모근",2~3,http://openapi.kspo.or.kr/web/video/,유아기 기본 협응성 운동,254362931,29.97,1479,1920*1080,,유아기,3507,2~3,0CBN5F2DW_00028_FR_00040.jpeg,"삼각근,척추기립근",2022,실내,193,"바깥쪽 어깨 ,척추",한국어,머리 어깨 무릎 발 해요,20230712,"상지의 근,등과 허리의 근",(기본편) 협응성,117.016,10~30 초,mp4,0CBN5F2DW_00028.mp4,"Deltoid,Erector Spinae",http://openapi.kspo.or.kr/web/image/0CBN5F2DW_00028/,3,동영상,1~3
"척추세움근,어깨세모근",2~3,http://openapi.kspo.or.kr/web/video/,유아기 기본 협응성 운동,254362931,29.97,1480,1920*1080,,유아기,3597,2~3,0CBN5F2DW_00028_FR_00041.jpeg,"삼각근,척추기립근",2022,실내,193,"바깥쪽 어깨 ,척추",한국어,머리 어깨 무릎 발 해요,20230712,"상지의 근,등과 허리의 근",(기본편) 협응성,120.019,10~30 초,mp4,0CBN5F2DW_00028.mp4,"Deltoid,Erector Spinae",http://openapi.kspo.or.kr/web/image/0CBN5F2DW_00028/,4,동영상,1~3
"척추세움근,어깨세모근",2~3,http://openapi.kspo.or.kr/web/video/,유아기 기본 협응성 운동,254362931,29.97,1481,1920*1080,,유아기,3957,2~3,0CBN5F2DW_00028_FR_00045.jpeg,"삼각근,척추기립근",2022,실내,193,"바깥쪽 어깨 ,척추",한국어,머리 어깨 무릎 발 해요,20230712,"상지의 근,등과 허리의 근",(기본편) 협응성,132.031,10~30 초,mp4,0CBN5F2DW_00028.mp4,"Deltoid,Erector Spinae",http://openapi.kspo.or.kr/web/image/0CBN5F2DW_00028/,5,동영상,1~3
"척추세움근,어깨세모근",2~3,http://openapi.kspo.or.kr/web/video/,유아기 기본 협응성 운동,254362931,29.97,1482,1920*1080,,유아기,4061,2~3,0CBN5F2DW_00028_SC_00017.jpeg,"삼각근,척추기립근",2022,실내,193,"바깥쪽 어깨 ,척추",한국어,머리 어깨 무릎 발 해요,20230712,"상지의 근,등과 허리의 근",(기본편) 협응성,135.502,10~30 초,mp4,0CBN5F2DW_00028.mp4,"Deltoid,Erector Spinae",http://openapi.kspo.or.kr/web/image/0CBN5F2DW_00028/,6,동영상,1~3
"긴발가락폄근,긴엄지발가락폄근,앞정강근",2~3,http://openapi.kspo.or.kr/web/video/,"유아기 응용 근력(소근육),협응력 운동",183889641,29.97,1483,1920*1080,발판,유아기,697,2~3,0CBN60VGG_00029_SC_00002.jpeg,"장지신근,장모지신근,전경골근",2022,실내,78,"발가락,발가락,정강이",한국어,뽁뽁이를 밟아요(발가락),20230712,"하지의 근,하지의 근,하지의 근",뽁뽁이를 밟아요(발가락),23.256,10~60 초,mp4,0CBN60VGG_00029.mp4,"Long Extensors of Toes,Extensor Hallucis Longus,Tibialis Anterior",http://openapi.kspo.or.kr/web/image/0CBN60VGG_00029/,1,동영상,1~2
"긴발가락폄근,긴엄지발가락폄근,앞정강근",2~3,http://openapi.kspo.or.kr/web/video/,"유아기 응용 근력(소근육),협응력 운동",183889641,29.97,1484,1920*1080,발판,유아기,929,2~3,0CBN60VGG_00029_SC_00005.jpeg,"장지신근,장모지신근,전경골근",2022,실내,78,"발가락,발가락,정강이",한국어,뽁뽁이를 밟아요(발가락),20230712,"하지의 근,하지의 근,하지의 근",뽁뽁이를 밟아요(발가락),30.997,10~60 초,mp4,0CBN60VGG_00029.mp4,"Long Extensors of Toes,Extensor Hallucis Longus,Tibialis Anterior",http://openapi.kspo.or.kr/web/image/0CBN60VGG_00029/,2,동영상,1~2
"긴발가락폄근,긴엄지발가락폄근,앞정강근",2~3,http://openapi.kspo.or.kr/web/video/,"유아기 응용 근력(소근육),협응력 운동",183889641,29.97,1485,1920*1080,발판,유아기,1619,2~3,0CBN60VGG_00029_FR_00019.jpeg,"장지신근,장모지신근,전경골근",2022,실내,78,"발가락,발가락,정강이",한국어,뽁뽁이를 밟아요(발가락),20230712,"하지의 근,하지의 근,하지의 근",뽁뽁이를 밟아요(발가락),54.02,10~60 초,mp4,0CBN60VGG_00029.mp4,"Long Extensors of Toes,Extensor Hallucis Longus,Tibialis Anterior",http://openapi.kspo.or.kr/web/image/0CBN60VGG_00029/,3,동영상,1~2
배곧은근,2~2,http://openapi.kspo.or.kr/web/video/,유아기 기본 안정성 운동,1475714504,29.97,1486,1920*1080,매트,유아기,16904,2~2,0CBN6AUEP_00030_FR_00189.jpeg,복직근,2022,실내,617,복부,한국어,구르기를 해요,20230712,복부의 근,(기본편)안정성 운동,564.03,10~15 초,mp4,0CBN6AUEP_00030.mp4,Rectus Abdominis,http://openapi.kspo.or.kr/web/image/0CBN6AUEP_00030/,14,동영상,1~2
"검지손가락폄근,긴엄지손가락굽힘근,노쪽 손목 폄근,노쪽손목굽힘근,새끼손가락폄근",2~3,http://openapi.kspo.or.kr/web/video/,"유아기 응용 근력,근지구력-소근육,협응성",253735002,29.97,1487,1920*1080,고무줄,유아기,1248,2~3,0CBNF97M5_00031_SC_00010.jpeg,"시지신근,장무지굴근,요측수근신근,요측수근굴근,소지신근",2022,실내,105,"뒤쪽 아래팔,손가락,뒤쪽 아래팔,앞쪽 아래팔,손가락",한국어,딩링링을 끼워요,20230712,"상지의 근,상지의 근,상지의 근,상지의 근,상지의 근",딩딩링을 끼워요,41.641,10~60 초,mp4,0CBNF97M5_00031.mp4,"Extensor Indicis,Flexor Pollicis Longus,Extensor Carpi Radialis,Flexor Carpi Radialis,Extensor Digiti Minimi",http://openapi.kspo.or.kr/web/image/0CBNF97M5_00031/,1,동영상,1~3
"검지손가락폄근,긴엄지손가락굽힘근,노쪽 손목 폄근,노쪽손목굽힘근,새끼손가락폄근",2~3,http://openapi.kspo.or.kr/web/video/,"유아기 응용 근력,근지구력-소근육,협응성",253735002,29.97,1488,1920*1080,고무줄,유아기,2611,2~3,0CBNF97M5_00031_SC_00023.jpeg,"시지신근,장무지굴근,요측수근신근,요측수근굴근,소지신근",2022,실내,105,"뒤쪽 아래팔,손가락,뒤쪽 아래팔,앞쪽 아래팔,손가락",한국어,딩링링을 끼워요,20230712,"상지의 근,상지의 근,상지의 근,상지의 근,상지의 근",딩딩링을 끼워요,87.12,10~60 초,mp4,0CBNF97M5_00031.mp4,"Extensor Indicis,Flexor Pollicis Longus,Extensor Carpi Radialis,Flexor Carpi Radialis,Extensor Digiti Minimi",http://openapi.kspo.or.kr/web/image/0CBNF97M5_00031/,2,동영상,1~3
"큰가슴근,위팔두갈래근,넙다리네갈래근,앞정강근",2~3,http://openapi.kspo.or.kr/web/video/,유아기 기본운동기술-이동성운동,1572332908,29.97,1489,1920*1080,,유아기,2698,2~3,0CBNFIOKH_00032_FR_00031.jpeg,"대퇴사두근,전경골근,상완이두근,대흉근",2022,"실내, 실외",657,"앞쪽 넓적다리,정강이,앞쪽 위팔,가슴",한국어,걷기,20230712,"하지의 근,하지의 근,상지의 근,가슴의 근",(기본편)이동성 운동,90.023,3~5 분,mp4,0CBNFIOKH_00032.mp4,"Quadriceps Femoris,Tibialis Anterior,Biceps Brachii,Pectoralis Major",http://openapi.kspo.or.kr/web/image/0CBNFIOKH_00032/,1,동영상,1~3
"큰가슴근,위팔두갈래근,넙다리네갈래근,앞정강근",2~3,http://openapi.kspo.or.kr/web/video/,유아기 기본운동기술-이동성운동,1572332908,29.97,1490,1920*1080,,유아기,4496,2~3,0CBNFIOKH_00032_FR_00051.jpeg,"대퇴사두근,전경골근,상완이두근,대흉근",2022,"실내, 실외",657,"앞쪽 넓적다리,정강이,앞쪽 위팔,가슴",한국어,달리기,20230712,"하지의 근,하지의 근,상지의 근,가슴의 근",(기본편)이동성 운동,150.016,10~20 초,mp4,0CBNFIOKH_00032.mp4,"Quadriceps Femoris,Tibialis Anterior,Biceps Brachii,Pectoralis Major",http://openapi.kspo.or.kr/web/image/0CBNFIOKH_00032/,2,동영상,1~3
"검지손가락폄근,긴엄지손가락굽힘근,노쪽 손목 폄근,노쪽손목굽힘근,새끼손가락폄근,손목굽힘근,손목폄근",2~3,http://openapi.kspo.or.kr/web/video/,"유아기 응용 근력,근지구력-소근육, 협응성",229696510,29.97,1491,1920*1080,고무줄,유아기,1248,2~3,0CBNIWVA4_00033_SC_00006.jpeg,"시지신근,장무지굴근,요측수근신근,요측수근굴근,소지신근,수근관절굴곡근,수근관절신근",2022,실내,96,"뒤쪽 아래팔,손가락,뒤쪽 아래팔,앞쪽 아래팔,손가락,앞쪽 아래팔,뒤쪽 아래팔",한국어,고무줄 놀이,20230712,"상지의 근,상지의 근,상지의 근,상지의 근,상지의 근,상지의 근,상지의 근",고무줄 놀이를 해요,41.641,1~5 분,mp4,0CBNIWVA4_00033.mp4,"Extensor Indicis,Flexor Pollicis Longus,Extensor Carpi Radialis,Flexor Carpi Radialis,Extensor Digiti Minimi,Hand Flexor,Wrist Extensors",http://openapi.kspo.or.kr/web/image/0CBNIWVA4_00033/,1,동영상,1~3
,3~5,http://openapi.kspo.or.kr/web/video/,유아기 기본운동기술-조작성운동,1318299085,29.97,1492,1920*1080,공,유아기,1529,2~3,0CBNJ44DG_00034_FR_00018.jpeg,,2022,실내,552,,한국어,공 굴리기,20230712,,(기본편)조작성 운동,51.017,5~10 분,mp4,0CBNJ44DG_00034.mp4,,http://openapi.kspo.or.kr/web/image/0CBNJ44DG_00034/,1,동영상,1~2
,3~5,http://openapi.kspo.or.kr/web/video/,유아기 기본운동기술-조작성운동,1318299085,29.97,1493,1920*1080,공,유아기,3687,2~3,0CBNJ44DG_00034_FR_00042.jpeg,,2022,실내,552,,한국어,공 던지기,20230712,,(기본편)조작성 운동,123.022,5~10 분,mp4,0CBNJ44DG_00034.mp4,,http://openapi.kspo.or.kr/web/image/0CBNJ44DG_00034/,2,동영상,1~2
,3~5,http://openapi.kspo.or.kr/web/video/,유아기 기본운동기술-조작성운동,1318299085,29.97,1494,1920*1080,공,유아기,5845,2~3,0CBNJ44DG_00034_FR_00066.jpeg,,2022,실내,552,,한국어,공 받기,20230712,,(기본편)조작성 운동,195.028,5~10 분,mp4,0CBNJ44DG_00034.mp4,,http://openapi.kspo.or.kr/web/image/0CBNJ44DG_00034/,3,동영상,1~2
,3~5,http://openapi.kspo.or.kr/web/video/,유아기 기본운동기술-조작성운동,1318299085,29.97,1495,1920*1080,공,유아기,8002,2~3,0CBNJ44DG_00034_FR_00090.jpeg,,2022,실내,552,,한국어,공 튀기기,20230712,,(기본편)조작성 운동,267,5~10 분,mp4,0CBNJ44DG_00034.mp4,,http://openapi.kspo.or.kr/web/image/0CBNJ44DG_00034/,4,동영상,1~2
,3~5,http://openapi.kspo.or.kr/web/video/,유아기 기본운동기술-조작성운동,1318299085,29.97,1496,1920*1080,풍선,유아기,9801,2~3,0CBNJ44DG_00034_FR_00110.jpeg,,2022,실내,552,,한국어,공 치기(손),20230712,,(기본편)조작성 운동,327.026,5~10 분,mp4,0CBNJ44DG_00034.mp4,,http://openapi.kspo.or.kr/web/image/0CBNJ44DG_00034/,5,동영상,1~2
,3~5,http://openapi.kspo.or.kr/web/video/,유아기 기본운동기술-조작성운동,1318299085,29.97,1497,1920*1080,공,유아기,11419,2~3,0CBNJ44DG_00034_FR_00128.jpeg,,2022,실내,552,,한국어,공 차기,20230712,,(기본편)조작성 운동,381.013,5~10 분,mp4,0CBNJ44DG_00034.mp4,,http://openapi.kspo.or.kr/web/image/0CBNJ44DG_00034/,6,동영상,1~2
,3~5,http://openapi.kspo.or.kr/web/video/,유아기 기본운동기술-조작성운동,1318299085,29.97,1498,1920*1080,공,유아기,14026,2~3,0CBNJ44DG_00034_FR_00157.jpeg,,2022,실내,552,,한국어,공 멈추기(발),20230712,,(기본편)조작성 운동,468,5~10 분,mp4,0CBNJ44DG_00034.mp4,,http://openapi.kspo.or.kr/web/image/0CBNJ44DG_00034/,7,동영상,1~2
,3~5,http://openapi.kspo.or.kr/web/video/,유아기 기본운동기술-조작성운동,1318299085,29.97,1499,1920*1080,공,유아기,14566,2~3,0CBNJ44DG_00034_FR_00163.jpeg,,2022,실내,552,,한국어,공 치기(막대기/배트),20230712,,(기본편)조작성 운동,486.018,5~10 분,mp4,0CBNJ44DG_00034.mp4,,http://openapi.kspo.or.kr/web/image/0CBNJ44DG_00034/,8,동영상,1~2
,2~3,http://openapi.kspo.or.kr/web/video/,"유아기 응용 심폐지구력,근지구력,민첩성,협응성",218090299,29.97,1500,1920*1080,라바콘,유아기,450,2~3,0CBNKJSFM_00035_FR_00006.jpeg,,2022,"실내, 실외",91,,한국어,꼬리잡기,20230712,,꼬리를 떼어요,15.015,20~60 초,mp4,0CBNKJSFM_00035.mp4,,http://openapi.kspo.or.kr/web/image/0CBNKJSFM_00035/,1,동영상,3~5
,2~3,http://openapi.kspo.or.kr/web/video/,"유아기 응용 심폐지구력,근지구력,순발력",170100666,29.97,1501,1920*1080,공,유아기,175,2~3,0CBNL2PP8_00036_SC_00001.jpeg,,2022,실내,72,,한국어,점프하기,20230712,,알을 낳아요,5.839,10~60 초,mp4,0CBNL2PP8_00036.mp4,,http://openapi.kspo.or.kr/web/image/0CBNL2PP8_00036/,1,동영상,1~3
,2~2,http://openapi.kspo.or.kr/web/video/,"유아기 응용 심폐지구력,협응성",173157737,29.97,1502,1920*1080,줄넘기,유아기,1132,3~4,0CBNLH06S_00037_SC_00003.jpeg,,2022,"실내, 실외",74,,한국어,줄넘기,20230712,,줄넘기 해요(줄없는),37.771,1~5 분,mp4,0CBNLH06S_00037.mp4,,http://openapi.kspo.or.kr/web/image/0CBNLH06S_00037/,1,동영상,1~2
"척추세움근,배곧은근,넙다리두갈래근",2~3,http://openapi.kspo.or.kr/web/video/,"유아기 응용 유연성,협응성",237951784,29.97,1503,1920*1080,공,유아기,2068,2~3,0CBNLN26Y_00038_FR_00024.jpeg,"대퇴이두근,복직근,척추기립근",2022,실내,99,"뒤쪽 넓적다리,복부,척추",한국어,공 옮기기,20230712,"하지의 근,복부의 근,등과 허리의 근",공을 옮겨요(앞),69.002,10~60 초,mp4,0CBNLN26Y_00038.mp4,"Biceps Femoris,Rectus Abdominis,Erector Spinae",http://openapi.kspo.or.kr/web/image/0CBNLN26Y_00038/,1,동영상,1~3
,2~3,http://openapi.kspo.or.kr/web/video/,"유아기 응용 유연성,협응성",224966777,29.97,1504,1920*1080,공,유아기,842,2~3,0CBNLU1PD_00039_SC_00011.jpeg,,2022,실내,94,,한국어,공 옮기기,20230712,,공을 옮겨요(옆),28.094,10~60 초,mp4,0CBNLU1PD_00039.mp4,,http://openapi.kspo.or.kr/web/image/0CBNLU1PD_00039/,1,동영상,1~3
,2~3,http://openapi.kspo.or.kr/web/video/,"유아기 응용 유연성,협응성",240952186,29.97,1505,1920*1080,보슈,유아기,1079,2~3,0CBNLYYCS_00040_FR_00013.jpeg,,2022,실내,100,,한국어,뒤로 눕기,20230712,,후굴자세 해봐요,36.002,10~60 초,mp4,0CBNLYYCS_00040.mp4,,http://openapi.kspo.or.kr/web/image/0CBNLYYCS_00040/,1,동영상,1~3
,2~3,http://openapi.kspo.or.kr/web/video/,"유아기 응용 유연성,협응성",240952186,29.97,1506,1920*1080,짐볼,유아기,2437,2~3,0CBNLYYCS_00040_SC_00009.jpeg,,2022,실내,100,,한국어,뒤로 눕기,20230712,,후굴자세 해봐요,81.314,10~60 초,mp4,0CBNLYYCS_00040.mp4,,http://openapi.kspo.or.kr/web/image/0CBNLYYCS_00040/,2,동영상,1~3
,2~3,http://openapi.kspo.or.kr/web/video/,"유아기 응용 민첩성,순발력,협응성",165543749,29.97,1507,1920*1080,킥판,유아기,784,2~4,0CBNM6CLM_00041_SC_00005.jpeg,,2022,실내,70,,한국어,발차기,20230712,,빠르게 맞춰요,26.159,20~40 초,mp4,0CBNM6CLM_00041.mp4,,http://openapi.kspo.or.kr/web/image/0CBNM6CLM_00041/,1,동영상,3~5
,2~3,http://openapi.kspo.or.kr/web/video/,"유아기 응용 민첩성,순발력,협응성",165543749,29.97,1508,1920*1080,킥판,유아기,1596,2~4,0CBNM6CLM_00041_SC_00011.jpeg,,2022,실내,70,,한국어,손바닥 치기,20230712,,빠르게 맞춰요,53.253,20~40 초,mp4,0CBNM6CLM_00041.mp4,,http://openapi.kspo.or.kr/web/image/0CBNM6CLM_00041/,2,동영상,3~5
,,http://openapi.kspo.or.kr/web/video/,"유아기 응용 민첩성,근지구력",150146872,29.97,1509,1920*1080,,,720,,0CBNMPNQJ_00042_FR_00009.jpeg,,2022,,65,,한국어,,,,지그재그 달려요,24.024,,mp4,0CBNMPNQJ_00042.mp4,,http://openapi.kspo.or.kr/web/image/0CBNMPNQJ_00042/,1,동영상,
,2~5,http://openapi.kspo.or.kr/web/video/,"유아기 응용 민첩성,협응성",171903737,29.97,1510,1920*1080,작은공,유아기,1654,2~3,0CBNMUFK9_00043_SC_00009.jpeg,,2022,실내,73,,한국어,물건 잡기,20230712,,후다닥 집어요,55.188,10~60 초,mp4,0CBNMUFK9_00043.mp4,,http://openapi.kspo.or.kr/web/image/0CBNMUFK9_00043/,1,동영상,1~3
,2~4,http://openapi.kspo.or.kr/web/video/,"유아기 응용 민첩성,심폐지구력,협응성",200818035,29.97,1511,1920*1080,작은공,유아기,1259,2~4,0CBNMZ7CL_00044_FR_00015.jpeg,,2022,"실내, 실외",84,,한국어,공 붙이기,20230712,,후다닥 붙여요,42.008,10~60 초,mp4,0CBNMZ7CL_00044.mp4,,http://openapi.kspo.or.kr/web/image/0CBNMZ7CL_00044/,1,동영상,1~3
,2~4,http://openapi.kspo.or.kr/web/video/,"유아기 응용 민첩성,심폐지구력,협응성",200818035,29.97,1512,1920*1080,작은공,유아기,1683,2~4,0CBNMZ7CL_00044_SC_00012.jpeg,,2022,"실내, 실외",84,,한국어,공 붙이기,20230712,,후다닥 붙여요,56.156,10~60 초,mp4,0CBNMZ7CL_00044.mp4,,http://openapi.kspo.or.kr/web/image/0CBNMZ7CL_00044/,2,동영상,1~3
,2~3,http://openapi.kspo.or.kr/web/video/,"유아기 응용 순발력,협응성",168864851,29.97,1513,1920*1080,,유아기,1529,2~2,0CBNN6BAZ_00045_FR_00018.jpeg,,2022,실외,72,,한국어,두 발 뛰기,20230712,,로켓 발사해요,51.017,10~15 초,mp4,0CBNN6BAZ_00045.mp4,,http://openapi.kspo.or.kr/web/image/0CBNN6BAZ_00045/,1,동영상,1~5
,2~4,http://openapi.kspo.or.kr/web/video/,"유아기 응용 순발력,협응성",135150986,29.97,1514,1920*1080,공,유아기,175,2~2,0CBNNBSHT_00046_SC_00001.jpeg,,2022,"실내, 실외",58,,한국어,공 던지기,20230712,,힘차게 던져요,5.839,5~30 초,mp4,0CBNNBSHT_00046.mp4,,http://openapi.kspo.or.kr/web/image/0CBNNBSHT_00046/,1,동영상,1~3
,2~4,http://openapi.kspo.or.kr/web/video/,"유아기 응용 순발력,협응성",135150986,29.97,1515,1920*1080,공,유아기,990,2~2,0CBNNBSHT_00046_FR_00012.jpeg,,2022,"실내, 실외",58,,한국어,공 던지기,20230712,,힘차게 던져요,33.033,5~30 초,mp4,0CBNNBSHT_00046.mp4,,http://openapi.kspo.or.kr/web/image/0CBNNBSHT_00046/,2,동영상,1~3
,2~3,http://openapi.kspo.or.kr/web/video/,"유아기 응용 순발력,협응성",188620836,29.97,1516,1920*1080,,유아기,990,2~3,0CBNNINDZ_00047_FR_00012.jpeg,,2022,"실내, 실외",79,,한국어,점프하기,20230712,,힘차게 맞춰요,33.033,10~60 초,mp4,0CBNNINDZ_00047.mp4,,http://openapi.kspo.or.kr/web/image/0CBNNINDZ_00047/,1,동영상,3~5
,2~3,http://openapi.kspo.or.kr/web/video/,유아기 응용 평형성,202884155,29.97,1517,1920*1080,,유아기,1277,2~3,0CBNNOA0U_00048_SC_00008.jpeg,,2022,실내,86,,한국어,밸런스 보드에 서기,20230712,,밸런스 보드에 서요,42.609,10~60 초,mp4,0CBNNOA0U_00048.mp4,,http://openapi.kspo.or.kr/web/image/0CBNNOA0U_00048/,1,동영상,1~5
,2~3,http://openapi.kspo.or.kr/web/video/,"유아기 응용 평형성,협응성",212470564,29.97,1518,1920*1080,지팡이,유아기,1219,2~2,0CBOZAMOZ_00051_SC_00007.jpeg,,2022,실내,89,,한국어,걷기,20230713,,지게발 걸어요,40.673,10~60 초,mp4,0CBOZAMOZ_00051.mp4,,http://openapi.kspo.or.kr/web/image/0CBOZAMOZ_00051/,1,동영상,1~3
,2~3,http://openapi.kspo.or.kr/web/video/,"유아기 응용 평형성,협응성",212470564,29.97,1519,1920*1080,지팡이,유아기,1799,2~2,0CBOZAMOZ_00051_FR_00021.jpeg,,2022,실내,89,,한국어,걷기,20230713,,지게발 걸어요,60.026,10~60 초,mp4,0CBOZAMOZ_00051.mp4,,http://openapi.kspo.or.kr/web/image/0CBOZAMOZ_00051/,2,동영상,1~3
,2~3,http://openapi.kspo.or.kr/web/video/,"유아기 응용편 평형성,협응성",244308202,29.97,1520,1920*1080,작은공,유아기,813,2~3,0CBOZLCEI_00052_SC_00003.jpeg,,2022,실내,102,,한국어,공 올리기,20230713,,조심조심 걸어요,27.127,10~60 초,mp4,0CBOZLCEI_00052.mp4,,http://openapi.kspo.or.kr/web/image/0CBOZLCEI_00052/,1,동영상,3~5
,2~3,http://openapi.kspo.or.kr/web/video/,"유아기 응용편 평형성,협응성",244308202,29.97,1521,1920*1080,작은공,유아기,1349,2~3,0CBOZLCEI_00052_FR_00016.jpeg,,2022,실내,102,,한국어,평균대 걷기,20230713,,조심조심 걸어요,45.011,10~60 초,mp4,0CBOZLCEI_00052.mp4,,http://openapi.kspo.or.kr/web/image/0CBOZLCEI_00052/,2,동영상,3~5
,2~3,http://openapi.kspo.or.kr/web/video/,"유아기 응용편 평형성,협응성",244308202,29.97,1522,1920*1080,작은공,유아기,2068,2~3,0CBOZLCEI_00052_FR_00024.jpeg,,2022,실내,102,,한국어,교구 위 걷기,20230713,,조심조심 걸어요,69.002,10~60 초,mp4,0CBOZLCEI_00052.mp4,,http://openapi.kspo.or.kr/web/image/0CBOZLCEI_00052/,3,동영상,3~5
,2~3,http://openapi.kspo.or.kr/web/video/,"유아기 응용 협응성,심폐지구력",217749148,29.97,1523,1920*1080,공,유아기,810,2~3,0CBP02TDO_00053_FR_00010.jpeg,,2022,실내,91,,한국어,공받기,20230713,,공 받고 던져요,27.027,10~60 초,mp4,0CBP02TDO_00053.mp4,,http://openapi.kspo.or.kr/web/image/0CBP02TDO_00053/,1,동영상,1~3
,2~3,http://openapi.kspo.or.kr/web/video/,"유아기 응용 협응성,심폐지구력",217749148,29.97,1524,1920*1080,공,유아기,1889,2~3,0CBP02TDO_00053_FR_00022.jpeg,,2022,실내,91,,한국어,공받기,20230713,,공 받고 던져요,63.029,10~60 초,mp4,0CBP02TDO_00053.mp4,,http://openapi.kspo.or.kr/web/image/0CBP02TDO_00053/,2,동영상,1~3
,2~3,http://openapi.kspo.or.kr/web/video/,"유아기 응용 협응성,심폐지구력",217749148,29.97,1525,1920*1080,공,유아기,2068,2~3,0CBP02TDO_00053_FR_00024.jpeg,,2022,실내,91,,한국어,공던지기,20230713,,공 받고 던져요,69.002,10~60 초,mp4,0CBP02TDO_00053.mp4,,http://openapi.kspo.or.kr/web/image/0CBP02TDO_00053/,3,동영상,1~3
,2~5,http://openapi.kspo.or.kr/web/video/,"유아기 응용편 협응성,평형성,소근육",225314993,29.97,1526,1920*1080,발판,유아기,1349,2~3,0CBP0M7K9_00054_FR_00016.jpeg,,2022,실내,94,,한국어,장애물 걷기,20230713,,알록달록 공을 옮겨요,45.011,10~60 초,mp4,0CBP0M7K9_00054.mp4,,http://openapi.kspo.or.kr/web/image/0CBP0M7K9_00054/,1,동영상,1~5
,3~5,http://openapi.kspo.or.kr/web/video/,"유아기 응용 협응성,평형성,소근육",231581332,29.97,1527,1920*1080,막대기,유아기,668,2~3,0CBP0WTCG_00055_SC_00002.jpeg,,2022,"실내, 실외",96,,한국어,집게로 집기,20230713,,분리배출 해요,22.288,1~3 분,mp4,0CBP0WTCG_00055.mp4,,http://openapi.kspo.or.kr/web/image/0CBP0WTCG_00055/,1,동영상,1~3
,3~5,http://openapi.kspo.or.kr/web/video/,"유아기 응용 협응성,평형성,소근육",231581332,29.97,1528,1920*1080,막대기,유아기,2060,2~3,0CBP0WTCG_00055_SC_00014.jpeg,,2022,"실내, 실외",96,,한국어,걷기,20230713,,분리배출 해요,68.735,1~3 분,mp4,0CBP0WTCG_00055.mp4,,http://openapi.kspo.or.kr/web/image/0CBP0WTCG_00055/,2,동영상,1~3
,2~3,http://openapi.kspo.or.kr/web/video/,"유아기 응용 협응성,평형성,소근육",219142782,29.97,1529,1920*1080,,유아기,450,2~3,0CBP1YIE2_00056_FR_00006.jpeg,,2022,실내,92,,한국어,낚시하기,20230713,,낚시를 해요,15.015,1~5 분,mp4,0CBP1YIE2_00056.mp4,,http://openapi.kspo.or.kr/web/image/0CBP1YIE2_00056/,1,동영상,1~2
,2~3,http://openapi.kspo.or.kr/web/video/,"유아기 응용 협응성,평형성,소근육",219142782,29.97,1530,1920*1080,,유아기,1529,2~3,0CBP1YIE2_00056_FR_00018.jpeg,,2022,실내,92,,한국어,낚시하기,20230713,,낚시를 해요,51.017,1~5 분,mp4,0CBP1YIE2_00056.mp4,,http://openapi.kspo.or.kr/web/image/0CBP1YIE2_00056/,2,동영상,1~2
,2~3,http://openapi.kspo.or.kr/web/video/,유아기 응용 기본운동기술-안정성운동,189325739,29.97,1531,1920*1080,,유아기,720,2~3,0CBP2C9BA_00057_FR_00009.jpeg,,2022,실내,81,,한국어,허리굽혀 걷기,20230713,,굽혀서 이동해요,24.024,10~60 초,mp4,0CBP2C9BA_00057.mp4,,http://openapi.kspo.or.kr/web/image/0CBP2C9BA_00057/,1,동영상,1~3
,2~3,http://openapi.kspo.or.kr/web/video/,유아기 응용 기본운동기술-안정성운동,189325739,29.97,1532,1920*1080,,유아기,1799,2~3,0CBP2C9BA_00057_FR_00021.jpeg,,2022,실내,81,,한국어,허리굽혀 걷기,20230713,,굽혀서 이동해요,60.026,10~60 초,mp4,0CBP2C9BA_00057.mp4,,http://openapi.kspo.or.kr/web/image/0CBP2C9BA_00057/,2,동영상,1~3
,2~3,http://openapi.kspo.or.kr/web/video/,유아기 응용 기본운동기술-안정성운동,246410891,29.97,1533,1920*1080,스카프,유아기,720,2~3,0CBP3DKQ8_00058_FR_00009.jpeg,,2022,"실내, 실외",103,,한국어,팔 다리 흔들기,20230713,,다양한 도구를 흔들어요,24.024,30~60 초,mp4,0CBP3DKQ8_00058.mp4,,http://openapi.kspo.or.kr/web/image/0CBP3DKQ8_00058/,1,동영상,1~3
,2~3,http://openapi.kspo.or.kr/web/video/,유아기 응용 기본운동기술-안정성 운동,196248994,29.97,1534,1920*1080,스카프,유아기,1567,2~3,0CBPANC9R_00059_SC_00003.jpeg,,2022,"실내, 실외",83,,한국어,팔 흔들기,20230713,,큰 비닐 흔들어요,52.285,20~60 초,mp4,0CBPANC9R_00059.mp4,,http://openapi.kspo.or.kr/web/image/0CBPANC9R_00059/,1,동영상,1~3
,2~3,http://openapi.kspo.or.kr/web/video/,유아기 응용 기본운동기술-안정성 운동,208558229,29.97,1535,1920*1080,보슈,유아기,1169,2~3,0CBPATG13_00060_FR_00014.jpeg,,2022,실내,87,,한국어,걷기,20230713,,균형을 잡아요,39.005,1~15 초,mp4,0CBPATG13_00060.mp4,,http://openapi.kspo.or.kr/web/image/0CBPATG13_00060/,1,동영상,1~5
,2~3,http://openapi.kspo.or.kr/web/video/,유아기 응용 기본운동기술-안정성 운동,208558229,29.97,1536,1920*1080,보슈,유아기,1349,2~3,0CBPATG13_00060_FR_00016.jpeg,,2022,실내,87,,한국어,중심잡기,20230713,,균형을 잡아요,45.011,1~15 초,mp4,0CBPATG13_00060.mp4,,http://openapi.kspo.or.kr/web/image/0CBPATG13_00060/,2,동영상,1~5
,2~3,http://openapi.kspo.or.kr/web/video/,유아기 응용 기본운동기술-안정성 운동,257498406,29.97,1537,1920*1080,,유아기,900,2~3,0CBPBRKRC_00061_FR_00011.jpeg,,2022,실내,107,,한국어,제자리 돌기(보조),20230713,,몸을 돌려요,30.03,5~10 초,mp4,0CBPBRKRC_00061.mp4,,http://openapi.kspo.or.kr/web/image/0CBPBRKRC_00061/,1,동영상,1~5
,2~3,http://openapi.kspo.or.kr/web/video/,유아기 응용 기본운동기술-안정성 운동,257498406,29.97,1538,1920*1080,,유아기,1709,2~3,0CBPBRKRC_00061_FR_00020.jpeg,,2022,실내,107,,한국어,앉아서 돌기,20230713,,몸을 돌려요,57.023,5~10 초,mp4,0CBPBRKRC_00061.mp4,,http://openapi.kspo.or.kr/web/image/0CBPBRKRC_00061/,2,동영상,1~5
,2~3,http://openapi.kspo.or.kr/web/video/,유아기 응용 기본운동기술-안정성 운동,257498406,29.97,1539,1920*1080,,유아기,2147,2~3,0CBPBRKRC_00061_SC_00004.jpeg,,2022,실내,107,,한국어,서서 돌기,20230713,,몸을 돌려요,71.638,5~10 초,mp4,0CBPBRKRC_00061.mp4,,http://openapi.kspo.or.kr/web/image/0CBPBRKRC_00061/,3,동영상,1~5
,2~3,http://openapi.kspo.or.kr/web/video/,유아기 응용 기본운동기술-이동성 운동,206230447,29.97,1540,1920*1080,보슈,유아기,1625,2~3,0CBPC5NMG_00062_SC_00005.jpeg,,2022,"실내, 실외",86,,한국어,장애물 위로 걷기,20230713,,다양한 도구 위를 걸어요,54.22,15~60 초,mp4,0CBPC5NMG_00062.mp4,,http://openapi.kspo.or.kr/web/image/0CBPC5NMG_00062/,1,동영상,1~5
,2~3,http://openapi.kspo.or.kr/web/video/,유아기 응용 기본운동기술-이동성 운동,231453448,29.97,1541,1920*1080,수건,유아기,900,2~2,0CBPCCU5Q_00063_FR_00011.jpeg,,2022,"실내, 실외",96,,한국어,달리기,20230713,,수건을 돌려요,30.03,5~15 분,mp4,0CBPCCU5Q_00063.mp4,,http://openapi.kspo.or.kr/web/image/0CBPCCU5Q_00063/,1,동영상,3~5
,2~3,http://openapi.kspo.or.kr/web/video/,유아기 응용 기본운동기술-이동성 운동,213549223,29.97,1542,1920*1080,허들,유아기,1259,2~3,0CBPCJA9F_00064_FR_00015.jpeg,,2022,"실내, 실외",90,,한국어,점프,20230713,,허들 뛰어 넘어요,42.008,5~20 초,mp4,0CBPCJA9F_00064.mp4,,http://openapi.kspo.or.kr/web/image/0CBPCJA9F_00064/,1,동영상,1~5
,2~3,http://openapi.kspo.or.kr/web/video/,유아기 응용 기본운동기술-이동성 운동,213863720,29.97,1543,1920*1080,허들,유아기,1979,2~3,0CBPJIIN1_00066_FR_00023.jpeg,,2022,"실내, 실외",90,,한국어,한 발 점프,20230713,,한 발로 뛰어요,66.032,5~15 초,mp4,0CBPJIIN1_00066.mp4,,http://openapi.kspo.or.kr/web/image/0CBPJIIN1_00066/,1,동영상,1~3
,2~3,http://openapi.kspo.or.kr/web/video/,유아기 응용 기본운동기술-이동성 운동,182476838,29.97,1544,1920*1080,색테이프,유아기,1259,2~3,0CBPJXNMF_00067_FR_00015.jpeg,,2022,"실내, 실외",77,,한국어,점프,20230713,,콩콩 점프를 해요,42.008,10~30 초,mp4,0CBPJXNMF_00067.mp4,,http://openapi.kspo.or.kr/web/image/0CBPJXNMF_00067/,1,동영상,1~5
,2~3,http://openapi.kspo.or.kr/web/video/,유아기 기본운동기술-이동성 운동,279607990,29.97,1545,1920*1080,색깔판,유아기,2788,2~3,0CBPKSK2V_00068_FR_00032.jpeg,,2022,"실내, 실외",115,,한국어,말처럼 점프,20230713,,말처럼 원마커를 뛰어요,93.026,10~30 초,mp4,0CBPKSK2V_00068.mp4,,http://openapi.kspo.or.kr/web/image/0CBPKSK2V_00068/,1,동영상,1~3
,2~3,http://openapi.kspo.or.kr/web/video/,유아기 응용 기본운동기술-이동성 운동,175360781,29.97,1546,1920*1080,색테이프,유아기,1259,2~3,0CBPLI15Y_00069_FR_00015.jpeg,,2022,"실내, 실외",74,,한국어,한 발 교차 점프,20230713,,번갈아 뛰며 놀아요,42.008,5~20 초,mp4,0CBPLI15Y_00069.mp4,,http://openapi.kspo.or.kr/web/image/0CBPLI15Y_00069/,1,동영상,2~3
,2~3,http://openapi.kspo.or.kr/web/video/,유아기 응용 기본운동기술-조작성 운동,205205339,29.97,1547,1920*1080,공,유아기,1016,2~3,0CBQRYIBB_00070_SC_00007.jpeg,,2022,"실내, 실외",86,,한국어,공 굴리기,20230714,,다양한 공을 굴려요,33.9,10~60 초,mp4,0CBQRYIBB_00070.mp4,,http://openapi.kspo.or.kr/web/image/0CBQRYIBB_00070/,1,동영상,1~5
,2~3,http://openapi.kspo.or.kr/web/video/,유아기 응용 기본운동기술-조작성 운동,205205339,29.97,1548,1920*1080,공,유아기,1567,2~3,0CBQRYIBB_00070_SC_00011.jpeg,,2022,"실내, 실외",86,,한국어,공 굴리기,20230714,,다양한 공을 굴려요,52.285,10~60 초,mp4,0CBQRYIBB_00070.mp4,,http://openapi.kspo.or.kr/web/image/0CBQRYIBB_00070/,2,동영상,1~5
,2~3,http://openapi.kspo.or.kr/web/video/,유아기 응용 기본운동기술-조작성 운동,177826464,29.97,1549,1920*1080,공,유아기,871,2~4,0CBQSJG32_00071_SC_00006.jpeg,,2022,실내,75,,한국어,공 던지기(오버헤드),20230714,,공을 던져 붙여요,29.062,10~60 초,mp4,0CBQSJG32_00071.mp4,,http://openapi.kspo.or.kr/web/image/0CBQSJG32_00071/,1,동영상,3~5
,2~3,http://openapi.kspo.or.kr/web/video/,유아기 응용 기본운동기술-조작성 운동,177826464,29.97,1550,1920*1080,공,유아기,1016,2~4,0CBQSJG32_00071_SC_00008.jpeg,,2022,실내,75,,한국어,공 던지기(언더핸드),20230714,,공을 던져 붙여요,33.9,10~60 초,mp4,0CBQSJG32_00071.mp4,,http://openapi.kspo.or.kr/web/image/0CBQSJG32_00071/,2,동영상,3~5
,2~5,http://openapi.kspo.or.kr/web/video/,유아기 응용 기본운동기술-조작성 운동,189899963,29.97,1551,1920*1080,공,유아기,1529,2~4,0CBQSSU7J_00072_FR_00018.jpeg,,2022,"실내, 실외",80,,한국어,공 던지기,20230714,,다양한 공을 던져 넣어요,51.017,10~30 초,mp4,0CBQSSU7J_00072.mp4,,http://openapi.kspo.or.kr/web/image/0CBQSSU7J_00072/,1,동영상,3~5
,2~5,http://openapi.kspo.or.kr/web/video/,유아기 응용 기본운동기술-조작성 운동,166066695,29.97,1552,1920*1080,공,유아기,726,2~4,0CBQSZGPE_00073_SC_00004.jpeg,,2022,"실내, 실외",71,,한국어,공 차기,20230714,,다양한 공을 차요,24.224,5~10 초,mp4,0CBQSZGPE_00073.mp4,,http://openapi.kspo.or.kr/web/image/0CBQSZGPE_00073/,1,동영상,3~5
,3~5,http://openapi.kspo.or.kr/web/video/,유아기 응용편 기본운동기술-조작성 운동,162720693,29.97,1553,1920*1080,공,유아기,958,2~4,0CBQT4N4M_00074_SC_00002.jpeg,,2022,"실내, 실외",69,,한국어,공 튀기기,20230714,,다양한 공을 튀겨요,31.965,10~60 초,mp4,0CBQT4N4M_00074.mp4,,http://openapi.kspo.or.kr/web/image/0CBQT4N4M_00074/,1,동영상,3~5
,2~3,http://openapi.kspo.or.kr/web/video/,유아기 응용 기본운동기술-조작성 운동,201563009,29.97,1554,1920*1080,풍선,유아기,810,2~4,0CBQT96MI_00075_FR_00010.jpeg,,2022,실내,85,,한국어,풍선치기(라켓-언더),20230714,,풍선 테니스 해요,27.027,3~5 분,mp4,0CBQT96MI_00075.mp4,,http://openapi.kspo.or.kr/web/image/0CBQT96MI_00075/,1,동영상,1~3
,2~3,http://openapi.kspo.or.kr/web/video/,유아기 응용 기본운동기술-조작성 운동,201563009,29.97,1555,1920*1080,풍선,유아기,1169,2~4,0CBQT96MI_00075_FR_00014.jpeg,,2022,실내,85,,한국어,풍선치기(라켓-오버),20230714,,풍선 테니스 해요,39.005,3~5 분,mp4,0CBQT96MI_00075.mp4,,http://openapi.kspo.or.kr/web/image/0CBQT96MI_00075/,2,동영상,1~3
,2~3,http://openapi.kspo.or.kr/web/video/,유아기 응용 기본운동기술-조작성 운동,201563009,29.97,1556,1920*1080,풍선,유아기,1480,2~4,0CBQT96MI_00075_SC_00003.jpeg,,2022,실내,85,,한국어,풍선치기(라켓),20230714,,풍선 테니스 해요,49.382,3~5 분,mp4,0CBQT96MI_00075.mp4,,http://openapi.kspo.or.kr/web/image/0CBQT96MI_00075/,3,동영상,1~3
,2~3,http://openapi.kspo.or.kr/web/video/,유아기 응용 기본운동기술-조작성 운동,203997670,29.97,1557,1920*1080,공,유아기,720,2~3,0CBQTNKJ0_00076_FR_00009.jpeg,,2022,"실내, 실외",86,,한국어,공던지기,20230714,,캐치볼을 해요,24.024,2~5 분,mp4,0CBQTNKJ0_00076.mp4,,http://openapi.kspo.or.kr/web/image/0CBQTNKJ0_00076/,1,동영상,1~3
,2~3,http://openapi.kspo.or.kr/web/video/,유아기 응용 기본운동기술-조작성 운동,203997670,29.97,1558,1920*1080,공,유아기,810,2~3,0CBQTNKJ0_00076_FR_00010.jpeg,,2022,"실내, 실외",86,,한국어,공받기,20230714,,캐치볼을 해요,27.027,2~5 분,mp4,0CBQTNKJ0_00076.mp4,,http://openapi.kspo.or.kr/web/image/0CBQTNKJ0_00076/,2,동영상,1~3
,2~5,http://openapi.kspo.or.kr/web/video/,유아기 응용 기본운동기술-조작성 운동,226530935,29.97,1559,1920*1080,공,유아기,813,2~4,0CBQTYM7X_00077_SC_00003.jpeg,,2022,"실내, 실외",94,,한국어,발로 공 멈추기,20230714,,다양한 공을 멈춰요,27.127,10~60 초,mp4,0CBQTYM7X_00077.mp4,,http://openapi.kspo.or.kr/web/image/0CBQTYM7X_00077/,1,동영상,1~5
,2~5,http://openapi.kspo.or.kr/web/video/,유아기 응용 기본운동기술-조작성 운동,226530935,29.97,1560,1920*1080,공,유아기,2068,2~4,0CBQTYM7X_00077_FR_00024.jpeg,,2022,"실내, 실외",94,,한국어,발로 공 멈추기,20230714,,다양한 공을 멈춰요,69.002,10~60 초,mp4,0CBQTYM7X_00077.mp4,,http://openapi.kspo.or.kr/web/image/0CBQTYM7X_00077/,2,동영상,1~5
,2~3,http://openapi.kspo.or.kr/web/video/,유아기 응용 기본운동기술-조작성 운동,216233093,29.97,1561,1920*1080,막대,유아기,755,2~4,0CBQUSRHN_00078_SC_00002.jpeg,,2022,"실내, 실외",90,,한국어,막대로 공치기,20230714,,다양한 공을 쳐요,25.191,5~30 초,mp4,0CBQUSRHN_00078.mp4,,http://openapi.kspo.or.kr/web/image/0CBQUSRHN_00078/,1,동영상,1~5
,2~3,http://openapi.kspo.or.kr/web/video/,유아기 응용 기본운동기술-조작성 운동,216233093,29.97,1562,1920*1080,막대,유아기,1439,2~4,0CBQUSRHN_00078_FR_00017.jpeg,,2022,"실내, 실외",90,,한국어,막대로 공치기,20230714,,다양한 공을 쳐요,48.014,5~30 초,mp4,0CBQUSRHN_00078.mp4,,http://openapi.kspo.or.kr/web/image/0CBQUSRHN_00078/,2,동영상,1~5
,2~3,http://openapi.kspo.or.kr/web/video/,유아기 응용 기본운동기술-조작성 운동,216233093,29.97,1563,1920*1080,막대,유아기,1712,2~4,0CBQUSRHN_00078_SC_00007.jpeg,,2022,"실내, 실외",90,,한국어,막대로 공치기,20230714,,다양한 공을 쳐요,57.123,5~30 초,mp4,0CBQUSRHN_00078.mp4,,http://openapi.kspo.or.kr/web/image/0CBQUSRHN_00078/,3,동영상,1~5
"넓은등근,등세모근,위팔두갈래근,위팔세갈래근",5~20,http://openapi.kspo.or.kr/web/video/,"유아기 응용 근력,근지구력(대근육) 운동",280223333,29.97,1564,1920*1080,밴드,유아기,1259,2~4,0C9HR7NGJ_00011_FR_00015.jpeg,"광배근,승모근,상완이두근,상완삼두근",2022,실내,116,"등,등,앞쪽 위팔,뒤쪽 위팔",한국어,밴드 당기기,20230601,"등과 허리의 근,등과 허리의 근,상지의 근,상지의 근",밴드를 당겨요,42.008,,mp4,0C9HR7NGJ_00011.mp4,"Latissimus Dorsi,Trapezius,Biceps Brachii,Triceps Brachii",http://openapi.kspo.or.kr/web/image/0C9HR7NGJ_00011/,1,동영상,1~3
"넓은등근,등세모근,위팔두갈래근,위팔세갈래근",5~20,http://openapi.kspo.or.kr/web/video/,"유아기 응용 근력,근지구력(대근육) 운동",280223333,29.97,1565,1920*1080,밴드,유아기,1349,2~4,0C9HR7NGJ_00011_FR_00016.jpeg,"광배근,승모근,상완이두근,상완삼두근",2022,실내,116,"등,등,앞쪽 위팔,뒤쪽 위팔",한국어,밴드 당기기,20230601,"등과 허리의 근,등과 허리의 근,상지의 근,상지의 근",밴드를 당겨요,45.011,,mp4,0C9HR7NGJ_00011.mp4,"Latissimus Dorsi,Trapezius,Biceps Brachii,Triceps Brachii",http://openapi.kspo.or.kr/web/image/0C9HR7NGJ_00011/,2,동영상,1~3
"큰가슴근,볼기근,엉덩허리근,등세모근,마름모근,어깨세모근",2~3,http://openapi.kspo.or.kr/web/video/,유아기 기본 대근육 운동,946046934,29.97,1566,1920*1080,,유아기,5453,2~2,0CBJQ8GEW_00013_SC_00021.jpeg,"승모근,능형근,둔근,삼각근,장요근,대흉근",2022,실내,538,"등,등,엉덩이,바깥쪽 어깨 ,앞쪽 골반,가슴",한국어,엎드려 버티기,20230710,"등과 허리의 근,등과 허리의 근,골반의 근,상지의 근,골반의 근,가슴의 근","(기본편)근력,근지구력-대근육",181.948,10~30 초,mp4,0CBJQ8GEW_00013.mp4,"Trapezius,Rhomboid,Gluteal,Deltoid,Iliopsoas,Pectoralis Major",http://openapi.kspo.or.kr/web/image/0CBJQ8GEW_00013/,3,동영상,1~3
"넓은등근,등세모근,위팔두갈래근,위팔세갈래근",5~20,http://openapi.kspo.or.kr/web/video/,"유아기 응용 근력,근지구력(대근육) 운동",280223333,29.97,1567,1920*1080,밴드,유아기,2068,2~4,0C9HR7NGJ_00011_FR_00024.jpeg,"광배근,승모근,상완이두근,상완삼두근",2022,실내,116,"등,등,앞쪽 위팔,뒤쪽 위팔",한국어,밴드 당기기,20230601,"등과 허리의 근,등과 허리의 근,상지의 근,상지의 근",밴드를 당겨요,69.002,,mp4,0C9HR7NGJ_00011.mp4,"Latissimus Dorsi,Trapezius,Biceps Brachii,Triceps Brachii",http://openapi.kspo.or.kr/web/image/0C9HR7NGJ_00011/,3,동영상,1~3
"넓은등근,등세모근,위팔두갈래근,위팔세갈래근",5~20,http://openapi.kspo.or.kr/web/video/,"유아기 응용 근력,근지구력(대근육) 운동",280223333,29.97,1568,1920*1080,밴드,유아기,2582,2~4,0C9HR7NGJ_00011_SC_00005.jpeg,"광배근,승모근,상완이두근,상완삼두근",2022,실내,116,"등,등,앞쪽 위팔,뒤쪽 위팔",한국어,밴드 당기기,20230601,"등과 허리의 근,등과 허리의 근,상지의 근,상지의 근",밴드를 당겨요,86.152,,mp4,0C9HR7NGJ_00011.mp4,"Latissimus Dorsi,Trapezius,Biceps Brachii,Triceps Brachii",http://openapi.kspo.or.kr/web/image/0C9HR7NGJ_00011/,4,동영상,1~3
"등세모근,어깨세모근,위팔세갈래근,가자미근,넙다리네갈래근,넙다리두갈래근,장딴지근",5~15,http://openapi.kspo.or.kr/web/video/,"유아기 기본 심폐지구력, 협응성 운동",493249609,29.97,1569,1920*1080,,유아기,1889,2~4,0CBL9UY7E_00018_FR_00022.jpeg,"넙치근,대퇴사두근,대퇴이두근,승모근,삼각근,상완삼두근,비복근",2022,"실내, 실외",308,"종아리,앞쪽 넓적다리,뒤쪽 넓적다리,등,바깥쪽 어깨 ,뒤쪽 위팔,종아리",한국어,새처럼 날아요-팔벌린자세,20230711,"하지의 근,하지의 근,하지의 근,등과 허리의 근,상지의 근,상지의 근,하지의 근","(기본편)심폐지구력,협응성",63.029,10~30 초,mp4,0CBL9UY7E_00018.mp4,"Soleus,Quadriceps Femoris,Biceps Femoris,Trapezius,Deltoid,Triceps Brachii,Gastrocnemius",http://openapi.kspo.or.kr/web/image/0CBL9UY7E_00018/,1,동영상,1~3
"등세모근,어깨세모근,위팔세갈래근,가자미근,넙다리네갈래근,넙다리두갈래근,장딴지근",5~15,http://openapi.kspo.or.kr/web/video/,"유아기 기본 심폐지구력, 협응성 운동",493249609,29.97,1570,1920*1080,,유아기,2158,2~4,0CBL9UY7E_00018_FR_00025.jpeg,"넙치근,대퇴사두근,대퇴이두근,승모근,삼각근,상완삼두근,비복근",2022,"실내, 실외",308,"종아리,앞쪽 넓적다리,뒤쪽 넓적다리,등,바깥쪽 어깨 ,뒤쪽 위팔,종아리",한국어,새처럼 날아요-차렷자세,20230711,"하지의 근,하지의 근,하지의 근,등과 허리의 근,상지의 근,상지의 근,하지의 근","(기본편)심폐지구력,협응성",72.005,10~30 초,mp4,0CBL9UY7E_00018.mp4,"Soleus,Quadriceps Femoris,Biceps Femoris,Trapezius,Deltoid,Triceps Brachii,Gastrocnemius",http://openapi.kspo.or.kr/web/image/0CBL9UY7E_00018/,2,동영상,1~3
"앞톱니근,큰가슴근,작은가슴근,넓은등근,어깨세모근,넙다리네갈래근,넙다리두갈래근,앞정강근,장딴지근",2~3,http://openapi.kspo.or.kr/web/video/,"유아기 기본 심폐지구력, 협응성 운동",493249609,29.97,1571,1920*1080,,유아기,2968,2~4,0CBL9UY7E_00018_FR_00034.jpeg,"광배근,대퇴사두근,대퇴이두근,전경골근,전거근,삼각근,대흉근,소흉근,비복근",2022,"실내, 실외",308,"등,앞쪽 넓적다리,뒤쪽 넓적다리,정강이,가슴,바깥쪽 어깨 ,가슴,가슴,종아리",한국어,펀치스텝(왼손),20230711,"등과 허리의 근,하지의 근,하지의 근,하지의 근,가슴의 근,상지의 근,가슴의 근,가슴의 근,하지의 근","(기본편)심폐지구력,협응성",99.032,10~30 초,mp4,0CBL9UY7E_00018.mp4,"Latissimus Dorsi,Quadriceps Femoris,Biceps Femoris,Tibialis Anterior,Serratus Anterior,Deltoid,Pectoralis Major,Pectoralis Minor,Gastrocnemius",http://openapi.kspo.or.kr/web/image/0CBL9UY7E_00018/,3,동영상,1~3
"앞톱니근,큰가슴근,작은가슴근,넓은등근,어깨세모근,넙다리네갈래근,넙다리두갈래근,앞정강근,장딴지근",2~3,http://openapi.kspo.or.kr/web/video/,"유아기 기본 심폐지구력, 협응성 운동",493249609,29.97,1572,1920*1080,,유아기,3417,2~4,0CBL9UY7E_00018_FR_00039.jpeg,"광배근,대퇴사두근,대퇴이두근,전경골근,전거근,삼각근,대흉근,소흉근,비복근",2022,"실내, 실외",308,"등,앞쪽 넓적다리,뒤쪽 넓적다리,정강이,가슴,바깥쪽 어깨 ,가슴,가슴,종아리",한국어,펀치스텝(오른손),20230712,"등과 허리의 근,하지의 근,하지의 근,하지의 근,가슴의 근,상지의 근,가슴의 근,가슴의 근,하지의 근","(기본편)심폐지구력,협응성",114.013,10~30 초,mp4,0CBL9UY7E_00018.mp4,"Latissimus Dorsi,Quadriceps Femoris,Biceps Femoris,Tibialis Anterior,Serratus Anterior,Deltoid,Pectoralis Major,Pectoralis Minor,Gastrocnemius",http://openapi.kspo.or.kr/web/image/0CBL9UY7E_00018/,4,동영상,1~3
"앞톱니근,큰가슴근,작은가슴근,넓은등근,어깨세모근,넙다리네갈래근,넙다리두갈래근,앞정강근,장딴지근",2~3,http://openapi.kspo.or.kr/web/video/,"유아기 기본 심폐지구력, 협응성 운동",493249609,29.97,1573,1920*1080,,유아기,3713,2~4,0CBL9UY7E_00018_SC_00012.jpeg,"광배근,대퇴사두근,대퇴이두근,전경골근,전거근,삼각근,대흉근,소흉근,비복근",2022,"실내, 실외",308,"등,앞쪽 넓적다리,뒤쪽 넓적다리,정강이,가슴,바깥쪽 어깨 ,가슴,가슴,종아리",한국어,펀치스텝(보조),20230711,"등과 허리의 근,하지의 근,하지의 근,하지의 근,가슴의 근,상지의 근,가슴의 근,가슴의 근,하지의 근","(기본편)심폐지구력,협응성",123.89,10~30 초,mp4,0CBL9UY7E_00018.mp4,"Latissimus Dorsi,Quadriceps Femoris,Biceps Femoris,Tibialis Anterior,Serratus Anterior,Deltoid,Pectoralis Major,Pectoralis Minor,Gastrocnemius",http://openapi.kspo.or.kr/web/image/0CBL9UY7E_00018/,5,동영상,1~3
"넙다리곧은근,넙다리네갈래근,넙다리두갈래근,뒤정강근,앞정강근,장딴지근",2~3,http://openapi.kspo.or.kr/web/video/,"유아기 기본 심폐지구력, 협응성 운동",493249609,29.97,1574,1920*1080,,유아기,4316,2~3,0CBL9UY7E_00018_FR_00049.jpeg,"대퇴직근,대퇴사두근,대퇴이두근,후경골근,전경골근,비복근",2022,"실내, 실외",308,"앞쪽 넓적다리,앞쪽 넓적다리,뒤쪽 넓적다리,발목,정강이,종아리",한국어,총총총 뛰어요(준비동작),20230711,"하지의 근,하지의 근,하지의 근,하지의 근,하지의 근,하지의 근","(기본편)심폐지구력,협응성",144.01,10~60 초,mp4,0CBL9UY7E_00018.mp4,"Rectus Femoris,Quadriceps Femoris,Biceps Femoris,Tibialis Posterior,Tibialis Anterior,Gastrocnemius",http://openapi.kspo.or.kr/web/image/0CBL9UY7E_00018/,6,동영상,1~3
"넙다리곧은근,넙다리네갈래근,넙다리두갈래근,뒤정강근,앞정강근,장딴지근",2~3,http://openapi.kspo.or.kr/web/video/,"유아기 기본 심폐지구력, 협응성 운동",493249609,29.97,1575,1920*1080,,유아기,4406,2~3,0CBL9UY7E_00018_FR_00050.jpeg,"대퇴직근,대퇴사두근,대퇴이두근,후경골근,전경골근,비복근",2022,"실내, 실외",308,"앞쪽 넓적다리,앞쪽 넓적다리,뒤쪽 넓적다리,발목,정강이,종아리",한국어,총총총 뛰어요(준비동작),20230711,"하지의 근,하지의 근,하지의 근,하지의 근,하지의 근,하지의 근","(기본편)심폐지구력,협응성",147.013,10~60 초,mp4,0CBL9UY7E_00018.mp4,"Rectus Femoris,Quadriceps Femoris,Biceps Femoris,Tibialis Posterior,Tibialis Anterior,Gastrocnemius",http://openapi.kspo.or.kr/web/image/0CBL9UY7E_00018/,7,동영상,1~3
"앞톱니근,큰가슴근,작은가슴근,넓은등근,어깨세모근,넙다리네갈래근,넙다리두갈래근,앞정강근,장딴지근",2~3,http://openapi.kspo.or.kr/web/video/,"유아기 기본 심폐지구력, 협응성 운동",493249609,29.97,1576,1920*1080,,유아기,6062,2~4,0CBL9UY7E_00018_SC_00018.jpeg,"광배근,대퇴사두근,대퇴이두근,전경골근,전거근,삼각근,대흉근,소흉근,비복근",2022,"실내, 실외",308,"등,앞쪽 넓적다리,뒤쪽 넓적다리,정강이,가슴,바깥쪽 어깨 ,가슴,가슴,종아리",한국어,점프펀치,20230711,"등과 허리의 근,하지의 근,하지의 근,하지의 근,가슴의 근,상지의 근,가슴의 근,가슴의 근,하지의 근","(기본편)심폐지구력,협응성",202.268,10~30 초,mp4,0CBL9UY7E_00018.mp4,"Latissimus Dorsi,Quadriceps Femoris,Biceps Femoris,Tibialis Anterior,Serratus Anterior,Deltoid,Pectoralis Major,Pectoralis Minor,Gastrocnemius",http://openapi.kspo.or.kr/web/image/0CBL9UY7E_00018/,8,동영상,1~3
"앞톱니근,큰가슴근,작은가슴근,넓은등근,어깨세모근,넙다리네갈래근,넙다리두갈래근,앞정강근,장딴지근",2~3,http://openapi.kspo.or.kr/web/video/,"유아기 기본 심폐지구력, 협응성 운동",493249609,29.97,1577,1920*1080,,유아기,6352,2~4,0CBL9UY7E_00018_SC_00020.jpeg,"광배근,대퇴사두근,대퇴이두근,전경골근,전거근,삼각근,대흉근,소흉근,비복근",2022,"실내, 실외",308,"등,앞쪽 넓적다리,뒤쪽 넓적다리,정강이,가슴,바깥쪽 어깨 ,가슴,가슴,종아리",한국어,점프펀치(보조),20230711,"등과 허리의 근,하지의 근,하지의 근,하지의 근,가슴의 근,상지의 근,가슴의 근,가슴의 근,하지의 근","(기본편)심폐지구력,협응성",211.945,10~30 초,mp4,0CBL9UY7E_00018.mp4,"Latissimus Dorsi,Quadriceps Femoris,Biceps Femoris,Tibialis Anterior,Serratus Anterior,Deltoid,Pectoralis Major,Pectoralis Minor,Gastrocnemius",http://openapi.kspo.or.kr/web/image/0CBL9UY7E_00018/,9,동영상,1~3
"노쪽 손목 폄근,노쪽손목굽힘근,어깨세모근,위팔두갈래근,위팔세갈래근,넙다리네갈래근,넙다리두갈래근,앞정강근,장딴지근",2~3,http://openapi.kspo.or.kr/web/video/,"유아기 기본 심폐지구력, 협응성 운동",493249609,29.97,1578,1920*1080,,유아기,6834,2~3,0CBL9UY7E_00018_FR_00077.jpeg,"대퇴사두근,대퇴이두근,요측수근신근,요측수근굴근,전경골근,삼각근,상완이두근,상완삼두근,비복근",2022,"실내, 실외",308,"앞쪽 넓적다리,뒤쪽 넓적다리,뒤쪽 아래팔,앞쪽 아래팔,정강이,바깥쪽 어깨 ,앞쪽 위팔,뒤쪽 위팔,종아리",한국어,빵야 빵야를 해요,20230711,"하지의 근,하지의 근,상지의 근,상지의 근,하지의 근,상지의 근,상지의 근,상지의 근,하지의 근","(기본편)심폐지구력,협응성",228.027,10~30 초,mp4,0CBL9UY7E_00018.mp4,"Quadriceps Femoris,Biceps Femoris,Extensor Carpi Radialis,Flexor Carpi Radialis,Tibialis Anterior,Deltoid,Biceps Brachii,Triceps Brachii,Gastrocnemius",http://openapi.kspo.or.kr/web/image/0CBL9UY7E_00018/,10,동영상,1~5
"노쪽 손목 폄근,노쪽손목굽힘근,어깨세모근,위팔두갈래근,위팔세갈래근,넙다리네갈래근,넙다리두갈래근,앞정강근,장딴지근",2~3,http://openapi.kspo.or.kr/web/video/,"유아기 기본 심폐지구력, 협응성 운동",493249609,29.97,1579,1920*1080,,유아기,6924,2~3,0CBL9UY7E_00018_FR_00078.jpeg,"대퇴사두근,대퇴이두근,요측수근신근,요측수근굴근,전경골근,삼각근,상완이두근,상완삼두근,비복근",2022,"실내, 실외",308,"앞쪽 넓적다리,뒤쪽 넓적다리,뒤쪽 아래팔,앞쪽 아래팔,정강이,바깥쪽 어깨 ,앞쪽 위팔,뒤쪽 위팔,종아리",한국어,빵야 빵야를 해요,20230711,"하지의 근,하지의 근,상지의 근,상지의 근,하지의 근,상지의 근,상지의 근,상지의 근,하지의 근","(기본편)심폐지구력,협응성",231.03,10~30 초,mp4,0CBL9UY7E_00018.mp4,"Quadriceps Femoris,Biceps Femoris,Extensor Carpi Radialis,Flexor Carpi Radialis,Tibialis Anterior,Deltoid,Biceps Brachii,Triceps Brachii,Gastrocnemius",http://openapi.kspo.or.kr/web/image/0CBL9UY7E_00018/,11,동영상,1~5
"노쪽 손목 폄근,노쪽손목굽힘근,어깨세모근,위팔두갈래근,위팔세갈래근,넙다리네갈래근,넙다리두갈래근,앞정강근,장딴지근",2~3,http://openapi.kspo.or.kr/web/video/,"유아기 기본 심폐지구력, 협응성 운동",493249609,29.97,1580,1920*1080,,유아기,7733,2~3,0CBL9UY7E_00018_FR_00087.jpeg,"대퇴사두근,대퇴이두근,요측수근신근,요측수근굴근,전경골근,삼각근,상완이두근,상완삼두근,비복근",2022,"실내, 실외",308,"앞쪽 넓적다리,뒤쪽 넓적다리,뒤쪽 아래팔,앞쪽 아래팔,정강이,바깥쪽 어깨 ,앞쪽 위팔,뒤쪽 위팔,종아리",한국어,빵야 빵야를 해요,20230712,"하지의 근,하지의 근,상지의 근,상지의 근,하지의 근,상지의 근,상지의 근,상지의 근,하지의 근","(기본편)심폐지구력,협응성",258.024,10~30 초,mp4,0CBL9UY7E_00018.mp4,"Quadriceps Femoris,Biceps Femoris,Extensor Carpi Radialis,Flexor Carpi Radialis,Tibialis Anterior,Deltoid,Biceps Brachii,Triceps Brachii,Gastrocnemius",http://openapi.kspo.or.kr/web/image/0CBL9UY7E_00018/,12,동영상,1~5
"넙다리곧은근,넙다리네갈래근,넙다리빗근",2~3,http://openapi.kspo.or.kr/web/video/,유아기 기본 안정성 운동,1475714504,29.97,1581,1920*1080,,유아기,1619,2~3,0CBN6AUEP_00030_FR_00019.jpeg,"대퇴직근,대퇴사두근,봉공근",2022,실내,617,"앞쪽 넓적다리,앞쪽 넓적다리,앞쪽 넓적다리",한국어,굽히기를 해요,20230712,"하지의 근,하지의 근,하지의 근",(기본편)안정성 운동,54.02,10~60 초,mp4,0CBN6AUEP_00030.mp4,"Rectus Femoris,Quadriceps Femoris,Sartorius",http://openapi.kspo.or.kr/web/image/0CBN6AUEP_00030/,1,동영상,1~3
"넙다리곧은근,넙다리네갈래근,넙다리빗근",2~3,http://openapi.kspo.or.kr/web/video/,유아기 기본 안정성 운동,1475714504,29.97,1582,1920*1080,,유아기,2068,2~3,0CBN6AUEP_00030_FR_00024.jpeg,"대퇴직근,대퇴사두근,봉공근",2022,실내,617,"앞쪽 넓적다리,앞쪽 넓적다리,앞쪽 넓적다리",한국어,굽히기를 해요,20230712,"하지의 근,하지의 근,하지의 근",(기본편)안정성 운동,69.002,10~60 초,mp4,0CBN6AUEP_00030.mp4,"Rectus Femoris,Quadriceps Femoris,Sartorius",http://openapi.kspo.or.kr/web/image/0CBN6AUEP_00030/,2,동영상,1~3
"배곧은근,배바깥빗근,배빗근,배속빗근",2~3,http://openapi.kspo.or.kr/web/video/,유아기 기본 안정성 운동,1475714504,29.97,1583,1920*1080,,유아기,2968,2~3,0CBN6AUEP_00030_FR_00034.jpeg,"복직근,외복사근,복사근,내복사근",2022,실내,617,"복부,복부,복부,복부",한국어,굽히기를 해요,20230712,"복부의 근,복부의 근,복부의 근,복부의 근",(기본편)안정성 운동,99.032,10~60 초,mp4,0CBN6AUEP_00030.mp4,"Rectus Abdominis,Abdominal External Oblique,Abdominal Oblique,Abdominal Internal Oblique",http://openapi.kspo.or.kr/web/image/0CBN6AUEP_00030/,3,동영상,1~3
"넓은등근,척추세움근",2~3,http://openapi.kspo.or.kr/web/video/,유아기 기본 안정성 운동,1475714504,29.97,1584,1920*1080,,유아기,3327,2~3,0CBN6AUEP_00030_FR_00038.jpeg,"광배근,척추기립근",2022,실내,617,"등,척추",한국어,굽히기를 해요,20230712,"등과 허리의 근,등과 허리의 근",(기본편)안정성 운동,111.01,10~60 초,mp4,0CBN6AUEP_00030.mp4,"Latissimus Dorsi,Erector Spinae",http://openapi.kspo.or.kr/web/image/0CBN6AUEP_00030/,4,동영상,1~3
"돌림근,배바깥빗근,배속빗근",2~3,http://openapi.kspo.or.kr/web/video/,유아기 기본 안정성 운동,1475714504,29.97,1585,1920*1080,,유아기,5395,2~3,0CBN6AUEP_00030_FR_00061.jpeg,"회전근,외복사근,내복사근",2022,실내,617,"척추,복부,복부",한국어,비틀기를 해요,20230712,"등과 허리의 근,복부의 근,복부의 근",(기본편)안정성 운동,180.013,10~30 초,mp4,0CBN6AUEP_00030.mp4,"Rotatores,Abdominal External Oblique,Abdominal Internal Oblique",http://openapi.kspo.or.kr/web/image/0CBN6AUEP_00030/,5,동영상,1~3
"돌림근,배바깥빗근,배속빗근",2~3,http://openapi.kspo.or.kr/web/video/,유아기 기본 안정성 운동,1475714504,29.97,1586,1920*1080,,유아기,6204,2~3,0CBN6AUEP_00030_FR_00070.jpeg,"회전근,외복사근,내복사근",2022,실내,617,"척추,복부,복부",한국어,비틀기를 해요,20230712,"등과 허리의 근,복부의 근,복부의 근",(기본편)안정성 운동,207.006,10~30 초,mp4,0CBN6AUEP_00030.mp4,"Rotatores,Abdominal External Oblique,Abdominal Internal Oblique",http://openapi.kspo.or.kr/web/image/0CBN6AUEP_00030/,6,동영상,1~3
"돌림근,배바깥빗근,배속빗근",2~3,http://openapi.kspo.or.kr/web/video/,유아기 기본 안정성 운동,1475714504,29.97,1587,1920*1080,,유아기,6744,2~3,0CBN6AUEP_00030_FR_00076.jpeg,"회전근,외복사근,내복사근",2022,실내,617,"척추,복부,복부",한국어,비틀기를 해요,20230712,"등과 허리의 근,복부의 근,복부의 근",(기본편)안정성 운동,225.024,10~30 초,mp4,0CBN6AUEP_00030.mp4,"Rotatores,Abdominal External Oblique,Abdominal Internal Oblique",http://openapi.kspo.or.kr/web/image/0CBN6AUEP_00030/,7,동영상,1~3
돌림근,2~3,http://openapi.kspo.or.kr/web/video/,유아기 기본 안정성 운동,1475714504,29.97,1588,1920*1080,,유아기,9261,2~3,0CBN6AUEP_00030_FR_00104.jpeg,회전근,2022,실내,617,척추,한국어,흔들기를 해요,20230712,등과 허리의 근,(기본편)안정성 운동,309.008,10~30 초,mp4,0CBN6AUEP_00030.mp4,Rotatores,http://openapi.kspo.or.kr/web/image/0CBN6AUEP_00030/,8,동영상,1~3
돌림근,2~3,http://openapi.kspo.or.kr/web/video/,유아기 기본 안정성 운동,1475714504,29.97,1589,1920*1080,,유아기,9621,2~3,0CBN6AUEP_00030_FR_00108.jpeg,회전근,2022,실내,617,척추,한국어,흔들기를 해요,20230712,등과 허리의 근,(기본편)안정성 운동,321.02,10~30 초,mp4,0CBN6AUEP_00030.mp4,Rotatores,http://openapi.kspo.or.kr/web/image/0CBN6AUEP_00030/,9,동영상,1~3
돌림근,2~3,http://openapi.kspo.or.kr/web/video/,유아기 기본 안정성 운동,1475714504,29.97,1590,1920*1080,,유아기,11059,2~3,0CBN6AUEP_00030_FR_00124.jpeg,회전근,2022,실내,617,척추,한국어,흔들기를 해요,20230712,등과 허리의 근,(기본편)안정성 운동,369.001,10~30 초,mp4,0CBN6AUEP_00030.mp4,Rotatores,http://openapi.kspo.or.kr/web/image/0CBN6AUEP_00030/,10,동영상,1~3
"돌림근,척추세움근",2~3,http://openapi.kspo.or.kr/web/video/,유아기 기본 안정성 운동,1475714504,29.97,1591,1920*1080,,유아기,12048,2~2,0CBN6AUEP_00030_FR_00135.jpeg,"회전근,척추기립근",2022,실내,617,"척추,척추",한국어,돌기를 해요,20230712,"등과 허리의 근,등과 허리의 근",(기본편)안정성 운동,402.001,5~15 초,mp4,0CBN6AUEP_00030.mp4,"Rotatores,Erector Spinae",http://openapi.kspo.or.kr/web/image/0CBN6AUEP_00030/,11,동영상,1~2
"돌림근,척추세움근",2~3,http://openapi.kspo.or.kr/web/video/,유아기 기본 안정성 운동,1475714504,29.97,1592,1920*1080,,유아기,13428,2~2,0CBN6AUEP_00030_SC_00011.jpeg,"회전근,척추기립근",2022,실내,617,"척추,척추",한국어,돌기를 해요,20230712,"등과 허리의 근,등과 허리의 근",(기본편)안정성 운동,448.047,5~15 초,mp4,0CBN6AUEP_00030.mp4,"Rotatores,Erector Spinae",http://openapi.kspo.or.kr/web/image/0CBN6AUEP_00030/,12,동영상,1~2
"볼기근,척추세움근,배곧은근,뒤세모근,앞세모근,위팔근,큰원근",2~3,http://openapi.kspo.or.kr/web/video/,유아기 기본 안정성 운동,1475714504,29.97,1593,1920*1080,,유아기,15105,2~2,0CBN6AUEP_00030_FR_00169.jpeg,"후면삼각근,복직근,둔근,전면삼각근,상완근,척추기립근,대원근",2022,실내,617,"옆쪽 어깨 ,복부,엉덩이,앞쪽 어깨 ,앞쪽 위팔,척추,안쪽 어깨",한국어,거꾸로 균형을 잡아요,20230712,"상지의 근,복부의 근,골반의 근,상지의 근,상지의 근,등과 허리의 근,상지의 근",(기본편)안정성 운동,504.003,5~15 초,mp4,0CBN6AUEP_00030.mp4,"Posterior Deltoid,Rectus Abdominis,Gluteal,Anterior Deltoid,Brachialis,Erector Spinae,Teres Major",http://openapi.kspo.or.kr/web/image/0CBN6AUEP_00030/,13,동영상,1~3
"넙다리네갈래근,넙다리두갈래근",5~10,http://openapi.kspo.or.kr/web/video/,유아기 기본 대근육 운동,946046934,29.97,1594,1920*1080,,유아기,3133,2~4,0CBJQ8GEW_00013_SC_00014.jpeg,"대퇴사두근,대퇴이두근",2022,"실내, 실외",538,"앞쪽 넓적다리,뒤쪽 넓적다리",한국어,앉았다 일어서기,20230712,"하지의 근,하지의 근","(기본편)근력,근지구력-대근육",104.537,3~5 분,mp4,0CBJQ8GEW_00013.mp4,"Quadriceps Femoris,Biceps Femoris",http://openapi.kspo.or.kr/web/image/0CBJQ8GEW_00013/,2,동영상,3~5
"큰가슴근,큰볼기근,척추세움근,배빗근,앞정강근,장딴지근",2~3,http://openapi.kspo.or.kr/web/video/,유아기 기본 대근육 운동,946046934,29.97,1595,1920*1080,,유아기,7135,2~3,0CBJQ8GEW_00013_SC_00029.jpeg,"복사근,전경골근,대흉근,비복근,척추기립근,대둔근",2022,실내,538,"복부,정강이,가슴,종아리,척추,엉덩이",한국어,네 발로 걸어요,20230710,"복부의 근,하지의 근,가슴의 근,하지의 근,등과 허리의 근,골반의 근","(기본편)근력,근지구력-대근육",238.071,10~15 초,mp4,0CBJQ8GEW_00013.mp4,"Abdominal Oblique,Tibialis Anterior,Pectoralis Major,Gastrocnemius,Erector Spinae,Gluteus Maximus",http://openapi.kspo.or.kr/web/image/0CBJQ8GEW_00013/,4,동영상,2~3
"척추세움근,배바깥빗근,어깨세모근",2~3,http://openapi.kspo.or.kr/web/video/,유아기 기본 대근육 운동,946046934,29.97,1596,1920*1080,,유아기,8556,2~3,0CBJQ8GEW_00013_SC_00032.jpeg,"외복사근,삼각근,척추기립근",2022,실내,538,"복부,바깥쪽 어깨 ,척추",한국어,엎드려 암터치,20230712,"복부의 근,상지의 근,등과 허리의 근","(기본편)근력,근지구력-대근육",285.485,10~30 초,mp4,0CBJQ8GEW_00013.mp4,"Abdominal External Oblique,Deltoid,Erector Spinae",http://openapi.kspo.or.kr/web/image/0CBJQ8GEW_00013/,5,동영상,1~3
"척추세움근,배바깥빗근,어깨세모근",2~3,http://openapi.kspo.or.kr/web/video/,유아기 기본 대근육 운동,946046934,29.97,1597,1920*1080,,유아기,9049,2~3,0CBJQ8GEW_00013_SC_00033.jpeg,"외복사근,삼각근,척추기립근",2022,실내,538,"복부,바깥쪽 어깨 ,척추",한국어,엎드려 암터치,20230710,"복부의 근,상지의 근,등과 허리의 근","(기본편)근력,근지구력-대근육",301.934,10~30 초,mp4,0CBJQ8GEW_00013.mp4,"Abdominal External Oblique,Deltoid,Erector Spinae",http://openapi.kspo.or.kr/web/image/0CBJQ8GEW_00013/,6,동영상,1~3
"척추세움근,배바깥빗근,어깨세모근",2~3,http://openapi.kspo.or.kr/web/video/,유아기 기본 대근육 운동,946046934,29.97,1598,1920*1080,,유아기,9397,2~3,0CBJQ8GEW_00013_SC_00034.jpeg,"외복사근,삼각근,척추기립근",2022,실내,538,"복부,바깥쪽 어깨 ,척추",한국어,엎드려 암터치,20230710,"복부의 근,상지의 근,등과 허리의 근","(기본편)근력,근지구력-대근육",313.546,10~30 초,mp4,0CBJQ8GEW_00013.mp4,"Abdominal External Oblique,Deltoid,Erector Spinae",http://openapi.kspo.or.kr/web/image/0CBJQ8GEW_00013/,7,동영상,1~3
"등세모근,척추세움근,노쪽 손목 폄근,노쪽손목굽힘근,어깨세모근,위팔두갈래근,위팔세갈래근,넙다리곧은근",2~3,http://openapi.kspo.or.kr/web/video/,유아기 기본 대근육 운동,946046934,29.97,1599,1920*1080,,유아기,10412,2~3,0CBJQ8GEW_00013_SC_00037.jpeg,"대퇴직근,요측수근신근,요측수근굴근,승모근,삼각근,상완이두근,상완삼두근,척추기립근",2022,실내,538,"앞쪽 넓적다리,뒤쪽 아래팔,앞쪽 아래팔,등,바깥쪽 어깨 ,앞쪽 위팔,뒤쪽 위팔,척추",한국어,엉금엉금 기어요,20230710,"하지의 근,상지의 근,상지의 근,등과 허리의 근,상지의 근,상지의 근,상지의 근,등과 허리의 근","(기본편)근력,근지구력-대근육",347.413,10~30 초,mp4,0CBJQ8GEW_00013.mp4,"Rectus Femoris,Extensor Carpi Radialis,Flexor Carpi Radialis,Trapezius,Deltoid,Biceps Brachii,Triceps Brachii,Erector Spinae",http://openapi.kspo.or.kr/web/image/0CBJQ8GEW_00013/,8,동영상,1~3
"볼기근,큰볼기근,넓은등근,척추세움근",2~3,http://openapi.kspo.or.kr/web/video/,유아기 기본 대근육 운동,946046934,29.97,1600,1920*1080,,유아기,11949,2~3,0CBJQ8GEW_00013_SC_00041.jpeg,"광배근,둔근,척추기립근,대둔근",2022,실내,538,"등,엉덩이,척추,엉덩이",한국어,브릿지 만들기,20230710,"등과 허리의 근,골반의 근,등과 허리의 근,골반의 근","(기본편)근력,근지구력-대근육",398.698,10~30 초,mp4,0CBJQ8GEW_00013.mp4,"Latissimus Dorsi,Gluteal,Erector Spinae,Gluteus Maximus",http://openapi.kspo.or.kr/web/image/0CBJQ8GEW_00013/,9,동영상,1~3
"볼기근,큰볼기근,넓은등근,척추세움근",2~3,http://openapi.kspo.or.kr/web/video/,유아기 기본 대근육 운동,946046934,29.97,1601,1920*1080,,유아기,12703,2~3,0CBJQ8GEW_00013_SC_00043.jpeg,"광배근,둔근,척추기립근,대둔근",2022,실내,538,"등,엉덩이,척추,엉덩이",한국어,브릿지 만들기(준비),20230712,"등과 허리의 근,골반의 근,등과 허리의 근,골반의 근","(기본편)근력,근지구력-대근육",423.856,10~30 초,mp4,0CBJQ8GEW_00013.mp4,"Latissimus Dorsi,Gluteal,Erector Spinae,Gluteus Maximus",http://openapi.kspo.or.kr/web/image/0CBJQ8GEW_00013/,10,동영상,1~3
"볼기근,큰볼기근,넓은등근,척추세움근",2~3,http://openapi.kspo.or.kr/web/video/,유아기 기본 대근육 운동,946046934,29.97,1602,1920*1080,,유아기,12877,2~3,0CBJQ8GEW_00013_SC_00044.jpeg,"광배근,둔근,척추기립근,대둔근",2022,실내,538,"등,엉덩이,척추,엉덩이",한국어,브릿지 만들기,20230710,"등과 허리의 근,골반의 근,등과 허리의 근,골반의 근","(기본편)근력,근지구력-대근육",429.662,10~30 초,mp4,0CBJQ8GEW_00013.mp4,"Latissimus Dorsi,Gluteal,Erector Spinae,Gluteus Maximus",http://openapi.kspo.or.kr/web/image/0CBJQ8GEW_00013/,11,동영상,1~3
"볼기근,큰볼기근,넓은등근,척추세움근",2~3,http://openapi.kspo.or.kr/web/video/,유아기 기본 대근육 운동,946046934,29.97,1603,1920*1080,,유아기,12906,2~3,0CBJQ8GEW_00013_SC_00045.jpeg,"광배근,둔근,척추기립근,대둔근",2022,실내,538,"등,엉덩이,척추,엉덩이",한국어,브릿지 만들기(준비),20230712,"등과 허리의 근,골반의 근,등과 허리의 근,골반의 근","(기본편)근력,근지구력-대근육",430.63,10~30 초,mp4,0CBJQ8GEW_00013.mp4,"Latissimus Dorsi,Gluteal,Erector Spinae,Gluteus Maximus",http://openapi.kspo.or.kr/web/image/0CBJQ8GEW_00013/,12,동영상,1~3
"배곧은근,배빗근,넙다리네갈래근",2~3,http://openapi.kspo.or.kr/web/video/,유아기 기본 대근육 운동,946046934,29.97,1604,1920*1080,,유아기,13776,2~2,0CBJQ8GEW_00013_SC_00049.jpeg,"대퇴사두근,복직근,복사근",2022,실내,538,"앞쪽 넓적다리,복부,복부",한국어,윗몸 말아 올리기(준비),20230712,"하지의 근,복부의 근,복부의 근","(기본편)근력,근지구력-대근육",459.659,30~60 초,mp4,0CBJQ8GEW_00013.mp4,"Quadriceps Femoris,Rectus Abdominis,Abdominal Oblique",http://openapi.kspo.or.kr/web/image/0CBJQ8GEW_00013/,13,동영상,1~3
"배곧은근,배빗근,넙다리네갈래근",2~3,http://openapi.kspo.or.kr/web/video/,유아기 기본 대근육 운동,946046934,29.97,1605,1920*1080,,유아기,14066,2~2,0CBJQ8GEW_00013_SC_00050.jpeg,"대퇴사두근,복직근,복사근",2022,실내,538,"앞쪽 넓적다리,복부,복부",한국어,윗몸 말아 올리기(준비),20230712,"하지의 근,복부의 근,복부의 근","(기본편)근력,근지구력-대근육",469.335,30~60 초,mp4,0CBJQ8GEW_00013.mp4,"Quadriceps Femoris,Rectus Abdominis,Abdominal Oblique",http://openapi.kspo.or.kr/web/image/0CBJQ8GEW_00013/,14,동영상,1~3
"배곧은근,배빗근,넙다리네갈래근",2~3,http://openapi.kspo.or.kr/web/video/,유아기 기본 대근육 운동,946046934,29.97,1606,1920*1080,,유아기,14327,2~2,0CBJQ8GEW_00013_SC_00051.jpeg,"대퇴사두근,복직근,복사근",2022,실내,538,"앞쪽 넓적다리,복부,복부",한국어,윗몸 말아 올리기,20230712,"하지의 근,복부의 근,복부의 근","(기본편)근력,근지구력-대근육",478.044,30~60 초,mp4,0CBJQ8GEW_00013.mp4,"Quadriceps Femoris,Rectus Abdominis,Abdominal Oblique",http://openapi.kspo.or.kr/web/image/0CBJQ8GEW_00013/,15,동영상,1~3
"뒤세모근,어깨세모근,위팔세갈래근,중간어깨세모근",2~2,http://openapi.kspo.or.kr/web/video/,유아기 기본 유연성 운동,1280580430,29.97,1607,1920*1080,,유아기,7222,2~2,0CBLD1GBU_00020_SC_00021.jpeg,"후면삼각근,삼각근,상완삼두근,측면 삼각근",2022,"실내, 실외",726,"옆쪽 어깨 ,바깥쪽 어깨 ,뒤쪽 위팔,바깥쪽 어깨 ",한국어,목 스트레칭,20230711,"상지의 근,상지의 근,상지의 근,상지의 근",(기본편)유연성,240.974,8~10 초,mp4,0CBLD1GBU_00020.mp4,"Posterior Deltoid,Deltoid,Triceps Brachii,Middle Deltoid",http://openapi.kspo.or.kr/web/image/0CBLD1GBU_00020/,6,동영상,1~3
"뒤세모근,어깨세모근,위팔세갈래근,중간어깨세모근",2~2,http://openapi.kspo.or.kr/web/video/,유아기 기본 유연성 운동,1280580430,29.97,1608,1920*1080,,유아기,7831,2~2,0CBLD1GBU_00020_SC_00023.jpeg,"후면삼각근,삼각근,상완삼두근,측면 삼각근",2022,"실내, 실외",726,"옆쪽 어깨 ,바깥쪽 어깨 ,뒤쪽 위팔,바깥쪽 어깨 ",한국어,목 스트레칭,20230711,"상지의 근,상지의 근,상지의 근,상지의 근",(기본편)유연성,261.294,8~10 초,mp4,0CBLD1GBU_00020.mp4,"Posterior Deltoid,Deltoid,Triceps Brachii,Middle Deltoid",http://openapi.kspo.or.kr/web/image/0CBLD1GBU_00020/,7,동영상,1~3
"뒤세모근,어깨세모근,위팔세갈래근,중간어깨세모근",2~2,http://openapi.kspo.or.kr/web/video/,유아기 기본 유연성 운동,1280580430,29.97,1609,1920*1080,,유아기,8498,2~2,0CBLD1GBU_00020_SC_00026.jpeg,"후면삼각근,삼각근,상완삼두근,측면 삼각근",2022,"실내, 실외",726,"옆쪽 어깨 ,바깥쪽 어깨 ,뒤쪽 위팔,바깥쪽 어깨 ",한국어,목 스트레칭,20230711,"상지의 근,상지의 근,상지의 근,상지의 근",(기본편)유연성,283.549,8~10 초,mp4,0CBLD1GBU_00020.mp4,"Posterior Deltoid,Deltoid,Triceps Brachii,Middle Deltoid",http://openapi.kspo.or.kr/web/image/0CBLD1GBU_00020/,8,동영상,1~3
"넓은등근,등세모근,마름모근,척추세움근,넙다리두갈래근",2~2,http://openapi.kspo.or.kr/web/video/,유아기 기본 유연성 운동,1280580430,29.97,1610,1920*1080,,유아기,10035,2~2,0CBLD1GBU_00020_SC_00029.jpeg,"광배근,대퇴이두근,승모근,능형근,척추기립근",2022,"실내, 실외",726,"등,뒤쪽 넓적다리,등,등,척추",한국어,허리 스트레칭,20230711,"등과 허리의 근,하지의 근,등과 허리의 근,등과 허리의 근,등과 허리의 근",(기본편)유연성,334.834,8~10 초,mp4,0CBLD1GBU_00020.mp4,"Latissimus Dorsi,Biceps Femoris,Trapezius,Rhomboid,Erector Spinae",http://openapi.kspo.or.kr/web/image/0CBLD1GBU_00020/,9,동영상,1~3
"넓은등근,등세모근,마름모근,척추세움근,넙다리두갈래근",2~2,http://openapi.kspo.or.kr/web/video/,유아기 기본 유연성 운동,1280580430,29.97,1611,1920*1080,,유아기,10644,2~2,0CBLD1GBU_00020_SC_00030.jpeg,"광배근,대퇴이두근,승모근,능형근,척추기립근",2022,"실내, 실외",726,"등,뒤쪽 넓적다리,등,등,척추",한국어,허리 스트레칭,20230711,"등과 허리의 근,하지의 근,등과 허리의 근,등과 허리의 근,등과 허리의 근",(기본편)유연성,355.154,8~10 초,mp4,0CBLD1GBU_00020.mp4,"Latissimus Dorsi,Biceps Femoris,Trapezius,Rhomboid,Erector Spinae",http://openapi.kspo.or.kr/web/image/0CBLD1GBU_00020/,10,동영상,1~3
"넓은등근,등세모근,마름모근,척추세움근,배곧은근",2~2,http://openapi.kspo.or.kr/web/video/,유아기 기본 유연성 운동,1280580430,29.97,1612,1920*1080,,유아기,11514,2~2,0CBLD1GBU_00020_SC_00032.jpeg,"광배근,승모근,능형근,복직근,척추기립근",2022,"실내, 실외",726,"등,등,등,복부,척추",한국어,윗몸 스트레칭,20230711,"등과 허리의 근,등과 허리의 근,등과 허리의 근,복부의 근,등과 허리의 근",(기본편)유연성,384.183,8~10 초,mp4,0CBLD1GBU_00020.mp4,"Latissimus Dorsi,Trapezius,Rhomboid,Rectus Abdominis,Erector Spinae",http://openapi.kspo.or.kr/web/image/0CBLD1GBU_00020/,11,동영상,1~3
"넓은등근,등세모근,마름모근,척추세움근,넙다리두갈래근",2~2,http://openapi.kspo.or.kr/web/video/,유아기 기본 유연성 운동,1280580430,29.97,1613,1920*1080,,유아기,11949,2~2,0CBLD1GBU_00020_SC_00033.jpeg,"광배근,대퇴이두근,승모근,능형근,척추기립근",2022,"실내, 실외",726,"등,뒤쪽 넓적다리,등,등,척추",한국어,허리 스트레칭,20230711,"등과 허리의 근,하지의 근,등과 허리의 근,등과 허리의 근,등과 허리의 근",(기본편)유연성,398.698,8~10 초,mp4,0CBLD1GBU_00020.mp4,"Latissimus Dorsi,Biceps Femoris,Trapezius,Rhomboid,Erector Spinae",http://openapi.kspo.or.kr/web/image/0CBLD1GBU_00020/,12,동영상,1~3
"넓은등근,등세모근,마름모근,척추세움근,넙다리두갈래근",2~2,http://openapi.kspo.or.kr/web/video/,유아기 기본 유연성 운동,1280580430,29.97,1614,1920*1080,,유아기,12587,2~2,0CBLD1GBU_00020_SC_00034.jpeg,"광배근,대퇴이두근,승모근,능형근,척추기립근",2022,"실내, 실외",726,"등,뒤쪽 넓적다리,등,등,척추",한국어,허리 스트레칭,20230711,"등과 허리의 근,하지의 근,등과 허리의 근,등과 허리의 근,등과 허리의 근",(기본편)유연성,419.986,8~10 초,mp4,0CBLD1GBU_00020.mp4,"Latissimus Dorsi,Biceps Femoris,Trapezius,Rhomboid,Erector Spinae",http://openapi.kspo.or.kr/web/image/0CBLD1GBU_00020/,13,동영상,1~3
"넓은등근,넙다리두갈래근",2~2,http://openapi.kspo.or.kr/web/video/,유아기 기본 유연성 운동,1280580430,29.97,1615,1920*1080,,유아기,13602,2~2,0CBLD1GBU_00020_SC_00036.jpeg,"광배근,대퇴이두근",2022,"실내, 실외",726,"등,뒤쪽 넓적다리",한국어,다리 스트레칭,20230711,"등과 허리의 근,하지의 근",(기본편)유연성,453.853,8~10 초,mp4,0CBLD1GBU_00020.mp4,"Latissimus Dorsi,Biceps Femoris",http://openapi.kspo.or.kr/web/image/0CBLD1GBU_00020/,15,동영상,1~3
"넓은등근,넙다리두갈래근",2~2,http://openapi.kspo.or.kr/web/video/,유아기 기본 유연성 운동,1280580430,29.97,1616,1920*1080,,유아기,14124,2~2,0CBLD1GBU_00020_SC_00037.jpeg,"광배근,대퇴이두근",2022,"실내, 실외",726,"등,뒤쪽 넓적다리",한국어,다리 스트레칭,20230711,"등과 허리의 근,하지의 근",(기본편)유연성,471.27,8~10 초,mp4,0CBLD1GBU_00020.mp4,"Latissimus Dorsi,Biceps Femoris",http://openapi.kspo.or.kr/web/image/0CBLD1GBU_00020/,16,동영상,1~3
"넓은등근,넙다리두갈래근,넙다리빗근,반막모양근,안쪽넓은근",2~2,http://openapi.kspo.or.kr/web/video/,유아기 기본 유연성 운동,1280580430,29.97,1617,1920*1080,,유아기,14530,2~2,0CBLD1GBU_00020_SC_00038.jpeg,"광배근,대퇴이두근,봉공근,반막양근,내측광근",2022,"실내, 실외",726,"등,뒤쪽 넓적다리,앞쪽 넓적다리,뒤쪽 넓적다리,앞쪽 넓적다리",한국어,다리벌려 앞으로 굽히기(준비),20230711,"등과 허리의 근,하지의 근,하지의 근,하지의 근,하지의 근",(기본편)유연성,484.817,8~10 초,mp4,0CBLD1GBU_00020.mp4,"Latissimus Dorsi,Biceps Femoris,Sartorius,Semimembranosus,Vastus Medialis",http://openapi.kspo.or.kr/web/image/0CBLD1GBU_00020/,17,동영상,1~3
"넓은등근,넙다리두갈래근,넙다리빗근,반막모양근,안쪽넓은근",2~2,http://openapi.kspo.or.kr/web/video/,유아기 기본 유연성 운동,1280580430,29.97,1618,1920*1080,,유아기,14878,2~2,0CBLD1GBU_00020_SC_00039.jpeg,"광배근,대퇴이두근,봉공근,반막양근,내측광근",2022,"실내, 실외",726,"등,뒤쪽 넓적다리,앞쪽 넓적다리,뒤쪽 넓적다리,앞쪽 넓적다리",한국어,다리벌려 앞으로 굽히기(꽃받침자세),20230711,"등과 허리의 근,하지의 근,하지의 근,하지의 근,하지의 근",(기본편)유연성,496.429,8~10 초,mp4,0CBLD1GBU_00020.mp4,"Latissimus Dorsi,Biceps Femoris,Sartorius,Semimembranosus,Vastus Medialis",http://openapi.kspo.or.kr/web/image/0CBLD1GBU_00020/,18,동영상,1~3
"넓은등근,넙다리두갈래근,넙다리빗근,반막모양근,안쪽넓은근",2~2,http://openapi.kspo.or.kr/web/video/,유아기 기본 유연성 운동,1280580430,29.97,1619,1920*1080,,유아기,15168,2~2,0CBLD1GBU_00020_SC_00042.jpeg,"광배근,대퇴이두근,봉공근,반막양근,내측광근",2022,"실내, 실외",726,"등,뒤쪽 넓적다리,앞쪽 넓적다리,뒤쪽 넓적다리,앞쪽 넓적다리",한국어,다리벌려 앞으로 굽히기(꽃받침자세),20230711,"등과 허리의 근,하지의 근,하지의 근,하지의 근,하지의 근",(기본편)유연성,506.105,8~10 초,mp4,0CBLD1GBU_00020.mp4,"Latissimus Dorsi,Biceps Femoris,Sartorius,Semimembranosus,Vastus Medialis",http://openapi.kspo.or.kr/web/image/0CBLD1GBU_00020/,19,동영상,1~3
"넓은등근,넙다리두갈래근,넙다리빗근,반막모양근,안쪽넓은근",2~2,http://openapi.kspo.or.kr/web/video/,유아기 기본 유연성 운동,1280580430,29.97,1620,1920*1080,,유아기,15690,2~2,0CBLD1GBU_00020_SC_00045.jpeg,"광배근,대퇴이두근,봉공근,반막양근,내측광근",2022,"실내, 실외",726,"등,뒤쪽 넓적다리,앞쪽 넓적다리,뒤쪽 넓적다리,앞쪽 넓적다리",한국어,다리벌려 앞으로 굽히기(다리벌려 엎드리기),20230711,"등과 허리의 근,하지의 근,하지의 근,하지의 근,하지의 근",(기본편)유연성,523.523,8~10 초,mp4,0CBLD1GBU_00020.mp4,"Latissimus Dorsi,Biceps Femoris,Sartorius,Semimembranosus,Vastus Medialis",http://openapi.kspo.or.kr/web/image/0CBLD1GBU_00020/,20,동영상,1~3
"넓은등근,넙다리두갈래근,넙다리빗근,반막모양근,안쪽넓은근",2~2,http://openapi.kspo.or.kr/web/video/,유아기 기본 유연성 운동,1280580430,29.97,1621,1920*1080,,유아기,16038,2~2,0CBLD1GBU_00020_SC_00046.jpeg,"광배근,대퇴이두근,봉공근,반막양근,내측광근",2022,"실내, 실외",726,"등,뒤쪽 넓적다리,앞쪽 넓적다리,뒤쪽 넓적다리,앞쪽 넓적다리",한국어,다리모아 앞으로 굽히기(준비자세),20230711,"등과 허리의 근,하지의 근,하지의 근,하지의 근,하지의 근",(기본편)유연성,535.134,8~10 초,mp4,0CBLD1GBU_00020.mp4,"Latissimus Dorsi,Biceps Femoris,Sartorius,Semimembranosus,Vastus Medialis",http://openapi.kspo.or.kr/web/image/0CBLD1GBU_00020/,21,동영상,1~3
"넓은등근,넙다리두갈래근,넙다리빗근,반막모양근,안쪽넓은근",2~2,http://openapi.kspo.or.kr/web/video/,유아기 기본 유연성 운동,1280580430,29.97,1622,1920*1080,,유아기,16328,2~2,0CBLD1GBU_00020_SC_00047.jpeg,"광배근,대퇴이두근,봉공근,반막양근,내측광근",2022,"실내, 실외",726,"등,뒤쪽 넓적다리,앞쪽 넓적다리,뒤쪽 넓적다리,앞쪽 넓적다리",한국어,다리모아 앞으로 굽히기,20230711,"등과 허리의 근,하지의 근,하지의 근,하지의 근,하지의 근",(기본편)유연성,544.81,8~10 초,mp4,0CBLD1GBU_00020.mp4,"Latissimus Dorsi,Biceps Femoris,Sartorius,Semimembranosus,Vastus Medialis",http://openapi.kspo.or.kr/web/image/0CBLD1GBU_00020/,22,동영상,1~3
"볼기근,넓은등근,배바깥빗근,배빗근,배속빗근,넙다리근막긴장근",2~2,http://openapi.kspo.or.kr/web/video/,유아기 기본 유연성 운동,1280580430,29.97,1623,1920*1080,,유아기,17285,2~2,0CBLD1GBU_00020_SC_00050.jpeg,"광배근,대퇴근막장근,외복사근,복사근,내복사근,둔근",2022,"실내, 실외",726,"등,바깥쪽 넓적다리,복부,복부,복부,엉덩이",한국어,크로스오버,20230711,"등과 허리의 근,하지의 근,복부의 근,복부의 근,복부의 근,골반의 근",(기본편)유연성,576.742,8~10 초,mp4,0CBLD1GBU_00020.mp4,"Latissimus Dorsi,Tensor Fasciae Latae,Abdominal External Oblique,Abdominal Oblique,Abdominal Internal Oblique,Gluteal",http://openapi.kspo.or.kr/web/image/0CBLD1GBU_00020/,23,동영상,1~3
"볼기근,넓은등근,배바깥빗근,배빗근,배속빗근,넙다리근막긴장근",2~2,http://openapi.kspo.or.kr/web/video/,유아기 기본 유연성 운동,1280580430,29.97,1624,1920*1080,,유아기,17575,2~2,0CBLD1GBU_00020_SC_00052.jpeg,"광배근,대퇴근막장근,외복사근,복사근,내복사근,둔근",2022,"실내, 실외",726,"등,바깥쪽 넓적다리,복부,복부,복부,엉덩이",한국어,크로스오버,20230711,"등과 허리의 근,하지의 근,복부의 근,복부의 근,복부의 근,골반의 근",(기본편)유연성,586.419,8~10 초,mp4,0CBLD1GBU_00020.mp4,"Latissimus Dorsi,Tensor Fasciae Latae,Abdominal External Oblique,Abdominal Oblique,Abdominal Internal Oblique,Gluteal",http://openapi.kspo.or.kr/web/image/0CBLD1GBU_00020/,24,동영상,1~3
"볼기근,넓은등근,배바깥빗근,배빗근,배속빗근,넙다리근막긴장근",2~2,http://openapi.kspo.or.kr/web/video/,유아기 기본 유연성 운동,1280580430,29.97,1625,1920*1080,,유아기,17778,2~2,0CBLD1GBU_00020_SC_00054.jpeg,"광배근,대퇴근막장근,외복사근,복사근,내복사근,둔근",2022,"실내, 실외",726,"등,바깥쪽 넓적다리,복부,복부,복부,엉덩이",한국어,크로스오버,20230711,"등과 허리의 근,하지의 근,복부의 근,복부의 근,복부의 근,골반의 근",(기본편)유연성,593.192,8~10 초,mp4,0CBLD1GBU_00020.mp4,"Latissimus Dorsi,Tensor Fasciae Latae,Abdominal External Oblique,Abdominal Oblique,Abdominal Internal Oblique,Gluteal",http://openapi.kspo.or.kr/web/image/0CBLD1GBU_00020/,25,동영상,1~3
어깨밑근,,http://openapi.kspo.or.kr/web/video/,"실내에서 할 수 있는 운동 중, 어깨 안쪽 돌림운동을 설명한 운동처방 동영상",8379924,29.96,1626,1280*720,밴드,공통,1480,,0AUDLJ08S_00350_SC_00008.jpeg,견갑하근,2021,실내,52,뒤쪽 어깨,한국어,어깨 안쪽 돌림,20220930,상지의 근,어깨 안쪽 돌림,49.382,,mp4,0AUDLJ08S_00350.mp4,Subscapularis,http://openapi.kspo.or.kr/web/image/0AUDLJ08S_00350/,8,동영상,
,,http://openapi.kspo.or.kr/web/video/,중상급자를 위한 하체 챌린지 홈트 운동처방 동영상,100077466,29.97,1627,1280*720,매트,공통,2205,,0AUDLJ08S_01021_SC_00008.jpeg,,2020,실내,612,,한국어,,20221110,,5분 타바타 운동(하체),73.573,,mp4,0AUDLJ08S_01021.mp4,,http://openapi.kspo.or.kr/web/image/0AUDLJ08S_01021/,2,동영상,
위팔세갈래근,10~20,http://openapi.kspo.or.kr/web/video/,"실내에서 할 수 있는 운동 중, 부동증후군에 효과적인 운동으로 밴드잡고 머리 위에서 팔꿈치 펴기운동을 설명한 운동처방 동영상",13105495,29.96,1628,1280*720,밴드,공통,1770,3~3,0AUDLJ08S_00349_SC_00006.jpeg,상완삼두근,2021,실내,81,뒤쪽 위팔,한국어,밴드 잡고 머리 위에서 팔꿈치 펴기,20220930,상지의 근,밴드잡고 머리 위에서 팔꿈치 펴기,59.059,10~20 초,mp4,0AUDLJ08S_00349.mp4,Triceps Brachii,http://openapi.kspo.or.kr/web/image/0AUDLJ08S_00349/,5,동영상,1~3
위팔세갈래근,,http://openapi.kspo.or.kr/web/video/,"실내에서 할 수 있는 운동 중, 부동증후군에 효과적인 운동으로 밴드잡고 머리 위에서 팔꿈치 펴기운동을 설명한 운동처방 동영상",13105495,29.96,1629,1280*720,밴드,공통,2089,,0AUDLJ08S_00349_SC_00007.jpeg,상완삼두근,2021,실내,81,뒤쪽 위팔,한국어,밴드 잡고 머리 위에서 팔꿈치 펴기,20220930,상지의 근,밴드잡고 머리 위에서 팔꿈치 펴기,69.703,,mp4,0AUDLJ08S_00349.mp4,Triceps Brachii,http://openapi.kspo.or.kr/web/image/0AUDLJ08S_00349/,6,동영상,
어깨밑근,,http://openapi.kspo.or.kr/web/video/,"실내에서 할 수 있는 운동 중, 어깨 안쪽 돌림운동을 설명한 운동처방 동영상",8379924,29.96,1630,1280*720,밴드,공통,1306,,0AUDLJ08S_00350_SC_00007.jpeg,견갑하근,2021,실내,52,뒤쪽 어깨,한국어,어깨 안쪽 돌림,20220930,상지의 근,어깨 안쪽 돌림,43.576,,mp4,0AUDLJ08S_00350.mp4,Subscapularis,http://openapi.kspo.or.kr/web/image/0AUDLJ08S_00350/,7,동영상,
어깨밑근,,http://openapi.kspo.or.kr/web/video/,"실내에서 할 수 있는 운동 중, 어깨 안쪽 돌림운동을 설명한 운동처방 동영상",8379924,29.96,1631,1280*720,밴드,공통,1132,,0AUDLJ08S_00350_SC_00006.jpeg,견갑하근,2021,실내,52,뒤쪽 어깨,한국어,어깨 안쪽 돌림,20220930,상지의 근,어깨 안쪽 돌림,37.771,,mp4,0AUDLJ08S_00350.mp4,Subscapularis,http://openapi.kspo.or.kr/web/image/0AUDLJ08S_00350/,6,동영상,
어깨밑근,,http://openapi.kspo.or.kr/web/video/,"실내에서 할 수 있는 운동 중, 어깨 안쪽 돌림운동을 설명한 운동처방 동영상",8379924,29.96,1632,1280*720,밴드,공통,59,,0AUDLJ08S_00350_SC_00001.jpeg,견갑하근,2021,실내,52,뒤쪽 어깨,한국어,어깨 안쪽 돌림,20220930,상지의 근,어깨 안쪽 돌림,1.968,,mp4,0AUDLJ08S_00350.mp4,Subscapularis,http://openapi.kspo.or.kr/web/image/0AUDLJ08S_00350/,1,동영상,
어깨밑근,,http://openapi.kspo.or.kr/web/video/,"실내에서 할 수 있는 운동 중, 어깨 안쪽 돌림운동을 설명한 운동처방 동영상",8379924,29.96,1633,1280*720,밴드,공통,117,,0AUDLJ08S_00350_SC_00002.jpeg,견갑하근,2021,실내,52,뒤쪽 어깨,한국어,어깨 안쪽 돌림,20220930,상지의 근,어깨 안쪽 돌림,3.903,,mp4,0AUDLJ08S_00350.mp4,Subscapularis,http://openapi.kspo.or.kr/web/image/0AUDLJ08S_00350/,2,동영상,
어깨밑근,,http://openapi.kspo.or.kr/web/video/,"실내에서 할 수 있는 운동 중, 어깨 안쪽 돌림운동을 설명한 운동처방 동영상",8379924,29.96,1634,1280*720,밴드,공통,146,,0AUDLJ08S_00350_SC_00003.jpeg,견갑하근,2021,실내,52,뒤쪽 어깨,한국어,어깨 안쪽 돌림,20220930,상지의 근,어깨 안쪽 돌림,4.871,,mp4,0AUDLJ08S_00350.mp4,Subscapularis,http://openapi.kspo.or.kr/web/image/0AUDLJ08S_00350/,3,동영상,
"큰가슴근,넓은등근,배곧은근,배빗근,어깨세모근",,http://openapi.kspo.or.kr/web/video/,중상급자를 위한 상체 챌린지 홈트 운동처방 동영상,92882238,29.97,1635,1280*720,매트,공통,1079,,0AUDLJ08S_01020_FR_00013.jpeg,"대흉근,광배근,복직근,복사근,삼각근",2020,실내,570,"가슴,등,복부,복부,바깥쪽 어깨",한국어,파이크 푸시업,20221018,"가슴의 근,등과 허리의 근,복부의 근,복부의 근,상지의 근",5분 타바타 운동(상체),36.002,,mp4,0AUDLJ08S_01020.mp4,"Pectoralis Major,Latissimus Dorsi,Rectus Abdominis,Abdominal Oblique,Deltoid",http://openapi.kspo.or.kr/web/image/0AUDLJ08S_01020/,1,동영상,
"큰가슴근,넓은등근,배곧은근,배빗근,어깨세모근",,http://openapi.kspo.or.kr/web/video/,중상급자를 위한 상체 챌린지 홈트 운동처방 동영상,92882238,29.97,1636,1280*720,매트,공통,1132,,0AUDLJ08S_01020_SC_00007.jpeg,"대흉근,광배근,복직근,복사근,삼각근",2020,실내,570,"가슴,등,복부,복부,바깥쪽 어깨",한국어,점핑 잭,20221018,"가슴의 근,등과 허리의 근,복부의 근,복부의 근,상지의 근",5분 타바타 운동(상체),37.771,20~20 초,mp4,0AUDLJ08S_01020.mp4,"Pectoralis Major,Latissimus Dorsi,Rectus Abdominis,Abdominal Oblique,Deltoid",http://openapi.kspo.or.kr/web/image/0AUDLJ08S_01020/,2,동영상,1~3
"배곧은근,배빗근,어깨세모근,위팔두갈래근,위팔세갈래근,넙다리네갈래근",,http://openapi.kspo.or.kr/web/video/,중상급자를 위한 상체 챌린지 홈트 운동처방 동영상,92882238,29.97,1637,1280*720,매트,공통,1335,,0AUDLJ08S_01020_SC_00009.jpeg,"복직근,복사근,삼각근,상완이두근,상완삼두근,대퇴사두근",2020,실내,570,"복부,복부,바깥쪽 어깨,앞쪽 위팔,뒤쪽 위팔,앞쪽 넓적다리",한국어,,20221110,"복부의 근,복부의 근,상지의 근,상지의 근,상지의 근,하지의 근",5분 타바타 운동(상체),44.544,20~20 초,mp4,0AUDLJ08S_01020.mp4,"Rectus Abdominis,Abdominal Oblique,Deltoid,Biceps Brachii,Triceps Brachii,Quadriceps Femoris",http://openapi.kspo.or.kr/web/image/0AUDLJ08S_01020/,3,동영상,
"손목굽힘근,손목폄근",,http://openapi.kspo.or.kr/web/video/,중상급자를 위한 상체 챌린지 홈트 운동처방 동영상,92882238,29.97,1638,1280*720,,공통,1915,,0AUDLJ08S_01020_SC_00012.jpeg,"수근관절굴곡근,수근관절신근",2020,실내,570,"앞쪽 아래팔,뒤쪽 아래팔",한국어,제자리 걸으면서 손목 돌리기,20221018,"상지의 근,상지의 근",5분 타바타 운동(상체),63.897,,mp4,0AUDLJ08S_01020.mp4,"Hand Flexor,Wrist Extensors",http://openapi.kspo.or.kr/web/image/0AUDLJ08S_01020/,4,동영상,
"작은가슴근,큰가슴근,등세모근,마름모근,배가로근,배빗근,어깨세모근",,http://openapi.kspo.or.kr/web/video/,중상급자를 위한 상체 챌린지 홈트 운동처방 동영상,92882238,29.97,1639,1280*720,,공통,2338,,0AUDLJ08S_01020_FR_00027.jpeg,"소흉근,대흉근,승모근,능형근,복횡근,복사근,삼각근",2020,실내,570,"가슴,가슴,등,등,복부,복부,바깥쪽 어깨",한국어,다리 어깨너비로 벌려 팔꿈치 돌리기,20221018,"가슴의 근,가슴의 근,등과 허리의 근,등과 허리의 근,복부의 근,복부의 근,상지의 근",5분 타바타 운동(상체),78.011,,mp4,0AUDLJ08S_01020.mp4,"Pectoralis Minor,Pectoralis Major,Trapezius,Rhomboid,Transverse Abdominis,Abdominal Oblique,Deltoid",http://openapi.kspo.or.kr/web/image/0AUDLJ08S_01020/,5,동영상,
"엉덩관절굽힘근,허리근,척추세움근",,http://openapi.kspo.or.kr/web/video/,중상급자를 위한 상체 챌린지 홈트 운동처방 동영상,92882238,29.97,1640,1280*720,,공통,2968,,0AUDLJ08S_01020_FR_00034.jpeg,"고관절굴곡근,요근,척추기립근",2020,실내,570,"앞쪽 골반,앞쪽 골반,척추",한국어,허리 돌리기,20221018,"골반의 근,골반의 근,등과 허리의 근",5분 타바타 운동(상체),99.032,,mp4,0AUDLJ08S_01020.mp4,"Hip Flexor,Psoas,Erector Spinae",http://openapi.kspo.or.kr/web/image/0AUDLJ08S_01020/,6,동영상,
"엉덩관절굽힘근,허리근,마름모근,배가로근,배빗근,어깨세모근",,http://openapi.kspo.or.kr/web/video/,중상급자를 위한 상체 챌린지 홈트 운동처방 동영상,92882238,29.97,1641,1280*720,,공통,3147,,0AUDLJ08S_01020_FR_00036.jpeg,"고관절굴곡근,요근,능형근,복횡근,복사근,삼각근",2020,실내,570,"앞쪽 골반,앞쪽 골반,등,복부,복부,바깥쪽 어깨",한국어,다이나믹 스트레칭,20221018,"골반의 근,골반의 근,등과 허리의 근,복부의 근,복부의 근,상지의 근",5분 타바타 운동(상체),105.004,,mp4,0AUDLJ08S_01020.mp4,"Hip Flexor,Psoas,Rhomboid,Transverse Abdominis,Abdominal Oblique,Deltoid",http://openapi.kspo.or.kr/web/image/0AUDLJ08S_01020/,7,동영상,
"엉덩관절굽힘근,허리근,넓은등근,배가로근,배바깥빗근,어깨세모근",,http://openapi.kspo.or.kr/web/video/,중상급자를 위한 상체 챌린지 홈트 운동처방 동영상,92882238,29.97,1642,1280*720,,공통,3417,,0AUDLJ08S_01020_FR_00039.jpeg,"고관절굴곡근,요근,광배근,복횡근,외복사근,삼각근",2020,실내,570,"앞쪽 골반,앞쪽 골반,등,복부,복부,바깥쪽 어깨",한국어,다이나믹 스트레칭,20221018,"골반의 근,골반의 근,등과 허리의 근,복부의 근,복부의 근,상지의 근",5분 타바타 운동(상체),114.013,,mp4,0AUDLJ08S_01020.mp4,"Hip Flexor,Psoas,Latissimus Dorsi,Transverse Abdominis,Abdominal External Oblique,Deltoid",http://openapi.kspo.or.kr/web/image/0AUDLJ08S_01020/,8,동영상,
"중간볼기근,어깨세모근,가자미근,넙다리네갈래근,모음근,장딴지근",10~10,http://openapi.kspo.or.kr/web/video/,중상급자를 위한 상체 챌린지 홈트 운동처방 동영상,92882238,29.97,1643,1280*720,,공통,3957,,0AUDLJ08S_01020_FR_00045.jpeg,"중둔근,삼각근,넙치근,대퇴사두근,내전근,비복근",2020,실내,570,"엉덩이,바깥쪽 어깨,종아리,앞쪽 넓적다리,안쪽 넓적다리,종아리",한국어,점핑 잭,20221018,"골반의 근,상지의 근,하지의 근,하지의 근,하지의 근,하지의 근",5분 타바타 운동(상체),132.031,,mp4,0AUDLJ08S_01020.mp4,"Gluteus Medius,Deltoid,Soleus,Quadriceps Femoris,Adductors,Gastrocnemius",http://openapi.kspo.or.kr/web/image/0AUDLJ08S_01020/,9,동영상,
"큰가슴근,배곧은근,배빗근",,http://openapi.kspo.or.kr/web/video/,중상급자를 위한 상체 챌린지 홈트 운동처방 동영상,92882238,29.97,1644,1280*720,매트,공통,4676,,0AUDLJ08S_01020_FR_00053.jpeg,"대흉근,복직근,복사근",2020,실내,570,"가슴,복부,복부",한국어,마운틴 클라이머,20221018,"가슴의 근,복부의 근,복부의 근",5분 타바타 운동(상체),156.022,20~20 초,mp4,0AUDLJ08S_01020.mp4,"Pectoralis Major,Rectus Abdominis,Abdominal Oblique",http://openapi.kspo.or.kr/web/image/0AUDLJ08S_01020/,10,동영상,
"큰가슴근,배곧은근,어깨세모근,위팔세갈래근",,http://openapi.kspo.or.kr/web/video/,중상급자를 위한 상체 챌린지 홈트 운동처방 동영상,92882238,29.97,1645,1280*720,매트,공통,5511,,0AUDLJ08S_01020_SC_00017.jpeg,"대흉근,복직근,삼각근,상완삼두근",2020,실내,570,"가슴,복부,바깥쪽 어깨,뒤쪽 위팔",한국어,버피테스트/푸시업,20221018,"가슴의 근,복부의 근,상지의 근,상지의 근",5분 타바타 운동(상체),183.883,20~20 초,mp4,0AUDLJ08S_01020.mp4,"Pectoralis Major,Rectus Abdominis,Deltoid,Triceps Brachii",http://openapi.kspo.or.kr/web/image/0AUDLJ08S_01020/,11,동영상,
"큰가슴근,배곧은근,어깨세모근,위팔세갈래근",,http://openapi.kspo.or.kr/web/video/,중상급자를 위한 상체 챌린지 홈트 운동처방 동영상,92882238,29.97,1646,1280*720,매트,공통,7013,,0AUDLJ08S_01020_FR_00079.jpeg,"대흉근,복직근,삼각근,상완삼두근",2020,실내,570,"가슴,복부,바깥쪽 어깨,뒤쪽 위팔",한국어,파이크 푸시업,20221018,"가슴의 근,복부의 근,상지의 근,상지의 근",5분 타바타 운동(상체),234,20~20 초,mp4,0AUDLJ08S_01020.mp4,"Pectoralis Major,Rectus Abdominis,Deltoid,Triceps Brachii",http://openapi.kspo.or.kr/web/image/0AUDLJ08S_01020/,12,동영상,
"배가로근,배곧은근",,http://openapi.kspo.or.kr/web/video/,중상급자를 위한 상체 챌린지 홈트 운동처방 동영상,92882238,29.97,1647,1280*720,매트,공통,7373,,0AUDLJ08S_01020_FR_00083.jpeg,"복횡근,복직근",2020,실내,570,"복부,복부",한국어,브이업,20221018,"복부의 근,복부의 근",5분 타바타 운동(상체),246.012,20~20 초,mp4,0AUDLJ08S_01020.mp4,"Transverse Abdominis,Rectus Abdominis",http://openapi.kspo.or.kr/web/image/0AUDLJ08S_01020/,13,동영상,
"큰가슴근,배곧은근,어깨세모근,위팔세갈래근",,http://openapi.kspo.or.kr/web/video/,중상급자를 위한 상체 챌린지 홈트 운동처방 동영상,92882238,29.97,1648,1280*720,매트,공통,8353,,0AUDLJ08S_01020_SC_00030.jpeg,"대흉근,복직근,삼각근,상완삼두근",2020,실내,570,"가슴,복부,바깥쪽 어깨,뒤쪽 위팔",한국어,힌두 푸시업,20221018,"가슴의 근,복부의 근,상지의 근,상지의 근",5분 타바타 운동(상체),278.711,20~20 초,mp4,0AUDLJ08S_01020.mp4,"Pectoralis Major,Rectus Abdominis,Deltoid,Triceps Brachii",http://openapi.kspo.or.kr/web/image/0AUDLJ08S_01020/,14,동영상,
"바깥갈비사이근,안쪽갈비사이근,목빗근,배빗근",,http://openapi.kspo.or.kr/web/video/,중상급자를 위한 상체 챌린지 홈트 운동처방 동영상,92882238,29.97,1649,1280*720,,공통,14476,,0AUDLJ08S_01020_FR_00162.jpeg,"외늑간근,내늑간근,흉쇄유돌근,복사근",2020,실내,570,"가슴,가슴,앞쪽 목,복부",한국어,숨쉬기,20221018,"가슴의 근,가슴의 근,머리와 목의 근,복부의 근",5분 타바타 운동(상체),483.015,,mp4,0AUDLJ08S_01020.mp4,"External Intercostals,Internal Intercostals,Sternocleidomastoid,Abdominal Oblique",http://openapi.kspo.or.kr/web/image/0AUDLJ08S_01020/,15,동영상,
"넓은등근,목빗근,배곧은근,작은원근,큰원근",,http://openapi.kspo.or.kr/web/video/,중상급자를 위한 상체 챌린지 홈트 운동처방 동영상,92882238,29.97,1650,1280*720,,공통,14656,,0AUDLJ08S_01020_FR_00164.jpeg,"광배근,흉쇄유돌근,복직근,소원근,대원근",2020,실내,570,"등,앞쪽 목,복부,안쪽 어깨,안쪽 어깨",한국어,깍지끼고 천장보기,20221018,"등과 허리의 근,머리와 목의 근,복부의 근,상지의 근,상지의 근",5분 타바타 운동(상체),489.021,10~10 초,mp4,0AUDLJ08S_01020.mp4,"Latissimus Dorsi,Sternocleidomastoid,Rectus Abdominis,Teres Minor,Teres Major",http://openapi.kspo.or.kr/web/image/0AUDLJ08S_01020/,16,동영상,
"넓은등근,배가로근,배곧은근,작은원근,큰원근",,http://openapi.kspo.or.kr/web/video/,중상급자를 위한 상체 챌린지 홈트 운동처방 동영상,92882238,29.97,1651,1280*720,,공통,15015,,0AUDLJ08S_01020_FR_00168.jpeg,"광배근,복횡근,복직근,소원근,대원근",2020,실내,570,"등,복부,복부,안쪽 어깨,안쪽 어깨",한국어,깍지끼고 옆구리 늘리기,20221018,"등과 허리의 근,복부의 근,복부의 근,상지의 근,상지의 근",5분 타바타 운동(상체),501,10~10 초,mp4,0AUDLJ08S_01020.mp4,"Latissimus Dorsi,Transverse Abdominis,Rectus Abdominis,Teres Minor,Teres Major",http://openapi.kspo.or.kr/web/image/0AUDLJ08S_01020/,17,동영상,
"큰가슴근,목빗근,배가로근,위팔두갈래근",,http://openapi.kspo.or.kr/web/video/,중상급자를 위한 상체 챌린지 홈트 운동처방 동영상,92882238,29.97,1652,1280*720,,공통,15735,,0AUDLJ08S_01020_FR_00176.jpeg,"대흉근,흉쇄유돌근,복횡근,상완이두근",2020,실내,570,"가슴,앞쪽 목,복부,앞쪽 위팔",한국어,가슴펴고 천장보기,20221018,"가슴의 근,머리와 목의 근,복부의 근,상지의 근",5분 타바타 운동(상체),525.024,10~10 초,mp4,0AUDLJ08S_01020.mp4,"Pectoralis Major,Sternocleidomastoid,Transverse Abdominis,Biceps Brachii",http://openapi.kspo.or.kr/web/image/0AUDLJ08S_01020/,18,동영상,
,,http://openapi.kspo.or.kr/web/video/,중상급자를 위한 하체 챌린지 홈트 운동처방 동영상,100077466,29.97,1653,1280*720,매트,공통,1277,,0AUDLJ08S_01021_SC_00004.jpeg,,2020,실내,612,,한국어,,20221112,,5분 타바타 운동(하체),42.609,,mp4,0AUDLJ08S_01021.mp4,,http://openapi.kspo.or.kr/web/image/0AUDLJ08S_01021/,1,동영상,
넙다리네갈래근,,http://openapi.kspo.or.kr/web/video/,중상급자를 위한 하체 챌린지 홈트 운동처방 동영상,100077466,29.97,1654,1280*720,,공통,2338,,0AUDLJ08S_01021_FR_00027.jpeg,대퇴사두근,2020,실내,612,앞쪽 넓적다리,한국어,무릎 돌리기,20221013,하지의 근,5분 타바타 운동(하체),78.011,,mp4,0AUDLJ08S_01021.mp4,Quadriceps Femoris,http://openapi.kspo.or.kr/web/image/0AUDLJ08S_01021/,3,동영상,
"허리근,허리네모근,배가로근,배곧은근,배바깥빗근,배빗근,배속빗근,배바깥빗근",,http://openapi.kspo.or.kr/web/video/,중상급자를 위한 하체 챌린지 홈트 운동처방 동영상,100077466,29.97,1655,1280*720,,공통,2968,,0AUDLJ08S_01021_FR_00034.jpeg,"요근,요방형근,복횡근,복직근,외복사근,복사근,내복사근,외복사근",2020,실내,612,"앞쪽 골반,허리,복부,복부,복부,복부,복부,복부",한국어,허리 돌리기,20221013,"골반의 근,등과 허리의 근,복부의 근,복부의 근,복부의 근,복부의 근,복부의 근,복부의 근",5분 타바타 운동(하체),99.032,,mp4,0AUDLJ08S_01021.mp4,"Psoas,Quadratus Lumborum,Transverse Abdominis,Rectus Abdominis,Abdominal External Oblique,Abdominal Oblique,Abdominal Internal Oblique,Abdominal External Oblique",http://openapi.kspo.or.kr/web/image/0AUDLJ08S_01021/,4,동영상,
"엉덩관절굽힘근,가자미근,장딴지근",,http://openapi.kspo.or.kr/web/video/,중상급자를 위한 하체 챌린지 홈트 운동처방 동영상,100077466,29.97,1656,1280*720,,공통,16814,,0AUDLJ08S_01021_FR_00188.jpeg,"고관절굴곡근,넙치근,비복근",2020,실내,612,"앞쪽 골반,종아리,종아리",한국어,앞굽이 자세,20221013,"골반의 근,하지의 근,하지의 근",5분 타바타 운동(하체),561.027,10~10 초,mp4,0AUDLJ08S_01021.mp4,"Hip Flexor,Soleus,Gastrocnemius",http://openapi.kspo.or.kr/web/image/0AUDLJ08S_01021/,17,동영상,
"등세모근,마름모근,어깨세모근,모음근",,http://openapi.kspo.or.kr/web/video/,중상급자를 위한 하체 챌린지 홈트 운동처방 동영상,100077466,29.97,1657,1280*720,,공통,3417,,0AUDLJ08S_01021_FR_00039.jpeg,"승모근,능형근,삼각근,내전근",2020,실내,612,"등,등,바깥쪽 어깨,안쪽 넓적다리",한국어,다리벌려 어깨 내밀기,20221013,"등과 허리의 근,등과 허리의 근,상지의 근,하지의 근",5분 타바타 운동(하체),114.013,,mp4,0AUDLJ08S_01021.mp4,"Trapezius,Rhomboid,Deltoid,Adductors",http://openapi.kspo.or.kr/web/image/0AUDLJ08S_01021/,5,동영상,
"엉덩관절굽힘근,넓은등근,배빗근,어깨세모근",,http://openapi.kspo.or.kr/web/video/,중상급자를 위한 하체 챌린지 홈트 운동처방 동영상,100077466,29.97,1658,1280*720,,공통,3867,,0AUDLJ08S_01021_FR_00044.jpeg,"고관절굴곡근,광배근,복사근,삼각근",2020,실내,612,"앞쪽 골반,등,복부,바깥쪽 어깨",한국어,다이나믹 스트레칭,20221013,"골반의 근,등과 허리의 근,복부의 근,상지의 근",5분 타바타 운동(하체),129.028,,mp4,0AUDLJ08S_01021.mp4,"Hip Flexor,Latissimus Dorsi,Abdominal Oblique,Deltoid",http://openapi.kspo.or.kr/web/image/0AUDLJ08S_01021/,6,동영상,
"엉덩관절굽힘근,넓은등근,배빗근",,http://openapi.kspo.or.kr/web/video/,중상급자를 위한 하체 챌린지 홈트 운동처방 동영상,100077466,29.97,1659,1280*720,,공통,4046,,0AUDLJ08S_01021_FR_00046.jpeg,"고관절굴곡근,광배근,복사근",2020,실내,612,"앞쪽 골반,등,복부",한국어,다이나믹 스트레칭,20221013,"골반의 근,등과 허리의 근,복부의 근",5분 타바타 운동(하체),135.001,,mp4,0AUDLJ08S_01021.mp4,"Hip Flexor,Latissimus Dorsi,Abdominal Oblique",http://openapi.kspo.or.kr/web/image/0AUDLJ08S_01021/,7,동영상,
"어깨세모근,넙다리네갈래근,장딴지근",10~10,http://openapi.kspo.or.kr/web/video/,중상급자를 위한 하체 챌린지 홈트 운동처방 동영상,100077466,29.97,1660,1280*720,,공통,4676,,0AUDLJ08S_01021_FR_00053.jpeg,"삼각근,대퇴사두근,비복근",2020,실내,612,"바깥쪽 어깨,앞쪽 넓적다리,종아리",한국어,점핑 잭,20221013,"상지의 근,하지의 근,하지의 근",5분 타바타 운동(하체),156.022,,mp4,0AUDLJ08S_01021.mp4,"Deltoid,Quadriceps Femoris,Gastrocnemius",http://openapi.kspo.or.kr/web/image/0AUDLJ08S_01021/,8,동영상,
"배곧은근,어깨세모근,넙다리네갈래근,장딴지근",,http://openapi.kspo.or.kr/web/video/,중상급자를 위한 하체 챌린지 홈트 운동처방 동영상,100077466,29.97,1661,1280*720,,공통,5485,,0AUDLJ08S_01021_FR_00062.jpeg,"복직근,삼각근,대퇴사두근,비복근",2020,실내,612,"복부,바깥쪽 어깨,앞쪽 넓적다리,종아리",한국어,플랭크 잭,20221013,"복부의 근,상지의 근,하지의 근,하지의 근",5분 타바타 운동(하체),183.016,20~20 초,mp4,0AUDLJ08S_01021.mp4,"Rectus Abdominis,Deltoid,Quadriceps Femoris,Gastrocnemius",http://openapi.kspo.or.kr/web/image/0AUDLJ08S_01021/,9,동영상,
"볼기근,어깨세모근,넙다리네갈래근,장딴지근",,http://openapi.kspo.or.kr/web/video/,중상급자를 위한 하체 챌린지 홈트 운동처방 동영상,100077466,29.97,1662,1280*720,,공통,6178,,0AUDLJ08S_01021_SC_00017.jpeg,"둔근,삼각근,대퇴사두근,비복근",2020,실내,612,"엉덩이,바깥쪽 어깨,앞쪽 넓적다리,종아리",한국어,스쿼트 점프,20221013,"골반의 근,상지의 근,하지의 근,하지의 근",5분 타바타 운동(하체),206.139,20~20 초,mp4,0AUDLJ08S_01021.mp4,"Gluteal,Deltoid,Quadriceps Femoris,Gastrocnemius",http://openapi.kspo.or.kr/web/image/0AUDLJ08S_01021/,10,동영상,
"엉덩관절굽힘근,볼기근,배빗근,넙다리네갈래근",,http://openapi.kspo.or.kr/web/video/,중상급자를 위한 하체 챌린지 홈트 운동처방 동영상,100077466,29.97,1663,1280*720,,공통,7553,,0AUDLJ08S_01021_FR_00085.jpeg,"고관절굴곡근,둔근,복사근,대퇴사두근",2020,실내,612,"앞쪽 골반,엉덩이,복부,앞쪽 넓적다리",한국어,와이드 스쿼트/트위스트,20221013,"골반의 근,골반의 근,복부의 근,하지의 근",5분 타바타 운동(하체),252.018,20~20 초,mp4,0AUDLJ08S_01021.mp4,"Hip Flexor,Gluteal,Abdominal Oblique,Quadriceps Femoris",http://openapi.kspo.or.kr/web/image/0AUDLJ08S_01021/,11,동영상,
"엉덩관절굽힘근,배곧은근,배빗근",,http://openapi.kspo.or.kr/web/video/,중상급자를 위한 하체 챌린지 홈트 운동처방 동영상,100077466,29.97,1664,1280*720,,공통,8585,,0AUDLJ08S_01021_SC_00025.jpeg,"고관절굴곡근,복직근,복사근",2020,실내,612,"앞쪽 골반,복부,복부",한국어,바이시클 크런치,20221013,"골반의 근,복부의 근,복부의 근",5분 타바타 운동(하체),286.452,20~20 초,mp4,0AUDLJ08S_01021.mp4,"Hip Flexor,Rectus Abdominis,Abdominal Oblique",http://openapi.kspo.or.kr/web/image/0AUDLJ08S_01021/,12,동영상,
"볼기근,넙다리네갈래근,뒤넙다리근,장딴지근",,http://openapi.kspo.or.kr/web/video/,중상급자를 위한 하체 챌린지 홈트 운동처방 동영상,100077466,29.97,1665,1280*720,,공통,9261,,0AUDLJ08S_01021_FR_00104.jpeg,"둔근,대퇴사두근,슬괵근,비복근",2020,실내,612,"엉덩이,앞쪽 넓적다리,뒤쪽 넓적다리,종아리",한국어,점핑 런지,20221013,"골반의 근,하지의 근,하지의 근,하지의 근",5분 타바타 운동(하체),309.008,20~20 초,mp4,0AUDLJ08S_01021.mp4,"Gluteal,Quadriceps Femoris,Hamstring,Gastrocnemius",http://openapi.kspo.or.kr/web/image/0AUDLJ08S_01021/,13,동영상,
"바깥갈비사이근,안쪽갈비사이근",,http://openapi.kspo.or.kr/web/video/,중상급자를 위한 하체 챌린지 홈트 운동처방 동영상,100077466,29.97,1666,1280*720,,공통,14746,,0AUDLJ08S_01021_FR_00165.jpeg,"외늑간근,내늑간근",2020,실내,612,"가슴,가슴",한국어,숨쉬기,20221013,"가슴의 근,가슴의 근",5분 타바타 운동(하체),492.024,,mp4,0AUDLJ08S_01021.mp4,"External Intercostals,Internal Intercostals",http://openapi.kspo.or.kr/web/image/0AUDLJ08S_01021/,14,동영상,
"볼기근,뒤넙다리근,모음근",,http://openapi.kspo.or.kr/web/video/,중상급자를 위한 하체 챌린지 홈트 운동처방 동영상,100077466,29.97,1667,1280*720,,공통,15375,,0AUDLJ08S_01021_FR_00172.jpeg,"둔근,슬괵근,내전근",2020,실내,612,"엉덩이,뒤쪽 넓적다리,안쪽 넓적다리",한국어,다리벌려 숙이기,20221013,"골반의 근,하지의 근,하지의 근",5분 타바타 운동(하체),513.012,10~10 초,mp4,0AUDLJ08S_01021.mp4,"Gluteal,Hamstring,Adductors",http://openapi.kspo.or.kr/web/image/0AUDLJ08S_01021/,15,동영상,
"볼기근,뒤넙다리근,모음근",,http://openapi.kspo.or.kr/web/video/,중상급자를 위한 하체 챌린지 홈트 운동처방 동영상,100077466,29.97,1668,1280*720,,공통,15825,,0AUDLJ08S_01021_FR_00177.jpeg,"둔근,슬괵근,내전근",2020,실내,612,"엉덩이,뒤쪽 넓적다리,안쪽 넓적다리",한국어,다리벌려 한쪽 발목 잡기,20221013,"골반의 근,하지의 근,하지의 근",5분 타바타 운동(하체),528.027,10~10 초,mp4,0AUDLJ08S_01021.mp4,"Gluteal,Hamstring,Adductors",http://openapi.kspo.or.kr/web/image/0AUDLJ08S_01021/,16,동영상,
