rptt_tcnt_nm,file_url,vdo_desc,file_sz,fps_cnt,row_num,resolution,aggrp_nm,frme_no,img_file_nm,fbctn_yr,trng_sqnc_nm,vdo_len,lang,trng_nm,job_ymd,vdo_ttl_nm,snap_tm,trng_hr_nm,file_type_nm,file_nm,img_file_url,img_file_sn,data_type,set_cnt_nm,trng_week_nm
5~5,http://openapi.kspo.or.kr/web/video/,성인을 위한 주간 운동프로그램 중 1주차에 해당하는 표준운동프로그램,264342461,29.97,1,1920*1080,성인,1103,0AUDLJ08S_00033_SC_00010.jpeg,2021,준비 운동,1586,한국어,손목/발목 돌리기,20221004,성인기 1주차 운동프로그램,36.803,,mp4,0AUDLJ08S_00033.mp4,http://openapi.kspo.or.kr/web/image/0AUDLJ08S_00033/,4,동영상,1~1,1주차
5~5,http://openapi.kspo.or.kr/web/video/,성인을 위한 주간 운동프로그램 중 1주차에 해당하는 표준운동프로그램,264342461,29.97,2,1920*1080,성인,1161,0AUDLJ08S_00033_SC_00011.jpeg,2021,준비 운동,1586,한국어,손목/발목 돌리기,20221004,성인기 1주차 운동프로그램,38.738,,mp4,0AUDLJ08S_00033.mp4,http://openapi.kspo.or.kr/web/image/0AUDLJ08S_00033/,5,동영상,1~1,1주차
5~5,http://openapi.kspo.or.kr/web/video/,성인을 위한 주간 운동프로그램 중 1주차에 해당하는 표준운동프로그램,264342461,29.97,3,1920*1080,성인,1393,0AUDLJ08S_00033_SC_00014.jpeg,2021,준비 운동,1586,한국어,무릎 돌리기,20221004,성인기 1주차 운동프로그램,46.479,,mp4,0AUDLJ08S_00033.mp4,http://openapi.kspo.or.kr/web/image/0AUDLJ08S_00033/,6,동영상,1~1,1주차
5~5,http://openapi.kspo.or.kr/web/video/,성인을 위한 주간 운동프로그램 중 1주차에 해당하는 표준운동프로그램,264342461,29.97,4,1920*1080,성인,1538,0AUDLJ08S_00033_SC_00015.jpeg,2021,준비 운동,1586,한국어,무릎 돌리기,20221004,성인기 1주차 운동프로그램,51.317,,mp4,0AUDLJ08S_00033.mp4,http://openapi.kspo.or.kr/web/image/0AUDLJ08S_00033/,7,동영상,1~1,1주차
5~5,http://openapi.kspo.or.kr/web/video/,성인을 위한 주간 운동프로그램 중 1주차에 해당하는 표준운동프로그램,264342461,29.97,5,1920*1080,성인,1770,0AUDLJ08S_00033_SC_00018.jpeg,2021,준비 운동,1586,한국어,무릎 돌리기,20221004,성인기 1주차 운동프로그램,59.059,,mp4,0AUDLJ08S_00033.mp4,http://openapi.kspo.or.kr/web/image/0AUDLJ08S_00033/,8,동영상,1~1,1주차
5~5,http://openapi.kspo.or.kr/web/video/,성인을 위한 주간 운동프로그램 중 1주차에 해당하는 표준운동프로그램,264342461,29.97,6,1920*1080,성인,1886,0AUDLJ08S_00033_SC_00019.jpeg,2021,준비 운동,1586,한국어,무릎 돌리기,20221004,성인기 1주차 운동프로그램,62.929,,mp4,0AUDLJ08S_00033.mp4,http://openapi.kspo.or.kr/web/image/0AUDLJ08S_00033/,9,동영상,1~1,1주차
5~5,http://openapi.kspo.or.kr/web/video/,성인을 위한 주간 운동프로그램 중 1주차에 해당하는 표준운동프로그램,264342461,29.97,7,1920*1080,성인,2292,0AUDLJ08S_00033_SC_00022.jpeg,2021,준비 운동,1586,한국어,엉덩관절 돌리기,20221004,성인기 1주차 운동프로그램,76.476,,mp4,0AUDLJ08S_00033.mp4,http://openapi.kspo.or.kr/web/image/0AUDLJ08S_00033/,10,동영상,1~1,1주차
5~5,http://openapi.kspo.or.kr/web/video/,성인을 위한 주간 운동프로그램 중 1주차에 해당하는 표준운동프로그램,264342461,29.97,8,1920*1080,성인,2582,0AUDLJ08S_00033_SC_00025.jpeg,2021,준비 운동,1586,한국어,엉덩관절 돌리기,20221004,성인기 1주차 운동프로그램,86.152,,mp4,0AUDLJ08S_00033.mp4,http://openapi.kspo.or.kr/web/image/0AUDLJ08S_00033/,11,동영상,1~1,1주차
5~5,http://openapi.kspo.or.kr/web/video/,성인을 위한 주간 운동프로그램 중 1주차에 해당하는 표준운동프로그램,264342461,29.97,9,1920*1080,성인,2727,0AUDLJ08S_00033_SC_00027.jpeg,2021,준비 운동,1586,한국어,엉덩관절 돌리기,20221004,성인기 1주차 운동프로그램,90.99,,mp4,0AUDLJ08S_00033.mp4,http://openapi.kspo.or.kr/web/image/0AUDLJ08S_00033/,12,동영상,1~1,1주차
5~5,http://openapi.kspo.or.kr/web/video/,성인을 위한 주간 운동프로그램 중 1주차에 해당하는 표준운동프로그램,264342461,29.97,10,1920*1080,성인,2872,0AUDLJ08S_00033_SC_00028.jpeg,2021,준비 운동,1586,한국어,엉덩관절 돌리기,20221004,성인기 1주차 운동프로그램,95.829,,mp4,0AUDLJ08S_00033.mp4,http://openapi.kspo.or.kr/web/image/0AUDLJ08S_00033/,13,동영상,1~1,1주차
5~5,http://openapi.kspo.or.kr/web/video/,성인을 위한 주간 운동프로그램 중 1주차에 해당하는 표준운동프로그램,264342461,29.97,11,1920*1080,성인,3220,0AUDLJ08S_00033_SC_00030.jpeg,2021,준비 운동,1586,한국어,허리 돌리기,20221004,성인기 1주차 운동프로그램,107.44,,mp4,0AUDLJ08S_00033.mp4,http://openapi.kspo.or.kr/web/image/0AUDLJ08S_00033/,14,동영상,1~1,1주차
5~5,http://openapi.kspo.or.kr/web/video/,성인을 위한 주간 운동프로그램 중 1주차에 해당하는 표준운동프로그램,264342461,29.97,12,1920*1080,성인,3365,0AUDLJ08S_00033_SC_00033.jpeg,2021,준비 운동,1586,한국어,허리 돌리기,20221004,성인기 1주차 운동프로그램,112.278,,mp4,0AUDLJ08S_00033.mp4,http://openapi.kspo.or.kr/web/image/0AUDLJ08S_00033/,16,동영상,1~1,1주차
5~5,http://openapi.kspo.or.kr/web/video/,성인을 위한 주간 운동프로그램 중 1주차에 해당하는 표준운동프로그램,264342461,29.97,13,1920*1080,성인,3626,0AUDLJ08S_00033_SC_00036.jpeg,2021,준비 운동,1586,한국어,허리 돌리기,20221004,성인기 1주차 운동프로그램,120.987,,mp4,0AUDLJ08S_00033.mp4,http://openapi.kspo.or.kr/web/image/0AUDLJ08S_00033/,17,동영상,1~1,1주차
5~5,http://openapi.kspo.or.kr/web/video/,성인을 위한 주간 운동프로그램 중 1주차에 해당하는 표준운동프로그램,264342461,29.97,14,1920*1080,성인,3974,0AUDLJ08S_00033_SC_00037.jpeg,2021,준비 운동,1586,한국어,어깨 돌리기,20221004,성인기 1주차 운동프로그램,132.599,,mp4,0AUDLJ08S_00033.mp4,http://openapi.kspo.or.kr/web/image/0AUDLJ08S_00033/,18,동영상,1~1,1주차
5~5,http://openapi.kspo.or.kr/web/video/,성인을 위한 주간 운동프로그램 중 1주차에 해당하는 표준운동프로그램,264342461,29.97,15,1920*1080,성인,4003,0AUDLJ08S_00033_SC_00038.jpeg,2021,준비 운동,1586,한국어,어깨 돌리기,20221004,성인기 1주차 운동프로그램,133.566,,mp4,0AUDLJ08S_00033.mp4,http://openapi.kspo.or.kr/web/image/0AUDLJ08S_00033/,19,동영상,1~1,1주차
5~5,http://openapi.kspo.or.kr/web/video/,성인을 위한 주간 운동프로그램 중 1주차에 해당하는 표준운동프로그램,264342461,29.97,16,1920*1080,성인,4235,0AUDLJ08S_00033_SC_00042.jpeg,2021,준비 운동,1586,한국어,어깨 돌리기,20221004,성인기 1주차 운동프로그램,141.307,,mp4,0AUDLJ08S_00033.mp4,http://openapi.kspo.or.kr/web/image/0AUDLJ08S_00033/,20,동영상,1~1,1주차
5~5,http://openapi.kspo.or.kr/web/video/,성인을 위한 주간 운동프로그램 중 1주차에 해당하는 표준운동프로그램,264342461,29.97,17,1920*1080,성인,4264,0AUDLJ08S_00033_SC_00043.jpeg,2021,준비 운동,1586,한국어,어깨 돌리기,20221004,성인기 1주차 운동프로그램,142.275,,mp4,0AUDLJ08S_00033.mp4,http://openapi.kspo.or.kr/web/image/0AUDLJ08S_00033/,21,동영상,1~1,1주차
5~5,http://openapi.kspo.or.kr/web/video/,성인을 위한 주간 운동프로그램 중 1주차에 해당하는 표준운동프로그램,264342461,29.97,18,1920*1080,성인,4757,0AUDLJ08S_00033_SC_00047.jpeg,2021,준비 운동,1586,한국어,목 돌리기,20221004,성인기 1주차 운동프로그램,158.725,,mp4,0AUDLJ08S_00033.mp4,http://openapi.kspo.or.kr/web/image/0AUDLJ08S_00033/,22,동영상,1~1,1주차
5~5,http://openapi.kspo.or.kr/web/video/,성인을 위한 주간 운동프로그램 중 1주차에 해당하는 표준운동프로그램,264342461,29.97,19,1920*1080,성인,4989,0AUDLJ08S_00033_SC_00048.jpeg,2021,준비 운동,1586,한국어,목 돌리기,20221004,성인기 1주차 운동프로그램,166.466,,mp4,0AUDLJ08S_00033.mp4,http://openapi.kspo.or.kr/web/image/0AUDLJ08S_00033/,23,동영상,1~1,1주차
5~5,http://openapi.kspo.or.kr/web/video/,성인을 위한 주간 운동프로그램 중 1주차에 해당하는 표준운동프로그램,264342461,29.97,20,1920*1080,성인,5134,0AUDLJ08S_00033_SC_00049.jpeg,2021,준비 운동,1586,한국어,목 돌리기,20221004,성인기 1주차 운동프로그램,171.304,,mp4,0AUDLJ08S_00033.mp4,http://openapi.kspo.or.kr/web/image/0AUDLJ08S_00033/,24,동영상,1~1,1주차
10~20,http://openapi.kspo.or.kr/web/video/,성인을 위한 주간 운동프로그램 중 1주차에 해당하는 표준운동프로그램,264342461,29.97,21,1920*1080,성인,5482,0AUDLJ08S_00033_SC_00052.jpeg,2021,준비 운동,1586,한국어,제자리 걷기(Walking in place),20221004,성인기 1주차 운동프로그램,182.916,,mp4,0AUDLJ08S_00033.mp4,http://openapi.kspo.or.kr/web/image/0AUDLJ08S_00033/,25,동영상,1~1,1주차
10~20,http://openapi.kspo.or.kr/web/video/,성인을 위한 주간 운동프로그램 중 1주차에 해당하는 표준운동프로그램,264342461,29.97,22,1920*1080,성인,5627,0AUDLJ08S_00033_SC_00053.jpeg,2021,준비 운동,1586,한국어,제자리 걷기(Walking in place),20221004,성인기 1주차 운동프로그램,187.754,,mp4,0AUDLJ08S_00033.mp4,http://openapi.kspo.or.kr/web/image/0AUDLJ08S_00033/,26,동영상,1~1,1주차
10~20,http://openapi.kspo.or.kr/web/video/,성인을 위한 주간 운동프로그램 중 1주차에 해당하는 표준운동프로그램,264342461,29.97,23,1920*1080,성인,5685,0AUDLJ08S_00033_SC_00054.jpeg,2021,준비 운동,1586,한국어,제자리 걷기(Walking in place),20221004,성인기 1주차 운동프로그램,189.689,,mp4,0AUDLJ08S_00033.mp4,http://openapi.kspo.or.kr/web/image/0AUDLJ08S_00033/,27,동영상,1~1,1주차
10~20,http://openapi.kspo.or.kr/web/video/,성인을 위한 주간 운동프로그램 중 1주차에 해당하는 표준운동프로그램,264342461,29.97,24,1920*1080,성인,5801,0AUDLJ08S_00033_SC_00056.jpeg,2021,준비 운동,1586,한국어,제자리 걷기(Walking in place),20221004,성인기 1주차 운동프로그램,193.56,,mp4,0AUDLJ08S_00033.mp4,http://openapi.kspo.or.kr/web/image/0AUDLJ08S_00033/,28,동영상,1~1,1주차
10~20,http://openapi.kspo.or.kr/web/video/,성인을 위한 주간 운동프로그램 중 1주차에 해당하는 표준운동프로그램,264342461,29.97,25,1920*1080,성인,6120,0AUDLJ08S_00033_SC_00059.jpeg,2021,준비 운동,1586,한국어,가볍게 달리기(Jogging in place),20221004,성인기 1주차 운동프로그램,204.204,,mp4,0AUDLJ08S_00033.mp4,http://openapi.kspo.or.kr/web/image/0AUDLJ08S_00033/,29,동영상,1~1,1주차
10~20,http://openapi.kspo.or.kr/web/video/,성인을 위한 주간 운동프로그램 중 1주차에 해당하는 표준운동프로그램,264342461,29.97,26,1920*1080,성인,6178,0AUDLJ08S_00033_SC_00060.jpeg,2021,준비 운동,1586,한국어,가볍게 달리기(Jogging in place),20221004,성인기 1주차 운동프로그램,206.139,,mp4,0AUDLJ08S_00033.mp4,http://openapi.kspo.or.kr/web/image/0AUDLJ08S_00033/,30,동영상,1~1,1주차
10~20,http://openapi.kspo.or.kr/web/video/,성인을 위한 주간 운동프로그램 중 1주차에 해당하는 표준운동프로그램,264342461,29.97,27,1920*1080,성인,6323,0AUDLJ08S_00033_SC_00062.jpeg,2021,준비 운동,1586,한국어,가볍게 달리기(Jogging in place),20221004,성인기 1주차 운동프로그램,210.977,,mp4,0AUDLJ08S_00033.mp4,http://openapi.kspo.or.kr/web/image/0AUDLJ08S_00033/,31,동영상,1~1,1주차
10~20,http://openapi.kspo.or.kr/web/video/,성인을 위한 주간 운동프로그램 중 1주차에 해당하는 표준운동프로그램,264342461,29.97,28,1920*1080,성인,6381,0AUDLJ08S_00033_SC_00063.jpeg,2021,준비 운동,1586,한국어,가볍게 달리기(Jogging in place),20221004,성인기 1주차 운동프로그램,212.912,,mp4,0AUDLJ08S_00033.mp4,http://openapi.kspo.or.kr/web/image/0AUDLJ08S_00033/,32,동영상,1~1,1주차
5~10,http://openapi.kspo.or.kr/web/video/,성인을 위한 주간 운동프로그램 중 1주차에 해당하는 표준운동프로그램,264342461,29.97,29,1920*1080,성인,6903,0AUDLJ08S_00033_SC_00066.jpeg,2021,준비 운동,1586,한국어,무릎 스트레칭(Butt kicks),20221114,성인기 1주차 운동프로그램,230.33,,mp4,0AUDLJ08S_00033.mp4,http://openapi.kspo.or.kr/web/image/0AUDLJ08S_00033/,33,동영상,1~1,1주차
5~10,http://openapi.kspo.or.kr/web/video/,성인을 위한 주간 운동프로그램 중 1주차에 해당하는 표준운동프로그램,264342461,29.97,30,1920*1080,성인,7077,0AUDLJ08S_00033_SC_00068.jpeg,2021,준비 운동,1586,한국어,무릎 스트레칭(Butt kicks),20221114,성인기 1주차 운동프로그램,236.135,,mp4,0AUDLJ08S_00033.mp4,http://openapi.kspo.or.kr/web/image/0AUDLJ08S_00033/,34,동영상,1~1,1주차
5~10,http://openapi.kspo.or.kr/web/video/,성인을 위한 주간 운동프로그램 중 1주차에 해당하는 표준운동프로그램,264342461,29.97,31,1920*1080,성인,7193,0AUDLJ08S_00033_SC_00069.jpeg,2021,준비 운동,1586,한국어,무릎 스트레칭(Butt kicks),20221004,성인기 1주차 운동프로그램,240.006,,mp4,0AUDLJ08S_00033.mp4,http://openapi.kspo.or.kr/web/image/0AUDLJ08S_00033/,35,동영상,1~1,1주차
5~10,http://openapi.kspo.or.kr/web/video/,성인을 위한 주간 운동프로그램 중 1주차에 해당하는 표준운동프로그램,264342461,29.97,32,1920*1080,성인,7686,0AUDLJ08S_00033_SC_00072.jpeg,2021,준비 운동,1586,한국어,엉덩관절 스트레칭(High knee pull),20221004,성인기 1주차 운동프로그램,256.456,,mp4,0AUDLJ08S_00033.mp4,http://openapi.kspo.or.kr/web/image/0AUDLJ08S_00033/,36,동영상,1~1,1주차
5~10,http://openapi.kspo.or.kr/web/video/,성인을 위한 주간 운동프로그램 중 1주차에 해당하는 표준운동프로그램,264342461,29.97,33,1920*1080,성인,7831,0AUDLJ08S_00033_SC_00073.jpeg,2021,준비 운동,1586,한국어,엉덩관절 스트레칭(High knee pull),20221004,성인기 1주차 운동프로그램,261.294,,mp4,0AUDLJ08S_00033.mp4,http://openapi.kspo.or.kr/web/image/0AUDLJ08S_00033/,37,동영상,1~1,1주차
5~10,http://openapi.kspo.or.kr/web/video/,성인을 위한 주간 운동프로그램 중 1주차에 해당하는 표준운동프로그램,264342461,29.97,34,1920*1080,성인,7918,0AUDLJ08S_00033_SC_00074.jpeg,2021,준비 운동,1586,한국어,엉덩관절 스트레칭(High knee pull),20221004,성인기 1주차 운동프로그램,264.197,,mp4,0AUDLJ08S_00033.mp4,http://openapi.kspo.or.kr/web/image/0AUDLJ08S_00033/,38,동영상,1~1,1주차
5~10,http://openapi.kspo.or.kr/web/video/,성인을 위한 주간 운동프로그램 중 1주차에 해당하는 표준운동프로그램,264342461,29.97,35,1920*1080,성인,8034,0AUDLJ08S_00033_SC_00075.jpeg,2021,준비 운동,1586,한국어,엉덩관절 스트레칭(High knee pull),20221004,성인기 1주차 운동프로그램,268.067,,mp4,0AUDLJ08S_00033.mp4,http://openapi.kspo.or.kr/web/image/0AUDLJ08S_00033/,39,동영상,1~1,1주차
5~10,http://openapi.kspo.or.kr/web/video/,성인을 위한 주간 운동프로그램 중 1주차에 해당하는 표준운동프로그램,264342461,29.97,36,1920*1080,성인,8701,0AUDLJ08S_00033_SC_00078.jpeg,2021,준비 운동,1586,한국어,엉덩관절/어깨 스트레칭(Dynamic hamstring stretch),20221004,성인기 1주차 운동프로그램,290.323,,mp4,0AUDLJ08S_00033.mp4,http://openapi.kspo.or.kr/web/image/0AUDLJ08S_00033/,40,동영상,1~1,1주차
5~10,http://openapi.kspo.or.kr/web/video/,성인을 위한 주간 운동프로그램 중 1주차에 해당하는 표준운동프로그램,264342461,29.97,37,1920*1080,성인,8991,0AUDLJ08S_00033_SC_00080.jpeg,2021,준비 운동,1586,한국어,엉덩관절/어깨 스트레칭(Dynamic hamstring stretch),20221004,성인기 1주차 운동프로그램,299.999,,mp4,0AUDLJ08S_00033.mp4,http://openapi.kspo.or.kr/web/image/0AUDLJ08S_00033/,41,동영상,1~1,1주차
5~10,http://openapi.kspo.or.kr/web/video/,성인을 위한 주간 운동프로그램 중 1주차에 해당하는 표준운동프로그램,264342461,29.97,38,1920*1080,성인,9136,0AUDLJ08S_00033_SC_00081.jpeg,2021,준비 운동,1586,한국어,엉덩관절/어깨 스트레칭(Dynamic hamstring stretch),20221004,성인기 1주차 운동프로그램,304.837,,mp4,0AUDLJ08S_00033.mp4,http://openapi.kspo.or.kr/web/image/0AUDLJ08S_00033/,42,동영상,1~1,1주차
5~10,http://openapi.kspo.or.kr/web/video/,성인을 위한 주간 운동프로그램 중 1주차에 해당하는 표준운동프로그램,264342461,29.97,39,1920*1080,성인,9542,0AUDLJ08S_00033_SC_00085.jpeg,2021,준비 운동,1586,한국어,무릎/허리/어깨 스트레칭(Trunk circle stretch),20221004,성인기 1주차 운동프로그램,318.384,,mp4,0AUDLJ08S_00033.mp4,http://openapi.kspo.or.kr/web/image/0AUDLJ08S_00033/,43,동영상,1~1,1주차
5~10,http://openapi.kspo.or.kr/web/video/,성인을 위한 주간 운동프로그램 중 1주차에 해당하는 표준운동프로그램,264342461,29.97,40,1920*1080,성인,9948,0AUDLJ08S_00033_SC_00087.jpeg,2021,준비 운동,1586,한국어,무릎/허리/어깨 스트레칭(Trunk circle stretch),20221004,성인기 1주차 운동프로그램,331.931,,mp4,0AUDLJ08S_00033.mp4,http://openapi.kspo.or.kr/web/image/0AUDLJ08S_00033/,44,동영상,1~1,1주차
5~10,http://openapi.kspo.or.kr/web/video/,성인을 위한 주간 운동프로그램 중 1주차에 해당하는 표준운동프로그램,264342461,29.97,41,1920*1080,성인,10093,0AUDLJ08S_00033_SC_00088.jpeg,2021,준비 운동,1586,한국어,무릎/허리/어깨 스트레칭(Trunk circle stretch),20221004,성인기 1주차 운동프로그램,336.769,,mp4,0AUDLJ08S_00033.mp4,http://openapi.kspo.or.kr/web/image/0AUDLJ08S_00033/,45,동영상,1~1,1주차
5~10,http://openapi.kspo.or.kr/web/video/,성인을 위한 주간 운동프로그램 중 1주차에 해당하는 표준운동프로그램,264342461,29.97,42,1920*1080,성인,10209,0AUDLJ08S_00033_SC_00090.jpeg,2021,준비 운동,1586,한국어,무릎/허리/어깨 스트레칭(Trunk circle stretch),20221004,성인기 1주차 운동프로그램,340.64,,mp4,0AUDLJ08S_00033.mp4,http://openapi.kspo.or.kr/web/image/0AUDLJ08S_00033/,46,동영상,1~1,1주차
5~10,http://openapi.kspo.or.kr/web/video/,성인을 위한 주간 운동프로그램 중 1주차에 해당하는 표준운동프로그램,264342461,29.97,43,1920*1080,성인,10499,0AUDLJ08S_00033_SC_00092.jpeg,2021,준비 운동,1586,한국어,무릎/허리/어깨 스트레칭(Trunk circle stretch),20221004,성인기 1주차 운동프로그램,350.316,,mp4,0AUDLJ08S_00033.mp4,http://openapi.kspo.or.kr/web/image/0AUDLJ08S_00033/,47,동영상,1~1,1주차
5~10,http://openapi.kspo.or.kr/web/video/,성인을 위한 주간 운동프로그램 중 1주차에 해당하는 표준운동프로그램,264342461,29.97,44,1920*1080,성인,10557,0AUDLJ08S_00033_SC_00093.jpeg,2021,준비 운동,1586,한국어,무릎/허리/어깨 스트레칭(Trunk circle stretch),20221004,성인기 1주차 운동프로그램,352.251,,mp4,0AUDLJ08S_00033.mp4,http://openapi.kspo.or.kr/web/image/0AUDLJ08S_00033/,48,동영상,1~1,1주차
5~10,http://openapi.kspo.or.kr/web/video/,성인을 위한 주간 운동프로그램 중 1주차에 해당하는 표준운동프로그램,264342461,29.97,45,1920*1080,성인,10934,0AUDLJ08S_00033_SC_00094.jpeg,2021,준비 운동,1586,한국어,몸통/어깨 스트레칭(Thoracic rotation stretch),20221004,성인기 1주차 운동프로그램,364.831,,mp4,0AUDLJ08S_00033.mp4,http://openapi.kspo.or.kr/web/image/0AUDLJ08S_00033/,49,동영상,1~1,1주차
5~10,http://openapi.kspo.or.kr/web/video/,성인을 위한 주간 운동프로그램 중 1주차에 해당하는 표준운동프로그램,264342461,29.97,46,1920*1080,성인,11050,0AUDLJ08S_00033_SC_00095.jpeg,2021,준비 운동,1586,한국어,몸통/어깨 스트레칭(Thoracic rotation stretch),20221004,성인기 1주차 운동프로그램,368.701,,mp4,0AUDLJ08S_00033.mp4,http://openapi.kspo.or.kr/web/image/0AUDLJ08S_00033/,50,동영상,1~1,1주차
5~10,http://openapi.kspo.or.kr/web/video/,성인을 위한 주간 운동프로그램 중 1주차에 해당하는 표준운동프로그램,264342461,29.97,47,1920*1080,성인,11456,0AUDLJ08S_00033_SC_00097.jpeg,2021,준비 운동,1586,한국어,몸통/어깨 스트레칭(Thoracic rotation stretch),20221004,성인기 1주차 운동프로그램,382.248,,mp4,0AUDLJ08S_00033.mp4,http://openapi.kspo.or.kr/web/image/0AUDLJ08S_00033/,51,동영상,1~1,1주차
5~10,http://openapi.kspo.or.kr/web/video/,성인을 위한 주간 운동프로그램 중 1주차에 해당하는 표준운동프로그램,264342461,29.97,48,1920*1080,성인,11891,0AUDLJ08S_00033_SC_00098.jpeg,2021,준비 운동,1586,한국어,어깨 스트레칭(Arm circles),20221004,성인기 1주차 운동프로그램,396.763,,mp4,0AUDLJ08S_00033.mp4,http://openapi.kspo.or.kr/web/image/0AUDLJ08S_00033/,52,동영상,1~1,1주차
5~10,http://openapi.kspo.or.kr/web/video/,성인을 위한 주간 운동프로그램 중 1주차에 해당하는 표준운동프로그램,264342461,29.97,49,1920*1080,성인,12007,0AUDLJ08S_00033_SC_00099.jpeg,2021,준비 운동,1586,한국어,어깨 스트레칭(Arm circles),20221004,성인기 1주차 운동프로그램,400.633,,mp4,0AUDLJ08S_00033.mp4,http://openapi.kspo.or.kr/web/image/0AUDLJ08S_00033/,53,동영상,1~1,1주차
5~10,http://openapi.kspo.or.kr/web/video/,성인을 위한 주간 운동프로그램 중 1주차에 해당하는 표준운동프로그램,264342461,29.97,50,1920*1080,성인,12326,0AUDLJ08S_00033_SC_00101.jpeg,2021,준비 운동,1586,한국어,어깨 스트레칭(Arm circles),20221004,성인기 1주차 운동프로그램,411.277,,mp4,0AUDLJ08S_00033.mp4,http://openapi.kspo.or.kr/web/image/0AUDLJ08S_00033/,54,동영상,1~1,1주차
5~10,http://openapi.kspo.or.kr/web/video/,성인을 위한 주간 운동프로그램 중 1주차에 해당하는 표준운동프로그램,264342461,29.97,51,1920*1080,성인,12935,0AUDLJ08S_00033_SC_00105.jpeg,2021,준비 운동,1586,한국어,등/어깨 스트레칭(Shoulder gators),20221004,성인기 1주차 운동프로그램,431.597,,mp4,0AUDLJ08S_00033.mp4,http://openapi.kspo.or.kr/web/image/0AUDLJ08S_00033/,55,동영상,1~1,1주차
5~10,http://openapi.kspo.or.kr/web/video/,성인을 위한 주간 운동프로그램 중 1주차에 해당하는 표준운동프로그램,264342461,29.97,52,1920*1080,성인,13167,0AUDLJ08S_00033_SC_00106.jpeg,2021,준비 운동,1586,한국어,등/어깨 스트레칭(Shoulder gators),20221004,성인기 1주차 운동프로그램,439.338,,mp4,0AUDLJ08S_00033.mp4,http://openapi.kspo.or.kr/web/image/0AUDLJ08S_00033/,56,동영상,1~1,1주차
5~10,http://openapi.kspo.or.kr/web/video/,성인을 위한 주간 운동프로그램 중 1주차에 해당하는 표준운동프로그램,264342461,29.97,53,1920*1080,성인,13225,0AUDLJ08S_00033_SC_00107.jpeg,2021,준비 운동,1586,한국어,등/어깨 스트레칭(Shoulder gators),20221004,성인기 1주차 운동프로그램,441.274,,mp4,0AUDLJ08S_00033.mp4,http://openapi.kspo.or.kr/web/image/0AUDLJ08S_00033/,57,동영상,1~1,1주차
5~10,http://openapi.kspo.or.kr/web/video/,성인을 위한 주간 운동프로그램 중 1주차에 해당하는 표준운동프로그램,264342461,29.97,54,1920*1080,성인,13428,0AUDLJ08S_00033_SC_00108.jpeg,2021,준비 운동,1586,한국어,등/어깨 스트레칭(Shoulder gators),20221004,성인기 1주차 운동프로그램,448.047,,mp4,0AUDLJ08S_00033.mp4,http://openapi.kspo.or.kr/web/image/0AUDLJ08S_00033/,58,동영상,1~1,1주차
10~20,http://openapi.kspo.or.kr/web/video/,성인을 위한 주간 운동프로그램 중 1주차에 해당하는 표준운동프로그램,264342461,29.97,55,1920*1080,성인,13631,0AUDLJ08S_00033_SC_00110.jpeg,2021,준비 운동,1586,한국어,팔 벌려 뛰기(Jumping jack),20221004,성인기 1주차 운동프로그램,454.821,,mp4,0AUDLJ08S_00033.mp4,http://openapi.kspo.or.kr/web/image/0AUDLJ08S_00033/,59,동영상,1~1,1주차
10~20,http://openapi.kspo.or.kr/web/video/,성인을 위한 주간 운동프로그램 중 1주차에 해당하는 표준운동프로그램,264342461,29.97,56,1920*1080,성인,13892,0AUDLJ08S_00033_SC_00111.jpeg,2021,준비 운동,1586,한국어,팔 벌려 뛰기(Jumping jack),20221004,성인기 1주차 운동프로그램,463.529,,mp4,0AUDLJ08S_00033.mp4,http://openapi.kspo.or.kr/web/image/0AUDLJ08S_00033/,60,동영상,1~1,1주차
10~20,http://openapi.kspo.or.kr/web/video/,성인을 위한 주간 운동프로그램 중 1주차에 해당하는 표준운동프로그램,264342461,29.97,57,1920*1080,성인,14269,0AUDLJ08S_00033_SC_00115.jpeg,2021,준비 운동,1586,한국어,팔 벌려 뛰기(Jumping jack),20221114,성인기 1주차 운동프로그램,476.108,,mp4,0AUDLJ08S_00033.mp4,http://openapi.kspo.or.kr/web/image/0AUDLJ08S_00033/,61,동영상,1~1,1주차
3~5,http://openapi.kspo.or.kr/web/video/,성인을 위한 주간 운동프로그램 중 1주차에 해당하는 표준운동프로그램,264342461,29.97,58,1920*1080,성인,14588,0AUDLJ08S_00033_SC_00116.jpeg,2021,준비 운동,1586,한국어,숨쉬기(Breathing),20221004,성인기 1주차 운동프로그램,486.752,,mp4,0AUDLJ08S_00033.mp4,http://openapi.kspo.or.kr/web/image/0AUDLJ08S_00033/,62,동영상,1~1,1주차
3~5,http://openapi.kspo.or.kr/web/video/,성인을 위한 주간 운동프로그램 중 1주차에 해당하는 표준운동프로그램,264342461,29.97,59,1920*1080,성인,14791,0AUDLJ08S_00033_SC_00117.jpeg,2021,준비 운동,1586,한국어,숨쉬기(Breathing),20221004,성인기 1주차 운동프로그램,493.526,,mp4,0AUDLJ08S_00033.mp4,http://openapi.kspo.or.kr/web/image/0AUDLJ08S_00033/,63,동영상,1~1,1주차
3~5,http://openapi.kspo.or.kr/web/video/,성인을 위한 주간 운동프로그램 중 1주차에 해당하는 표준운동프로그램,264342461,29.97,60,1920*1080,성인,14965,0AUDLJ08S_00033_SC_00118.jpeg,2021,준비 운동,1586,한국어,숨쉬기(Breathing),20221004,성인기 1주차 운동프로그램,499.332,,mp4,0AUDLJ08S_00033.mp4,http://openapi.kspo.or.kr/web/image/0AUDLJ08S_00033/,64,동영상,1~1,1주차
,http://openapi.kspo.or.kr/web/video/,성인을 위한 주간 운동프로그램 중 1주차에 해당하는 표준운동프로그램,264342461,29.97,61,1920*1080,성인,16067,0AUDLJ08S_00033_SC_00125.jpeg,2021,본 운동,1586,한국어,제자리 걷기/무릎 올리기(Waling/knee up),20221004,성인기 1주차 운동프로그램,536.102,30~30 초,mp4,0AUDLJ08S_00033.mp4,http://openapi.kspo.or.kr/web/image/0AUDLJ08S_00033/,65,동영상,3~3,1주차
,http://openapi.kspo.or.kr/web/video/,성인을 위한 주간 운동프로그램 중 1주차에 해당하는 표준운동프로그램,264342461,29.97,62,1920*1080,성인,16125,0AUDLJ08S_00033_SC_00127.jpeg,2021,본 운동,1586,한국어,제자리 걷기/무릎 올리기(Waling/knee up),20221004,성인기 1주차 운동프로그램,538.037,30~30 초,mp4,0AUDLJ08S_00033.mp4,http://openapi.kspo.or.kr/web/image/0AUDLJ08S_00033/,66,동영상,3~3,1주차
,http://openapi.kspo.or.kr/web/video/,성인을 위한 주간 운동프로그램 중 1주차에 해당하는 표준운동프로그램,264342461,29.97,63,1920*1080,성인,16154,0AUDLJ08S_00033_SC_00128.jpeg,2021,본 운동,1586,한국어,제자리 걷기/무릎 올리기(Waling/knee up),20221004,성인기 1주차 운동프로그램,539.005,30~30 초,mp4,0AUDLJ08S_00033.mp4,http://openapi.kspo.or.kr/web/image/0AUDLJ08S_00033/,67,동영상,3~3,1주차
,http://openapi.kspo.or.kr/web/video/,성인을 위한 주간 운동프로그램 중 1주차에 해당하는 표준운동프로그램,264342461,29.97,64,1920*1080,성인,16270,0AUDLJ08S_00033_SC_00129.jpeg,2021,본 운동,1586,한국어,제자리 걷기/무릎 올리기(Waling/knee up),20221004,성인기 1주차 운동프로그램,542.875,30~30 초,mp4,0AUDLJ08S_00033.mp4,http://openapi.kspo.or.kr/web/image/0AUDLJ08S_00033/,68,동영상,3~3,1주차
,http://openapi.kspo.or.kr/web/video/,성인을 위한 주간 운동프로그램 중 1주차에 해당하는 표준운동프로그램,264342461,29.97,65,1920*1080,성인,16415,0AUDLJ08S_00033_SC_00131.jpeg,2021,본 운동,1586,한국어,제자리 걷기/무릎 올리기(Waling/knee up),20221004,성인기 1주차 운동프로그램,547.713,30~30 초,mp4,0AUDLJ08S_00033.mp4,http://openapi.kspo.or.kr/web/image/0AUDLJ08S_00033/,69,동영상,3~3,1주차
,http://openapi.kspo.or.kr/web/video/,성인을 위한 주간 운동프로그램 중 1주차에 해당하는 표준운동프로그램,264342461,29.97,66,1920*1080,성인,17459,0AUDLJ08S_00033_SC_00138.jpeg,2021,본 운동,1586,한국어,앉았다 일어서기(Squat),20221004,성인기 1주차 운동프로그램,582.548,30~30 초,mp4,0AUDLJ08S_00033.mp4,http://openapi.kspo.or.kr/web/image/0AUDLJ08S_00033/,70,동영상,3~3,1주차
,http://openapi.kspo.or.kr/web/video/,성인을 위한 주간 운동프로그램 중 1주차에 해당하는 표준운동프로그램,264342461,29.97,67,1920*1080,성인,17633,0AUDLJ08S_00033_SC_00140.jpeg,2021,본 운동,1586,한국어,앉았다 일어서기(Squat),20221004,성인기 1주차 운동프로그램,588.354,30~30 초,mp4,0AUDLJ08S_00033.mp4,http://openapi.kspo.or.kr/web/image/0AUDLJ08S_00033/,71,동영상,3~3,1주차
,http://openapi.kspo.or.kr/web/video/,성인을 위한 주간 운동프로그램 중 1주차에 해당하는 표준운동프로그램,264342461,29.97,68,1920*1080,성인,17662,0AUDLJ08S_00033_SC_00141.jpeg,2021,본 운동,1586,한국어,앉았다 일어서기(Squat),20221004,성인기 1주차 운동프로그램,589.322,30~30 초,mp4,0AUDLJ08S_00033.mp4,http://openapi.kspo.or.kr/web/image/0AUDLJ08S_00033/,72,동영상,3~3,1주차
,http://openapi.kspo.or.kr/web/video/,성인을 위한 주간 운동프로그램 중 1주차에 해당하는 표준운동프로그램,264342461,29.97,69,1920*1080,성인,18068,0AUDLJ08S_00033_SC_00146.jpeg,2021,본 운동,1586,한국어,앉았다 일어서기(Squat),20221004,성인기 1주차 운동프로그램,602.868,30~30 초,mp4,0AUDLJ08S_00033.mp4,http://openapi.kspo.or.kr/web/image/0AUDLJ08S_00033/,73,동영상,3~3,1주차
,http://openapi.kspo.or.kr/web/video/,성인을 위한 주간 운동프로그램 중 1주차에 해당하는 표준운동프로그램,264342461,29.97,70,1920*1080,성인,18619,0AUDLJ08S_00033_SC_00147.jpeg,2021,본 운동,1586,한국어,상세 숙여 팔꿈치 펴기(Triceps kick back),20221004,성인기 1주차 운동프로그램,621.253,30~30 초,mp4,0AUDLJ08S_00033.mp4,http://openapi.kspo.or.kr/web/image/0AUDLJ08S_00033/,74,동영상,3~3,1주차
,http://openapi.kspo.or.kr/web/video/,성인을 위한 주간 운동프로그램 중 1주차에 해당하는 표준운동프로그램,264342461,29.97,71,1920*1080,성인,18938,0AUDLJ08S_00033_SC_00149.jpeg,2021,본 운동,1586,한국어,상세 숙여 팔꿈치 펴기(Triceps kick back),20221004,성인기 1주차 운동프로그램,631.897,30~30 초,mp4,0AUDLJ08S_00033.mp4,http://openapi.kspo.or.kr/web/image/0AUDLJ08S_00033/,75,동영상,3~3,1주차
,http://openapi.kspo.or.kr/web/video/,성인을 위한 주간 운동프로그램 중 1주차에 해당하는 표준운동프로그램,264342461,29.97,72,1920*1080,성인,19141,0AUDLJ08S_00033_SC_00150.jpeg,2021,본 운동,1586,한국어,상세 숙여 팔꿈치 펴기(Triceps kick back),20221004,성인기 1주차 운동프로그램,638.671,30~30 초,mp4,0AUDLJ08S_00033.mp4,http://openapi.kspo.or.kr/web/image/0AUDLJ08S_00033/,76,동영상,3~3,1주차
,http://openapi.kspo.or.kr/web/video/,성인을 위한 주간 운동프로그램 중 1주차에 해당하는 표준운동프로그램,264342461,29.97,73,1920*1080,성인,19286,0AUDLJ08S_00033_SC_00151.jpeg,2021,본 운동,1586,한국어,상세 숙여 팔꿈치 펴기(Triceps kick back),20221004,성인기 1주차 운동프로그램,643.509,30~30 초,mp4,0AUDLJ08S_00033.mp4,http://openapi.kspo.or.kr/web/image/0AUDLJ08S_00033/,77,동영상,3~3,1주차
,http://openapi.kspo.or.kr/web/video/,성인을 위한 주간 운동프로그램 중 1주차에 해당하는 표준운동프로그램,264342461,29.97,74,1920*1080,성인,19721,0AUDLJ08S_00033_SC_00152.jpeg,2021,본 운동,1586,한국어,엎드려 몸통 버티기(Plank),20221004,성인기 1주차 운동프로그램,658.024,30~30 초,mp4,0AUDLJ08S_00033.mp4,http://openapi.kspo.or.kr/web/image/0AUDLJ08S_00033/,78,동영상,3~3,1주차
,http://openapi.kspo.or.kr/web/video/,성인을 위한 주간 운동프로그램 중 1주차에 해당하는 표준운동프로그램,264342461,29.97,75,1920*1080,성인,19895,0AUDLJ08S_00033_SC_00154.jpeg,2021,본 운동,1586,한국어,엎드려 몸통 버티기(Plank),20221018,성인기 1주차 운동프로그램,663.829,30~30 초,mp4,0AUDLJ08S_00033.mp4,http://openapi.kspo.or.kr/web/image/0AUDLJ08S_00033/,79,동영상,3~3,1주차
,http://openapi.kspo.or.kr/web/video/,성인을 위한 주간 운동프로그램 중 1주차에 해당하는 표준운동프로그램,264342461,29.97,76,1920*1080,성인,20214,0AUDLJ08S_00033_SC_00160.jpeg,2021,본 운동,1586,한국어,엎드려 몸통 버티기(Plank),20221004,성인기 1주차 운동프로그램,674.473,30~30 초,mp4,0AUDLJ08S_00033.mp4,http://openapi.kspo.or.kr/web/image/0AUDLJ08S_00033/,80,동영상,3~3,1주차
,http://openapi.kspo.or.kr/web/video/,성인을 위한 주간 운동프로그램 중 1주차에 해당하는 표준운동프로그램,264342461,29.97,77,1920*1080,성인,20388,0AUDLJ08S_00033_SC_00161.jpeg,2021,본 운동,1586,한국어,엎드려 몸통 버티기(Plank),20221004,성인기 1주차 운동프로그램,680.279,30~30 초,mp4,0AUDLJ08S_00033.mp4,http://openapi.kspo.or.kr/web/image/0AUDLJ08S_00033/,81,동영상,3~3,1주차
,http://openapi.kspo.or.kr/web/video/,성인을 위한 주간 운동프로그램 중 1주차에 해당하는 표준운동프로그램,264342461,29.97,78,1920*1080,성인,20823,0AUDLJ08S_00033_SC_00162.jpeg,2021,본 운동,1586,한국어,제자리 달리기(Running in place),20221004,성인기 1주차 운동프로그램,694.794,30~30 초,mp4,0AUDLJ08S_00033.mp4,http://openapi.kspo.or.kr/web/image/0AUDLJ08S_00033/,82,동영상,3~3,1주차
,http://openapi.kspo.or.kr/web/video/,성인을 위한 주간 운동프로그램 중 1주차에 해당하는 표준운동프로그램,264342461,29.97,79,1920*1080,성인,20910,0AUDLJ08S_00033_SC_00163.jpeg,2021,본 운동,1586,한국어,제자리 달리기(Running in place),20221004,성인기 1주차 운동프로그램,697.697,30~30 초,mp4,0AUDLJ08S_00033.mp4,http://openapi.kspo.or.kr/web/image/0AUDLJ08S_00033/,83,동영상,3~3,1주차
,http://openapi.kspo.or.kr/web/video/,성인을 위한 주간 운동프로그램 중 1주차에 해당하는 표준운동프로그램,264342461,29.97,80,1920*1080,성인,21055,0AUDLJ08S_00033_SC_00164.jpeg,2021,본 운동,1586,한국어,제자리 달리기(Running in place),20221004,성인기 1주차 운동프로그램,702.535,30~30 초,mp4,0AUDLJ08S_00033.mp4,http://openapi.kspo.or.kr/web/image/0AUDLJ08S_00033/,84,동영상,3~3,1주차
,http://openapi.kspo.or.kr/web/video/,성인을 위한 주간 운동프로그램 중 1주차에 해당하는 표준운동프로그램,264342461,29.97,81,1920*1080,성인,21084,0AUDLJ08S_00033_SC_00165.jpeg,2021,본 운동,1586,한국어,제자리 달리기(Running in place),20221004,성인기 1주차 운동프로그램,703.502,30~30 초,mp4,0AUDLJ08S_00033.mp4,http://openapi.kspo.or.kr/web/image/0AUDLJ08S_00033/,85,동영상,3~3,1주차
,http://openapi.kspo.or.kr/web/video/,성인을 위한 주간 운동프로그램 중 1주차에 해당하는 표준운동프로그램,264342461,29.97,82,1920*1080,성인,21345,0AUDLJ08S_00033_SC_00169.jpeg,2021,본 운동,1586,한국어,제자리 달리기(Running in place),20221004,성인기 1주차 운동프로그램,712.211,30~30 초,mp4,0AUDLJ08S_00033.mp4,http://openapi.kspo.or.kr/web/image/0AUDLJ08S_00033/,86,동영상,3~3,1주차
,http://openapi.kspo.or.kr/web/video/,성인을 위한 주간 운동프로그램 중 1주차에 해당하는 표준운동프로그램,264342461,29.97,83,1920*1080,성인,21838,0AUDLJ08S_00033_SC_00170.jpeg,2021,본 운동,1586,한국어,양발 앞뒤로 벌려 앉았다 일어서기(Static lunge),20221004,성인기 1주차 운동프로그램,728.661,30~30 초,mp4,0AUDLJ08S_00033.mp4,http://openapi.kspo.or.kr/web/image/0AUDLJ08S_00033/,87,동영상,3~3,1주차
,http://openapi.kspo.or.kr/web/video/,성인을 위한 주간 운동프로그램 중 1주차에 해당하는 표준운동프로그램,264342461,29.97,84,1920*1080,성인,21867,0AUDLJ08S_00033_SC_00171.jpeg,2021,본 운동,1586,한국어,양발 앞뒤로 벌려 앉았다 일어서기(Static lunge),20221004,성인기 1주차 운동프로그램,729.628,30~30 초,mp4,0AUDLJ08S_00033.mp4,http://openapi.kspo.or.kr/web/image/0AUDLJ08S_00033/,88,동영상,3~3,1주차
,http://openapi.kspo.or.kr/web/video/,성인을 위한 주간 운동프로그램 중 1주차에 해당하는 표준운동프로그램,264342461,29.97,85,1920*1080,성인,22302,0AUDLJ08S_00033_SC_00177.jpeg,2021,본 운동,1586,한국어,양발 앞뒤로 벌려 앉았다 일어서기(Static lunge),20221004,성인기 1주차 운동프로그램,744.143,30~30 초,mp4,0AUDLJ08S_00033.mp4,http://openapi.kspo.or.kr/web/image/0AUDLJ08S_00033/,89,동영상,3~3,1주차
,http://openapi.kspo.or.kr/web/video/,성인을 위한 주간 운동프로그램 중 1주차에 해당하는 표준운동프로그램,264342461,29.97,86,1920*1080,성인,22447,0AUDLJ08S_00033_SC_00178.jpeg,2021,본 운동,1586,한국어,양발 앞뒤로 벌려 앉았다 일어서기(Static lunge),20221004,성인기 1주차 운동프로그램,748.981,30~30 초,mp4,0AUDLJ08S_00033.mp4,http://openapi.kspo.or.kr/web/image/0AUDLJ08S_00033/,90,동영상,3~3,1주차
,http://openapi.kspo.or.kr/web/video/,성인을 위한 주간 운동프로그램 중 1주차에 해당하는 표준운동프로그램,264342461,29.97,87,1920*1080,성인,22882,0AUDLJ08S_00033_SC_00179.jpeg,2021,본 운동,1586,한국어,팔꿈치 굽히기(Standing biceps curl),20221004,성인기 1주차 운동프로그램,763.496,30~30 초,mp4,0AUDLJ08S_00033.mp4,http://openapi.kspo.or.kr/web/image/0AUDLJ08S_00033/,91,동영상,3~3,1주차
,http://openapi.kspo.or.kr/web/video/,성인을 위한 주간 운동프로그램 중 1주차에 해당하는 표준운동프로그램,264342461,29.97,88,1920*1080,성인,23056,0AUDLJ08S_00033_SC_00180.jpeg,2021,본 운동,1586,한국어,팔꿈치 굽히기(Standing biceps curl),20221004,성인기 1주차 운동프로그램,769.301,30~30 초,mp4,0AUDLJ08S_00033.mp4,http://openapi.kspo.or.kr/web/image/0AUDLJ08S_00033/,92,동영상,3~3,1주차
,http://openapi.kspo.or.kr/web/video/,성인을 위한 주간 운동프로그램 중 1주차에 해당하는 표준운동프로그램,264342461,29.97,89,1920*1080,성인,23491,0AUDLJ08S_00033_SC_00181.jpeg,2021,본 운동,1586,한국어,엎드려 누워서 허리 펴기(Prone back extension),20221004,성인기 1주차 운동프로그램,783.816,30~30 초,mp4,0AUDLJ08S_00033.mp4,http://openapi.kspo.or.kr/web/image/0AUDLJ08S_00033/,93,동영상,3~3,1주차
,http://openapi.kspo.or.kr/web/video/,성인을 위한 주간 운동프로그램 중 1주차에 해당하는 표준운동프로그램,264342461,29.97,90,1920*1080,성인,23868,0AUDLJ08S_00033_SC_00188.jpeg,2021,본 운동,1586,한국어,엎드려 누워서 허리 펴기(Prone back extension),20221004,성인기 1주차 운동프로그램,796.395,30~30 초,mp4,0AUDLJ08S_00033.mp4,http://openapi.kspo.or.kr/web/image/0AUDLJ08S_00033/,94,동영상,3~3,1주차
,http://openapi.kspo.or.kr/web/video/,성인을 위한 주간 운동프로그램 중 1주차에 해당하는 표준운동프로그램,264342461,29.97,91,1920*1080,성인,23926,0AUDLJ08S_00033_SC_00190.jpeg,2021,본 운동,1586,한국어,엎드려 누워서 허리 펴기(Prone back extension),20221004,성인기 1주차 운동프로그램,798.33,30~30 초,mp4,0AUDLJ08S_00033.mp4,http://openapi.kspo.or.kr/web/image/0AUDLJ08S_00033/,95,동영상,3~3,1주차
,http://openapi.kspo.or.kr/web/video/,성인을 위한 주간 운동프로그램 중 1주차에 해당하는 표준운동프로그램,264342461,29.97,92,1920*1080,성인,24100,0AUDLJ08S_00033_SC_00191.jpeg,2021,본 운동,1586,한국어,엎드려 누워서 허리 펴기(Prone back extension),20221004,성인기 1주차 운동프로그램,804.136,30~30 초,mp4,0AUDLJ08S_00033.mp4,http://openapi.kspo.or.kr/web/image/0AUDLJ08S_00033/,96,동영상,3~3,1주차
,http://openapi.kspo.or.kr/web/video/,성인을 위한 주간 운동프로그램 중 1주차에 해당하는 표준운동프로그램,264342461,29.97,93,1920*1080,성인,24303,0AUDLJ08S_00033_SC_00192.jpeg,2021,본 운동,1586,한국어,엎드려 누워서 허리 펴기(Prone back extension),20221004,성인기 1주차 운동프로그램,810.91,30~30 초,mp4,0AUDLJ08S_00033.mp4,http://openapi.kspo.or.kr/web/image/0AUDLJ08S_00033/,97,동영상,3~3,1주차
,http://openapi.kspo.or.kr/web/video/,성인을 위한 주간 운동프로그램 중 1주차에 해당하는 표준운동프로그램,264342461,29.97,94,1920*1080,성인,24448,0AUDLJ08S_00033_SC_00193.jpeg,2021,본 운동,1586,한국어,엎드려 무릎 올리기(Mountain climber),20221004,성인기 1주차 운동프로그램,815.748,30~30 초,mp4,0AUDLJ08S_00033.mp4,http://openapi.kspo.or.kr/web/image/0AUDLJ08S_00033/,98,동영상,3~3,1주차
,http://openapi.kspo.or.kr/web/video/,성인을 위한 주간 운동프로그램 중 1주차에 해당하는 표준운동프로그램,264342461,29.97,95,1920*1080,성인,24767,0AUDLJ08S_00033_SC_00194.jpeg,2021,본 운동,1586,한국어,엎드려 무릎 올리기(Mountain climber),20221004,성인기 1주차 운동프로그램,826.392,30~30 초,mp4,0AUDLJ08S_00033.mp4,http://openapi.kspo.or.kr/web/image/0AUDLJ08S_00033/,99,동영상,3~3,1주차
,http://openapi.kspo.or.kr/web/video/,성인을 위한 주간 운동프로그램 중 1주차에 해당하는 표준운동프로그램,264342461,29.97,96,1920*1080,성인,24854,0AUDLJ08S_00033_SC_00196.jpeg,2021,본 운동,1586,한국어,엎드려 무릎 올리기(Mountain climber),20221004,성인기 1주차 운동프로그램,829.295,30~30 초,mp4,0AUDLJ08S_00033.mp4,http://openapi.kspo.or.kr/web/image/0AUDLJ08S_00033/,100,동영상,3~3,1주차
,http://openapi.kspo.or.kr/web/video/,성인을 위한 주간 운동프로그램 중 1주차에 해당하는 표준운동프로그램,264342461,29.97,97,1920*1080,성인,24941,0AUDLJ08S_00033_SC_00197.jpeg,2021,본 운동,1586,한국어,엎드려 무릎 올리기(Mountain climber),20221004,성인기 1주차 운동프로그램,832.198,30~30 초,mp4,0AUDLJ08S_00033.mp4,http://openapi.kspo.or.kr/web/image/0AUDLJ08S_00033/,101,동영상,3~3,1주차
,http://openapi.kspo.or.kr/web/video/,성인을 위한 주간 운동프로그램 중 1주차에 해당하는 표준운동프로그램,264342461,29.97,98,1920*1080,성인,25057,0AUDLJ08S_00033_SC_00198.jpeg,2021,본 운동,1586,한국어,엎드려 무릎 올리기(Mountain climber),20221004,성인기 1주차 운동프로그램,836.068,30~30 초,mp4,0AUDLJ08S_00033.mp4,http://openapi.kspo.or.kr/web/image/0AUDLJ08S_00033/,102,동영상,3~3,1주차
,http://openapi.kspo.or.kr/web/video/,성인을 위한 주간 운동프로그램 중 1주차에 해당하는 표준운동프로그램,264342461,29.97,99,1920*1080,성인,25260,0AUDLJ08S_00033_SC_00202.jpeg,2021,본 운동,1586,한국어,엎드려 무릎 올리기(Mountain climber),20221004,성인기 1주차 운동프로그램,842.842,30~30 초,mp4,0AUDLJ08S_00033.mp4,http://openapi.kspo.or.kr/web/image/0AUDLJ08S_00033/,103,동영상,3~3,1주차
,http://openapi.kspo.or.kr/web/video/,성인을 위한 주간 운동프로그램 중 1주차에 해당하는 표준운동프로그램,264342461,29.97,100,1920*1080,성인,25985,0AUDLJ08S_00033_SC_00209.jpeg,2021,본 운동,1586,한국어,누워서 엉덩이 들기(Bridge),20221018,성인기 1주차 운동프로그램,867.032,30~30 초,mp4,0AUDLJ08S_00033.mp4,http://openapi.kspo.or.kr/web/image/0AUDLJ08S_00033/,104,동영상,3~3,1주차
,http://openapi.kspo.or.kr/web/video/,성인을 위한 주간 운동프로그램 중 1주차에 해당하는 표준운동프로그램,264342461,29.97,101,1920*1080,성인,26072,0AUDLJ08S_00033_SC_00210.jpeg,2021,본 운동,1586,한국어,누워서 엉덩이 들기(Bridge),20221018,성인기 1주차 운동프로그램,869.935,30~30 초,mp4,0AUDLJ08S_00033.mp4,http://openapi.kspo.or.kr/web/image/0AUDLJ08S_00033/,105,동영상,3~3,1주차
,http://openapi.kspo.or.kr/web/video/,성인을 위한 주간 운동프로그램 중 1주차에 해당하는 표준운동프로그램,264342461,29.97,102,1920*1080,성인,26217,0AUDLJ08S_00033_SC_00211.jpeg,2021,본 운동,1586,한국어,누워서 엉덩이 들기(Bridge),20221018,성인기 1주차 운동프로그램,874.773,30~30 초,mp4,0AUDLJ08S_00033.mp4,http://openapi.kspo.or.kr/web/image/0AUDLJ08S_00033/,106,동영상,3~3,1주차
,http://openapi.kspo.or.kr/web/video/,성인을 위한 주간 운동프로그램 중 1주차에 해당하는 표준운동프로그램,264342461,29.97,103,1920*1080,성인,26362,0AUDLJ08S_00033_SC_00212.jpeg,2021,본 운동,1586,한국어,누워서 엉덩이 들기(Bridge),20221018,성인기 1주차 운동프로그램,879.612,30~30 초,mp4,0AUDLJ08S_00033.mp4,http://openapi.kspo.or.kr/web/image/0AUDLJ08S_00033/,107,동영상,3~3,1주차
,http://openapi.kspo.or.kr/web/video/,성인을 위한 주간 운동프로그램 중 1주차에 해당하는 표준운동프로그램,264342461,29.97,104,1920*1080,성인,26507,0AUDLJ08S_00033_SC_00214.jpeg,2021,본 운동,1586,한국어,누워서 엉덩이 들기(Bridge),20221018,성인기 1주차 운동프로그램,884.45,30~30 초,mp4,0AUDLJ08S_00033.mp4,http://openapi.kspo.or.kr/web/image/0AUDLJ08S_00033/,108,동영상,3~3,1주차
,http://openapi.kspo.or.kr/web/video/,성인을 위한 주간 운동프로그램 중 1주차에 해당하는 표준운동프로그램,264342461,29.97,105,1920*1080,성인,27058,0AUDLJ08S_00033_SC_00217.jpeg,2021,본 운동,1586,한국어,머리 위로 들어올리기(Standing shoulder press),20221018,성인기 1주차 운동프로그램,902.835,30~30 초,mp4,0AUDLJ08S_00033.mp4,http://openapi.kspo.or.kr/web/image/0AUDLJ08S_00033/,109,동영상,3~3,1주차
,http://openapi.kspo.or.kr/web/video/,성인을 위한 주간 운동프로그램 중 1주차에 해당하는 표준운동프로그램,264342461,29.97,106,1920*1080,성인,27232,0AUDLJ08S_00033_SC_00218.jpeg,2021,본 운동,1586,한국어,머리 위로 들어올리기(Standing shoulder press),20221018,성인기 1주차 운동프로그램,908.641,30~30 초,mp4,0AUDLJ08S_00033.mp4,http://openapi.kspo.or.kr/web/image/0AUDLJ08S_00033/,110,동영상,3~3,1주차
,http://openapi.kspo.or.kr/web/video/,성인을 위한 주간 운동프로그램 중 1주차에 해당하는 표준운동프로그램,264342461,29.97,107,1920*1080,성인,27580,0AUDLJ08S_00033_SC_00223.jpeg,2021,본 운동,1586,한국어,머리 위로 들어올리기(Standing shoulder press),20221018,성인기 1주차 운동프로그램,920.252,30~30 초,mp4,0AUDLJ08S_00033.mp4,http://openapi.kspo.or.kr/web/image/0AUDLJ08S_00033/,111,동영상,3~3,1주차
,http://openapi.kspo.or.kr/web/video/,성인을 위한 주간 운동프로그램 중 1주차에 해당하는 표준운동프로그램,264342461,29.97,108,1920*1080,성인,27725,0AUDLJ08S_00033_SC_00224.jpeg,2021,본 운동,1586,한국어,머리 위로 들어올리기(Standing shoulder press),20221018,성인기 1주차 운동프로그램,925.09,30~30 초,mp4,0AUDLJ08S_00033.mp4,http://openapi.kspo.or.kr/web/image/0AUDLJ08S_00033/,112,동영상,3~3,1주차
,http://openapi.kspo.or.kr/web/video/,성인을 위한 주간 운동프로그램 중 1주차에 해당하는 표준운동프로그램,264342461,29.97,109,1920*1080,성인,28334,0AUDLJ08S_00033_SC_00228.jpeg,2021,본 운동,1586,한국어,옆으로 몸통 버티기(Side plank),20221018,성인기 1주차 운동프로그램,945.411,30~30 초,mp4,0AUDLJ08S_00033.mp4,http://openapi.kspo.or.kr/web/image/0AUDLJ08S_00033/,113,동영상,3~3,1주차
,http://openapi.kspo.or.kr/web/video/,성인을 위한 주간 운동프로그램 중 1주차에 해당하는 표준운동프로그램,264342461,29.97,110,1920*1080,성인,28392,0AUDLJ08S_00033_SC_00230.jpeg,2021,본 운동,1586,한국어,옆으로 몸통 버티기(Side plank),20221018,성인기 1주차 운동프로그램,947.346,30~30 초,mp4,0AUDLJ08S_00033.mp4,http://openapi.kspo.or.kr/web/image/0AUDLJ08S_00033/,114,동영상,3~3,1주차
,http://openapi.kspo.or.kr/web/video/,성인을 위한 주간 운동프로그램 중 1주차에 해당하는 표준운동프로그램,264342461,29.97,111,1920*1080,성인,28537,0AUDLJ08S_00033_SC_00231.jpeg,2021,본 운동,1586,한국어,옆으로 몸통 버티기(Side plank),20221018,성인기 1주차 운동프로그램,952.184,30~30 초,mp4,0AUDLJ08S_00033.mp4,http://openapi.kspo.or.kr/web/image/0AUDLJ08S_00033/,115,동영상,3~3,1주차
,http://openapi.kspo.or.kr/web/video/,성인을 위한 주간 운동프로그램 중 1주차에 해당하는 표준운동프로그램,264342461,29.97,112,1920*1080,성인,28566,0AUDLJ08S_00033_SC_00232.jpeg,2021,본 운동,1586,한국어,옆으로 몸통 버티기(Side plank),20221018,성인기 1주차 운동프로그램,953.152,30~30 초,mp4,0AUDLJ08S_00033.mp4,http://openapi.kspo.or.kr/web/image/0AUDLJ08S_00033/,116,동영상,3~3,1주차
,http://openapi.kspo.or.kr/web/video/,성인을 위한 주간 운동프로그램 중 1주차에 해당하는 표준운동프로그램,264342461,29.97,113,1920*1080,성인,28827,0AUDLJ08S_00033_SC_00236.jpeg,2021,본 운동,1586,한국어,옆으로 몸통 버티기(Side plank),20221018,성인기 1주차 운동프로그램,961.86,30~30 초,mp4,0AUDLJ08S_00033.mp4,http://openapi.kspo.or.kr/web/image/0AUDLJ08S_00033/,117,동영상,3~3,1주차
,http://openapi.kspo.or.kr/web/video/,성인을 위한 주간 운동프로그램 중 1주차에 해당하는 표준운동프로그램,264342461,29.97,114,1920*1080,성인,29610,0AUDLJ08S_00033_SC_00240.jpeg,2021,정리 운동,1586,한국어,목 스트레칭(Neck stretch),20221018,성인기 1주차 운동프로그램,987.987,10~15 초,mp4,0AUDLJ08S_00033.mp4,http://openapi.kspo.or.kr/web/image/0AUDLJ08S_00033/,118,동영상,1~2,1주차
,http://openapi.kspo.or.kr/web/video/,성인을 위한 주간 운동프로그램 중 1주차에 해당하는 표준운동프로그램,264342461,29.97,115,1920*1080,성인,29871,0AUDLJ08S_00033_SC_00243.jpeg,2021,정리 운동,1586,한국어,목 스트레칭(Neck stretch),20221018,성인기 1주차 운동프로그램,996.695,10~15 초,mp4,0AUDLJ08S_00033.mp4,http://openapi.kspo.or.kr/web/image/0AUDLJ08S_00033/,119,동영상,1~2,1주차
,http://openapi.kspo.or.kr/web/video/,성인을 위한 주간 운동프로그램 중 1주차에 해당하는 표준운동프로그램,264342461,29.97,116,1920*1080,성인,30103,0AUDLJ08S_00033_SC_00245.jpeg,2021,정리 운동,1586,한국어,목 스트레칭(Neck stretch),20221018,성인기 1주차 운동프로그램,1004.436,10~15 초,mp4,0AUDLJ08S_00033.mp4,http://openapi.kspo.or.kr/web/image/0AUDLJ08S_00033/,120,동영상,1~2,1주차
,http://openapi.kspo.or.kr/web/video/,성인을 위한 주간 운동프로그램 중 1주차에 해당하는 표준운동프로그램,264342461,29.97,117,1920*1080,성인,30364,0AUDLJ08S_00033_SC_00247.jpeg,2021,정리 운동,1586,한국어,목 스트레칭(Neck stretch),20221018,성인기 1주차 운동프로그램,1013.145,10~15 초,mp4,0AUDLJ08S_00033.mp4,http://openapi.kspo.or.kr/web/image/0AUDLJ08S_00033/,121,동영상,1~2,1주차
,http://openapi.kspo.or.kr/web/video/,성인을 위한 주간 운동프로그램 중 1주차에 해당하는 표준운동프로그램,264342461,29.97,118,1920*1080,성인,30451,0AUDLJ08S_00033_SC_00248.jpeg,2021,정리 운동,1586,한국어,목 스트레칭(Neck stretch),20221018,성인기 1주차 운동프로그램,1016.048,10~15 초,mp4,0AUDLJ08S_00033.mp4,http://openapi.kspo.or.kr/web/image/0AUDLJ08S_00033/,122,동영상,1~2,1주차
,http://openapi.kspo.or.kr/web/video/,성인을 위한 주간 운동프로그램 중 1주차에 해당하는 표준운동프로그램,264342461,29.97,119,1920*1080,성인,30654,0AUDLJ08S_00033_SC_00249.jpeg,2021,정리 운동,1586,한국어,목 스트레칭(Neck stretch),20221018,성인기 1주차 운동프로그램,1022.821,10~15 초,mp4,0AUDLJ08S_00033.mp4,http://openapi.kspo.or.kr/web/image/0AUDLJ08S_00033/,123,동영상,1~2,1주차
,http://openapi.kspo.or.kr/web/video/,성인을 위한 주간 운동프로그램 중 1주차에 해당하는 표준운동프로그램,264342461,29.97,120,1920*1080,성인,30973,0AUDLJ08S_00033_SC_00252.jpeg,2021,정리 운동,1586,한국어,목 스트레칭(Neck stretch),20221018,성인기 1주차 운동프로그램,1033.465,10~15 초,mp4,0AUDLJ08S_00033.mp4,http://openapi.kspo.or.kr/web/image/0AUDLJ08S_00033/,124,동영상,1~2,1주차
,http://openapi.kspo.or.kr/web/video/,성인을 위한 주간 운동프로그램 중 1주차에 해당하는 표준운동프로그램,264342461,29.97,121,1920*1080,성인,31350,0AUDLJ08S_00033_SC_00253.jpeg,2021,정리 운동,1586,한국어,어깨/팔꿈치 스트레칭(Chicken wing),20221018,성인기 1주차 운동프로그램,1046.045,10~15 초,mp4,0AUDLJ08S_00033.mp4,http://openapi.kspo.or.kr/web/image/0AUDLJ08S_00033/,125,동영상,1~2,1주차
,http://openapi.kspo.or.kr/web/video/,성인을 위한 주간 운동프로그램 중 1주차에 해당하는 표준운동프로그램,264342461,29.97,122,1920*1080,성인,31698,0AUDLJ08S_00033_SC_00255.jpeg,2021,정리 운동,1586,한국어,어깨/팔꿈치 스트레칭(Chicken wing),20221018,성인기 1주차 운동프로그램,1057.656,10~15 초,mp4,0AUDLJ08S_00033.mp4,http://openapi.kspo.or.kr/web/image/0AUDLJ08S_00033/,126,동영상,1~2,1주차
,http://openapi.kspo.or.kr/web/video/,성인을 위한 주간 운동프로그램 중 1주차에 해당하는 표준운동프로그램,264342461,29.97,123,1920*1080,성인,32133,0AUDLJ08S_00033_SC_00258.jpeg,2021,정리 운동,1586,한국어,어깨/팔꿈치 스트레칭(Chicken wing),20221018,성인기 1주차 운동프로그램,1072.171,10~15 초,mp4,0AUDLJ08S_00033.mp4,http://openapi.kspo.or.kr/web/image/0AUDLJ08S_00033/,127,동영상,1~2,1주차
,http://openapi.kspo.or.kr/web/video/,성인을 위한 주간 운동프로그램 중 1주차에 해당하는 표준운동프로그램,264342461,29.97,124,1920*1080,성인,32278,0AUDLJ08S_00033_SC_00260.jpeg,2021,정리 운동,1586,한국어,등/허리/무릎 스트레칭(Child's pose),20221018,성인기 1주차 운동프로그램,1077.009,10~15 초,mp4,0AUDLJ08S_00033.mp4,http://openapi.kspo.or.kr/web/image/0AUDLJ08S_00033/,128,동영상,1~2,1주차
,http://openapi.kspo.or.kr/web/video/,성인을 위한 주간 운동프로그램 중 1주차에 해당하는 표준운동프로그램,264342461,29.97,125,1920*1080,성인,32626,0AUDLJ08S_00033_SC_00261.jpeg,2021,정리 운동,1586,한국어,등/허리/무릎 스트레칭(Child's pose),20221018,성인기 1주차 운동프로그램,1088.62,10~15 초,mp4,0AUDLJ08S_00033.mp4,http://openapi.kspo.or.kr/web/image/0AUDLJ08S_00033/,129,동영상,1~2,1주차
,http://openapi.kspo.or.kr/web/video/,성인을 위한 주간 운동프로그램 중 1주차에 해당하는 표준운동프로그램,264342461,29.97,126,1920*1080,성인,32742,0AUDLJ08S_00033_SC_00262.jpeg,2021,정리 운동,1586,한국어,등/허리/무릎 스트레칭(Child's pose),20221018,성인기 1주차 운동프로그램,1092.491,10~15 초,mp4,0AUDLJ08S_00033.mp4,http://openapi.kspo.or.kr/web/image/0AUDLJ08S_00033/,130,동영상,1~2,1주차
,http://openapi.kspo.or.kr/web/video/,성인을 위한 주간 운동프로그램 중 1주차에 해당하는 표준운동프로그램,264342461,29.97,127,1920*1080,성인,32887,0AUDLJ08S_00033_SC_00263.jpeg,2021,정리 운동,1586,한국어,등/허리/무릎 스트레칭(Child's pose),20221018,성인기 1주차 운동프로그램,1097.329,10~15 초,mp4,0AUDLJ08S_00033.mp4,http://openapi.kspo.or.kr/web/image/0AUDLJ08S_00033/,131,동영상,1~2,1주차
,http://openapi.kspo.or.kr/web/video/,성인을 위한 주간 운동프로그램 중 1주차에 해당하는 표준운동프로그램,264342461,29.97,128,1920*1080,성인,33293,0AUDLJ08S_00033_SC_00264.jpeg,2021,정리 운동,1586,한국어,어깨/등 스트레칭(Thread the needle),20221018,성인기 1주차 운동프로그램,1110.876,10~15 초,mp4,0AUDLJ08S_00033.mp4,http://openapi.kspo.or.kr/web/image/0AUDLJ08S_00033/,132,동영상,1~2,1주차
,http://openapi.kspo.or.kr/web/video/,성인을 위한 주간 운동프로그램 중 1주차에 해당하는 표준운동프로그램,264342461,29.97,129,1920*1080,성인,33409,0AUDLJ08S_00033_SC_00265.jpeg,2021,정리 운동,1586,한국어,등/허리/무릎 스트레칭(Child's pose),20221018,성인기 1주차 운동프로그램,1114.746,10~15 초,mp4,0AUDLJ08S_00033.mp4,http://openapi.kspo.or.kr/web/image/0AUDLJ08S_00033/,133,동영상,1~2,1주차
,http://openapi.kspo.or.kr/web/video/,성인을 위한 주간 운동프로그램 중 1주차에 해당하는 표준운동프로그램,264342461,29.97,130,1920*1080,성인,33844,0AUDLJ08S_00033_SC_00267.jpeg,2021,정리 운동,1586,한국어,등/허리/무릎 스트레칭(Child's pose),20221018,성인기 1주차 운동프로그램,1129.261,10~15 초,mp4,0AUDLJ08S_00033.mp4,http://openapi.kspo.or.kr/web/image/0AUDLJ08S_00033/,134,동영상,1~2,1주차
,http://openapi.kspo.or.kr/web/video/,성인을 위한 주간 운동프로그램 중 1주차에 해당하는 표준운동프로그램,264342461,29.97,131,1920*1080,성인,34482,0AUDLJ08S_00033_SC_00272.jpeg,2021,정리 운동,1586,한국어,등/허리 스트레칭(Cat&Camel),20221018,성인기 1주차 운동프로그램,1150.549,10~15 초,mp4,0AUDLJ08S_00033.mp4,http://openapi.kspo.or.kr/web/image/0AUDLJ08S_00033/,135,동영상,1~2,1주차
,http://openapi.kspo.or.kr/web/video/,성인을 위한 주간 운동프로그램 중 1주차에 해당하는 표준운동프로그램,264342461,29.97,132,1920*1080,성인,34627,0AUDLJ08S_00033_SC_00273.jpeg,2021,정리 운동,1586,한국어,등/허리 스트레칭(Cat&Camel),20221018,성인기 1주차 운동프로그램,1155.387,10~15 초,mp4,0AUDLJ08S_00033.mp4,http://openapi.kspo.or.kr/web/image/0AUDLJ08S_00033/,136,동영상,1~2,1주차
,http://openapi.kspo.or.kr/web/video/,성인을 위한 주간 운동프로그램 중 1주차에 해당하는 표준운동프로그램,264342461,29.97,133,1920*1080,성인,34830,0AUDLJ08S_00033_SC_00274.jpeg,2021,정리 운동,1586,한국어,등/허리 스트레칭(Cat&Camel),20221018,성인기 1주차 운동프로그램,1162.161,10~15 초,mp4,0AUDLJ08S_00033.mp4,http://openapi.kspo.or.kr/web/image/0AUDLJ08S_00033/,137,동영상,1~2,1주차
,http://openapi.kspo.or.kr/web/video/,성인을 위한 주간 운동프로그램 중 1주차에 해당하는 표준운동프로그램,264342461,29.97,134,1920*1080,성인,35439,0AUDLJ08S_00033_SC_00277.jpeg,2021,정리 운동,1586,한국어,엉덩관절 스트레칭(Hip flexor stretch),20221018,성인기 1주차 운동프로그램,1182.481,10~15 초,mp4,0AUDLJ08S_00033.mp4,http://openapi.kspo.or.kr/web/image/0AUDLJ08S_00033/,138,동영상,1~2,1주차
,http://openapi.kspo.or.kr/web/video/,성인을 위한 주간 운동프로그램 중 1주차에 해당하는 표준운동프로그램,264342461,29.97,135,1920*1080,성인,35642,0AUDLJ08S_00033_SC_00279.jpeg,2021,정리 운동,1586,한국어,엉덩관절 스트레칭(Hip flexor stretch),20221018,성인기 1주차 운동프로그램,1189.254,10~15 초,mp4,0AUDLJ08S_00033.mp4,http://openapi.kspo.or.kr/web/image/0AUDLJ08S_00033/,139,동영상,1~2,1주차
,http://openapi.kspo.or.kr/web/video/,성인을 위한 주간 운동프로그램 중 1주차에 해당하는 표준운동프로그램,264342461,29.97,136,1920*1080,성인,35729,0AUDLJ08S_00033_SC_00280.jpeg,2021,정리 운동,1586,한국어,엉덩관절 스트레칭(Hip flexor stretch),20221018,성인기 1주차 운동프로그램,1192.157,10~15 초,mp4,0AUDLJ08S_00033.mp4,http://openapi.kspo.or.kr/web/image/0AUDLJ08S_00033/,140,동영상,1~2,1주차
,http://openapi.kspo.or.kr/web/video/,성인을 위한 주간 운동프로그램 중 1주차에 해당하는 표준운동프로그램,264342461,29.97,137,1920*1080,성인,35874,0AUDLJ08S_00033_SC_00282.jpeg,2021,정리 운동,1586,한국어,엉덩관절 스트레칭(Hip flexor stretch),20221018,성인기 1주차 운동프로그램,1196.995,10~15 초,mp4,0AUDLJ08S_00033.mp4,http://openapi.kspo.or.kr/web/image/0AUDLJ08S_00033/,141,동영상,1~2,1주차
,http://openapi.kspo.or.kr/web/video/,성인을 위한 주간 운동프로그램 중 1주차에 해당하는 표준운동프로그램,264342461,29.97,138,1920*1080,성인,36512,0AUDLJ08S_00033_SC_00284.jpeg,2021,정리 운동,1586,한국어,복부 스트레칭(Cobra pose),20221018,성인기 1주차 운동프로그램,1218.283,10~15 초,mp4,0AUDLJ08S_00033.mp4,http://openapi.kspo.or.kr/web/image/0AUDLJ08S_00033/,142,동영상,1~2,1주차
,http://openapi.kspo.or.kr/web/video/,성인을 위한 주간 운동프로그램 중 1주차에 해당하는 표준운동프로그램,264342461,29.97,139,1920*1080,성인,36773,0AUDLJ08S_00033_SC_00286.jpeg,2021,정리 운동,1586,한국어,복부 스트레칭(Cobra pose),20221018,성인기 1주차 운동프로그램,1226.992,10~15 초,mp4,0AUDLJ08S_00033.mp4,http://openapi.kspo.or.kr/web/image/0AUDLJ08S_00033/,143,동영상,1~2,1주차
,http://openapi.kspo.or.kr/web/video/,성인을 위한 주간 운동프로그램 중 1주차에 해당하는 표준운동프로그램,264342461,29.97,140,1920*1080,성인,36860,0AUDLJ08S_00033_SC_00287.jpeg,2021,정리 운동,1586,한국어,복부 스트레칭(Cobra pose),20221018,성인기 1주차 운동프로그램,1229.895,10~15 초,mp4,0AUDLJ08S_00033.mp4,http://openapi.kspo.or.kr/web/image/0AUDLJ08S_00033/,144,동영상,1~2,1주차
,http://openapi.kspo.or.kr/web/video/,성인을 위한 주간 운동프로그램 중 1주차에 해당하는 표준운동프로그램,264342461,29.97,141,1920*1080,성인,37005,0AUDLJ08S_00033_SC_00288.jpeg,2021,정리 운동,1586,한국어,복부 스트레칭(Cobra pose),20221018,성인기 1주차 운동프로그램,1234.733,10~15 초,mp4,0AUDLJ08S_00033.mp4,http://openapi.kspo.or.kr/web/image/0AUDLJ08S_00033/,145,동영상,1~2,1주차
,http://openapi.kspo.or.kr/web/video/,성인을 위한 주간 운동프로그램 중 1주차에 해당하는 표준운동프로그램,264342461,29.97,142,1920*1080,성인,37411,0AUDLJ08S_00033_SC_00292.jpeg,2021,정리 운동,1586,한국어,등/허리/무릎 스트레칭(Down dog pose),20221018,성인기 1주차 운동프로그램,1248.28,10~15 초,mp4,0AUDLJ08S_00033.mp4,http://openapi.kspo.or.kr/web/image/0AUDLJ08S_00033/,146,동영상,1~2,1주차
,http://openapi.kspo.or.kr/web/video/,성인을 위한 주간 운동프로그램 중 1주차에 해당하는 표준운동프로그램,264342461,29.97,143,1920*1080,성인,37498,0AUDLJ08S_00033_SC_00294.jpeg,2021,정리 운동,1586,한국어,등/허리/무릎 스트레칭(Down dog pose),20221018,성인기 1주차 운동프로그램,1251.183,10~15 초,mp4,0AUDLJ08S_00033.mp4,http://openapi.kspo.or.kr/web/image/0AUDLJ08S_00033/,147,동영상,1~2,1주차
,http://openapi.kspo.or.kr/web/video/,성인을 위한 주간 운동프로그램 중 1주차에 해당하는 표준운동프로그램,264342461,29.97,144,1920*1080,성인,37585,0AUDLJ08S_00033_SC_00295.jpeg,2021,정리 운동,1586,한국어,등/허리/무릎 스트레칭(Down dog pose),20221018,성인기 1주차 운동프로그램,1254.086,10~15 초,mp4,0AUDLJ08S_00033.mp4,http://openapi.kspo.or.kr/web/image/0AUDLJ08S_00033/,148,동영상,1~2,1주차
,http://openapi.kspo.or.kr/web/video/,성인을 위한 주간 운동프로그램 중 1주차에 해당하는 표준운동프로그램,264342461,29.97,145,1920*1080,성인,37730,0AUDLJ08S_00033_SC_00296.jpeg,2021,정리 운동,1586,한국어,등/허리/무릎 스트레칭(Down dog pose),20221018,성인기 1주차 운동프로그램,1258.924,10~15 초,mp4,0AUDLJ08S_00033.mp4,http://openapi.kspo.or.kr/web/image/0AUDLJ08S_00033/,149,동영상,1~2,1주차
,http://openapi.kspo.or.kr/web/video/,성인을 위한 주간 운동프로그램 중 1주차에 해당하는 표준운동프로그램,264342461,29.97,146,1920*1080,성인,38136,0AUDLJ08S_00033_SC_00299.jpeg,2021,정리 운동,1586,한국어,엉덩관절 스트레칭(Pigeon pose),20221018,성인기 1주차 운동프로그램,1272.471,10~15 초,mp4,0AUDLJ08S_00033.mp4,http://openapi.kspo.or.kr/web/image/0AUDLJ08S_00033/,150,동영상,1~2,1주차
,http://openapi.kspo.or.kr/web/video/,성인을 위한 주간 운동프로그램 중 1주차에 해당하는 표준운동프로그램,264342461,29.97,147,1920*1080,성인,38426,0AUDLJ08S_00033_SC_00300.jpeg,2021,정리 운동,1586,한국어,엉덩관절 스트레칭(Pigeon pose),20221018,성인기 1주차 운동프로그램,1282.147,10~15 초,mp4,0AUDLJ08S_00033.mp4,http://openapi.kspo.or.kr/web/image/0AUDLJ08S_00033/,151,동영상,1~2,1주차
,http://openapi.kspo.or.kr/web/video/,성인을 위한 주간 운동프로그램 중 1주차에 해당하는 표준운동프로그램,264342461,29.97,148,1920*1080,성인,38542,0AUDLJ08S_00033_SC_00302.jpeg,2021,정리 운동,1586,한국어,엉덩관절 스트레칭(Pigeon pose),20221018,성인기 1주차 운동프로그램,1286.018,10~15 초,mp4,0AUDLJ08S_00033.mp4,http://openapi.kspo.or.kr/web/image/0AUDLJ08S_00033/,152,동영상,1~2,1주차
,http://openapi.kspo.or.kr/web/video/,성인을 위한 주간 운동프로그램 중 1주차에 해당하는 표준운동프로그램,264342461,29.97,149,1920*1080,성인,38948,0AUDLJ08S_00033_SC_00306.jpeg,2021,정리 운동,1586,한국어,엉덩관절 스트레칭(Pigeon pose),20221018,성인기 1주차 운동프로그램,1299.564,10~15 초,mp4,0AUDLJ08S_00033.mp4,http://openapi.kspo.or.kr/web/image/0AUDLJ08S_00033/,153,동영상,1~2,1주차
,http://openapi.kspo.or.kr/web/video/,성인을 위한 주간 운동프로그램 중 1주차에 해당하는 표준운동프로그램,264342461,29.97,150,1920*1080,성인,39064,0AUDLJ08S_00033_SC_00308.jpeg,2021,정리 운동,1586,한국어,엉덩관절 스트레칭(Pigeon pose),20221018,성인기 1주차 운동프로그램,1303.435,10~15 초,mp4,0AUDLJ08S_00033.mp4,http://openapi.kspo.or.kr/web/image/0AUDLJ08S_00033/,154,동영상,1~2,1주차
,http://openapi.kspo.or.kr/web/video/,성인을 위한 주간 운동프로그램 중 1주차에 해당하는 표준운동프로그램,264342461,29.97,151,1920*1080,성인,39557,0AUDLJ08S_00033_SC_00311.jpeg,2021,정리 운동,1586,한국어,엉덩관절 스트레칭(Butterfly pose),20221018,성인기 1주차 운동프로그램,1319.885,10~15 초,mp4,0AUDLJ08S_00033.mp4,http://openapi.kspo.or.kr/web/image/0AUDLJ08S_00033/,155,동영상,1~2,1주차
,http://openapi.kspo.or.kr/web/video/,성인을 위한 주간 운동프로그램 중 1주차에 해당하는 표준운동프로그램,264342461,29.97,152,1920*1080,성인,39702,0AUDLJ08S_00033_SC_00312.jpeg,2021,정리 운동,1586,한국어,엉덩관절 스트레칭(Butterfly pose),20221018,성인기 1주차 운동프로그램,1324.723,10~15 초,mp4,0AUDLJ08S_00033.mp4,http://openapi.kspo.or.kr/web/image/0AUDLJ08S_00033/,156,동영상,1~2,1주차
,http://openapi.kspo.or.kr/web/video/,성인을 위한 주간 운동프로그램 중 1주차에 해당하는 표준운동프로그램,264342461,29.97,153,1920*1080,성인,39934,0AUDLJ08S_00033_SC_00319.jpeg,2021,정리 운동,1586,한국어,엉덩관절 스트레칭(Butterfly pose),20221018,성인기 1주차 운동프로그램,1332.464,10~15 초,mp4,0AUDLJ08S_00033.mp4,http://openapi.kspo.or.kr/web/image/0AUDLJ08S_00033/,157,동영상,1~2,1주차
,http://openapi.kspo.or.kr/web/video/,성인을 위한 주간 운동프로그램 중 1주차에 해당하는 표준운동프로그램,264342461,29.97,154,1920*1080,성인,40340,0AUDLJ08S_00033_SC_00320.jpeg,2021,정리 운동,1586,한국어,무릎 스트레칭(Quadriceps stretch),20221018,성인기 1주차 운동프로그램,1346.011,10~15 초,mp4,0AUDLJ08S_00033.mp4,http://openapi.kspo.or.kr/web/image/0AUDLJ08S_00033/,158,동영상,1~2,1주차
,http://openapi.kspo.or.kr/web/video/,성인을 위한 주간 운동프로그램 중 1주차에 해당하는 표준운동프로그램,264342461,29.97,155,1920*1080,성인,40630,0AUDLJ08S_00033_SC_00322.jpeg,2021,정리 운동,1586,한국어,무릎 스트레칭(Quadriceps stretch),20221018,성인기 1주차 운동프로그램,1355.687,10~15 초,mp4,0AUDLJ08S_00033.mp4,http://openapi.kspo.or.kr/web/image/0AUDLJ08S_00033/,159,동영상,1~2,1주차
,http://openapi.kspo.or.kr/web/video/,성인을 위한 주간 운동프로그램 중 1주차에 해당하는 표준운동프로그램,264342461,29.97,156,1920*1080,성인,40920,0AUDLJ08S_00033_SC_00324.jpeg,2021,정리 운동,1586,한국어,무릎 스트레칭(Quadriceps stretch),20221018,성인기 1주차 운동프로그램,1365.364,10~15 초,mp4,0AUDLJ08S_00033.mp4,http://openapi.kspo.or.kr/web/image/0AUDLJ08S_00033/,160,동영상,1~2,1주차
,http://openapi.kspo.or.kr/web/video/,성인을 위한 주간 운동프로그램 중 1주차에 해당하는 표준운동프로그램,264342461,29.97,157,1920*1080,성인,41413,0AUDLJ08S_00033_SC_00326.jpeg,2021,정리 운동,1586,한국어,엉덩관절 스트레칭(Gluteus stretch),20221018,성인기 1주차 운동프로그램,1381.813,10~15 초,mp4,0AUDLJ08S_00033.mp4,http://openapi.kspo.or.kr/web/image/0AUDLJ08S_00033/,161,동영상,1~2,1주차
,http://openapi.kspo.or.kr/web/video/,성인을 위한 주간 운동프로그램 중 1주차에 해당하는 표준운동프로그램,264342461,29.97,158,1920*1080,성인,41558,0AUDLJ08S_00033_SC_00327.jpeg,2021,정리 운동,1586,한국어,엉덩관절 스트레칭(Gluteus stretch),20221018,성인기 1주차 운동프로그램,1386.651,10~15 초,mp4,0AUDLJ08S_00033.mp4,http://openapi.kspo.or.kr/web/image/0AUDLJ08S_00033/,162,동영상,1~2,1주차
,http://openapi.kspo.or.kr/web/video/,성인을 위한 주간 운동프로그램 중 1주차에 해당하는 표준운동프로그램,264342461,29.97,159,1920*1080,성인,41761,0AUDLJ08S_00033_SC_00329.jpeg,2021,정리 운동,1586,한국어,엉덩관절 스트레칭(Gluteus stretch),20221018,성인기 1주차 운동프로그램,1393.425,10~15 초,mp4,0AUDLJ08S_00033.mp4,http://openapi.kspo.or.kr/web/image/0AUDLJ08S_00033/,163,동영상,1~2,1주차
,http://openapi.kspo.or.kr/web/video/,성인을 위한 주간 운동프로그램 중 1주차에 해당하는 표준운동프로그램,264342461,29.97,160,1920*1080,성인,42051,0AUDLJ08S_00033_SC_00331.jpeg,2021,정리 운동,1586,한국어,엉덩관절 스트레칭(Gluteus stretch),20221018,성인기 1주차 운동프로그램,1403.101,10~15 초,mp4,0AUDLJ08S_00033.mp4,http://openapi.kspo.or.kr/web/image/0AUDLJ08S_00033/,164,동영상,1~2,1주차
,http://openapi.kspo.or.kr/web/video/,성인을 위한 주간 운동프로그램 중 1주차에 해당하는 표준운동프로그램,264342461,29.97,161,1920*1080,성인,42438,0AUDLJ08S_00033_FR_00473.jpeg,2021,정리 운동,1586,한국어,무릎 스트레칭(Hamstring stretch),20221018,성인기 1주차 운동프로그램,1416.014,10~15 초,mp4,0AUDLJ08S_00033.mp4,http://openapi.kspo.or.kr/web/image/0AUDLJ08S_00033/,165,동영상,1~2,1주차
,http://openapi.kspo.or.kr/web/video/,성인을 위한 주간 운동프로그램 중 1주차에 해당하는 표준운동프로그램,264342461,29.97,162,1920*1080,성인,42457,0AUDLJ08S_00033_SC_00333.jpeg,2021,정리 운동,1586,한국어,무릎 스트레칭(Hamstring stretch),20221018,성인기 1주차 운동프로그램,1416.648,10~15 초,mp4,0AUDLJ08S_00033.mp4,http://openapi.kspo.or.kr/web/image/0AUDLJ08S_00033/,166,동영상,1~2,1주차
,http://openapi.kspo.or.kr/web/video/,성인을 위한 주간 운동프로그램 중 1주차에 해당하는 표준운동프로그램,264342461,29.97,163,1920*1080,성인,42573,0AUDLJ08S_00033_SC_00334.jpeg,2021,정리 운동,1586,한국어,무릎 스트레칭(Hamstring stretch),20221018,성인기 1주차 운동프로그램,1420.519,10~15 초,mp4,0AUDLJ08S_00033.mp4,http://openapi.kspo.or.kr/web/image/0AUDLJ08S_00033/,167,동영상,1~2,1주차
,http://openapi.kspo.or.kr/web/video/,성인을 위한 주간 운동프로그램 중 1주차에 해당하는 표준운동프로그램,264342461,29.97,164,1920*1080,성인,42921,0AUDLJ08S_00033_SC_00338.jpeg,2021,정리 운동,1586,한국어,무릎 스트레칭(Hamstring stretch),20221018,성인기 1주차 운동프로그램,1432.13,10~15 초,mp4,0AUDLJ08S_00033.mp4,http://openapi.kspo.or.kr/web/image/0AUDLJ08S_00033/,168,동영상,1~2,1주차
,http://openapi.kspo.or.kr/web/video/,성인을 위한 주간 운동프로그램 중 1주차에 해당하는 표준운동프로그램,264342461,29.97,165,1920*1080,성인,43298,0AUDLJ08S_00033_SC_00341.jpeg,2021,정리 운동,1586,한국어,무릎 스트레칭(Hamstring stretch),20221018,성인기 1주차 운동프로그램,1444.709,10~15 초,mp4,0AUDLJ08S_00033.mp4,http://openapi.kspo.or.kr/web/image/0AUDLJ08S_00033/,169,동영상,1~2,1주차
,http://openapi.kspo.or.kr/web/video/,성인을 위한 주간 운동프로그램 중 1주차에 해당하는 표준운동프로그램,264342461,29.97,166,1920*1080,성인,43607,0AUDLJ08S_00033_FR_00486.jpeg,2021,정리 운동,1586,한국어,엉덩관절 스트레칭(Figure 4 pose),20221018,성인기 1주차 운동프로그램,1455.02,10~15 초,mp4,0AUDLJ08S_00033.mp4,http://openapi.kspo.or.kr/web/image/0AUDLJ08S_00033/,170,동영상,1~2,1주차
,http://openapi.kspo.or.kr/web/video/,성인을 위한 주간 운동프로그램 중 1주차에 해당하는 표준운동프로그램,264342461,29.97,167,1920*1080,성인,43646,0AUDLJ08S_00033_SC_00343.jpeg,2021,정리 운동,1586,한국어,엉덩관절 스트레칭(Figure 4 pose),20221018,성인기 1주차 운동프로그램,1456.321,10~15 초,mp4,0AUDLJ08S_00033.mp4,http://openapi.kspo.or.kr/web/image/0AUDLJ08S_00033/,171,동영상,1~2,1주차
,http://openapi.kspo.or.kr/web/video/,성인을 위한 주간 운동프로그램 중 1주차에 해당하는 표준운동프로그램,264342461,29.97,168,1920*1080,성인,44023,0AUDLJ08S_00033_SC_00347.jpeg,2021,정리 운동,1586,한국어,엉덩관절 스트레칭(Figure 4 pose),20221018,성인기 1주차 운동프로그램,1468.9,10~15 초,mp4,0AUDLJ08S_00033.mp4,http://openapi.kspo.or.kr/web/image/0AUDLJ08S_00033/,172,동영상,1~2,1주차
,http://openapi.kspo.or.kr/web/video/,성인을 위한 주간 운동프로그램 중 1주차에 해당하는 표준운동프로그램,264342461,29.97,169,1920*1080,성인,44255,0AUDLJ08S_00033_SC_00349.jpeg,2021,정리 운동,1586,한국어,엉덩관절 스트레칭(Figure 4 pose),20221018,성인기 1주차 운동프로그램,1476.641,10~15 초,mp4,0AUDLJ08S_00033.mp4,http://openapi.kspo.or.kr/web/image/0AUDLJ08S_00033/,173,동영상,1~2,1주차
,http://openapi.kspo.or.kr/web/video/,성인을 위한 주간 운동프로그램 중 1주차에 해당하는 표준운동프로그램,264342461,29.97,170,1920*1080,성인,44487,0AUDLJ08S_00033_SC_00351.jpeg,2021,정리 운동,1586,한국어,어깨/복부/엉덩관절 스트레칭(Trunk rotation stretch),20221018,성인기 1주차 운동프로그램,1484.382,10~15 초,mp4,0AUDLJ08S_00033.mp4,http://openapi.kspo.or.kr/web/image/0AUDLJ08S_00033/,174,동영상,1~2,1주차
,http://openapi.kspo.or.kr/web/video/,성인을 위한 주간 운동프로그램 중 1주차에 해당하는 표준운동프로그램,264342461,29.97,171,1920*1080,성인,45067,0AUDLJ08S_00033_SC_00356.jpeg,2021,정리 운동,1586,한국어,어깨/복부/엉덩관절 스트레칭(Trunk rotation stretch),20221018,성인기 1주차 운동프로그램,1503.735,10~15 초,mp4,0AUDLJ08S_00033.mp4,http://openapi.kspo.or.kr/web/image/0AUDLJ08S_00033/,175,동영상,1~2,1주차
,http://openapi.kspo.or.kr/web/video/,성인을 위한 주간 운동프로그램 중 1주차에 해당하는 표준운동프로그램,264342461,29.97,172,1920*1080,성인,45125,0AUDLJ08S_00033_SC_00357.jpeg,2021,정리 운동,1586,한국어,어깨/복부/엉덩관절 스트레칭(Trunk rotation stretch),20221018,성인기 1주차 운동프로그램,1505.67,10~15 초,mp4,0AUDLJ08S_00033.mp4,http://openapi.kspo.or.kr/web/image/0AUDLJ08S_00033/,176,동영상,1~2,1주차
,http://openapi.kspo.or.kr/web/video/,성인을 위한 주간 운동프로그램 중 1주차에 해당하는 표준운동프로그램,264342461,29.97,173,1920*1080,성인,45328,0AUDLJ08S_00033_SC_00359.jpeg,2021,정리 운동,1586,한국어,어깨/복부/엉덩관절 스트레칭(Trunk rotation stretch),20221018,성인기 1주차 운동프로그램,1512.444,10~15 초,mp4,0AUDLJ08S_00033.mp4,http://openapi.kspo.or.kr/web/image/0AUDLJ08S_00033/,177,동영상,1~2,1주차
,http://openapi.kspo.or.kr/web/video/,성인을 위한 주간 운동프로그램 중 1주차에 해당하는 표준운동프로그램,264342461,29.97,174,1920*1080,성인,45618,0AUDLJ08S_00033_SC_00364.jpeg,2021,정리 운동,1586,한국어,어깨/복부/엉덩관절 스트레칭(Trunk rotation stretch),20221018,성인기 1주차 운동프로그램,1522.12,10~15 초,mp4,0AUDLJ08S_00033.mp4,http://openapi.kspo.or.kr/web/image/0AUDLJ08S_00033/,178,동영상,1~2,1주차
,http://openapi.kspo.or.kr/web/video/,성인을 위한 주간 운동프로그램 중 1주차에 해당하는 표준운동프로그램,264342461,29.97,175,1920*1080,성인,45676,0AUDLJ08S_00033_SC_00365.jpeg,2021,정리 운동,1586,한국어,어깨/복부/엉덩관절 스트레칭(Trunk rotation stretch),20221018,성인기 1주차 운동프로그램,1524.055,10~15 초,mp4,0AUDLJ08S_00033.mp4,http://openapi.kspo.or.kr/web/image/0AUDLJ08S_00033/,179,동영상,1~2,1주차
,http://openapi.kspo.or.kr/web/video/,성인을 위한 주간 운동프로그램 중 1주차에 해당하는 표준운동프로그램,264342461,29.97,176,1920*1080,성인,45995,0AUDLJ08S_00033_SC_00368.jpeg,2021,정리 운동,1586,한국어,전신 늘리기(Whole body stretch),20221018,성인기 1주차 운동프로그램,1534.699,10~15 초,mp4,0AUDLJ08S_00033.mp4,http://openapi.kspo.or.kr/web/image/0AUDLJ08S_00033/,180,동영상,1~2,1주차
,http://openapi.kspo.or.kr/web/video/,성인을 위한 주간 운동프로그램 중 1주차에 해당하는 표준운동프로그램,264342461,29.97,177,1920*1080,성인,46140,0AUDLJ08S_00033_SC_00369.jpeg,2021,정리 운동,1586,한국어,전신 늘리기(Whole body stretch),20221018,성인기 1주차 운동프로그램,1539.538,10~15 초,mp4,0AUDLJ08S_00033.mp4,http://openapi.kspo.or.kr/web/image/0AUDLJ08S_00033/,181,동영상,1~2,1주차
,http://openapi.kspo.or.kr/web/video/,성인을 위한 주간 운동프로그램 중 1주차에 해당하는 표준운동프로그램,264342461,29.97,178,1920*1080,성인,46227,0AUDLJ08S_00033_SC_00370.jpeg,2021,정리 운동,1586,한국어,전신 늘리기(Whole body stretch),20221018,성인기 1주차 운동프로그램,1542.44,10~15 초,mp4,0AUDLJ08S_00033.mp4,http://openapi.kspo.or.kr/web/image/0AUDLJ08S_00033/,182,동영상,1~2,1주차
,http://openapi.kspo.or.kr/web/video/,성인을 위한 주간 운동프로그램 중 1주차에 해당하는 표준운동프로그램,264342461,29.97,179,1920*1080,성인,46459,0AUDLJ08S_00033_SC_00375.jpeg,2021,정리 운동,1586,한국어,전신 늘리기(Whole body stretch),20221018,성인기 1주차 운동프로그램,1550.181,10~15 초,mp4,0AUDLJ08S_00033.mp4,http://openapi.kspo.or.kr/web/image/0AUDLJ08S_00033/,183,동영상,1~2,1주차
,http://openapi.kspo.or.kr/web/video/,성인을 위한 주간 운동프로그램 중 1주차에 해당하는 표준운동프로그램,264342461,29.97,180,1920*1080,성인,46749,0AUDLJ08S_00033_SC_00378.jpeg,2021,정리 운동,1586,한국어,숨쉬기(Breathing),20221018,성인기 1주차 운동프로그램,1559.858,10~15 초,mp4,0AUDLJ08S_00033.mp4,http://openapi.kspo.or.kr/web/image/0AUDLJ08S_00033/,184,동영상,1~2,1주차
,http://openapi.kspo.or.kr/web/video/,성인을 위한 주간 운동프로그램 중 1주차에 해당하는 표준운동프로그램,264342461,29.97,181,1920*1080,성인,46923,0AUDLJ08S_00033_SC_00382.jpeg,2021,정리 운동,1586,한국어,숨쉬기(Breathing),20221018,성인기 1주차 운동프로그램,1565.664,10~15 초,mp4,0AUDLJ08S_00033.mp4,http://openapi.kspo.or.kr/web/image/0AUDLJ08S_00033/,185,동영상,1~2,1주차
,http://openapi.kspo.or.kr/web/video/,성인을 위한 주간 운동프로그램 중 1주차에 해당하는 표준운동프로그램,264342461,29.97,182,1920*1080,성인,47068,0AUDLJ08S_00033_SC_00384.jpeg,2021,정리 운동,1586,한국어,숨쉬기(Breathing),20221018,성인기 1주차 운동프로그램,1570.502,10~15 초,mp4,0AUDLJ08S_00033.mp4,http://openapi.kspo.or.kr/web/image/0AUDLJ08S_00033/,186,동영상,1~2,1주차
,http://openapi.kspo.or.kr/web/video/,성인을 위한 주간 운동프로그램 중 2주차에 해당하는 표준운동프로그램,262868224,29.97,183,1920*1080,성인,90,0AUDLJ08S_00034_FR_00002.jpeg,2021,,1577,한국어,,20221023,성인기 2주차 운동프로그램,3.003,,mp4,0AUDLJ08S_00034.mp4,http://openapi.kspo.or.kr/web/image/0AUDLJ08S_00034/,1,동영상,,2주차
,http://openapi.kspo.or.kr/web/video/,성인을 위한 주간 운동프로그램 중 2주차에 해당하는 표준운동프로그램,262868224,29.97,184,1920*1080,성인,842,0AUDLJ08S_00034_SC_00007.jpeg,2021,준비 운동,1577,한국어,손목/발목 돌리기,20221023,성인기 2주차 운동프로그램,28.094,,mp4,0AUDLJ08S_00034.mp4,http://openapi.kspo.or.kr/web/image/0AUDLJ08S_00034/,2,동영상,,2주차
,http://openapi.kspo.or.kr/web/video/,성인을 위한 주간 운동프로그램 중 2주차에 해당하는 표준운동프로그램,262868224,29.97,185,1920*1080,성인,929,0AUDLJ08S_00034_SC_00008.jpeg,2021,준비 운동,1577,한국어,손목/발목 돌리기,20221023,성인기 2주차 운동프로그램,30.997,,mp4,0AUDLJ08S_00034.mp4,http://openapi.kspo.or.kr/web/image/0AUDLJ08S_00034/,3,동영상,,2주차
,http://openapi.kspo.or.kr/web/video/,성인을 위한 주간 운동프로그램 중 2주차에 해당하는 표준운동프로그램,262868224,29.97,186,1920*1080,성인,1045,0AUDLJ08S_00034_SC_00009.jpeg,2021,준비 운동,1577,한국어,손목/발목 돌리기,20221023,성인기 2주차 운동프로그램,34.868,,mp4,0AUDLJ08S_00034.mp4,http://openapi.kspo.or.kr/web/image/0AUDLJ08S_00034/,4,동영상,,2주차
,http://openapi.kspo.or.kr/web/video/,성인을 위한 주간 운동프로그램 중 2주차에 해당하는 표준운동프로그램,262868224,29.97,187,1920*1080,성인,1393,0AUDLJ08S_00034_SC_00014.jpeg,2021,준비 운동,1577,한국어,무릎 돌리기,20221023,성인기 2주차 운동프로그램,46.479,,mp4,0AUDLJ08S_00034.mp4,http://openapi.kspo.or.kr/web/image/0AUDLJ08S_00034/,5,동영상,,2주차
,http://openapi.kspo.or.kr/web/video/,성인을 위한 주간 운동프로그램 중 2주차에 해당하는 표준운동프로그램,262868224,29.97,188,1920*1080,성인,1538,0AUDLJ08S_00034_SC_00015.jpeg,2021,준비 운동,1577,한국어,무릎 돌리기,20221023,성인기 2주차 운동프로그램,51.317,,mp4,0AUDLJ08S_00034.mp4,http://openapi.kspo.or.kr/web/image/0AUDLJ08S_00034/,6,동영상,,2주차
,http://openapi.kspo.or.kr/web/video/,성인을 위한 주간 운동프로그램 중 2주차에 해당하는 표준운동프로그램,262868224,29.97,189,1920*1080,성인,1770,0AUDLJ08S_00034_SC_00018.jpeg,2021,준비 운동,1577,한국어,무릎 돌리기,20221023,성인기 2주차 운동프로그램,59.059,,mp4,0AUDLJ08S_00034.mp4,http://openapi.kspo.or.kr/web/image/0AUDLJ08S_00034/,7,동영상,,2주차
,http://openapi.kspo.or.kr/web/video/,성인을 위한 주간 운동프로그램 중 2주차에 해당하는 표준운동프로그램,262868224,29.97,190,1920*1080,성인,2292,0AUDLJ08S_00034_SC_00022.jpeg,2021,준비 운동,1577,한국어,엉덩관절 돌리기,20221023,성인기 2주차 운동프로그램,76.476,,mp4,0AUDLJ08S_00034.mp4,http://openapi.kspo.or.kr/web/image/0AUDLJ08S_00034/,8,동영상,,2주차
,http://openapi.kspo.or.kr/web/video/,성인을 위한 주간 운동프로그램 중 2주차에 해당하는 표준운동프로그램,262868224,29.97,191,1920*1080,성인,2872,0AUDLJ08S_00034_SC_00028.jpeg,2021,준비 운동,1577,한국어,엉덩관절 돌리기,20221023,성인기 2주차 운동프로그램,95.829,,mp4,0AUDLJ08S_00034.mp4,http://openapi.kspo.or.kr/web/image/0AUDLJ08S_00034/,9,동영상,,2주차
,http://openapi.kspo.or.kr/web/video/,성인을 위한 주간 운동프로그램 중 2주차에 해당하는 표준운동프로그램,262868224,29.97,192,1920*1080,성인,3057,0AUDLJ08S_00034_FR_00035.jpeg,2021,준비 운동,1577,한국어,허리 돌리기,20221023,성인기 2주차 운동프로그램,102.001,,mp4,0AUDLJ08S_00034.mp4,http://openapi.kspo.or.kr/web/image/0AUDLJ08S_00034/,10,동영상,,2주차
,http://openapi.kspo.or.kr/web/video/,성인을 위한 주간 운동프로그램 중 2주차에 해당하는 표준운동프로그램,262868224,29.97,193,1920*1080,성인,3220,0AUDLJ08S_00034_SC_00030.jpeg,2021,준비 운동,1577,한국어,허리 돌리기,20221023,성인기 2주차 운동프로그램,107.44,,mp4,0AUDLJ08S_00034.mp4,http://openapi.kspo.or.kr/web/image/0AUDLJ08S_00034/,11,동영상,,2주차
,http://openapi.kspo.or.kr/web/video/,성인을 위한 주간 운동프로그램 중 2주차에 해당하는 표준운동프로그램,262868224,29.97,194,1920*1080,성인,3510,0AUDLJ08S_00034_SC_00035.jpeg,2021,준비 운동,1577,한국어,허리 돌리기,20221023,성인기 2주차 운동프로그램,117.117,,mp4,0AUDLJ08S_00034.mp4,http://openapi.kspo.or.kr/web/image/0AUDLJ08S_00034/,12,동영상,,2주차
,http://openapi.kspo.or.kr/web/video/,성인을 위한 주간 운동프로그램 중 2주차에 해당하는 표준운동프로그램,262868224,29.97,195,1920*1080,성인,3867,0AUDLJ08S_00034_FR_00044.jpeg,2021,준비 운동,1577,한국어,어깨 돌리기,20221023,성인기 2주차 운동프로그램,129.028,,mp4,0AUDLJ08S_00034.mp4,http://openapi.kspo.or.kr/web/image/0AUDLJ08S_00034/,13,동영상,,2주차
,http://openapi.kspo.or.kr/web/video/,성인을 위한 주간 운동프로그램 중 2주차에 해당하는 표준운동프로그램,262868224,29.97,196,1920*1080,성인,4003,0AUDLJ08S_00034_SC_00038.jpeg,2021,준비 운동,1577,한국어,어깨 돌리기,20221023,성인기 2주차 운동프로그램,133.566,,mp4,0AUDLJ08S_00034.mp4,http://openapi.kspo.or.kr/web/image/0AUDLJ08S_00034/,14,동영상,,2주차
,http://openapi.kspo.or.kr/web/video/,성인을 위한 주간 운동프로그램 중 2주차에 해당하는 표준운동프로그램,262868224,29.97,197,1920*1080,성인,4235,0AUDLJ08S_00034_SC_00042.jpeg,2021,준비 운동,1577,한국어,어깨 돌리기,20221023,성인기 2주차 운동프로그램,141.307,,mp4,0AUDLJ08S_00034.mp4,http://openapi.kspo.or.kr/web/image/0AUDLJ08S_00034/,15,동영상,,2주차
,http://openapi.kspo.or.kr/web/video/,성인을 위한 주간 운동프로그램 중 2주차에 해당하는 표준운동프로그램,262868224,29.97,198,1920*1080,성인,4496,0AUDLJ08S_00034_FR_00051.jpeg,2021,준비 운동,1577,한국어,목 돌리기,20221023,성인기 2주차 운동프로그램,150.016,,mp4,0AUDLJ08S_00034.mp4,http://openapi.kspo.or.kr/web/image/0AUDLJ08S_00034/,16,동영상,,2주차
,http://openapi.kspo.or.kr/web/video/,성인을 위한 주간 운동프로그램 중 2주차에 해당하는 표준운동프로그램,262868224,29.97,199,1920*1080,성인,4583,0AUDLJ08S_00034_SC_00046.jpeg,2021,준비 운동,1577,한국어,목 돌리기,20221023,성인기 2주차 운동프로그램,152.919,,mp4,0AUDLJ08S_00034.mp4,http://openapi.kspo.or.kr/web/image/0AUDLJ08S_00034/,17,동영상,,2주차
,http://openapi.kspo.or.kr/web/video/,성인을 위한 주간 운동프로그램 중 2주차에 해당하는 표준운동프로그램,262868224,29.97,200,1920*1080,성인,4989,0AUDLJ08S_00034_SC_00048.jpeg,2021,준비 운동,1577,한국어,목 돌리기,20221023,성인기 2주차 운동프로그램,166.466,,mp4,0AUDLJ08S_00034.mp4,http://openapi.kspo.or.kr/web/image/0AUDLJ08S_00034/,18,동영상,,2주차
,http://openapi.kspo.or.kr/web/video/,성인을 위한 주간 운동프로그램 중 2주차에 해당하는 표준운동프로그램,262868224,29.97,201,1920*1080,성인,5482,0AUDLJ08S_00034_SC_00052.jpeg,2021,준비 운동,1577,한국어,제자리 걷기(Waling in place),20221023,성인기 2주차 운동프로그램,182.916,,mp4,0AUDLJ08S_00034.mp4,http://openapi.kspo.or.kr/web/image/0AUDLJ08S_00034/,19,동영상,,2주차
,http://openapi.kspo.or.kr/web/video/,성인을 위한 주간 운동프로그램 중 2주차에 해당하는 표준운동프로그램,262868224,29.97,202,1920*1080,성인,5685,0AUDLJ08S_00034_SC_00054.jpeg,2021,준비 운동,1577,한국어,제자리 걷기(Waling in place),20221023,성인기 2주차 운동프로그램,189.689,,mp4,0AUDLJ08S_00034.mp4,http://openapi.kspo.or.kr/web/image/0AUDLJ08S_00034/,20,동영상,,2주차
,http://openapi.kspo.or.kr/web/video/,성인을 위한 주간 운동프로그램 중 2주차에 해당하는 표준운동프로그램,262868224,29.97,203,1920*1080,성인,6178,0AUDLJ08S_00034_SC_00060.jpeg,2021,준비 운동,1577,한국어,가볍게 달리기(Jogging in place),20221023,성인기 2주차 운동프로그램,206.139,,mp4,0AUDLJ08S_00034.mp4,http://openapi.kspo.or.kr/web/image/0AUDLJ08S_00034/,21,동영상,,2주차
,http://openapi.kspo.or.kr/web/video/,성인을 위한 주간 운동프로그램 중 2주차에 해당하는 표준운동프로그램,262868224,29.97,204,1920*1080,성인,6584,0AUDLJ08S_00034_SC_00065.jpeg,2021,준비 운동,1577,한국어,가볍게 달리기(Jogging in place),20221023,성인기 2주차 운동프로그램,219.686,,mp4,0AUDLJ08S_00034.mp4,http://openapi.kspo.or.kr/web/image/0AUDLJ08S_00034/,22,동영상,,2주차
,http://openapi.kspo.or.kr/web/video/,성인을 위한 주간 운동프로그램 중 2주차에 해당하는 표준운동프로그램,262868224,29.97,205,1920*1080,성인,6834,0AUDLJ08S_00034_FR_00077.jpeg,2021,준비 운동,1577,한국어,무릎 스트레칭(Butt kicks),20221023,성인기 2주차 운동프로그램,228.027,,mp4,0AUDLJ08S_00034.mp4,http://openapi.kspo.or.kr/web/image/0AUDLJ08S_00034/,23,동영상,,2주차
,http://openapi.kspo.or.kr/web/video/,성인을 위한 주간 운동프로그램 중 2주차에 해당하는 표준운동프로그램,262868224,29.97,206,1920*1080,성인,7077,0AUDLJ08S_00034_SC_00068.jpeg,2021,준비 운동,1577,한국어,무릎 스트레칭(Butt kicks),20221023,성인기 2주차 운동프로그램,236.135,,mp4,0AUDLJ08S_00034.mp4,http://openapi.kspo.or.kr/web/image/0AUDLJ08S_00034/,24,동영상,,2주차
,http://openapi.kspo.or.kr/web/video/,성인을 위한 주간 운동프로그램 중 2주차에 해당하는 표준운동프로그램,262868224,29.97,207,1920*1080,성인,7193,0AUDLJ08S_00034_SC_00069.jpeg,2021,준비 운동,1577,한국어,무릎 스트레칭(Butt kicks),20221023,성인기 2주차 운동프로그램,240.006,,mp4,0AUDLJ08S_00034.mp4,http://openapi.kspo.or.kr/web/image/0AUDLJ08S_00034/,25,동영상,,2주차
,http://openapi.kspo.or.kr/web/video/,성인을 위한 주간 운동프로그램 중 2주차에 해당하는 표준운동프로그램,262868224,29.97,208,1920*1080,성인,7686,0AUDLJ08S_00034_SC_00072.jpeg,2021,준비 운동,1577,한국어,엉덩관절 스트레칭(High knee pull),20221023,성인기 2주차 운동프로그램,256.456,,mp4,0AUDLJ08S_00034.mp4,http://openapi.kspo.or.kr/web/image/0AUDLJ08S_00034/,26,동영상,,2주차
,http://openapi.kspo.or.kr/web/video/,성인을 위한 주간 운동프로그램 중 2주차에 해당하는 표준운동프로그램,262868224,29.97,209,1920*1080,성인,7733,0AUDLJ08S_00034_FR_00087.jpeg,2021,준비 운동,1577,한국어,엉덩관절 스트레칭(High knee pull),20221023,성인기 2주차 운동프로그램,258.024,,mp4,0AUDLJ08S_00034.mp4,http://openapi.kspo.or.kr/web/image/0AUDLJ08S_00034/,27,동영상,,2주차
,http://openapi.kspo.or.kr/web/video/,성인을 위한 주간 운동프로그램 중 2주차에 해당하는 표준운동프로그램,262868224,29.97,210,1920*1080,성인,8034,0AUDLJ08S_00034_SC_00075.jpeg,2021,준비 운동,1577,한국어,엉덩관절 스트레칭(High knee pull),20221023,성인기 2주차 운동프로그램,268.067,,mp4,0AUDLJ08S_00034.mp4,http://openapi.kspo.or.kr/web/image/0AUDLJ08S_00034/,28,동영상,,2주차
,http://openapi.kspo.or.kr/web/video/,성인을 위한 주간 운동프로그램 중 2주차에 해당하는 표준운동프로그램,262868224,29.97,211,1920*1080,성인,8632,0AUDLJ08S_00034_FR_00097.jpeg,2021,준비 운동,1577,한국어,엉덩관절 스트레칭(Dynamic hamstring stretch),20221023,성인기 2주차 운동프로그램,288.021,,mp4,0AUDLJ08S_00034.mp4,http://openapi.kspo.or.kr/web/image/0AUDLJ08S_00034/,29,동영상,,2주차
,http://openapi.kspo.or.kr/web/video/,성인을 위한 주간 운동프로그램 중 2주차에 해당하는 표준운동프로그램,262868224,29.97,212,1920*1080,성인,8701,0AUDLJ08S_00034_SC_00078.jpeg,2021,준비 운동,1577,한국어,엉덩관절 스트레칭(Dynamic hamstring stretch),20221023,성인기 2주차 운동프로그램,290.323,,mp4,0AUDLJ08S_00034.mp4,http://openapi.kspo.or.kr/web/image/0AUDLJ08S_00034/,30,동영상,,2주차
,http://openapi.kspo.or.kr/web/video/,성인을 위한 주간 운동프로그램 중 2주차에 해당하는 표준운동프로그램,262868224,29.97,213,1920*1080,성인,9136,0AUDLJ08S_00034_SC_00081.jpeg,2021,준비 운동,1577,한국어,엉덩관절 스트레칭(Dynamic hamstring stretch),20221023,성인기 2주차 운동프로그램,304.837,,mp4,0AUDLJ08S_00034.mp4,http://openapi.kspo.or.kr/web/image/0AUDLJ08S_00034/,31,동영상,,2주차
,http://openapi.kspo.or.kr/web/video/,성인을 위한 주간 운동프로그램 중 2주차에 해당하는 표준운동프로그램,262868224,29.97,214,1920*1080,성인,9711,0AUDLJ08S_00034_FR_00109.jpeg,2021,준비 운동,1577,한국어,무릎/허리/어깨 스트레칭(Trunk circle stretch),20221023,성인기 2주차 운동프로그램,324.023,,mp4,0AUDLJ08S_00034.mp4,http://openapi.kspo.or.kr/web/image/0AUDLJ08S_00034/,32,동영상,,2주차
,http://openapi.kspo.or.kr/web/video/,성인을 위한 주간 운동프로그램 중 2주차에 해당하는 표준운동프로그램,262868224,29.97,215,1920*1080,성인,9891,0AUDLJ08S_00034_FR_00111.jpeg,2021,준비 운동,1577,한국어,무릎/허리/어깨 스트레칭(Trunk circle stretch),20221023,성인기 2주차 운동프로그램,330.029,,mp4,0AUDLJ08S_00034.mp4,http://openapi.kspo.or.kr/web/image/0AUDLJ08S_00034/,33,동영상,,2주차
,http://openapi.kspo.or.kr/web/video/,성인을 위한 주간 운동프로그램 중 2주차에 해당하는 표준운동프로그램,262868224,29.97,216,1920*1080,성인,10470,0AUDLJ08S_00034_SC_00091.jpeg,2021,준비 운동,1577,한국어,무릎/허리/어깨 스트레칭(Trunk circle stretch),20221023,성인기 2주차 운동프로그램,349.349,,mp4,0AUDLJ08S_00034.mp4,http://openapi.kspo.or.kr/web/image/0AUDLJ08S_00034/,34,동영상,,2주차
,http://openapi.kspo.or.kr/web/video/,성인을 위한 주간 운동프로그램 중 2주차에 해당하는 표준운동프로그램,262868224,29.97,217,1920*1080,성인,10934,0AUDLJ08S_00034_SC_00094.jpeg,2021,준비 운동,1577,한국어,몸통/어깨 스트레칭(Thoracic rotation stretch),20221023,성인기 2주차 운동프로그램,364.831,,mp4,0AUDLJ08S_00034.mp4,http://openapi.kspo.or.kr/web/image/0AUDLJ08S_00034/,35,동영상,,2주차
,http://openapi.kspo.or.kr/web/video/,성인을 위한 주간 운동프로그램 중 2주차에 해당하는 표준운동프로그램,262868224,29.97,218,1920*1080,성인,11253,0AUDLJ08S_00034_SC_00096.jpeg,2021,준비 운동,1577,한국어,몸통/어깨 스트레칭(Thoracic rotation stretch),20221023,성인기 2주차 운동프로그램,375.475,,mp4,0AUDLJ08S_00034.mp4,http://openapi.kspo.or.kr/web/image/0AUDLJ08S_00034/,36,동영상,,2주차
,http://openapi.kspo.or.kr/web/video/,성인을 위한 주간 운동프로그램 중 2주차에 해당하는 표준운동프로그램,262868224,29.97,219,1920*1080,성인,11456,0AUDLJ08S_00034_SC_00097.jpeg,2021,준비 운동,1577,한국어,몸통/어깨 스트레칭(Thoracic rotation stretch),20221023,성인기 2주차 운동프로그램,382.248,,mp4,0AUDLJ08S_00034.mp4,http://openapi.kspo.or.kr/web/image/0AUDLJ08S_00034/,37,동영상,,2주차
,http://openapi.kspo.or.kr/web/video/,성인을 위한 주간 운동프로그램 중 2주차에 해당하는 표준운동프로그램,262868224,29.97,220,1920*1080,성인,11779,0AUDLJ08S_00034_FR_00132.jpeg,2021,준비 운동,1577,한국어,어깨 스트레칭(Arm circles),20221023,성인기 2주차 운동프로그램,393.025,,mp4,0AUDLJ08S_00034.mp4,http://openapi.kspo.or.kr/web/image/0AUDLJ08S_00034/,38,동영상,,2주차
,http://openapi.kspo.or.kr/web/video/,성인을 위한 주간 운동프로그램 중 2주차에 해당하는 표준운동프로그램,262868224,29.97,221,1920*1080,성인,11891,0AUDLJ08S_00034_SC_00098.jpeg,2021,준비 운동,1577,한국어,어깨 스트레칭(Arm circles),20221023,성인기 2주차 운동프로그램,396.763,,mp4,0AUDLJ08S_00034.mp4,http://openapi.kspo.or.kr/web/image/0AUDLJ08S_00034/,39,동영상,,2주차
,http://openapi.kspo.or.kr/web/video/,성인을 위한 주간 운동프로그램 중 2주차에 해당하는 표준운동프로그램,262868224,29.97,222,1920*1080,성인,12326,0AUDLJ08S_00034_SC_00101.jpeg,2021,준비 운동,1577,한국어,어깨 스트레칭(Arm circles),20221023,성인기 2주차 운동프로그램,411.277,,mp4,0AUDLJ08S_00034.mp4,http://openapi.kspo.or.kr/web/image/0AUDLJ08S_00034/,40,동영상,,2주차
,http://openapi.kspo.or.kr/web/video/,성인을 위한 주간 운동프로그램 중 2주차에 해당하는 표준운동프로그램,262868224,29.97,223,1920*1080,성인,12935,0AUDLJ08S_00034_SC_00105.jpeg,2021,준비 운동,1577,한국어,등/어깨 스트레칭(Shoulder gators),20221023,성인기 2주차 운동프로그램,431.597,,mp4,0AUDLJ08S_00034.mp4,http://openapi.kspo.or.kr/web/image/0AUDLJ08S_00034/,41,동영상,,2주차
,http://openapi.kspo.or.kr/web/video/,성인을 위한 주간 운동프로그램 중 2주차에 해당하는 표준운동프로그램,262868224,29.97,224,1920*1080,성인,13167,0AUDLJ08S_00034_SC_00106.jpeg,2021,준비 운동,1577,한국어,등/어깨 스트레칭(Shoulder gators),20221023,성인기 2주차 운동프로그램,439.338,,mp4,0AUDLJ08S_00034.mp4,http://openapi.kspo.or.kr/web/image/0AUDLJ08S_00034/,42,동영상,,2주차
,http://openapi.kspo.or.kr/web/video/,성인을 위한 주간 운동프로그램 중 2주차에 해당하는 표준운동프로그램,262868224,29.97,225,1920*1080,성인,13225,0AUDLJ08S_00034_SC_00107.jpeg,2021,준비 운동,1577,한국어,등/어깨 스트레칭(Shoulder gators),20221023,성인기 2주차 운동프로그램,441.274,,mp4,0AUDLJ08S_00034.mp4,http://openapi.kspo.or.kr/web/image/0AUDLJ08S_00034/,43,동영상,,2주차
,http://openapi.kspo.or.kr/web/video/,성인을 위한 주간 운동프로그램 중 2주차에 해당하는 표준운동프로그램,262868224,29.97,226,1920*1080,성인,13718,0AUDLJ08S_00034_SC_00110.jpeg,2021,준비 운동,1577,한국어,팔 벌려 뛰기(Jumping jack),20221023,성인기 2주차 운동프로그램,457.723,,mp4,0AUDLJ08S_00034.mp4,http://openapi.kspo.or.kr/web/image/0AUDLJ08S_00034/,44,동영상,,2주차
,http://openapi.kspo.or.kr/web/video/,성인을 위한 주간 운동프로그램 중 2주차에 해당하는 표준운동프로그램,262868224,29.97,227,1920*1080,성인,13892,0AUDLJ08S_00034_SC_00111.jpeg,2021,준비 운동,1577,한국어,팔 벌려 뛰기(Jumping jack),20221023,성인기 2주차 운동프로그램,463.529,,mp4,0AUDLJ08S_00034.mp4,http://openapi.kspo.or.kr/web/image/0AUDLJ08S_00034/,45,동영상,,2주차
,http://openapi.kspo.or.kr/web/video/,성인을 위한 주간 운동프로그램 중 2주차에 해당하는 표준운동프로그램,262868224,29.97,228,1920*1080,성인,14124,0AUDLJ08S_00034_SC_00113.jpeg,2021,준비 운동,1577,한국어,팔 벌려 뛰기(Jumping jack),20221023,성인기 2주차 운동프로그램,471.27,,mp4,0AUDLJ08S_00034.mp4,http://openapi.kspo.or.kr/web/image/0AUDLJ08S_00034/,46,동영상,,2주차
,http://openapi.kspo.or.kr/web/video/,성인을 위한 주간 운동프로그램 중 2주차에 해당하는 표준운동프로그램,262868224,29.97,229,1920*1080,성인,14476,0AUDLJ08S_00034_FR_00162.jpeg,2021,준비 운동,1577,한국어,숨쉬기(Breathing),20221023,성인기 2주차 운동프로그램,483.015,,mp4,0AUDLJ08S_00034.mp4,http://openapi.kspo.or.kr/web/image/0AUDLJ08S_00034/,47,동영상,,2주차
,http://openapi.kspo.or.kr/web/video/,성인을 위한 주간 운동프로그램 중 2주차에 해당하는 표준운동프로그램,262868224,29.97,230,1920*1080,성인,14588,0AUDLJ08S_00034_SC_00116.jpeg,2021,준비 운동,1577,한국어,숨쉬기(Breathing),20221023,성인기 2주차 운동프로그램,486.752,,mp4,0AUDLJ08S_00034.mp4,http://openapi.kspo.or.kr/web/image/0AUDLJ08S_00034/,48,동영상,,2주차
,http://openapi.kspo.or.kr/web/video/,성인을 위한 주간 운동프로그램 중 2주차에 해당하는 표준운동프로그램,262868224,29.97,231,1920*1080,성인,14965,0AUDLJ08S_00034_SC_00118.jpeg,2021,준비 운동,1577,한국어,숨쉬기(Breathing),20221023,성인기 2주차 운동프로그램,499.332,,mp4,0AUDLJ08S_00034.mp4,http://openapi.kspo.or.kr/web/image/0AUDLJ08S_00034/,49,동영상,,2주차
,http://openapi.kspo.or.kr/web/video/,성인을 위한 주간 운동프로그램 중 2주차에 해당하는 표준운동프로그램,262868224,29.97,232,1920*1080,성인,15375,0AUDLJ08S_00034_FR_00172.jpeg,2021,준비 운동,1577,한국어,,20221023,성인기 2주차 운동프로그램,513.012,,mp4,0AUDLJ08S_00034.mp4,http://openapi.kspo.or.kr/web/image/0AUDLJ08S_00034/,50,동영상,,2주차
,http://openapi.kspo.or.kr/web/video/,성인을 위한 주간 운동프로그램 중 2주차에 해당하는 표준운동프로그램,262868224,29.97,233,1920*1080,성인,15825,0AUDLJ08S_00034_FR_00177.jpeg,2021,본 운동,1577,한국어,제자리 걷기/몸통 옆으로 굽히기(Walking/Side bend),20221023,성인기 2주차 운동프로그램,528.027,,mp4,0AUDLJ08S_00034.mp4,http://openapi.kspo.or.kr/web/image/0AUDLJ08S_00034/,51,동영상,,2주차
,http://openapi.kspo.or.kr/web/video/,성인을 위한 주간 운동프로그램 중 2주차에 해당하는 표준운동프로그램,262868224,29.97,234,1920*1080,성인,15922,0AUDLJ08S_00034_SC_00124.jpeg,2021,본 운동,1577,한국어,제자리 걷기/몸통 옆으로 굽히기(Walking/Side bend),20221023,성인기 2주차 운동프로그램,531.264,,mp4,0AUDLJ08S_00034.mp4,http://openapi.kspo.or.kr/web/image/0AUDLJ08S_00034/,52,동영상,,2주차
,http://openapi.kspo.or.kr/web/video/,성인을 위한 주간 운동프로그램 중 2주차에 해당하는 표준운동프로그램,262868224,29.97,235,1920*1080,성인,16444,0AUDLJ08S_00034_SC_00133.jpeg,2021,본 운동,1577,한국어,제자리 걷기/몸통 옆으로 굽히기(Walking/Side bend),20221023,성인기 2주차 운동프로그램,548.681,,mp4,0AUDLJ08S_00034.mp4,http://openapi.kspo.or.kr/web/image/0AUDLJ08S_00034/,53,동영상,,2주차
,http://openapi.kspo.or.kr/web/video/,성인을 위한 주간 운동프로그램 중 2주차에 해당하는 표준운동프로그램,262868224,29.97,236,1920*1080,성인,16994,0AUDLJ08S_00034_FR_00190.jpeg,2021,본 운동,1577,한국어,다리 벌려 앉았다 일어서기(Wide squat),20221023,성인기 2주차 운동프로그램,567.033,,mp4,0AUDLJ08S_00034.mp4,http://openapi.kspo.or.kr/web/image/0AUDLJ08S_00034/,54,동영상,,2주차
,http://openapi.kspo.or.kr/web/video/,성인을 위한 주간 운동프로그램 중 2주차에 해당하는 표준운동프로그램,262868224,29.97,237,1920*1080,성인,17372,0AUDLJ08S_00034_SC_00144.jpeg,2021,본 운동,1577,한국어,다리 벌려 앉았다 일어서기(Wide squat),20221023,성인기 2주차 운동프로그램,579.645,,mp4,0AUDLJ08S_00034.mp4,http://openapi.kspo.or.kr/web/image/0AUDLJ08S_00034/,55,동영상,,2주차
,http://openapi.kspo.or.kr/web/video/,성인을 위한 주간 운동프로그램 중 2주차에 해당하는 표준운동프로그램,262868224,29.97,238,1920*1080,성인,17517,0AUDLJ08S_00034_SC_00145.jpeg,2021,본 운동,1577,한국어,다리 벌려 앉았다 일어서기(Wide squat),20221023,성인기 2주차 운동프로그램,584.483,,mp4,0AUDLJ08S_00034.mp4,http://openapi.kspo.or.kr/web/image/0AUDLJ08S_00034/,56,동영상,,2주차
,http://openapi.kspo.or.kr/web/video/,성인을 위한 주간 운동프로그램 중 2주차에 해당하는 표준운동프로그램,262868224,29.97,239,1920*1080,성인,18252,0AUDLJ08S_00034_FR_00204.jpeg,2021,본 운동,1577,한국어,가슴 앞으로 팔 밀기(Standing chest press),20221023,성인기 2주차 운동프로그램,609.008,,mp4,0AUDLJ08S_00034.mp4,http://openapi.kspo.or.kr/web/image/0AUDLJ08S_00034/,57,동영상,,2주차
,http://openapi.kspo.or.kr/web/video/,성인을 위한 주간 운동프로그램 중 2주차에 해당하는 표준운동프로그램,262868224,29.97,240,1920*1080,성인,18358,0AUDLJ08S_00034_SC_00149.jpeg,2021,본 운동,1577,한국어,가슴 앞으로 팔 밀기(Standing chest press),20221023,성인기 2주차 운동프로그램,612.545,,mp4,0AUDLJ08S_00034.mp4,http://openapi.kspo.or.kr/web/image/0AUDLJ08S_00034/,58,동영상,,2주차
,http://openapi.kspo.or.kr/web/video/,성인을 위한 주간 운동프로그램 중 2주차에 해당하는 표준운동프로그램,262868224,29.97,241,1920*1080,성인,18792,0AUDLJ08S_00034_FR_00210.jpeg,2021,본 운동,1577,한국어,가슴 앞으로 팔 밀기(Standing chest press),20221023,성인기 2주차 운동프로그램,627.026,,mp4,0AUDLJ08S_00034.mp4,http://openapi.kspo.or.kr/web/image/0AUDLJ08S_00034/,59,동영상,,2주차
,http://openapi.kspo.or.kr/web/video/,성인을 위한 주간 운동프로그램 중 2주차에 해당하는 표준운동프로그램,262868224,29.97,242,1920*1080,성인,19199,0AUDLJ08S_00034_SC_00154.jpeg,2021,본 운동,1577,한국어,윗몸 굽히기(Cruch),20221023,성인기 2주차 운동프로그램,640.606,,mp4,0AUDLJ08S_00034.mp4,http://openapi.kspo.or.kr/web/image/0AUDLJ08S_00034/,60,동영상,,2주차
,http://openapi.kspo.or.kr/web/video/,성인을 위한 주간 운동프로그램 중 2주차에 해당하는 표준운동프로그램,262868224,29.97,243,1920*1080,성인,19518,0AUDLJ08S_00034_SC_00155.jpeg,2021,본 운동,1577,한국어,윗몸 굽히기(Cruch),20221023,성인기 2주차 운동프로그램,651.25,,mp4,0AUDLJ08S_00034.mp4,http://openapi.kspo.or.kr/web/image/0AUDLJ08S_00034/,61,동영상,,2주차
,http://openapi.kspo.or.kr/web/video/,성인을 위한 주간 운동프로그램 중 2주차에 해당하는 표준운동프로그램,262868224,29.97,244,1920*1080,성인,19779,0AUDLJ08S_00034_SC_00158.jpeg,2021,본 운동,1577,한국어,윗몸 굽히기(Cruch),20221023,성인기 2주차 운동프로그램,659.959,,mp4,0AUDLJ08S_00034.mp4,http://openapi.kspo.or.kr/web/image/0AUDLJ08S_00034/,62,동영상,,2주차
,http://openapi.kspo.or.kr/web/video/,성인을 위한 주간 운동프로그램 중 2주차에 해당하는 표준운동프로그램,262868224,29.97,245,1920*1080,성인,20320,0AUDLJ08S_00034_FR_00227.jpeg,2021,본 운동,1577,한국어,팔 벌려 뛰기(Jumping jack),20221023,성인기 2주차 운동프로그램,678.01,,mp4,0AUDLJ08S_00034.mp4,http://openapi.kspo.or.kr/web/image/0AUDLJ08S_00034/,63,동영상,,2주차
,http://openapi.kspo.or.kr/web/video/,성인을 위한 주간 운동프로그램 중 2주차에 해당하는 표준운동프로그램,262868224,29.97,246,1920*1080,성인,20417,0AUDLJ08S_00034_SC_00162.jpeg,2021,본 운동,1577,한국어,팔 벌려 뛰기(Jumping jack),20221023,성인기 2주차 운동프로그램,681.247,,mp4,0AUDLJ08S_00034.mp4,http://openapi.kspo.or.kr/web/image/0AUDLJ08S_00034/,64,동영상,,2주차
,http://openapi.kspo.or.kr/web/video/,성인을 위한 주간 운동프로그램 중 2주차에 해당하는 표준운동프로그램,262868224,29.97,247,1920*1080,성인,20860,0AUDLJ08S_00034_FR_00233.jpeg,2021,본 운동,1577,한국어,팔 벌려 뛰기(Jumping jack),20221023,성인기 2주차 운동프로그램,696.028,,mp4,0AUDLJ08S_00034.mp4,http://openapi.kspo.or.kr/web/image/0AUDLJ08S_00034/,65,동영상,,2주차
,http://openapi.kspo.or.kr/web/video/,성인을 위한 주간 운동프로그램 중 2주차에 해당하는 표준운동프로그램,262868224,29.97,248,1920*1080,성인,21309,0AUDLJ08S_00034_FR_00238.jpeg,2021,본 운동,1577,한국어,앞으로 다리 뻗어 앉았다 일어서기(Forward lunge),20221023,성인기 2주차 운동프로그램,711.01,,mp4,0AUDLJ08S_00034.mp4,http://openapi.kspo.or.kr/web/image/0AUDLJ08S_00034/,66,동영상,,2주차
,http://openapi.kspo.or.kr/web/video/,성인을 위한 주간 운동프로그램 중 2주차에 해당하는 표준운동프로그램,262868224,29.97,249,1920*1080,성인,21461,0AUDLJ08S_00034_SC_00170.jpeg,2021,본 운동,1577,한국어,앞으로 다리 뻗어 앉았다 일어서기(Forward lunge),20221023,성인기 2주차 운동프로그램,716.082,,mp4,0AUDLJ08S_00034.mp4,http://openapi.kspo.or.kr/web/image/0AUDLJ08S_00034/,67,동영상,,2주차
,http://openapi.kspo.or.kr/web/video/,성인을 위한 주간 운동프로그램 중 2주차에 해당하는 표준운동프로그램,262868224,29.97,250,1920*1080,성인,21867,0AUDLJ08S_00034_SC_00179.jpeg,2021,본 운동,1577,한국어,앞으로 다리 뻗어 앉았다 일어서기(Forward lunge),20221023,성인기 2주차 운동프로그램,729.628,,mp4,0AUDLJ08S_00034.mp4,http://openapi.kspo.or.kr/web/image/0AUDLJ08S_00034/,68,동영상,,2주차
,http://openapi.kspo.or.kr/web/video/,성인을 위한 주간 운동프로그램 중 2주차에 해당하는 표준운동프로그램,262868224,29.97,251,1920*1080,성인,22298,0AUDLJ08S_00034_FR_00249.jpeg,2021,본 운동,1577,한국어,앉아서 뒤로 당기기(Seated row),20221023,성인기 2주차 운동프로그램,744.009,,mp4,0AUDLJ08S_00034.mp4,http://openapi.kspo.or.kr/web/image/0AUDLJ08S_00034/,69,동영상,,2주차
,http://openapi.kspo.or.kr/web/video/,성인을 위한 주간 운동프로그램 중 2주차에 해당하는 표준운동프로그램,262868224,29.97,252,1920*1080,성인,22388,0AUDLJ08S_00034_FR_00250.jpeg,2021,본 운동,1577,한국어,앉아서 뒤로 당기기(Seated row),20221023,성인기 2주차 운동프로그램,747.012,,mp4,0AUDLJ08S_00034.mp4,http://openapi.kspo.or.kr/web/image/0AUDLJ08S_00034/,70,동영상,,2주차
,http://openapi.kspo.or.kr/web/video/,성인을 위한 주간 운동프로그램 중 2주차에 해당하는 표준운동프로그램,262868224,29.97,253,1920*1080,성인,22795,0AUDLJ08S_00034_SC_00188.jpeg,2021,본 운동,1577,한국어,앉아서 뒤로 당기기(Seated row),20221023,성인기 2주차 운동프로그램,760.593,,mp4,0AUDLJ08S_00034.mp4,http://openapi.kspo.or.kr/web/image/0AUDLJ08S_00034/,71,동영상,,2주차
,http://openapi.kspo.or.kr/web/video/,성인을 위한 주간 운동프로그램 중 2주차에 해당하는 표준운동프로그램,262868224,29.97,254,1920*1080,성인,23172,0AUDLJ08S_00034_SC_00192.jpeg,2021,본 운동,1577,한국어,허리 숙였다 펴기(Good morning),20221023,성인기 2주차 운동프로그램,773.172,,mp4,0AUDLJ08S_00034.mp4,http://openapi.kspo.or.kr/web/image/0AUDLJ08S_00034/,72,동영상,,2주차
,http://openapi.kspo.or.kr/web/video/,성인을 위한 주간 운동프로그램 중 2주차에 해당하는 표준운동프로그램,262868224,29.97,255,1920*1080,성인,23665,0AUDLJ08S_00034_SC_00194.jpeg,2021,본 운동,1577,한국어,허리 숙였다 펴기(Good morning),20221023,성인기 2주차 운동프로그램,789.622,,mp4,0AUDLJ08S_00034.mp4,http://openapi.kspo.or.kr/web/image/0AUDLJ08S_00034/,73,동영상,,2주차
,http://openapi.kspo.or.kr/web/video/,성인을 위한 주간 운동프로그램 중 2주차에 해당하는 표준운동프로그램,262868224,29.97,256,1920*1080,성인,23752,0AUDLJ08S_00034_SC_00196.jpeg,2021,본 운동,1577,한국어,허리 숙였다 펴기(Good morning),20221023,성인기 2주차 운동프로그램,792.525,,mp4,0AUDLJ08S_00034.mp4,http://openapi.kspo.or.kr/web/image/0AUDLJ08S_00034/,74,동영상,,2주차
,http://openapi.kspo.or.kr/web/video/,성인을 위한 주간 운동프로그램 중 2주차에 해당하는 표준운동프로그램,262868224,29.97,257,1920*1080,성인,24366,0AUDLJ08S_00034_FR_00272.jpeg,2021,본 운동,1577,한국어,엎드리고 일어서기(Slow burpee),20221023,성인기 2주차 운동프로그램,813.012,,mp4,0AUDLJ08S_00034.mp4,http://openapi.kspo.or.kr/web/image/0AUDLJ08S_00034/,75,동영상,,2주차
,http://openapi.kspo.or.kr/web/video/,성인을 위한 주간 운동프로그램 중 2주차에 해당하는 표준운동프로그램,262868224,29.97,258,1920*1080,성인,24546,0AUDLJ08S_00034_FR_00274.jpeg,2021,본 운동,1577,한국어,엎드리고 일어서기(Slow burpee),20221023,성인기 2주차 운동프로그램,819.018,,mp4,0AUDLJ08S_00034.mp4,http://openapi.kspo.or.kr/web/image/0AUDLJ08S_00034/,76,동영상,,2주차
,http://openapi.kspo.or.kr/web/video/,성인을 위한 주간 운동프로그램 중 2주차에 해당하는 표준운동프로그램,262868224,29.97,259,1920*1080,성인,24825,0AUDLJ08S_00034_SC_00207.jpeg,2021,본 운동,1577,한국어,엎드리고 일어서기(Slow burpee),20221023,성인기 2주차 운동프로그램,828.327,,mp4,0AUDLJ08S_00034.mp4,http://openapi.kspo.or.kr/web/image/0AUDLJ08S_00034/,77,동영상,,2주차
,http://openapi.kspo.or.kr/web/video/,성인을 위한 주간 운동프로그램 중 2주차에 해당하는 표준운동프로그램,262868224,29.97,260,1920*1080,성인,25028,0AUDLJ08S_00034_SC_00209.jpeg,2021,본 운동,1577,한국어,엎드리고 일어서기(Slow burpee),20221023,성인기 2주차 운동프로그램,835.1,,mp4,0AUDLJ08S_00034.mp4,http://openapi.kspo.or.kr/web/image/0AUDLJ08S_00034/,78,동영상,,2주차
,http://openapi.kspo.or.kr/web/video/,성인을 위한 주간 운동프로그램 중 2주차에 해당하는 표준운동프로그램,262868224,29.97,261,1920*1080,성인,25355,0AUDLJ08S_00034_FR_00283.jpeg,2021,본 운동,1577,한국어,엎드려 한 발 위로 차기(Donkey kick),20221023,성인기 2주차 운동프로그램,846.011,,mp4,0AUDLJ08S_00034.mp4,http://openapi.kspo.or.kr/web/image/0AUDLJ08S_00034/,79,동영상,,2주차
,http://openapi.kspo.or.kr/web/video/,성인을 위한 주간 운동프로그램 중 2주차에 해당하는 표준운동프로그램,262868224,29.97,262,1920*1080,성인,25579,0AUDLJ08S_00034_SC_00211.jpeg,2021,본 운동,1577,한국어,엎드려 한 발 위로 차기(Donkey kick),20221023,성인기 2주차 운동프로그램,853.485,,mp4,0AUDLJ08S_00034.mp4,http://openapi.kspo.or.kr/web/image/0AUDLJ08S_00034/,80,동영상,,2주차
,http://openapi.kspo.or.kr/web/video/,성인을 위한 주간 운동프로그램 중 2주차에 해당하는 표준운동프로그램,262868224,29.97,263,1920*1080,성인,25811,0AUDLJ08S_00034_SC_00213.jpeg,2021,본 운동,1577,한국어,엎드려 한 발 위로 차기(Donkey kick),20221023,성인기 2주차 운동프로그램,861.227,,mp4,0AUDLJ08S_00034.mp4,http://openapi.kspo.or.kr/web/image/0AUDLJ08S_00034/,81,동영상,,2주차
,http://openapi.kspo.or.kr/web/video/,성인을 위한 주간 운동프로그램 중 2주차에 해당하는 표준운동프로그램,262868224,29.97,264,1920*1080,성인,26159,0AUDLJ08S_00034_SC_00217.jpeg,2021,본 운동,1577,한국어,엎드려 한 발 위로 차기(Donkey kick),20221023,성인기 2주차 운동프로그램,872.838,,mp4,0AUDLJ08S_00034.mp4,http://openapi.kspo.or.kr/web/image/0AUDLJ08S_00034/,82,동영상,,2주차
,http://openapi.kspo.or.kr/web/video/,성인을 위한 주간 운동프로그램 중 2주차에 해당하는 표준운동프로그램,262868224,29.97,265,1920*1080,성인,26524,0AUDLJ08S_00034_FR_00296.jpeg,2021,본 운동,1577,한국어,앞/옆으로 팔 들어올리기(Front/Side lateral raise),20221023,성인기 2주차 운동프로그램,885.017,,mp4,0AUDLJ08S_00034.mp4,http://openapi.kspo.or.kr/web/image/0AUDLJ08S_00034/,83,동영상,,2주차
,http://openapi.kspo.or.kr/web/video/,성인을 위한 주간 운동프로그램 중 2주차에 해당하는 표준운동프로그램,262868224,29.97,266,1920*1080,성인,26739,0AUDLJ08S_00034_SC_00221.jpeg,2021,본 운동,1577,한국어,앞/옆으로 팔 들어올리기(Front/Side lateral raise),20221023,성인기 2주차 운동프로그램,892.191,,mp4,0AUDLJ08S_00034.mp4,http://openapi.kspo.or.kr/web/image/0AUDLJ08S_00034/,84,동영상,,2주차
,http://openapi.kspo.or.kr/web/video/,성인을 위한 주간 운동프로그램 중 2주차에 해당하는 표준운동프로그램,262868224,29.97,267,1920*1080,성인,27058,0AUDLJ08S_00034_SC_00224.jpeg,2021,본 운동,1577,한국어,앞/옆으로 팔 들어올리기(Front/Side lateral raise),20221023,성인기 2주차 운동프로그램,902.835,,mp4,0AUDLJ08S_00034.mp4,http://openapi.kspo.or.kr/web/image/0AUDLJ08S_00034/,85,동영상,,2주차
,http://openapi.kspo.or.kr/web/video/,성인을 위한 주간 운동프로그램 중 2주차에 해당하는 표준운동프로그램,262868224,29.97,268,1920*1080,성인,27493,0AUDLJ08S_00034_SC_00230.jpeg,2021,본 운동,1577,한국어,서서 몸통 옆으로 굽히기(Side bend),20221023,성인기 2주차 운동프로그램,917.349,,mp4,0AUDLJ08S_00034.mp4,http://openapi.kspo.or.kr/web/image/0AUDLJ08S_00034/,86,동영상,,2주차
,http://openapi.kspo.or.kr/web/video/,성인을 위한 주간 운동프로그램 중 2주차에 해당하는 표준운동프로그램,262868224,29.97,269,1920*1080,성인,27693,0AUDLJ08S_00034_FR_00309.jpeg,2021,본 운동,1577,한국어,서서 몸통 옆으로 굽히기(Side bend),20221023,성인기 2주차 운동프로그램,924.023,,mp4,0AUDLJ08S_00034.mp4,http://openapi.kspo.or.kr/web/image/0AUDLJ08S_00034/,87,동영상,,2주차
,http://openapi.kspo.or.kr/web/video/,성인을 위한 주간 운동프로그램 중 2주차에 해당하는 표준운동프로그램,262868224,29.97,270,1920*1080,성인,27957,0AUDLJ08S_00034_SC_00232.jpeg,2021,본 운동,1577,한국어,서서 몸통 옆으로 굽히기(Side bend),20221023,성인기 2주차 운동프로그램,932.831,,mp4,0AUDLJ08S_00034.mp4,http://openapi.kspo.or.kr/web/image/0AUDLJ08S_00034/,88,동영상,,2주차
,http://openapi.kspo.or.kr/web/video/,성인을 위한 주간 운동프로그램 중 2주차에 해당하는 표준운동프로그램,262868224,29.97,271,1920*1080,성인,28160,0AUDLJ08S_00034_SC_00233.jpeg,2021,본 운동,1577,한국어,서서 몸통 옆으로 굽히기(Side bend),20221023,성인기 2주차 운동프로그램,939.605,,mp4,0AUDLJ08S_00034.mp4,http://openapi.kspo.or.kr/web/image/0AUDLJ08S_00034/,89,동영상,,2주차
,http://openapi.kspo.or.kr/web/video/,성인을 위한 주간 운동프로그램 중 2주차에 해당하는 표준운동프로그램,262868224,29.97,272,1920*1080,성인,28952,0AUDLJ08S_00034_FR_00323.jpeg,2021,본 운동,1577,한국어,,20221023,성인기 2주차 운동프로그램,966.031,,mp4,0AUDLJ08S_00034.mp4,http://openapi.kspo.or.kr/web/image/0AUDLJ08S_00034/,90,동영상,,2주차
,http://openapi.kspo.or.kr/web/video/,성인을 위한 주간 운동프로그램 중 2주차에 해당하는 표준운동프로그램,262868224,29.97,273,1920*1080,성인,29320,0AUDLJ08S_00034_SC_00251.jpeg,2021,정리 운동,1577,한국어,목 스트레칭(Neck stretch),20221023,성인기 2주차 운동프로그램,978.31,,mp4,0AUDLJ08S_00034.mp4,http://openapi.kspo.or.kr/web/image/0AUDLJ08S_00034/,91,동영상,,2주차
,http://openapi.kspo.or.kr/web/video/,성인을 위한 주간 운동프로그램 중 2주차에 해당하는 표준운동프로그램,262868224,29.97,274,1920*1080,성인,29726,0AUDLJ08S_00034_SC_00255.jpeg,2021,정리 운동,1577,한국어,목 스트레칭(Neck stretch),20221023,성인기 2주차 운동프로그램,991.857,,mp4,0AUDLJ08S_00034.mp4,http://openapi.kspo.or.kr/web/image/0AUDLJ08S_00034/,92,동영상,,2주차
,http://openapi.kspo.or.kr/web/video/,성인을 위한 주간 운동프로그램 중 2주차에 해당하는 표준운동프로그램,262868224,29.97,275,1920*1080,성인,29987,0AUDLJ08S_00034_SC_00257.jpeg,2021,정리 운동,1577,한국어,목 스트레칭(Neck stretch),20221023,성인기 2주차 운동프로그램,1000.566,,mp4,0AUDLJ08S_00034.mp4,http://openapi.kspo.or.kr/web/image/0AUDLJ08S_00034/,93,동영상,,2주차
,http://openapi.kspo.or.kr/web/video/,성인을 위한 주간 운동프로그램 중 2주차에 해당하는 표준운동프로그램,262868224,29.97,276,1920*1080,성인,30103,0AUDLJ08S_00034_SC_00258.jpeg,2021,정리 운동,1577,한국어,목 스트레칭(Neck stretch),20221023,성인기 2주차 운동프로그램,1004.436,,mp4,0AUDLJ08S_00034.mp4,http://openapi.kspo.or.kr/web/image/0AUDLJ08S_00034/,94,동영상,,2주차
,http://openapi.kspo.or.kr/web/video/,성인을 위한 주간 운동프로그램 중 2주차에 해당하는 표준운동프로그램,262868224,29.97,277,1920*1080,성인,31089,0AUDLJ08S_00034_SC_00266.jpeg,2021,정리 운동,1577,한국어,어깨/팔꿈치 스트레칭(Chicken wing),20221023,성인기 2주차 운동프로그램,1037.336,,mp4,0AUDLJ08S_00034.mp4,http://openapi.kspo.or.kr/web/image/0AUDLJ08S_00034/,95,동영상,,2주차
,http://openapi.kspo.or.kr/web/video/,성인을 위한 주간 운동프로그램 중 2주차에 해당하는 표준운동프로그램,262868224,29.97,278,1920*1080,성인,31437,0AUDLJ08S_00034_SC_00268.jpeg,2021,정리 운동,1577,한국어,어깨/팔꿈치 스트레칭(Chicken wing),20221023,성인기 2주차 운동프로그램,1048.947,,mp4,0AUDLJ08S_00034.mp4,http://openapi.kspo.or.kr/web/image/0AUDLJ08S_00034/,96,동영상,,2주차
,http://openapi.kspo.or.kr/web/video/,성인을 위한 주간 운동프로그램 중 2주차에 해당하는 표준운동프로그램,262868224,29.97,279,1920*1080,성인,31640,0AUDLJ08S_00034_SC_00269.jpeg,2021,정리 운동,1577,한국어,어깨/팔꿈치 스트레칭(Chicken wing),20221023,성인기 2주차 운동프로그램,1055.721,,mp4,0AUDLJ08S_00034.mp4,http://openapi.kspo.or.kr/web/image/0AUDLJ08S_00034/,97,동영상,,2주차
,http://openapi.kspo.or.kr/web/video/,성인을 위한 주간 운동프로그램 중 2주차에 해당하는 표준운동프로그램,262868224,29.97,280,1920*1080,성인,32278,0AUDLJ08S_00034_FR_00360.jpeg,2021,정리 운동,1577,한국어,등/허리/무릎 스트레칭(Child's pose),20221023,성인기 2주차 운동프로그램,1077.009,,mp4,0AUDLJ08S_00034.mp4,http://openapi.kspo.or.kr/web/image/0AUDLJ08S_00034/,98,동영상,,2주차
,http://openapi.kspo.or.kr/web/video/,성인을 위한 주간 운동프로그램 중 2주차에 해당하는 표준운동프로그램,262868224,29.97,281,1920*1080,성인,32365,0AUDLJ08S_00034_SC_00272.jpeg,2021,정리 운동,1577,한국어,등/허리/무릎 스트레칭(Child's pose),20221023,성인기 2주차 운동프로그램,1079.912,,mp4,0AUDLJ08S_00034.mp4,http://openapi.kspo.or.kr/web/image/0AUDLJ08S_00034/,99,동영상,,2주차
,http://openapi.kspo.or.kr/web/video/,성인을 위한 주간 운동프로그램 중 2주차에 해당하는 표준운동프로그램,262868224,29.97,282,1920*1080,성인,32626,0AUDLJ08S_00034_SC_00274.jpeg,2021,정리 운동,1577,한국어,등/허리/무릎 스트레칭(Child's pose),20221023,성인기 2주차 운동프로그램,1088.62,,mp4,0AUDLJ08S_00034.mp4,http://openapi.kspo.or.kr/web/image/0AUDLJ08S_00034/,100,동영상,,2주차
,http://openapi.kspo.or.kr/web/video/,성인을 위한 주간 운동프로그램 중 2주차에 해당하는 표준운동프로그램,262868224,29.97,283,1920*1080,성인,32998,0AUDLJ08S_00034_FR_00368.jpeg,2021,정리 운동,1577,한국어,어깨/등 스트레칭(Thread the needle),20221023,성인기 2주차 운동프로그램,1101.033,,mp4,0AUDLJ08S_00034.mp4,http://openapi.kspo.or.kr/web/image/0AUDLJ08S_00034/,101,동영상,,2주차
,http://openapi.kspo.or.kr/web/video/,성인을 위한 주간 운동프로그램 중 2주차에 해당하는 표준운동프로그램,262868224,29.97,284,1920*1080,성인,33148,0AUDLJ08S_00034_SC_00276.jpeg,2021,정리 운동,1577,한국어,어깨/등 스트레칭(Thread the needle),20221023,성인기 2주차 운동프로그램,1106.038,,mp4,0AUDLJ08S_00034.mp4,http://openapi.kspo.or.kr/web/image/0AUDLJ08S_00034/,102,동영상,,2주차
,http://openapi.kspo.or.kr/web/video/,성인을 위한 주간 운동프로그램 중 2주차에 해당하는 표준운동프로그램,262868224,29.97,285,1920*1080,성인,33583,0AUDLJ08S_00034_SC_00278.jpeg,2021,정리 운동,1577,한국어,어깨/등 스트레칭(Thread the needle),20221023,성인기 2주차 운동프로그램,1120.552,,mp4,0AUDLJ08S_00034.mp4,http://openapi.kspo.or.kr/web/image/0AUDLJ08S_00034/,103,동영상,,2주차
,http://openapi.kspo.or.kr/web/video/,성인을 위한 주간 운동프로그램 중 2주차에 해당하는 표준운동프로그램,262868224,29.97,286,1920*1080,성인,34221,0AUDLJ08S_00034_SC_00283.jpeg,2021,정리 운동,1577,한국어,등/허리 스트레칭(Cat&Camel),20221023,성인기 2주차 운동프로그램,1141.84,,mp4,0AUDLJ08S_00034.mp4,http://openapi.kspo.or.kr/web/image/0AUDLJ08S_00034/,104,동영상,,2주차
,http://openapi.kspo.or.kr/web/video/,성인을 위한 주간 운동프로그램 중 2주차에 해당하는 표준운동프로그램,262868224,29.97,287,1920*1080,성인,34337,0AUDLJ08S_00034_SC_00284.jpeg,2021,정리 운동,1577,한국어,등/허리 스트레칭(Cat&Camel),20221023,성인기 2주차 운동프로그램,1145.711,,mp4,0AUDLJ08S_00034.mp4,http://openapi.kspo.or.kr/web/image/0AUDLJ08S_00034/,105,동영상,,2주차
,http://openapi.kspo.or.kr/web/video/,성인을 위한 주간 운동프로그램 중 2주차에 해당하는 표준운동프로그램,262868224,29.97,288,1920*1080,성인,34743,0AUDLJ08S_00034_SC_00287.jpeg,2021,정리 운동,1577,한국어,등/허리 스트레칭(Cat&Camel),20221023,성인기 2주차 운동프로그램,1159.258,,mp4,0AUDLJ08S_00034.mp4,http://openapi.kspo.or.kr/web/image/0AUDLJ08S_00034/,106,동영상,,2주차
,http://openapi.kspo.or.kr/web/video/,성인을 위한 주간 운동프로그램 중 2주차에 해당하는 표준운동프로그램,262868224,29.97,289,1920*1080,성인,35178,0AUDLJ08S_00034_SC_00288.jpeg,2021,정리 운동,1577,한국어,엉덩관절 스트레칭(Hip flexor stretch),20221023,성인기 2주차 운동프로그램,1173.772,,mp4,0AUDLJ08S_00034.mp4,http://openapi.kspo.or.kr/web/image/0AUDLJ08S_00034/,107,동영상,,2주차
,http://openapi.kspo.or.kr/web/video/,성인을 위한 주간 운동프로그램 중 2주차에 해당하는 표준운동프로그램,262868224,29.97,290,1920*1080,성인,35352,0AUDLJ08S_00034_SC_00290.jpeg,2021,정리 운동,1577,한국어,엉덩관절 스트레칭(Hip flexor stretch),20221023,성인기 2주차 운동프로그램,1179.578,,mp4,0AUDLJ08S_00034.mp4,http://openapi.kspo.or.kr/web/image/0AUDLJ08S_00034/,108,동영상,,2주차
,http://openapi.kspo.or.kr/web/video/,성인을 위한 주간 운동프로그램 중 2주차에 해당하는 표준운동프로그램,262868224,29.97,291,1920*1080,성인,35526,0AUDLJ08S_00034_SC_00292.jpeg,2021,정리 운동,1577,한국어,엉덩관절 스트레칭(Hip flexor stretch),20221023,성인기 2주차 운동프로그램,1185.384,,mp4,0AUDLJ08S_00034.mp4,http://openapi.kspo.or.kr/web/image/0AUDLJ08S_00034/,109,동영상,,2주차
,http://openapi.kspo.or.kr/web/video/,성인을 위한 주간 운동프로그램 중 2주차에 해당하는 표준운동프로그램,262868224,29.97,292,1920*1080,성인,36251,0AUDLJ08S_00034_SC_00297.jpeg,2021,정리 운동,1577,한국어,복부 스트레칭(Cobra pose),20221023,성인기 2주차 운동프로그램,1209.575,,mp4,0AUDLJ08S_00034.mp4,http://openapi.kspo.or.kr/web/image/0AUDLJ08S_00034/,110,동영상,,2주차
,http://openapi.kspo.or.kr/web/video/,성인을 위한 주간 운동프로그램 중 2주차에 해당하는 표준운동프로그램,262868224,29.97,293,1920*1080,성인,36715,0AUDLJ08S_00034_SC_00301.jpeg,2021,정리 운동,1577,한국어,복부 스트레칭(Cobra pose),20221023,성인기 2주차 운동프로그램,1225.057,,mp4,0AUDLJ08S_00034.mp4,http://openapi.kspo.or.kr/web/image/0AUDLJ08S_00034/,111,동영상,,2주차
,http://openapi.kspo.or.kr/web/video/,성인을 위한 주간 운동프로그램 중 2주차에 해당하는 표준운동프로그램,262868224,29.97,294,1920*1080,성인,37237,0AUDLJ08S_00034_SC_00305.jpeg,2021,정리 운동,1577,한국어,등/허리/무릎 스트레칭(Down dog pose),20221023,성인기 2주차 운동프로그램,1242.474,,mp4,0AUDLJ08S_00034.mp4,http://openapi.kspo.or.kr/web/image/0AUDLJ08S_00034/,112,동영상,,2주차
,http://openapi.kspo.or.kr/web/video/,성인을 위한 주간 운동프로그램 중 2주차에 해당하는 표준운동프로그램,262868224,29.97,295,1920*1080,성인,37295,0AUDLJ08S_00034_SC_00306.jpeg,2021,정리 운동,1577,한국어,등/허리/무릎 스트레칭(Down dog pose),20221023,성인기 2주차 운동프로그램,1244.409,,mp4,0AUDLJ08S_00034.mp4,http://openapi.kspo.or.kr/web/image/0AUDLJ08S_00034/,113,동영상,,2주차
,http://openapi.kspo.or.kr/web/video/,성인을 위한 주간 운동프로그램 중 2주차에 해당하는 표준운동프로그램,262868224,29.97,296,1920*1080,성인,37469,0AUDLJ08S_00034_SC_00307.jpeg,2021,정리 운동,1577,한국어,등/허리/무릎 스트레칭(Down dog pose),20221023,성인기 2주차 운동프로그램,1250.215,,mp4,0AUDLJ08S_00034.mp4,http://openapi.kspo.or.kr/web/image/0AUDLJ08S_00034/,114,동영상,,2주차
,http://openapi.kspo.or.kr/web/video/,성인을 위한 주간 운동프로그램 중 2주차에 해당하는 표준운동프로그램,262868224,29.97,297,1920*1080,성인,38165,0AUDLJ08S_00034_SC_00312.jpeg,2021,정리 운동,1577,한국어,엉덩관절 스트레칭(Pigeon pose),20221023,성인기 2주차 운동프로그램,1273.438,,mp4,0AUDLJ08S_00034.mp4,http://openapi.kspo.or.kr/web/image/0AUDLJ08S_00034/,115,동영상,,2주차
,http://openapi.kspo.or.kr/web/video/,성인을 위한 주간 운동프로그램 중 2주차에 해당하는 표준운동프로그램,262868224,29.97,298,1920*1080,성인,38281,0AUDLJ08S_00034_SC_00314.jpeg,2021,정리 운동,1577,한국어,엉덩관절 스트레칭(Pigeon pose),20221023,성인기 2주차 운동프로그램,1277.309,,mp4,0AUDLJ08S_00034.mp4,http://openapi.kspo.or.kr/web/image/0AUDLJ08S_00034/,116,동영상,,2주차
,http://openapi.kspo.or.kr/web/video/,성인을 위한 주간 운동프로그램 중 2주차에 해당하는 표준운동프로그램,262868224,29.97,299,1920*1080,성인,38716,0AUDLJ08S_00034_SC_00320.jpeg,2021,정리 운동,1577,한국어,엉덩관절 스트레칭(Pigeon pose),20221023,성인기 2주차 운동프로그램,1291.823,,mp4,0AUDLJ08S_00034.mp4,http://openapi.kspo.or.kr/web/image/0AUDLJ08S_00034/,117,동영상,,2주차
,http://openapi.kspo.or.kr/web/video/,성인을 위한 주간 운동프로그램 중 2주차에 해당하는 표준운동프로그램,262868224,29.97,300,1920*1080,성인,39296,0AUDLJ08S_00034_SC_00324.jpeg,2021,정리 운동,1577,한국어,엉덩관절 스트레칭(Butterfly pose),20221023,성인기 2주차 운동프로그램,1311.176,,mp4,0AUDLJ08S_00034.mp4,http://openapi.kspo.or.kr/web/image/0AUDLJ08S_00034/,118,동영상,,2주차
,http://openapi.kspo.or.kr/web/video/,성인을 위한 주간 운동프로그램 중 2주차에 해당하는 표준운동프로그램,262868224,29.97,301,1920*1080,성인,39557,0AUDLJ08S_00034_SC_00330.jpeg,2021,정리 운동,1577,한국어,엉덩관절 스트레칭(Butterfly pose),20221023,성인기 2주차 운동프로그램,1319.885,,mp4,0AUDLJ08S_00034.mp4,http://openapi.kspo.or.kr/web/image/0AUDLJ08S_00034/,119,동영상,,2주차
,http://openapi.kspo.or.kr/web/video/,성인을 위한 주간 운동프로그램 중 2주차에 해당하는 표준운동프로그램,262868224,29.97,302,1920*1080,성인,40079,0AUDLJ08S_00034_SC_00334.jpeg,2021,정리 운동,1577,한국어,무릎 스트레칭(Quadriceps stretch),20221023,성인기 2주차 운동프로그램,1337.302,,mp4,0AUDLJ08S_00034.mp4,http://openapi.kspo.or.kr/web/image/0AUDLJ08S_00034/,120,동영상,,2주차
,http://openapi.kspo.or.kr/web/video/,성인을 위한 주간 운동프로그램 중 2주차에 해당하는 표준운동프로그램,262868224,29.97,303,1920*1080,성인,40369,0AUDLJ08S_00034_SC_00336.jpeg,2021,정리 운동,1577,한국어,무릎 스트레칭(Quadriceps stretch),20221023,성인기 2주차 운동프로그램,1346.978,,mp4,0AUDLJ08S_00034.mp4,http://openapi.kspo.or.kr/web/image/0AUDLJ08S_00034/,121,동영상,,2주차
,http://openapi.kspo.or.kr/web/video/,성인을 위한 주간 운동프로그램 중 2주차에 해당하는 표준운동프로그램,262868224,29.97,304,1920*1080,성인,40659,0AUDLJ08S_00034_SC_00339.jpeg,2021,정리 운동,1577,한국어,무릎 스트레칭(Quadriceps stretch),20221023,성인기 2주차 운동프로그램,1356.655,,mp4,0AUDLJ08S_00034.mp4,http://openapi.kspo.or.kr/web/image/0AUDLJ08S_00034/,122,동영상,,2주차
,http://openapi.kspo.or.kr/web/video/,성인을 위한 주간 운동프로그램 중 2주차에 해당하는 표준운동프로그램,262868224,29.97,305,1920*1080,성인,41152,0AUDLJ08S_00034_SC_00341.jpeg,2021,정리 운동,1577,한국어,엉덩관절 스트레칭(Gluteus stretch),20221023,성인기 2주차 운동프로그램,1373.105,,mp4,0AUDLJ08S_00034.mp4,http://openapi.kspo.or.kr/web/image/0AUDLJ08S_00034/,123,동영상,,2주차
,http://openapi.kspo.or.kr/web/video/,성인을 위한 주간 운동프로그램 중 2주차에 해당하는 표준운동프로그램,262868224,29.97,306,1920*1080,성인,41500,0AUDLJ08S_00034_SC_00344.jpeg,2021,정리 운동,1577,한국어,엉덩관절 스트레칭(Gluteus stretch),20221023,성인기 2주차 운동프로그램,1384.716,,mp4,0AUDLJ08S_00034.mp4,http://openapi.kspo.or.kr/web/image/0AUDLJ08S_00034/,124,동영상,,2주차
,http://openapi.kspo.or.kr/web/video/,성인을 위한 주간 운동프로그램 중 2주차에 해당하는 표준운동프로그램,262868224,29.97,307,1920*1080,성인,41761,0AUDLJ08S_00034_SC_00346.jpeg,2021,정리 운동,1577,한국어,엉덩관절 스트레칭(Gluteus stretch),20221023,성인기 2주차 운동프로그램,1393.425,,mp4,0AUDLJ08S_00034.mp4,http://openapi.kspo.or.kr/web/image/0AUDLJ08S_00034/,125,동영상,,2주차
,http://openapi.kspo.or.kr/web/video/,성인을 위한 주간 운동프로그램 중 2주차에 해당하는 표준운동프로그램,262868224,29.97,308,1920*1080,성인,42168,0AUDLJ08S_00034_FR_00470.jpeg,2021,정리 운동,1577,한국어,무릎 스트레칭(Hamstring stretch),20221023,성인기 2주차 운동프로그램,1407.005,,mp4,0AUDLJ08S_00034.mp4,http://openapi.kspo.or.kr/web/image/0AUDLJ08S_00034/,126,동영상,,2주차
,http://openapi.kspo.or.kr/web/video/,성인을 위한 주간 운동프로그램 중 2주차에 해당하는 표준운동프로그램,262868224,29.97,309,1920*1080,성인,42312,0AUDLJ08S_00034_SC_00349.jpeg,2021,정리 운동,1577,한국어,무릎 스트레칭(Hamstring stretch),20221023,성인기 2주차 운동프로그램,1411.81,,mp4,0AUDLJ08S_00034.mp4,http://openapi.kspo.or.kr/web/image/0AUDLJ08S_00034/,127,동영상,,2주차
,http://openapi.kspo.or.kr/web/video/,성인을 위한 주간 운동프로그램 중 2주차에 해당하는 표준운동프로그램,262868224,29.97,310,1920*1080,성인,42921,0AUDLJ08S_00034_SC_00355.jpeg,2021,정리 운동,1577,한국어,무릎 스트레칭(Hamstring stretch),20221023,성인기 2주차 운동프로그램,1432.13,,mp4,0AUDLJ08S_00034.mp4,http://openapi.kspo.or.kr/web/image/0AUDLJ08S_00034/,128,동영상,,2주차
,http://openapi.kspo.or.kr/web/video/,성인을 위한 주간 운동프로그램 중 2주차에 해당하는 표준운동프로그램,262868224,29.97,311,1920*1080,성인,43337,0AUDLJ08S_00034_FR_00483.jpeg,2021,정리 운동,1577,한국어,엉덩관절 스트레칭(Figure 4 pose),20221023,성인기 2주차 운동프로그램,1446.011,,mp4,0AUDLJ08S_00034.mp4,http://openapi.kspo.or.kr/web/image/0AUDLJ08S_00034/,129,동영상,,2주차
,http://openapi.kspo.or.kr/web/video/,성인을 위한 주간 운동프로그램 중 2주차에 해당하는 표준운동프로그램,262868224,29.97,312,1920*1080,성인,43501,0AUDLJ08S_00034_SC_00359.jpeg,2021,정리 운동,1577,한국어,엉덩관절 스트레칭(Figure 4 pose),20221023,성인기 2주차 운동프로그램,1451.483,,mp4,0AUDLJ08S_00034.mp4,http://openapi.kspo.or.kr/web/image/0AUDLJ08S_00034/,130,동영상,,2주차
,http://openapi.kspo.or.kr/web/video/,성인을 위한 주간 운동프로그램 중 2주차에 해당하는 표준운동프로그램,262868224,29.97,313,1920*1080,성인,43849,0AUDLJ08S_00034_SC_00363.jpeg,2021,정리 운동,1577,한국어,엉덩관절 스트레칭(Figure 4 pose),20221023,성인기 2주차 운동프로그램,1463.094,,mp4,0AUDLJ08S_00034.mp4,http://openapi.kspo.or.kr/web/image/0AUDLJ08S_00034/,131,동영상,,2주차
,http://openapi.kspo.or.kr/web/video/,성인을 위한 주간 운동프로그램 중 2주차에 해당하는 표준운동프로그램,262868224,29.97,314,1920*1080,성인,44429,0AUDLJ08S_00034_SC_00367.jpeg,2021,정리 운동,1577,한국어,어깨/복부/엉덩관절 스트레칭(Trunk rotation stretch),20221023,성인기 2주차 운동프로그램,1482.447,,mp4,0AUDLJ08S_00034.mp4,http://openapi.kspo.or.kr/web/image/0AUDLJ08S_00034/,132,동영상,,2주차
,http://openapi.kspo.or.kr/web/video/,성인을 위한 주간 운동프로그램 중 2주차에 해당하는 표준운동프로그램,262868224,29.97,315,1920*1080,성인,44777,0AUDLJ08S_00034_SC_00371.jpeg,2021,정리 운동,1577,한국어,어깨/복부/엉덩관절 스트레칭(Trunk rotation stretch),20221023,성인기 2주차 운동프로그램,1494.059,,mp4,0AUDLJ08S_00034.mp4,http://openapi.kspo.or.kr/web/image/0AUDLJ08S_00034/,133,동영상,,2주차
,http://openapi.kspo.or.kr/web/video/,성인을 위한 주간 운동프로그램 중 2주차에 해당하는 표준운동프로그램,262868224,29.97,316,1920*1080,성인,45386,0AUDLJ08S_00034_SC_00379.jpeg,2021,정리 운동,1577,한국어,어깨/복부/엉덩관절 스트레칭(Trunk rotation stretch),20221023,성인기 2주차 운동프로그램,1514.379,,mp4,0AUDLJ08S_00034.mp4,http://openapi.kspo.or.kr/web/image/0AUDLJ08S_00034/,134,동영상,,2주차
,http://openapi.kspo.or.kr/web/video/,성인을 위한 주간 운동프로그램 중 2주차에 해당하는 표준운동프로그램,262868224,29.97,317,1920*1080,성인,45734,0AUDLJ08S_00034_SC_00381.jpeg,2021,정리 운동,1577,한국어,전신 늘리기(Whole body stretch),20221023,성인기 2주차 운동프로그램,1525.991,,mp4,0AUDLJ08S_00034.mp4,http://openapi.kspo.or.kr/web/image/0AUDLJ08S_00034/,135,동영상,,2주차
,http://openapi.kspo.or.kr/web/video/,성인을 위한 주간 운동프로그램 중 2주차에 해당하는 표준운동프로그램,262868224,29.97,318,1920*1080,성인,45850,0AUDLJ08S_00034_SC_00382.jpeg,2021,정리 운동,1577,한국어,전신 늘리기(Whole body stretch),20221023,성인기 2주차 운동프로그램,1529.861,,mp4,0AUDLJ08S_00034.mp4,http://openapi.kspo.or.kr/web/image/0AUDLJ08S_00034/,136,동영상,,2주차
,http://openapi.kspo.or.kr/web/video/,성인을 위한 주간 운동프로그램 중 2주차에 해당하는 표준운동프로그램,262868224,29.97,319,1920*1080,성인,45966,0AUDLJ08S_00034_SC_00383.jpeg,2021,정리 운동,1577,한국어,전신 늘리기(Whole body stretch),20221023,성인기 2주차 운동프로그램,1533.732,,mp4,0AUDLJ08S_00034.mp4,http://openapi.kspo.or.kr/web/image/0AUDLJ08S_00034/,137,동영상,,2주차
,http://openapi.kspo.or.kr/web/video/,성인을 위한 주간 운동프로그램 중 2주차에 해당하는 표준운동프로그램,262868224,29.97,320,1920*1080,성인,46517,0AUDLJ08S_00034_SC_00389.jpeg,2021,정리 운동,1577,한국어,숨쉬기(Breathing),20221023,성인기 2주차 운동프로그램,1552.117,,mp4,0AUDLJ08S_00034.mp4,http://openapi.kspo.or.kr/web/image/0AUDLJ08S_00034/,138,동영상,,2주차
,http://openapi.kspo.or.kr/web/video/,성인을 위한 주간 운동프로그램 중 2주차에 해당하는 표준운동프로그램,262868224,29.97,321,1920*1080,성인,46662,0AUDLJ08S_00034_SC_00392.jpeg,2021,정리 운동,1577,한국어,숨쉬기(Breathing),20221023,성인기 2주차 운동프로그램,1556.955,,mp4,0AUDLJ08S_00034.mp4,http://openapi.kspo.or.kr/web/image/0AUDLJ08S_00034/,139,동영상,,2주차
,http://openapi.kspo.or.kr/web/video/,성인을 위한 주간 운동프로그램 중 2주차에 해당하는 표준운동프로그램,262868224,29.97,322,1920*1080,성인,46807,0AUDLJ08S_00034_SC_00394.jpeg,2021,정리 운동,1577,한국어,숨쉬기(Breathing),20221023,성인기 2주차 운동프로그램,1561.793,,mp4,0AUDLJ08S_00034.mp4,http://openapi.kspo.or.kr/web/image/0AUDLJ08S_00034/,140,동영상,,2주차
,http://openapi.kspo.or.kr/web/video/,성인을 위한 주간 운동프로그램 중 2주차에 해당하는 표준운동프로그램,262868224,29.97,323,1920*1080,성인,47113,0AUDLJ08S_00034_FR_00525.jpeg,2021,정리 운동,1577,한국어,,20221023,성인기 2주차 운동프로그램,1572.003,,mp4,0AUDLJ08S_00034.mp4,http://openapi.kspo.or.kr/web/image/0AUDLJ08S_00034/,141,동영상,,2주차
,http://openapi.kspo.or.kr/web/video/,성인을 위한 주간 운동프로그램 중 3주차에 해당하는 표준운동프로그램,271000386,29.97,324,1920*1080,성인,59,0AUDLJ08S_00035_SC_00001.jpeg,2021,,1626,한국어,,20221027,성인기 3주차 운동프로그램,1.968,,mp4,0AUDLJ08S_00035.mp4,http://openapi.kspo.or.kr/web/image/0AUDLJ08S_00035/,1,동영상,,3주차
,http://openapi.kspo.or.kr/web/video/,성인을 위한 주간 운동프로그램 중 3주차에 해당하는 표준운동프로그램,271000386,29.97,325,1920*1080,성인,810,0AUDLJ08S_00035_FR_00010.jpeg,2021,준비 운동,1626,한국어,손목/발목 돌리기,20221027,성인기 3주차 운동프로그램,27.027,,mp4,0AUDLJ08S_00035.mp4,http://openapi.kspo.or.kr/web/image/0AUDLJ08S_00035/,2,동영상,,3주차
,http://openapi.kspo.or.kr/web/video/,성인을 위한 주간 운동프로그램 중 3주차에 해당하는 표준운동프로그램,271000386,29.97,326,1920*1080,성인,929,0AUDLJ08S_00035_SC_00009.jpeg,2021,준비 운동,1626,한국어,손목/발목 돌리기,20221027,성인기 3주차 운동프로그램,30.997,,mp4,0AUDLJ08S_00035.mp4,http://openapi.kspo.or.kr/web/image/0AUDLJ08S_00035/,3,동영상,,3주차
,http://openapi.kspo.or.kr/web/video/,성인을 위한 주간 운동프로그램 중 3주차에 해당하는 표준운동프로그램,271000386,29.97,327,1920*1080,성인,1161,0AUDLJ08S_00035_SC_00012.jpeg,2021,준비 운동,1626,한국어,손목/발목 돌리기,20221027,성인기 3주차 운동프로그램,38.738,,mp4,0AUDLJ08S_00035.mp4,http://openapi.kspo.or.kr/web/image/0AUDLJ08S_00035/,4,동영상,,3주차
,http://openapi.kspo.or.kr/web/video/,성인을 위한 주간 운동프로그램 중 3주차에 해당하는 표준운동프로그램,271000386,29.97,328,1920*1080,성인,1393,0AUDLJ08S_00035_SC_00015.jpeg,2021,준비 운동,1626,한국어,무릎 돌리기,20221027,성인기 3주차 운동프로그램,46.479,,mp4,0AUDLJ08S_00035.mp4,http://openapi.kspo.or.kr/web/image/0AUDLJ08S_00035/,5,동영상,,3주차
,http://openapi.kspo.or.kr/web/video/,성인을 위한 주간 운동프로그램 중 3주차에 해당하는 표준운동프로그램,271000386,29.97,329,1920*1080,성인,1538,0AUDLJ08S_00035_SC_00016.jpeg,2021,준비 운동,1626,한국어,무릎 돌리기,20221027,성인기 3주차 운동프로그램,51.317,,mp4,0AUDLJ08S_00035.mp4,http://openapi.kspo.or.kr/web/image/0AUDLJ08S_00035/,6,동영상,,3주차
,http://openapi.kspo.or.kr/web/video/,성인을 위한 주간 운동프로그램 중 3주차에 해당하는 표준운동프로그램,271000386,29.97,330,1920*1080,성인,1770,0AUDLJ08S_00035_SC_00019.jpeg,2021,준비 운동,1626,한국어,무릎 돌리기,20221027,성인기 3주차 운동프로그램,59.059,,mp4,0AUDLJ08S_00035.mp4,http://openapi.kspo.or.kr/web/image/0AUDLJ08S_00035/,7,동영상,,3주차
,http://openapi.kspo.or.kr/web/video/,성인을 위한 주간 운동프로그램 중 3주차에 해당하는 표준운동프로그램,271000386,29.97,331,1920*1080,성인,2582,0AUDLJ08S_00035_SC_00026.jpeg,2021,준비 운동,1626,한국어,엉덩관절 돌리기,20221027,성인기 3주차 운동프로그램,86.152,,mp4,0AUDLJ08S_00035.mp4,http://openapi.kspo.or.kr/web/image/0AUDLJ08S_00035/,8,동영상,,3주차
,http://openapi.kspo.or.kr/web/video/,성인을 위한 주간 운동프로그램 중 3주차에 해당하는 표준운동프로그램,271000386,29.97,332,1920*1080,성인,2872,0AUDLJ08S_00035_SC_00029.jpeg,2021,준비 운동,1626,한국어,엉덩관절 돌리기,20221027,성인기 3주차 운동프로그램,95.829,,mp4,0AUDLJ08S_00035.mp4,http://openapi.kspo.or.kr/web/image/0AUDLJ08S_00035/,9,동영상,,3주차
,http://openapi.kspo.or.kr/web/video/,성인을 위한 주간 운동프로그램 중 3주차에 해당하는 표준운동프로그램,271000386,29.97,333,1920*1080,성인,3057,0AUDLJ08S_00035_FR_00035.jpeg,2021,준비 운동,1626,한국어,허리 돌리기,20221027,성인기 3주차 운동프로그램,102.001,,mp4,0AUDLJ08S_00035.mp4,http://openapi.kspo.or.kr/web/image/0AUDLJ08S_00035/,10,동영상,,3주차
,http://openapi.kspo.or.kr/web/video/,성인을 위한 주간 운동프로그램 중 3주차에 해당하는 표준운동프로그램,271000386,29.97,334,1920*1080,성인,3249,0AUDLJ08S_00035_SC_00032.jpeg,2021,준비 운동,1626,한국어,허리 돌리기,20221027,성인기 3주차 운동프로그램,108.408,,mp4,0AUDLJ08S_00035.mp4,http://openapi.kspo.or.kr/web/image/0AUDLJ08S_00035/,11,동영상,,3주차
,http://openapi.kspo.or.kr/web/video/,성인을 위한 주간 운동프로그램 중 3주차에 해당하는 표준운동프로그램,271000386,29.97,335,1920*1080,성인,3626,0AUDLJ08S_00035_SC_00037.jpeg,2021,준비 운동,1626,한국어,허리 돌리기,20221027,성인기 3주차 운동프로그램,120.987,,mp4,0AUDLJ08S_00035.mp4,http://openapi.kspo.or.kr/web/image/0AUDLJ08S_00035/,12,동영상,,3주차
,http://openapi.kspo.or.kr/web/video/,성인을 위한 주간 운동프로그램 중 3주차에 해당하는 표준운동프로그램,271000386,29.97,336,1920*1080,성인,3867,0AUDLJ08S_00035_FR_00044.jpeg,2021,준비 운동,1626,한국어,어깨 돌리기,20221027,성인기 3주차 운동프로그램,129.028,,mp4,0AUDLJ08S_00035.mp4,http://openapi.kspo.or.kr/web/image/0AUDLJ08S_00035/,13,동영상,,3주차
,http://openapi.kspo.or.kr/web/video/,성인을 위한 주간 운동프로그램 중 3주차에 해당하는 표준운동프로그램,271000386,29.97,337,1920*1080,성인,3974,0AUDLJ08S_00035_SC_00038.jpeg,2021,준비 운동,1626,한국어,어깨 돌리기,20221027,성인기 3주차 운동프로그램,132.599,,mp4,0AUDLJ08S_00035.mp4,http://openapi.kspo.or.kr/web/image/0AUDLJ08S_00035/,14,동영상,,3주차
,http://openapi.kspo.or.kr/web/video/,성인을 위한 주간 운동프로그램 중 3주차에 해당하는 표준운동프로그램,271000386,29.97,338,1920*1080,성인,4264,0AUDLJ08S_00035_SC_00044.jpeg,2021,준비 운동,1626,한국어,어깨 돌리기,20221027,성인기 3주차 운동프로그램,142.275,,mp4,0AUDLJ08S_00035.mp4,http://openapi.kspo.or.kr/web/image/0AUDLJ08S_00035/,15,동영상,,3주차
,http://openapi.kspo.or.kr/web/video/,성인을 위한 주간 운동프로그램 중 3주차에 해당하는 표준운동프로그램,271000386,29.97,339,1920*1080,성인,4496,0AUDLJ08S_00035_FR_00051.jpeg,2021,준비 운동,1626,한국어,목 돌리기,20221027,성인기 3주차 운동프로그램,150.016,,mp4,0AUDLJ08S_00035.mp4,http://openapi.kspo.or.kr/web/image/0AUDLJ08S_00035/,16,동영상,,3주차
,http://openapi.kspo.or.kr/web/video/,성인을 위한 주간 운동프로그램 중 3주차에 해당하는 표준운동프로그램,271000386,29.97,340,1920*1080,성인,4583,0AUDLJ08S_00035_SC_00047.jpeg,2021,준비 운동,1626,한국어,목 돌리기,20221027,성인기 3주차 운동프로그램,152.919,,mp4,0AUDLJ08S_00035.mp4,http://openapi.kspo.or.kr/web/image/0AUDLJ08S_00035/,17,동영상,,3주차
,http://openapi.kspo.or.kr/web/video/,성인을 위한 주간 운동프로그램 중 3주차에 해당하는 표준운동프로그램,271000386,29.97,341,1920*1080,성인,4989,0AUDLJ08S_00035_SC_00049.jpeg,2021,준비 운동,1626,한국어,목 돌리기,20221027,성인기 3주차 운동프로그램,166.466,,mp4,0AUDLJ08S_00035.mp4,http://openapi.kspo.or.kr/web/image/0AUDLJ08S_00035/,18,동영상,,3주차
,http://openapi.kspo.or.kr/web/video/,성인을 위한 주간 운동프로그램 중 3주차에 해당하는 표준운동프로그램,271000386,29.97,342,1920*1080,성인,5305,0AUDLJ08S_00035_FR_00060.jpeg,2021,준비 운동,1626,한국어,제자리 걷기(Walking in place),20221027,성인기 3주차 운동프로그램,177.01,,mp4,0AUDLJ08S_00035.mp4,http://openapi.kspo.or.kr/web/image/0AUDLJ08S_00035/,19,동영상,,3주차
,http://openapi.kspo.or.kr/web/video/,성인을 위한 주간 운동프로그램 중 3주차에 해당하는 표준운동프로그램,271000386,29.97,343,1920*1080,성인,5743,0AUDLJ08S_00035_SC_00056.jpeg,2021,준비 운동,1626,한국어,제자리 걷기(Walking in place),20221027,성인기 3주차 운동프로그램,191.624,,mp4,0AUDLJ08S_00035.mp4,http://openapi.kspo.or.kr/web/image/0AUDLJ08S_00035/,20,동영상,,3주차
,http://openapi.kspo.or.kr/web/video/,성인을 위한 주간 운동프로그램 중 3주차에 해당하는 표준운동프로그램,271000386,29.97,344,1920*1080,성인,6178,0AUDLJ08S_00035_SC_00061.jpeg,2021,준비 운동,1626,한국어,가볍게 달리기(Jogging in place),20221027,성인기 3주차 운동프로그램,206.139,,mp4,0AUDLJ08S_00035.mp4,http://openapi.kspo.or.kr/web/image/0AUDLJ08S_00035/,21,동영상,,3주차
,http://openapi.kspo.or.kr/web/video/,성인을 위한 주간 운동프로그램 중 3주차에 해당하는 표준운동프로그램,271000386,29.97,345,1920*1080,성인,6381,0AUDLJ08S_00035_SC_00064.jpeg,2021,준비 운동,1626,한국어,가볍게 달리기(Jogging in place),20221027,성인기 3주차 운동프로그램,212.912,,mp4,0AUDLJ08S_00035.mp4,http://openapi.kspo.or.kr/web/image/0AUDLJ08S_00035/,22,동영상,,3주차
,http://openapi.kspo.or.kr/web/video/,성인을 위한 주간 운동프로그램 중 3주차에 해당하는 표준운동프로그램,271000386,29.97,346,1920*1080,성인,6834,0AUDLJ08S_00035_FR_00077.jpeg,2021,준비 운동,1626,한국어,무릎 스트레칭(Butt kicks),20221027,성인기 3주차 운동프로그램,228.027,,mp4,0AUDLJ08S_00035.mp4,http://openapi.kspo.or.kr/web/image/0AUDLJ08S_00035/,23,동영상,,3주차
,http://openapi.kspo.or.kr/web/video/,성인을 위한 주간 운동프로그램 중 3주차에 해당하는 표준운동프로그램,271000386,29.97,347,1920*1080,성인,6903,0AUDLJ08S_00035_SC_00067.jpeg,2021,준비 운동,1626,한국어,무릎 스트레칭(Butt kicks),20221027,성인기 3주차 운동프로그램,230.33,,mp4,0AUDLJ08S_00035.mp4,http://openapi.kspo.or.kr/web/image/0AUDLJ08S_00035/,24,동영상,,3주차
,http://openapi.kspo.or.kr/web/video/,성인을 위한 주간 운동프로그램 중 3주차에 해당하는 표준운동프로그램,271000386,29.97,348,1920*1080,성인,7193,0AUDLJ08S_00035_SC_00070.jpeg,2021,준비 운동,1626,한국어,무릎 스트레칭(Butt kicks),20221027,성인기 3주차 운동프로그램,240.006,,mp4,0AUDLJ08S_00035.mp4,http://openapi.kspo.or.kr/web/image/0AUDLJ08S_00035/,25,동영상,,3주차
,http://openapi.kspo.or.kr/web/video/,성인을 위한 주간 운동프로그램 중 3주차에 해당하는 표준운동프로그램,271000386,29.97,349,1920*1080,성인,7686,0AUDLJ08S_00035_SC_00073.jpeg,2021,준비 운동,1626,한국어,엉덩관절 스트레칭(High knee pull),20221027,성인기 3주차 운동프로그램,256.456,,mp4,0AUDLJ08S_00035.mp4,http://openapi.kspo.or.kr/web/image/0AUDLJ08S_00035/,26,동영상,,3주차
,http://openapi.kspo.or.kr/web/video/,성인을 위한 주간 운동프로그램 중 3주차에 해당하는 표준운동프로그램,271000386,29.97,350,1920*1080,성인,7733,0AUDLJ08S_00035_FR_00087.jpeg,2021,준비 운동,1626,한국어,엉덩관절 스트레칭(High knee pull),20221027,성인기 3주차 운동프로그램,258.024,,mp4,0AUDLJ08S_00035.mp4,http://openapi.kspo.or.kr/web/image/0AUDLJ08S_00035/,27,동영상,,3주차
,http://openapi.kspo.or.kr/web/video/,성인을 위한 주간 운동프로그램 중 3주차에 해당하는 표준운동프로그램,271000386,29.97,351,1920*1080,성인,8034,0AUDLJ08S_00035_SC_00076.jpeg,2021,준비 운동,1626,한국어,엉덩관절 스트레칭(High knee pull),20221027,성인기 3주차 운동프로그램,268.067,,mp4,0AUDLJ08S_00035.mp4,http://openapi.kspo.or.kr/web/image/0AUDLJ08S_00035/,28,동영상,,3주차
,http://openapi.kspo.or.kr/web/video/,성인을 위한 주간 운동프로그램 중 3주차에 해당하는 표준운동프로그램,271000386,29.97,352,1920*1080,성인,8542,0AUDLJ08S_00035_FR_00096.jpeg,2021,준비 운동,1626,한국어,엉덩관절/어깨 스트레칭(Dynamic hamstring stretch),20221027,성인기 3주차 운동프로그램,285.018,,mp4,0AUDLJ08S_00035.mp4,http://openapi.kspo.or.kr/web/image/0AUDLJ08S_00035/,29,동영상,,3주차
,http://openapi.kspo.or.kr/web/video/,성인을 위한 주간 운동프로그램 중 3주차에 해당하는 표준운동프로그램,271000386,29.97,353,1920*1080,성인,8701,0AUDLJ08S_00035_SC_00079.jpeg,2021,준비 운동,1626,한국어,엉덩관절/어깨 스트레칭(Dynamic hamstring stretch),20221027,성인기 3주차 운동프로그램,290.323,,mp4,0AUDLJ08S_00035.mp4,http://openapi.kspo.or.kr/web/image/0AUDLJ08S_00035/,30,동영상,,3주차
,http://openapi.kspo.or.kr/web/video/,성인을 위한 주간 운동프로그램 중 3주차에 해당하는 표준운동프로그램,271000386,29.97,354,1920*1080,성인,9136,0AUDLJ08S_00035_SC_00082.jpeg,2021,준비 운동,1626,한국어,엉덩관절/어깨 스트레칭(Dynamic hamstring stretch),20221027,성인기 3주차 운동프로그램,304.837,,mp4,0AUDLJ08S_00035.mp4,http://openapi.kspo.or.kr/web/image/0AUDLJ08S_00035/,31,동영상,,3주차
,http://openapi.kspo.or.kr/web/video/,성인을 위한 주간 운동프로그램 중 3주차에 해당하는 표준운동프로그램,271000386,29.97,355,1920*1080,성인,9542,0AUDLJ08S_00035_SC_00086.jpeg,2021,준비 운동,1626,한국어,무릎/허리/어깨 스트레칭(Trunk circle stretch),20221027,성인기 3주차 운동프로그램,318.384,,mp4,0AUDLJ08S_00035.mp4,http://openapi.kspo.or.kr/web/image/0AUDLJ08S_00035/,32,동영상,,3주차
,http://openapi.kspo.or.kr/web/video/,성인을 위한 주간 운동프로그램 중 3주차에 해당하는 표준운동프로그램,271000386,29.97,356,1920*1080,성인,9948,0AUDLJ08S_00035_SC_00088.jpeg,2021,준비 운동,1626,한국어,무릎/허리/어깨 스트레칭(Trunk circle stretch),20221027,성인기 3주차 운동프로그램,331.931,,mp4,0AUDLJ08S_00035.mp4,http://openapi.kspo.or.kr/web/image/0AUDLJ08S_00035/,33,동영상,,3주차
,http://openapi.kspo.or.kr/web/video/,성인을 위한 주간 운동프로그램 중 3주차에 해당하는 표준운동프로그램,271000386,29.97,357,1920*1080,성인,10151,0AUDLJ08S_00035_SC_00090.jpeg,2021,준비 운동,1626,한국어,무릎/허리/어깨 스트레칭(Trunk circle stretch),20221027,성인기 3주차 운동프로그램,338.705,,mp4,0AUDLJ08S_00035.mp4,http://openapi.kspo.or.kr/web/image/0AUDLJ08S_00035/,34,동영상,,3주차
,http://openapi.kspo.or.kr/web/video/,성인을 위한 주간 운동프로그램 중 3주차에 해당하는 표준운동프로그램,271000386,29.97,358,1920*1080,성인,10970,0AUDLJ08S_00035_FR_00123.jpeg,2021,준비 운동,1626,한국어,몸통/어깨 스트레칭(Thoracic rotation stretch),20221027,성인기 3주차 운동프로그램,366.032,,mp4,0AUDLJ08S_00035.mp4,http://openapi.kspo.or.kr/web/image/0AUDLJ08S_00035/,35,동영상,,3주차
,http://openapi.kspo.or.kr/web/video/,성인을 위한 주간 운동프로그램 중 3주차에 해당하는 표준운동프로그램,271000386,29.97,359,1920*1080,성인,11050,0AUDLJ08S_00035_SC_00096.jpeg,2021,준비 운동,1626,한국어,몸통/어깨 스트레칭(Thoracic rotation stretch),20221027,성인기 3주차 운동프로그램,368.701,,mp4,0AUDLJ08S_00035.mp4,http://openapi.kspo.or.kr/web/image/0AUDLJ08S_00035/,36,동영상,,3주차
,http://openapi.kspo.or.kr/web/video/,성인을 위한 주간 운동프로그램 중 3주차에 해당하는 표준운동프로그램,271000386,29.97,360,1920*1080,성인,11456,0AUDLJ08S_00035_SC_00098.jpeg,2021,준비 운동,1626,한국어,몸통/어깨 스트레칭(Thoracic rotation stretch),20221027,성인기 3주차 운동프로그램,382.248,,mp4,0AUDLJ08S_00035.mp4,http://openapi.kspo.or.kr/web/image/0AUDLJ08S_00035/,37,동영상,,3주차
,http://openapi.kspo.or.kr/web/video/,성인을 위한 주간 운동프로그램 중 3주차에 해당하는 표준운동프로그램,271000386,29.97,361,1920*1080,성인,11779,0AUDLJ08S_00035_FR_00132.jpeg,2021,준비 운동,1626,한국어,어깨 스트레칭(Arm circles),20221027,성인기 3주차 운동프로그램,393.025,,mp4,0AUDLJ08S_00035.mp4,http://openapi.kspo.or.kr/web/image/0AUDLJ08S_00035/,38,동영상,,3주차
,http://openapi.kspo.or.kr/web/video/,성인을 위한 주간 운동프로그램 중 3주차에 해당하는 표준운동프로그램,271000386,29.97,362,1920*1080,성인,11891,0AUDLJ08S_00035_SC_00099.jpeg,2021,준비 운동,1626,한국어,어깨 스트레칭(Arm circles),20221027,성인기 3주차 운동프로그램,396.763,,mp4,0AUDLJ08S_00035.mp4,http://openapi.kspo.or.kr/web/image/0AUDLJ08S_00035/,39,동영상,,3주차
,http://openapi.kspo.or.kr/web/video/,성인을 위한 주간 운동프로그램 중 3주차에 해당하는 표준운동프로그램,271000386,29.97,363,1920*1080,성인,12326,0AUDLJ08S_00035_SC_00102.jpeg,2021,준비 운동,1626,한국어,어깨 스트레칭(Arm circles),20221027,성인기 3주차 운동프로그램,411.277,,mp4,0AUDLJ08S_00035.mp4,http://openapi.kspo.or.kr/web/image/0AUDLJ08S_00035/,40,동영상,,3주차
,http://openapi.kspo.or.kr/web/video/,성인을 위한 주간 운동프로그램 중 3주차에 해당하는 표준운동프로그램,271000386,29.97,364,1920*1080,성인,12935,0AUDLJ08S_00035_SC_00106.jpeg,2021,준비 운동,1626,한국어,등/어깨 스트레칭(Shoulder gators),20221027,성인기 3주차 운동프로그램,431.597,,mp4,0AUDLJ08S_00035.mp4,http://openapi.kspo.or.kr/web/image/0AUDLJ08S_00035/,41,동영상,,3주차
,http://openapi.kspo.or.kr/web/video/,성인을 위한 주간 운동프로그램 중 3주차에 해당하는 표준운동프로그램,271000386,29.97,365,1920*1080,성인,13167,0AUDLJ08S_00035_SC_00107.jpeg,2021,준비 운동,1626,한국어,등/어깨 스트레칭(Shoulder gators),20221027,성인기 3주차 운동프로그램,439.338,,mp4,0AUDLJ08S_00035.mp4,http://openapi.kspo.or.kr/web/image/0AUDLJ08S_00035/,42,동영상,,3주차
,http://openapi.kspo.or.kr/web/video/,성인을 위한 주간 운동프로그램 중 3주차에 해당하는 표준운동프로그램,271000386,29.97,366,1920*1080,성인,13225,0AUDLJ08S_00035_SC_00108.jpeg,2021,준비 운동,1626,한국어,등/어깨 스트레칭(Shoulder gators),20221027,성인기 3주차 운동프로그램,441.274,,mp4,0AUDLJ08S_00035.mp4,http://openapi.kspo.or.kr/web/image/0AUDLJ08S_00035/,43,동영상,,3주차
,http://openapi.kspo.or.kr/web/video/,성인을 위한 주간 운동프로그램 중 3주차에 해당하는 표준운동프로그램,271000386,29.97,367,1920*1080,성인,13718,0AUDLJ08S_00035_SC_00111.jpeg,2021,준비 운동,1626,한국어,팔 벌려 뛰기(Jumping jack),20221027,성인기 3주차 운동프로그램,457.723,,mp4,0AUDLJ08S_00035.mp4,http://openapi.kspo.or.kr/web/image/0AUDLJ08S_00035/,44,동영상,,3주차
,http://openapi.kspo.or.kr/web/video/,성인을 위한 주간 운동프로그램 중 3주차에 해당하는 표준운동프로그램,271000386,29.97,368,1920*1080,성인,13892,0AUDLJ08S_00035_SC_00112.jpeg,2021,준비 운동,1626,한국어,팔 벌려 뛰기(Jumping jack),20221027,성인기 3주차 운동프로그램,463.529,,mp4,0AUDLJ08S_00035.mp4,http://openapi.kspo.or.kr/web/image/0AUDLJ08S_00035/,45,동영상,,3주차
,http://openapi.kspo.or.kr/web/video/,성인을 위한 주간 운동프로그램 중 3주차에 해당하는 표준운동프로그램,271000386,29.97,369,1920*1080,성인,14124,0AUDLJ08S_00035_SC_00114.jpeg,2021,준비 운동,1626,한국어,팔 벌려 뛰기(Jumping jack),20221027,성인기 3주차 운동프로그램,471.27,,mp4,0AUDLJ08S_00035.mp4,http://openapi.kspo.or.kr/web/image/0AUDLJ08S_00035/,46,동영상,,3주차
,http://openapi.kspo.or.kr/web/video/,성인을 위한 주간 운동프로그램 중 3주차에 해당하는 표준운동프로그램,271000386,29.97,370,1920*1080,성인,14476,0AUDLJ08S_00035_FR_00162.jpeg,2021,준비 운동,1626,한국어,숨쉬기(Breathing),20221027,성인기 3주차 운동프로그램,483.015,,mp4,0AUDLJ08S_00035.mp4,http://openapi.kspo.or.kr/web/image/0AUDLJ08S_00035/,47,동영상,,3주차
,http://openapi.kspo.or.kr/web/video/,성인을 위한 주간 운동프로그램 중 3주차에 해당하는 표준운동프로그램,271000386,29.97,371,1920*1080,성인,14588,0AUDLJ08S_00035_SC_00117.jpeg,2021,준비 운동,1626,한국어,숨쉬기(Breathing),20221027,성인기 3주차 운동프로그램,486.752,,mp4,0AUDLJ08S_00035.mp4,http://openapi.kspo.or.kr/web/image/0AUDLJ08S_00035/,48,동영상,,3주차
,http://openapi.kspo.or.kr/web/video/,성인을 위한 주간 운동프로그램 중 3주차에 해당하는 표준운동프로그램,271000386,29.97,372,1920*1080,성인,14965,0AUDLJ08S_00035_SC_00119.jpeg,2021,준비 운동,1626,한국어,숨쉬기(Breathing),20221027,성인기 3주차 운동프로그램,499.332,,mp4,0AUDLJ08S_00035.mp4,http://openapi.kspo.or.kr/web/image/0AUDLJ08S_00035/,49,동영상,,3주차
,http://openapi.kspo.or.kr/web/video/,성인을 위한 주간 운동프로그램 중 3주차에 해당하는 표준운동프로그램,271000386,29.97,373,1920*1080,성인,15375,0AUDLJ08S_00035_FR_00172.jpeg,2021,준비 운동,1626,한국어,,20221027,성인기 3주차 운동프로그램,513.012,,mp4,0AUDLJ08S_00035.mp4,http://openapi.kspo.or.kr/web/image/0AUDLJ08S_00035/,50,동영상,1~1,3주차
,http://openapi.kspo.or.kr/web/video/,성인을 위한 주간 운동프로그램 중 3주차에 해당하는 표준운동프로그램,271000386,29.97,374,1920*1080,성인,15825,0AUDLJ08S_00035_FR_00177.jpeg,2021,본 운동,1626,한국어,제자리 걷기/몸통 비틀기(Walking/Twist),20221027,성인기 3주차 운동프로그램,528.027,,mp4,0AUDLJ08S_00035.mp4,http://openapi.kspo.or.kr/web/image/0AUDLJ08S_00035/,51,동영상,,3주차
,http://openapi.kspo.or.kr/web/video/,성인을 위한 주간 운동프로그램 중 3주차에 해당하는 표준운동프로그램,271000386,29.97,375,1920*1080,성인,15915,0AUDLJ08S_00035_FR_00178.jpeg,2021,본 운동,1626,한국어,제자리 걷기/몸통 비틀기(Walking/Twist),20221027,성인기 3주차 운동프로그램,531.03,,mp4,0AUDLJ08S_00035.mp4,http://openapi.kspo.or.kr/web/image/0AUDLJ08S_00035/,52,동영상,,3주차
,http://openapi.kspo.or.kr/web/video/,성인을 위한 주간 운동프로그램 중 3주차에 해당하는 표준운동프로그램,271000386,29.97,376,1920*1080,성인,16357,0AUDLJ08S_00035_SC_00130.jpeg,2021,본 운동,1626,한국어,제자리 걷기/몸통 비틀기(Walking/Twist),20221027,성인기 3주차 운동프로그램,545.778,,mp4,0AUDLJ08S_00035.mp4,http://openapi.kspo.or.kr/web/image/0AUDLJ08S_00035/,53,동영상,,3주차
,http://openapi.kspo.or.kr/web/video/,성인을 위한 주간 운동프로그램 중 3주차에 해당하는 표준운동프로그램,271000386,29.97,377,1920*1080,성인,16814,0AUDLJ08S_00035_FR_00188.jpeg,2021,본 운동,1626,한국어,앉았다 들어올리기(Dead lift),20221027,성인기 3주차 운동프로그램,561.027,,mp4,0AUDLJ08S_00035.mp4,http://openapi.kspo.or.kr/web/image/0AUDLJ08S_00035/,54,동영상,,3주차
,http://openapi.kspo.or.kr/web/video/,성인을 위한 주간 운동프로그램 중 3주차에 해당하는 표준운동프로그램,271000386,29.97,378,1920*1080,성인,17111,0AUDLJ08S_00035_SC_00136.jpeg,2021,본 운동,1626,한국어,앉았다 들어올리기(Dead lift),20221027,성인기 3주차 운동프로그램,570.937,,mp4,0AUDLJ08S_00035.mp4,http://openapi.kspo.or.kr/web/image/0AUDLJ08S_00035/,55,동영상,,3주차
,http://openapi.kspo.or.kr/web/video/,성인을 위한 주간 운동프로그램 중 3주차에 해당하는 표준운동프로그램,271000386,29.97,379,1920*1080,성인,17314,0AUDLJ08S_00035_SC_00137.jpeg,2021,본 운동,1626,한국어,앉았다 들어올리기(Dead lift),20221027,성인기 3주차 운동프로그램,577.71,,mp4,0AUDLJ08S_00035.mp4,http://openapi.kspo.or.kr/web/image/0AUDLJ08S_00035/,56,동영상,,3주차
,http://openapi.kspo.or.kr/web/video/,성인을 위한 주간 운동프로그램 중 3주차에 해당하는 표준운동프로그램,271000386,29.97,380,1920*1080,성인,17517,0AUDLJ08S_00035_SC_00138.jpeg,2021,본 운동,1626,한국어,앉았다 들어올리기(Dead lift),20221027,성인기 3주차 운동프로그램,584.483,,mp4,0AUDLJ08S_00035.mp4,http://openapi.kspo.or.kr/web/image/0AUDLJ08S_00035/,57,동영상,,3주차
,http://openapi.kspo.or.kr/web/video/,성인을 위한 주간 운동프로그램 중 3주차에 해당하는 표준운동프로그램,271000386,29.97,381,1920*1080,성인,17983,0AUDLJ08S_00035_FR_00201.jpeg,2021,본 운동,1626,한국어,팔 굽혀 펴기 (Push up),20221027,성인기 3주차 운동프로그램,600.032,,mp4,0AUDLJ08S_00035.mp4,http://openapi.kspo.or.kr/web/image/0AUDLJ08S_00035/,58,동영상,,3주차
,http://openapi.kspo.or.kr/web/video/,성인을 위한 주간 운동프로그램 중 3주차에 해당하는 표준운동프로그램,271000386,29.97,382,1920*1080,성인,18155,0AUDLJ08S_00035_SC_00140.jpeg,2021,본 운동,1626,한국어,팔 굽혀 펴기 (Push up),20221027,성인기 3주차 운동프로그램,605.771,,mp4,0AUDLJ08S_00035.mp4,http://openapi.kspo.or.kr/web/image/0AUDLJ08S_00035/,59,동영상,,3주차
,http://openapi.kspo.or.kr/web/video/,성인을 위한 주간 운동프로그램 중 3주차에 해당하는 표준운동프로그램,271000386,29.97,383,1920*1080,성인,18561,0AUDLJ08S_00035_SC_00147.jpeg,2021,본 운동,1626,한국어,팔 굽혀 펴기 (Push up),20221027,성인기 3주차 운동프로그램,619.318,,mp4,0AUDLJ08S_00035.mp4,http://openapi.kspo.or.kr/web/image/0AUDLJ08S_00035/,60,동영상,,3주차
,http://openapi.kspo.or.kr/web/video/,성인을 위한 주간 운동프로그램 중 3주차에 해당하는 표준운동프로그램,271000386,29.97,384,1920*1080,성인,18972,0AUDLJ08S_00035_FR_00212.jpeg,2021,본 운동,1626,한국어,팔 굽혀 펴기 (Push up),20221027,성인기 3주차 운동프로그램,633.032,,mp4,0AUDLJ08S_00035.mp4,http://openapi.kspo.or.kr/web/image/0AUDLJ08S_00035/,61,동영상,,3주차
,http://openapi.kspo.or.kr/web/video/,성인을 위한 주간 운동프로그램 중 3주차에 해당하는 표준운동프로그램,271000386,29.97,385,1920*1080,성인,19199,0AUDLJ08S_00035_SC_00154.jpeg,2021,본 운동,1626,한국어,팔 굽혀 펴기 (Push up),20221027,성인기 3주차 운동프로그램,640.606,,mp4,0AUDLJ08S_00035.mp4,http://openapi.kspo.or.kr/web/image/0AUDLJ08S_00035/,62,동영상,,3주차
,http://openapi.kspo.or.kr/web/video/,성인을 위한 주간 운동프로그램 중 3주차에 해당하는 표준운동프로그램,271000386,29.97,386,1920*1080,성인,19460,0AUDLJ08S_00035_SC_00158.jpeg,2021,본 운동,1626,한국어,팔 굽혀 펴기 (Push up),20221027,성인기 3주차 운동프로그램,649.315,,mp4,0AUDLJ08S_00035.mp4,http://openapi.kspo.or.kr/web/image/0AUDLJ08S_00035/,63,동영상,,3주차
,http://openapi.kspo.or.kr/web/video/,성인을 위한 주간 운동프로그램 중 3주차에 해당하는 표준운동프로그램,271000386,29.97,387,1920*1080,성인,20050,0AUDLJ08S_00035_FR_00224.jpeg,2021,본 운동,1626,한국어,누워서 다리 들어올리기(Leg raise),20221027,성인기 3주차 운동프로그램,669.001,,mp4,0AUDLJ08S_00035.mp4,http://openapi.kspo.or.kr/web/image/0AUDLJ08S_00035/,64,동영상,,3주차
,http://openapi.kspo.or.kr/web/video/,성인을 위한 주간 운동프로그램 중 3주차에 해당하는 표준운동프로그램,271000386,29.97,388,1920*1080,성인,20243,0AUDLJ08S_00035_SC_00166.jpeg,2021,본 운동,1626,한국어,누워서 다리 들어올리기(Leg raise),20221027,성인기 3주차 운동프로그램,675.441,,mp4,0AUDLJ08S_00035.mp4,http://openapi.kspo.or.kr/web/image/0AUDLJ08S_00035/,65,동영상,,3주차
,http://openapi.kspo.or.kr/web/video/,성인을 위한 주간 운동프로그램 중 3주차에 해당하는 표준운동프로그램,271000386,29.97,389,1920*1080,성인,20417,0AUDLJ08S_00035_SC_00167.jpeg,2021,본 운동,1626,한국어,누워서 다리 들어올리기(Leg raise),20221027,성인기 3주차 운동프로그램,681.247,,mp4,0AUDLJ08S_00035.mp4,http://openapi.kspo.or.kr/web/image/0AUDLJ08S_00035/,66,동영상,,3주차
,http://openapi.kspo.or.kr/web/video/,성인을 위한 주간 운동프로그램 중 3주차에 해당하는 표준운동프로그램,271000386,29.97,390,1920*1080,성인,20794,0AUDLJ08S_00035_SC_00174.jpeg,2021,본 운동,1626,한국어,누워서 다리 들어올리기(Leg raise),20221027,성인기 3주차 운동프로그램,693.826,,mp4,0AUDLJ08S_00035.mp4,http://openapi.kspo.or.kr/web/image/0AUDLJ08S_00035/,67,동영상,,3주차
,http://openapi.kspo.or.kr/web/video/,성인을 위한 주간 운동프로그램 중 3주차에 해당하는 표준운동프로그램,271000386,29.97,391,1920*1080,성인,21229,0AUDLJ08S_00035_SC_00175.jpeg,2021,본 운동,1626,한국어,빠른 발/빠른 주먹 지르기(Fast feet/Punch),20221027,성인기 3주차 운동프로그램,708.34,,mp4,0AUDLJ08S_00035.mp4,http://openapi.kspo.or.kr/web/image/0AUDLJ08S_00035/,68,동영상,,3주차
,http://openapi.kspo.or.kr/web/video/,성인을 위한 주간 운동프로그램 중 3주차에 해당하는 표준운동프로그램,271000386,29.97,392,1920*1080,성인,21519,0AUDLJ08S_00035_SC_00178.jpeg,2021,본 운동,1626,한국어,빠른 발/빠른 주먹 지르기(Fast feet/Punch),20221027,성인기 3주차 운동프로그램,718.017,,mp4,0AUDLJ08S_00035.mp4,http://openapi.kspo.or.kr/web/image/0AUDLJ08S_00035/,69,동영상,,3주차
,http://openapi.kspo.or.kr/web/video/,성인을 위한 주간 운동프로그램 중 3주차에 해당하는 표준운동프로그램,271000386,29.97,393,1920*1080,성인,22208,0AUDLJ08S_00035_FR_00248.jpeg,2021,본 운동,1626,한국어,옆으로 다리 뻗어 앉았다 일어서기(Side lunge),20221027,성인기 3주차 운동프로그램,741.006,,mp4,0AUDLJ08S_00035.mp4,http://openapi.kspo.or.kr/web/image/0AUDLJ08S_00035/,70,동영상,,3주차
,http://openapi.kspo.or.kr/web/video/,성인을 위한 주간 운동프로그램 중 3주차에 해당하는 표준운동프로그램,271000386,29.97,394,1920*1080,성인,22476,0AUDLJ08S_00035_SC_00186.jpeg,2021,본 운동,1626,한국어,옆으로 다리 뻗어 앉았다 일어서기(Side lunge),20221027,성인기 3주차 운동프로그램,749.949,,mp4,0AUDLJ08S_00035.mp4,http://openapi.kspo.or.kr/web/image/0AUDLJ08S_00035/,71,동영상,,3주차
,http://openapi.kspo.or.kr/web/video/,성인을 위한 주간 운동프로그램 중 3주차에 해당하는 표준운동프로그램,271000386,29.97,395,1920*1080,성인,22737,0AUDLJ08S_00035_SC_00195.jpeg,2021,본 운동,1626,한국어,옆으로 다리 뻗어 앉았다 일어서기(Side lunge),20221027,성인기 3주차 운동프로그램,758.657,,mp4,0AUDLJ08S_00035.mp4,http://openapi.kspo.or.kr/web/image/0AUDLJ08S_00035/,72,동영상,,3주차
,http://openapi.kspo.or.kr/web/video/,성인을 위한 주간 운동프로그램 중 3주차에 해당하는 표준운동프로그램,271000386,29.97,396,1920*1080,성인,23287,0AUDLJ08S_00035_FR_00260.jpeg,2021,본 운동,1626,한국어,상체 숙여서 뒤로 당기기(Bent over row),20221027,성인기 3주차 운동프로그램,777.009,,mp4,0AUDLJ08S_00035.mp4,http://openapi.kspo.or.kr/web/image/0AUDLJ08S_00035/,73,동영상,,3주차
,http://openapi.kspo.or.kr/web/video/,성인을 위한 주간 운동프로그램 중 3주차에 해당하는 표준운동프로그램,271000386,29.97,397,1920*1080,성인,23404,0AUDLJ08S_00035_SC_00200.jpeg,2021,본 운동,1626,한국어,상체 숙여서 뒤로 당기기(Bent over row),20221027,성인기 3주차 운동프로그램,780.913,,mp4,0AUDLJ08S_00035.mp4,http://openapi.kspo.or.kr/web/image/0AUDLJ08S_00035/,74,동영상,,3주차
,http://openapi.kspo.or.kr/web/video/,성인을 위한 주간 운동프로그램 중 3주차에 해당하는 표준운동프로그램,271000386,29.97,398,1920*1080,성인,23723,0AUDLJ08S_00035_SC_00202.jpeg,2021,본 운동,1626,한국어,상체 숙여서 뒤로 당기기(Bent over row),20221027,성인기 3주차 운동프로그램,791.557,,mp4,0AUDLJ08S_00035.mp4,http://openapi.kspo.or.kr/web/image/0AUDLJ08S_00035/,75,동영상,,3주차
,http://openapi.kspo.or.kr/web/video/,성인을 위한 주간 운동프로그램 중 3주차에 해당하는 표준운동프로그램,271000386,29.97,399,1920*1080,성인,23868,0AUDLJ08S_00035_SC_00203.jpeg,2021,본 운동,1626,한국어,상체 숙여서 뒤로 당기기(Bent over row),20221027,성인기 3주차 운동프로그램,796.395,,mp4,0AUDLJ08S_00035.mp4,http://openapi.kspo.or.kr/web/image/0AUDLJ08S_00035/,76,동영상,,3주차
,http://openapi.kspo.or.kr/web/video/,성인을 위한 주간 운동프로그램 중 3주차에 해당하는 표준운동프로그램,271000386,29.97,400,1920*1080,성인,24276,0AUDLJ08S_00035_FR_00271.jpeg,2021,본 운동,1626,한국어,엎드려 누워서 팔 다리 들기(Superman),20221027,성인기 3주차 운동프로그램,810.009,,mp4,0AUDLJ08S_00035.mp4,http://openapi.kspo.or.kr/web/image/0AUDLJ08S_00035/,77,동영상,,3주차
,http://openapi.kspo.or.kr/web/video/,성인을 위한 주간 운동프로그램 중 3주차에 해당하는 표준운동프로그램,271000386,29.97,401,1920*1080,성인,24622,0AUDLJ08S_00035_SC_00205.jpeg,2021,본 운동,1626,한국어,엎드려 누워서 팔 다리 들기(Superman),20221027,성인기 3주차 운동프로그램,821.554,,mp4,0AUDLJ08S_00035.mp4,http://openapi.kspo.or.kr/web/image/0AUDLJ08S_00035/,78,동영상,,3주차
,http://openapi.kspo.or.kr/web/video/,성인을 위한 주간 운동프로그램 중 3주차에 해당하는 표준운동프로그램,271000386,29.97,402,1920*1080,성인,24796,0AUDLJ08S_00035_SC_00206.jpeg,2021,본 운동,1626,한국어,엎드려 누워서 팔 다리 들기(Superman),20221027,성인기 3주차 운동프로그램,827.359,,mp4,0AUDLJ08S_00035.mp4,http://openapi.kspo.or.kr/web/image/0AUDLJ08S_00035/,79,동영상,,3주차
,http://openapi.kspo.or.kr/web/video/,성인을 위한 주간 운동프로그램 중 3주차에 해당하는 표준운동프로그램,271000386,29.97,403,1920*1080,성인,25115,0AUDLJ08S_00035_SC_00214.jpeg,2021,본 운동,1626,한국어,엎드려 누워서 팔 다리 들기(Superman),20221027,성인기 3주차 운동프로그램,838.003,,mp4,0AUDLJ08S_00035.mp4,http://openapi.kspo.or.kr/web/image/0AUDLJ08S_00035/,80,동영상,,3주차
,http://openapi.kspo.or.kr/web/video/,성인을 위한 주간 운동프로그램 중 3주차에 해당하는 표준운동프로그램,271000386,29.97,404,1920*1080,성인,25579,0AUDLJ08S_00035_SC_00216.jpeg,2021,본 운동,1626,한국어,엎드려 양발 벌려 뛰기(Plank jack),20221027,성인기 3주차 운동프로그램,853.485,,mp4,0AUDLJ08S_00035.mp4,http://openapi.kspo.or.kr/web/image/0AUDLJ08S_00035/,81,동영상,,3주차
,http://openapi.kspo.or.kr/web/video/,성인을 위한 주간 운동프로그램 중 3주차에 해당하는 표준운동프로그램,271000386,29.97,405,1920*1080,성인,25805,0AUDLJ08S_00035_FR_00288.jpeg,2021,본 운동,1626,한국어,엎드려 양발 벌려 뛰기(Plank jack),20221027,성인기 3주차 운동프로그램,861.026,,mp4,0AUDLJ08S_00035.mp4,http://openapi.kspo.or.kr/web/image/0AUDLJ08S_00035/,82,동영상,,3주차
,http://openapi.kspo.or.kr/web/video/,성인을 위한 주간 운동프로그램 중 3주차에 해당하는 표준운동프로그램,271000386,29.97,406,1920*1080,성인,25898,0AUDLJ08S_00035_SC_00219.jpeg,2021,본 운동,1626,한국어,엎드려 양발 벌려 뛰기(Plank jack),20221027,성인기 3주차 운동프로그램,864.129,,mp4,0AUDLJ08S_00035.mp4,http://openapi.kspo.or.kr/web/image/0AUDLJ08S_00035/,83,동영상,,3주차
,http://openapi.kspo.or.kr/web/video/,성인을 위한 주간 운동프로그램 중 3주차에 해당하는 표준운동프로그램,271000386,29.97,407,1920*1080,성인,26524,0AUDLJ08S_00035_FR_00296.jpeg,2021,본 운동,1626,한국어,옆으로 누워서 다리 올리기(Lateral SLR),20221027,성인기 3주차 운동프로그램,885.017,,mp4,0AUDLJ08S_00035.mp4,http://openapi.kspo.or.kr/web/image/0AUDLJ08S_00035/,84,동영상,,3주차
,http://openapi.kspo.or.kr/web/video/,성인을 위한 주간 운동프로그램 중 3주차에 해당하는 표준운동프로그램,271000386,29.97,408,1920*1080,성인,26614,0AUDLJ08S_00035_FR_00297.jpeg,2021,본 운동,1626,한국어,옆으로 누워서 다리 올리기(Lateral SLR),20221027,성인기 3주차 운동프로그램,888.02,,mp4,0AUDLJ08S_00035.mp4,http://openapi.kspo.or.kr/web/image/0AUDLJ08S_00035/,85,동영상,,3주차
,http://openapi.kspo.or.kr/web/video/,성인을 위한 주간 운동프로그램 중 3주차에 해당하는 표준운동프로그램,271000386,29.97,409,1920*1080,성인,26826,0AUDLJ08S_00035_SC_00226.jpeg,2021,본 운동,1626,한국어,옆으로 누워서 다리 올리기(Lateral SLR),20221027,성인기 3주차 운동프로그램,895.094,,mp4,0AUDLJ08S_00035.mp4,http://openapi.kspo.or.kr/web/image/0AUDLJ08S_00035/,86,동영상,,3주차
,http://openapi.kspo.or.kr/web/video/,성인을 위한 주간 운동프로그램 중 3주차에 해당하는 표준운동프로그램,271000386,29.97,410,1920*1080,성인,27116,0AUDLJ08S_00035_SC_00228.jpeg,2021,본 운동,1626,한국어,옆으로 누워서 다리 올리기(Lateral SLR),20221027,성인기 3주차 운동프로그램,904.77,,mp4,0AUDLJ08S_00035.mp4,http://openapi.kspo.or.kr/web/image/0AUDLJ08S_00035/,87,동영상,,3주차
,http://openapi.kspo.or.kr/web/video/,성인을 위한 주간 운동프로그램 중 3주차에 해당하는 표준운동프로그램,271000386,29.97,411,1920*1080,성인,27783,0AUDLJ08S_00035_FR_00310.jpeg,2021,본 운동,1626,한국어,엎드려 팔로 걷기(Arm walking),20221027,성인기 3주차 운동프로그램,927.026,,mp4,0AUDLJ08S_00035.mp4,http://openapi.kspo.or.kr/web/image/0AUDLJ08S_00035/,88,동영상,,3주차
,http://openapi.kspo.or.kr/web/video/,성인을 위한 주간 운동프로그램 중 3주차에 해당하는 표준운동프로그램,271000386,29.97,412,1920*1080,성인,27899,0AUDLJ08S_00035_SC_00232.jpeg,2021,본 운동,1626,한국어,엎드려 팔로 걷기(Arm walking),20221027,성인기 3주차 운동프로그램,930.896,,mp4,0AUDLJ08S_00035.mp4,http://openapi.kspo.or.kr/web/image/0AUDLJ08S_00035/,89,동영상,,3주차
,http://openapi.kspo.or.kr/web/video/,성인을 위한 주간 운동프로그램 중 3주차에 해당하는 표준운동프로그램,271000386,29.97,413,1920*1080,성인,28160,0AUDLJ08S_00035_SC_00238.jpeg,2021,본 운동,1626,한국어,엎드려 팔로 걷기(Arm walking),20221027,성인기 3주차 운동프로그램,939.605,,mp4,0AUDLJ08S_00035.mp4,http://openapi.kspo.or.kr/web/image/0AUDLJ08S_00035/,90,동영상,,3주차
,http://openapi.kspo.or.kr/web/video/,성인을 위한 주간 운동프로그램 중 3주차에 해당하는 표준운동프로그램,271000386,29.97,414,1920*1080,성인,28363,0AUDLJ08S_00035_SC_00244.jpeg,2021,본 운동,1626,한국어,엎드려 팔로 걷기(Arm walking),20221027,성인기 3주차 운동프로그램,946.378,,mp4,0AUDLJ08S_00035.mp4,http://openapi.kspo.or.kr/web/image/0AUDLJ08S_00035/,91,동영상,,3주차
,http://openapi.kspo.or.kr/web/video/,성인을 위한 주간 운동프로그램 중 3주차에 해당하는 표준운동프로그램,271000386,29.97,415,1920*1080,성인,28856,0AUDLJ08S_00035_SC_00254.jpeg,2021,본 운동,1626,한국어,윗몸 비틀며 굽히기(Bicycle crunch),20221027,성인기 3주차 운동프로그램,962.828,,mp4,0AUDLJ08S_00035.mp4,http://openapi.kspo.or.kr/web/image/0AUDLJ08S_00035/,92,동영상,,3주차
,http://openapi.kspo.or.kr/web/video/,성인을 위한 주간 운동프로그램 중 3주차에 해당하는 표준운동프로그램,271000386,29.97,416,1920*1080,성인,29320,0AUDLJ08S_00035_SC_00255.jpeg,2021,본 운동,1626,한국어,윗몸 비틀며 굽히기(Bicycle crunch),20221027,성인기 3주차 운동프로그램,978.31,,mp4,0AUDLJ08S_00035.mp4,http://openapi.kspo.or.kr/web/image/0AUDLJ08S_00035/,93,동영상,,3주차
,http://openapi.kspo.or.kr/web/video/,성인을 위한 주간 운동프로그램 중 3주차에 해당하는 표준운동프로그램,271000386,29.97,417,1920*1080,성인,29581,0AUDLJ08S_00035_SC_00261.jpeg,2021,본 운동,1626,한국어,윗몸 비틀며 굽히기(Bicycle crunch),20221027,성인기 3주차 운동프로그램,987.019,,mp4,0AUDLJ08S_00035.mp4,http://openapi.kspo.or.kr/web/image/0AUDLJ08S_00035/,94,동영상,,3주차
,http://openapi.kspo.or.kr/web/video/,성인을 위한 주간 운동프로그램 중 3주차에 해당하는 표준운동프로그램,271000386,29.97,418,1920*1080,성인,29784,0AUDLJ08S_00035_SC_00267.jpeg,2021,본 운동,1626,한국어,윗몸 비틀며 굽히기(Bicycle crunch),20221027,성인기 3주차 운동프로그램,993.792,,mp4,0AUDLJ08S_00035.mp4,http://openapi.kspo.or.kr/web/image/0AUDLJ08S_00035/,95,동영상,,3주차
,http://openapi.kspo.or.kr/web/video/,성인을 위한 주간 운동프로그램 중 3주차에 해당하는 표준운동프로그램,271000386,29.97,419,1920*1080,성인,30393,0AUDLJ08S_00035_SC_00278.jpeg,2021,본 운동,1626,한국어,,20221027,성인기 3주차 운동프로그램,1014.113,30~30 초,mp4,0AUDLJ08S_00035.mp4,http://openapi.kspo.or.kr/web/image/0AUDLJ08S_00035/,96,동영상,3~3,3주차
,http://openapi.kspo.or.kr/web/video/,성인을 위한 주간 운동프로그램 중 3주차에 해당하는 표준운동프로그램,271000386,29.97,420,1920*1080,성인,30799,0AUDLJ08S_00035_SC_00281.jpeg,2021,정리 운동,1626,한국어,목 스트레칭(Neck stretch),20221027,성인기 3주차 운동프로그램,1027.659,,mp4,0AUDLJ08S_00035.mp4,http://openapi.kspo.or.kr/web/image/0AUDLJ08S_00035/,97,동영상,,3주차
,http://openapi.kspo.or.kr/web/video/,성인을 위한 주간 운동프로그램 중 3주차에 해당하는 표준운동프로그램,271000386,29.97,421,1920*1080,성인,31437,0AUDLJ08S_00035_SC_00287.jpeg,2021,정리 운동,1626,한국어,목 스트레칭(Neck stretch),20221027,성인기 3주차 운동프로그램,1048.947,,mp4,0AUDLJ08S_00035.mp4,http://openapi.kspo.or.kr/web/image/0AUDLJ08S_00035/,98,동영상,,3주차
,http://openapi.kspo.or.kr/web/video/,성인을 위한 주간 운동프로그램 중 3주차에 해당하는 표준운동프로그램,271000386,29.97,422,1920*1080,성인,31959,0AUDLJ08S_00035_SC_00291.jpeg,2021,정리 운동,1626,한국어,목 스트레칭(Neck stretch),20221027,성인기 3주차 운동프로그램,1066.365,,mp4,0AUDLJ08S_00035.mp4,http://openapi.kspo.or.kr/web/image/0AUDLJ08S_00035/,99,동영상,,3주차
,http://openapi.kspo.or.kr/web/video/,성인을 위한 주간 운동프로그램 중 3주차에 해당하는 표준운동프로그램,271000386,29.97,423,1920*1080,성인,32539,0AUDLJ08S_00035_SC_00294.jpeg,2021,정리 운동,1626,한국어,어깨/팔꿈치 스트레칭(Chicken wing),20221027,성인기 3주차 운동프로그램,1085.717,,mp4,0AUDLJ08S_00035.mp4,http://openapi.kspo.or.kr/web/image/0AUDLJ08S_00035/,100,동영상,,3주차
,http://openapi.kspo.or.kr/web/video/,성인을 위한 주간 운동프로그램 중 3주차에 해당하는 표준운동프로그램,271000386,29.97,424,1920*1080,성인,32916,0AUDLJ08S_00035_SC_00296.jpeg,2021,정리 운동,1626,한국어,어깨/팔꿈치 스트레칭(Chicken wing),20221027,성인기 3주차 운동프로그램,1098.297,,mp4,0AUDLJ08S_00035.mp4,http://openapi.kspo.or.kr/web/image/0AUDLJ08S_00035/,101,동영상,,3주차
,http://openapi.kspo.or.kr/web/video/,성인을 위한 주간 운동프로그램 중 3주차에 해당하는 표준운동프로그램,271000386,29.97,425,1920*1080,성인,33322,0AUDLJ08S_00035_SC_00299.jpeg,2021,정리 운동,1626,한국어,어깨/팔꿈치 스트레칭(Chicken wing),20221027,성인기 3주차 운동프로그램,1111.844,,mp4,0AUDLJ08S_00035.mp4,http://openapi.kspo.or.kr/web/image/0AUDLJ08S_00035/,102,동영상,,3주차
,http://openapi.kspo.or.kr/web/video/,성인을 위한 주간 운동프로그램 중 3주차에 해당하는 표준운동프로그램,271000386,29.97,426,1920*1080,성인,33717,0AUDLJ08S_00035_FR_00376.jpeg,2021,정리 운동,1626,한국어,등/허리/무릎 스트레칭(Child's pose),20221027,성인기 3주차 운동프로그램,1125.023,,mp4,0AUDLJ08S_00035.mp4,http://openapi.kspo.or.kr/web/image/0AUDLJ08S_00035/,103,동영상,,3주차
,http://openapi.kspo.or.kr/web/video/,성인을 위한 주간 운동프로그램 중 3주차에 해당하는 표준운동프로그램,271000386,29.97,427,1920*1080,성인,33815,0AUDLJ08S_00035_SC_00300.jpeg,2021,정리 운동,1626,한국어,등/허리/무릎 스트레칭(Child's pose),20221027,성인기 3주차 운동프로그램,1128.293,,mp4,0AUDLJ08S_00035.mp4,http://openapi.kspo.or.kr/web/image/0AUDLJ08S_00035/,104,동영상,,3주차
,http://openapi.kspo.or.kr/web/video/,성인을 위한 주간 운동프로그램 중 3주차에 해당하는 표준운동프로그램,271000386,29.97,428,1920*1080,성인,34076,0AUDLJ08S_00035_SC_00302.jpeg,2021,정리 운동,1626,한국어,등/허리/무릎 스트레칭(Child's pose),20221027,성인기 3주차 운동프로그램,1137.002,,mp4,0AUDLJ08S_00035.mp4,http://openapi.kspo.or.kr/web/image/0AUDLJ08S_00035/,105,동영상,,3주차
,http://openapi.kspo.or.kr/web/video/,성인을 위한 주간 운동프로그램 중 3주차에 해당하는 표준운동프로그램,271000386,29.97,429,1920*1080,성인,34436,0AUDLJ08S_00035_FR_00384.jpeg,2021,정리 운동,1626,한국어,어깨/등 스트레칭(Thread the needle),20221027,성인기 3주차 운동프로그램,1149.014,,mp4,0AUDLJ08S_00035.mp4,http://openapi.kspo.or.kr/web/image/0AUDLJ08S_00035/,106,동영상,,3주차
,http://openapi.kspo.or.kr/web/video/,성인을 위한 주간 운동프로그램 중 3주차에 해당하는 표준운동프로그램,271000386,29.97,430,1920*1080,성인,34511,0AUDLJ08S_00035_SC_00303.jpeg,2021,정리 운동,1626,한국어,어깨/등 스트레칭(Thread the needle),20221027,성인기 3주차 운동프로그램,1151.517,,mp4,0AUDLJ08S_00035.mp4,http://openapi.kspo.or.kr/web/image/0AUDLJ08S_00035/,107,동영상,,3주차
,http://openapi.kspo.or.kr/web/video/,성인을 위한 주간 운동프로그램 중 3주차에 해당하는 표준운동프로그램,271000386,29.97,431,1920*1080,성인,35033,0AUDLJ08S_00035_SC_00306.jpeg,2021,정리 운동,1626,한국어,어깨/등 스트레칭(Thread the needle),20221027,성인기 3주차 운동프로그램,1168.934,,mp4,0AUDLJ08S_00035.mp4,http://openapi.kspo.or.kr/web/image/0AUDLJ08S_00035/,108,동영상,,3주차
,http://openapi.kspo.or.kr/web/video/,성인을 위한 주간 운동프로그램 중 3주차에 해당하는 표준운동프로그램,271000386,29.97,432,1920*1080,성인,35671,0AUDLJ08S_00035_SC_00312.jpeg,2021,정리 운동,1626,한국어,어깨/등 스트레칭(Thread the needle),20221027,성인기 3주차 운동프로그램,1190.222,,mp4,0AUDLJ08S_00035.mp4,http://openapi.kspo.or.kr/web/image/0AUDLJ08S_00035/,109,동영상,,3주차
,http://openapi.kspo.or.kr/web/video/,성인을 위한 주간 운동프로그램 중 3주차에 해당하는 표준운동프로그램,271000386,29.97,433,1920*1080,성인,35965,0AUDLJ08S_00035_FR_00401.jpeg,2021,정리 운동,1626,한국어,어깨/등 스트레칭(Thread the needle),20221027,성인기 3주차 운동프로그램,1200.032,,mp4,0AUDLJ08S_00035.mp4,http://openapi.kspo.or.kr/web/image/0AUDLJ08S_00035/,110,동영상,,3주차
,http://openapi.kspo.or.kr/web/video/,성인을 위한 주간 운동프로그램 중 3주차에 해당하는 표준운동프로그램,271000386,29.97,434,1920*1080,성인,36019,0AUDLJ08S_00035_SC_00314.jpeg,2021,정리 운동,1626,한국어,어깨/등 스트레칭(Thread the needle),20221027,성인기 3주차 운동프로그램,1201.833,,mp4,0AUDLJ08S_00035.mp4,http://openapi.kspo.or.kr/web/image/0AUDLJ08S_00035/,111,동영상,,3주차
,http://openapi.kspo.or.kr/web/video/,성인을 위한 주간 운동프로그램 중 3주차에 해당하는 표준운동프로그램,271000386,29.97,435,1920*1080,성인,36628,0AUDLJ08S_00035_SC_00317.jpeg,2021,정리 운동,1626,한국어,엉덩관절 스트레칭(Hip flexor stretch),20221027,성인기 3주차 운동프로그램,1222.154,,mp4,0AUDLJ08S_00035.mp4,http://openapi.kspo.or.kr/web/image/0AUDLJ08S_00035/,112,동영상,,3주차
,http://openapi.kspo.or.kr/web/video/,성인을 위한 주간 운동프로그램 중 3주차에 해당하는 표준운동프로그램,271000386,29.97,436,1920*1080,성인,36831,0AUDLJ08S_00035_SC_00319.jpeg,2021,정리 운동,1626,한국어,엉덩관절 스트레칭(Hip flexor stretch),20221027,성인기 3주차 운동프로그램,1228.927,,mp4,0AUDLJ08S_00035.mp4,http://openapi.kspo.or.kr/web/image/0AUDLJ08S_00035/,113,동영상,,3주차
,http://openapi.kspo.or.kr/web/video/,성인을 위한 주간 운동프로그램 중 3주차에 해당하는 표준운동프로그램,271000386,29.97,437,1920*1080,성인,36947,0AUDLJ08S_00035_SC_00321.jpeg,2021,정리 운동,1626,한국어,엉덩관절 스트레칭(Hip flexor stretch),20221027,성인기 3주차 운동프로그램,1232.798,,mp4,0AUDLJ08S_00035.mp4,http://openapi.kspo.or.kr/web/image/0AUDLJ08S_00035/,114,동영상,,3주차
,http://openapi.kspo.or.kr/web/video/,성인을 위한 주간 운동프로그램 중 3주차에 해당하는 표준운동프로그램,271000386,29.97,438,1920*1080,성인,37701,0AUDLJ08S_00035_SC_00324.jpeg,2021,정리 운동,1626,한국어,복부 스트레칭(Cobra pose),20221027,성인기 3주차 운동프로그램,1257.956,,mp4,0AUDLJ08S_00035.mp4,http://openapi.kspo.or.kr/web/image/0AUDLJ08S_00035/,115,동영상,,3주차
,http://openapi.kspo.or.kr/web/video/,성인을 위한 주간 운동프로그램 중 3주차에 해당하는 표준운동프로그램,271000386,29.97,439,1920*1080,성인,37962,0AUDLJ08S_00035_SC_00326.jpeg,2021,정리 운동,1626,한국어,복부 스트레칭(Cobra pose),20221027,성인기 3주차 운동프로그램,1266.665,,mp4,0AUDLJ08S_00035.mp4,http://openapi.kspo.or.kr/web/image/0AUDLJ08S_00035/,116,동영상,,3주차
,http://openapi.kspo.or.kr/web/video/,성인을 위한 주간 운동프로그램 중 3주차에 해당하는 표준운동프로그램,271000386,29.97,440,1920*1080,성인,38716,0AUDLJ08S_00035_SC_00331.jpeg,2021,정리 운동,1626,한국어,등/허리/무릎 스트레칭(Down dog pose),20221027,성인기 3주차 운동프로그램,1291.823,,mp4,0AUDLJ08S_00035.mp4,http://openapi.kspo.or.kr/web/image/0AUDLJ08S_00035/,117,동영상,,3주차
,http://openapi.kspo.or.kr/web/video/,성인을 위한 주간 운동프로그램 중 3주차에 해당하는 표준운동프로그램,271000386,29.97,441,1920*1080,성인,38774,0AUDLJ08S_00035_SC_00332.jpeg,2021,정리 운동,1626,한국어,등/허리/무릎 스트레칭(Down dog pose),20221027,성인기 3주차 운동프로그램,1293.759,,mp4,0AUDLJ08S_00035.mp4,http://openapi.kspo.or.kr/web/image/0AUDLJ08S_00035/,118,동영상,,3주차
,http://openapi.kspo.or.kr/web/video/,성인을 위한 주간 운동프로그램 중 3주차에 해당하는 표준운동프로그램,271000386,29.97,442,1920*1080,성인,39006,0AUDLJ08S_00035_SC_00334.jpeg,2021,정리 운동,1626,한국어,등/허리/무릎 스트레칭(Down dog pose),20221027,성인기 3주차 운동프로그램,1301.5,,mp4,0AUDLJ08S_00035.mp4,http://openapi.kspo.or.kr/web/image/0AUDLJ08S_00035/,119,동영상,,3주차
,http://openapi.kspo.or.kr/web/video/,성인을 위한 주간 운동프로그램 중 3주차에 해당하는 표준운동프로그램,271000386,29.97,443,1920*1080,성인,39615,0AUDLJ08S_00035_SC_00337.jpeg,2021,정리 운동,1626,한국어,엉덩관절 스트레칭(Pigeon pose),20221027,성인기 3주차 운동프로그램,1321.82,,mp4,0AUDLJ08S_00035.mp4,http://openapi.kspo.or.kr/web/image/0AUDLJ08S_00035/,120,동영상,,3주차
,http://openapi.kspo.or.kr/web/video/,성인을 위한 주간 운동프로그램 중 3주차에 해당하는 표준운동프로그램,271000386,29.97,444,1920*1080,성인,39876,0AUDLJ08S_00035_SC_00340.jpeg,2021,정리 운동,1626,한국어,엉덩관절 스트레칭(Pigeon pose),20221027,성인기 3주차 운동프로그램,1330.529,,mp4,0AUDLJ08S_00035.mp4,http://openapi.kspo.or.kr/web/image/0AUDLJ08S_00035/,121,동영상,,3주차
,http://openapi.kspo.or.kr/web/video/,성인을 위한 주간 운동프로그램 중 3주차에 해당하는 표준운동프로그램,271000386,29.97,445,1920*1080,성인,40253,0AUDLJ08S_00035_SC_00345.jpeg,2021,정리 운동,1626,한국어,엉덩관절 스트레칭(Pigeon pose),20221027,성인기 3주차 운동프로그램,1343.108,,mp4,0AUDLJ08S_00035.mp4,http://openapi.kspo.or.kr/web/image/0AUDLJ08S_00035/,122,동영상,,3주차
,http://openapi.kspo.or.kr/web/video/,성인을 위한 주간 운동프로그램 중 3주차에 해당하는 표준운동프로그램,271000386,29.97,446,1920*1080,성인,40775,0AUDLJ08S_00035_SC_00348.jpeg,2021,정리 운동,1626,한국어,엉덩관절 스트레칭(Butterfly pose),20221027,성인기 3주차 운동프로그램,1360.525,,mp4,0AUDLJ08S_00035.mp4,http://openapi.kspo.or.kr/web/image/0AUDLJ08S_00035/,123,동영상,,3주차
,http://openapi.kspo.or.kr/web/video/,성인을 위한 주간 운동프로그램 중 3주차에 해당하는 표준운동프로그램,271000386,29.97,447,1920*1080,성인,41123,0AUDLJ08S_00035_SC_00356.jpeg,2021,정리 운동,1626,한국어,엉덩관절 스트레칭(Butterfly pose),20221027,성인기 3주차 운동프로그램,1372.137,,mp4,0AUDLJ08S_00035.mp4,http://openapi.kspo.or.kr/web/image/0AUDLJ08S_00035/,124,동영상,,3주차
,http://openapi.kspo.or.kr/web/video/,성인을 위한 주간 운동프로그램 중 3주차에 해당하는 표준운동프로그램,271000386,29.97,448,1920*1080,성인,41529,0AUDLJ08S_00035_SC_00357.jpeg,2021,정리 운동,1626,한국어,무릎 스트레칭(Quadriceps stretch),20221027,성인기 3주차 운동프로그램,1385.684,,mp4,0AUDLJ08S_00035.mp4,http://openapi.kspo.or.kr/web/image/0AUDLJ08S_00035/,125,동영상,,3주차
,http://openapi.kspo.or.kr/web/video/,성인을 위한 주간 운동프로그램 중 3주차에 해당하는 표준운동프로그램,271000386,29.97,449,1920*1080,성인,41993,0AUDLJ08S_00035_SC_00360.jpeg,2021,정리 운동,1626,한국어,무릎 스트레칭(Quadriceps stretch),20221027,성인기 3주차 운동프로그램,1401.166,,mp4,0AUDLJ08S_00035.mp4,http://openapi.kspo.or.kr/web/image/0AUDLJ08S_00035/,126,동영상,,3주차
,http://openapi.kspo.or.kr/web/video/,성인을 위한 주간 운동프로그램 중 3주차에 해당하는 표준운동프로그램,271000386,29.97,450,1920*1080,성인,42631,0AUDLJ08S_00035_SC_00363.jpeg,2021,정리 운동,1626,한국어,엉덩관절 스트레칭(Gluteus stretch),20221027,성인기 3주차 운동프로그램,1422.454,,mp4,0AUDLJ08S_00035.mp4,http://openapi.kspo.or.kr/web/image/0AUDLJ08S_00035/,127,동영상,,3주차
,http://openapi.kspo.or.kr/web/video/,성인을 위한 주간 운동프로그램 중 3주차에 해당하는 표준운동프로그램,271000386,29.97,451,1920*1080,성인,42950,0AUDLJ08S_00035_SC_00366.jpeg,2021,정리 운동,1626,한국어,엉덩관절 스트레칭(Gluteus stretch),20221027,성인기 3주차 운동프로그램,1433.098,,mp4,0AUDLJ08S_00035.mp4,http://openapi.kspo.or.kr/web/image/0AUDLJ08S_00035/,128,동영상,,3주차
,http://openapi.kspo.or.kr/web/video/,성인을 위한 주간 운동프로그램 중 3주차에 해당하는 표준운동프로그램,271000386,29.97,452,1920*1080,성인,43240,0AUDLJ08S_00035_SC_00368.jpeg,2021,정리 운동,1626,한국어,엉덩관절 스트레칭(Gluteus stretch),20221027,성인기 3주차 운동프로그램,1442.774,,mp4,0AUDLJ08S_00035.mp4,http://openapi.kspo.or.kr/web/image/0AUDLJ08S_00035/,129,동영상,,3주차
,http://openapi.kspo.or.kr/web/video/,성인을 위한 주간 운동프로그램 중 3주차에 해당하는 표준운동프로그램,271000386,29.97,453,1920*1080,성인,43427,0AUDLJ08S_00035_FR_00484.jpeg,2021,정리 운동,1626,한국어,무릎 스트레칭(Quadriceps stretch),20221027,성인기 3주차 운동프로그램,1449.014,,mp4,0AUDLJ08S_00035.mp4,http://openapi.kspo.or.kr/web/image/0AUDLJ08S_00035/,130,동영상,,3주차
,http://openapi.kspo.or.kr/web/video/,성인을 위한 주간 운동프로그램 중 3주차에 해당하는 표준운동프로그램,271000386,29.97,454,1920*1080,성인,43820,0AUDLJ08S_00035_SC_00372.jpeg,2021,정리 운동,1626,한국어,무릎 스트레칭(Quadriceps stretch),20221027,성인기 3주차 운동프로그램,1462.127,,mp4,0AUDLJ08S_00035.mp4,http://openapi.kspo.or.kr/web/image/0AUDLJ08S_00035/,131,동영상,,3주차
,http://openapi.kspo.or.kr/web/video/,성인을 위한 주간 운동프로그램 중 3주차에 해당하는 표준운동프로그램,271000386,29.97,455,1920*1080,성인,44400,0AUDLJ08S_00035_SC_00378.jpeg,2021,정리 운동,1626,한국어,무릎 스트레칭(Quadriceps stretch),20221027,성인기 3주차 운동프로그램,1481.48,,mp4,0AUDLJ08S_00035.mp4,http://openapi.kspo.or.kr/web/image/0AUDLJ08S_00035/,132,동영상,,3주차
,http://openapi.kspo.or.kr/web/video/,성인을 위한 주간 운동프로그램 중 3주차에 해당하는 표준운동프로그램,271000386,29.97,456,1920*1080,성인,44603,0AUDLJ08S_00035_SC_00380.jpeg,2021,정리 운동,1626,한국어,엉덩관절 스트레칭(Pigeon pose),20221027,성인기 3주차 운동프로그램,1488.253,,mp4,0AUDLJ08S_00035.mp4,http://openapi.kspo.or.kr/web/image/0AUDLJ08S_00035/,133,동영상,,3주차
,http://openapi.kspo.or.kr/web/video/,성인을 위한 주간 운동프로그램 중 3주차에 해당하는 표준운동프로그램,271000386,29.97,457,1920*1080,성인,44835,0AUDLJ08S_00035_SC_00381.jpeg,2021,정리 운동,1626,한국어,엉덩관절 스트레칭(Pigeon pose),20221027,성인기 3주차 운동프로그램,1495.994,,mp4,0AUDLJ08S_00035.mp4,http://openapi.kspo.or.kr/web/image/0AUDLJ08S_00035/,134,동영상,,3주차
,http://openapi.kspo.or.kr/web/video/,성인을 위한 주간 운동프로그램 중 3주차에 해당하는 표준운동프로그램,271000386,29.97,458,1920*1080,성인,45444,0AUDLJ08S_00035_SC_00387.jpeg,2021,정리 운동,1626,한국어,엉덩관절 스트레칭(Pigeon pose),20221027,성인기 3주차 운동프로그램,1516.314,,mp4,0AUDLJ08S_00035.mp4,http://openapi.kspo.or.kr/web/image/0AUDLJ08S_00035/,135,동영상,,3주차
,http://openapi.kspo.or.kr/web/video/,성인을 위한 주간 운동프로그램 중 3주차에 해당하는 표준운동프로그램,271000386,29.97,459,1920*1080,성인,45908,0AUDLJ08S_00035_SC_00390.jpeg,2021,정리 운동,1626,한국어,어깨/복부/엉덩관절 스트레칭(Trunk rotation stretch),20221027,성인기 3주차 운동프로그램,1531.796,,mp4,0AUDLJ08S_00035.mp4,http://openapi.kspo.or.kr/web/image/0AUDLJ08S_00035/,136,동영상,,3주차
,http://openapi.kspo.or.kr/web/video/,성인을 위한 주간 운동프로그램 중 3주차에 해당하는 표준운동프로그램,271000386,29.97,460,1920*1080,성인,46227,0AUDLJ08S_00035_SC_00393.jpeg,2021,정리 운동,1626,한국어,어깨/복부/엉덩관절 스트레칭(Trunk rotation stretch),20221027,성인기 3주차 운동프로그램,1542.44,,mp4,0AUDLJ08S_00035.mp4,http://openapi.kspo.or.kr/web/image/0AUDLJ08S_00035/,137,동영상,,3주차
,http://openapi.kspo.or.kr/web/video/,성인을 위한 주간 운동프로그램 중 3주차에 해당하는 표준운동프로그램,271000386,29.97,461,1920*1080,성인,46546,0AUDLJ08S_00035_SC_00397.jpeg,2021,정리 운동,1626,한국어,어깨/복부/엉덩관절 스트레칭(Trunk rotation stretch),20221027,성인기 3주차 운동프로그램,1553.084,,mp4,0AUDLJ08S_00035.mp4,http://openapi.kspo.or.kr/web/image/0AUDLJ08S_00035/,138,동영상,,3주차
,http://openapi.kspo.or.kr/web/video/,성인을 위한 주간 운동프로그램 중 3주차에 해당하는 표준운동프로그램,271000386,29.97,462,1920*1080,성인,47184,0AUDLJ08S_00035_SC_00405.jpeg,2021,정리 운동,1626,한국어,전신 늘리기(Whole body stretch),20221027,성인기 3주차 운동프로그램,1574.372,,mp4,0AUDLJ08S_00035.mp4,http://openapi.kspo.or.kr/web/image/0AUDLJ08S_00035/,139,동영상,,3주차
,http://openapi.kspo.or.kr/web/video/,성인을 위한 주간 운동프로그램 중 3주차에 해당하는 표준운동프로그램,271000386,29.97,463,1920*1080,성인,47329,0AUDLJ08S_00035_SC_00406.jpeg,2021,정리 운동,1626,한국어,전신 늘리기(Whole body stretch),20221027,성인기 3주차 운동프로그램,1579.21,,mp4,0AUDLJ08S_00035.mp4,http://openapi.kspo.or.kr/web/image/0AUDLJ08S_00035/,140,동영상,,3주차
,http://openapi.kspo.or.kr/web/video/,성인을 위한 주간 운동프로그램 중 3주차에 해당하는 표준운동프로그램,271000386,29.97,464,1920*1080,성인,47648,0AUDLJ08S_00035_SC_00412.jpeg,2021,정리 운동,1626,한국어,전신 늘리기(Whole body stretch),20221027,성인기 3주차 운동프로그램,1589.854,,mp4,0AUDLJ08S_00035.mp4,http://openapi.kspo.or.kr/web/image/0AUDLJ08S_00035/,141,동영상,,3주차
,http://openapi.kspo.or.kr/web/video/,성인을 위한 주간 운동프로그램 중 3주차에 해당하는 표준운동프로그램,271000386,29.97,465,1920*1080,성인,47938,0AUDLJ08S_00035_SC_00413.jpeg,2021,정리 운동,1626,한국어,숨쉬기(Breathing),20221027,성인기 3주차 운동프로그램,1599.531,,mp4,0AUDLJ08S_00035.mp4,http://openapi.kspo.or.kr/web/image/0AUDLJ08S_00035/,142,동영상,,3주차
,http://openapi.kspo.or.kr/web/video/,성인을 위한 주간 운동프로그램 중 3주차에 해당하는 표준운동프로그램,271000386,29.97,466,1920*1080,성인,48112,0AUDLJ08S_00035_SC_00416.jpeg,2021,정리 운동,1626,한국어,숨쉬기(Breathing),20221027,성인기 3주차 운동프로그램,1605.337,,mp4,0AUDLJ08S_00035.mp4,http://openapi.kspo.or.kr/web/image/0AUDLJ08S_00035/,143,동영상,,3주차
,http://openapi.kspo.or.kr/web/video/,성인을 위한 주간 운동프로그램 중 3주차에 해당하는 표준운동프로그램,271000386,29.97,467,1920*1080,성인,48257,0AUDLJ08S_00035_SC_00418.jpeg,2021,정리 운동,1626,한국어,숨쉬기(Breathing),20221027,성인기 3주차 운동프로그램,1610.175,,mp4,0AUDLJ08S_00035.mp4,http://openapi.kspo.or.kr/web/image/0AUDLJ08S_00035/,144,동영상,,3주차
,http://openapi.kspo.or.kr/web/video/,성인을 위한 주간 운동프로그램 중 3주차에 해당하는 표준운동프로그램,271000386,29.97,468,1920*1080,성인,48552,0AUDLJ08S_00035_FR_00541.jpeg,2021,정리 운동,1626,한국어,,20221027,성인기 3주차 운동프로그램,1620.018,10~15 초,mp4,0AUDLJ08S_00035.mp4,http://openapi.kspo.or.kr/web/image/0AUDLJ08S_00035/,145,동영상,1~2,3주차
,http://openapi.kspo.or.kr/web/video/,성인을 위한 주간 운동프로그램 중 4주차에 해당하는 표준운동프로그램,266594598,29.97,469,1920*1080,성인,117,0AUDLJ08S_00036_SC_00001.jpeg,2021,,1601,한국어,,20221004,성인기 4주차 운동프로그램,3.903,,mp4,0AUDLJ08S_00036.mp4,http://openapi.kspo.or.kr/web/image/0AUDLJ08S_00036/,1,동영상,,4주차
,http://openapi.kspo.or.kr/web/video/,성인을 위한 주간 운동프로그램 중 4주차에 해당하는 표준운동프로그램,266594598,29.97,470,1920*1080,성인,146,0AUDLJ08S_00036_SC_00002.jpeg,2021,,1601,한국어,,20221112,성인기 4주차 운동프로그램,4.871,,mp4,0AUDLJ08S_00036.mp4,http://openapi.kspo.or.kr/web/image/0AUDLJ08S_00036/,2,동영상,,4주차
,http://openapi.kspo.or.kr/web/video/,성인을 위한 주간 운동프로그램 중 4주차에 해당하는 표준운동프로그램,266594598,29.97,471,1920*1080,성인,610,0AUDLJ08S_00036_SC_00006.jpeg,2021,준비 운동,1601,한국어,손목/발목 돌리기,20221004,성인기 4주차 운동프로그램,20.353,,mp4,0AUDLJ08S_00036.mp4,http://openapi.kspo.or.kr/web/image/0AUDLJ08S_00036/,3,동영상,,4주차
,http://openapi.kspo.or.kr/web/video/,성인을 위한 주간 운동프로그램 중 4주차에 해당하는 표준운동프로그램,266594598,29.97,472,1920*1080,성인,842,0AUDLJ08S_00036_SC_00007.jpeg,2021,준비 운동,1601,한국어,손목/발목 돌리기,20221004,성인기 4주차 운동프로그램,28.094,,mp4,0AUDLJ08S_00036.mp4,http://openapi.kspo.or.kr/web/image/0AUDLJ08S_00036/,4,동영상,,4주차
,http://openapi.kspo.or.kr/web/video/,성인을 위한 주간 운동프로그램 중 4주차에 해당하는 표준운동프로그램,266594598,29.97,473,1920*1080,성인,929,0AUDLJ08S_00036_SC_00008.jpeg,2021,준비 운동,1601,한국어,손목/발목 돌리기,20221004,성인기 4주차 운동프로그램,30.997,,mp4,0AUDLJ08S_00036.mp4,http://openapi.kspo.or.kr/web/image/0AUDLJ08S_00036/,5,동영상,,4주차
,http://openapi.kspo.or.kr/web/video/,성인을 위한 주간 운동프로그램 중 4주차에 해당하는 표준운동프로그램,266594598,29.97,474,1920*1080,성인,1045,0AUDLJ08S_00036_SC_00009.jpeg,2021,준비 운동,1601,한국어,손목/발목 돌리기,20221004,성인기 4주차 운동프로그램,34.868,,mp4,0AUDLJ08S_00036.mp4,http://openapi.kspo.or.kr/web/image/0AUDLJ08S_00036/,6,동영상,,4주차
,http://openapi.kspo.or.kr/web/video/,성인을 위한 주간 운동프로그램 중 4주차에 해당하는 표준운동프로그램,266594598,29.97,475,1920*1080,성인,1103,0AUDLJ08S_00036_SC_00010.jpeg,2021,준비 운동,1601,한국어,손목/발목 돌리기,20221004,성인기 4주차 운동프로그램,36.803,,mp4,0AUDLJ08S_00036.mp4,http://openapi.kspo.or.kr/web/image/0AUDLJ08S_00036/,7,동영상,,4주차
,http://openapi.kspo.or.kr/web/video/,성인을 위한 주간 운동프로그램 중 4주차에 해당하는 표준운동프로그램,266594598,29.97,476,1920*1080,성인,1161,0AUDLJ08S_00036_SC_00011.jpeg,2021,준비 운동,1601,한국어,손목/발목 돌리기,20221004,성인기 4주차 운동프로그램,38.738,,mp4,0AUDLJ08S_00036.mp4,http://openapi.kspo.or.kr/web/image/0AUDLJ08S_00036/,8,동영상,,4주차
,http://openapi.kspo.or.kr/web/video/,성인을 위한 주간 운동프로그램 중 4주차에 해당하는 표준운동프로그램,266594598,29.97,477,1920*1080,성인,1277,0AUDLJ08S_00036_SC_00012.jpeg,2021,준비 운동,1601,한국어,손목/발목 돌리기,20221004,성인기 4주차 운동프로그램,42.609,,mp4,0AUDLJ08S_00036.mp4,http://openapi.kspo.or.kr/web/image/0AUDLJ08S_00036/,9,동영상,,4주차
,http://openapi.kspo.or.kr/web/video/,성인을 위한 주간 운동프로그램 중 4주차에 해당하는 표준운동프로그램,266594598,29.97,478,1920*1080,성인,1335,0AUDLJ08S_00036_SC_00013.jpeg,2021,준비 운동,1601,한국어,무릎 돌리기,20221004,성인기 4주차 운동프로그램,44.544,,mp4,0AUDLJ08S_00036.mp4,http://openapi.kspo.or.kr/web/image/0AUDLJ08S_00036/,10,동영상,,4주차
,http://openapi.kspo.or.kr/web/video/,성인을 위한 주간 운동프로그램 중 4주차에 해당하는 표준운동프로그램,266594598,29.97,479,1920*1080,성인,1393,0AUDLJ08S_00036_SC_00014.jpeg,2021,준비 운동,1601,한국어,무릎 돌리기,20221004,성인기 4주차 운동프로그램,46.479,,mp4,0AUDLJ08S_00036.mp4,http://openapi.kspo.or.kr/web/image/0AUDLJ08S_00036/,11,동영상,,4주차
,http://openapi.kspo.or.kr/web/video/,성인을 위한 주간 운동프로그램 중 4주차에 해당하는 표준운동프로그램,266594598,29.97,480,1920*1080,성인,1538,0AUDLJ08S_00036_SC_00015.jpeg,2021,준비 운동,1601,한국어,무릎 돌리기,20221004,성인기 4주차 운동프로그램,51.317,,mp4,0AUDLJ08S_00036.mp4,http://openapi.kspo.or.kr/web/image/0AUDLJ08S_00036/,12,동영상,,4주차
,http://openapi.kspo.or.kr/web/video/,성인을 위한 주간 운동프로그램 중 4주차에 해당하는 표준운동프로그램,266594598,29.97,481,1920*1080,성인,1654,0AUDLJ08S_00036_SC_00016.jpeg,2021,준비 운동,1601,한국어,무릎 돌리기,20221004,성인기 4주차 운동프로그램,55.188,,mp4,0AUDLJ08S_00036.mp4,http://openapi.kspo.or.kr/web/image/0AUDLJ08S_00036/,13,동영상,,4주차
,http://openapi.kspo.or.kr/web/video/,성인을 위한 주간 운동프로그램 중 4주차에 해당하는 표준운동프로그램,266594598,29.97,482,1920*1080,성인,1741,0AUDLJ08S_00036_SC_00017.jpeg,2021,준비 운동,1601,한국어,무릎 돌리기,20221004,성인기 4주차 운동프로그램,58.091,,mp4,0AUDLJ08S_00036.mp4,http://openapi.kspo.or.kr/web/image/0AUDLJ08S_00036/,14,동영상,,4주차
,http://openapi.kspo.or.kr/web/video/,성인을 위한 주간 운동프로그램 중 4주차에 해당하는 표준운동프로그램,266594598,29.97,483,1920*1080,성인,1770,0AUDLJ08S_00036_SC_00018.jpeg,2021,준비 운동,1601,한국어,무릎 돌리기,20221004,성인기 4주차 운동프로그램,59.059,,mp4,0AUDLJ08S_00036.mp4,http://openapi.kspo.or.kr/web/image/0AUDLJ08S_00036/,15,동영상,,4주차
,http://openapi.kspo.or.kr/web/video/,성인을 위한 주간 운동프로그램 중 4주차에 해당하는 표준운동프로그램,266594598,29.97,484,1920*1080,성인,1886,0AUDLJ08S_00036_SC_00019.jpeg,2021,준비 운동,1601,한국어,무릎 돌리기,20221004,성인기 4주차 운동프로그램,62.929,,mp4,0AUDLJ08S_00036.mp4,http://openapi.kspo.or.kr/web/image/0AUDLJ08S_00036/,16,동영상,,4주차
,http://openapi.kspo.or.kr/web/video/,성인을 위한 주간 운동프로그램 중 4주차에 해당하는 표준운동프로그램,266594598,29.97,485,1920*1080,성인,2060,0AUDLJ08S_00036_SC_00021.jpeg,2021,준비 운동,1601,한국어,엉덩관절 돌리기,20221004,성인기 4주차 운동프로그램,68.735,,mp4,0AUDLJ08S_00036.mp4,http://openapi.kspo.or.kr/web/image/0AUDLJ08S_00036/,17,동영상,,4주차
,http://openapi.kspo.or.kr/web/video/,성인을 위한 주간 운동프로그램 중 4주차에 해당하는 표준운동프로그램,266594598,29.97,486,1920*1080,성인,2292,0AUDLJ08S_00036_SC_00022.jpeg,2021,준비 운동,1601,한국어,엉덩관절 돌리기,20221004,성인기 4주차 운동프로그램,76.476,,mp4,0AUDLJ08S_00036.mp4,http://openapi.kspo.or.kr/web/image/0AUDLJ08S_00036/,18,동영상,,4주차
,http://openapi.kspo.or.kr/web/video/,성인을 위한 주간 운동프로그램 중 4주차에 해당하는 표준운동프로그램,266594598,29.97,487,1920*1080,성인,2379,0AUDLJ08S_00036_SC_00023.jpeg,2021,준비 운동,1601,한국어,엉덩관절 돌리기,20221004,성인기 4주차 운동프로그램,79.379,,mp4,0AUDLJ08S_00036.mp4,http://openapi.kspo.or.kr/web/image/0AUDLJ08S_00036/,19,동영상,,4주차
,http://openapi.kspo.or.kr/web/video/,성인을 위한 주간 운동프로그램 중 4주차에 해당하는 표준운동프로그램,266594598,29.97,488,1920*1080,성인,2466,0AUDLJ08S_00036_SC_00024.jpeg,2021,준비 운동,1601,한국어,엉덩관절 돌리기,20221004,성인기 4주차 운동프로그램,82.282,,mp4,0AUDLJ08S_00036.mp4,http://openapi.kspo.or.kr/web/image/0AUDLJ08S_00036/,20,동영상,,4주차
,http://openapi.kspo.or.kr/web/video/,성인을 위한 주간 운동프로그램 중 4주차에 해당하는 표준운동프로그램,266594598,29.97,489,1920*1080,성인,2582,0AUDLJ08S_00036_SC_00025.jpeg,2021,준비 운동,1601,한국어,엉덩관절 돌리기,20221004,성인기 4주차 운동프로그램,86.152,,mp4,0AUDLJ08S_00036.mp4,http://openapi.kspo.or.kr/web/image/0AUDLJ08S_00036/,21,동영상,,4주차
,http://openapi.kspo.or.kr/web/video/,성인을 위한 주간 운동프로그램 중 4주차에 해당하는 표준운동프로그램,266594598,29.97,490,1920*1080,성인,2669,0AUDLJ08S_00036_SC_00026.jpeg,2021,준비 운동,1601,한국어,엉덩관절 돌리기,20221004,성인기 4주차 운동프로그램,89.055,,mp4,0AUDLJ08S_00036.mp4,http://openapi.kspo.or.kr/web/image/0AUDLJ08S_00036/,22,동영상,,4주차
,http://openapi.kspo.or.kr/web/video/,성인을 위한 주간 운동프로그램 중 4주차에 해당하는 표준운동프로그램,266594598,29.97,491,1920*1080,성인,2727,0AUDLJ08S_00036_SC_00027.jpeg,2021,준비 운동,1601,한국어,엉덩관절 돌리기,20221004,성인기 4주차 운동프로그램,90.99,,mp4,0AUDLJ08S_00036.mp4,http://openapi.kspo.or.kr/web/image/0AUDLJ08S_00036/,23,동영상,,4주차
,http://openapi.kspo.or.kr/web/video/,성인을 위한 주간 운동프로그램 중 4주차에 해당하는 표준운동프로그램,266594598,29.97,492,1920*1080,성인,2872,0AUDLJ08S_00036_SC_00028.jpeg,2021,준비 운동,1601,한국어,엉덩관절 돌리기,20221004,성인기 4주차 운동프로그램,95.829,,mp4,0AUDLJ08S_00036.mp4,http://openapi.kspo.or.kr/web/image/0AUDLJ08S_00036/,24,동영상,,4주차
,http://openapi.kspo.or.kr/web/video/,성인을 위한 주간 운동프로그램 중 4주차에 해당하는 표준운동프로그램,266594598,29.97,493,1920*1080,성인,2959,0AUDLJ08S_00036_SC_00029.jpeg,2021,준비 운동,1601,한국어,허리 돌리기,20221004,성인기 4주차 운동프로그램,98.731,,mp4,0AUDLJ08S_00036.mp4,http://openapi.kspo.or.kr/web/image/0AUDLJ08S_00036/,25,동영상,,4주차
,http://openapi.kspo.or.kr/web/video/,성인을 위한 주간 운동프로그램 중 4주차에 해당하는 표준운동프로그램,266594598,29.97,494,1920*1080,성인,3220,0AUDLJ08S_00036_SC_00030.jpeg,2021,준비 운동,1601,한국어,허리 돌리기,20221004,성인기 4주차 운동프로그램,107.44,,mp4,0AUDLJ08S_00036.mp4,http://openapi.kspo.or.kr/web/image/0AUDLJ08S_00036/,26,동영상,,4주차
,http://openapi.kspo.or.kr/web/video/,성인을 위한 주간 운동프로그램 중 4주차에 해당하는 표준운동프로그램,266594598,29.97,495,1920*1080,성인,3249,0AUDLJ08S_00036_SC_00031.jpeg,2021,준비 운동,1601,한국어,허리 돌리기,20221004,성인기 4주차 운동프로그램,108.408,,mp4,0AUDLJ08S_00036.mp4,http://openapi.kspo.or.kr/web/image/0AUDLJ08S_00036/,27,동영상,,4주차
,http://openapi.kspo.or.kr/web/video/,성인을 위한 주간 운동프로그램 중 4주차에 해당하는 표준운동프로그램,266594598,29.97,496,1920*1080,성인,3336,0AUDLJ08S_00036_SC_00032.jpeg,2021,준비 운동,1601,한국어,허리 돌리기,20221004,성인기 4주차 운동프로그램,111.311,,mp4,0AUDLJ08S_00036.mp4,http://openapi.kspo.or.kr/web/image/0AUDLJ08S_00036/,28,동영상,,4주차
,http://openapi.kspo.or.kr/web/video/,성인을 위한 주간 운동프로그램 중 4주차에 해당하는 표준운동프로그램,266594598,29.97,497,1920*1080,성인,3365,0AUDLJ08S_00036_SC_00033.jpeg,2021,준비 운동,1601,한국어,허리 돌리기,20221004,성인기 4주차 운동프로그램,112.278,,mp4,0AUDLJ08S_00036.mp4,http://openapi.kspo.or.kr/web/image/0AUDLJ08S_00036/,29,동영상,,4주차
,http://openapi.kspo.or.kr/web/video/,성인을 위한 주간 운동프로그램 중 4주차에 해당하는 표준운동프로그램,266594598,29.97,498,1920*1080,성인,3452,0AUDLJ08S_00036_SC_00034.jpeg,2021,준비 운동,1601,한국어,허리 돌리기,20221004,성인기 4주차 운동프로그램,115.181,,mp4,0AUDLJ08S_00036.mp4,http://openapi.kspo.or.kr/web/image/0AUDLJ08S_00036/,30,동영상,,4주차
,http://openapi.kspo.or.kr/web/video/,성인을 위한 주간 운동프로그램 중 4주차에 해당하는 표준운동프로그램,266594598,29.97,499,1920*1080,성인,3510,0AUDLJ08S_00036_SC_00035.jpeg,2021,준비 운동,1601,한국어,허리 돌리기,20221004,성인기 4주차 운동프로그램,117.117,,mp4,0AUDLJ08S_00036.mp4,http://openapi.kspo.or.kr/web/image/0AUDLJ08S_00036/,31,동영상,,4주차
,http://openapi.kspo.or.kr/web/video/,성인을 위한 주간 운동프로그램 중 4주차에 해당하는 표준운동프로그램,266594598,29.97,500,1920*1080,성인,3626,0AUDLJ08S_00036_SC_00036.jpeg,2021,준비 운동,1601,한국어,허리 돌리기,20221004,성인기 4주차 운동프로그램,120.987,,mp4,0AUDLJ08S_00036.mp4,http://openapi.kspo.or.kr/web/image/0AUDLJ08S_00036/,32,동영상,,4주차
,http://openapi.kspo.or.kr/web/video/,성인을 위한 주간 운동프로그램 중 4주차에 해당하는 표준운동프로그램,266594598,29.97,501,1920*1080,성인,3974,0AUDLJ08S_00036_SC_00037.jpeg,2021,준비 운동,1601,한국어,어깨 돌리기,20221004,성인기 4주차 운동프로그램,132.599,,mp4,0AUDLJ08S_00036.mp4,http://openapi.kspo.or.kr/web/image/0AUDLJ08S_00036/,33,동영상,,4주차
,http://openapi.kspo.or.kr/web/video/,성인을 위한 주간 운동프로그램 중 4주차에 해당하는 표준운동프로그램,266594598,29.97,502,1920*1080,성인,4003,0AUDLJ08S_00036_SC_00038.jpeg,2021,준비 운동,1601,한국어,어깨 돌리기,20221004,성인기 4주차 운동프로그램,133.566,,mp4,0AUDLJ08S_00036.mp4,http://openapi.kspo.or.kr/web/image/0AUDLJ08S_00036/,34,동영상,,4주차
,http://openapi.kspo.or.kr/web/video/,성인을 위한 주간 운동프로그램 중 4주차에 해당하는 표준운동프로그램,266594598,29.97,503,1920*1080,성인,4032,0AUDLJ08S_00036_SC_00039.jpeg,2021,준비 운동,1601,한국어,어깨 돌리기,20221004,성인기 4주차 운동프로그램,134.534,,mp4,0AUDLJ08S_00036.mp4,http://openapi.kspo.or.kr/web/image/0AUDLJ08S_00036/,35,동영상,,4주차
,http://openapi.kspo.or.kr/web/video/,성인을 위한 주간 운동프로그램 중 4주차에 해당하는 표준운동프로그램,266594598,29.97,504,1920*1080,성인,4090,0AUDLJ08S_00036_SC_00040.jpeg,2021,준비 운동,1601,한국어,어깨 돌리기,20221004,성인기 4주차 운동프로그램,136.469,,mp4,0AUDLJ08S_00036.mp4,http://openapi.kspo.or.kr/web/image/0AUDLJ08S_00036/,36,동영상,,4주차
,http://openapi.kspo.or.kr/web/video/,성인을 위한 주간 운동프로그램 중 4주차에 해당하는 표준운동프로그램,266594598,29.97,505,1920*1080,성인,4119,0AUDLJ08S_00036_SC_00041.jpeg,2021,준비 운동,1601,한국어,어깨 돌리기,20221004,성인기 4주차 운동프로그램,137.437,,mp4,0AUDLJ08S_00036.mp4,http://openapi.kspo.or.kr/web/image/0AUDLJ08S_00036/,37,동영상,,4주차
,http://openapi.kspo.or.kr/web/video/,성인을 위한 주간 운동프로그램 중 4주차에 해당하는 표준운동프로그램,266594598,29.97,506,1920*1080,성인,4235,0AUDLJ08S_00036_SC_00042.jpeg,2021,준비 운동,1601,한국어,어깨 돌리기,20221004,성인기 4주차 운동프로그램,141.307,,mp4,0AUDLJ08S_00036.mp4,http://openapi.kspo.or.kr/web/image/0AUDLJ08S_00036/,38,동영상,,4주차
,http://openapi.kspo.or.kr/web/video/,성인을 위한 주간 운동프로그램 중 4주차에 해당하는 표준운동프로그램,266594598,29.97,507,1920*1080,성인,4264,0AUDLJ08S_00036_SC_00043.jpeg,2021,준비 운동,1601,한국어,어깨 돌리기,20221004,성인기 4주차 운동프로그램,142.275,,mp4,0AUDLJ08S_00036.mp4,http://openapi.kspo.or.kr/web/image/0AUDLJ08S_00036/,39,동영상,,4주차
,http://openapi.kspo.or.kr/web/video/,성인을 위한 주간 운동프로그램 중 4주차에 해당하는 표준운동프로그램,266594598,29.97,508,1920*1080,성인,4293,0AUDLJ08S_00036_SC_00044.jpeg,2021,준비 운동,1601,한국어,어깨 돌리기,20221004,성인기 4주차 운동프로그램,143.243,,mp4,0AUDLJ08S_00036.mp4,http://openapi.kspo.or.kr/web/image/0AUDLJ08S_00036/,40,동영상,,4주차
,http://openapi.kspo.or.kr/web/video/,성인을 위한 주간 운동프로그램 중 4주차에 해당하는 표준운동프로그램,266594598,29.97,509,1920*1080,성인,4322,0AUDLJ08S_00036_SC_00045.jpeg,2021,준비 운동,1601,한국어,어깨 돌리기,20221004,성인기 4주차 운동프로그램,144.21,,mp4,0AUDLJ08S_00036.mp4,http://openapi.kspo.or.kr/web/image/0AUDLJ08S_00036/,41,동영상,,4주차
,http://openapi.kspo.or.kr/web/video/,성인을 위한 주간 운동프로그램 중 4주차에 해당하는 표준운동프로그램,266594598,29.97,510,1920*1080,성인,4583,0AUDLJ08S_00036_SC_00046.jpeg,2021,준비 운동,1601,한국어,목 돌리기,20221004,성인기 4주차 운동프로그램,152.919,,mp4,0AUDLJ08S_00036.mp4,http://openapi.kspo.or.kr/web/image/0AUDLJ08S_00036/,42,동영상,,4주차
,http://openapi.kspo.or.kr/web/video/,성인을 위한 주간 운동프로그램 중 4주차에 해당하는 표준운동프로그램,266594598,29.97,511,1920*1080,성인,4757,0AUDLJ08S_00036_SC_00047.jpeg,2021,준비 운동,1601,한국어,목 돌리기,20221004,성인기 4주차 운동프로그램,158.725,,mp4,0AUDLJ08S_00036.mp4,http://openapi.kspo.or.kr/web/image/0AUDLJ08S_00036/,43,동영상,,4주차
,http://openapi.kspo.or.kr/web/video/,성인을 위한 주간 운동프로그램 중 4주차에 해당하는 표준운동프로그램,266594598,29.97,512,1920*1080,성인,4989,0AUDLJ08S_00036_SC_00048.jpeg,2021,준비 운동,1601,한국어,목 돌리기,20221004,성인기 4주차 운동프로그램,166.466,,mp4,0AUDLJ08S_00036.mp4,http://openapi.kspo.or.kr/web/image/0AUDLJ08S_00036/,44,동영상,,4주차
,http://openapi.kspo.or.kr/web/video/,성인을 위한 주간 운동프로그램 중 4주차에 해당하는 표준운동프로그램,266594598,29.97,513,1920*1080,성인,5134,0AUDLJ08S_00036_SC_00049.jpeg,2021,준비 운동,1601,한국어,목 돌리기,20221004,성인기 4주차 운동프로그램,171.304,,mp4,0AUDLJ08S_00036.mp4,http://openapi.kspo.or.kr/web/image/0AUDLJ08S_00036/,45,동영상,,4주차
,http://openapi.kspo.or.kr/web/video/,성인을 위한 주간 운동프로그램 중 4주차에 해당하는 표준운동프로그램,266594598,29.97,514,1920*1080,성인,5366,0AUDLJ08S_00036_SC_00050.jpeg,2021,준비 운동,1601,한국어,제자리 걷기(Walking in place),20221004,성인기 4주차 운동프로그램,179.045,,mp4,0AUDLJ08S_00036.mp4,http://openapi.kspo.or.kr/web/image/0AUDLJ08S_00036/,46,동영상,,4주차
,http://openapi.kspo.or.kr/web/video/,성인을 위한 주간 운동프로그램 중 4주차에 해당하는 표준운동프로그램,266594598,29.97,515,1920*1080,성인,5424,0AUDLJ08S_00036_SC_00051.jpeg,2021,준비 운동,1601,한국어,제자리 걷기(Walking in place),20221004,성인기 4주차 운동프로그램,180.98,,mp4,0AUDLJ08S_00036.mp4,http://openapi.kspo.or.kr/web/image/0AUDLJ08S_00036/,47,동영상,,4주차
,http://openapi.kspo.or.kr/web/video/,성인을 위한 주간 운동프로그램 중 4주차에 해당하는 표준운동프로그램,266594598,29.97,516,1920*1080,성인,5482,0AUDLJ08S_00036_SC_00052.jpeg,2021,준비 운동,1601,한국어,제자리 걷기(Walking in place),20221004,성인기 4주차 운동프로그램,182.916,,mp4,0AUDLJ08S_00036.mp4,http://openapi.kspo.or.kr/web/image/0AUDLJ08S_00036/,48,동영상,,4주차
,http://openapi.kspo.or.kr/web/video/,성인을 위한 주간 운동프로그램 중 4주차에 해당하는 표준운동프로그램,266594598,29.97,517,1920*1080,성인,5627,0AUDLJ08S_00036_SC_00053.jpeg,2021,준비 운동,1601,한국어,제자리 걷기(Walking in place),20221004,성인기 4주차 운동프로그램,187.754,,mp4,0AUDLJ08S_00036.mp4,http://openapi.kspo.or.kr/web/image/0AUDLJ08S_00036/,49,동영상,,4주차
,http://openapi.kspo.or.kr/web/video/,성인을 위한 주간 운동프로그램 중 4주차에 해당하는 표준운동프로그램,266594598,29.97,518,1920*1080,성인,5685,0AUDLJ08S_00036_SC_00054.jpeg,2021,준비 운동,1601,한국어,제자리 걷기(Walking in place),20221004,성인기 4주차 운동프로그램,189.689,,mp4,0AUDLJ08S_00036.mp4,http://openapi.kspo.or.kr/web/image/0AUDLJ08S_00036/,50,동영상,,4주차
,http://openapi.kspo.or.kr/web/video/,성인을 위한 주간 운동프로그램 중 4주차에 해당하는 표준운동프로그램,266594598,29.97,519,1920*1080,성인,5743,0AUDLJ08S_00036_SC_00055.jpeg,2021,준비 운동,1601,한국어,제자리 걷기(Walking in place),20221004,성인기 4주차 운동프로그램,191.624,,mp4,0AUDLJ08S_00036.mp4,http://openapi.kspo.or.kr/web/image/0AUDLJ08S_00036/,51,동영상,,4주차
,http://openapi.kspo.or.kr/web/video/,성인을 위한 주간 운동프로그램 중 4주차에 해당하는 표준운동프로그램,266594598,29.97,520,1920*1080,성인,5801,0AUDLJ08S_00036_SC_00056.jpeg,2021,준비 운동,1601,한국어,제자리 걷기(Walking in place),20221004,성인기 4주차 운동프로그램,193.56,,mp4,0AUDLJ08S_00036.mp4,http://openapi.kspo.or.kr/web/image/0AUDLJ08S_00036/,52,동영상,,4주차
,http://openapi.kspo.or.kr/web/video/,성인을 위한 주간 운동프로그램 중 4주차에 해당하는 표준운동프로그램,266594598,29.97,521,1920*1080,성인,5859,0AUDLJ08S_00036_SC_00057.jpeg,2021,준비 운동,1601,한국어,제자리 걷기(Walking in place),20221004,성인기 4주차 운동프로그램,195.495,,mp4,0AUDLJ08S_00036.mp4,http://openapi.kspo.or.kr/web/image/0AUDLJ08S_00036/,53,동영상,,4주차
,http://openapi.kspo.or.kr/web/video/,성인을 위한 주간 운동프로그램 중 4주차에 해당하는 표준운동프로그램,266594598,29.97,522,1920*1080,성인,6062,0AUDLJ08S_00036_SC_00058.jpeg,2021,준비 운동,1601,한국어,가볍게 달리기(Jogging in place),20221004,성인기 4주차 운동프로그램,202.268,,mp4,0AUDLJ08S_00036.mp4,http://openapi.kspo.or.kr/web/image/0AUDLJ08S_00036/,54,동영상,,4주차
,http://openapi.kspo.or.kr/web/video/,성인을 위한 주간 운동프로그램 중 4주차에 해당하는 표준운동프로그램,266594598,29.97,523,1920*1080,성인,6120,0AUDLJ08S_00036_SC_00059.jpeg,2021,준비 운동,1601,한국어,가볍게 달리기(Jogging in place),20221004,성인기 4주차 운동프로그램,204.204,,mp4,0AUDLJ08S_00036.mp4,http://openapi.kspo.or.kr/web/image/0AUDLJ08S_00036/,55,동영상,,4주차
,http://openapi.kspo.or.kr/web/video/,성인을 위한 주간 운동프로그램 중 4주차에 해당하는 표준운동프로그램,266594598,29.97,524,1920*1080,성인,6178,0AUDLJ08S_00036_SC_00060.jpeg,2021,준비 운동,1601,한국어,가볍게 달리기(Jogging in place),20221004,성인기 4주차 운동프로그램,206.139,,mp4,0AUDLJ08S_00036.mp4,http://openapi.kspo.or.kr/web/image/0AUDLJ08S_00036/,56,동영상,,4주차
,http://openapi.kspo.or.kr/web/video/,성인을 위한 주간 운동프로그램 중 4주차에 해당하는 표준운동프로그램,266594598,29.97,525,1920*1080,성인,6265,0AUDLJ08S_00036_SC_00061.jpeg,2021,준비 운동,1601,한국어,가볍게 달리기(Jogging in place),20221004,성인기 4주차 운동프로그램,209.042,,mp4,0AUDLJ08S_00036.mp4,http://openapi.kspo.or.kr/web/image/0AUDLJ08S_00036/,57,동영상,,4주차
,http://openapi.kspo.or.kr/web/video/,성인을 위한 주간 운동프로그램 중 4주차에 해당하는 표준운동프로그램,266594598,29.97,526,1920*1080,성인,6323,0AUDLJ08S_00036_SC_00062.jpeg,2021,준비 운동,1601,한국어,가볍게 달리기(Jogging in place),20221004,성인기 4주차 운동프로그램,210.977,,mp4,0AUDLJ08S_00036.mp4,http://openapi.kspo.or.kr/web/image/0AUDLJ08S_00036/,58,동영상,,4주차
,http://openapi.kspo.or.kr/web/video/,성인을 위한 주간 운동프로그램 중 4주차에 해당하는 표준운동프로그램,266594598,29.97,527,1920*1080,성인,6381,0AUDLJ08S_00036_SC_00063.jpeg,2021,준비 운동,1601,한국어,가볍게 달리기(Jogging in place),20221004,성인기 4주차 운동프로그램,212.912,,mp4,0AUDLJ08S_00036.mp4,http://openapi.kspo.or.kr/web/image/0AUDLJ08S_00036/,59,동영상,,4주차
,http://openapi.kspo.or.kr/web/video/,성인을 위한 주간 운동프로그램 중 4주차에 해당하는 표준운동프로그램,266594598,29.97,528,1920*1080,성인,6497,0AUDLJ08S_00036_SC_00064.jpeg,2021,준비 운동,1601,한국어,가볍게 달리기(Jogging in place),20221004,성인기 4주차 운동프로그램,216.783,,mp4,0AUDLJ08S_00036.mp4,http://openapi.kspo.or.kr/web/image/0AUDLJ08S_00036/,60,동영상,,4주차
,http://openapi.kspo.or.kr/web/video/,성인을 위한 주간 운동프로그램 중 4주차에 해당하는 표준운동프로그램,266594598,29.97,529,1920*1080,성인,6584,0AUDLJ08S_00036_SC_00065.jpeg,2021,준비 운동,1601,한국어,가볍게 달리기(Jogging in place),20221004,성인기 4주차 운동프로그램,219.686,,mp4,0AUDLJ08S_00036.mp4,http://openapi.kspo.or.kr/web/image/0AUDLJ08S_00036/,61,동영상,,4주차
,http://openapi.kspo.or.kr/web/video/,성인을 위한 주간 운동프로그램 중 4주차에 해당하는 표준운동프로그램,266594598,29.97,530,1920*1080,성인,6903,0AUDLJ08S_00036_SC_00066.jpeg,2021,준비 운동,1601,한국어,무릎 스트레칭(Butt kicks),20221004,성인기 4주차 운동프로그램,230.33,,mp4,0AUDLJ08S_00036.mp4,http://openapi.kspo.or.kr/web/image/0AUDLJ08S_00036/,62,동영상,,4주차
,http://openapi.kspo.or.kr/web/video/,성인을 위한 주간 운동프로그램 중 4주차에 해당하는 표준운동프로그램,266594598,29.97,531,1920*1080,성인,7019,0AUDLJ08S_00036_SC_00067.jpeg,2021,준비 운동,1601,한국어,무릎 스트레칭(Butt kicks),20221004,성인기 4주차 운동프로그램,234.2,,mp4,0AUDLJ08S_00036.mp4,http://openapi.kspo.or.kr/web/image/0AUDLJ08S_00036/,63,동영상,,4주차
,http://openapi.kspo.or.kr/web/video/,성인을 위한 주간 운동프로그램 중 4주차에 해당하는 표준운동프로그램,266594598,29.97,532,1920*1080,성인,7077,0AUDLJ08S_00036_SC_00068.jpeg,2021,준비 운동,1601,한국어,무릎 스트레칭(Butt kicks),20221004,성인기 4주차 운동프로그램,236.135,,mp4,0AUDLJ08S_00036.mp4,http://openapi.kspo.or.kr/web/image/0AUDLJ08S_00036/,64,동영상,,4주차
,http://openapi.kspo.or.kr/web/video/,성인을 위한 주간 운동프로그램 중 4주차에 해당하는 표준운동프로그램,266594598,29.97,533,1920*1080,성인,7193,0AUDLJ08S_00036_SC_00069.jpeg,2021,준비 운동,1601,한국어,무릎 스트레칭(Butt kicks),20221004,성인기 4주차 운동프로그램,240.006,,mp4,0AUDLJ08S_00036.mp4,http://openapi.kspo.or.kr/web/image/0AUDLJ08S_00036/,65,동영상,,4주차
,http://openapi.kspo.or.kr/web/video/,성인을 위한 주간 운동프로그램 중 4주차에 해당하는 표준운동프로그램,266594598,29.97,534,1920*1080,성인,7309,0AUDLJ08S_00036_SC_00070.jpeg,2021,준비 운동,1601,한국어,무릎 스트레칭(Butt kicks),20221004,성인기 4주차 운동프로그램,243.876,,mp4,0AUDLJ08S_00036.mp4,http://openapi.kspo.or.kr/web/image/0AUDLJ08S_00036/,66,동영상,,4주차
,http://openapi.kspo.or.kr/web/video/,성인을 위한 주간 운동프로그램 중 4주차에 해당하는 표준운동프로그램,266594598,29.97,535,1920*1080,성인,7367,0AUDLJ08S_00036_SC_00071.jpeg,2021,준비 운동,1601,한국어,무릎 스트레칭(Butt kicks),20221004,성인기 4주차 운동프로그램,245.812,,mp4,0AUDLJ08S_00036.mp4,http://openapi.kspo.or.kr/web/image/0AUDLJ08S_00036/,67,동영상,,4주차
,http://openapi.kspo.or.kr/web/video/,성인을 위한 주간 운동프로그램 중 4주차에 해당하는 표준운동프로그램,266594598,29.97,536,1920*1080,성인,7686,0AUDLJ08S_00036_SC_00072.jpeg,2021,준비 운동,1601,한국어,엉덩관절 스트레칭(High knee pull),20221004,성인기 4주차 운동프로그램,256.456,,mp4,0AUDLJ08S_00036.mp4,http://openapi.kspo.or.kr/web/image/0AUDLJ08S_00036/,68,동영상,,4주차
,http://openapi.kspo.or.kr/web/video/,성인을 위한 주간 운동프로그램 중 4주차에 해당하는 표준운동프로그램,266594598,29.97,537,1920*1080,성인,7831,0AUDLJ08S_00036_SC_00073.jpeg,2021,준비 운동,1601,한국어,엉덩관절 스트레칭(High knee pull),20221004,성인기 4주차 운동프로그램,261.294,,mp4,0AUDLJ08S_00036.mp4,http://openapi.kspo.or.kr/web/image/0AUDLJ08S_00036/,69,동영상,,4주차
,http://openapi.kspo.or.kr/web/video/,성인을 위한 주간 운동프로그램 중 4주차에 해당하는 표준운동프로그램,266594598,29.97,538,1920*1080,성인,7918,0AUDLJ08S_00036_SC_00074.jpeg,2021,준비 운동,1601,한국어,엉덩관절 스트레칭(High knee pull),20221004,성인기 4주차 운동프로그램,264.197,,mp4,0AUDLJ08S_00036.mp4,http://openapi.kspo.or.kr/web/image/0AUDLJ08S_00036/,70,동영상,,4주차
,http://openapi.kspo.or.kr/web/video/,성인을 위한 주간 운동프로그램 중 4주차에 해당하는 표준운동프로그램,266594598,29.97,539,1920*1080,성인,8034,0AUDLJ08S_00036_SC_00075.jpeg,2021,준비 운동,1601,한국어,엉덩관절 스트레칭(High knee pull),20221004,성인기 4주차 운동프로그램,268.067,,mp4,0AUDLJ08S_00036.mp4,http://openapi.kspo.or.kr/web/image/0AUDLJ08S_00036/,71,동영상,,4주차
,http://openapi.kspo.or.kr/web/video/,성인을 위한 주간 운동프로그램 중 4주차에 해당하는 표준운동프로그램,266594598,29.97,540,1920*1080,성인,8150,0AUDLJ08S_00036_SC_00076.jpeg,2021,준비 운동,1601,한국어,엉덩관절 스트레칭(High knee pull),20221004,성인기 4주차 운동프로그램,271.938,,mp4,0AUDLJ08S_00036.mp4,http://openapi.kspo.or.kr/web/image/0AUDLJ08S_00036/,72,동영상,,4주차
,http://openapi.kspo.or.kr/web/video/,성인을 위한 주간 운동프로그램 중 4주차에 해당하는 표준운동프로그램,266594598,29.97,541,1920*1080,성인,8237,0AUDLJ08S_00036_SC_00077.jpeg,2021,준비 운동,1601,한국어,엉덩관절 스트레칭(High knee pull),20221004,성인기 4주차 운동프로그램,274.841,,mp4,0AUDLJ08S_00036.mp4,http://openapi.kspo.or.kr/web/image/0AUDLJ08S_00036/,73,동영상,,4주차
,http://openapi.kspo.or.kr/web/video/,성인을 위한 주간 운동프로그램 중 4주차에 해당하는 표준운동프로그램,266594598,29.97,542,1920*1080,성인,8701,0AUDLJ08S_00036_SC_00078.jpeg,2021,준비 운동,1601,한국어,엉덩관절/어깨 스트레칭(Dynamic hamstring stretch),20221004,성인기 4주차 운동프로그램,290.323,,mp4,0AUDLJ08S_00036.mp4,http://openapi.kspo.or.kr/web/image/0AUDLJ08S_00036/,74,동영상,,4주차
,http://openapi.kspo.or.kr/web/video/,성인을 위한 주간 운동프로그램 중 4주차에 해당하는 표준운동프로그램,266594598,29.97,543,1920*1080,성인,8846,0AUDLJ08S_00036_SC_00079.jpeg,2021,준비 운동,1601,한국어,엉덩관절/어깨 스트레칭(Dynamic hamstring stretch),20221004,성인기 4주차 운동프로그램,295.161,,mp4,0AUDLJ08S_00036.mp4,http://openapi.kspo.or.kr/web/image/0AUDLJ08S_00036/,75,동영상,,4주차
,http://openapi.kspo.or.kr/web/video/,성인을 위한 주간 운동프로그램 중 4주차에 해당하는 표준운동프로그램,266594598,29.97,544,1920*1080,성인,8991,0AUDLJ08S_00036_SC_00080.jpeg,2021,준비 운동,1601,한국어,엉덩관절/어깨 스트레칭(Dynamic hamstring stretch),20221004,성인기 4주차 운동프로그램,299.999,,mp4,0AUDLJ08S_00036.mp4,http://openapi.kspo.or.kr/web/image/0AUDLJ08S_00036/,76,동영상,,4주차
,http://openapi.kspo.or.kr/web/video/,성인을 위한 주간 운동프로그램 중 4주차에 해당하는 표준운동프로그램,266594598,29.97,545,1920*1080,성인,9136,0AUDLJ08S_00036_SC_00081.jpeg,2021,준비 운동,1601,한국어,엉덩관절/어깨 스트레칭(Dynamic hamstring stretch),20221004,성인기 4주차 운동프로그램,304.837,,mp4,0AUDLJ08S_00036.mp4,http://openapi.kspo.or.kr/web/image/0AUDLJ08S_00036/,77,동영상,,4주차
,http://openapi.kspo.or.kr/web/video/,성인을 위한 주간 운동프로그램 중 4주차에 해당하는 표준운동프로그램,266594598,29.97,546,1920*1080,성인,9281,0AUDLJ08S_00036_SC_00082.jpeg,2021,준비 운동,1601,한국어,엉덩관절/어깨 스트레칭(Dynamic hamstring stretch),20221004,성인기 4주차 운동프로그램,309.676,,mp4,0AUDLJ08S_00036.mp4,http://openapi.kspo.or.kr/web/image/0AUDLJ08S_00036/,78,동영상,,4주차
,http://openapi.kspo.or.kr/web/video/,성인을 위한 주간 운동프로그램 중 4주차에 해당하는 표준운동프로그램,266594598,29.97,547,1920*1080,성인,9339,0AUDLJ08S_00036_SC_00083.jpeg,2021,준비 운동,1601,한국어,엉덩관절/어깨 스트레칭(Dynamic hamstring stretch),20221004,성인기 4주차 운동프로그램,311.611,,mp4,0AUDLJ08S_00036.mp4,http://openapi.kspo.or.kr/web/image/0AUDLJ08S_00036/,79,동영상,,4주차
,http://openapi.kspo.or.kr/web/video/,성인을 위한 주간 운동프로그램 중 4주차에 해당하는 표준운동프로그램,266594598,29.97,548,1920*1080,성인,9542,0AUDLJ08S_00036_SC_00085.jpeg,2021,준비 운동,1601,한국어,무릎/허리/어깨 스트레칭(Trunk circle stretch),20221004,성인기 4주차 운동프로그램,318.384,,mp4,0AUDLJ08S_00036.mp4,http://openapi.kspo.or.kr/web/image/0AUDLJ08S_00036/,80,동영상,,4주차
,http://openapi.kspo.or.kr/web/video/,성인을 위한 주간 운동프로그램 중 4주차에 해당하는 표준운동프로그램,266594598,29.97,549,1920*1080,성인,9832,0AUDLJ08S_00036_SC_00086.jpeg,2021,준비 운동,1601,한국어,무릎/허리/어깨 스트레칭(Trunk circle stretch),20221004,성인기 4주차 운동프로그램,328.061,,mp4,0AUDLJ08S_00036.mp4,http://openapi.kspo.or.kr/web/image/0AUDLJ08S_00036/,81,동영상,,4주차
,http://openapi.kspo.or.kr/web/video/,성인을 위한 주간 운동프로그램 중 4주차에 해당하는 표준운동프로그램,266594598,29.97,550,1920*1080,성인,9948,0AUDLJ08S_00036_SC_00087.jpeg,2021,준비 운동,1601,한국어,무릎/허리/어깨 스트레칭(Trunk circle stretch),20221004,성인기 4주차 운동프로그램,331.931,,mp4,0AUDLJ08S_00036.mp4,http://openapi.kspo.or.kr/web/image/0AUDLJ08S_00036/,82,동영상,,4주차
,http://openapi.kspo.or.kr/web/video/,성인을 위한 주간 운동프로그램 중 4주차에 해당하는 표준운동프로그램,266594598,29.97,551,1920*1080,성인,10093,0AUDLJ08S_00036_SC_00088.jpeg,2021,준비 운동,1601,한국어,무릎/허리/어깨 스트레칭(Trunk circle stretch),20221004,성인기 4주차 운동프로그램,336.769,,mp4,0AUDLJ08S_00036.mp4,http://openapi.kspo.or.kr/web/image/0AUDLJ08S_00036/,83,동영상,,4주차
,http://openapi.kspo.or.kr/web/video/,성인을 위한 주간 운동프로그램 중 4주차에 해당하는 표준운동프로그램,266594598,29.97,552,1920*1080,성인,10151,0AUDLJ08S_00036_SC_00089.jpeg,2021,준비 운동,1601,한국어,무릎/허리/어깨 스트레칭(Trunk circle stretch),20221004,성인기 4주차 운동프로그램,338.705,,mp4,0AUDLJ08S_00036.mp4,http://openapi.kspo.or.kr/web/image/0AUDLJ08S_00036/,84,동영상,,4주차
,http://openapi.kspo.or.kr/web/video/,성인을 위한 주간 운동프로그램 중 4주차에 해당하는 표준운동프로그램,266594598,29.97,553,1920*1080,성인,10209,0AUDLJ08S_00036_SC_00090.jpeg,2021,준비 운동,1601,한국어,무릎/허리/어깨 스트레칭(Trunk circle stretch),20221004,성인기 4주차 운동프로그램,340.64,,mp4,0AUDLJ08S_00036.mp4,http://openapi.kspo.or.kr/web/image/0AUDLJ08S_00036/,85,동영상,,4주차
,http://openapi.kspo.or.kr/web/video/,성인을 위한 주간 운동프로그램 중 4주차에 해당하는 표준운동프로그램,266594598,29.97,554,1920*1080,성인,10470,0AUDLJ08S_00036_SC_00091.jpeg,2021,준비 운동,1601,한국어,무릎/허리/어깨 스트레칭(Trunk circle stretch),20221004,성인기 4주차 운동프로그램,349.349,,mp4,0AUDLJ08S_00036.mp4,http://openapi.kspo.or.kr/web/image/0AUDLJ08S_00036/,86,동영상,,4주차
,http://openapi.kspo.or.kr/web/video/,성인을 위한 주간 운동프로그램 중 4주차에 해당하는 표준운동프로그램,266594598,29.97,555,1920*1080,성인,10499,0AUDLJ08S_00036_SC_00092.jpeg,2021,준비 운동,1601,한국어,무릎/허리/어깨 스트레칭(Trunk circle stretch),20221004,성인기 4주차 운동프로그램,350.316,,mp4,0AUDLJ08S_00036.mp4,http://openapi.kspo.or.kr/web/image/0AUDLJ08S_00036/,87,동영상,,4주차
,http://openapi.kspo.or.kr/web/video/,성인을 위한 주간 운동프로그램 중 4주차에 해당하는 표준운동프로그램,266594598,29.97,556,1920*1080,성인,10557,0AUDLJ08S_00036_SC_00093.jpeg,2021,준비 운동,1601,한국어,무릎/허리/어깨 스트레칭(Trunk circle stretch),20221004,성인기 4주차 운동프로그램,352.251,,mp4,0AUDLJ08S_00036.mp4,http://openapi.kspo.or.kr/web/image/0AUDLJ08S_00036/,88,동영상,,4주차
,http://openapi.kspo.or.kr/web/video/,성인을 위한 주간 운동프로그램 중 4주차에 해당하는 표준운동프로그램,266594598,29.97,557,1920*1080,성인,10934,0AUDLJ08S_00036_SC_00094.jpeg,2021,준비 운동,1601,한국어,무릎/허리/어깨 스트레칭(Trunk circle stretch),20221004,성인기 4주차 운동프로그램,364.831,,mp4,0AUDLJ08S_00036.mp4,http://openapi.kspo.or.kr/web/image/0AUDLJ08S_00036/,89,동영상,,4주차
,http://openapi.kspo.or.kr/web/video/,성인을 위한 주간 운동프로그램 중 4주차에 해당하는 표준운동프로그램,266594598,29.97,558,1920*1080,성인,11050,0AUDLJ08S_00036_SC_00095.jpeg,2021,준비 운동,1601,한국어,무릎/허리/어깨 스트레칭(Trunk circle stretch),20221004,성인기 4주차 운동프로그램,368.701,,mp4,0AUDLJ08S_00036.mp4,http://openapi.kspo.or.kr/web/image/0AUDLJ08S_00036/,90,동영상,,4주차
,http://openapi.kspo.or.kr/web/video/,성인을 위한 주간 운동프로그램 중 4주차에 해당하는 표준운동프로그램,266594598,29.97,559,1920*1080,성인,11253,0AUDLJ08S_00036_SC_00096.jpeg,2021,준비 운동,1601,한국어,무릎/허리/어깨 스트레칭(Trunk circle stretch),20221004,성인기 4주차 운동프로그램,375.475,,mp4,0AUDLJ08S_00036.mp4,http://openapi.kspo.or.kr/web/image/0AUDLJ08S_00036/,91,동영상,,4주차
,http://openapi.kspo.or.kr/web/video/,성인을 위한 주간 운동프로그램 중 4주차에 해당하는 표준운동프로그램,266594598,29.97,560,1920*1080,성인,11456,0AUDLJ08S_00036_SC_00097.jpeg,2021,준비 운동,1601,한국어,무릎/허리/어깨 스트레칭(Trunk circle stretch),20221004,성인기 4주차 운동프로그램,382.248,,mp4,0AUDLJ08S_00036.mp4,http://openapi.kspo.or.kr/web/image/0AUDLJ08S_00036/,92,동영상,,4주차
,http://openapi.kspo.or.kr/web/video/,성인을 위한 주간 운동프로그램 중 4주차에 해당하는 표준운동프로그램,266594598,29.97,561,1920*1080,성인,11891,0AUDLJ08S_00036_SC_00098.jpeg,2021,준비 운동,1601,한국어,어깨 스트레칭(Arm circles),20221004,성인기 4주차 운동프로그램,396.763,,mp4,0AUDLJ08S_00036.mp4,http://openapi.kspo.or.kr/web/image/0AUDLJ08S_00036/,93,동영상,,4주차
,http://openapi.kspo.or.kr/web/video/,성인을 위한 주간 운동프로그램 중 4주차에 해당하는 표준운동프로그램,266594598,29.97,562,1920*1080,성인,12007,0AUDLJ08S_00036_SC_00099.jpeg,2021,준비 운동,1601,한국어,어깨 스트레칭(Arm circles),20221004,성인기 4주차 운동프로그램,400.633,,mp4,0AUDLJ08S_00036.mp4,http://openapi.kspo.or.kr/web/image/0AUDLJ08S_00036/,94,동영상,,4주차
,http://openapi.kspo.or.kr/web/video/,성인을 위한 주간 운동프로그램 중 4주차에 해당하는 표준운동프로그램,266594598,29.97,563,1920*1080,성인,12123,0AUDLJ08S_00036_SC_00100.jpeg,2021,준비 운동,1601,한국어,어깨 스트레칭(Arm circles),20221004,성인기 4주차 운동프로그램,404.504,,mp4,0AUDLJ08S_00036.mp4,http://openapi.kspo.or.kr/web/image/0AUDLJ08S_00036/,95,동영상,,4주차
,http://openapi.kspo.or.kr/web/video/,성인을 위한 주간 운동프로그램 중 4주차에 해당하는 표준운동프로그램,266594598,29.97,564,1920*1080,성인,12326,0AUDLJ08S_00036_SC_00101.jpeg,2021,준비 운동,1601,한국어,어깨 스트레칭(Arm circles),20221004,성인기 4주차 운동프로그램,411.277,,mp4,0AUDLJ08S_00036.mp4,http://openapi.kspo.or.kr/web/image/0AUDLJ08S_00036/,96,동영상,,4주차
,http://openapi.kspo.or.kr/web/video/,성인을 위한 주간 운동프로그램 중 4주차에 해당하는 표준운동프로그램,266594598,29.97,565,1920*1080,성인,12442,0AUDLJ08S_00036_SC_00102.jpeg,2021,준비 운동,1601,한국어,어깨 스트레칭(Arm circles),20221004,성인기 4주차 운동프로그램,415.148,,mp4,0AUDLJ08S_00036.mp4,http://openapi.kspo.or.kr/web/image/0AUDLJ08S_00036/,97,동영상,,4주차
,http://openapi.kspo.or.kr/web/video/,성인을 위한 주간 운동프로그램 중 4주차에 해당하는 표준운동프로그램,266594598,29.97,566,1920*1080,성인,12587,0AUDLJ08S_00036_SC_00104.jpeg,2021,준비 운동,1601,한국어,몸통/어깨 스트레칭(Thoracic rotation stretch),20221004,성인기 4주차 운동프로그램,419.986,,mp4,0AUDLJ08S_00036.mp4,http://openapi.kspo.or.kr/web/image/0AUDLJ08S_00036/,98,동영상,,4주차
,http://openapi.kspo.or.kr/web/video/,성인을 위한 주간 운동프로그램 중 4주차에 해당하는 표준운동프로그램,266594598,29.97,567,1920*1080,성인,12935,0AUDLJ08S_00036_SC_00105.jpeg,2021,준비 운동,1601,한국어,등/어깨 스트레칭(Shoulder gators),20221004,성인기 4주차 운동프로그램,431.597,,mp4,0AUDLJ08S_00036.mp4,http://openapi.kspo.or.kr/web/image/0AUDLJ08S_00036/,99,동영상,,4주차
,http://openapi.kspo.or.kr/web/video/,성인을 위한 주간 운동프로그램 중 4주차에 해당하는 표준운동프로그램,266594598,29.97,568,1920*1080,성인,13167,0AUDLJ08S_00036_SC_00106.jpeg,2021,준비 운동,1601,한국어,등/어깨 스트레칭(Shoulder gators),20221004,성인기 4주차 운동프로그램,439.338,,mp4,0AUDLJ08S_00036.mp4,http://openapi.kspo.or.kr/web/image/0AUDLJ08S_00036/,100,동영상,,4주차
,http://openapi.kspo.or.kr/web/video/,성인을 위한 주간 운동프로그램 중 4주차에 해당하는 표준운동프로그램,266594598,29.97,569,1920*1080,성인,13225,0AUDLJ08S_00036_SC_00107.jpeg,2021,준비 운동,1601,한국어,등/어깨 스트레칭(Shoulder gators),20221004,성인기 4주차 운동프로그램,441.274,,mp4,0AUDLJ08S_00036.mp4,http://openapi.kspo.or.kr/web/image/0AUDLJ08S_00036/,101,동영상,,4주차
,http://openapi.kspo.or.kr/web/video/,성인을 위한 주간 운동프로그램 중 4주차에 해당하는 표준운동프로그램,266594598,29.97,570,1920*1080,성인,13428,0AUDLJ08S_00036_SC_00108.jpeg,2021,준비 운동,1601,한국어,등/어깨 스트레칭(Shoulder gators),20221004,성인기 4주차 운동프로그램,448.047,,mp4,0AUDLJ08S_00036.mp4,http://openapi.kspo.or.kr/web/image/0AUDLJ08S_00036/,102,동영상,,4주차
,http://openapi.kspo.or.kr/web/video/,성인을 위한 주간 운동프로그램 중 4주차에 해당하는 표준운동프로그램,266594598,29.97,571,1920*1080,성인,13602,0AUDLJ08S_00036_SC_00109.jpeg,2021,준비 운동,1601,한국어,팔 벌려 뛰기(Jumping jack),20221004,성인기 4주차 운동프로그램,453.853,,mp4,0AUDLJ08S_00036.mp4,http://openapi.kspo.or.kr/web/image/0AUDLJ08S_00036/,103,동영상,,4주차
,http://openapi.kspo.or.kr/web/video/,성인을 위한 주간 운동프로그램 중 4주차에 해당하는 표준운동프로그램,266594598,29.97,572,1920*1080,성인,13718,0AUDLJ08S_00036_SC_00110.jpeg,2021,준비 운동,1601,한국어,팔 벌려 뛰기(Jumping jack),20221004,성인기 4주차 운동프로그램,457.723,,mp4,0AUDLJ08S_00036.mp4,http://openapi.kspo.or.kr/web/image/0AUDLJ08S_00036/,104,동영상,,4주차
,http://openapi.kspo.or.kr/web/video/,성인을 위한 주간 운동프로그램 중 4주차에 해당하는 표준운동프로그램,266594598,29.97,573,1920*1080,성인,13892,0AUDLJ08S_00036_SC_00111.jpeg,2021,준비 운동,1601,한국어,팔 벌려 뛰기(Jumping jack),20221004,성인기 4주차 운동프로그램,463.529,,mp4,0AUDLJ08S_00036.mp4,http://openapi.kspo.or.kr/web/image/0AUDLJ08S_00036/,105,동영상,,4주차
,http://openapi.kspo.or.kr/web/video/,성인을 위한 주간 운동프로그램 중 4주차에 해당하는 표준운동프로그램,266594598,29.97,574,1920*1080,성인,14008,0AUDLJ08S_00036_SC_00112.jpeg,2021,준비 운동,1601,한국어,팔 벌려 뛰기(Jumping jack),20221004,성인기 4주차 운동프로그램,467.4,,mp4,0AUDLJ08S_00036.mp4,http://openapi.kspo.or.kr/web/image/0AUDLJ08S_00036/,106,동영상,,4주차
,http://openapi.kspo.or.kr/web/video/,성인을 위한 주간 운동프로그램 중 4주차에 해당하는 표준운동프로그램,266594598,29.97,575,1920*1080,성인,14124,0AUDLJ08S_00036_SC_00113.jpeg,2021,준비 운동,1601,한국어,팔 벌려 뛰기(Jumping jack),20221004,성인기 4주차 운동프로그램,471.27,,mp4,0AUDLJ08S_00036.mp4,http://openapi.kspo.or.kr/web/image/0AUDLJ08S_00036/,107,동영상,,4주차
,http://openapi.kspo.or.kr/web/video/,성인을 위한 주간 운동프로그램 중 4주차에 해당하는 표준운동프로그램,266594598,29.97,576,1920*1080,성인,14240,0AUDLJ08S_00036_SC_00114.jpeg,2021,준비 운동,1601,한국어,팔 벌려 뛰기(Jumping jack),20221004,성인기 4주차 운동프로그램,475.141,,mp4,0AUDLJ08S_00036.mp4,http://openapi.kspo.or.kr/web/image/0AUDLJ08S_00036/,108,동영상,,4주차
,http://openapi.kspo.or.kr/web/video/,성인을 위한 주간 운동프로그램 중 4주차에 해당하는 표준운동프로그램,266594598,29.97,577,1920*1080,성인,14269,0AUDLJ08S_00036_SC_00115.jpeg,2021,준비 운동,1601,한국어,팔 벌려 뛰기(Jumping jack),20221004,성인기 4주차 운동프로그램,476.108,,mp4,0AUDLJ08S_00036.mp4,http://openapi.kspo.or.kr/web/image/0AUDLJ08S_00036/,109,동영상,,4주차
,http://openapi.kspo.or.kr/web/video/,성인을 위한 주간 운동프로그램 중 4주차에 해당하는 표준운동프로그램,266594598,29.97,578,1920*1080,성인,14588,0AUDLJ08S_00036_SC_00116.jpeg,2021,준비 운동,1601,한국어,숨쉬기(Breathing),20221004,성인기 4주차 운동프로그램,486.752,,mp4,0AUDLJ08S_00036.mp4,http://openapi.kspo.or.kr/web/image/0AUDLJ08S_00036/,110,동영상,,4주차
,http://openapi.kspo.or.kr/web/video/,성인을 위한 주간 운동프로그램 중 4주차에 해당하는 표준운동프로그램,266594598,29.97,579,1920*1080,성인,14791,0AUDLJ08S_00036_SC_00117.jpeg,2021,준비 운동,1601,한국어,숨쉬기(Breathing),20221004,성인기 4주차 운동프로그램,493.526,,mp4,0AUDLJ08S_00036.mp4,http://openapi.kspo.or.kr/web/image/0AUDLJ08S_00036/,111,동영상,,4주차
,http://openapi.kspo.or.kr/web/video/,성인을 위한 주간 운동프로그램 중 4주차에 해당하는 표준운동프로그램,266594598,29.97,580,1920*1080,성인,14965,0AUDLJ08S_00036_SC_00118.jpeg,2021,준비 운동,1601,한국어,숨쉬기(Breathing),20221004,성인기 4주차 운동프로그램,499.332,,mp4,0AUDLJ08S_00036.mp4,http://openapi.kspo.or.kr/web/image/0AUDLJ08S_00036/,112,동영상,,4주차
,http://openapi.kspo.or.kr/web/video/,성인을 위한 주간 운동프로그램 중 4주차에 해당하는 표준운동프로그램,266594598,29.97,581,1920*1080,성인,15168,0AUDLJ08S_00036_SC_00119.jpeg,2021,준비 운동,1601,한국어,,20221004,성인기 4주차 운동프로그램,506.105,,mp4,0AUDLJ08S_00036.mp4,http://openapi.kspo.or.kr/web/image/0AUDLJ08S_00036/,113,동영상,,4주차
,http://openapi.kspo.or.kr/web/video/,성인을 위한 주간 운동프로그램 중 4주차에 해당하는 표준운동프로그램,266594598,29.97,582,1920*1080,성인,15661,0AUDLJ08S_00036_SC_00123.jpeg,2021,본 운동,1601,한국어,무릎 펴서 높게 차기(High kick),20221004,성인기 4주차 운동프로그램,522.555,,mp4,0AUDLJ08S_00036.mp4,http://openapi.kspo.or.kr/web/image/0AUDLJ08S_00036/,114,동영상,,4주차
,http://openapi.kspo.or.kr/web/video/,성인을 위한 주간 운동프로그램 중 4주차에 해당하는 표준운동프로그램,266594598,29.97,583,1920*1080,성인,15922,0AUDLJ08S_00036_SC_00124.jpeg,2021,본 운동,1601,한국어,무릎 펴서 높게 차기(High kick),20221004,성인기 4주차 운동프로그램,531.264,,mp4,0AUDLJ08S_00036.mp4,http://openapi.kspo.or.kr/web/image/0AUDLJ08S_00036/,115,동영상,,4주차
,http://openapi.kspo.or.kr/web/video/,성인을 위한 주간 운동프로그램 중 4주차에 해당하는 표준운동프로그램,266594598,29.97,584,1920*1080,성인,16038,0AUDLJ08S_00036_SC_00125.jpeg,2021,본 운동,1601,한국어,무릎 펴서 높게 차기(High kick),20221004,성인기 4주차 운동프로그램,535.134,,mp4,0AUDLJ08S_00036.mp4,http://openapi.kspo.or.kr/web/image/0AUDLJ08S_00036/,116,동영상,,4주차
,http://openapi.kspo.or.kr/web/video/,성인을 위한 주간 운동프로그램 중 4주차에 해당하는 표준운동프로그램,266594598,29.97,585,1920*1080,성인,16154,0AUDLJ08S_00036_SC_00126.jpeg,2021,본 운동,1601,한국어,무릎 펴서 높게 차기(High kick),20221004,성인기 4주차 운동프로그램,539.005,,mp4,0AUDLJ08S_00036.mp4,http://openapi.kspo.or.kr/web/image/0AUDLJ08S_00036/,117,동영상,,4주차
,http://openapi.kspo.or.kr/web/video/,성인을 위한 주간 운동프로그램 중 4주차에 해당하는 표준운동프로그램,266594598,29.97,586,1920*1080,성인,16270,0AUDLJ08S_00036_SC_00127.jpeg,2021,본 운동,1601,한국어,무릎 펴서 높게 차기(High kick),20221004,성인기 4주차 운동프로그램,542.875,,mp4,0AUDLJ08S_00036.mp4,http://openapi.kspo.or.kr/web/image/0AUDLJ08S_00036/,118,동영상,,4주차
,http://openapi.kspo.or.kr/web/video/,성인을 위한 주간 운동프로그램 중 4주차에 해당하는 표준운동프로그램,266594598,29.97,587,1920*1080,성인,16299,0AUDLJ08S_00036_SC_00128.jpeg,2021,본 운동,1601,한국어,무릎 펴서 높게 차기(High kick),20221004,성인기 4주차 운동프로그램,543.843,,mp4,0AUDLJ08S_00036.mp4,http://openapi.kspo.or.kr/web/image/0AUDLJ08S_00036/,119,동영상,,4주차
,http://openapi.kspo.or.kr/web/video/,성인을 위한 주간 운동프로그램 중 4주차에 해당하는 표준운동프로그램,266594598,29.97,588,1920*1080,성인,16328,0AUDLJ08S_00036_SC_00129.jpeg,2021,본 운동,1601,한국어,무릎 펴서 높게 차기(High kick),20221112,성인기 4주차 운동프로그램,544.81,,mp4,0AUDLJ08S_00036.mp4,http://openapi.kspo.or.kr/web/image/0AUDLJ08S_00036/,120,동영상,,4주차
,http://openapi.kspo.or.kr/web/video/,성인을 위한 주간 운동프로그램 중 4주차에 해당하는 표준운동프로그램,266594598,29.97,589,1920*1080,성인,16386,0AUDLJ08S_00036_SC_00130.jpeg,2021,본 운동,1601,한국어,무릎 펴서 높게 차기(High kick),20221004,성인기 4주차 운동프로그램,546.746,,mp4,0AUDLJ08S_00036.mp4,http://openapi.kspo.or.kr/web/image/0AUDLJ08S_00036/,121,동영상,,4주차
,http://openapi.kspo.or.kr/web/video/,성인을 위한 주간 운동프로그램 중 4주차에 해당하는 표준운동프로그램,266594598,29.97,590,1920*1080,성인,16502,0AUDLJ08S_00036_SC_00131.jpeg,2021,본 운동,1601,한국어,무릎 펴서 높게 차기(High kick),20221004,성인기 4주차 운동프로그램,550.616,,mp4,0AUDLJ08S_00036.mp4,http://openapi.kspo.or.kr/web/image/0AUDLJ08S_00036/,122,동영상,,4주차
,http://openapi.kspo.or.kr/web/video/,성인을 위한 주간 운동프로그램 중 4주차에 해당하는 표준운동프로그램,266594598,29.97,591,1920*1080,성인,16531,0AUDLJ08S_00036_SC_00132.jpeg,2021,본 운동,1601,한국어,무릎 펴서 높게 차기(High kick),20221004,성인기 4주차 운동프로그램,551.584,,mp4,0AUDLJ08S_00036.mp4,http://openapi.kspo.or.kr/web/image/0AUDLJ08S_00036/,123,동영상,,4주차
,http://openapi.kspo.or.kr/web/video/,성인을 위한 주간 운동프로그램 중 4주차에 해당하는 표준운동프로그램,266594598,29.97,592,1920*1080,성인,16560,0AUDLJ08S_00036_SC_00133.jpeg,2021,본 운동,1601,한국어,무릎 펴서 높게 차기(High kick),20221004,성인기 4주차 운동프로그램,552.552,,mp4,0AUDLJ08S_00036.mp4,http://openapi.kspo.or.kr/web/image/0AUDLJ08S_00036/,124,동영상,,4주차
,http://openapi.kspo.or.kr/web/video/,성인을 위한 주간 운동프로그램 중 4주차에 해당하는 표준운동프로그램,266594598,29.97,593,1920*1080,성인,16589,0AUDLJ08S_00036_SC_00134.jpeg,2021,본 운동,1601,한국어,무릎 펴서 높게 차기(High kick),20221004,성인기 4주차 운동프로그램,553.519,,mp4,0AUDLJ08S_00036.mp4,http://openapi.kspo.or.kr/web/image/0AUDLJ08S_00036/,125,동영상,,4주차
,http://openapi.kspo.or.kr/web/video/,성인을 위한 주간 운동프로그램 중 4주차에 해당하는 표준운동프로그램,266594598,29.97,594,1920*1080,성인,16618,0AUDLJ08S_00036_SC_00135.jpeg,2021,본 운동,1601,한국어,무릎 펴서 높게 차기(High kick),20221004,성인기 4주차 운동프로그램,554.487,,mp4,0AUDLJ08S_00036.mp4,http://openapi.kspo.or.kr/web/image/0AUDLJ08S_00036/,126,동영상,,4주차
,http://openapi.kspo.or.kr/web/video/,성인을 위한 주간 운동프로그램 중 4주차에 해당하는 표준운동프로그램,266594598,29.97,595,1920*1080,성인,16705,0AUDLJ08S_00036_SC_00136.jpeg,2021,본 운동,1601,한국어,무릎 펴서 높게 차기(High kick),20221004,성인기 4주차 운동프로그램,557.39,,mp4,0AUDLJ08S_00036.mp4,http://openapi.kspo.or.kr/web/image/0AUDLJ08S_00036/,127,동영상,,4주차
,http://openapi.kspo.or.kr/web/video/,성인을 위한 주간 운동프로그램 중 4주차에 해당하는 표준운동프로그램,266594598,29.97,596,1920*1080,성인,16821,0AUDLJ08S_00036_SC_00138.jpeg,2021,본 운동,1601,한국어,앉았다 일어서기/옆으로 다리 올리기(Squat/Lateral SLR),20221004,성인기 4주차 운동프로그램,561.26,,mp4,0AUDLJ08S_00036.mp4,http://openapi.kspo.or.kr/web/image/0AUDLJ08S_00036/,128,동영상,,4주차
,http://openapi.kspo.or.kr/web/video/,성인을 위한 주간 운동프로그램 중 4주차에 해당하는 표준운동프로그램,266594598,29.97,597,1920*1080,성인,17256,0AUDLJ08S_00036_SC_00139.jpeg,2021,본 운동,1601,한국어,앉았다 일어서기/옆으로 다리 올리기(Squat/Lateral SLR),20221004,성인기 4주차 운동프로그램,575.775,,mp4,0AUDLJ08S_00036.mp4,http://openapi.kspo.or.kr/web/image/0AUDLJ08S_00036/,129,동영상,,4주차
,http://openapi.kspo.or.kr/web/video/,성인을 위한 주간 운동프로그램 중 4주차에 해당하는 표준운동프로그램,266594598,29.97,598,1920*1080,성인,17285,0AUDLJ08S_00036_SC_00140.jpeg,2021,본 운동,1601,한국어,앉았다 일어서기/옆으로 다리 올리기(Squat/Lateral SLR),20221004,성인기 4주차 운동프로그램,576.742,,mp4,0AUDLJ08S_00036.mp4,http://openapi.kspo.or.kr/web/image/0AUDLJ08S_00036/,130,동영상,,4주차
,http://openapi.kspo.or.kr/web/video/,성인을 위한 주간 운동프로그램 중 4주차에 해당하는 표준운동프로그램,266594598,29.97,599,1920*1080,성인,17314,0AUDLJ08S_00036_SC_00141.jpeg,2021,본 운동,1601,한국어,앉았다 일어서기/옆으로 다리 올리기(Squat/Lateral SLR),20221004,성인기 4주차 운동프로그램,577.71,,mp4,0AUDLJ08S_00036.mp4,http://openapi.kspo.or.kr/web/image/0AUDLJ08S_00036/,131,동영상,,4주차
,http://openapi.kspo.or.kr/web/video/,성인을 위한 주간 운동프로그램 중 4주차에 해당하는 표준운동프로그램,266594598,29.97,600,1920*1080,성인,17372,0AUDLJ08S_00036_SC_00142.jpeg,2021,본 운동,1601,한국어,앉았다 일어서기/옆으로 다리 올리기(Squat/Lateral SLR),20221004,성인기 4주차 운동프로그램,579.645,,mp4,0AUDLJ08S_00036.mp4,http://openapi.kspo.or.kr/web/image/0AUDLJ08S_00036/,132,동영상,,4주차
,http://openapi.kspo.or.kr/web/video/,성인을 위한 주간 운동프로그램 중 4주차에 해당하는 표준운동프로그램,266594598,29.97,601,1920*1080,성인,17401,0AUDLJ08S_00036_SC_00143.jpeg,2021,본 운동,1601,한국어,앉았다 일어서기/옆으로 다리 올리기(Squat/Lateral SLR),20221004,성인기 4주차 운동프로그램,580.613,,mp4,0AUDLJ08S_00036.mp4,http://openapi.kspo.or.kr/web/image/0AUDLJ08S_00036/,133,동영상,,4주차
,http://openapi.kspo.or.kr/web/video/,성인을 위한 주간 운동프로그램 중 4주차에 해당하는 표준운동프로그램,266594598,29.97,602,1920*1080,성인,17430,0AUDLJ08S_00036_SC_00144.jpeg,2021,본 운동,1601,한국어,앉았다 일어서기/옆으로 다리 올리기(Squat/Lateral SLR),20221004,성인기 4주차 운동프로그램,581.581,,mp4,0AUDLJ08S_00036.mp4,http://openapi.kspo.or.kr/web/image/0AUDLJ08S_00036/,134,동영상,,4주차
,http://openapi.kspo.or.kr/web/video/,성인을 위한 주간 운동프로그램 중 4주차에 해당하는 표준운동프로그램,266594598,29.97,603,1920*1080,성인,17488,0AUDLJ08S_00036_SC_00145.jpeg,2021,본 운동,1601,한국어,앉았다 일어서기/옆으로 다리 올리기(Squat/Lateral SLR),20221004,성인기 4주차 운동프로그램,583.516,,mp4,0AUDLJ08S_00036.mp4,http://openapi.kspo.or.kr/web/image/0AUDLJ08S_00036/,135,동영상,,4주차
,http://openapi.kspo.or.kr/web/video/,성인을 위한 주간 운동프로그램 중 4주차에 해당하는 표준운동프로그램,266594598,29.97,604,1920*1080,성인,17517,0AUDLJ08S_00036_SC_00146.jpeg,2021,본 운동,1601,한국어,앉았다 일어서기/옆으로 다리 올리기(Squat/Lateral SLR),20221004,성인기 4주차 운동프로그램,584.483,,mp4,0AUDLJ08S_00036.mp4,http://openapi.kspo.or.kr/web/image/0AUDLJ08S_00036/,136,동영상,,4주차
,http://openapi.kspo.or.kr/web/video/,성인을 위한 주간 운동프로그램 중 4주차에 해당하는 표준운동프로그램,266594598,29.97,605,1920*1080,성인,17575,0AUDLJ08S_00036_SC_00147.jpeg,2021,본 운동,1601,한국어,앉았다 일어서기/옆으로 다리 올리기(Squat/Lateral SLR),20221004,성인기 4주차 운동프로그램,586.419,,mp4,0AUDLJ08S_00036.mp4,http://openapi.kspo.or.kr/web/image/0AUDLJ08S_00036/,137,동영상,,4주차
,http://openapi.kspo.or.kr/web/video/,성인을 위한 주간 운동프로그램 중 4주차에 해당하는 표준운동프로그램,266594598,29.97,606,1920*1080,성인,17604,0AUDLJ08S_00036_SC_00148.jpeg,2021,본 운동,1601,한국어,앉았다 일어서기/옆으로 다리 올리기(Squat/Lateral SLR),20221004,성인기 4주차 운동프로그램,587.386,,mp4,0AUDLJ08S_00036.mp4,http://openapi.kspo.or.kr/web/image/0AUDLJ08S_00036/,138,동영상,,4주차
,http://openapi.kspo.or.kr/web/video/,성인을 위한 주간 운동프로그램 중 4주차에 해당하는 표준운동프로그램,266594598,29.97,607,1920*1080,성인,17662,0AUDLJ08S_00036_SC_00149.jpeg,2021,본 운동,1601,한국어,앉았다 일어서기/옆으로 다리 올리기(Squat/Lateral SLR),20221004,성인기 4주차 운동프로그램,589.322,,mp4,0AUDLJ08S_00036.mp4,http://openapi.kspo.or.kr/web/image/0AUDLJ08S_00036/,139,동영상,,4주차
,http://openapi.kspo.or.kr/web/video/,성인을 위한 주간 운동프로그램 중 4주차에 해당하는 표준운동프로그램,266594598,29.97,608,1920*1080,성인,17691,0AUDLJ08S_00036_SC_00150.jpeg,2021,본 운동,1601,한국어,앉았다 일어서기/옆으로 다리 올리기(Squat/Lateral SLR),20221004,성인기 4주차 운동프로그램,590.289,,mp4,0AUDLJ08S_00036.mp4,http://openapi.kspo.or.kr/web/image/0AUDLJ08S_00036/,140,동영상,,4주차
,http://openapi.kspo.or.kr/web/video/,성인을 위한 주간 운동프로그램 중 4주차에 해당하는 표준운동프로그램,266594598,29.97,609,1920*1080,성인,17923,0AUDLJ08S_00036_SC_00152.jpeg,2021,본 운동,1601,한국어,팔 벌려 뛰기(Jumping jack),20221004,성인기 4주차 운동프로그램,598.03,,mp4,0AUDLJ08S_00036.mp4,http://openapi.kspo.or.kr/web/image/0AUDLJ08S_00036/,141,동영상,,4주차
,http://openapi.kspo.or.kr/web/video/,성인을 위한 주간 운동프로그램 중 4주차에 해당하는 표준운동프로그램,266594598,29.97,610,1920*1080,성인,18184,0AUDLJ08S_00036_SC_00153.jpeg,2021,본 운동,1601,한국어,팔 벌려 뛰기(Jumping jack),20221004,성인기 4주차 운동프로그램,606.739,,mp4,0AUDLJ08S_00036.mp4,http://openapi.kspo.or.kr/web/image/0AUDLJ08S_00036/,142,동영상,,4주차
,http://openapi.kspo.or.kr/web/video/,성인을 위한 주간 운동프로그램 중 4주차에 해당하는 표준운동프로그램,266594598,29.97,611,1920*1080,성인,18329,0AUDLJ08S_00036_SC_00154.jpeg,2021,본 운동,1601,한국어,팔 벌려 뛰기(Jumping jack),20221004,성인기 4주차 운동프로그램,611.577,,mp4,0AUDLJ08S_00036.mp4,http://openapi.kspo.or.kr/web/image/0AUDLJ08S_00036/,143,동영상,,4주차
,http://openapi.kspo.or.kr/web/video/,성인을 위한 주간 운동프로그램 중 4주차에 해당하는 표준운동프로그램,266594598,29.97,612,1920*1080,성인,18474,0AUDLJ08S_00036_SC_00155.jpeg,2021,본 운동,1601,한국어,팔 벌려 뛰기(Jumping jack),20221004,성인기 4주차 운동프로그램,616.415,,mp4,0AUDLJ08S_00036.mp4,http://openapi.kspo.or.kr/web/image/0AUDLJ08S_00036/,144,동영상,,4주차
,http://openapi.kspo.or.kr/web/video/,성인을 위한 주간 운동프로그램 중 4주차에 해당하는 표준운동프로그램,266594598,29.97,613,1920*1080,성인,18590,0AUDLJ08S_00036_SC_00156.jpeg,2021,본 운동,1601,한국어,팔 벌려 뛰기(Jumping jack),20221004,성인기 4주차 운동프로그램,620.286,,mp4,0AUDLJ08S_00036.mp4,http://openapi.kspo.or.kr/web/image/0AUDLJ08S_00036/,145,동영상,,4주차
,http://openapi.kspo.or.kr/web/video/,성인을 위한 주간 운동프로그램 중 4주차에 해당하는 표준운동프로그램,266594598,29.97,614,1920*1080,성인,19025,0AUDLJ08S_00036_SC_00157.jpeg,2021,본 운동,1601,한국어,누워서 엉덩이 들기/가슴 앞으로 팔 밀기(Bridge/Chest press),20221004,성인기 4주차 운동프로그램,634.8,,mp4,0AUDLJ08S_00036.mp4,http://openapi.kspo.or.kr/web/image/0AUDLJ08S_00036/,146,동영상,,4주차
,http://openapi.kspo.or.kr/web/video/,성인을 위한 주간 운동프로그램 중 4주차에 해당하는 표준운동프로그램,266594598,29.97,615,1920*1080,성인,19054,0AUDLJ08S_00036_SC_00158.jpeg,2021,본 운동,1601,한국어,누워서 엉덩이 들기/가슴 앞으로 팔 밀기(Bridge/Chest press),20221004,성인기 4주차 운동프로그램,635.768,,mp4,0AUDLJ08S_00036.mp4,http://openapi.kspo.or.kr/web/image/0AUDLJ08S_00036/,147,동영상,,4주차
,http://openapi.kspo.or.kr/web/video/,성인을 위한 주간 운동프로그램 중 4주차에 해당하는 표준운동프로그램,266594598,29.97,616,1920*1080,성인,19112,0AUDLJ08S_00036_SC_00159.jpeg,2021,본 운동,1601,한국어,누워서 엉덩이 들기/가슴 앞으로 팔 밀기(Bridge/Chest press),20221004,성인기 4주차 운동프로그램,637.703,,mp4,0AUDLJ08S_00036.mp4,http://openapi.kspo.or.kr/web/image/0AUDLJ08S_00036/,148,동영상,,4주차
,http://openapi.kspo.or.kr/web/video/,성인을 위한 주간 운동프로그램 중 4주차에 해당하는 표준운동프로그램,266594598,29.97,617,1920*1080,성인,19199,0AUDLJ08S_00036_SC_00160.jpeg,2021,본 운동,1601,한국어,누워서 엉덩이 들기/가슴 앞으로 팔 밀기(Bridge/Chest press),20221004,성인기 4주차 운동프로그램,640.606,,mp4,0AUDLJ08S_00036.mp4,http://openapi.kspo.or.kr/web/image/0AUDLJ08S_00036/,149,동영상,,4주차
,http://openapi.kspo.or.kr/web/video/,성인을 위한 주간 운동프로그램 중 4주차에 해당하는 표준운동프로그램,266594598,29.97,618,1920*1080,성인,19373,0AUDLJ08S_00036_SC_00161.jpeg,2021,본 운동,1601,한국어,누워서 엉덩이 들기/가슴 앞으로 팔 밀기(Bridge/Chest press),20221004,성인기 4주차 운동프로그램,646.412,,mp4,0AUDLJ08S_00036.mp4,http://openapi.kspo.or.kr/web/image/0AUDLJ08S_00036/,150,동영상,,4주차
,http://openapi.kspo.or.kr/web/video/,성인을 위한 주간 운동프로그램 중 4주차에 해당하는 표준운동프로그램,266594598,29.97,619,1920*1080,성인,19547,0AUDLJ08S_00036_SC_00162.jpeg,2021,본 운동,1601,한국어,누워서 엉덩이 들기/가슴 앞으로 팔 밀기(Bridge/Chest press),20221004,성인기 4주차 운동프로그램,652.218,,mp4,0AUDLJ08S_00036.mp4,http://openapi.kspo.or.kr/web/image/0AUDLJ08S_00036/,151,동영상,,4주차
,http://openapi.kspo.or.kr/web/video/,성인을 위한 주간 운동프로그램 중 4주차에 해당하는 표준운동프로그램,266594598,29.97,620,1920*1080,성인,19750,0AUDLJ08S_00036_SC_00163.jpeg,2021,본 운동,1601,한국어,누워서 엉덩이 들기/가슴 앞으로 팔 밀기(Bridge/Chest press),20221004,성인기 4주차 운동프로그램,658.991,,mp4,0AUDLJ08S_00036.mp4,http://openapi.kspo.or.kr/web/image/0AUDLJ08S_00036/,152,동영상,,4주차
,http://openapi.kspo.or.kr/web/video/,성인을 위한 주간 운동프로그램 중 4주차에 해당하는 표준운동프로그램,266594598,29.97,621,1920*1080,성인,20011,0AUDLJ08S_00036_SC_00165.jpeg,2021,본 운동,1601,한국어,제자리 달리기(Running in place),20221004,성인기 4주차 운동프로그램,667.7,,mp4,0AUDLJ08S_00036.mp4,http://openapi.kspo.or.kr/web/image/0AUDLJ08S_00036/,153,동영상,,4주차
,http://openapi.kspo.or.kr/web/video/,성인을 위한 주간 운동프로그램 중 4주차에 해당하는 표준운동프로그램,266594598,29.97,622,1920*1080,성인,20243,0AUDLJ08S_00036_SC_00166.jpeg,2021,본 운동,1601,한국어,제자리 달리기(Running in place),20221004,성인기 4주차 운동프로그램,675.441,,mp4,0AUDLJ08S_00036.mp4,http://openapi.kspo.or.kr/web/image/0AUDLJ08S_00036/,154,동영상,,4주차
,http://openapi.kspo.or.kr/web/video/,성인을 위한 주간 운동프로그램 중 4주차에 해당하는 표준운동프로그램,266594598,29.97,623,1920*1080,성인,20272,0AUDLJ08S_00036_SC_00167.jpeg,2021,본 운동,1601,한국어,제자리 달리기(Running in place),20221004,성인기 4주차 운동프로그램,676.409,,mp4,0AUDLJ08S_00036.mp4,http://openapi.kspo.or.kr/web/image/0AUDLJ08S_00036/,155,동영상,,4주차
,http://openapi.kspo.or.kr/web/video/,성인을 위한 주간 운동프로그램 중 4주차에 해당하는 표준운동프로그램,266594598,29.97,624,1920*1080,성인,20301,0AUDLJ08S_00036_SC_00168.jpeg,2021,본 운동,1601,한국어,제자리 달리기(Running in place),20221004,성인기 4주차 운동프로그램,677.376,,mp4,0AUDLJ08S_00036.mp4,http://openapi.kspo.or.kr/web/image/0AUDLJ08S_00036/,156,동영상,,4주차
,http://openapi.kspo.or.kr/web/video/,성인을 위한 주간 운동프로그램 중 4주차에 해당하는 표준운동프로그램,266594598,29.97,625,1920*1080,성인,20330,0AUDLJ08S_00036_SC_00169.jpeg,2021,본 운동,1601,한국어,제자리 달리기(Running in place),20221004,성인기 4주차 운동프로그램,678.344,,mp4,0AUDLJ08S_00036.mp4,http://openapi.kspo.or.kr/web/image/0AUDLJ08S_00036/,157,동영상,,4주차
,http://openapi.kspo.or.kr/web/video/,성인을 위한 주간 운동프로그램 중 4주차에 해당하는 표준운동프로그램,266594598,29.97,626,1920*1080,성인,20359,0AUDLJ08S_00036_SC_00170.jpeg,2021,본 운동,1601,한국어,제자리 달리기(Running in place),20221004,성인기 4주차 운동프로그램,679.311,,mp4,0AUDLJ08S_00036.mp4,http://openapi.kspo.or.kr/web/image/0AUDLJ08S_00036/,158,동영상,,4주차
,http://openapi.kspo.or.kr/web/video/,성인을 위한 주간 운동프로그램 중 4주차에 해당하는 표준운동프로그램,266594598,29.97,627,1920*1080,성인,20388,0AUDLJ08S_00036_SC_00171.jpeg,2021,본 운동,1601,한국어,제자리 달리기(Running in place),20221004,성인기 4주차 운동프로그램,680.279,,mp4,0AUDLJ08S_00036.mp4,http://openapi.kspo.or.kr/web/image/0AUDLJ08S_00036/,159,동영상,,4주차
,http://openapi.kspo.or.kr/web/video/,성인을 위한 주간 운동프로그램 중 4주차에 해당하는 표준운동프로그램,266594598,29.97,628,1920*1080,성인,20475,0AUDLJ08S_00036_SC_00172.jpeg,2021,본 운동,1601,한국어,제자리 달리기(Running in place),20221004,성인기 4주차 운동프로그램,683.182,,mp4,0AUDLJ08S_00036.mp4,http://openapi.kspo.or.kr/web/image/0AUDLJ08S_00036/,160,동영상,,4주차
,http://openapi.kspo.or.kr/web/video/,성인을 위한 주간 운동프로그램 중 4주차에 해당하는 표준운동프로그램,266594598,29.97,629,1920*1080,성인,20591,0AUDLJ08S_00036_SC_00173.jpeg,2021,본 운동,1601,한국어,제자리 달리기(Running in place),20221004,성인기 4주차 운동프로그램,687.053,,mp4,0AUDLJ08S_00036.mp4,http://openapi.kspo.or.kr/web/image/0AUDLJ08S_00036/,161,동영상,,4주차
,http://openapi.kspo.or.kr/web/video/,성인을 위한 주간 운동프로그램 중 4주차에 해당하는 표준운동프로그램,266594598,29.97,630,1920*1080,성인,20678,0AUDLJ08S_00036_SC_00174.jpeg,2021,본 운동,1601,한국어,제자리 달리기(Running in place),20221004,성인기 4주차 운동프로그램,689.955,,mp4,0AUDLJ08S_00036.mp4,http://openapi.kspo.or.kr/web/image/0AUDLJ08S_00036/,162,동영상,,4주차
,http://openapi.kspo.or.kr/web/video/,성인을 위한 주간 운동프로그램 중 4주차에 해당하는 표준운동프로그램,266594598,29.97,631,1920*1080,성인,20794,0AUDLJ08S_00036_SC_00175.jpeg,2021,본 운동,1601,한국어,제자리 달리기(Running in place),20221004,성인기 4주차 운동프로그램,693.826,,mp4,0AUDLJ08S_00036.mp4,http://openapi.kspo.or.kr/web/image/0AUDLJ08S_00036/,163,동영상,,4주차
,http://openapi.kspo.or.kr/web/video/,성인을 위한 주간 운동프로그램 중 4주차에 해당하는 표준운동프로그램,266594598,29.97,632,1920*1080,성인,21229,0AUDLJ08S_00036_SC_00176.jpeg,2021,본 운동,1601,한국어,양발 앞뒤로 벌려 앉았다 일어서기/팔꿈치 굽히기(Static lunge/Biceps curl),20221004,성인기 4주차 운동프로그램,708.34,,mp4,0AUDLJ08S_00036.mp4,http://openapi.kspo.or.kr/web/image/0AUDLJ08S_00036/,164,동영상,,4주차
,http://openapi.kspo.or.kr/web/video/,성인을 위한 주간 운동프로그램 중 4주차에 해당하는 표준운동프로그램,266594598,29.97,633,1920*1080,성인,21316,0AUDLJ08S_00036_SC_00177.jpeg,2021,본 운동,1601,한국어,양발 앞뒤로 벌려 앉았다 일어서기/팔꿈치 굽히기(Static lunge/Biceps curl),20221004,성인기 4주차 운동프로그램,711.243,,mp4,0AUDLJ08S_00036.mp4,http://openapi.kspo.or.kr/web/image/0AUDLJ08S_00036/,165,동영상,,4주차
,http://openapi.kspo.or.kr/web/video/,성인을 위한 주간 운동프로그램 중 4주차에 해당하는 표준운동프로그램,266594598,29.97,634,1920*1080,성인,21403,0AUDLJ08S_00036_SC_00178.jpeg,2021,본 운동,1601,한국어,양발 앞뒤로 벌려 앉았다 일어서기/팔꿈치 굽히기(Static lunge/Biceps curl),20221004,성인기 4주차 운동프로그램,714.146,,mp4,0AUDLJ08S_00036.mp4,http://openapi.kspo.or.kr/web/image/0AUDLJ08S_00036/,166,동영상,,4주차
,http://openapi.kspo.or.kr/web/video/,성인을 위한 주간 운동프로그램 중 4주차에 해당하는 표준운동프로그램,266594598,29.97,635,1920*1080,성인,21490,0AUDLJ08S_00036_SC_00179.jpeg,2021,본 운동,1601,한국어,양발 앞뒤로 벌려 앉았다 일어서기/팔꿈치 굽히기(Static lunge/Biceps curl),20221004,성인기 4주차 운동프로그램,717.049,,mp4,0AUDLJ08S_00036.mp4,http://openapi.kspo.or.kr/web/image/0AUDLJ08S_00036/,167,동영상,,4주차
,http://openapi.kspo.or.kr/web/video/,성인을 위한 주간 운동프로그램 중 4주차에 해당하는 표준운동프로그램,266594598,29.97,636,1920*1080,성인,21519,0AUDLJ08S_00036_SC_00180.jpeg,2021,본 운동,1601,한국어,양발 앞뒤로 벌려 앉았다 일어서기/팔꿈치 굽히기(Static lunge/Biceps curl),20221004,성인기 4주차 운동프로그램,718.017,,mp4,0AUDLJ08S_00036.mp4,http://openapi.kspo.or.kr/web/image/0AUDLJ08S_00036/,168,동영상,,4주차
,http://openapi.kspo.or.kr/web/video/,성인을 위한 주간 운동프로그램 중 4주차에 해당하는 표준운동프로그램,266594598,29.97,637,1920*1080,성인,21548,0AUDLJ08S_00036_SC_00181.jpeg,2021,본 운동,1601,한국어,양발 앞뒤로 벌려 앉았다 일어서기/팔꿈치 굽히기(Static lunge/Biceps curl),20221004,성인기 4주차 운동프로그램,718.984,,mp4,0AUDLJ08S_00036.mp4,http://openapi.kspo.or.kr/web/image/0AUDLJ08S_00036/,169,동영상,,4주차
,http://openapi.kspo.or.kr/web/video/,성인을 위한 주간 운동프로그램 중 4주차에 해당하는 표준운동프로그램,266594598,29.97,638,1920*1080,성인,21606,0AUDLJ08S_00036_SC_00182.jpeg,2021,본 운동,1601,한국어,양발 앞뒤로 벌려 앉았다 일어서기/팔꿈치 굽히기(Static lunge/Biceps curl),20221004,성인기 4주차 운동프로그램,720.92,,mp4,0AUDLJ08S_00036.mp4,http://openapi.kspo.or.kr/web/image/0AUDLJ08S_00036/,170,동영상,,4주차
,http://openapi.kspo.or.kr/web/video/,성인을 위한 주간 운동프로그램 중 4주차에 해당하는 표준운동프로그램,266594598,29.97,639,1920*1080,성인,21635,0AUDLJ08S_00036_SC_00183.jpeg,2021,본 운동,1601,한국어,양발 앞뒤로 벌려 앉았다 일어서기/팔꿈치 굽히기(Static lunge/Biceps curl),20221004,성인기 4주차 운동프로그램,721.887,,mp4,0AUDLJ08S_00036.mp4,http://openapi.kspo.or.kr/web/image/0AUDLJ08S_00036/,171,동영상,,4주차
,http://openapi.kspo.or.kr/web/video/,성인을 위한 주간 운동프로그램 중 4주차에 해당하는 표준운동프로그램,266594598,29.97,640,1920*1080,성인,21664,0AUDLJ08S_00036_SC_00184.jpeg,2021,본 운동,1601,한국어,양발 앞뒤로 벌려 앉았다 일어서기/팔꿈치 굽히기(Static lunge/Biceps curl),20221004,성인기 4주차 운동프로그램,722.855,,mp4,0AUDLJ08S_00036.mp4,http://openapi.kspo.or.kr/web/image/0AUDLJ08S_00036/,172,동영상,,4주차
,http://openapi.kspo.or.kr/web/video/,성인을 위한 주간 운동프로그램 중 4주차에 해당하는 표준운동프로그램,266594598,29.97,641,1920*1080,성인,21722,0AUDLJ08S_00036_SC_00185.jpeg,2021,본 운동,1601,한국어,양발 앞뒤로 벌려 앉았다 일어서기/팔꿈치 굽히기(Static lunge/Biceps curl),20221004,성인기 4주차 운동프로그램,724.79,,mp4,0AUDLJ08S_00036.mp4,http://openapi.kspo.or.kr/web/image/0AUDLJ08S_00036/,173,동영상,,4주차
,http://openapi.kspo.or.kr/web/video/,성인을 위한 주간 운동프로그램 중 4주차에 해당하는 표준운동프로그램,266594598,29.97,642,1920*1080,성인,22041,0AUDLJ08S_00036_SC_00186.jpeg,2021,본 운동,1601,한국어,양발 앞뒤로 벌려 앉았다 일어서기/팔꿈치 굽히기(Static lunge/Biceps curl),20221004,성인기 4주차 운동프로그램,735.434,,mp4,0AUDLJ08S_00036.mp4,http://openapi.kspo.or.kr/web/image/0AUDLJ08S_00036/,174,동영상,,4주차
,http://openapi.kspo.or.kr/web/video/,성인을 위한 주간 운동프로그램 중 4주차에 해당하는 표준운동프로그램,266594598,29.97,643,1920*1080,성인,22215,0AUDLJ08S_00036_SC_00187.jpeg,2021,본 운동,1601,한국어,양발 앞뒤로 벌려 앉았다 일어서기/팔꿈치 굽히기(Static lunge/Biceps curl),20221004,성인기 4주차 운동프로그램,741.24,,mp4,0AUDLJ08S_00036.mp4,http://openapi.kspo.or.kr/web/image/0AUDLJ08S_00036/,175,동영상,,4주차
,http://openapi.kspo.or.kr/web/video/,성인을 위한 주간 운동프로그램 중 4주차에 해당하는 표준운동프로그램,266594598,29.97,644,1920*1080,성인,22273,0AUDLJ08S_00036_SC_00188.jpeg,2021,본 운동,1601,한국어,양발 앞뒤로 벌려 앉았다 일어서기/팔꿈치 굽히기(Static lunge/Biceps curl),20221004,성인기 4주차 운동프로그램,743.175,,mp4,0AUDLJ08S_00036.mp4,http://openapi.kspo.or.kr/web/image/0AUDLJ08S_00036/,176,동영상,,4주차
,http://openapi.kspo.or.kr/web/video/,성인을 위한 주간 운동프로그램 중 4주차에 해당하는 표준운동프로그램,266594598,29.97,645,1920*1080,성인,22331,0AUDLJ08S_00036_SC_00189.jpeg,2021,본 운동,1601,한국어,양발 앞뒤로 벌려 앉았다 일어서기/팔꿈치 굽히기(Static lunge/Biceps curl),20221004,성인기 4주차 운동프로그램,745.111,,mp4,0AUDLJ08S_00036.mp4,http://openapi.kspo.or.kr/web/image/0AUDLJ08S_00036/,177,동영상,,4주차
,http://openapi.kspo.or.kr/web/video/,성인을 위한 주간 운동프로그램 중 4주차에 해당하는 표준운동프로그램,266594598,29.97,646,1920*1080,성인,22360,0AUDLJ08S_00036_SC_00190.jpeg,2021,본 운동,1601,한국어,양발 앞뒤로 벌려 앉았다 일어서기/팔꿈치 굽히기(Static lunge/Biceps curl),20221004,성인기 4주차 운동프로그램,746.078,,mp4,0AUDLJ08S_00036.mp4,http://openapi.kspo.or.kr/web/image/0AUDLJ08S_00036/,178,동영상,,4주차
,http://openapi.kspo.or.kr/web/video/,성인을 위한 주간 운동프로그램 중 4주차에 해당하는 표준운동프로그램,266594598,29.97,647,1920*1080,성인,22418,0AUDLJ08S_00036_SC_00191.jpeg,2021,본 운동,1601,한국어,양발 앞뒤로 벌려 앉았다 일어서기/팔꿈치 굽히기(Static lunge/Biceps curl),20221004,성인기 4주차 운동프로그램,748.013,,mp4,0AUDLJ08S_00036.mp4,http://openapi.kspo.or.kr/web/image/0AUDLJ08S_00036/,179,동영상,,4주차
,http://openapi.kspo.or.kr/web/video/,성인을 위한 주간 운동프로그램 중 4주차에 해당하는 표준운동프로그램,266594598,29.97,648,1920*1080,성인,22824,0AUDLJ08S_00036_SC_00192.jpeg,2021,본 운동,1601,한국어,팔 교차 뛰기(Crossover jack),20221004,성인기 4주차 운동프로그램,761.56,,mp4,0AUDLJ08S_00036.mp4,http://openapi.kspo.or.kr/web/image/0AUDLJ08S_00036/,180,동영상,,4주차
,http://openapi.kspo.or.kr/web/video/,성인을 위한 주간 운동프로그램 중 4주차에 해당하는 표준운동프로그램,266594598,29.97,649,1920*1080,성인,22911,0AUDLJ08S_00036_SC_00193.jpeg,2021,본 운동,1601,한국어,팔 교차 뛰기(Crossover jack),20221004,성인기 4주차 운동프로그램,764.463,,mp4,0AUDLJ08S_00036.mp4,http://openapi.kspo.or.kr/web/image/0AUDLJ08S_00036/,181,동영상,,4주차
,http://openapi.kspo.or.kr/web/video/,성인을 위한 주간 운동프로그램 중 4주차에 해당하는 표준운동프로그램,266594598,29.97,650,1920*1080,성인,23056,0AUDLJ08S_00036_SC_00194.jpeg,2021,본 운동,1601,한국어,팔 교차 뛰기(Crossover jack),20221004,성인기 4주차 운동프로그램,769.301,,mp4,0AUDLJ08S_00036.mp4,http://openapi.kspo.or.kr/web/image/0AUDLJ08S_00036/,182,동영상,,4주차
,http://openapi.kspo.or.kr/web/video/,성인을 위한 주간 운동프로그램 중 4주차에 해당하는 표준운동프로그램,266594598,29.97,651,1920*1080,성인,23172,0AUDLJ08S_00036_SC_00195.jpeg,2021,본 운동,1601,한국어,팔 교차 뛰기(Crossover jack),20221004,성인기 4주차 운동프로그램,773.172,,mp4,0AUDLJ08S_00036.mp4,http://openapi.kspo.or.kr/web/image/0AUDLJ08S_00036/,183,동영상,,4주차
,http://openapi.kspo.or.kr/web/video/,성인을 위한 주간 운동프로그램 중 4주차에 해당하는 표준운동프로그램,266594598,29.97,652,1920*1080,성인,23288,0AUDLJ08S_00036_SC_00196.jpeg,2021,본 운동,1601,한국어,팔 교차 뛰기(Crossover jack),20221004,성인기 4주차 운동프로그램,777.042,,mp4,0AUDLJ08S_00036.mp4,http://openapi.kspo.or.kr/web/image/0AUDLJ08S_00036/,184,동영상,,4주차
,http://openapi.kspo.or.kr/web/video/,성인을 위한 주간 운동프로그램 중 4주차에 해당하는 표준운동프로그램,266594598,29.97,653,1920*1080,성인,23433,0AUDLJ08S_00036_SC_00197.jpeg,2021,본 운동,1601,한국어,팔 교차 뛰기(Crossover jack),20221004,성인기 4주차 운동프로그램,781.881,,mp4,0AUDLJ08S_00036.mp4,http://openapi.kspo.or.kr/web/image/0AUDLJ08S_00036/,185,동영상,,4주차
,http://openapi.kspo.or.kr/web/video/,성인을 위한 주간 운동프로그램 중 4주차에 해당하는 표준운동프로그램,266594598,29.97,654,1920*1080,성인,24042,0AUDLJ08S_00036_SC_00198.jpeg,2021,본 운동,1601,한국어,엎드려 몸통 버티기/몸통 회전하기(High plank/Trunk rotation),20221004,성인기 4주차 운동프로그램,802.201,,mp4,0AUDLJ08S_00036.mp4,http://openapi.kspo.or.kr/web/image/0AUDLJ08S_00036/,186,동영상,,4주차
,http://openapi.kspo.or.kr/web/video/,성인을 위한 주간 운동프로그램 중 4주차에 해당하는 표준운동프로그램,266594598,29.97,655,1920*1080,성인,24158,0AUDLJ08S_00036_SC_00199.jpeg,2021,본 운동,1601,한국어,엎드려 몸통 버티기/몸통 회전하기(High plank/Trunk rotation),20221004,성인기 4주차 운동프로그램,806.071,,mp4,0AUDLJ08S_00036.mp4,http://openapi.kspo.or.kr/web/image/0AUDLJ08S_00036/,187,동영상,,4주차
,http://openapi.kspo.or.kr/web/video/,성인을 위한 주간 운동프로그램 중 4주차에 해당하는 표준운동프로그램,266594598,29.97,656,1920*1080,성인,24216,0AUDLJ08S_00036_SC_00200.jpeg,2021,본 운동,1601,한국어,엎드려 몸통 버티기/몸통 회전하기(High plank/Trunk rotation),20221004,성인기 4주차 운동프로그램,808.007,,mp4,0AUDLJ08S_00036.mp4,http://openapi.kspo.or.kr/web/image/0AUDLJ08S_00036/,188,동영상,,4주차
,http://openapi.kspo.or.kr/web/video/,성인을 위한 주간 운동프로그램 중 4주차에 해당하는 표준운동프로그램,266594598,29.97,657,1920*1080,성인,24274,0AUDLJ08S_00036_SC_00201.jpeg,2021,본 운동,1601,한국어,엎드려 몸통 버티기/몸통 회전하기(High plank/Trunk rotation),20221004,성인기 4주차 운동프로그램,809.942,,mp4,0AUDLJ08S_00036.mp4,http://openapi.kspo.or.kr/web/image/0AUDLJ08S_00036/,189,동영상,,4주차
,http://openapi.kspo.or.kr/web/video/,성인을 위한 주간 운동프로그램 중 4주차에 해당하는 표준운동프로그램,266594598,29.97,658,1920*1080,성인,24303,0AUDLJ08S_00036_SC_00202.jpeg,2021,본 운동,1601,한국어,엎드려 몸통 버티기/몸통 회전하기(High plank/Trunk rotation),20221004,성인기 4주차 운동프로그램,810.91,,mp4,0AUDLJ08S_00036.mp4,http://openapi.kspo.or.kr/web/image/0AUDLJ08S_00036/,190,동영상,,4주차
,http://openapi.kspo.or.kr/web/video/,성인을 위한 주간 운동프로그램 중 4주차에 해당하는 표준운동프로그램,266594598,29.97,659,1920*1080,성인,24332,0AUDLJ08S_00036_SC_00203.jpeg,2021,본 운동,1601,한국어,엎드려 몸통 버티기/몸통 회전하기(High plank/Trunk rotation),20221004,성인기 4주차 운동프로그램,811.877,,mp4,0AUDLJ08S_00036.mp4,http://openapi.kspo.or.kr/web/image/0AUDLJ08S_00036/,191,동영상,,4주차
,http://openapi.kspo.or.kr/web/video/,성인을 위한 주간 운동프로그램 중 4주차에 해당하는 표준운동프로그램,266594598,29.97,660,1920*1080,성인,24361,0AUDLJ08S_00036_SC_00204.jpeg,2021,본 운동,1601,한국어,엎드려 몸통 버티기/몸통 회전하기(High plank/Trunk rotation),20221004,성인기 4주차 운동프로그램,812.845,,mp4,0AUDLJ08S_00036.mp4,http://openapi.kspo.or.kr/web/image/0AUDLJ08S_00036/,192,동영상,,4주차
,http://openapi.kspo.or.kr/web/video/,성인을 위한 주간 운동프로그램 중 4주차에 해당하는 표준운동프로그램,266594598,29.97,661,1920*1080,성인,24390,0AUDLJ08S_00036_SC_00205.jpeg,2021,본 운동,1601,한국어,엎드려 몸통 버티기/몸통 회전하기(High plank/Trunk rotation),20221004,성인기 4주차 운동프로그램,813.813,,mp4,0AUDLJ08S_00036.mp4,http://openapi.kspo.or.kr/web/image/0AUDLJ08S_00036/,193,동영상,,4주차
,http://openapi.kspo.or.kr/web/video/,성인을 위한 주간 운동프로그램 중 4주차에 해당하는 표준운동프로그램,266594598,29.97,662,1920*1080,성인,24419,0AUDLJ08S_00036_SC_00206.jpeg,2021,본 운동,1601,한국어,엎드려 몸통 버티기/몸통 회전하기(High plank/Trunk rotation),20221004,성인기 4주차 운동프로그램,814.78,,mp4,0AUDLJ08S_00036.mp4,http://openapi.kspo.or.kr/web/image/0AUDLJ08S_00036/,194,동영상,,4주차
,http://openapi.kspo.or.kr/web/video/,성인을 위한 주간 운동프로그램 중 4주차에 해당하는 표준운동프로그램,266594598,29.97,663,1920*1080,성인,24448,0AUDLJ08S_00036_SC_00207.jpeg,2021,본 운동,1601,한국어,엎드려 몸통 버티기/몸통 회전하기(High plank/Trunk rotation),20221004,성인기 4주차 운동프로그램,815.748,,mp4,0AUDLJ08S_00036.mp4,http://openapi.kspo.or.kr/web/image/0AUDLJ08S_00036/,195,동영상,,4주차
,http://openapi.kspo.or.kr/web/video/,성인을 위한 주간 운동프로그램 중 4주차에 해당하는 표준운동프로그램,266594598,29.97,664,1920*1080,성인,24477,0AUDLJ08S_00036_SC_00208.jpeg,2021,본 운동,1601,한국어,엎드려 몸통 버티기/몸통 회전하기(High plank/Trunk rotation),20221004,성인기 4주차 운동프로그램,816.715,,mp4,0AUDLJ08S_00036.mp4,http://openapi.kspo.or.kr/web/image/0AUDLJ08S_00036/,196,동영상,,4주차
,http://openapi.kspo.or.kr/web/video/,성인을 위한 주간 운동프로그램 중 4주차에 해당하는 표준운동프로그램,266594598,29.97,665,1920*1080,성인,24506,0AUDLJ08S_00036_SC_00209.jpeg,2021,본 운동,1601,한국어,엎드려 몸통 버티기/몸통 회전하기(High plank/Trunk rotation),20221004,성인기 4주차 운동프로그램,817.683,,mp4,0AUDLJ08S_00036.mp4,http://openapi.kspo.or.kr/web/image/0AUDLJ08S_00036/,197,동영상,,4주차
,http://openapi.kspo.or.kr/web/video/,성인을 위한 주간 운동프로그램 중 4주차에 해당하는 표준운동프로그램,266594598,29.97,666,1920*1080,성인,24535,0AUDLJ08S_00036_SC_00210.jpeg,2021,본 운동,1601,한국어,엎드려 몸통 버티기/몸통 회전하기(High plank/Trunk rotation),20221004,성인기 4주차 운동프로그램,818.651,,mp4,0AUDLJ08S_00036.mp4,http://openapi.kspo.or.kr/web/image/0AUDLJ08S_00036/,198,동영상,,4주차
,http://openapi.kspo.or.kr/web/video/,성인을 위한 주간 운동프로그램 중 4주차에 해당하는 표준운동프로그램,266594598,29.97,667,1920*1080,성인,24564,0AUDLJ08S_00036_SC_00211.jpeg,2021,본 운동,1601,한국어,엎드려 몸통 버티기/몸통 회전하기(High plank/Trunk rotation),20221004,성인기 4주차 운동프로그램,819.618,,mp4,0AUDLJ08S_00036.mp4,http://openapi.kspo.or.kr/web/image/0AUDLJ08S_00036/,199,동영상,,4주차
,http://openapi.kspo.or.kr/web/video/,성인을 위한 주간 운동프로그램 중 4주차에 해당하는 표준운동프로그램,266594598,29.97,668,1920*1080,성인,24709,0AUDLJ08S_00036_SC_00212.jpeg,2021,본 운동,1601,한국어,엎드려 몸통 버티기/몸통 회전하기(High plank/Trunk rotation),20221004,성인기 4주차 운동프로그램,824.456,,mp4,0AUDLJ08S_00036.mp4,http://openapi.kspo.or.kr/web/image/0AUDLJ08S_00036/,200,동영상,,4주차
,http://openapi.kspo.or.kr/web/video/,성인을 위한 주간 운동프로그램 중 4주차에 해당하는 표준운동프로그램,266594598,29.97,669,1920*1080,성인,25144,0AUDLJ08S_00036_SC_00213.jpeg,2021,본 운동,1601,한국어,좌우로 스케이트 타기(Skater),20221004,성인기 4주차 운동프로그램,838.971,,mp4,0AUDLJ08S_00036.mp4,http://openapi.kspo.or.kr/web/image/0AUDLJ08S_00036/,201,동영상,,4주차
,http://openapi.kspo.or.kr/web/video/,성인을 위한 주간 운동프로그램 중 4주차에 해당하는 표준운동프로그램,266594598,29.97,670,1920*1080,성인,25173,0AUDLJ08S_00036_SC_00214.jpeg,2021,본 운동,1601,한국어,좌우로 스케이트 타기(Skater),20221004,성인기 4주차 운동프로그램,839.939,,mp4,0AUDLJ08S_00036.mp4,http://openapi.kspo.or.kr/web/image/0AUDLJ08S_00036/,202,동영상,,4주차
,http://openapi.kspo.or.kr/web/video/,성인을 위한 주간 운동프로그램 중 4주차에 해당하는 표준운동프로그램,266594598,29.97,671,1920*1080,성인,25202,0AUDLJ08S_00036_SC_00215.jpeg,2021,본 운동,1601,한국어,좌우로 스케이트 타기(Skater),20221004,성인기 4주차 운동프로그램,840.906,,mp4,0AUDLJ08S_00036.mp4,http://openapi.kspo.or.kr/web/image/0AUDLJ08S_00036/,203,동영상,,4주차
,http://openapi.kspo.or.kr/web/video/,성인을 위한 주간 운동프로그램 중 4주차에 해당하는 표준운동프로그램,266594598,29.97,672,1920*1080,성인,25231,0AUDLJ08S_00036_SC_00216.jpeg,2021,본 운동,1601,한국어,좌우로 스케이트 타기(Skater),20221004,성인기 4주차 운동프로그램,841.874,,mp4,0AUDLJ08S_00036.mp4,http://openapi.kspo.or.kr/web/image/0AUDLJ08S_00036/,204,동영상,,4주차
,http://openapi.kspo.or.kr/web/video/,성인을 위한 주간 운동프로그램 중 4주차에 해당하는 표준운동프로그램,266594598,29.97,673,1920*1080,성인,25260,0AUDLJ08S_00036_SC_00217.jpeg,2021,본 운동,1601,한국어,좌우로 스케이트 타기(Skater),20221004,성인기 4주차 운동프로그램,842.842,,mp4,0AUDLJ08S_00036.mp4,http://openapi.kspo.or.kr/web/image/0AUDLJ08S_00036/,205,동영상,,4주차
,http://openapi.kspo.or.kr/web/video/,성인을 위한 주간 운동프로그램 중 4주차에 해당하는 표준운동프로그램,266594598,29.97,674,1920*1080,성인,25289,0AUDLJ08S_00036_SC_00218.jpeg,2021,본 운동,1601,한국어,좌우로 스케이트 타기(Skater),20221004,성인기 4주차 운동프로그램,843.809,,mp4,0AUDLJ08S_00036.mp4,http://openapi.kspo.or.kr/web/image/0AUDLJ08S_00036/,206,동영상,,4주차
,http://openapi.kspo.or.kr/web/video/,성인을 위한 주간 운동프로그램 중 4주차에 해당하는 표준운동프로그램,266594598,29.97,675,1920*1080,성인,25318,0AUDLJ08S_00036_SC_00219.jpeg,2021,본 운동,1601,한국어,좌우로 스케이트 타기(Skater),20221004,성인기 4주차 운동프로그램,844.777,,mp4,0AUDLJ08S_00036.mp4,http://openapi.kspo.or.kr/web/image/0AUDLJ08S_00036/,207,동영상,,4주차
,http://openapi.kspo.or.kr/web/video/,성인을 위한 주간 운동프로그램 중 4주차에 해당하는 표준운동프로그램,266594598,29.97,676,1920*1080,성인,25434,0AUDLJ08S_00036_SC_00220.jpeg,2021,본 운동,1601,한국어,좌우로 스케이트 타기(Skater),20221004,성인기 4주차 운동프로그램,848.647,,mp4,0AUDLJ08S_00036.mp4,http://openapi.kspo.or.kr/web/image/0AUDLJ08S_00036/,208,동영상,,4주차
,http://openapi.kspo.or.kr/web/video/,성인을 위한 주간 운동프로그램 중 4주차에 해당하는 표준운동프로그램,266594598,29.97,677,1920*1080,성인,25463,0AUDLJ08S_00036_SC_00221.jpeg,2021,본 운동,1601,한국어,좌우로 스케이트 타기(Skater),20221004,성인기 4주차 운동프로그램,849.615,,mp4,0AUDLJ08S_00036.mp4,http://openapi.kspo.or.kr/web/image/0AUDLJ08S_00036/,209,동영상,,4주차
,http://openapi.kspo.or.kr/web/video/,성인을 위한 주간 운동프로그램 중 4주차에 해당하는 표준운동프로그램,266594598,29.97,678,1920*1080,성인,25492,0AUDLJ08S_00036_SC_00222.jpeg,2021,본 운동,1601,한국어,좌우로 스케이트 타기(Skater),20221004,성인기 4주차 운동프로그램,850.583,,mp4,0AUDLJ08S_00036.mp4,http://openapi.kspo.or.kr/web/image/0AUDLJ08S_00036/,210,동영상,,4주차
,http://openapi.kspo.or.kr/web/video/,성인을 위한 주간 운동프로그램 중 4주차에 해당하는 표준운동프로그램,266594598,29.97,679,1920*1080,성인,25521,0AUDLJ08S_00036_SC_00223.jpeg,2021,본 운동,1601,한국어,좌우로 스케이트 타기(Skater),20221004,성인기 4주차 운동프로그램,851.55,,mp4,0AUDLJ08S_00036.mp4,http://openapi.kspo.or.kr/web/image/0AUDLJ08S_00036/,211,동영상,,4주차
,http://openapi.kspo.or.kr/web/video/,성인을 위한 주간 운동프로그램 중 4주차에 해당하는 표준운동프로그램,266594598,29.97,680,1920*1080,성인,25550,0AUDLJ08S_00036_SC_00224.jpeg,2021,본 운동,1601,한국어,좌우로 스케이트 타기(Skater),20221004,성인기 4주차 운동프로그램,852.518,,mp4,0AUDLJ08S_00036.mp4,http://openapi.kspo.or.kr/web/image/0AUDLJ08S_00036/,212,동영상,,4주차
,http://openapi.kspo.or.kr/web/video/,성인을 위한 주간 운동프로그램 중 4주차에 해당하는 표준운동프로그램,266594598,29.97,681,1920*1080,성인,25579,0AUDLJ08S_00036_SC_00225.jpeg,2021,본 운동,1601,한국어,좌우로 스케이트 타기(Skater),20221004,성인기 4주차 운동프로그램,853.485,,mp4,0AUDLJ08S_00036.mp4,http://openapi.kspo.or.kr/web/image/0AUDLJ08S_00036/,213,동영상,,4주차
,http://openapi.kspo.or.kr/web/video/,성인을 위한 주간 운동프로그램 중 4주차에 해당하는 표준운동프로그램,266594598,29.97,682,1920*1080,성인,25608,0AUDLJ08S_00036_SC_00226.jpeg,2021,본 운동,1601,한국어,좌우로 스케이트 타기(Skater),20221004,성인기 4주차 운동프로그램,854.453,,mp4,0AUDLJ08S_00036.mp4,http://openapi.kspo.or.kr/web/image/0AUDLJ08S_00036/,214,동영상,,4주차
,http://openapi.kspo.or.kr/web/video/,성인을 위한 주간 운동프로그램 중 4주차에 해당하는 표준운동프로그램,266594598,29.97,683,1920*1080,성인,25637,0AUDLJ08S_00036_SC_00227.jpeg,2021,본 운동,1601,한국어,좌우로 스케이트 타기(Skater),20221004,성인기 4주차 운동프로그램,855.421,,mp4,0AUDLJ08S_00036.mp4,http://openapi.kspo.or.kr/web/image/0AUDLJ08S_00036/,215,동영상,,4주차
,http://openapi.kspo.or.kr/web/video/,성인을 위한 주간 운동프로그램 중 4주차에 해당하는 표준운동프로그램,266594598,29.97,684,1920*1080,성인,25666,0AUDLJ08S_00036_SC_00228.jpeg,2021,본 운동,1601,한국어,좌우로 스케이트 타기(Skater),20221004,성인기 4주차 운동프로그램,856.388,,mp4,0AUDLJ08S_00036.mp4,http://openapi.kspo.or.kr/web/image/0AUDLJ08S_00036/,216,동영상,,4주차
,http://openapi.kspo.or.kr/web/video/,성인을 위한 주간 운동프로그램 중 4주차에 해당하는 표준운동프로그램,266594598,29.97,685,1920*1080,성인,25724,0AUDLJ08S_00036_SC_00229.jpeg,2021,본 운동,1601,한국어,좌우로 스케이트 타기(Skater),20221004,성인기 4주차 운동프로그램,858.324,,mp4,0AUDLJ08S_00036.mp4,http://openapi.kspo.or.kr/web/image/0AUDLJ08S_00036/,217,동영상,,4주차
,http://openapi.kspo.or.kr/web/video/,성인을 위한 주간 운동프로그램 중 4주차에 해당하는 표준운동프로그램,266594598,29.97,686,1920*1080,성인,26304,0AUDLJ08S_00036_SC_00230.jpeg,2021,본 운동,1601,한국어,앉았다 들어올리기/상체 숙여서 뒤로 당기기(Dead lift/Bent over row),20221004,성인기 4주차 운동프로그램,877.676,,mp4,0AUDLJ08S_00036.mp4,http://openapi.kspo.or.kr/web/image/0AUDLJ08S_00036/,218,동영상,,4주차
,http://openapi.kspo.or.kr/web/video/,성인을 위한 주간 운동프로그램 중 4주차에 해당하는 표준운동프로그램,266594598,29.97,687,1920*1080,성인,26391,0AUDLJ08S_00036_SC_00231.jpeg,2021,본 운동,1601,한국어,앉았다 들어올리기/상체 숙여서 뒤로 당기기(Dead lift/Bent over row),20221004,성인기 4주차 운동프로그램,880.579,,mp4,0AUDLJ08S_00036.mp4,http://openapi.kspo.or.kr/web/image/0AUDLJ08S_00036/,219,동영상,,4주차
,http://openapi.kspo.or.kr/web/video/,성인을 위한 주간 운동프로그램 중 4주차에 해당하는 표준운동프로그램,266594598,29.97,688,1920*1080,성인,26478,0AUDLJ08S_00036_SC_00232.jpeg,2021,본 운동,1601,한국어,앉았다 들어올리기/상체 숙여서 뒤로 당기기(Dead lift/Bent over row),20221004,성인기 4주차 운동프로그램,883.482,,mp4,0AUDLJ08S_00036.mp4,http://openapi.kspo.or.kr/web/image/0AUDLJ08S_00036/,220,동영상,,4주차
,http://openapi.kspo.or.kr/web/video/,성인을 위한 주간 운동프로그램 중 4주차에 해당하는 표준운동프로그램,266594598,29.97,689,1920*1080,성인,26536,0AUDLJ08S_00036_SC_00233.jpeg,2021,본 운동,1601,한국어,앉았다 들어올리기/상체 숙여서 뒤로 당기기(Dead lift/Bent over row),20221004,성인기 4주차 운동프로그램,885.417,,mp4,0AUDLJ08S_00036.mp4,http://openapi.kspo.or.kr/web/image/0AUDLJ08S_00036/,221,동영상,,4주차
,http://openapi.kspo.or.kr/web/video/,성인을 위한 주간 운동프로그램 중 4주차에 해당하는 표준운동프로그램,266594598,29.97,690,1920*1080,성인,26623,0AUDLJ08S_00036_SC_00234.jpeg,2021,본 운동,1601,한국어,앉았다 들어올리기/상체 숙여서 뒤로 당기기(Dead lift/Bent over row),20221004,성인기 4주차 운동프로그램,888.32,,mp4,0AUDLJ08S_00036.mp4,http://openapi.kspo.or.kr/web/image/0AUDLJ08S_00036/,222,동영상,,4주차
,http://openapi.kspo.or.kr/web/video/,성인을 위한 주간 운동프로그램 중 4주차에 해당하는 표준운동프로그램,266594598,29.97,691,1920*1080,성인,26652,0AUDLJ08S_00036_SC_00235.jpeg,2021,본 운동,1601,한국어,앉았다 들어올리기/상체 숙여서 뒤로 당기기(Dead lift/Bent over row),20221004,성인기 4주차 운동프로그램,889.288,,mp4,0AUDLJ08S_00036.mp4,http://openapi.kspo.or.kr/web/image/0AUDLJ08S_00036/,223,동영상,,4주차
,http://openapi.kspo.or.kr/web/video/,성인을 위한 주간 운동프로그램 중 4주차에 해당하는 표준운동프로그램,266594598,29.97,692,1920*1080,성인,26681,0AUDLJ08S_00036_SC_00236.jpeg,2021,본 운동,1601,한국어,앉았다 들어올리기/상체 숙여서 뒤로 당기기(Dead lift/Bent over row),20221004,성인기 4주차 운동프로그램,890.256,,mp4,0AUDLJ08S_00036.mp4,http://openapi.kspo.or.kr/web/image/0AUDLJ08S_00036/,224,동영상,,4주차
,http://openapi.kspo.or.kr/web/video/,성인을 위한 주간 운동프로그램 중 4주차에 해당하는 표준운동프로그램,266594598,29.97,693,1920*1080,성인,26710,0AUDLJ08S_00036_SC_00237.jpeg,2021,본 운동,1601,한국어,앉았다 들어올리기/상체 숙여서 뒤로 당기기(Dead lift/Bent over row),20221004,성인기 4주차 운동프로그램,891.223,,mp4,0AUDLJ08S_00036.mp4,http://openapi.kspo.or.kr/web/image/0AUDLJ08S_00036/,225,동영상,,4주차
,http://openapi.kspo.or.kr/web/video/,어르신을 위한 주간 운동프로그램 중 4주차에 해당하는 표준운동프로그램,319939525,29.96,694,1920*1080,어르신,38252,0AUDLJ08S_00040_SC_00310.jpeg,2021,정리 운동,1920,한국어,발목 관절 스트레칭(Ankle stretch),20221027,어르신기 4주차 운동프로그램,1276.343,,mp4,0AUDLJ08S_00040.mp4,http://openapi.kspo.or.kr/web/image/0AUDLJ08S_00040/,112,동영상,,4주차
,http://openapi.kspo.or.kr/web/video/,성인을 위한 주간 운동프로그램 중 4주차에 해당하는 표준운동프로그램,266594598,29.97,695,1920*1080,성인,26739,0AUDLJ08S_00036_SC_00238.jpeg,2021,본 운동,1601,한국어,앉았다 들어올리기/상체 숙여서 뒤로 당기기(Dead lift/Bent over row),20221004,성인기 4주차 운동프로그램,892.191,,mp4,0AUDLJ08S_00036.mp4,http://openapi.kspo.or.kr/web/image/0AUDLJ08S_00036/,226,동영상,,4주차
,http://openapi.kspo.or.kr/web/video/,성인을 위한 주간 운동프로그램 중 4주차에 해당하는 표준운동프로그램,266594598,29.97,696,1920*1080,성인,26768,0AUDLJ08S_00036_SC_00239.jpeg,2021,본 운동,1601,한국어,앉았다 들어올리기/상체 숙여서 뒤로 당기기(Dead lift/Bent over row),20221004,성인기 4주차 운동프로그램,893.158,,mp4,0AUDLJ08S_00036.mp4,http://openapi.kspo.or.kr/web/image/0AUDLJ08S_00036/,227,동영상,,4주차
,http://openapi.kspo.or.kr/web/video/,성인을 위한 주간 운동프로그램 중 4주차에 해당하는 표준운동프로그램,266594598,29.97,697,1920*1080,성인,26797,0AUDLJ08S_00036_SC_00240.jpeg,2021,본 운동,1601,한국어,앉았다 들어올리기/상체 숙여서 뒤로 당기기(Dead lift/Bent over row),20221004,성인기 4주차 운동프로그램,894.126,,mp4,0AUDLJ08S_00036.mp4,http://openapi.kspo.or.kr/web/image/0AUDLJ08S_00036/,228,동영상,,4주차
,http://openapi.kspo.or.kr/web/video/,성인을 위한 주간 운동프로그램 중 4주차에 해당하는 표준운동프로그램,266594598,29.97,698,1920*1080,성인,26826,0AUDLJ08S_00036_SC_00241.jpeg,2021,본 운동,1601,한국어,앉았다 들어올리기/상체 숙여서 뒤로 당기기(Dead lift/Bent over row),20221004,성인기 4주차 운동프로그램,895.094,,mp4,0AUDLJ08S_00036.mp4,http://openapi.kspo.or.kr/web/image/0AUDLJ08S_00036/,229,동영상,,4주차
,http://openapi.kspo.or.kr/web/video/,성인을 위한 주간 운동프로그램 중 4주차에 해당하는 표준운동프로그램,266594598,29.97,699,1920*1080,성인,26971,0AUDLJ08S_00036_SC_00242.jpeg,2021,본 운동,1601,한국어,앉았다 들어올리기/상체 숙여서 뒤로 당기기(Dead lift/Bent over row),20221004,성인기 4주차 운동프로그램,899.932,,mp4,0AUDLJ08S_00036.mp4,http://openapi.kspo.or.kr/web/image/0AUDLJ08S_00036/,230,동영상,,4주차
,http://openapi.kspo.or.kr/web/video/,성인을 위한 주간 운동프로그램 중 4주차에 해당하는 표준운동프로그램,266594598,29.97,700,1920*1080,성인,27000,0AUDLJ08S_00036_SC_00243.jpeg,2021,본 운동,1601,한국어,앉았다 들어올리기/상체 숙여서 뒤로 당기기(Dead lift/Bent over row),20221004,성인기 4주차 운동프로그램,900.9,,mp4,0AUDLJ08S_00036.mp4,http://openapi.kspo.or.kr/web/image/0AUDLJ08S_00036/,231,동영상,,4주차
,http://openapi.kspo.or.kr/web/video/,성인을 위한 주간 운동프로그램 중 4주차에 해당하는 표준운동프로그램,266594598,29.97,701,1920*1080,성인,27029,0AUDLJ08S_00036_SC_00244.jpeg,2021,본 운동,1601,한국어,앉았다 들어올리기/상체 숙여서 뒤로 당기기(Dead lift/Bent over row),20221004,성인기 4주차 운동프로그램,901.867,,mp4,0AUDLJ08S_00036.mp4,http://openapi.kspo.or.kr/web/image/0AUDLJ08S_00036/,232,동영상,,4주차
,http://openapi.kspo.or.kr/web/video/,성인을 위한 주간 운동프로그램 중 4주차에 해당하는 표준운동프로그램,266594598,29.97,702,1920*1080,성인,27087,0AUDLJ08S_00036_SC_00245.jpeg,2021,본 운동,1601,한국어,앉았다 들어올리기/상체 숙여서 뒤로 당기기(Dead lift/Bent over row),20221004,성인기 4주차 운동프로그램,903.802,,mp4,0AUDLJ08S_00036.mp4,http://openapi.kspo.or.kr/web/image/0AUDLJ08S_00036/,233,동영상,,4주차
,http://openapi.kspo.or.kr/web/video/,성인을 위한 주간 운동프로그램 중 4주차에 해당하는 표준운동프로그램,266594598,29.97,703,1920*1080,성인,27116,0AUDLJ08S_00036_SC_00246.jpeg,2021,본 운동,1601,한국어,앉았다 들어올리기/상체 숙여서 뒤로 당기기(Dead lift/Bent over row),20221004,성인기 4주차 운동프로그램,904.77,,mp4,0AUDLJ08S_00036.mp4,http://openapi.kspo.or.kr/web/image/0AUDLJ08S_00036/,234,동영상,,4주차
,http://openapi.kspo.or.kr/web/video/,성인을 위한 주간 운동프로그램 중 4주차에 해당하는 표준운동프로그램,266594598,29.97,704,1920*1080,성인,27145,0AUDLJ08S_00036_SC_00247.jpeg,2021,본 운동,1601,한국어,앉았다 들어올리기/상체 숙여서 뒤로 당기기(Dead lift/Bent over row),20221004,성인기 4주차 운동프로그램,905.738,,mp4,0AUDLJ08S_00036.mp4,http://openapi.kspo.or.kr/web/image/0AUDLJ08S_00036/,235,동영상,,4주차
,http://openapi.kspo.or.kr/web/video/,성인을 위한 주간 운동프로그램 중 4주차에 해당하는 표준운동프로그램,266594598,29.97,705,1920*1080,성인,27174,0AUDLJ08S_00036_SC_00248.jpeg,2021,본 운동,1601,한국어,앉았다 들어올리기/상체 숙여서 뒤로 당기기(Dead lift/Bent over row),20221004,성인기 4주차 운동프로그램,906.705,,mp4,0AUDLJ08S_00036.mp4,http://openapi.kspo.or.kr/web/image/0AUDLJ08S_00036/,236,동영상,,4주차
,http://openapi.kspo.or.kr/web/video/,성인을 위한 주간 운동프로그램 중 4주차에 해당하는 표준운동프로그램,266594598,29.97,706,1920*1080,성인,27348,0AUDLJ08S_00036_SC_00249.jpeg,2021,본 운동,1601,한국어,빠른 발/빠른 주먹 지르기(Fast feet/Punch),20221004,성인기 4주차 운동프로그램,912.511,,mp4,0AUDLJ08S_00036.mp4,http://openapi.kspo.or.kr/web/image/0AUDLJ08S_00036/,237,동영상,,4주차
,http://openapi.kspo.or.kr/web/video/,성인을 위한 주간 운동프로그램 중 4주차에 해당하는 표준운동프로그램,266594598,29.97,707,1920*1080,성인,27638,0AUDLJ08S_00036_SC_00250.jpeg,2021,본 운동,1601,한국어,빠른 발/빠른 주먹 지르기(Fast feet/Punch),20221004,성인기 4주차 운동프로그램,922.187,,mp4,0AUDLJ08S_00036.mp4,http://openapi.kspo.or.kr/web/image/0AUDLJ08S_00036/,238,동영상,,4주차
,http://openapi.kspo.or.kr/web/video/,성인을 위한 주간 운동프로그램 중 4주차에 해당하는 표준운동프로그램,266594598,29.97,708,1920*1080,성인,27725,0AUDLJ08S_00036_SC_00251.jpeg,2021,본 운동,1601,한국어,빠른 발/빠른 주먹 지르기(Fast feet/Punch),20221004,성인기 4주차 운동프로그램,925.09,,mp4,0AUDLJ08S_00036.mp4,http://openapi.kspo.or.kr/web/image/0AUDLJ08S_00036/,239,동영상,,4주차
,http://openapi.kspo.or.kr/web/video/,성인을 위한 주간 운동프로그램 중 4주차에 해당하는 표준운동프로그램,266594598,29.97,709,1920*1080,성인,27812,0AUDLJ08S_00036_SC_00252.jpeg,2021,본 운동,1601,한국어,빠른 발/빠른 주먹 지르기(Fast feet/Punch),20221004,성인기 4주차 운동프로그램,927.993,,mp4,0AUDLJ08S_00036.mp4,http://openapi.kspo.or.kr/web/image/0AUDLJ08S_00036/,240,동영상,,4주차
,http://openapi.kspo.or.kr/web/video/,성인을 위한 주간 운동프로그램 중 4주차에 해당하는 표준운동프로그램,266594598,29.97,710,1920*1080,성인,27928,0AUDLJ08S_00036_SC_00253.jpeg,2021,본 운동,1601,한국어,빠른 발/빠른 주먹 지르기(Fast feet/Punch),20221004,성인기 4주차 운동프로그램,931.864,,mp4,0AUDLJ08S_00036.mp4,http://openapi.kspo.or.kr/web/image/0AUDLJ08S_00036/,241,동영상,,4주차
,http://openapi.kspo.or.kr/web/video/,성인을 위한 주간 운동프로그램 중 4주차에 해당하는 표준운동프로그램,266594598,29.97,711,1920*1080,성인,28015,0AUDLJ08S_00036_SC_00254.jpeg,2021,본 운동,1601,한국어,빠른 발/빠른 주먹 지르기(Fast feet/Punch),20221004,성인기 4주차 운동프로그램,934.767,,mp4,0AUDLJ08S_00036.mp4,http://openapi.kspo.or.kr/web/image/0AUDLJ08S_00036/,242,동영상,,4주차
,http://openapi.kspo.or.kr/web/video/,성인을 위한 주간 운동프로그램 중 4주차에 해당하는 표준운동프로그램,266594598,29.97,712,1920*1080,성인,28131,0AUDLJ08S_00036_SC_00255.jpeg,2021,본 운동,1601,한국어,빠른 발/빠른 주먹 지르기(Fast feet/Punch),20221004,성인기 4주차 운동프로그램,938.637,,mp4,0AUDLJ08S_00036.mp4,http://openapi.kspo.or.kr/web/image/0AUDLJ08S_00036/,243,동영상,,4주차
,http://openapi.kspo.or.kr/web/video/,성인을 위한 주간 운동프로그램 중 4주차에 해당하는 표준운동프로그램,266594598,29.97,713,1920*1080,성인,28218,0AUDLJ08S_00036_SC_00256.jpeg,2021,본 운동,1601,한국어,빠른 발/빠른 주먹 지르기(Fast feet/Punch),20221004,성인기 4주차 운동프로그램,941.54,,mp4,0AUDLJ08S_00036.mp4,http://openapi.kspo.or.kr/web/image/0AUDLJ08S_00036/,244,동영상,,4주차
,http://openapi.kspo.or.kr/web/video/,성인을 위한 주간 운동프로그램 중 4주차에 해당하는 표준운동프로그램,266594598,29.97,714,1920*1080,성인,28305,0AUDLJ08S_00036_SC_00257.jpeg,2021,본 운동,1601,한국어,빠른 발/빠른 주먹 지르기(Fast feet/Punch),20221004,성인기 4주차 운동프로그램,944.443,,mp4,0AUDLJ08S_00036.mp4,http://openapi.kspo.or.kr/web/image/0AUDLJ08S_00036/,245,동영상,,4주차
,http://openapi.kspo.or.kr/web/video/,성인을 위한 주간 운동프로그램 중 4주차에 해당하는 표준운동프로그램,266594598,29.97,715,1920*1080,성인,28421,0AUDLJ08S_00036_SC_00258.jpeg,2021,본 운동,1601,한국어,무릎 올리기/머리 위로 들어올리기(Knee up/Shoulder press),20221004,성인기 4주차 운동프로그램,948.314,,mp4,0AUDLJ08S_00036.mp4,http://openapi.kspo.or.kr/web/image/0AUDLJ08S_00036/,246,동영상,,4주차
,http://openapi.kspo.or.kr/web/video/,성인을 위한 주간 운동프로그램 중 4주차에 해당하는 표준운동프로그램,266594598,29.97,716,1920*1080,성인,28740,0AUDLJ08S_00036_SC_00259.jpeg,2021,본 운동,1601,한국어,무릎 올리기/머리 위로 들어올리기(Knee up/Shoulder press),20221004,성인기 4주차 운동프로그램,958.958,,mp4,0AUDLJ08S_00036.mp4,http://openapi.kspo.or.kr/web/image/0AUDLJ08S_00036/,247,동영상,,4주차
,http://openapi.kspo.or.kr/web/video/,성인을 위한 주간 운동프로그램 중 4주차에 해당하는 표준운동프로그램,266594598,29.97,717,1920*1080,성인,28769,0AUDLJ08S_00036_SC_00260.jpeg,2021,본 운동,1601,한국어,무릎 올리기/머리 위로 들어올리기(Knee up/Shoulder press),20221004,성인기 4주차 운동프로그램,959.925,,mp4,0AUDLJ08S_00036.mp4,http://openapi.kspo.or.kr/web/image/0AUDLJ08S_00036/,248,동영상,,4주차
,http://openapi.kspo.or.kr/web/video/,성인을 위한 주간 운동프로그램 중 4주차에 해당하는 표준운동프로그램,266594598,29.97,718,1920*1080,성인,28798,0AUDLJ08S_00036_SC_00261.jpeg,2021,본 운동,1601,한국어,무릎 올리기/머리 위로 들어올리기(Knee up/Shoulder press),20221004,성인기 4주차 운동프로그램,960.893,,mp4,0AUDLJ08S_00036.mp4,http://openapi.kspo.or.kr/web/image/0AUDLJ08S_00036/,249,동영상,,4주차
,http://openapi.kspo.or.kr/web/video/,성인을 위한 주간 운동프로그램 중 4주차에 해당하는 표준운동프로그램,266594598,29.97,719,1920*1080,성인,28972,0AUDLJ08S_00036_SC_00262.jpeg,2021,본 운동,1601,한국어,무릎 올리기/머리 위로 들어올리기(Knee up/Shoulder press),20221004,성인기 4주차 운동프로그램,966.699,,mp4,0AUDLJ08S_00036.mp4,http://openapi.kspo.or.kr/web/image/0AUDLJ08S_00036/,250,동영상,,4주차
,http://openapi.kspo.or.kr/web/video/,성인을 위한 주간 운동프로그램 중 4주차에 해당하는 표준운동프로그램,266594598,29.97,720,1920*1080,성인,29030,0AUDLJ08S_00036_SC_00263.jpeg,2021,본 운동,1601,한국어,무릎 올리기/머리 위로 들어올리기(Knee up/Shoulder press),20221112,성인기 4주차 운동프로그램,968.634,,mp4,0AUDLJ08S_00036.mp4,http://openapi.kspo.or.kr/web/image/0AUDLJ08S_00036/,251,동영상,,4주차
,http://openapi.kspo.or.kr/web/video/,성인을 위한 주간 운동프로그램 중 4주차에 해당하는 표준운동프로그램,266594598,29.97,721,1920*1080,성인,29059,0AUDLJ08S_00036_SC_00264.jpeg,2021,본 운동,1601,한국어,무릎 올리기/머리 위로 들어올리기(Knee up/Shoulder press),20221112,성인기 4주차 운동프로그램,969.601,,mp4,0AUDLJ08S_00036.mp4,http://openapi.kspo.or.kr/web/image/0AUDLJ08S_00036/,252,동영상,,4주차
,http://openapi.kspo.or.kr/web/video/,성인을 위한 주간 운동프로그램 중 4주차에 해당하는 표준운동프로그램,266594598,29.97,722,1920*1080,성인,29088,0AUDLJ08S_00036_SC_00265.jpeg,2021,본 운동,1601,한국어,무릎 올리기/머리 위로 들어올리기(Knee up/Shoulder press),20221112,성인기 4주차 운동프로그램,970.569,,mp4,0AUDLJ08S_00036.mp4,http://openapi.kspo.or.kr/web/image/0AUDLJ08S_00036/,253,동영상,,4주차
,http://openapi.kspo.or.kr/web/video/,성인을 위한 주간 운동프로그램 중 4주차에 해당하는 표준운동프로그램,266594598,29.97,723,1920*1080,성인,29117,0AUDLJ08S_00036_SC_00266.jpeg,2021,본 운동,1601,한국어,무릎 올리기/머리 위로 들어올리기(Knee up/Shoulder press),20221112,성인기 4주차 운동프로그램,971.537,,mp4,0AUDLJ08S_00036.mp4,http://openapi.kspo.or.kr/web/image/0AUDLJ08S_00036/,254,동영상,,4주차
,http://openapi.kspo.or.kr/web/video/,성인을 위한 주간 운동프로그램 중 4주차에 해당하는 표준운동프로그램,266594598,29.97,724,1920*1080,성인,29175,0AUDLJ08S_00036_SC_00267.jpeg,2021,본 운동,1601,한국어,무릎 올리기/머리 위로 들어올리기(Knee up/Shoulder press),20221112,성인기 4주차 운동프로그램,973.472,,mp4,0AUDLJ08S_00036.mp4,http://openapi.kspo.or.kr/web/image/0AUDLJ08S_00036/,255,동영상,,4주차
,http://openapi.kspo.or.kr/web/video/,성인을 위한 주간 운동프로그램 중 4주차에 해당하는 표준운동프로그램,266594598,29.97,725,1920*1080,성인,29320,0AUDLJ08S_00036_SC_00268.jpeg,2021,본 운동,1601,한국어,무릎 올리기/머리 위로 들어올리기(Knee up/Shoulder press),20221004,성인기 4주차 운동프로그램,978.31,,mp4,0AUDLJ08S_00036.mp4,http://openapi.kspo.or.kr/web/image/0AUDLJ08S_00036/,256,동영상,,4주차
,http://openapi.kspo.or.kr/web/video/,성인을 위한 주간 운동프로그램 중 4주차에 해당하는 표준운동프로그램,266594598,29.97,726,1920*1080,성인,29552,0AUDLJ08S_00036_SC_00269.jpeg,2021,,1601,한국어,,20221004,성인기 4주차 운동프로그램,986.051,,mp4,0AUDLJ08S_00036.mp4,http://openapi.kspo.or.kr/web/image/0AUDLJ08S_00036/,257,동영상,,4주차
,http://openapi.kspo.or.kr/web/video/,성인을 위한 주간 운동프로그램 중 4주차에 해당하는 표준운동프로그램,266594598,29.97,727,1920*1080,성인,29784,0AUDLJ08S_00036_SC_00270.jpeg,2021,정리 운동,1601,한국어,목 스트레칭(Neck stretch),20221004,성인기 4주차 운동프로그램,993.792,,mp4,0AUDLJ08S_00036.mp4,http://openapi.kspo.or.kr/web/image/0AUDLJ08S_00036/,258,동영상,,4주차
,http://openapi.kspo.or.kr/web/video/,성인을 위한 주간 운동프로그램 중 4주차에 해당하는 표준운동프로그램,266594598,29.97,728,1920*1080,성인,30045,0AUDLJ08S_00036_SC_00271.jpeg,2021,정리 운동,1601,한국어,목 스트레칭(Neck stretch),20221112,성인기 4주차 운동프로그램,1002.501,,mp4,0AUDLJ08S_00036.mp4,http://openapi.kspo.or.kr/web/image/0AUDLJ08S_00036/,259,동영상,,4주차
,http://openapi.kspo.or.kr/web/video/,성인을 위한 주간 운동프로그램 중 4주차에 해당하는 표준운동프로그램,266594598,29.97,729,1920*1080,성인,30132,0AUDLJ08S_00036_SC_00272.jpeg,2021,정리 운동,1601,한국어,목 스트레칭(Neck stretch),20221112,성인기 4주차 운동프로그램,1005.404,,mp4,0AUDLJ08S_00036.mp4,http://openapi.kspo.or.kr/web/image/0AUDLJ08S_00036/,260,동영상,,4주차
,http://openapi.kspo.or.kr/web/video/,성인을 위한 주간 운동프로그램 중 4주차에 해당하는 표준운동프로그램,266594598,29.97,730,1920*1080,성인,30219,0AUDLJ08S_00036_SC_00273.jpeg,2021,정리 운동,1601,한국어,목 스트레칭(Neck stretch),20221112,성인기 4주차 운동프로그램,1008.307,,mp4,0AUDLJ08S_00036.mp4,http://openapi.kspo.or.kr/web/image/0AUDLJ08S_00036/,261,동영상,,4주차
,http://openapi.kspo.or.kr/web/video/,성인을 위한 주간 운동프로그램 중 4주차에 해당하는 표준운동프로그램,266594598,29.97,731,1920*1080,성인,30335,0AUDLJ08S_00036_SC_00274.jpeg,2021,정리 운동,1601,한국어,목 스트레칭(Neck stretch),20221112,성인기 4주차 운동프로그램,1012.177,,mp4,0AUDLJ08S_00036.mp4,http://openapi.kspo.or.kr/web/image/0AUDLJ08S_00036/,262,동영상,,4주차
,http://openapi.kspo.or.kr/web/video/,성인을 위한 주간 운동프로그램 중 4주차에 해당하는 표준운동프로그램,266594598,29.97,732,1920*1080,성인,30451,0AUDLJ08S_00036_SC_00275.jpeg,2021,정리 운동,1601,한국어,목 스트레칭(Neck stretch),20221112,성인기 4주차 운동프로그램,1016.048,,mp4,0AUDLJ08S_00036.mp4,http://openapi.kspo.or.kr/web/image/0AUDLJ08S_00036/,263,동영상,,4주차
,http://openapi.kspo.or.kr/web/video/,성인을 위한 주간 운동프로그램 중 4주차에 해당하는 표준운동프로그램,266594598,29.97,733,1920*1080,성인,30567,0AUDLJ08S_00036_SC_00276.jpeg,2021,정리 운동,1601,한국어,목 스트레칭(Neck stretch),20221112,성인기 4주차 운동프로그램,1019.918,,mp4,0AUDLJ08S_00036.mp4,http://openapi.kspo.or.kr/web/image/0AUDLJ08S_00036/,264,동영상,,4주차
,http://openapi.kspo.or.kr/web/video/,성인을 위한 주간 운동프로그램 중 4주차에 해당하는 표준운동프로그램,266594598,29.97,734,1920*1080,성인,30712,0AUDLJ08S_00036_SC_00277.jpeg,2021,정리 운동,1601,한국어,목 스트레칭(Neck stretch),20221112,성인기 4주차 운동프로그램,1024.757,,mp4,0AUDLJ08S_00036.mp4,http://openapi.kspo.or.kr/web/image/0AUDLJ08S_00036/,265,동영상,,4주차
,http://openapi.kspo.or.kr/web/video/,성인을 위한 주간 운동프로그램 중 4주차에 해당하는 표준운동프로그램,266594598,29.97,735,1920*1080,성인,30799,0AUDLJ08S_00036_SC_00278.jpeg,2021,정리 운동,1601,한국어,목 스트레칭(Neck stretch),20221004,성인기 4주차 운동프로그램,1027.659,,mp4,0AUDLJ08S_00036.mp4,http://openapi.kspo.or.kr/web/image/0AUDLJ08S_00036/,266,동영상,,4주차
,http://openapi.kspo.or.kr/web/video/,성인을 위한 주간 운동프로그램 중 4주차에 해당하는 표준운동프로그램,266594598,29.97,736,1920*1080,성인,30915,0AUDLJ08S_00036_SC_00279.jpeg,2021,정리 운동,1601,한국어,목 스트레칭(Neck stretch),20221004,성인기 4주차 운동프로그램,1031.53,,mp4,0AUDLJ08S_00036.mp4,http://openapi.kspo.or.kr/web/image/0AUDLJ08S_00036/,267,동영상,,4주차
,http://openapi.kspo.or.kr/web/video/,성인을 위한 주간 운동프로그램 중 4주차에 해당하는 표준운동프로그램,266594598,29.97,737,1920*1080,성인,31118,0AUDLJ08S_00036_SC_00280.jpeg,2021,정리 운동,1601,한국어,목 스트레칭(Neck stretch),20221004,성인기 4주차 운동프로그램,1038.303,,mp4,0AUDLJ08S_00036.mp4,http://openapi.kspo.or.kr/web/image/0AUDLJ08S_00036/,268,동영상,,4주차
,http://openapi.kspo.or.kr/web/video/,성인을 위한 주간 운동프로그램 중 4주차에 해당하는 표준운동프로그램,266594598,29.97,738,1920*1080,성인,31234,0AUDLJ08S_00036_SC_00281.jpeg,2021,정리 운동,1601,한국어,목 스트레칭(Neck stretch),20221004,성인기 4주차 운동프로그램,1042.174,,mp4,0AUDLJ08S_00036.mp4,http://openapi.kspo.or.kr/web/image/0AUDLJ08S_00036/,269,동영상,,4주차
,http://openapi.kspo.or.kr/web/video/,성인을 위한 주간 운동프로그램 중 4주차에 해당하는 표준운동프로그램,266594598,29.97,739,1920*1080,성인,31350,0AUDLJ08S_00036_SC_00282.jpeg,2021,정리 운동,1601,한국어,목 스트레칭(Neck stretch),20221004,성인기 4주차 운동프로그램,1046.045,,mp4,0AUDLJ08S_00036.mp4,http://openapi.kspo.or.kr/web/image/0AUDLJ08S_00036/,270,동영상,,4주차
,http://openapi.kspo.or.kr/web/video/,성인을 위한 주간 운동프로그램 중 4주차에 해당하는 표준운동프로그램,266594598,29.97,740,1920*1080,성인,31437,0AUDLJ08S_00036_SC_00283.jpeg,2021,정리 운동,1601,한국어,목 스트레칭(Neck stretch),20221004,성인기 4주차 운동프로그램,1048.947,,mp4,0AUDLJ08S_00036.mp4,http://openapi.kspo.or.kr/web/image/0AUDLJ08S_00036/,271,동영상,,4주차
,http://openapi.kspo.or.kr/web/video/,성인을 위한 주간 운동프로그램 중 4주차에 해당하는 표준운동프로그램,266594598,29.97,741,1920*1080,성인,31553,0AUDLJ08S_00036_SC_00285.jpeg,2021,정리 운동,1601,한국어,어깨/팔꿈치 스트레칭(Chicken wing),20221004,성인기 4주차 운동프로그램,1052.818,,mp4,0AUDLJ08S_00036.mp4,http://openapi.kspo.or.kr/web/image/0AUDLJ08S_00036/,272,동영상,,4주차
,http://openapi.kspo.or.kr/web/video/,성인을 위한 주간 운동프로그램 중 4주차에 해당하는 표준운동프로그램,266594598,29.97,742,1920*1080,성인,31814,0AUDLJ08S_00036_SC_00286.jpeg,2021,정리 운동,1601,한국어,어깨/팔꿈치 스트레칭(Chicken wing),20221004,성인기 4주차 운동프로그램,1061.527,,mp4,0AUDLJ08S_00036.mp4,http://openapi.kspo.or.kr/web/image/0AUDLJ08S_00036/,273,동영상,,4주차
,http://openapi.kspo.or.kr/web/video/,성인을 위한 주간 운동프로그램 중 4주차에 해당하는 표준운동프로그램,266594598,29.97,743,1920*1080,성인,31959,0AUDLJ08S_00036_SC_00287.jpeg,2021,정리 운동,1601,한국어,어깨/팔꿈치 스트레칭(Chicken wing),20221004,성인기 4주차 운동프로그램,1066.365,,mp4,0AUDLJ08S_00036.mp4,http://openapi.kspo.or.kr/web/image/0AUDLJ08S_00036/,274,동영상,,4주차
,http://openapi.kspo.or.kr/web/video/,성인을 위한 주간 운동프로그램 중 4주차에 해당하는 표준운동프로그램,266594598,29.97,744,1920*1080,성인,32162,0AUDLJ08S_00036_SC_00288.jpeg,2021,정리 운동,1601,한국어,어깨/팔꿈치 스트레칭(Chicken wing),20221004,성인기 4주차 운동프로그램,1073.138,,mp4,0AUDLJ08S_00036.mp4,http://openapi.kspo.or.kr/web/image/0AUDLJ08S_00036/,275,동영상,,4주차
,http://openapi.kspo.or.kr/web/video/,성인을 위한 주간 운동프로그램 중 4주차에 해당하는 표준운동프로그램,266594598,29.97,745,1920*1080,성인,32365,0AUDLJ08S_00036_SC_00289.jpeg,2021,정리 운동,1601,한국어,어깨/팔꿈치 스트레칭(Chicken wing),20221004,성인기 4주차 운동프로그램,1079.912,,mp4,0AUDLJ08S_00036.mp4,http://openapi.kspo.or.kr/web/image/0AUDLJ08S_00036/,276,동영상,,4주차
,http://openapi.kspo.or.kr/web/video/,성인을 위한 주간 운동프로그램 중 4주차에 해당하는 표준운동프로그램,266594598,29.97,746,1920*1080,성인,32481,0AUDLJ08S_00036_SC_00290.jpeg,2021,정리 운동,1601,한국어,어깨/팔꿈치 스트레칭(Chicken wing),20221004,성인기 4주차 운동프로그램,1083.782,,mp4,0AUDLJ08S_00036.mp4,http://openapi.kspo.or.kr/web/image/0AUDLJ08S_00036/,277,동영상,,4주차
,http://openapi.kspo.or.kr/web/video/,성인을 위한 주간 운동프로그램 중 4주차에 해당하는 표준운동프로그램,266594598,29.97,747,1920*1080,성인,32568,0AUDLJ08S_00036_SC_00291.jpeg,2021,정리 운동,1601,한국어,어깨/팔꿈치 스트레칭(Chicken wing),20221004,성인기 4주차 운동프로그램,1086.685,,mp4,0AUDLJ08S_00036.mp4,http://openapi.kspo.or.kr/web/image/0AUDLJ08S_00036/,278,동영상,,4주차
,http://openapi.kspo.or.kr/web/video/,성인을 위한 주간 운동프로그램 중 4주차에 해당하는 표준운동프로그램,266594598,29.97,748,1920*1080,성인,33090,0AUDLJ08S_00036_SC_00292.jpeg,2021,정리 운동,1601,한국어,어깨/팔꿈치 스트레칭(Chicken wing),20221004,성인기 4주차 운동프로그램,1104.103,,mp4,0AUDLJ08S_00036.mp4,http://openapi.kspo.or.kr/web/image/0AUDLJ08S_00036/,279,동영상,,4주차
,http://openapi.kspo.or.kr/web/video/,성인을 위한 주간 운동프로그램 중 4주차에 해당하는 표준운동프로그램,266594598,29.97,749,1920*1080,성인,33206,0AUDLJ08S_00036_SC_00293.jpeg,2021,정리 운동,1601,한국어,어깨/팔꿈치 스트레칭(Chicken wing),20221004,성인기 4주차 운동프로그램,1107.973,,mp4,0AUDLJ08S_00036.mp4,http://openapi.kspo.or.kr/web/image/0AUDLJ08S_00036/,280,동영상,,4주차
,http://openapi.kspo.or.kr/web/video/,성인을 위한 주간 운동프로그램 중 4주차에 해당하는 표준운동프로그램,266594598,29.97,750,1920*1080,성인,33322,0AUDLJ08S_00036_SC_00294.jpeg,2021,정리 운동,1601,한국어,어깨/팔꿈치 스트레칭(Chicken wing),20221004,성인기 4주차 운동프로그램,1111.844,,mp4,0AUDLJ08S_00036.mp4,http://openapi.kspo.or.kr/web/image/0AUDLJ08S_00036/,281,동영상,,4주차
,http://openapi.kspo.or.kr/web/video/,성인을 위한 주간 운동프로그램 중 4주차에 해당하는 표준운동프로그램,266594598,29.97,751,1920*1080,성인,33757,0AUDLJ08S_00036_SC_00295.jpeg,2021,정리 운동,1601,한국어,어깨/등 스트레칭(Thread the needle),20221004,성인기 4주차 운동프로그램,1126.358,,mp4,0AUDLJ08S_00036.mp4,http://openapi.kspo.or.kr/web/image/0AUDLJ08S_00036/,282,동영상,,4주차
,http://openapi.kspo.or.kr/web/video/,성인을 위한 주간 운동프로그램 중 4주차에 해당하는 표준운동프로그램,266594598,29.97,752,1920*1080,성인,33873,0AUDLJ08S_00036_SC_00296.jpeg,2021,정리 운동,1601,한국어,어깨/등 스트레칭(Thread the needle),20221004,성인기 4주차 운동프로그램,1130.229,,mp4,0AUDLJ08S_00036.mp4,http://openapi.kspo.or.kr/web/image/0AUDLJ08S_00036/,283,동영상,,4주차
,http://openapi.kspo.or.kr/web/video/,성인을 위한 주간 운동프로그램 중 4주차에 해당하는 표준운동프로그램,266594598,29.97,753,1920*1080,성인,34047,0AUDLJ08S_00036_SC_00297.jpeg,2021,정리 운동,1601,한국어,어깨/등 스트레칭(Thread the needle),20221004,성인기 4주차 운동프로그램,1136.034,,mp4,0AUDLJ08S_00036.mp4,http://openapi.kspo.or.kr/web/image/0AUDLJ08S_00036/,284,동영상,,4주차
,http://openapi.kspo.or.kr/web/video/,성인을 위한 주간 운동프로그램 중 4주차에 해당하는 표준운동프로그램,266594598,29.97,754,1920*1080,성인,34279,0AUDLJ08S_00036_SC_00298.jpeg,2021,정리 운동,1601,한국어,어깨/등 스트레칭(Thread the needle),20221004,성인기 4주차 운동프로그램,1143.775,,mp4,0AUDLJ08S_00036.mp4,http://openapi.kspo.or.kr/web/image/0AUDLJ08S_00036/,285,동영상,,4주차
,http://openapi.kspo.or.kr/web/video/,성인을 위한 주간 운동프로그램 중 4주차에 해당하는 표준운동프로그램,266594598,29.97,755,1920*1080,성인,34395,0AUDLJ08S_00036_SC_00299.jpeg,2021,정리 운동,1601,한국어,어깨/등 스트레칭(Thread the needle),20221004,성인기 4주차 운동프로그램,1147.646,,mp4,0AUDLJ08S_00036.mp4,http://openapi.kspo.or.kr/web/image/0AUDLJ08S_00036/,286,동영상,,4주차
,http://openapi.kspo.or.kr/web/video/,성인을 위한 주간 운동프로그램 중 4주차에 해당하는 표준운동프로그램,266594598,29.97,756,1920*1080,성인,34482,0AUDLJ08S_00036_SC_00300.jpeg,2021,정리 운동,1601,한국어,어깨/등 스트레칭(Thread the needle),20221004,성인기 4주차 운동프로그램,1150.549,,mp4,0AUDLJ08S_00036.mp4,http://openapi.kspo.or.kr/web/image/0AUDLJ08S_00036/,287,동영상,,4주차
,http://openapi.kspo.or.kr/web/video/,성인을 위한 주간 운동프로그램 중 4주차에 해당하는 표준운동프로그램,266594598,29.97,757,1920*1080,성인,34598,0AUDLJ08S_00036_SC_00301.jpeg,2021,정리 운동,1601,한국어,어깨/등 스트레칭(Thread the needle),20221004,성인기 4주차 운동프로그램,1154.419,,mp4,0AUDLJ08S_00036.mp4,http://openapi.kspo.or.kr/web/image/0AUDLJ08S_00036/,288,동영상,,4주차
,http://openapi.kspo.or.kr/web/video/,성인을 위한 주간 운동프로그램 중 4주차에 해당하는 표준운동프로그램,266594598,29.97,758,1920*1080,성인,34656,0AUDLJ08S_00036_SC_00302.jpeg,2021,정리 운동,1601,한국어,등/허리 스트레칭(Cat&Camel),20221004,성인기 4주차 운동프로그램,1156.355,,mp4,0AUDLJ08S_00036.mp4,http://openapi.kspo.or.kr/web/image/0AUDLJ08S_00036/,289,동영상,,4주차
,http://openapi.kspo.or.kr/web/video/,성인을 위한 주간 운동프로그램 중 4주차에 해당하는 표준운동프로그램,266594598,29.97,759,1920*1080,성인,34685,0AUDLJ08S_00036_SC_00303.jpeg,2021,정리 운동,1601,한국어,등/허리 스트레칭(Cat&Camel),20221004,성인기 4주차 운동프로그램,1157.322,,mp4,0AUDLJ08S_00036.mp4,http://openapi.kspo.or.kr/web/image/0AUDLJ08S_00036/,290,동영상,,4주차
,http://openapi.kspo.or.kr/web/video/,성인을 위한 주간 운동프로그램 중 4주차에 해당하는 표준운동프로그램,266594598,29.97,760,1920*1080,성인,34946,0AUDLJ08S_00036_SC_00304.jpeg,2021,정리 운동,1601,한국어,등/허리 스트레칭(Cat&Camel),20221004,성인기 4주차 운동프로그램,1166.031,,mp4,0AUDLJ08S_00036.mp4,http://openapi.kspo.or.kr/web/image/0AUDLJ08S_00036/,291,동영상,,4주차
,http://openapi.kspo.or.kr/web/video/,성인을 위한 주간 운동프로그램 중 4주차에 해당하는 표준운동프로그램,266594598,29.97,761,1920*1080,성인,35062,0AUDLJ08S_00036_SC_00305.jpeg,2021,정리 운동,1601,한국어,등/허리 스트레칭(Cat&Camel),20221004,성인기 4주차 운동프로그램,1169.902,,mp4,0AUDLJ08S_00036.mp4,http://openapi.kspo.or.kr/web/image/0AUDLJ08S_00036/,292,동영상,,4주차
,http://openapi.kspo.or.kr/web/video/,성인을 위한 주간 운동프로그램 중 4주차에 해당하는 표준운동프로그램,266594598,29.97,762,1920*1080,성인,35265,0AUDLJ08S_00036_SC_00306.jpeg,2021,정리 운동,1601,한국어,등/허리 스트레칭(Cat&Camel),20221004,성인기 4주차 운동프로그램,1176.675,,mp4,0AUDLJ08S_00036.mp4,http://openapi.kspo.or.kr/web/image/0AUDLJ08S_00036/,293,동영상,,4주차
,http://openapi.kspo.or.kr/web/video/,성인을 위한 주간 운동프로그램 중 4주차에 해당하는 표준운동프로그램,266594598,29.97,763,1920*1080,성인,35381,0AUDLJ08S_00036_SC_00307.jpeg,2021,정리 운동,1601,한국어,등/허리 스트레칭(Cat&Camel),20221004,성인기 4주차 운동프로그램,1180.546,,mp4,0AUDLJ08S_00036.mp4,http://openapi.kspo.or.kr/web/image/0AUDLJ08S_00036/,294,동영상,,4주차
,http://openapi.kspo.or.kr/web/video/,성인을 위한 주간 운동프로그램 중 4주차에 해당하는 표준운동프로그램,266594598,29.97,764,1920*1080,성인,35468,0AUDLJ08S_00036_SC_00308.jpeg,2021,정리 운동,1601,한국어,등/허리 스트레칭(Cat&Camel),20221004,성인기 4주차 운동프로그램,1183.448,,mp4,0AUDLJ08S_00036.mp4,http://openapi.kspo.or.kr/web/image/0AUDLJ08S_00036/,295,동영상,,4주차
,http://openapi.kspo.or.kr/web/video/,성인을 위한 주간 운동프로그램 중 4주차에 해당하는 표준운동프로그램,266594598,29.97,765,1920*1080,성인,35584,0AUDLJ08S_00036_SC_00310.jpeg,2021,정리 운동,1601,한국어,엉덩관절 스트레칭(Hip flexor stretch),20221004,성인기 4주차 운동프로그램,1187.319,,mp4,0AUDLJ08S_00036.mp4,http://openapi.kspo.or.kr/web/image/0AUDLJ08S_00036/,296,동영상,,4주차
,http://openapi.kspo.or.kr/web/video/,성인을 위한 주간 운동프로그램 중 4주차에 해당하는 표준운동프로그램,266594598,29.97,766,1920*1080,성인,35874,0AUDLJ08S_00036_SC_00311.jpeg,2021,정리 운동,1601,한국어,엉덩관절 스트레칭(Hip flexor stretch),20221004,성인기 4주차 운동프로그램,1196.995,,mp4,0AUDLJ08S_00036.mp4,http://openapi.kspo.or.kr/web/image/0AUDLJ08S_00036/,297,동영상,,4주차
,http://openapi.kspo.or.kr/web/video/,성인을 위한 주간 운동프로그램 중 4주차에 해당하는 표준운동프로그램,266594598,29.97,767,1920*1080,성인,35990,0AUDLJ08S_00036_SC_00312.jpeg,2021,정리 운동,1601,한국어,엉덩관절 스트레칭(Hip flexor stretch),20221004,성인기 4주차 운동프로그램,1200.866,,mp4,0AUDLJ08S_00036.mp4,http://openapi.kspo.or.kr/web/image/0AUDLJ08S_00036/,298,동영상,,4주차
,http://openapi.kspo.or.kr/web/video/,성인을 위한 주간 운동프로그램 중 4주차에 해당하는 표준운동프로그램,266594598,29.97,768,1920*1080,성인,36077,0AUDLJ08S_00036_SC_00313.jpeg,2021,정리 운동,1601,한국어,엉덩관절 스트레칭(Hip flexor stretch),20221004,성인기 4주차 운동프로그램,1203.769,,mp4,0AUDLJ08S_00036.mp4,http://openapi.kspo.or.kr/web/image/0AUDLJ08S_00036/,299,동영상,,4주차
,http://openapi.kspo.or.kr/web/video/,성인을 위한 주간 운동프로그램 중 4주차에 해당하는 표준운동프로그램,266594598,29.97,769,1920*1080,성인,36193,0AUDLJ08S_00036_SC_00314.jpeg,2021,정리 운동,1601,한국어,엉덩관절 스트레칭(Hip flexor stretch),20221004,성인기 4주차 운동프로그램,1207.639,,mp4,0AUDLJ08S_00036.mp4,http://openapi.kspo.or.kr/web/image/0AUDLJ08S_00036/,300,동영상,,4주차
,http://openapi.kspo.or.kr/web/video/,성인을 위한 주간 운동프로그램 중 4주차에 해당하는 표준운동프로그램,266594598,29.97,770,1920*1080,성인,36338,0AUDLJ08S_00036_SC_00315.jpeg,2021,정리 운동,1601,한국어,엉덩관절 스트레칭(Hip flexor stretch),20221004,성인기 4주차 운동프로그램,1212.477,,mp4,0AUDLJ08S_00036.mp4,http://openapi.kspo.or.kr/web/image/0AUDLJ08S_00036/,301,동영상,,4주차
,http://openapi.kspo.or.kr/web/video/,성인을 위한 주간 운동프로그램 중 4주차에 해당하는 표준운동프로그램,266594598,29.97,771,1920*1080,성인,36454,0AUDLJ08S_00036_SC_00316.jpeg,2021,정리 운동,1601,한국어,엉덩관절 스트레칭(Hip flexor stretch),20221004,성인기 4주차 운동프로그램,1216.348,,mp4,0AUDLJ08S_00036.mp4,http://openapi.kspo.or.kr/web/image/0AUDLJ08S_00036/,302,동영상,,4주차
,http://openapi.kspo.or.kr/web/video/,성인을 위한 주간 운동프로그램 중 4주차에 해당하는 표준운동프로그램,266594598,29.97,772,1920*1080,성인,36686,0AUDLJ08S_00036_SC_00317.jpeg,2021,정리 운동,1601,한국어,복부 스트레칭(Cobra pose),20221004,성인기 4주차 운동프로그램,1224.089,,mp4,0AUDLJ08S_00036.mp4,http://openapi.kspo.or.kr/web/image/0AUDLJ08S_00036/,303,동영상,,4주차
,http://openapi.kspo.or.kr/web/video/,성인을 위한 주간 운동프로그램 중 4주차에 해당하는 표준운동프로그램,266594598,29.97,773,1920*1080,성인,36715,0AUDLJ08S_00036_SC_00318.jpeg,2021,정리 운동,1601,한국어,복부 스트레칭(Cobra pose),20221004,성인기 4주차 운동프로그램,1225.057,,mp4,0AUDLJ08S_00036.mp4,http://openapi.kspo.or.kr/web/image/0AUDLJ08S_00036/,304,동영상,,4주차
,http://openapi.kspo.or.kr/web/video/,성인을 위한 주간 운동프로그램 중 4주차에 해당하는 표준운동프로그램,266594598,29.97,774,1920*1080,성인,36976,0AUDLJ08S_00036_SC_00319.jpeg,2021,정리 운동,1601,한국어,복부 스트레칭(Cobra pose),20221004,성인기 4주차 운동프로그램,1233.765,,mp4,0AUDLJ08S_00036.mp4,http://openapi.kspo.or.kr/web/image/0AUDLJ08S_00036/,305,동영상,,4주차
,http://openapi.kspo.or.kr/web/video/,성인을 위한 주간 운동프로그램 중 4주차에 해당하는 표준운동프로그램,266594598,29.97,775,1920*1080,성인,37092,0AUDLJ08S_00036_SC_00320.jpeg,2021,정리 운동,1601,한국어,복부 스트레칭(Cobra pose),20221004,성인기 4주차 운동프로그램,1237.636,,mp4,0AUDLJ08S_00036.mp4,http://openapi.kspo.or.kr/web/image/0AUDLJ08S_00036/,306,동영상,,4주차
,http://openapi.kspo.or.kr/web/video/,성인을 위한 주간 운동프로그램 중 4주차에 해당하는 표준운동프로그램,266594598,29.97,776,1920*1080,성인,37208,0AUDLJ08S_00036_SC_00321.jpeg,2021,정리 운동,1601,한국어,복부 스트레칭(Cobra pose),20221004,성인기 4주차 운동프로그램,1241.506,,mp4,0AUDLJ08S_00036.mp4,http://openapi.kspo.or.kr/web/image/0AUDLJ08S_00036/,307,동영상,,4주차
,http://openapi.kspo.or.kr/web/video/,성인을 위한 주간 운동프로그램 중 4주차에 해당하는 표준운동프로그램,266594598,29.97,777,1920*1080,성인,37324,0AUDLJ08S_00036_SC_00322.jpeg,2021,정리 운동,1601,한국어,복부 스트레칭(Cobra pose),20221004,성인기 4주차 운동프로그램,1245.377,,mp4,0AUDLJ08S_00036.mp4,http://openapi.kspo.or.kr/web/image/0AUDLJ08S_00036/,308,동영상,,4주차
,http://openapi.kspo.or.kr/web/video/,성인을 위한 주간 운동프로그램 중 4주차에 해당하는 표준운동프로그램,266594598,29.97,778,1920*1080,성인,37440,0AUDLJ08S_00036_SC_00323.jpeg,2021,정리 운동,1601,한국어,복부 스트레칭(Cobra pose),20221004,성인기 4주차 운동프로그램,1249.248,,mp4,0AUDLJ08S_00036.mp4,http://openapi.kspo.or.kr/web/image/0AUDLJ08S_00036/,309,동영상,,4주차
,http://openapi.kspo.or.kr/web/video/,성인을 위한 주간 운동프로그램 중 4주차에 해당하는 표준운동프로그램,266594598,29.97,779,1920*1080,성인,37556,0AUDLJ08S_00036_SC_00324.jpeg,2021,정리 운동,1601,한국어,복부 스트레칭(Cobra pose),20221004,성인기 4주차 운동프로그램,1253.118,,mp4,0AUDLJ08S_00036.mp4,http://openapi.kspo.or.kr/web/image/0AUDLJ08S_00036/,310,동영상,,4주차
,http://openapi.kspo.or.kr/web/video/,성인을 위한 주간 운동프로그램 중 4주차에 해당하는 표준운동프로그램,266594598,29.97,780,1920*1080,성인,37875,0AUDLJ08S_00036_SC_00325.jpeg,2021,정리 운동,1601,한국어,등/허리/무릎 스트레칭(Down dog pose),20221004,성인기 4주차 운동프로그램,1263.762,,mp4,0AUDLJ08S_00036.mp4,http://openapi.kspo.or.kr/web/image/0AUDLJ08S_00036/,311,동영상,,4주차
,http://openapi.kspo.or.kr/web/video/,성인을 위한 주간 운동프로그램 중 4주차에 해당하는 표준운동프로그램,266594598,29.97,781,1920*1080,성인,37904,0AUDLJ08S_00036_SC_00326.jpeg,2021,정리 운동,1601,한국어,등/허리/무릎 스트레칭(Down dog pose),20221004,성인기 4주차 운동프로그램,1264.73,,mp4,0AUDLJ08S_00036.mp4,http://openapi.kspo.or.kr/web/image/0AUDLJ08S_00036/,312,동영상,,4주차
,http://openapi.kspo.or.kr/web/video/,성인을 위한 주간 운동프로그램 중 4주차에 해당하는 표준운동프로그램,266594598,29.97,782,1920*1080,성인,37962,0AUDLJ08S_00036_SC_00327.jpeg,2021,정리 운동,1601,한국어,등/허리/무릎 스트레칭(Down dog pose),20221004,성인기 4주차 운동프로그램,1266.665,,mp4,0AUDLJ08S_00036.mp4,http://openapi.kspo.or.kr/web/image/0AUDLJ08S_00036/,313,동영상,,4주차
,http://openapi.kspo.or.kr/web/video/,성인을 위한 주간 운동프로그램 중 4주차에 해당하는 표준운동프로그램,266594598,29.97,783,1920*1080,성인,38020,0AUDLJ08S_00036_SC_00328.jpeg,2021,정리 운동,1601,한국어,등/허리/무릎 스트레칭(Down dog pose),20221004,성인기 4주차 운동프로그램,1268.6,,mp4,0AUDLJ08S_00036.mp4,http://openapi.kspo.or.kr/web/image/0AUDLJ08S_00036/,314,동영상,,4주차
,http://openapi.kspo.or.kr/web/video/,성인을 위한 주간 운동프로그램 중 4주차에 해당하는 표준운동프로그램,266594598,29.97,784,1920*1080,성인,38194,0AUDLJ08S_00036_SC_00329.jpeg,2021,정리 운동,1601,한국어,등/허리/무릎 스트레칭(Down dog pose),20221004,성인기 4주차 운동프로그램,1274.406,,mp4,0AUDLJ08S_00036.mp4,http://openapi.kspo.or.kr/web/image/0AUDLJ08S_00036/,315,동영상,,4주차
,http://openapi.kspo.or.kr/web/video/,성인을 위한 주간 운동프로그램 중 4주차에 해당하는 표준운동프로그램,266594598,29.97,785,1920*1080,성인,38252,0AUDLJ08S_00036_SC_00330.jpeg,2021,정리 운동,1601,한국어,등/허리/무릎 스트레칭(Down dog pose),20221004,성인기 4주차 운동프로그램,1276.341,,mp4,0AUDLJ08S_00036.mp4,http://openapi.kspo.or.kr/web/image/0AUDLJ08S_00036/,316,동영상,,4주차
,http://openapi.kspo.or.kr/web/video/,성인을 위한 주간 운동프로그램 중 4주차에 해당하는 표준운동프로그램,266594598,29.97,786,1920*1080,성인,38397,0AUDLJ08S_00036_SC_00331.jpeg,2021,정리 운동,1601,한국어,등/허리/무릎 스트레칭(Down dog pose),20221004,성인기 4주차 운동프로그램,1281.179,,mp4,0AUDLJ08S_00036.mp4,http://openapi.kspo.or.kr/web/image/0AUDLJ08S_00036/,317,동영상,,4주차
,http://openapi.kspo.or.kr/web/video/,성인을 위한 주간 운동프로그램 중 4주차에 해당하는 표준운동프로그램,266594598,29.97,787,1920*1080,성인,38600,0AUDLJ08S_00036_SC_00332.jpeg,2021,정리 운동,1601,한국어,엉덩관절 스트레칭(Pigeon pose),20221004,성인기 4주차 운동프로그램,1287.953,,mp4,0AUDLJ08S_00036.mp4,http://openapi.kspo.or.kr/web/image/0AUDLJ08S_00036/,318,동영상,,4주차
,http://openapi.kspo.or.kr/web/video/,성인을 위한 주간 운동프로그램 중 4주차에 해당하는 표준운동프로그램,266594598,29.97,788,1920*1080,성인,38890,0AUDLJ08S_00036_SC_00333.jpeg,2021,정리 운동,1601,한국어,엉덩관절 스트레칭(Pigeon pose),20221004,성인기 4주차 운동프로그램,1297.629,,mp4,0AUDLJ08S_00036.mp4,http://openapi.kspo.or.kr/web/image/0AUDLJ08S_00036/,319,동영상,,4주차
,http://openapi.kspo.or.kr/web/video/,성인을 위한 주간 운동프로그램 중 4주차에 해당하는 표준운동프로그램,266594598,29.97,789,1920*1080,성인,38948,0AUDLJ08S_00036_SC_00334.jpeg,2021,정리 운동,1601,한국어,엉덩관절 스트레칭(Pigeon pose),20221004,성인기 4주차 운동프로그램,1299.564,,mp4,0AUDLJ08S_00036.mp4,http://openapi.kspo.or.kr/web/image/0AUDLJ08S_00036/,320,동영상,,4주차
,http://openapi.kspo.or.kr/web/video/,성인을 위한 주간 운동프로그램 중 4주차에 해당하는 표준운동프로그램,266594598,29.97,790,1920*1080,성인,39006,0AUDLJ08S_00036_SC_00335.jpeg,2021,정리 운동,1601,한국어,엉덩관절 스트레칭(Pigeon pose),20221004,성인기 4주차 운동프로그램,1301.5,,mp4,0AUDLJ08S_00036.mp4,http://openapi.kspo.or.kr/web/image/0AUDLJ08S_00036/,321,동영상,,4주차
,http://openapi.kspo.or.kr/web/video/,성인을 위한 주간 운동프로그램 중 4주차에 해당하는 표준운동프로그램,266594598,29.97,791,1920*1080,성인,39122,0AUDLJ08S_00036_SC_00336.jpeg,2021,정리 운동,1601,한국어,엉덩관절 스트레칭(Pigeon pose),20221004,성인기 4주차 운동프로그램,1305.37,,mp4,0AUDLJ08S_00036.mp4,http://openapi.kspo.or.kr/web/image/0AUDLJ08S_00036/,322,동영상,,4주차
,http://openapi.kspo.or.kr/web/video/,성인을 위한 주간 운동프로그램 중 4주차에 해당하는 표준운동프로그램,266594598,29.97,792,1920*1080,성인,39238,0AUDLJ08S_00036_SC_00337.jpeg,2021,정리 운동,1601,한국어,엉덩관절 스트레칭(Pigeon pose),20221004,성인기 4주차 운동프로그램,1309.241,,mp4,0AUDLJ08S_00036.mp4,http://openapi.kspo.or.kr/web/image/0AUDLJ08S_00036/,323,동영상,,4주차
,http://openapi.kspo.or.kr/web/video/,성인을 위한 주간 운동프로그램 중 4주차에 해당하는 표준운동프로그램,266594598,29.97,793,1920*1080,성인,39325,0AUDLJ08S_00036_SC_00338.jpeg,2021,정리 운동,1601,한국어,엉덩관절 스트레칭(Pigeon pose),20221004,성인기 4주차 운동프로그램,1312.144,,mp4,0AUDLJ08S_00036.mp4,http://openapi.kspo.or.kr/web/image/0AUDLJ08S_00036/,324,동영상,,4주차
,http://openapi.kspo.or.kr/web/video/,성인을 위한 주간 운동프로그램 중 4주차에 해당하는 표준운동프로그램,266594598,29.97,794,1920*1080,성인,39383,0AUDLJ08S_00036_SC_00339.jpeg,2021,정리 운동,1601,한국어,엉덩관절 스트레칭(Pigeon pose),20221004,성인기 4주차 운동프로그램,1314.079,,mp4,0AUDLJ08S_00036.mp4,http://openapi.kspo.or.kr/web/image/0AUDLJ08S_00036/,325,동영상,,4주차
,http://openapi.kspo.or.kr/web/video/,성인을 위한 주간 운동프로그램 중 4주차에 해당하는 표준운동프로그램,266594598,29.97,795,1920*1080,성인,39412,0AUDLJ08S_00036_SC_00340.jpeg,2021,정리 운동,1601,한국어,엉덩관절 스트레칭(Pigeon pose),20221004,성인기 4주차 운동프로그램,1315.047,,mp4,0AUDLJ08S_00036.mp4,http://openapi.kspo.or.kr/web/image/0AUDLJ08S_00036/,326,동영상,,4주차
,http://openapi.kspo.or.kr/web/video/,성인을 위한 주간 운동프로그램 중 4주차에 해당하는 표준운동프로그램,266594598,29.97,796,1920*1080,성인,39528,0AUDLJ08S_00036_SC_00341.jpeg,2021,정리 운동,1601,한국어,엉덩관절 스트레칭(Pigeon pose),20221004,성인기 4주차 운동프로그램,1318.917,,mp4,0AUDLJ08S_00036.mp4,http://openapi.kspo.or.kr/web/image/0AUDLJ08S_00036/,327,동영상,,4주차
,http://openapi.kspo.or.kr/web/video/,성인을 위한 주간 운동프로그램 중 4주차에 해당하는 표준운동프로그램,266594598,29.97,797,1920*1080,성인,39673,0AUDLJ08S_00036_SC_00342.jpeg,2021,정리 운동,1601,한국어,엉덩관절 스트레칭(Pigeon pose),20221004,성인기 4주차 운동프로그램,1323.755,,mp4,0AUDLJ08S_00036.mp4,http://openapi.kspo.or.kr/web/image/0AUDLJ08S_00036/,328,동영상,,4주차
,http://openapi.kspo.or.kr/web/video/,성인을 위한 주간 운동프로그램 중 4주차에 해당하는 표준운동프로그램,266594598,29.97,798,1920*1080,성인,39818,0AUDLJ08S_00036_SC_00343.jpeg,2021,정리 운동,1601,한국어,엉덩관절 스트레칭(Butterfly pose),20221004,성인기 4주차 운동프로그램,1328.593,,mp4,0AUDLJ08S_00036.mp4,http://openapi.kspo.or.kr/web/image/0AUDLJ08S_00036/,329,동영상,,4주차
,http://openapi.kspo.or.kr/web/video/,성인을 위한 주간 운동프로그램 중 4주차에 해당하는 표준운동프로그램,266594598,29.97,799,1920*1080,성인,40021,0AUDLJ08S_00036_SC_00344.jpeg,2021,정리 운동,1601,한국어,엉덩관절 스트레칭(Butterfly pose),20221004,성인기 4주차 운동프로그램,1335.367,,mp4,0AUDLJ08S_00036.mp4,http://openapi.kspo.or.kr/web/image/0AUDLJ08S_00036/,330,동영상,,4주차
,http://openapi.kspo.or.kr/web/video/,성인을 위한 주간 운동프로그램 중 4주차에 해당하는 표준운동프로그램,266594598,29.97,800,1920*1080,성인,40137,0AUDLJ08S_00036_SC_00345.jpeg,2021,정리 운동,1601,한국어,엉덩관절 스트레칭(Butterfly pose),20221004,성인기 4주차 운동프로그램,1339.237,,mp4,0AUDLJ08S_00036.mp4,http://openapi.kspo.or.kr/web/image/0AUDLJ08S_00036/,331,동영상,,4주차
,http://openapi.kspo.or.kr/web/video/,성인을 위한 주간 운동프로그램 중 4주차에 해당하는 표준운동프로그램,266594598,29.97,801,1920*1080,성인,40166,0AUDLJ08S_00036_SC_00346.jpeg,2021,정리 운동,1601,한국어,엉덩관절 스트레칭(Butterfly pose),20221004,성인기 4주차 운동프로그램,1340.205,,mp4,0AUDLJ08S_00036.mp4,http://openapi.kspo.or.kr/web/image/0AUDLJ08S_00036/,332,동영상,,4주차
,http://openapi.kspo.or.kr/web/video/,성인을 위한 주간 운동프로그램 중 4주차에 해당하는 표준운동프로그램,266594598,29.97,802,1920*1080,성인,40195,0AUDLJ08S_00036_SC_00347.jpeg,2021,정리 운동,1601,한국어,엉덩관절 스트레칭(Butterfly pose),20221004,성인기 4주차 운동프로그램,1341.173,,mp4,0AUDLJ08S_00036.mp4,http://openapi.kspo.or.kr/web/image/0AUDLJ08S_00036/,333,동영상,,4주차
,http://openapi.kspo.or.kr/web/video/,성인을 위한 주간 운동프로그램 중 4주차에 해당하는 표준운동프로그램,266594598,29.97,803,1920*1080,성인,40224,0AUDLJ08S_00036_SC_00348.jpeg,2021,정리 운동,1601,한국어,엉덩관절 스트레칭(Butterfly pose),20221004,성인기 4주차 운동프로그램,1342.14,,mp4,0AUDLJ08S_00036.mp4,http://openapi.kspo.or.kr/web/image/0AUDLJ08S_00036/,334,동영상,,4주차
,http://openapi.kspo.or.kr/web/video/,성인을 위한 주간 운동프로그램 중 4주차에 해당하는 표준운동프로그램,266594598,29.97,804,1920*1080,성인,40253,0AUDLJ08S_00036_SC_00349.jpeg,2021,정리 운동,1601,한국어,엉덩관절 스트레칭(Butterfly pose),20221004,성인기 4주차 운동프로그램,1343.108,,mp4,0AUDLJ08S_00036.mp4,http://openapi.kspo.or.kr/web/image/0AUDLJ08S_00036/,335,동영상,,4주차
,http://openapi.kspo.or.kr/web/video/,성인을 위한 주간 운동프로그램 중 4주차에 해당하는 표준운동프로그램,266594598,29.97,805,1920*1080,성인,40282,0AUDLJ08S_00036_SC_00350.jpeg,2021,정리 운동,1601,한국어,엉덩관절 스트레칭(Butterfly pose),20221004,성인기 4주차 운동프로그램,1344.076,,mp4,0AUDLJ08S_00036.mp4,http://openapi.kspo.or.kr/web/image/0AUDLJ08S_00036/,336,동영상,,4주차
,http://openapi.kspo.or.kr/web/video/,성인을 위한 주간 운동프로그램 중 4주차에 해당하는 표준운동프로그램,266594598,29.97,806,1920*1080,성인,40311,0AUDLJ08S_00036_SC_00351.jpeg,2021,정리 운동,1601,한국어,엉덩관절 스트레칭(Butterfly pose),20221004,성인기 4주차 운동프로그램,1345.043,,mp4,0AUDLJ08S_00036.mp4,http://openapi.kspo.or.kr/web/image/0AUDLJ08S_00036/,337,동영상,,4주차
,http://openapi.kspo.or.kr/web/video/,성인을 위한 주간 운동프로그램 중 4주차에 해당하는 표준운동프로그램,266594598,29.97,807,1920*1080,성인,40369,0AUDLJ08S_00036_SC_00352.jpeg,2021,정리 운동,1601,한국어,엉덩관절 스트레칭(Butterfly pose),20221004,성인기 4주차 운동프로그램,1346.978,,mp4,0AUDLJ08S_00036.mp4,http://openapi.kspo.or.kr/web/image/0AUDLJ08S_00036/,338,동영상,,4주차
,http://openapi.kspo.or.kr/web/video/,성인을 위한 주간 운동프로그램 중 4주차에 해당하는 표준운동프로그램,266594598,29.97,808,1920*1080,성인,40804,0AUDLJ08S_00036_SC_00353.jpeg,2021,정리 운동,1601,한국어,무릎 스트레칭(Quadriceps stretch),20221004,성인기 4주차 운동프로그램,1361.493,,mp4,0AUDLJ08S_00036.mp4,http://openapi.kspo.or.kr/web/image/0AUDLJ08S_00036/,339,동영상,,4주차
,http://openapi.kspo.or.kr/web/video/,성인을 위한 주간 운동프로그램 중 4주차에 해당하는 표준운동프로그램,266594598,29.97,809,1920*1080,성인,40949,0AUDLJ08S_00036_SC_00354.jpeg,2021,정리 운동,1601,한국어,무릎 스트레칭(Quadriceps stretch),20221004,성인기 4주차 운동프로그램,1366.331,,mp4,0AUDLJ08S_00036.mp4,http://openapi.kspo.or.kr/web/image/0AUDLJ08S_00036/,340,동영상,,4주차
,http://openapi.kspo.or.kr/web/video/,성인을 위한 주간 운동프로그램 중 4주차에 해당하는 표준운동프로그램,266594598,29.97,810,1920*1080,성인,41065,0AUDLJ08S_00036_SC_00355.jpeg,2021,정리 운동,1601,한국어,무릎 스트레칭(Quadriceps stretch),20221004,성인기 4주차 운동프로그램,1370.202,,mp4,0AUDLJ08S_00036.mp4,http://openapi.kspo.or.kr/web/image/0AUDLJ08S_00036/,341,동영상,,4주차
,http://openapi.kspo.or.kr/web/video/,성인을 위한 주간 운동프로그램 중 4주차에 해당하는 표준운동프로그램,266594598,29.97,811,1920*1080,성인,41210,0AUDLJ08S_00036_SC_00356.jpeg,2021,정리 운동,1601,한국어,무릎 스트레칭(Quadriceps stretch),20221004,성인기 4주차 운동프로그램,1375.04,,mp4,0AUDLJ08S_00036.mp4,http://openapi.kspo.or.kr/web/image/0AUDLJ08S_00036/,342,동영상,,4주차
,http://openapi.kspo.or.kr/web/video/,성인을 위한 주간 운동프로그램 중 4주차에 해당하는 표준운동프로그램,266594598,29.97,812,1920*1080,성인,41268,0AUDLJ08S_00036_SC_00357.jpeg,2021,정리 운동,1601,한국어,무릎 스트레칭(Quadriceps stretch),20221004,성인기 4주차 운동프로그램,1376.975,,mp4,0AUDLJ08S_00036.mp4,http://openapi.kspo.or.kr/web/image/0AUDLJ08S_00036/,343,동영상,,4주차
,http://openapi.kspo.or.kr/web/video/,성인을 위한 주간 운동프로그램 중 4주차에 해당하는 표준운동프로그램,266594598,29.97,813,1920*1080,성인,41384,0AUDLJ08S_00036_SC_00358.jpeg,2021,정리 운동,1601,한국어,무릎 스트레칭(Quadriceps stretch),20221004,성인기 4주차 운동프로그램,1380.846,,mp4,0AUDLJ08S_00036.mp4,http://openapi.kspo.or.kr/web/image/0AUDLJ08S_00036/,344,동영상,,4주차
,http://openapi.kspo.or.kr/web/video/,성인을 위한 주간 운동프로그램 중 4주차에 해당하는 표준운동프로그램,266594598,29.97,814,1920*1080,성인,41500,0AUDLJ08S_00036_SC_00359.jpeg,2021,정리 운동,1601,한국어,무릎 스트레칭(Quadriceps stretch),20221004,성인기 4주차 운동프로그램,1384.716,,mp4,0AUDLJ08S_00036.mp4,http://openapi.kspo.or.kr/web/image/0AUDLJ08S_00036/,345,동영상,,4주차
,http://openapi.kspo.or.kr/web/video/,성인을 위한 주간 운동프로그램 중 4주차에 해당하는 표준운동프로그램,266594598,29.97,815,1920*1080,성인,41645,0AUDLJ08S_00036_SC_00361.jpeg,2021,정리 운동,1601,한국어,엉덩관절 스트레칭(Gluteus stretch),20221004,성인기 4주차 운동프로그램,1389.554,,mp4,0AUDLJ08S_00036.mp4,http://openapi.kspo.or.kr/web/image/0AUDLJ08S_00036/,346,동영상,,4주차
,http://openapi.kspo.or.kr/web/video/,성인을 위한 주간 운동프로그램 중 4주차에 해당하는 표준운동프로그램,266594598,29.97,816,1920*1080,성인,41877,0AUDLJ08S_00036_SC_00362.jpeg,2021,정리 운동,1601,한국어,엉덩관절 스트레칭(Gluteus stretch),20221004,성인기 4주차 운동프로그램,1397.295,,mp4,0AUDLJ08S_00036.mp4,http://openapi.kspo.or.kr/web/image/0AUDLJ08S_00036/,347,동영상,,4주차
,http://openapi.kspo.or.kr/web/video/,성인을 위한 주간 운동프로그램 중 4주차에 해당하는 표준운동프로그램,266594598,29.97,817,1920*1080,성인,41993,0AUDLJ08S_00036_SC_00363.jpeg,2021,정리 운동,1601,한국어,엉덩관절 스트레칭(Gluteus stretch),20221004,성인기 4주차 운동프로그램,1401.166,,mp4,0AUDLJ08S_00036.mp4,http://openapi.kspo.or.kr/web/image/0AUDLJ08S_00036/,348,동영상,,4주차
,http://openapi.kspo.or.kr/web/video/,성인을 위한 주간 운동프로그램 중 4주차에 해당하는 표준운동프로그램,266594598,29.97,818,1920*1080,성인,42138,0AUDLJ08S_00036_SC_00364.jpeg,2021,정리 운동,1601,한국어,엉덩관절 스트레칭(Gluteus stretch),20221004,성인기 4주차 운동프로그램,1406.004,,mp4,0AUDLJ08S_00036.mp4,http://openapi.kspo.or.kr/web/image/0AUDLJ08S_00036/,349,동영상,,4주차
,http://openapi.kspo.or.kr/web/video/,성인을 위한 주간 운동프로그램 중 4주차에 해당하는 표준운동프로그램,266594598,29.97,819,1920*1080,성인,42196,0AUDLJ08S_00036_SC_00365.jpeg,2021,정리 운동,1601,한국어,엉덩관절 스트레칭(Gluteus stretch),20221004,성인기 4주차 운동프로그램,1407.939,,mp4,0AUDLJ08S_00036.mp4,http://openapi.kspo.or.kr/web/image/0AUDLJ08S_00036/,350,동영상,,4주차
,http://openapi.kspo.or.kr/web/video/,성인을 위한 주간 운동프로그램 중 4주차에 해당하는 표준운동프로그램,266594598,29.97,820,1920*1080,성인,42341,0AUDLJ08S_00036_SC_00366.jpeg,2021,정리 운동,1601,한국어,엉덩관절 스트레칭(Gluteus stretch),20221004,성인기 4주차 운동프로그램,1412.778,,mp4,0AUDLJ08S_00036.mp4,http://openapi.kspo.or.kr/web/image/0AUDLJ08S_00036/,351,동영상,,4주차
,http://openapi.kspo.or.kr/web/video/,성인을 위한 주간 운동프로그램 중 4주차에 해당하는 표준운동프로그램,266594598,29.97,821,1920*1080,성인,42486,0AUDLJ08S_00036_SC_00367.jpeg,2021,정리 운동,1601,한국어,엉덩관절 스트레칭(Gluteus stretch),20221004,성인기 4주차 운동프로그램,1417.616,,mp4,0AUDLJ08S_00036.mp4,http://openapi.kspo.or.kr/web/image/0AUDLJ08S_00036/,352,동영상,,4주차
,http://openapi.kspo.or.kr/web/video/,성인을 위한 주간 운동프로그램 중 4주차에 해당하는 표준운동프로그램,266594598,29.97,822,1920*1080,성인,42660,0AUDLJ08S_00036_SC_00368.jpeg,2021,정리 운동,1601,한국어,무릎 스트레칭(Hamstring stretch),20221004,성인기 4주차 운동프로그램,1423.422,,mp4,0AUDLJ08S_00036.mp4,http://openapi.kspo.or.kr/web/image/0AUDLJ08S_00036/,353,동영상,,4주차
,http://openapi.kspo.or.kr/web/video/,성인을 위한 주간 운동프로그램 중 4주차에 해당하는 표준운동프로그램,266594598,29.97,823,1920*1080,성인,42921,0AUDLJ08S_00036_SC_00369.jpeg,2021,정리 운동,1601,한국어,무릎 스트레칭(Hamstring stretch),20221004,성인기 4주차 운동프로그램,1432.13,,mp4,0AUDLJ08S_00036.mp4,http://openapi.kspo.or.kr/web/image/0AUDLJ08S_00036/,354,동영상,,4주차
,http://openapi.kspo.or.kr/web/video/,성인을 위한 주간 운동프로그램 중 4주차에 해당하는 표준운동프로그램,266594598,29.97,824,1920*1080,성인,43037,0AUDLJ08S_00036_SC_00370.jpeg,2021,정리 운동,1601,한국어,무릎 스트레칭(Hamstring stretch),20221004,성인기 4주차 운동프로그램,1436.001,,mp4,0AUDLJ08S_00036.mp4,http://openapi.kspo.or.kr/web/image/0AUDLJ08S_00036/,355,동영상,,4주차
,http://openapi.kspo.or.kr/web/video/,성인을 위한 주간 운동프로그램 중 4주차에 해당하는 표준운동프로그램,266594598,29.97,825,1920*1080,성인,43124,0AUDLJ08S_00036_SC_00371.jpeg,2021,정리 운동,1601,한국어,무릎 스트레칭(Hamstring stretch),20221004,성인기 4주차 운동프로그램,1438.904,,mp4,0AUDLJ08S_00036.mp4,http://openapi.kspo.or.kr/web/image/0AUDLJ08S_00036/,356,동영상,,4주차
,http://openapi.kspo.or.kr/web/video/,성인을 위한 주간 운동프로그램 중 4주차에 해당하는 표준운동프로그램,266594598,29.97,826,1920*1080,성인,43240,0AUDLJ08S_00036_SC_00372.jpeg,2021,정리 운동,1601,한국어,무릎 스트레칭(Hamstring stretch),20221004,성인기 4주차 운동프로그램,1442.774,,mp4,0AUDLJ08S_00036.mp4,http://openapi.kspo.or.kr/web/image/0AUDLJ08S_00036/,357,동영상,,4주차
,http://openapi.kspo.or.kr/web/video/,성인을 위한 주간 운동프로그램 중 4주차에 해당하는 표준운동프로그램,266594598,29.97,827,1920*1080,성인,43327,0AUDLJ08S_00036_SC_00373.jpeg,2021,정리 운동,1601,한국어,무릎 스트레칭(Hamstring stretch),20221004,성인기 4주차 운동프로그램,1445.677,,mp4,0AUDLJ08S_00036.mp4,http://openapi.kspo.or.kr/web/image/0AUDLJ08S_00036/,358,동영상,,4주차
,http://openapi.kspo.or.kr/web/video/,성인을 위한 주간 운동프로그램 중 4주차에 해당하는 표준운동프로그램,266594598,29.97,828,1920*1080,성인,43385,0AUDLJ08S_00036_SC_00374.jpeg,2021,정리 운동,1601,한국어,무릎 스트레칭(Hamstring stretch),20221004,성인기 4주차 운동프로그램,1447.612,,mp4,0AUDLJ08S_00036.mp4,http://openapi.kspo.or.kr/web/image/0AUDLJ08S_00036/,359,동영상,,4주차
,http://openapi.kspo.or.kr/web/video/,성인을 위한 주간 운동프로그램 중 4주차에 해당하는 표준운동프로그램,266594598,29.97,829,1920*1080,성인,43559,0AUDLJ08S_00036_SC_00375.jpeg,2021,정리 운동,1601,한국어,무릎 스트레칭(Hamstring stretch),20221004,성인기 4주차 운동프로그램,1453.418,,mp4,0AUDLJ08S_00036.mp4,http://openapi.kspo.or.kr/web/image/0AUDLJ08S_00036/,360,동영상,,4주차
,http://openapi.kspo.or.kr/web/video/,성인을 위한 주간 운동프로그램 중 4주차에 해당하는 표준운동프로그램,266594598,29.97,830,1920*1080,성인,43646,0AUDLJ08S_00036_SC_00376.jpeg,2021,정리 운동,1601,한국어,무릎 스트레칭(Hamstring stretch),20221004,성인기 4주차 운동프로그램,1456.321,,mp4,0AUDLJ08S_00036.mp4,http://openapi.kspo.or.kr/web/image/0AUDLJ08S_00036/,361,동영상,,4주차
,http://openapi.kspo.or.kr/web/video/,성인을 위한 주간 운동프로그램 중 4주차에 해당하는 표준운동프로그램,266594598,29.97,831,1920*1080,성인,43762,0AUDLJ08S_00036_SC_00377.jpeg,2021,정리 운동,1601,한국어,무릎 스트레칭(Hamstring stretch),20221004,성인기 4주차 운동프로그램,1460.192,,mp4,0AUDLJ08S_00036.mp4,http://openapi.kspo.or.kr/web/image/0AUDLJ08S_00036/,362,동영상,,4주차
,http://openapi.kspo.or.kr/web/video/,성인을 위한 주간 운동프로그램 중 4주차에 해당하는 표준운동프로그램,266594598,29.97,832,1920*1080,성인,43849,0AUDLJ08S_00036_SC_00378.jpeg,2021,정리 운동,1601,한국어,엉덩관절 스트레칭(Figure 4 pose),20221004,성인기 4주차 운동프로그램,1463.094,,mp4,0AUDLJ08S_00036.mp4,http://openapi.kspo.or.kr/web/image/0AUDLJ08S_00036/,363,동영상,,4주차
,http://openapi.kspo.or.kr/web/video/,성인을 위한 주간 운동프로그램 중 4주차에 해당하는 표준운동프로그램,266594598,29.97,833,1920*1080,성인,44081,0AUDLJ08S_00036_SC_00379.jpeg,2021,정리 운동,1601,한국어,엉덩관절 스트레칭(Figure 4 pose),20221004,성인기 4주차 운동프로그램,1470.836,,mp4,0AUDLJ08S_00036.mp4,http://openapi.kspo.or.kr/web/image/0AUDLJ08S_00036/,364,동영상,,4주차
,http://openapi.kspo.or.kr/web/video/,성인을 위한 주간 운동프로그램 중 4주차에 해당하는 표준운동프로그램,266594598,29.97,834,1920*1080,성인,44139,0AUDLJ08S_00036_SC_00380.jpeg,2021,정리 운동,1601,한국어,엉덩관절 스트레칭(Figure 4 pose),20221004,성인기 4주차 운동프로그램,1472.771,,mp4,0AUDLJ08S_00036.mp4,http://openapi.kspo.or.kr/web/image/0AUDLJ08S_00036/,365,동영상,,4주차
,http://openapi.kspo.or.kr/web/video/,성인을 위한 주간 운동프로그램 중 4주차에 해당하는 표준운동프로그램,266594598,29.97,835,1920*1080,성인,44284,0AUDLJ08S_00036_SC_00381.jpeg,2021,정리 운동,1601,한국어,엉덩관절 스트레칭(Figure 4 pose),20221004,성인기 4주차 운동프로그램,1477.609,,mp4,0AUDLJ08S_00036.mp4,http://openapi.kspo.or.kr/web/image/0AUDLJ08S_00036/,366,동영상,,4주차
,http://openapi.kspo.or.kr/web/video/,성인을 위한 주간 운동프로그램 중 4주차에 해당하는 표준운동프로그램,266594598,29.97,836,1920*1080,성인,44429,0AUDLJ08S_00036_SC_00382.jpeg,2021,정리 운동,1601,한국어,엉덩관절 스트레칭(Figure 4 pose),20221004,성인기 4주차 운동프로그램,1482.447,,mp4,0AUDLJ08S_00036.mp4,http://openapi.kspo.or.kr/web/image/0AUDLJ08S_00036/,367,동영상,,4주차
,http://openapi.kspo.or.kr/web/video/,성인을 위한 주간 운동프로그램 중 4주차에 해당하는 표준운동프로그램,266594598,29.97,837,1920*1080,성인,44487,0AUDLJ08S_00036_SC_00383.jpeg,2021,정리 운동,1601,한국어,엉덩관절 스트레칭(Figure 4 pose),20221004,성인기 4주차 운동프로그램,1484.382,,mp4,0AUDLJ08S_00036.mp4,http://openapi.kspo.or.kr/web/image/0AUDLJ08S_00036/,368,동영상,,4주차
,http://openapi.kspo.or.kr/web/video/,성인을 위한 주간 운동프로그램 중 4주차에 해당하는 표준운동프로그램,266594598,29.97,838,1920*1080,성인,44574,0AUDLJ08S_00036_SC_00384.jpeg,2021,정리 운동,1601,한국어,엉덩관절 스트레칭(Figure 4 pose),20221004,성인기 4주차 운동프로그램,1487.285,,mp4,0AUDLJ08S_00036.mp4,http://openapi.kspo.or.kr/web/image/0AUDLJ08S_00036/,369,동영상,,4주차
,http://openapi.kspo.or.kr/web/video/,성인을 위한 주간 운동프로그램 중 4주차에 해당하는 표준운동프로그램,266594598,29.97,839,1920*1080,성인,44690,0AUDLJ08S_00036_SC_00385.jpeg,2021,정리 운동,1601,한국어,엉덩관절 스트레칭(Figure 4 pose),20221004,성인기 4주차 운동프로그램,1491.156,,mp4,0AUDLJ08S_00036.mp4,http://openapi.kspo.or.kr/web/image/0AUDLJ08S_00036/,370,동영상,,4주차
,http://openapi.kspo.or.kr/web/video/,성인을 위한 주간 운동프로그램 중 4주차에 해당하는 표준운동프로그램,266594598,29.97,840,1920*1080,성인,44893,0AUDLJ08S_00036_SC_00386.jpeg,2021,정리 운동,1601,한국어,엉덩관절 스트레칭(Figure 4 pose),20221004,성인기 4주차 운동프로그램,1497.929,,mp4,0AUDLJ08S_00036.mp4,http://openapi.kspo.or.kr/web/image/0AUDLJ08S_00036/,371,동영상,,4주차
,http://openapi.kspo.or.kr/web/video/,성인을 위한 주간 운동프로그램 중 4주차에 해당하는 표준운동프로그램,266594598,29.97,841,1920*1080,성인,45154,0AUDLJ08S_00036_SC_00388.jpeg,2021,정리 운동,1601,한국어,어깨/복부/엉덩관절 스트레칭(Trunk rotation stretch),20221004,성인기 4주차 운동프로그램,1506.638,,mp4,0AUDLJ08S_00036.mp4,http://openapi.kspo.or.kr/web/image/0AUDLJ08S_00036/,372,동영상,,4주차
,http://openapi.kspo.or.kr/web/video/,성인을 위한 주간 운동프로그램 중 4주차에 해당하는 표준운동프로그램,266594598,29.97,842,1920*1080,성인,45415,0AUDLJ08S_00036_SC_00389.jpeg,2021,정리 운동,1601,한국어,어깨/복부/엉덩관절 스트레칭(Trunk rotation stretch),20221004,성인기 4주차 운동프로그램,1515.347,,mp4,0AUDLJ08S_00036.mp4,http://openapi.kspo.or.kr/web/image/0AUDLJ08S_00036/,373,동영상,,4주차
,http://openapi.kspo.or.kr/web/video/,성인을 위한 주간 운동프로그램 중 4주차에 해당하는 표준운동프로그램,266594598,29.97,843,1920*1080,성인,45444,0AUDLJ08S_00036_SC_00390.jpeg,2021,정리 운동,1601,한국어,어깨/복부/엉덩관절 스트레칭(Trunk rotation stretch),20221004,성인기 4주차 운동프로그램,1516.314,,mp4,0AUDLJ08S_00036.mp4,http://openapi.kspo.or.kr/web/image/0AUDLJ08S_00036/,374,동영상,,4주차
,http://openapi.kspo.or.kr/web/video/,성인을 위한 주간 운동프로그램 중 4주차에 해당하는 표준운동프로그램,266594598,29.97,844,1920*1080,성인,45473,0AUDLJ08S_00036_SC_00391.jpeg,2021,정리 운동,1601,한국어,어깨/복부/엉덩관절 스트레칭(Trunk rotation stretch),20221004,성인기 4주차 운동프로그램,1517.282,,mp4,0AUDLJ08S_00036.mp4,http://openapi.kspo.or.kr/web/image/0AUDLJ08S_00036/,375,동영상,,4주차
,http://openapi.kspo.or.kr/web/video/,성인을 위한 주간 운동프로그램 중 4주차에 해당하는 표준운동프로그램,266594598,29.97,845,1920*1080,성인,45502,0AUDLJ08S_00036_SC_00392.jpeg,2021,정리 운동,1601,한국어,어깨/복부/엉덩관절 스트레칭(Trunk rotation stretch),20221004,성인기 4주차 운동프로그램,1518.25,,mp4,0AUDLJ08S_00036.mp4,http://openapi.kspo.or.kr/web/image/0AUDLJ08S_00036/,376,동영상,,4주차
,http://openapi.kspo.or.kr/web/video/,성인을 위한 주간 운동프로그램 중 4주차에 해당하는 표준운동프로그램,266594598,29.97,846,1920*1080,성인,45531,0AUDLJ08S_00036_SC_00393.jpeg,2021,정리 운동,1601,한국어,어깨/복부/엉덩관절 스트레칭(Trunk rotation stretch),20221004,성인기 4주차 운동프로그램,1519.217,,mp4,0AUDLJ08S_00036.mp4,http://openapi.kspo.or.kr/web/image/0AUDLJ08S_00036/,377,동영상,,4주차
,http://openapi.kspo.or.kr/web/video/,성인을 위한 주간 운동프로그램 중 4주차에 해당하는 표준운동프로그램,266594598,29.97,847,1920*1080,성인,45589,0AUDLJ08S_00036_SC_00394.jpeg,2021,정리 운동,1601,한국어,어깨/복부/엉덩관절 스트레칭(Trunk rotation stretch),20221004,성인기 4주차 운동프로그램,1521.152,,mp4,0AUDLJ08S_00036.mp4,http://openapi.kspo.or.kr/web/image/0AUDLJ08S_00036/,378,동영상,,4주차
,http://openapi.kspo.or.kr/web/video/,성인을 위한 주간 운동프로그램 중 4주차에 해당하는 표준운동프로그램,266594598,29.97,848,1920*1080,성인,45676,0AUDLJ08S_00036_SC_00395.jpeg,2021,정리 운동,1601,한국어,어깨/복부/엉덩관절 스트레칭(Trunk rotation stretch),20221004,성인기 4주차 운동프로그램,1524.055,,mp4,0AUDLJ08S_00036.mp4,http://openapi.kspo.or.kr/web/image/0AUDLJ08S_00036/,379,동영상,,4주차
,http://openapi.kspo.or.kr/web/video/,성인을 위한 주간 운동프로그램 중 4주차에 해당하는 표준운동프로그램,266594598,29.97,849,1920*1080,성인,45792,0AUDLJ08S_00036_SC_00396.jpeg,2021,정리 운동,1601,한국어,어깨/복부/엉덩관절 스트레칭(Trunk rotation stretch),20221004,성인기 4주차 운동프로그램,1527.926,,mp4,0AUDLJ08S_00036.mp4,http://openapi.kspo.or.kr/web/image/0AUDLJ08S_00036/,380,동영상,,4주차
,http://openapi.kspo.or.kr/web/video/,성인을 위한 주간 운동프로그램 중 4주차에 해당하는 표준운동프로그램,266594598,29.97,850,1920*1080,성인,45966,0AUDLJ08S_00036_SC_00397.jpeg,2021,정리 운동,1601,한국어,어깨/복부/엉덩관절 스트레칭(Trunk rotation stretch),20221004,성인기 4주차 운동프로그램,1533.732,,mp4,0AUDLJ08S_00036.mp4,http://openapi.kspo.or.kr/web/image/0AUDLJ08S_00036/,381,동영상,,4주차
,http://openapi.kspo.or.kr/web/video/,성인을 위한 주간 운동프로그램 중 4주차에 해당하는 표준운동프로그램,266594598,29.97,851,1920*1080,성인,45995,0AUDLJ08S_00036_SC_00398.jpeg,2021,정리 운동,1601,한국어,어깨/복부/엉덩관절 스트레칭(Trunk rotation stretch),20221004,성인기 4주차 운동프로그램,1534.699,,mp4,0AUDLJ08S_00036.mp4,http://openapi.kspo.or.kr/web/image/0AUDLJ08S_00036/,382,동영상,,4주차
,http://openapi.kspo.or.kr/web/video/,성인을 위한 주간 운동프로그램 중 4주차에 해당하는 표준운동프로그램,266594598,29.97,852,1920*1080,성인,46053,0AUDLJ08S_00036_SC_00399.jpeg,2021,정리 운동,1601,한국어,어깨/복부/엉덩관절 스트레칭(Trunk rotation stretch),20221004,성인기 4주차 운동프로그램,1536.635,,mp4,0AUDLJ08S_00036.mp4,http://openapi.kspo.or.kr/web/image/0AUDLJ08S_00036/,383,동영상,,4주차
,http://openapi.kspo.or.kr/web/video/,성인을 위한 주간 운동프로그램 중 4주차에 해당하는 표준운동프로그램,266594598,29.97,853,1920*1080,성인,46111,0AUDLJ08S_00036_SC_00400.jpeg,2021,정리 운동,1601,한국어,어깨/복부/엉덩관절 스트레칭(Trunk rotation stretch),20221004,성인기 4주차 운동프로그램,1538.57,,mp4,0AUDLJ08S_00036.mp4,http://openapi.kspo.or.kr/web/image/0AUDLJ08S_00036/,384,동영상,,4주차
,http://openapi.kspo.or.kr/web/video/,성인을 위한 주간 운동프로그램 중 4주차에 해당하는 표준운동프로그램,266594598,29.97,854,1920*1080,성인,46256,0AUDLJ08S_00036_SC_00401.jpeg,2021,정리 운동,1601,한국어,전신 늘리기(Whole body stretch),20221004,성인기 4주차 운동프로그램,1543.408,,mp4,0AUDLJ08S_00036.mp4,http://openapi.kspo.or.kr/web/image/0AUDLJ08S_00036/,385,동영상,,4주차
,http://openapi.kspo.or.kr/web/video/,성인을 위한 주간 운동프로그램 중 4주차에 해당하는 표준운동프로그램,266594598,29.97,855,1920*1080,성인,46459,0AUDLJ08S_00036_SC_00402.jpeg,2021,정리 운동,1601,한국어,전신 늘리기(Whole body stretch),20221004,성인기 4주차 운동프로그램,1550.181,,mp4,0AUDLJ08S_00036.mp4,http://openapi.kspo.or.kr/web/image/0AUDLJ08S_00036/,386,동영상,,4주차
,http://openapi.kspo.or.kr/web/video/,성인을 위한 주간 운동프로그램 중 4주차에 해당하는 표준운동프로그램,266594598,29.97,856,1920*1080,성인,46575,0AUDLJ08S_00036_SC_00403.jpeg,2021,정리 운동,1601,한국어,전신 늘리기(Whole body stretch),20221004,성인기 4주차 운동프로그램,1554.052,,mp4,0AUDLJ08S_00036.mp4,http://openapi.kspo.or.kr/web/image/0AUDLJ08S_00036/,387,동영상,,4주차
,http://openapi.kspo.or.kr/web/video/,성인을 위한 주간 운동프로그램 중 4주차에 해당하는 표준운동프로그램,266594598,29.97,857,1920*1080,성인,46662,0AUDLJ08S_00036_SC_00404.jpeg,2021,정리 운동,1601,한국어,전신 늘리기(Whole body stretch),20221004,성인기 4주차 운동프로그램,1556.955,,mp4,0AUDLJ08S_00036.mp4,http://openapi.kspo.or.kr/web/image/0AUDLJ08S_00036/,388,동영상,,4주차
,http://openapi.kspo.or.kr/web/video/,성인을 위한 주간 운동프로그램 중 4주차에 해당하는 표준운동프로그램,266594598,29.97,858,1920*1080,성인,46749,0AUDLJ08S_00036_SC_00405.jpeg,2021,정리 운동,1601,한국어,전신 늘리기(Whole body stretch),20221004,성인기 4주차 운동프로그램,1559.858,,mp4,0AUDLJ08S_00036.mp4,http://openapi.kspo.or.kr/web/image/0AUDLJ08S_00036/,389,동영상,,4주차
,http://openapi.kspo.or.kr/web/video/,성인을 위한 주간 운동프로그램 중 4주차에 해당하는 표준운동프로그램,266594598,29.97,859,1920*1080,성인,46778,0AUDLJ08S_00036_SC_00406.jpeg,2021,정리 운동,1601,한국어,전신 늘리기(Whole body stretch),20221004,성인기 4주차 운동프로그램,1560.825,,mp4,0AUDLJ08S_00036.mp4,http://openapi.kspo.or.kr/web/image/0AUDLJ08S_00036/,390,동영상,,4주차
,http://openapi.kspo.or.kr/web/video/,성인을 위한 주간 운동프로그램 중 4주차에 해당하는 표준운동프로그램,266594598,29.97,860,1920*1080,성인,46836,0AUDLJ08S_00036_SC_00407.jpeg,2021,정리 운동,1601,한국어,전신 늘리기(Whole body stretch),20221004,성인기 4주차 운동프로그램,1562.761,,mp4,0AUDLJ08S_00036.mp4,http://openapi.kspo.or.kr/web/image/0AUDLJ08S_00036/,391,동영상,,4주차
,http://openapi.kspo.or.kr/web/video/,성인을 위한 주간 운동프로그램 중 4주차에 해당하는 표준운동프로그램,266594598,29.97,861,1920*1080,성인,46894,0AUDLJ08S_00036_SC_00408.jpeg,2021,정리 운동,1601,한국어,전신 늘리기(Whole body stretch),20221004,성인기 4주차 운동프로그램,1564.696,,mp4,0AUDLJ08S_00036.mp4,http://openapi.kspo.or.kr/web/image/0AUDLJ08S_00036/,392,동영상,,4주차
,http://openapi.kspo.or.kr/web/video/,성인을 위한 주간 운동프로그램 중 4주차에 해당하는 표준운동프로그램,266594598,29.97,862,1920*1080,성인,47184,0AUDLJ08S_00036_SC_00409.jpeg,2021,정리 운동,1601,한국어,숨쉬기(Breathing),20221004,성인기 4주차 운동프로그램,1574.372,,mp4,0AUDLJ08S_00036.mp4,http://openapi.kspo.or.kr/web/image/0AUDLJ08S_00036/,393,동영상,,4주차
,http://openapi.kspo.or.kr/web/video/,성인을 위한 주간 운동프로그램 중 4주차에 해당하는 표준운동프로그램,266594598,29.97,863,1920*1080,성인,47242,0AUDLJ08S_00036_SC_00410.jpeg,2021,정리 운동,1601,한국어,숨쉬기(Breathing),20221004,성인기 4주차 운동프로그램,1576.308,,mp4,0AUDLJ08S_00036.mp4,http://openapi.kspo.or.kr/web/image/0AUDLJ08S_00036/,394,동영상,,4주차
,http://openapi.kspo.or.kr/web/video/,성인을 위한 주간 운동프로그램 중 4주차에 해당하는 표준운동프로그램,266594598,29.97,864,1920*1080,성인,47271,0AUDLJ08S_00036_SC_00411.jpeg,2021,정리 운동,1601,한국어,숨쉬기(Breathing),20221004,성인기 4주차 운동프로그램,1577.275,,mp4,0AUDLJ08S_00036.mp4,http://openapi.kspo.or.kr/web/image/0AUDLJ08S_00036/,395,동영상,,4주차
,http://openapi.kspo.or.kr/web/video/,성인을 위한 주간 운동프로그램 중 4주차에 해당하는 표준운동프로그램,266594598,29.97,865,1920*1080,성인,47358,0AUDLJ08S_00036_SC_00412.jpeg,2021,정리 운동,1601,한국어,숨쉬기(Breathing),20221004,성인기 4주차 운동프로그램,1580.178,,mp4,0AUDLJ08S_00036.mp4,http://openapi.kspo.or.kr/web/image/0AUDLJ08S_00036/,396,동영상,,4주차
,http://openapi.kspo.or.kr/web/video/,성인을 위한 주간 운동프로그램 중 4주차에 해당하는 표준운동프로그램,266594598,29.97,866,1920*1080,성인,47416,0AUDLJ08S_00036_SC_00413.jpeg,2021,정리 운동,1601,한국어,숨쉬기(Breathing),20221004,성인기 4주차 운동프로그램,1582.113,,mp4,0AUDLJ08S_00036.mp4,http://openapi.kspo.or.kr/web/image/0AUDLJ08S_00036/,397,동영상,,4주차
,http://openapi.kspo.or.kr/web/video/,성인을 위한 주간 운동프로그램 중 4주차에 해당하는 표준운동프로그램,266594598,29.97,867,1920*1080,성인,47532,0AUDLJ08S_00036_SC_00414.jpeg,2021,정리 운동,1601,한국어,숨쉬기(Breathing),20221004,성인기 4주차 운동프로그램,1585.984,,mp4,0AUDLJ08S_00036.mp4,http://openapi.kspo.or.kr/web/image/0AUDLJ08S_00036/,398,동영상,,4주차
,http://openapi.kspo.or.kr/web/video/,어르신을 위한 주간 운동프로그램 중 1주차에 해당하는 표준운동프로그램,307572634,29.96,868,1920*1080,어르신,117,0AUDLJ08S_00037_SC_00001.jpeg,2021,,1846,한국어,,20221007,어르신기 1주차 운동프로그램,3.903,,mp4,0AUDLJ08S_00037.mp4,http://openapi.kspo.or.kr/web/image/0AUDLJ08S_00037/,1,동영상,,1주차
,http://openapi.kspo.or.kr/web/video/,어르신을 위한 주간 운동프로그램 중 1주차에 해당하는 표준운동프로그램,307572634,29.96,869,1920*1080,어르신,1103,0AUDLJ08S_00037_SC_00010.jpeg,2021,준비 운동,1846,한국어,손목/발목 돌리기(Wrist and Ankle circumduction),20221007,어르신기 1주차 운동프로그램,36.803,,mp4,0AUDLJ08S_00037.mp4,http://openapi.kspo.or.kr/web/image/0AUDLJ08S_00037/,2,동영상,,1주차
,http://openapi.kspo.or.kr/web/video/,어르신을 위한 주간 운동프로그램 중 1주차에 해당하는 표준운동프로그램,307572634,29.96,870,1920*1080,어르신,1335,0AUDLJ08S_00037_SC_00011.jpeg,2021,준비 운동,1846,한국어,손목/발목 돌리기(Wrist and Ankle circumduction),20221007,어르신기 1주차 운동프로그램,44.544,,mp4,0AUDLJ08S_00037.mp4,http://openapi.kspo.or.kr/web/image/0AUDLJ08S_00037/,3,동영상,,1주차
,http://openapi.kspo.or.kr/web/video/,어르신을 위한 주간 운동프로그램 중 1주차에 해당하는 표준운동프로그램,307572634,29.96,871,1920*1080,어르신,1770,0AUDLJ08S_00037_SC_00015.jpeg,2021,준비 운동,1846,한국어,목 돌리기(Neck circumduction),20221007,어르신기 1주차 운동프로그램,59.059,,mp4,0AUDLJ08S_00037.mp4,http://openapi.kspo.or.kr/web/image/0AUDLJ08S_00037/,4,동영상,,1주차
,http://openapi.kspo.or.kr/web/video/,어르신을 위한 주간 운동프로그램 중 1주차에 해당하는 표준운동프로그램,307572634,29.96,872,1920*1080,어르신,2002,0AUDLJ08S_00037_SC_00016.jpeg,2021,준비 운동,1846,한국어,목 돌리기(Neck circumduction),20221007,어르신기 1주차 운동프로그램,66.8,,mp4,0AUDLJ08S_00037.mp4,http://openapi.kspo.or.kr/web/image/0AUDLJ08S_00037/,5,동영상,,1주차
,http://openapi.kspo.or.kr/web/video/,어르신을 위한 주간 운동프로그램 중 1주차에 해당하는 표준운동프로그램,307572634,29.96,873,1920*1080,어르신,2234,0AUDLJ08S_00037_SC_00017.jpeg,2021,준비 운동,1846,한국어,목 돌리기(Neck circumduction),20221007,어르신기 1주차 운동프로그램,74.541,,mp4,0AUDLJ08S_00037.mp4,http://openapi.kspo.or.kr/web/image/0AUDLJ08S_00037/,6,동영상,,1주차
,http://openapi.kspo.or.kr/web/video/,어르신을 위한 주간 운동프로그램 중 1주차에 해당하는 표준운동프로그램,307572634,29.96,874,1920*1080,어르신,2553,0AUDLJ08S_00037_SC_00019.jpeg,2021,준비 운동,1846,한국어,어깨 작게 돌리기(Shoulder circumduction),20221007,어르신기 1주차 운동프로그램,85.185,,mp4,0AUDLJ08S_00037.mp4,http://openapi.kspo.or.kr/web/image/0AUDLJ08S_00037/,7,동영상,,1주차
,http://openapi.kspo.or.kr/web/video/,어르신을 위한 주간 운동프로그램 중 1주차에 해당하는 표준운동프로그램,307572634,29.96,875,1920*1080,어르신,2901,0AUDLJ08S_00037_SC_00022.jpeg,2021,준비 운동,1846,한국어,어깨 작게 돌리기(Shoulder circumduction),20221007,어르신기 1주차 운동프로그램,96.796,,mp4,0AUDLJ08S_00037.mp4,http://openapi.kspo.or.kr/web/image/0AUDLJ08S_00037/,8,동영상,,1주차
,http://openapi.kspo.or.kr/web/video/,어르신을 위한 주간 운동프로그램 중 1주차에 해당하는 표준운동프로그램,307572634,29.96,876,1920*1080,어르신,3075,0AUDLJ08S_00037_SC_00023.jpeg,2021,준비 운동,1846,한국어,어깨 작게 돌리기(Shoulder circumduction),20221007,어르신기 1주차 운동프로그램,102.602,,mp4,0AUDLJ08S_00037.mp4,http://openapi.kspo.or.kr/web/image/0AUDLJ08S_00037/,9,동영상,,1주차
,http://openapi.kspo.or.kr/web/video/,어르신을 위한 주간 운동프로그램 중 1주차에 해당하는 표준운동프로그램,307572634,29.96,877,1920*1080,어르신,3423,0AUDLJ08S_00037_SC_00025.jpeg,2021,준비 운동,1846,한국어,어깨 작게 돌리기(Shoulder circumduction),20221007,어르신기 1주차 운동프로그램,114.214,,mp4,0AUDLJ08S_00037.mp4,http://openapi.kspo.or.kr/web/image/0AUDLJ08S_00037/,10,동영상,,1주차
,http://openapi.kspo.or.kr/web/video/,어르신을 위한 주간 운동프로그램 중 1주차에 해당하는 표준운동프로그램,307572634,29.96,878,1920*1080,어르신,3539,0AUDLJ08S_00037_SC_00026.jpeg,2021,준비 운동,1846,한국어,어깨 작게 돌리기(Shoulder circumduction),20221007,어르신기 1주차 운동프로그램,118.084,,mp4,0AUDLJ08S_00037.mp4,http://openapi.kspo.or.kr/web/image/0AUDLJ08S_00037/,11,동영상,,1주차
,http://openapi.kspo.or.kr/web/video/,어르신을 위한 주간 운동프로그램 중 1주차에 해당하는 표준운동프로그램,307572634,29.96,879,1920*1080,어르신,3887,0AUDLJ08S_00037_SC_00028.jpeg,2021,준비 운동,1846,한국어,어깨 크게 돌리기(Wide shoulder circumduction),20221007,어르신기 1주차 운동프로그램,129.696,,mp4,0AUDLJ08S_00037.mp4,http://openapi.kspo.or.kr/web/image/0AUDLJ08S_00037/,12,동영상,,1주차
,http://openapi.kspo.or.kr/web/video/,어르신을 위한 주간 운동프로그램 중 1주차에 해당하는 표준운동프로그램,307572634,29.96,880,1920*1080,어르신,4467,0AUDLJ08S_00037_SC_00031.jpeg,2021,준비 운동,1846,한국어,어깨 크게 돌리기(Wide shoulder circumduction),20221007,어르신기 1주차 운동프로그램,149.049,,mp4,0AUDLJ08S_00037.mp4,http://openapi.kspo.or.kr/web/image/0AUDLJ08S_00037/,13,동영상,,1주차
,http://openapi.kspo.or.kr/web/video/,어르신을 위한 주간 운동프로그램 중 1주차에 해당하는 표준운동프로그램,307572634,29.96,881,1920*1080,어르신,4931,0AUDLJ08S_00037_SC_00033.jpeg,2021,준비 운동,1846,한국어,어깨 크게 돌리기(Wide shoulder circumduction),20221007,어르신기 1주차 운동프로그램,164.531,,mp4,0AUDLJ08S_00037.mp4,http://openapi.kspo.or.kr/web/image/0AUDLJ08S_00037/,14,동영상,,1주차
,http://openapi.kspo.or.kr/web/video/,어르신을 위한 주간 운동프로그램 중 1주차에 해당하는 표준운동프로그램,307572634,29.96,882,1920*1080,어르신,5279,0AUDLJ08S_00037_SC_00035.jpeg,2021,준비 운동,1846,한국어,허리 돌리기(Waist circumduction),20221007,어르신기 1주차 운동프로그램,176.142,,mp4,0AUDLJ08S_00037.mp4,http://openapi.kspo.or.kr/web/image/0AUDLJ08S_00037/,15,동영상,,1주차
,http://openapi.kspo.or.kr/web/video/,어르신을 위한 주간 운동프로그램 중 1주차에 해당하는 표준운동프로그램,307572634,29.96,883,1920*1080,어르신,5424,0AUDLJ08S_00037_SC_00036.jpeg,2021,준비 운동,1846,한국어,허리 돌리기(Waist circumduction),20221007,어르신기 1주차 운동프로그램,180.98,,mp4,0AUDLJ08S_00037.mp4,http://openapi.kspo.or.kr/web/image/0AUDLJ08S_00037/,16,동영상,,1주차
,http://openapi.kspo.or.kr/web/video/,어르신을 위한 주간 운동프로그램 중 1주차에 해당하는 표준운동프로그램,307572634,29.96,884,1920*1080,어르신,5685,0AUDLJ08S_00037_SC_00040.jpeg,2021,준비 운동,1846,한국어,허리 돌리기(Waist circumduction),20221007,어르신기 1주차 운동프로그램,189.689,,mp4,0AUDLJ08S_00037.mp4,http://openapi.kspo.or.kr/web/image/0AUDLJ08S_00037/,17,동영상,,1주차
,http://openapi.kspo.or.kr/web/video/,어르신을 위한 주간 운동프로그램 중 1주차에 해당하는 표준운동프로그램,307572634,29.96,885,1920*1080,어르신,5917,0AUDLJ08S_00037_SC_00042.jpeg,2021,준비 운동,1846,한국어,허리 돌리기(Waist circumduction),20221007,어르신기 1주차 운동프로그램,197.43,,mp4,0AUDLJ08S_00037.mp4,http://openapi.kspo.or.kr/web/image/0AUDLJ08S_00037/,18,동영상,,1주차
,http://openapi.kspo.or.kr/web/video/,어르신을 위한 주간 운동프로그램 중 1주차에 해당하는 표준운동프로그램,307572634,29.96,886,1920*1080,어르신,6323,0AUDLJ08S_00037_SC_00045.jpeg,2021,준비 운동,1846,한국어,무릎 돌리기(Knee circumduction),20221007,어르신기 1주차 운동프로그램,210.977,,mp4,0AUDLJ08S_00037.mp4,http://openapi.kspo.or.kr/web/image/0AUDLJ08S_00037/,19,동영상,,1주차
,http://openapi.kspo.or.kr/web/video/,어르신을 위한 주간 운동프로그램 중 1주차에 해당하는 표준운동프로그램,307572634,29.96,887,1920*1080,어르신,6555,0AUDLJ08S_00037_SC_00047.jpeg,2021,준비 운동,1846,한국어,무릎 돌리기(Knee circumduction),20221007,어르신기 1주차 운동프로그램,218.718,,mp4,0AUDLJ08S_00037.mp4,http://openapi.kspo.or.kr/web/image/0AUDLJ08S_00037/,20,동영상,,1주차
,http://openapi.kspo.or.kr/web/video/,어르신을 위한 주간 운동프로그램 중 1주차에 해당하는 표준운동프로그램,307572634,29.96,888,1920*1080,어르신,6700,0AUDLJ08S_00037_SC_00048.jpeg,2021,준비 운동,1846,한국어,무릎 돌리기(Knee circumduction),20221007,어르신기 1주차 운동프로그램,223.556,,mp4,0AUDLJ08S_00037.mp4,http://openapi.kspo.or.kr/web/image/0AUDLJ08S_00037/,21,동영상,,1주차
,http://openapi.kspo.or.kr/web/video/,어르신을 위한 주간 운동프로그램 중 1주차에 해당하는 표준운동프로그램,307572634,29.96,889,1920*1080,어르신,7106,0AUDLJ08S_00037_SC_00053.jpeg,2021,준비 운동,1846,한국어,"허리 굽히기(Hamstring, Spine stretch)",20221007,어르신기 1주차 운동프로그램,237.103,10~10 초,mp4,0AUDLJ08S_00037.mp4,http://openapi.kspo.or.kr/web/image/0AUDLJ08S_00037/,22,동영상,,1주차
,http://openapi.kspo.or.kr/web/video/,어르신을 위한 주간 운동프로그램 중 1주차에 해당하는 표준운동프로그램,307572634,29.96,890,1920*1080,어르신,7309,0AUDLJ08S_00037_SC_00055.jpeg,2021,준비 운동,1846,한국어,"허리 굽히기(Hamstring, Spine stretch)",20221007,어르신기 1주차 운동프로그램,243.877,10~10 초,mp4,0AUDLJ08S_00037.mp4,http://openapi.kspo.or.kr/web/image/0AUDLJ08S_00037/,23,동영상,,1주차
,http://openapi.kspo.or.kr/web/video/,어르신을 위한 주간 운동프로그램 중 1주차에 해당하는 표준운동프로그램,307572634,29.96,891,1920*1080,어르신,7541,0AUDLJ08S_00037_SC_00057.jpeg,2021,준비 운동,1846,한국어,"허리 굽히기(Hamstring, Spine stretch)",20221007,어르신기 1주차 운동프로그램,251.618,,mp4,0AUDLJ08S_00037.mp4,http://openapi.kspo.or.kr/web/image/0AUDLJ08S_00037/,24,동영상,,1주차
,http://openapi.kspo.or.kr/web/video/,어르신을 위한 주간 운동프로그램 중 1주차에 해당하는 표준운동프로그램,307572634,29.96,892,1920*1080,어르신,7686,0AUDLJ08S_00037_SC_00059.jpeg,2021,준비 운동,1846,한국어,허리 회전하기1(Trunk rotation stretch),20221007,어르신기 1주차 운동프로그램,256.456,,mp4,0AUDLJ08S_00037.mp4,http://openapi.kspo.or.kr/web/image/0AUDLJ08S_00037/,25,동영상,,1주차
,http://openapi.kspo.or.kr/web/video/,어르신을 위한 주간 운동프로그램 중 1주차에 해당하는 표준운동프로그램,307572634,29.96,893,1920*1080,어르신,8150,0AUDLJ08S_00037_SC_00063.jpeg,2021,준비 운동,1846,한국어,허리 회전하기1(Trunk rotation stretch),20221007,어르신기 1주차 운동프로그램,271.938,,mp4,0AUDLJ08S_00037.mp4,http://openapi.kspo.or.kr/web/image/0AUDLJ08S_00037/,26,동영상,,1주차
,http://openapi.kspo.or.kr/web/video/,어르신을 위한 주간 운동프로그램 중 1주차에 해당하는 표준운동프로그램,307572634,29.96,894,1920*1080,어르신,8295,0AUDLJ08S_00037_SC_00064.jpeg,2021,준비 운동,1846,한국어,허리 회전하기1(Trunk rotation stretch),20221007,어르신기 1주차 운동프로그램,276.776,5~5 초,mp4,0AUDLJ08S_00037.mp4,http://openapi.kspo.or.kr/web/image/0AUDLJ08S_00037/,27,동영상,,1주차
,http://openapi.kspo.or.kr/web/video/,어르신을 위한 주간 운동프로그램 중 1주차에 해당하는 표준운동프로그램,307572634,29.96,895,1920*1080,어르신,8411,0AUDLJ08S_00037_SC_00065.jpeg,2021,준비 운동,1846,한국어,허리 회전하기1(Trunk rotation stretch),20221007,어르신기 1주차 운동프로그램,280.647,,mp4,0AUDLJ08S_00037.mp4,http://openapi.kspo.or.kr/web/image/0AUDLJ08S_00037/,28,동영상,,1주차
,http://openapi.kspo.or.kr/web/video/,어르신을 위한 주간 운동프로그램 중 1주차에 해당하는 표준운동프로그램,307572634,29.96,896,1920*1080,어르신,9136,0AUDLJ08S_00037_SC_00069.jpeg,2021,준비 운동,1846,한국어,허리 회전하기2(Trunk rotation stretch),20221007,어르신기 1주차 운동프로그램,304.838,,mp4,0AUDLJ08S_00037.mp4,http://openapi.kspo.or.kr/web/image/0AUDLJ08S_00037/,29,동영상,,1주차
,http://openapi.kspo.or.kr/web/video/,어르신을 위한 주간 운동프로그램 중 1주차에 해당하는 표준운동프로그램,307572634,29.96,897,1920*1080,어르신,9339,0AUDLJ08S_00037_SC_00071.jpeg,2021,준비 운동,1846,한국어,허리 회전하기2(Trunk rotation stretch),20221007,어르신기 1주차 운동프로그램,311.611,,mp4,0AUDLJ08S_00037.mp4,http://openapi.kspo.or.kr/web/image/0AUDLJ08S_00037/,30,동영상,,1주차
,http://openapi.kspo.or.kr/web/video/,어르신을 위한 주간 운동프로그램 중 1주차에 해당하는 표준운동프로그램,307572634,29.96,898,1920*1080,어르신,9455,0AUDLJ08S_00037_SC_00072.jpeg,2021,준비 운동,1846,한국어,허리 회전하기2(Trunk rotation stretch),20221007,어르신기 1주차 운동프로그램,315.482,5~5 초,mp4,0AUDLJ08S_00037.mp4,http://openapi.kspo.or.kr/web/image/0AUDLJ08S_00037/,31,동영상,,1주차
,http://openapi.kspo.or.kr/web/video/,어르신을 위한 주간 운동프로그램 중 1주차에 해당하는 표준운동프로그램,307572634,29.96,899,1920*1080,어르신,9571,0AUDLJ08S_00037_SC_00073.jpeg,2021,준비 운동,1846,한국어,허리 회전하기2(Trunk rotation stretch),20221007,어르신기 1주차 운동프로그램,319.352,,mp4,0AUDLJ08S_00037.mp4,http://openapi.kspo.or.kr/web/image/0AUDLJ08S_00037/,32,동영상,,1주차
,http://openapi.kspo.or.kr/web/video/,어르신을 위한 주간 운동프로그램 중 1주차에 해당하는 표준운동프로그램,307572634,29.96,900,1920*1080,어르신,9803,0AUDLJ08S_00037_SC_00074.jpeg,2021,준비 운동,1846,한국어,옆구리 늘리기(Side bending stretch),20221007,어르신기 1주차 운동프로그램,327.093,,mp4,0AUDLJ08S_00037.mp4,http://openapi.kspo.or.kr/web/image/0AUDLJ08S_00037/,33,동영상,,1주차
,http://openapi.kspo.or.kr/web/video/,어르신을 위한 주간 운동프로그램 중 1주차에 해당하는 표준운동프로그램,307572634,29.96,901,1920*1080,어르신,10035,0AUDLJ08S_00037_SC_00076.jpeg,2021,준비 운동,1846,한국어,옆구리 늘리기(Side bending stretch),20221007,어르신기 1주차 운동프로그램,334.834,,mp4,0AUDLJ08S_00037.mp4,http://openapi.kspo.or.kr/web/image/0AUDLJ08S_00037/,34,동영상,,1주차
,http://openapi.kspo.or.kr/web/video/,어르신을 위한 주간 운동프로그램 중 1주차에 해당하는 표준운동프로그램,307572634,29.96,902,1920*1080,어르신,10151,0AUDLJ08S_00037_SC_00077.jpeg,2021,준비 운동,1846,한국어,옆구리 늘리기(Side bending stretch),20221007,어르신기 1주차 운동프로그램,338.705,5~5 초,mp4,0AUDLJ08S_00037.mp4,http://openapi.kspo.or.kr/web/image/0AUDLJ08S_00037/,35,동영상,,1주차
,http://openapi.kspo.or.kr/web/video/,어르신을 위한 주간 운동프로그램 중 1주차에 해당하는 표준운동프로그램,307572634,29.96,903,1920*1080,어르신,10325,0AUDLJ08S_00037_SC_00078.jpeg,2021,준비 운동,1846,한국어,옆구리 늘리기(Side bending stretch),20221007,어르신기 1주차 운동프로그램,344.511,,mp4,0AUDLJ08S_00037.mp4,http://openapi.kspo.or.kr/web/image/0AUDLJ08S_00037/,36,동영상,,1주차
,http://openapi.kspo.or.kr/web/video/,어르신을 위한 주간 운동프로그램 중 1주차에 해당하는 표준운동프로그램,307572634,29.96,904,1920*1080,어르신,10586,0AUDLJ08S_00037_SC_00080.jpeg,2021,준비 운동,1846,한국어,"허리 크게 돌리기(Hamstring, Spine stretch)",20221007,어르신기 1주차 운동프로그램,353.219,,mp4,0AUDLJ08S_00037.mp4,http://openapi.kspo.or.kr/web/image/0AUDLJ08S_00037/,37,동영상,,1주차
,http://openapi.kspo.or.kr/web/video/,어르신을 위한 주간 운동프로그램 중 1주차에 해당하는 표준운동프로그램,307572634,29.96,905,1920*1080,어르신,10818,0AUDLJ08S_00037_SC_00082.jpeg,2021,준비 운동,1846,한국어,"허리 크게 돌리기(Hamstring, Spine stretch)",20221007,어르신기 1주차 운동프로그램,360.96,,mp4,0AUDLJ08S_00037.mp4,http://openapi.kspo.or.kr/web/image/0AUDLJ08S_00037/,38,동영상,,1주차
,http://openapi.kspo.or.kr/web/video/,어르신을 위한 주간 운동프로그램 중 1주차에 해당하는 표준운동프로그램,307572634,29.96,906,1920*1080,어르신,10876,0AUDLJ08S_00037_SC_00083.jpeg,2021,준비 운동,1846,한국어,"허리 크게 돌리기(Hamstring, Spine stretch)",20221007,어르신기 1주차 운동프로그램,362.896,,mp4,0AUDLJ08S_00037.mp4,http://openapi.kspo.or.kr/web/image/0AUDLJ08S_00037/,39,동영상,,1주차
,http://openapi.kspo.or.kr/web/video/,어르신을 위한 주간 운동프로그램 중 1주차에 해당하는 표준운동프로그램,307572634,29.96,907,1920*1080,어르신,10934,0AUDLJ08S_00037_SC_00084.jpeg,2021,준비 운동,1846,한국어,"허리 크게 돌리기(Hamstring, Spine stretch)",20221007,어르신기 1주차 운동프로그램,364.831,,mp4,0AUDLJ08S_00037.mp4,http://openapi.kspo.or.kr/web/image/0AUDLJ08S_00037/,40,동영상,,1주차
3~5,http://openapi.kspo.or.kr/web/video/,어르신을 위한 주간 운동프로그램 중 1주차에 해당하는 표준운동프로그램,307572634,29.96,908,1920*1080,어르신,11195,0AUDLJ08S_00037_SC_00086.jpeg,2021,준비 운동,1846,한국어,"허리 크게 돌리기(Hamstring, Spine stretch)",20221007,어르신기 1주차 운동프로그램,373.54,,mp4,0AUDLJ08S_00037.mp4,http://openapi.kspo.or.kr/web/image/0AUDLJ08S_00037/,41,동영상,,1주차
,http://openapi.kspo.or.kr/web/video/,어르신을 위한 주간 운동프로그램 중 1주차에 해당하는 표준운동프로그램,307572634,29.96,909,1920*1080,어르신,11514,0AUDLJ08S_00037_SC_00088.jpeg,2021,준비 운동,1846,한국어,"허리 크게 돌리기(Hamstring, Spine stretch)",20221007,어르신기 1주차 운동프로그램,384.184,,mp4,0AUDLJ08S_00037.mp4,http://openapi.kspo.or.kr/web/image/0AUDLJ08S_00037/,42,동영상,,1주차
,http://openapi.kspo.or.kr/web/video/,어르신을 위한 주간 운동프로그램 중 1주차에 해당하는 표준운동프로그램,307572634,29.96,910,1920*1080,어르신,11775,0AUDLJ08S_00037_SC_00093.jpeg,2021,준비 운동,1846,한국어,"허리 크게 돌리기(Hamstring, Spine stretch)",20221007,어르신기 1주차 운동프로그램,392.892,,mp4,0AUDLJ08S_00037.mp4,http://openapi.kspo.or.kr/web/image/0AUDLJ08S_00037/,43,동영상,,1주차
,http://openapi.kspo.or.kr/web/video/,어르신을 위한 주간 운동프로그램 중 1주차에 해당하는 표준운동프로그램,307572634,29.96,911,1920*1080,어르신,12413,0AUDLJ08S_00037_SC_00097.jpeg,2021,준비 운동,1846,한국어,제자리 걷기(Walking),20221007,어르신기 1주차 운동프로그램,414.18,,mp4,0AUDLJ08S_00037.mp4,http://openapi.kspo.or.kr/web/image/0AUDLJ08S_00037/,44,동영상,,1주차
10~10,http://openapi.kspo.or.kr/web/video/,어르신을 위한 주간 운동프로그램 중 1주차에 해당하는 표준운동프로그램,307572634,29.96,912,1920*1080,어르신,12500,0AUDLJ08S_00037_SC_00098.jpeg,2021,준비 운동,1846,한국어,제자리 걷기(Walking),20221007,어르신기 1주차 운동프로그램,417.083,,mp4,0AUDLJ08S_00037.mp4,http://openapi.kspo.or.kr/web/image/0AUDLJ08S_00037/,45,동영상,,1주차
,http://openapi.kspo.or.kr/web/video/,어르신을 위한 주간 운동프로그램 중 1주차에 해당하는 표준운동프로그램,307572634,29.96,913,1920*1080,어르신,12732,0AUDLJ08S_00037_SC_00102.jpeg,2021,준비 운동,1846,한국어,제자리 걷기(Walking),20221007,어르신기 1주차 운동프로그램,424.824,,mp4,0AUDLJ08S_00037.mp4,http://openapi.kspo.or.kr/web/image/0AUDLJ08S_00037/,46,동영상,,1주차
,http://openapi.kspo.or.kr/web/video/,어르신을 위한 주간 운동프로그램 중 1주차에 해당하는 표준운동프로그램,307572634,29.96,914,1920*1080,어르신,12906,0AUDLJ08S_00037_SC_00104.jpeg,2021,준비 운동,1846,한국어,제기차기(Deep lateral rotators stretch),20221007,어르신기 1주차 운동프로그램,430.63,,mp4,0AUDLJ08S_00037.mp4,http://openapi.kspo.or.kr/web/image/0AUDLJ08S_00037/,47,동영상,,1주차
,http://openapi.kspo.or.kr/web/video/,어르신을 위한 주간 운동프로그램 중 1주차에 해당하는 표준운동프로그램,307572634,29.96,915,1920*1080,어르신,13196,0AUDLJ08S_00037_SC_00108.jpeg,2021,준비 운동,1846,한국어,,20221007,어르신기 1주차 운동프로그램,440.306,,mp4,0AUDLJ08S_00037.mp4,http://openapi.kspo.or.kr/web/image/0AUDLJ08S_00037/,48,동영상,,1주차
10~10,http://openapi.kspo.or.kr/web/video/,어르신을 위한 주간 운동프로그램 중 1주차에 해당하는 표준운동프로그램,307572634,29.96,916,1920*1080,어르신,13312,0AUDLJ08S_00037_SC_00109.jpeg,2021,준비 운동,1846,한국어,,20221007,어르신기 1주차 운동프로그램,444.177,,mp4,0AUDLJ08S_00037.mp4,http://openapi.kspo.or.kr/web/image/0AUDLJ08S_00037/,49,동영상,,1주차
,http://openapi.kspo.or.kr/web/video/,어르신을 위한 주간 운동프로그램 중 1주차에 해당하는 표준운동프로그램,307572634,29.96,917,1920*1080,어르신,13573,0AUDLJ08S_00037_SC_00112.jpeg,2021,준비 운동,1846,한국어,제기차기(Deep lateral rotators stretch),20221007,어르신기 1주차 운동프로그램,452.886,,mp4,0AUDLJ08S_00037.mp4,http://openapi.kspo.or.kr/web/image/0AUDLJ08S_00037/,50,동영상,,1주차
,http://openapi.kspo.or.kr/web/video/,어르신을 위한 주간 운동프로그램 중 1주차에 해당하는 표준운동프로그램,307572634,29.96,918,1920*1080,어르신,13847,0AUDLJ08S_00037_FR_00155.jpeg,2021,준비 운동,1846,한국어,다리 옆으로 들기(Adductor stretch),20221007,어르신기 1주차 운동프로그램,462.028,,mp4,0AUDLJ08S_00037.mp4,http://openapi.kspo.or.kr/web/image/0AUDLJ08S_00037/,51,동영상,,1주차
10~10,http://openapi.kspo.or.kr/web/video/,어르신을 위한 주간 운동프로그램 중 1주차에 해당하는 표준운동프로그램,307572634,29.96,919,1920*1080,어르신,13950,0AUDLJ08S_00037_SC_00113.jpeg,2021,준비 운동,1846,한국어,다리 옆으로 들기(Adductor stretch),20221007,어르신기 1주차 운동프로그램,465.465,,mp4,0AUDLJ08S_00037.mp4,http://openapi.kspo.or.kr/web/image/0AUDLJ08S_00037/,52,동영상,,1주차
10~10,http://openapi.kspo.or.kr/web/video/,어르신을 위한 주간 운동프로그램 중 1주차에 해당하는 표준운동프로그램,307572634,29.96,920,1920*1080,어르신,14124,0AUDLJ08S_00037_SC_00115.jpeg,2021,준비 운동,1846,한국어,다리 옆으로 들기(Adductor stretch),20221007,어르신기 1주차 운동프로그램,471.271,,mp4,0AUDLJ08S_00037.mp4,http://openapi.kspo.or.kr/web/image/0AUDLJ08S_00037/,53,동영상,,1주차
,http://openapi.kspo.or.kr/web/video/,어르신을 위한 주간 운동프로그램 중 1주차에 해당하는 표준운동프로그램,307572634,29.96,921,1920*1080,어르신,14298,0AUDLJ08S_00037_SC_00118.jpeg,2021,준비 운동,1846,한국어,다리 옆으로 들기(Adductor stretch),20221007,어르신기 1주차 운동프로그램,477.077,,mp4,0AUDLJ08S_00037.mp4,http://openapi.kspo.or.kr/web/image/0AUDLJ08S_00037/,54,동영상,,1주차
,http://openapi.kspo.or.kr/web/video/,어르신을 위한 주간 운동프로그램 중 1주차에 해당하는 표준운동프로그램,307572634,29.96,922,1920*1080,어르신,14472,0AUDLJ08S_00037_SC_00119.jpeg,2021,준비 운동,1846,한국어,다리 옆으로 들기(Adductor stretch),20221007,어르신기 1주차 운동프로그램,482.882,,mp4,0AUDLJ08S_00037.mp4,http://openapi.kspo.or.kr/web/image/0AUDLJ08S_00037/,55,동영상,,1주차
,http://openapi.kspo.or.kr/web/video/,어르신을 위한 주간 운동프로그램 중 1주차에 해당하는 표준운동프로그램,307572634,29.96,923,1920*1080,어르신,14646,0AUDLJ08S_00037_SC_00121.jpeg,2021,준비 운동,1846,한국어,다리 옆으로 들기(Adductor stretch),20221007,어르신기 1주차 운동프로그램,488.688,,mp4,0AUDLJ08S_00037.mp4,http://openapi.kspo.or.kr/web/image/0AUDLJ08S_00037/,56,동영상,,1주차
,http://openapi.kspo.or.kr/web/video/,어르신을 위한 주간 운동프로그램 중 1주차에 해당하는 표준운동프로그램,307572634,29.96,924,1920*1080,어르신,14820,0AUDLJ08S_00037_SC_00124.jpeg,2021,준비 운동,1846,한국어,다리 뒤로 들기(Abdominals stretch),20221007,어르신기 1주차 운동프로그램,494.494,,mp4,0AUDLJ08S_00037.mp4,http://openapi.kspo.or.kr/web/image/0AUDLJ08S_00037/,57,동영상,,1주차
,http://openapi.kspo.or.kr/web/video/,어르신을 위한 주간 운동프로그램 중 1주차에 해당하는 표준운동프로그램,307572634,29.96,925,1920*1080,어르신,14907,0AUDLJ08S_00037_SC_00125.jpeg,2021,준비 운동,1846,한국어,다리 뒤로 들기(Abdominals stretch),20221007,어르신기 1주차 운동프로그램,497.397,,mp4,0AUDLJ08S_00037.mp4,http://openapi.kspo.or.kr/web/image/0AUDLJ08S_00037/,58,동영상,,1주차
10~10,http://openapi.kspo.or.kr/web/video/,어르신을 위한 주간 운동프로그램 중 1주차에 해당하는 표준운동프로그램,307572634,29.96,926,1920*1080,어르신,15110,0AUDLJ08S_00037_SC_00126.jpeg,2021,준비 운동,1846,한국어,다리 뒤로 들기(Abdominals stretch),20221007,어르신기 1주차 운동프로그램,504.17,,mp4,0AUDLJ08S_00037.mp4,http://openapi.kspo.or.kr/web/image/0AUDLJ08S_00037/,59,동영상,,1주차
,http://openapi.kspo.or.kr/web/video/,어르신을 위한 주간 운동프로그램 중 1주차에 해당하는 표준운동프로그램,307572634,29.96,927,1920*1080,어르신,15400,0AUDLJ08S_00037_SC_00128.jpeg,2021,준비 운동,1846,한국어,다리 뒤로 들기(Abdominals stretch),20221007,어르신기 1주차 운동프로그램,513.847,,mp4,0AUDLJ08S_00037.mp4,http://openapi.kspo.or.kr/web/image/0AUDLJ08S_00037/,60,동영상,,1주차
,http://openapi.kspo.or.kr/web/video/,어르신을 위한 주간 운동프로그램 중 1주차에 해당하는 표준운동프로그램,307572634,29.96,928,1920*1080,어르신,15661,0AUDLJ08S_00037_SC_00130.jpeg,2021,준비 운동,1846,한국어,다리 뒤로 들기(Abdominals stretch),20221007,어르신기 1주차 운동프로그램,522.555,,mp4,0AUDLJ08S_00037.mp4,http://openapi.kspo.or.kr/web/image/0AUDLJ08S_00037/,61,동영상,,1주차
,http://openapi.kspo.or.kr/web/video/,어르신을 위한 주간 운동프로그램 중 1주차에 해당하는 표준운동프로그램,307572634,29.96,929,1920*1080,어르신,16009,0AUDLJ08S_00037_SC_00132.jpeg,2021,준비 운동,1846,한국어,팔꿈치 굽히고 등 당기기/제자리 걷기(Row/Knee up),20221007,어르신기 1주차 운동프로그램,534.167,,mp4,0AUDLJ08S_00037.mp4,http://openapi.kspo.or.kr/web/image/0AUDLJ08S_00037/,62,동영상,,1주차
,http://openapi.kspo.or.kr/web/video/,어르신을 위한 주간 운동프로그램 중 1주차에 해당하는 표준운동프로그램,307572634,29.96,930,1920*1080,어르신,16154,0AUDLJ08S_00037_SC_00133.jpeg,2021,준비 운동,1846,한국어,팔꿈치 굽히고 등 당기기/제자리 걷기(Row/Knee up),20221007,어르신기 1주차 운동프로그램,539.005,,mp4,0AUDLJ08S_00037.mp4,http://openapi.kspo.or.kr/web/image/0AUDLJ08S_00037/,63,동영상,,1주차
10~10,http://openapi.kspo.or.kr/web/video/,어르신을 위한 주간 운동프로그램 중 1주차에 해당하는 표준운동프로그램,307572634,29.96,931,1920*1080,어르신,16299,0AUDLJ08S_00037_SC_00134.jpeg,2021,준비 운동,1846,한국어,팔꿈치 굽히고 등 당기기/제자리 걷기(Row/Knee up),20221007,어르신기 1주차 운동프로그램,543.843,,mp4,0AUDLJ08S_00037.mp4,http://openapi.kspo.or.kr/web/image/0AUDLJ08S_00037/,64,동영상,,1주차
,http://openapi.kspo.or.kr/web/video/,어르신을 위한 주간 운동프로그램 중 1주차에 해당하는 표준운동프로그램,307572634,29.96,932,1920*1080,어르신,16560,0AUDLJ08S_00037_SC_00136.jpeg,2021,준비 운동,1846,한국어,팔꿈치 굽히고 등 당기기/제자리 걷기(Row/Knee up),20221007,어르신기 1주차 운동프로그램,552.552,,mp4,0AUDLJ08S_00037.mp4,http://openapi.kspo.or.kr/web/image/0AUDLJ08S_00037/,65,동영상,,1주차
,http://openapi.kspo.or.kr/web/video/,어르신을 위한 주간 운동프로그램 중 1주차에 해당하는 표준운동프로그램,307572634,29.96,933,1920*1080,어르신,16908,0AUDLJ08S_00037_SC_00139.jpeg,2021,준비 운동,1846,한국어,팔꿈치 굽히고 등 당기기/제자리 걷기(Row/Knee up),20221007,어르신기 1주차 운동프로그램,564.164,,mp4,0AUDLJ08S_00037.mp4,http://openapi.kspo.or.kr/web/image/0AUDLJ08S_00037/,66,동영상,,1주차
,http://openapi.kspo.or.kr/web/video/,어르신을 위한 주간 운동프로그램 중 1주차에 해당하는 표준운동프로그램,307572634,29.96,934,1920*1080,어르신,17227,0AUDLJ08S_00037_SC_00141.jpeg,2021,준비 운동,1846,한국어,팔꿈치 펴고 등 당기기/제자리 걷기(Row/Knee up),20221007,어르신기 1주차 운동프로그램,574.808,,mp4,0AUDLJ08S_00037.mp4,http://openapi.kspo.or.kr/web/image/0AUDLJ08S_00037/,67,동영상,,1주차
10~10,http://openapi.kspo.or.kr/web/video/,어르신을 위한 주간 운동프로그램 중 1주차에 해당하는 표준운동프로그램,307572634,29.96,935,1920*1080,어르신,17401,0AUDLJ08S_00037_SC_00142.jpeg,2021,준비 운동,1846,한국어,팔꿈치 펴고 등 당기기/제자리 걷기(Row/Knee up),20221007,어르신기 1주차 운동프로그램,580.613,,mp4,0AUDLJ08S_00037.mp4,http://openapi.kspo.or.kr/web/image/0AUDLJ08S_00037/,68,동영상,,1주차
10~10,http://openapi.kspo.or.kr/web/video/,어르신을 위한 주간 운동프로그램 중 1주차에 해당하는 표준운동프로그램,307572634,29.96,936,1920*1080,어르신,17517,0AUDLJ08S_00037_SC_00143.jpeg,2021,준비 운동,1846,한국어,팔꿈치 펴고 등 당기기/제자리 걷기(Row/Knee up),20221007,어르신기 1주차 운동프로그램,584.484,,mp4,0AUDLJ08S_00037.mp4,http://openapi.kspo.or.kr/web/image/0AUDLJ08S_00037/,69,동영상,,1주차
,http://openapi.kspo.or.kr/web/video/,어르신을 위한 주간 운동프로그램 중 1주차에 해당하는 표준운동프로그램,307572634,29.96,937,1920*1080,어르신,17633,0AUDLJ08S_00037_SC_00144.jpeg,2021,준비 운동,1846,한국어,팔꿈치 펴고 등 당기기/제자리 걷기(Row/Knee up),20221007,어르신기 1주차 운동프로그램,588.355,,mp4,0AUDLJ08S_00037.mp4,http://openapi.kspo.or.kr/web/image/0AUDLJ08S_00037/,70,동영상,,1주차
,http://openapi.kspo.or.kr/web/video/,어르신을 위한 주간 운동프로그램 중 1주차에 해당하는 표준운동프로그램,307572634,29.96,938,1920*1080,어르신,18010,0AUDLJ08S_00037_SC_00147.jpeg,2021,준비 운동,1846,한국어,팔꿈치 펴고 등 당기기/제자리 걷기(Row/Knee up),20221007,어르신기 1주차 운동프로그램,600.934,,mp4,0AUDLJ08S_00037.mp4,http://openapi.kspo.or.kr/web/image/0AUDLJ08S_00037/,71,동영상,,1주차
,http://openapi.kspo.or.kr/web/video/,어르신을 위한 주간 운동프로그램 중 1주차에 해당하는 표준운동프로그램,307572634,29.96,939,1920*1080,어르신,18735,0AUDLJ08S_00037_SC_00152.jpeg,2021,준비 운동,1846,한국어,팔꿈치 굽히고 어깨 당기기/제자리 걷기(Row/Knee up),20221007,어르신기 1주차 운동프로그램,625.125,,mp4,0AUDLJ08S_00037.mp4,http://openapi.kspo.or.kr/web/image/0AUDLJ08S_00037/,72,동영상,,1주차
10~10,http://openapi.kspo.or.kr/web/video/,어르신을 위한 주간 운동프로그램 중 1주차에 해당하는 표준운동프로그램,307572634,29.96,940,1920*1080,어르신,18880,0AUDLJ08S_00037_SC_00153.jpeg,2021,준비 운동,1846,한국어,팔꿈치 굽히고 어깨 당기기/제자리 걷기(Row/Knee up),20221007,어르신기 1주차 운동프로그램,629.963,,mp4,0AUDLJ08S_00037.mp4,http://openapi.kspo.or.kr/web/image/0AUDLJ08S_00037/,73,동영상,,1주차
10~10,http://openapi.kspo.or.kr/web/video/,어르신을 위한 주간 운동프로그램 중 1주차에 해당하는 표준운동프로그램,307572634,29.96,941,1920*1080,어르신,18996,0AUDLJ08S_00037_SC_00154.jpeg,2021,준비 운동,1846,한국어,팔꿈치 굽히고 어깨 당기기/제자리 걷기(Row/Knee up),20221007,어르신기 1주차 운동프로그램,633.833,,mp4,0AUDLJ08S_00037.mp4,http://openapi.kspo.or.kr/web/image/0AUDLJ08S_00037/,74,동영상,,1주차
,http://openapi.kspo.or.kr/web/video/,어르신을 위한 주간 운동프로그램 중 1주차에 해당하는 표준운동프로그램,307572634,29.96,942,1920*1080,어르신,19141,0AUDLJ08S_00037_SC_00155.jpeg,2021,준비 운동,1846,한국어,팔꿈치 굽히고 어깨 당기기/제자리 걷기(Row/Knee up),20221007,어르신기 1주차 운동프로그램,638.672,,mp4,0AUDLJ08S_00037.mp4,http://openapi.kspo.or.kr/web/image/0AUDLJ08S_00037/,75,동영상,,1주차
,http://openapi.kspo.or.kr/web/video/,어르신을 위한 주간 운동프로그램 중 1주차에 해당하는 표준운동프로그램,307572634,29.96,943,1920*1080,어르신,19460,0AUDLJ08S_00037_SC_00157.jpeg,2021,준비 운동,1846,한국어,팔꿈치 굽히고 어깨 당기기/제자리 걷기(Row/Knee up),20221007,어르신기 1주차 운동프로그램,649.315,,mp4,0AUDLJ08S_00037.mp4,http://openapi.kspo.or.kr/web/image/0AUDLJ08S_00037/,76,동영상,,1주차
,http://openapi.kspo.or.kr/web/video/,어르신을 위한 주간 운동프로그램 중 1주차에 해당하는 표준운동프로그램,307572634,29.96,944,1920*1080,어르신,19750,0AUDLJ08S_00037_SC_00159.jpeg,2021,준비 운동,1846,한국어,팔꿈치 굽히고 어깨 당기기/제자리 걷기(Row/Knee up),20221007,어르신기 1주차 운동프로그램,658.992,,mp4,0AUDLJ08S_00037.mp4,http://openapi.kspo.or.kr/web/image/0AUDLJ08S_00037/,77,동영상,,1주차
,http://openapi.kspo.or.kr/web/video/,어르신을 위한 주간 운동프로그램 중 1주차에 해당하는 표준운동프로그램,307572634,29.96,945,1920*1080,어르신,20069,0AUDLJ08S_00037_SC_00161.jpeg,2021,준비 운동,1846,한국어,팔꿈치 펴고 어깨 당기기/제자리 걷기(Row/Knee up),20221007,어르신기 1주차 운동프로그램,669.636,,mp4,0AUDLJ08S_00037.mp4,http://openapi.kspo.or.kr/web/image/0AUDLJ08S_00037/,78,동영상,,1주차
10~10,http://openapi.kspo.or.kr/web/video/,어르신을 위한 주간 운동프로그램 중 1주차에 해당하는 표준운동프로그램,307572634,29.96,946,1920*1080,어르신,20272,0AUDLJ08S_00037_SC_00162.jpeg,2021,준비 운동,1846,한국어,팔꿈치 펴고 어깨 당기기/제자리 걷기(Row/Knee up),20221007,어르신기 1주차 운동프로그램,676.409,,mp4,0AUDLJ08S_00037.mp4,http://openapi.kspo.or.kr/web/image/0AUDLJ08S_00037/,79,동영상,,1주차
,http://openapi.kspo.or.kr/web/video/,어르신을 위한 주간 운동프로그램 중 1주차에 해당하는 표준운동프로그램,307572634,29.96,947,1920*1080,어르신,20591,0AUDLJ08S_00037_SC_00164.jpeg,2021,준비 운동,1846,한국어,팔꿈치 펴고 어깨 당기기/제자리 걷기(Row/Knee up),20221007,어르신기 1주차 운동프로그램,687.053,,mp4,0AUDLJ08S_00037.mp4,http://openapi.kspo.or.kr/web/image/0AUDLJ08S_00037/,80,동영상,,1주차
,http://openapi.kspo.or.kr/web/video/,어르신을 위한 주간 운동프로그램 중 1주차에 해당하는 표준운동프로그램,307572634,29.96,948,1920*1080,어르신,20881,0AUDLJ08S_00037_SC_00166.jpeg,2021,준비 운동,1846,한국어,팔꿈치 펴고 어깨 당기기/제자리 걷기(Row/Knee up),20221007,어르신기 1주차 운동프로그램,696.73,,mp4,0AUDLJ08S_00037.mp4,http://openapi.kspo.or.kr/web/image/0AUDLJ08S_00037/,81,동영상,,1주차
,http://openapi.kspo.or.kr/web/video/,어르신을 위한 주간 운동프로그램 중 1주차에 해당하는 표준운동프로그램,307572634,29.96,949,1920*1080,어르신,21664,0AUDLJ08S_00037_SC_00172.jpeg,2021,본 운동,1846,한국어,앞뒤 걷기(Front-back walking),20221007,어르신기 1주차 운동프로그램,722.856,,mp4,0AUDLJ08S_00037.mp4,http://openapi.kspo.or.kr/web/image/0AUDLJ08S_00037/,82,동영상,,1주차
,http://openapi.kspo.or.kr/web/video/,어르신을 위한 주간 운동프로그램 중 1주차에 해당하는 표준운동프로그램,307572634,29.96,950,1920*1080,어르신,21693,0AUDLJ08S_00037_SC_00173.jpeg,2021,본 운동,1846,한국어,앞뒤 걷기(Front-back walking),20221007,어르신기 1주차 운동프로그램,723.823,,mp4,0AUDLJ08S_00037.mp4,http://openapi.kspo.or.kr/web/image/0AUDLJ08S_00037/,83,동영상,,1주차
,http://openapi.kspo.or.kr/web/video/,어르신을 위한 주간 운동프로그램 중 1주차에 해당하는 표준운동프로그램,307572634,29.96,951,1920*1080,어르신,21780,0AUDLJ08S_00037_SC_00176.jpeg,2021,본 운동,1846,한국어,앞뒤 걷기(Front-back walking),20221007,어르신기 1주차 운동프로그램,726.726,,mp4,0AUDLJ08S_00037.mp4,http://openapi.kspo.or.kr/web/image/0AUDLJ08S_00037/,84,동영상,,1주차
,http://openapi.kspo.or.kr/web/video/,어르신을 위한 주간 운동프로그램 중 1주차에 해당하는 표준운동프로그램,307572634,29.96,952,1920*1080,어르신,21896,0AUDLJ08S_00037_SC_00177.jpeg,2021,본 운동,1846,한국어,앞뒤 걷기(Front-back walking),20221007,어르신기 1주차 운동프로그램,730.597,,mp4,0AUDLJ08S_00037.mp4,http://openapi.kspo.or.kr/web/image/0AUDLJ08S_00037/,85,동영상,,1주차
,http://openapi.kspo.or.kr/web/video/,어르신을 위한 주간 운동프로그램 중 1주차에 해당하는 표준운동프로그램,307572634,29.96,953,1920*1080,어르신,22748,0AUDLJ08S_00037_FR_00254.jpeg,2021,본 운동,1846,한국어,누워서 가슴 앞으로 팔 밀기(Supine chest press),20221007,어르신기 1주차 운동프로그램,759.025,,mp4,0AUDLJ08S_00037.mp4,http://openapi.kspo.or.kr/web/image/0AUDLJ08S_00037/,86,동영상,,1주차
,http://openapi.kspo.or.kr/web/video/,어르신을 위한 주간 운동프로그램 중 1주차에 해당하는 표준운동프로그램,307572634,29.96,954,1920*1080,어르신,22882,0AUDLJ08S_00037_SC_00184.jpeg,2021,본 운동,1846,한국어,누워서 가슴 앞으로 팔 밀기(Supine chest press),20221007,어르신기 1주차 운동프로그램,763.496,,mp4,0AUDLJ08S_00037.mp4,http://openapi.kspo.or.kr/web/image/0AUDLJ08S_00037/,87,동영상,,1주차
,http://openapi.kspo.or.kr/web/video/,어르신을 위한 주간 운동프로그램 중 1주차에 해당하는 표준운동프로그램,307572634,29.96,955,1920*1080,어르신,23114,0AUDLJ08S_00037_SC_00185.jpeg,2021,본 운동,1846,한국어,누워서 가슴 앞으로 팔 밀기(Supine chest press),20221007,어르신기 1주차 운동프로그램,771.237,,mp4,0AUDLJ08S_00037.mp4,http://openapi.kspo.or.kr/web/image/0AUDLJ08S_00037/,88,동영상,,1주차
,http://openapi.kspo.or.kr/web/video/,어르신을 위한 주간 운동프로그램 중 1주차에 해당하는 표준운동프로그램,307572634,29.96,956,1920*1080,어르신,24042,0AUDLJ08S_00037_SC_00188.jpeg,2021,본 운동,1846,한국어,누워서 다리 들기(Supine SLR),20221007,어르신기 1주차 운동프로그램,802.202,,mp4,0AUDLJ08S_00037.mp4,http://openapi.kspo.or.kr/web/image/0AUDLJ08S_00037/,89,동영상,,1주차
,http://openapi.kspo.or.kr/web/video/,어르신을 위한 주간 운동프로그램 중 1주차에 해당하는 표준운동프로그램,307572634,29.96,957,1920*1080,어르신,24071,0AUDLJ08S_00037_SC_00189.jpeg,2021,본 운동,1846,한국어,누워서 다리 들기(Supine SLR),20221007,어르신기 1주차 운동프로그램,803.169,,mp4,0AUDLJ08S_00037.mp4,http://openapi.kspo.or.kr/web/image/0AUDLJ08S_00037/,90,동영상,,1주차
,http://openapi.kspo.or.kr/web/video/,어르신을 위한 주간 운동프로그램 중 1주차에 해당하는 표준운동프로그램,307572634,29.96,958,1920*1080,어르신,24216,0AUDLJ08S_00037_SC_00192.jpeg,2021,본 운동,1846,한국어,누워서 다리 들기(Supine SLR),20221007,어르신기 1주차 운동프로그램,808.008,,mp4,0AUDLJ08S_00037.mp4,http://openapi.kspo.or.kr/web/image/0AUDLJ08S_00037/,91,동영상,,1주차
,http://openapi.kspo.or.kr/web/video/,어르신을 위한 주간 운동프로그램 중 1주차에 해당하는 표준운동프로그램,307572634,29.96,959,1920*1080,어르신,24622,0AUDLJ08S_00037_SC_00194.jpeg,2021,본 운동,1846,한국어,누워서 다리 들기(Supine SLR),20221007,어르신기 1주차 운동프로그램,821.554,,mp4,0AUDLJ08S_00037.mp4,http://openapi.kspo.or.kr/web/image/0AUDLJ08S_00037/,92,동영상,,1주차
,http://openapi.kspo.or.kr/web/video/,어르신을 위한 주간 운동프로그램 중 1주차에 해당하는 표준운동프로그램,307572634,29.96,960,1920*1080,어르신,25144,0AUDLJ08S_00037_SC_00198.jpeg,2021,본 운동,1846,한국어,누워서 엉덩이 들기(Bridge),20221011,어르신기 1주차 운동프로그램,838.972,,mp4,0AUDLJ08S_00037.mp4,http://openapi.kspo.or.kr/web/image/0AUDLJ08S_00037/,93,동영상,,1주차
,http://openapi.kspo.or.kr/web/video/,어르신을 위한 주간 운동프로그램 중 1주차에 해당하는 표준운동프로그램,307572634,29.96,961,1920*1080,어르신,25347,0AUDLJ08S_00037_SC_00200.jpeg,2021,본 운동,1846,한국어,누워서 엉덩이 들기(Bridge),20221011,어르신기 1주차 운동프로그램,845.745,,mp4,0AUDLJ08S_00037.mp4,http://openapi.kspo.or.kr/web/image/0AUDLJ08S_00037/,94,동영상,,1주차
,http://openapi.kspo.or.kr/web/video/,어르신을 위한 주간 운동프로그램 중 1주차에 해당하는 표준운동프로그램,307572634,29.96,962,1920*1080,어르신,25521,0AUDLJ08S_00037_SC_00202.jpeg,2021,본 운동,1846,한국어,누워서 엉덩이 들기(Bridge),20221011,어르신기 1주차 운동프로그램,851.551,,mp4,0AUDLJ08S_00037.mp4,http://openapi.kspo.or.kr/web/image/0AUDLJ08S_00037/,95,동영상,,1주차
,http://openapi.kspo.or.kr/web/video/,어르신을 위한 주간 운동프로그램 중 1주차에 해당하는 표준운동프로그램,307572634,29.96,963,1920*1080,어르신,25724,0AUDLJ08S_00037_SC_00204.jpeg,2021,본 운동,1846,한국어,누워서 엉덩이 들기(Bridge),20221011,어르신기 1주차 운동프로그램,858.324,,mp4,0AUDLJ08S_00037.mp4,http://openapi.kspo.or.kr/web/image/0AUDLJ08S_00037/,96,동영상,,1주차
,http://openapi.kspo.or.kr/web/video/,어르신을 위한 주간 운동프로그램 중 1주차에 해당하는 표준운동프로그램,307572634,29.96,964,1920*1080,어르신,26333,0AUDLJ08S_00037_SC_00208.jpeg,2021,본 운동,1846,한국어,앞뒤 걷기/무릎 들기(Front-back walking/Knee up),20221011,어르신기 1주차 운동프로그램,878.645,,mp4,0AUDLJ08S_00037.mp4,http://openapi.kspo.or.kr/web/image/0AUDLJ08S_00037/,97,동영상,,1주차
,http://openapi.kspo.or.kr/web/video/,어르신을 위한 주간 운동프로그램 중 1주차에 해당하는 표준운동프로그램,307572634,29.96,965,1920*1080,어르신,26449,0AUDLJ08S_00037_SC_00209.jpeg,2021,본 운동,1846,한국어,앞뒤 걷기/무릎 들기(Front-back walking/Knee up),20221011,어르신기 1주차 운동프로그램,882.515,,mp4,0AUDLJ08S_00037.mp4,http://openapi.kspo.or.kr/web/image/0AUDLJ08S_00037/,98,동영상,,1주차
,http://openapi.kspo.or.kr/web/video/,어르신을 위한 주간 운동프로그램 중 1주차에 해당하는 표준운동프로그램,307572634,29.96,966,1920*1080,어르신,26594,0AUDLJ08S_00037_SC_00210.jpeg,2021,본 운동,1846,한국어,앞뒤 걷기/무릎 들기(Front-back walking/Knee up),20221011,어르신기 1주차 운동프로그램,887.354,,mp4,0AUDLJ08S_00037.mp4,http://openapi.kspo.or.kr/web/image/0AUDLJ08S_00037/,99,동영상,,1주차
,http://openapi.kspo.or.kr/web/video/,어르신을 위한 주간 운동프로그램 중 1주차에 해당하는 표준운동프로그램,307572634,29.96,967,1920*1080,어르신,27232,0AUDLJ08S_00037_SC_00216.jpeg,2021,본 운동,1846,한국어,앉아서 팔 뒤로 당기기(Seated row),20221011,어르신기 1주차 운동프로그램,908.641,,mp4,0AUDLJ08S_00037.mp4,http://openapi.kspo.or.kr/web/image/0AUDLJ08S_00037/,100,동영상,,1주차
,http://openapi.kspo.or.kr/web/video/,어르신을 위한 주간 운동프로그램 중 1주차에 해당하는 표준운동프로그램,307572634,29.96,968,1920*1080,어르신,27638,0AUDLJ08S_00037_SC_00217.jpeg,2021,본 운동,1846,한국어,앉아서 팔 뒤로 당기기(Seated row),20221011,어르신기 1주차 운동프로그램,922.188,,mp4,0AUDLJ08S_00037.mp4,http://openapi.kspo.or.kr/web/image/0AUDLJ08S_00037/,101,동영상,,1주차
,http://openapi.kspo.or.kr/web/video/,어르신을 위한 주간 운동프로그램 중 1주차에 해당하는 표준운동프로그램,307572634,29.96,969,1920*1080,어르신,27986,0AUDLJ08S_00037_SC_00219.jpeg,2021,본 운동,1846,한국어,앉아서 팔 뒤로 당기기(Seated row),20221011,어르신기 1주차 운동프로그램,933.8,,mp4,0AUDLJ08S_00037.mp4,http://openapi.kspo.or.kr/web/image/0AUDLJ08S_00037/,102,동영상,,1주차
,http://openapi.kspo.or.kr/web/video/,어르신을 위한 주간 운동프로그램 중 1주차에 해당하는 표준운동프로그램,307572634,29.96,970,1920*1080,어르신,28131,0AUDLJ08S_00037_SC_00220.jpeg,2021,본 운동,1846,한국어,앉아서 팔 뒤로 당기기(Seated row),20221011,어르신기 1주차 운동프로그램,938.638,,mp4,0AUDLJ08S_00037.mp4,http://openapi.kspo.or.kr/web/image/0AUDLJ08S_00037/,103,동영상,,1주차
,http://openapi.kspo.or.kr/web/video/,어르신을 위한 주간 운동프로그램 중 1주차에 해당하는 표준운동프로그램,307572634,29.96,971,1920*1080,어르신,28450,0AUDLJ08S_00037_SC_00223.jpeg,2021,본 운동,1846,한국어,네발기기 무릎 들기(Quad knee off),20221011,어르신기 1주차 운동프로그램,949.282,,mp4,0AUDLJ08S_00037.mp4,http://openapi.kspo.or.kr/web/image/0AUDLJ08S_00037/,104,동영상,,1주차
,http://openapi.kspo.or.kr/web/video/,어르신을 위한 주간 운동프로그램 중 1주차에 해당하는 표준운동프로그램,307572634,29.96,972,1920*1080,어르신,28537,0AUDLJ08S_00037_SC_00224.jpeg,2021,본 운동,1846,한국어,네발기기 무릎 들기(Quad knee off),20221011,어르신기 1주차 운동프로그램,952.185,,mp4,0AUDLJ08S_00037.mp4,http://openapi.kspo.or.kr/web/image/0AUDLJ08S_00037/,105,동영상,,1주차
,http://openapi.kspo.or.kr/web/video/,어르신을 위한 주간 운동프로그램 중 1주차에 해당하는 표준운동프로그램,307572634,29.96,973,1920*1080,어르신,29030,0AUDLJ08S_00037_SC_00229.jpeg,2021,본 운동,1846,한국어,네발기기 무릎 들기(Quad knee off),20221011,어르신기 1주차 운동프로그램,968.635,,mp4,0AUDLJ08S_00037.mp4,http://openapi.kspo.or.kr/web/image/0AUDLJ08S_00037/,106,동영상,,1주차
,http://openapi.kspo.or.kr/web/video/,어르신을 위한 주간 운동프로그램 중 1주차에 해당하는 표준운동프로그램,307572634,29.96,974,1920*1080,어르신,29552,0AUDLJ08S_00037_SC_00233.jpeg,2021,본 운동,1846,한국어,네발기기 무릎 들기(Quad knee off),20221011,어르신기 1주차 운동프로그램,986.052,,mp4,0AUDLJ08S_00037.mp4,http://openapi.kspo.or.kr/web/image/0AUDLJ08S_00037/,107,동영상,,1주차
,http://openapi.kspo.or.kr/web/video/,어르신을 위한 주간 운동프로그램 중 1주차에 해당하는 표준운동프로그램,307572634,29.96,975,1920*1080,어르신,29761,0AUDLJ08S_00037_FR_00332.jpeg,2021,본 운동,1846,한국어,앉았다 일어서기(Half squat),20221011,어르신기 1주차 운동프로그램,993.026,,mp4,0AUDLJ08S_00037.mp4,http://openapi.kspo.or.kr/web/image/0AUDLJ08S_00037/,108,동영상,,1주차
,http://openapi.kspo.or.kr/web/video/,어르신을 위한 주간 운동프로그램 중 1주차에 해당하는 표준운동프로그램,307572634,29.96,976,1920*1080,어르신,30103,0AUDLJ08S_00037_SC_00235.jpeg,2021,본 운동,1846,한국어,앉았다 일어서기(Half squat),20221011,어르신기 1주차 운동프로그램,1004.437,,mp4,0AUDLJ08S_00037.mp4,http://openapi.kspo.or.kr/web/image/0AUDLJ08S_00037/,109,동영상,,1주차
,http://openapi.kspo.or.kr/web/video/,어르신을 위한 주간 운동프로그램 중 1주차에 해당하는 표준운동프로그램,307572634,29.96,977,1920*1080,어르신,30219,0AUDLJ08S_00037_SC_00236.jpeg,2021,본 운동,1846,한국어,앉았다 일어서기(Half squat),20221011,어르신기 1주차 운동프로그램,1008.308,,mp4,0AUDLJ08S_00037.mp4,http://openapi.kspo.or.kr/web/image/0AUDLJ08S_00037/,110,동영상,,1주차
,http://openapi.kspo.or.kr/web/video/,어르신을 위한 주간 운동프로그램 중 1주차에 해당하는 표준운동프로그램,307572634,29.96,978,1920*1080,어르신,30364,0AUDLJ08S_00037_SC_00237.jpeg,2021,본 운동,1846,한국어,앉았다 일어서기(Half squat),20221011,어르신기 1주차 운동프로그램,1013.146,,mp4,0AUDLJ08S_00037.mp4,http://openapi.kspo.or.kr/web/image/0AUDLJ08S_00037/,111,동영상,,1주차
,http://openapi.kspo.or.kr/web/video/,어르신을 위한 주간 운동프로그램 중 1주차에 해당하는 표준운동프로그램,307572634,29.96,979,1920*1080,어르신,30770,0AUDLJ08S_00037_SC_00240.jpeg,2021,본 운동,1846,한국어,앞뒤 걷기/무릎 들기/몸통 돌리기(Front-back walking/Knee up/Trunk rotation),20221011,어르신기 1주차 운동프로그램,1026.693,,mp4,0AUDLJ08S_00037.mp4,http://openapi.kspo.or.kr/web/image/0AUDLJ08S_00037/,112,동영상,,1주차
,http://openapi.kspo.or.kr/web/video/,어르신을 위한 주간 운동프로그램 중 1주차에 해당하는 표준운동프로그램,307572634,29.96,980,1920*1080,어르신,31060,0AUDLJ08S_00037_SC_00241.jpeg,2021,본 운동,1846,한국어,앞뒤 걷기/무릎 들기/몸통 돌리기(Front-back walking/Knee up/Trunk rotation),20221011,어르신기 1주차 운동프로그램,1036.369,,mp4,0AUDLJ08S_00037.mp4,http://openapi.kspo.or.kr/web/image/0AUDLJ08S_00037/,113,동영상,,1주차
,http://openapi.kspo.or.kr/web/video/,어르신을 위한 주간 운동프로그램 중 1주차에 해당하는 표준운동프로그램,307572634,29.96,981,1920*1080,어르신,31321,0AUDLJ08S_00037_SC_00243.jpeg,2021,본 운동,1846,한국어,앞뒤 걷기/무릎 들기/몸통 돌리기(Front-back walking/Knee up/Trunk rotation),20221011,어르신기 1주차 운동프로그램,1045.078,,mp4,0AUDLJ08S_00037.mp4,http://openapi.kspo.or.kr/web/image/0AUDLJ08S_00037/,114,동영상,,1주차
,http://openapi.kspo.or.kr/web/video/,어르신을 위한 주간 운동프로그램 중 1주차에 해당하는 표준운동프로그램,307572634,29.96,982,1920*1080,어르신,31437,0AUDLJ08S_00037_SC_00244.jpeg,2021,본 운동,1846,한국어,앞뒤 걷기/무릎 들기/몸통 돌리기(Front-back walking/Knee up/Trunk rotation),20221011,어르신기 1주차 운동프로그램,1048.948,,mp4,0AUDLJ08S_00037.mp4,http://openapi.kspo.or.kr/web/image/0AUDLJ08S_00037/,115,동영상,,1주차
,http://openapi.kspo.or.kr/web/video/,어르신을 위한 주간 운동프로그램 중 1주차에 해당하는 표준운동프로그램,307572634,29.96,983,1920*1080,어르신,31553,0AUDLJ08S_00037_SC_00245.jpeg,2021,본 운동,1846,한국어,앞뒤 걷기/무릎 들기/몸통 돌리기(Front-back walking/Knee up/Trunk rotation),20221011,어르신기 1주차 운동프로그램,1052.819,,mp4,0AUDLJ08S_00037.mp4,http://openapi.kspo.or.kr/web/image/0AUDLJ08S_00037/,116,동영상,,1주차
,http://openapi.kspo.or.kr/web/video/,어르신을 위한 주간 운동프로그램 중 1주차에 해당하는 표준운동프로그램,307572634,29.96,984,1920*1080,어르신,31785,0AUDLJ08S_00037_SC_00250.jpeg,2021,본 운동,1846,한국어,앞뒤 걷기/무릎 들기/몸통 돌리기(Front-back walking/Knee up/Trunk rotation),20221011,어르신기 1주차 운동프로그램,1060.56,,mp4,0AUDLJ08S_00037.mp4,http://openapi.kspo.or.kr/web/image/0AUDLJ08S_00037/,117,동영상,,1주차
,http://openapi.kspo.or.kr/web/video/,어르신을 위한 주간 운동프로그램 중 1주차에 해당하는 표준운동프로그램,307572634,29.96,985,1920*1080,어르신,32008,0AUDLJ08S_00037_FR_00357.jpeg,2021,본 운동,1846,한국어,서서 팔 올리기(Scaption),20221011,어르신기 1주차 운동프로그램,1068.001,,mp4,0AUDLJ08S_00037.mp4,http://openapi.kspo.or.kr/web/image/0AUDLJ08S_00037/,118,동영상,,1주차
,http://openapi.kspo.or.kr/web/video/,어르신을 위한 주간 운동프로그램 중 1주차에 해당하는 표준운동프로그램,307572634,29.96,986,1920*1080,어르신,32098,0AUDLJ08S_00037_FR_00358.jpeg,2021,본 운동,1846,한국어,서서 팔 올리기(Scaption),20221011,어르신기 1주차 운동프로그램,1071.004,,mp4,0AUDLJ08S_00037.mp4,http://openapi.kspo.or.kr/web/image/0AUDLJ08S_00037/,119,동영상,,1주차
,http://openapi.kspo.or.kr/web/video/,어르신을 위한 주간 운동프로그램 중 1주차에 해당하는 표준운동프로그램,307572634,29.96,987,1920*1080,어르신,32191,0AUDLJ08S_00037_SC_00251.jpeg,2021,본 운동,1846,한국어,서서 팔 올리기(Scaption),20221011,어르신기 1주차 운동프로그램,1074.107,,mp4,0AUDLJ08S_00037.mp4,http://openapi.kspo.or.kr/web/image/0AUDLJ08S_00037/,120,동영상,,1주차
,http://openapi.kspo.or.kr/web/video/,어르신을 위한 주간 운동프로그램 중 1주차에 해당하는 표준운동프로그램,307572634,29.96,988,1920*1080,어르신,32365,0AUDLJ08S_00037_SC_00252.jpeg,2021,본 운동,1846,한국어,서서 팔 올리기(Scaption),20221011,어르신기 1주차 운동프로그램,1079.913,,mp4,0AUDLJ08S_00037.mp4,http://openapi.kspo.or.kr/web/image/0AUDLJ08S_00037/,121,동영상,,1주차
,http://openapi.kspo.or.kr/web/video/,어르신을 위한 주간 운동프로그램 중 1주차에 해당하는 표준운동프로그램,307572634,29.96,989,1920*1080,어르신,32481,0AUDLJ08S_00037_SC_00254.jpeg,2021,본 운동,1846,한국어,서서 팔 올리기(Scaption),20221011,어르신기 1주차 운동프로그램,1083.783,,mp4,0AUDLJ08S_00037.mp4,http://openapi.kspo.or.kr/web/image/0AUDLJ08S_00037/,122,동영상,,1주차
,http://openapi.kspo.or.kr/web/video/,어르신을 위한 주간 운동프로그램 중 1주차에 해당하는 표준운동프로그램,307572634,29.96,990,1920*1080,어르신,32742,0AUDLJ08S_00037_SC_00258.jpeg,2021,본 운동,1846,한국어,서서 팔 올리기(Scaption),20221011,어르신기 1주차 운동프로그램,1092.492,,mp4,0AUDLJ08S_00037.mp4,http://openapi.kspo.or.kr/web/image/0AUDLJ08S_00037/,123,동영상,,1주차
,http://openapi.kspo.or.kr/web/video/,어르신을 위한 주간 운동프로그램 중 1주차에 해당하는 표준운동프로그램,307572634,29.96,991,1920*1080,어르신,32887,0AUDLJ08S_00037_SC_00259.jpeg,2021,본 운동,1846,한국어,서서 팔 올리기(Scaption),20221011,어르신기 1주차 운동프로그램,1097.33,,mp4,0AUDLJ08S_00037.mp4,http://openapi.kspo.or.kr/web/image/0AUDLJ08S_00037/,124,동영상,,1주차
,http://openapi.kspo.or.kr/web/video/,어르신을 위한 주간 운동프로그램 중 1주차에 해당하는 표준운동프로그램,307572634,29.96,992,1920*1080,어르신,33235,0AUDLJ08S_00037_SC_00261.jpeg,2021,본 운동,1846,한국어,뒤꿈치/앞꿈치 들기(Calf/Toe raise),20221011,어르신기 1주차 운동프로그램,1108.942,,mp4,0AUDLJ08S_00037.mp4,http://openapi.kspo.or.kr/web/image/0AUDLJ08S_00037/,125,동영상,,1주차
,http://openapi.kspo.or.kr/web/video/,어르신을 위한 주간 운동프로그램 중 1주차에 해당하는 표준운동프로그램,307572634,29.96,993,1920*1080,어르신,33438,0AUDLJ08S_00037_SC_00263.jpeg,2021,본 운동,1846,한국어,뒤꿈치/앞꿈치 들기(Calf/Toe raise),20221011,어르신기 1주차 운동프로그램,1115.715,,mp4,0AUDLJ08S_00037.mp4,http://openapi.kspo.or.kr/web/image/0AUDLJ08S_00037/,126,동영상,,1주차
,http://openapi.kspo.or.kr/web/video/,어르신을 위한 주간 운동프로그램 중 1주차에 해당하는 표준운동프로그램,307572634,29.96,994,1920*1080,어르신,33612,0AUDLJ08S_00037_SC_00264.jpeg,2021,본 운동,1846,한국어,뒤꿈치/앞꿈치 들기(Calf/Toe raise),20221011,어르신기 1주차 운동프로그램,1121.521,,mp4,0AUDLJ08S_00037.mp4,http://openapi.kspo.or.kr/web/image/0AUDLJ08S_00037/,127,동영상,,1주차
,http://openapi.kspo.or.kr/web/video/,어르신을 위한 주간 운동프로그램 중 1주차에 해당하는 표준운동프로그램,307572634,29.96,995,1920*1080,어르신,33815,0AUDLJ08S_00037_SC_00265.jpeg,2021,본 운동,1846,한국어,뒤꿈치/앞꿈치 들기(Calf/Toe raise),20221011,어르신기 1주차 운동프로그램,1128.294,,mp4,0AUDLJ08S_00037.mp4,http://openapi.kspo.or.kr/web/image/0AUDLJ08S_00037/,128,동영상,,1주차
,http://openapi.kspo.or.kr/web/video/,어르신을 위한 주간 운동프로그램 중 1주차에 해당하는 표준운동프로그램,307572634,29.96,996,1920*1080,어르신,33844,0AUDLJ08S_00037_SC_00266.jpeg,2021,본 운동,1846,한국어,뒤꿈치/앞꿈치 들기(Calf/Toe raise),20221011,어르신기 1주차 운동프로그램,1129.262,,mp4,0AUDLJ08S_00037.mp4,http://openapi.kspo.or.kr/web/image/0AUDLJ08S_00037/,129,동영상,,1주차
,http://openapi.kspo.or.kr/web/video/,어르신을 위한 주간 운동프로그램 중 1주차에 해당하는 표준운동프로그램,307572634,29.96,997,1920*1080,어르신,33989,0AUDLJ08S_00037_SC_00270.jpeg,2021,본 운동,1846,한국어,윗몸 일으키기(Cruch),20221011,어르신기 1주차 운동프로그램,1134.1,,mp4,0AUDLJ08S_00037.mp4,http://openapi.kspo.or.kr/web/image/0AUDLJ08S_00037/,130,동영상,,1주차
,http://openapi.kspo.or.kr/web/video/,어르신을 위한 주간 운동프로그램 중 1주차에 해당하는 표준운동프로그램,307572634,29.96,998,1920*1080,어르신,34221,0AUDLJ08S_00037_SC_00272.jpeg,2021,본 운동,1846,한국어,윗몸 일으키기(Cruch),20221011,어르신기 1주차 운동프로그램,1141.841,,mp4,0AUDLJ08S_00037.mp4,http://openapi.kspo.or.kr/web/image/0AUDLJ08S_00037/,131,동영상,,1주차
,http://openapi.kspo.or.kr/web/video/,어르신을 위한 주간 운동프로그램 중 1주차에 해당하는 표준운동프로그램,307572634,29.96,999,1920*1080,어르신,34366,0AUDLJ08S_00037_SC_00274.jpeg,2021,본 운동,1846,한국어,윗몸 일으키기(Cruch),20221011,어르신기 1주차 운동프로그램,1146.68,,mp4,0AUDLJ08S_00037.mp4,http://openapi.kspo.or.kr/web/image/0AUDLJ08S_00037/,132,동영상,,1주차
,http://openapi.kspo.or.kr/web/video/,어르신을 위한 주간 운동프로그램 중 1주차에 해당하는 표준운동프로그램,307572634,29.96,1000,1920*1080,어르신,34888,0AUDLJ08S_00037_SC_00278.jpeg,2021,본 운동,1846,한국어,윗몸 일으키기(Cruch),20221011,어르신기 1주차 운동프로그램,1164.097,,mp4,0AUDLJ08S_00037.mp4,http://openapi.kspo.or.kr/web/image/0AUDLJ08S_00037/,133,동영상,,1주차
,http://openapi.kspo.or.kr/web/video/,어르신을 위한 주간 운동프로그램 중 1주차에 해당하는 표준운동프로그램,307572634,29.96,1001,1920*1080,어르신,35155,0AUDLJ08S_00037_FR_00392.jpeg,2021,본 운동,1846,한국어,,20221011,어르신기 1주차 운동프로그램,1173.006,30~30 초,mp4,0AUDLJ08S_00037.mp4,http://openapi.kspo.or.kr/web/image/0AUDLJ08S_00037/,134,동영상,3~3,1주차
,http://openapi.kspo.or.kr/web/video/,어르신을 위한 주간 운동프로그램 중 1주차에 해당하는 표준운동프로그램,307572634,29.96,1002,1920*1080,어르신,35425,0AUDLJ08S_00037_FR_00395.jpeg,2021,정리 운동,1846,한국어,,20221011,어르신기 1주차 운동프로그램,1182.015,,mp4,0AUDLJ08S_00037.mp4,http://openapi.kspo.or.kr/web/image/0AUDLJ08S_00037/,135,동영상,,1주차
,http://openapi.kspo.or.kr/web/video/,어르신을 위한 주간 운동프로그램 중 1주차에 해당하는 표준운동프로그램,307572634,29.96,1003,1920*1080,어르신,35642,0AUDLJ08S_00037_SC_00282.jpeg,2021,정리 운동,1846,한국어,,20221011,어르신기 1주차 운동프로그램,1189.255,,mp4,0AUDLJ08S_00037.mp4,http://openapi.kspo.or.kr/web/image/0AUDLJ08S_00037/,136,동영상,,1주차
,http://openapi.kspo.or.kr/web/video/,어르신을 위한 주간 운동프로그램 중 1주차에 해당하는 표준운동프로그램,307572634,29.96,1004,1920*1080,어르신,35845,0AUDLJ08S_00037_SC_00283.jpeg,2021,정리 운동,1846,한국어,,20221011,어르신기 1주차 운동프로그램,1196.029,,mp4,0AUDLJ08S_00037.mp4,http://openapi.kspo.or.kr/web/image/0AUDLJ08S_00037/,137,동영상,,1주차
,http://openapi.kspo.or.kr/web/video/,어르신을 위한 주간 운동프로그램 중 1주차에 해당하는 표준운동프로그램,307572634,29.96,1005,1920*1080,어르신,36019,0AUDLJ08S_00037_SC_00284.jpeg,2021,정리 운동,1846,한국어,,20221011,어르신기 1주차 운동프로그램,1201.835,,mp4,0AUDLJ08S_00037.mp4,http://openapi.kspo.or.kr/web/image/0AUDLJ08S_00037/,138,동영상,,1주차
,http://openapi.kspo.or.kr/web/video/,어르신을 위한 주간 운동프로그램 중 1주차에 해당하는 표준운동프로그램,307572634,29.96,1006,1920*1080,어르신,36367,0AUDLJ08S_00037_SC_00285.jpeg,2021,정리 운동,1846,한국어,햄스트링/척추 스트레칭(Hamstring/Spine stetch),20221011,어르신기 1주차 운동프로그램,1213.446,,mp4,0AUDLJ08S_00037.mp4,http://openapi.kspo.or.kr/web/image/0AUDLJ08S_00037/,139,동영상,,1주차
,http://openapi.kspo.or.kr/web/video/,어르신을 위한 주간 운동프로그램 중 1주차에 해당하는 표준운동프로그램,307572634,29.96,1007,1920*1080,어르신,36512,0AUDLJ08S_00037_SC_00286.jpeg,2021,정리 운동,1846,한국어,햄스트링/척추 스트레칭(Hamstring/Spine stetch),20221011,어르신기 1주차 운동프로그램,1218.284,,mp4,0AUDLJ08S_00037.mp4,http://openapi.kspo.or.kr/web/image/0AUDLJ08S_00037/,140,동영상,,1주차
,http://openapi.kspo.or.kr/web/video/,어르신을 위한 주간 운동프로그램 중 1주차에 해당하는 표준운동프로그램,307572634,29.96,1008,1920*1080,어르신,36686,0AUDLJ08S_00037_SC_00287.jpeg,2021,정리 운동,1846,한국어,햄스트링/척추 스트레칭(Hamstring/Spine stetch),20221011,어르신기 1주차 운동프로그램,1224.09,,mp4,0AUDLJ08S_00037.mp4,http://openapi.kspo.or.kr/web/image/0AUDLJ08S_00037/,141,동영상,,1주차
,http://openapi.kspo.or.kr/web/video/,어르신을 위한 주간 운동프로그램 중 1주차에 해당하는 표준운동프로그램,307572634,29.96,1009,1920*1080,어르신,36918,0AUDLJ08S_00037_SC_00289.jpeg,2021,정리 운동,1846,한국어,햄스트링/척추 스트레칭(Hamstring/Spine stetch),20221011,어르신기 1주차 운동프로그램,1231.831,,mp4,0AUDLJ08S_00037.mp4,http://openapi.kspo.or.kr/web/image/0AUDLJ08S_00037/,142,동영상,,1주차
,http://openapi.kspo.or.kr/web/video/,어르신을 위한 주간 운동프로그램 중 1주차에 해당하는 표준운동프로그램,307572634,29.96,1010,1920*1080,어르신,37092,0AUDLJ08S_00037_SC_00290.jpeg,2021,정리 운동,1846,한국어,엉덩관절 스트레칭(Butterfly pose),20221011,어르신기 1주차 운동프로그램,1237.637,,mp4,0AUDLJ08S_00037.mp4,http://openapi.kspo.or.kr/web/image/0AUDLJ08S_00037/,143,동영상,,1주차
,http://openapi.kspo.or.kr/web/video/,어르신을 위한 주간 운동프로그램 중 1주차에 해당하는 표준운동프로그램,307572634,29.96,1011,1920*1080,어르신,37150,0AUDLJ08S_00037_SC_00292.jpeg,2021,정리 운동,1846,한국어,엉덩관절 스트레칭(Butterfly pose),20221011,어르신기 1주차 운동프로그램,1239.572,,mp4,0AUDLJ08S_00037.mp4,http://openapi.kspo.or.kr/web/image/0AUDLJ08S_00037/,144,동영상,,1주차
,http://openapi.kspo.or.kr/web/video/,어르신을 위한 주간 운동프로그램 중 1주차에 해당하는 표준운동프로그램,307572634,29.96,1012,1920*1080,어르신,37469,0AUDLJ08S_00037_SC_00296.jpeg,2021,정리 운동,1846,한국어,엉덩관절 스트레칭(Butterfly pose),20221011,어르신기 1주차 운동프로그램,1250.216,,mp4,0AUDLJ08S_00037.mp4,http://openapi.kspo.or.kr/web/image/0AUDLJ08S_00037/,145,동영상,,1주차
,http://openapi.kspo.or.kr/web/video/,어르신을 위한 주간 운동프로그램 중 1주차에 해당하는 표준운동프로그램,307572634,29.96,1013,1920*1080,어르신,37672,0AUDLJ08S_00037_SC_00298.jpeg,2021,정리 운동,1846,한국어,엉덩관절 스트레칭(Butterfly pose),20221011,어르신기 1주차 운동프로그램,1256.99,,mp4,0AUDLJ08S_00037.mp4,http://openapi.kspo.or.kr/web/image/0AUDLJ08S_00037/,146,동영상,,1주차
,http://openapi.kspo.or.kr/web/video/,어르신을 위한 주간 운동프로그램 중 1주차에 해당하는 표준운동프로그램,307572634,29.96,1014,1920*1080,어르신,38078,0AUDLJ08S_00037_SC_00304.jpeg,2021,정리 운동,1846,한국어,내전근 스트레칭1(Adductor stretch),20221011,어르신기 1주차 운동프로그램,1270.537,,mp4,0AUDLJ08S_00037.mp4,http://openapi.kspo.or.kr/web/image/0AUDLJ08S_00037/,147,동영상,,1주차
,http://openapi.kspo.or.kr/web/video/,어르신을 위한 주간 운동프로그램 중 1주차에 해당하는 표준운동프로그램,307572634,29.96,1015,1920*1080,어르신,38223,0AUDLJ08S_00037_SC_00305.jpeg,2021,정리 운동,1846,한국어,내전근 스트레칭1(Adductor stretch),20221011,어르신기 1주차 운동프로그램,1275.375,,mp4,0AUDLJ08S_00037.mp4,http://openapi.kspo.or.kr/web/image/0AUDLJ08S_00037/,148,동영상,,1주차
,http://openapi.kspo.or.kr/web/video/,어르신을 위한 주간 운동프로그램 중 1주차에 해당하는 표준운동프로그램,307572634,29.96,1016,1920*1080,어르신,38310,0AUDLJ08S_00037_SC_00307.jpeg,2021,정리 운동,1846,한국어,내전근 스트레칭1(Adductor stretch),20221011,어르신기 1주차 운동프로그램,1278.278,,mp4,0AUDLJ08S_00037.mp4,http://openapi.kspo.or.kr/web/image/0AUDLJ08S_00037/,149,동영상,,1주차
,http://openapi.kspo.or.kr/web/video/,어르신을 위한 주간 운동프로그램 중 1주차에 해당하는 표준운동프로그램,307572634,29.96,1017,1920*1080,어르신,38397,0AUDLJ08S_00037_SC_00309.jpeg,2021,정리 운동,1846,한국어,내전근 스트레칭1(Adductor stretch),20221011,어르신기 1주차 운동프로그램,1281.181,,mp4,0AUDLJ08S_00037.mp4,http://openapi.kspo.or.kr/web/image/0AUDLJ08S_00037/,150,동영상,,1주차
,http://openapi.kspo.or.kr/web/video/,어르신을 위한 주간 운동프로그램 중 1주차에 해당하는 표준운동프로그램,307572634,29.96,1018,1920*1080,어르신,38658,0AUDLJ08S_00037_SC_00314.jpeg,2021,정리 운동,1846,한국어,내전근 스트레칭1(Adductor stretch),20221011,어르신기 1주차 운동프로그램,1289.889,,mp4,0AUDLJ08S_00037.mp4,http://openapi.kspo.or.kr/web/image/0AUDLJ08S_00037/,151,동영상,,1주차
,http://openapi.kspo.or.kr/web/video/,어르신을 위한 주간 운동프로그램 중 1주차에 해당하는 표준운동프로그램,307572634,29.96,1019,1920*1080,어르신,38774,0AUDLJ08S_00037_SC_00315.jpeg,2021,정리 운동,1846,한국어,내전근 스트레칭1(Adductor stretch),20221011,어르신기 1주차 운동프로그램,1293.76,,mp4,0AUDLJ08S_00037.mp4,http://openapi.kspo.or.kr/web/image/0AUDLJ08S_00037/,152,동영상,,1주차
,http://openapi.kspo.or.kr/web/video/,어르신을 위한 주간 운동프로그램 중 1주차에 해당하는 표준운동프로그램,307572634,29.96,1020,1920*1080,어르신,39035,0AUDLJ08S_00037_SC_00317.jpeg,2021,정리 운동,1846,한국어,내전근 스트레칭2(Adductor stretch),20221011,어르신기 1주차 운동프로그램,1302.469,,mp4,0AUDLJ08S_00037.mp4,http://openapi.kspo.or.kr/web/image/0AUDLJ08S_00037/,153,동영상,,1주차
,http://openapi.kspo.or.kr/web/video/,어르신을 위한 주간 운동프로그램 중 1주차에 해당하는 표준운동프로그램,307572634,29.96,1021,1920*1080,어르신,39180,0AUDLJ08S_00037_SC_00318.jpeg,2021,정리 운동,1846,한국어,내전근 스트레칭2(Adductor stretch),20221011,어르신기 1주차 운동프로그램,1307.307,,mp4,0AUDLJ08S_00037.mp4,http://openapi.kspo.or.kr/web/image/0AUDLJ08S_00037/,154,동영상,,1주차
,http://openapi.kspo.or.kr/web/video/,어르신을 위한 주간 운동프로그램 중 1주차에 해당하는 표준운동프로그램,307572634,29.96,1022,1920*1080,어르신,39354,0AUDLJ08S_00037_SC_00320.jpeg,2021,정리 운동,1846,한국어,내전근 스트레칭2(Adductor stretch),20221011,어르신기 1주차 운동프로그램,1313.113,,mp4,0AUDLJ08S_00037.mp4,http://openapi.kspo.or.kr/web/image/0AUDLJ08S_00037/,155,동영상,,1주차
,http://openapi.kspo.or.kr/web/video/,어르신을 위한 주간 운동프로그램 중 1주차에 해당하는 표준운동프로그램,307572634,29.96,1023,1920*1080,어르신,39644,0AUDLJ08S_00037_SC_00326.jpeg,2021,정리 운동,1846,한국어,내전근 스트레칭2(Adductor stretch),20221011,어르신기 1주차 운동프로그램,1322.789,,mp4,0AUDLJ08S_00037.mp4,http://openapi.kspo.or.kr/web/image/0AUDLJ08S_00037/,156,동영상,,1주차
,http://openapi.kspo.or.kr/web/video/,어르신을 위한 주간 운동프로그램 중 1주차에 해당하는 표준운동프로그램,307572634,29.96,1024,1920*1080,어르신,40280,0AUDLJ08S_00037_FR_00449.jpeg,2021,정리 운동,1846,한국어,옆구리 스트레칭(Side bending stretch),20221011,어르신기 1주차 운동프로그램,1344.01,,mp4,0AUDLJ08S_00037.mp4,http://openapi.kspo.or.kr/web/image/0AUDLJ08S_00037/,157,동영상,,1주차
,http://openapi.kspo.or.kr/web/video/,어르신을 위한 주간 운동프로그램 중 1주차에 해당하는 표준운동프로그램,307572634,29.96,1025,1920*1080,어르신,40572,0AUDLJ08S_00037_SC_00331.jpeg,2021,정리 운동,1846,한국어,옆구리 스트레칭(Side bending stretch),20221011,어르신기 1주차 운동프로그램,1353.753,,mp4,0AUDLJ08S_00037.mp4,http://openapi.kspo.or.kr/web/image/0AUDLJ08S_00037/,158,동영상,,1주차
,http://openapi.kspo.or.kr/web/video/,어르신을 위한 주간 운동프로그램 중 1주차에 해당하는 표준운동프로그램,307572634,29.96,1026,1920*1080,어르신,40862,0AUDLJ08S_00037_SC_00332.jpeg,2021,정리 운동,1846,한국어,옆구리 스트레칭(Side bending stretch),20221011,어르신기 1주차 운동프로그램,1363.43,,mp4,0AUDLJ08S_00037.mp4,http://openapi.kspo.or.kr/web/image/0AUDLJ08S_00037/,159,동영상,,1주차
,http://openapi.kspo.or.kr/web/video/,어르신을 위한 주간 운동프로그램 중 1주차에 해당하는 표준운동프로그램,307572634,29.96,1027,1920*1080,어르신,41442,0AUDLJ08S_00037_SC_00337.jpeg,2021,정리 운동,1846,한국어,가슴/어깨 스트레칭(Backward lift stretch),20221011,어르신기 1주차 운동프로그램,1382.782,,mp4,0AUDLJ08S_00037.mp4,http://openapi.kspo.or.kr/web/image/0AUDLJ08S_00037/,160,동영상,,1주차
,http://openapi.kspo.or.kr/web/video/,어르신을 위한 주간 운동프로그램 중 1주차에 해당하는 표준운동프로그램,307572634,29.96,1028,1920*1080,어르신,41471,0AUDLJ08S_00037_SC_00338.jpeg,2021,정리 운동,1846,한국어,가슴/어깨 스트레칭(Backward lift stretch),20221011,어르신기 1주차 운동프로그램,1383.75,,mp4,0AUDLJ08S_00037.mp4,http://openapi.kspo.or.kr/web/image/0AUDLJ08S_00037/,161,동영상,,1주차
,http://openapi.kspo.or.kr/web/video/,어르신을 위한 주간 운동프로그램 중 1주차에 해당하는 표준운동프로그램,307572634,29.96,1029,1920*1080,어르신,41587,0AUDLJ08S_00037_SC_00340.jpeg,2021,정리 운동,1846,한국어,가슴/어깨 스트레칭(Backward lift stretch),20221011,어르신기 1주차 운동프로그램,1387.62,,mp4,0AUDLJ08S_00037.mp4,http://openapi.kspo.or.kr/web/image/0AUDLJ08S_00037/,162,동영상,,1주차
,http://openapi.kspo.or.kr/web/video/,어르신을 위한 주간 운동프로그램 중 1주차에 해당하는 표준운동프로그램,307572634,29.96,1030,1920*1080,어르신,41732,0AUDLJ08S_00037_SC_00341.jpeg,2021,정리 운동,1846,한국어,가슴/어깨 스트레칭(Backward lift stretch),20221011,어르신기 1주차 운동프로그램,1392.459,,mp4,0AUDLJ08S_00037.mp4,http://openapi.kspo.or.kr/web/image/0AUDLJ08S_00037/,163,동영상,,1주차
,http://openapi.kspo.or.kr/web/video/,어르신을 위한 주간 운동프로그램 중 1주차에 해당하는 표준운동프로그램,307572634,29.96,1031,1920*1080,어르신,41964,0AUDLJ08S_00037_SC_00344.jpeg,2021,정리 운동,1846,한국어,목 스트레칭1(Neck stretch),20221011,어르신기 1주차 운동프로그램,1400.2,,mp4,0AUDLJ08S_00037.mp4,http://openapi.kspo.or.kr/web/image/0AUDLJ08S_00037/,164,동영상,,1주차
,http://openapi.kspo.or.kr/web/video/,어르신을 위한 주간 운동프로그램 중 1주차에 해당하는 표준운동프로그램,307572634,29.96,1032,1920*1080,어르신,42109,0AUDLJ08S_00037_SC_00345.jpeg,2021,정리 운동,1846,한국어,목 스트레칭1(Neck stretch),20221011,어르신기 1주차 운동프로그램,1405.038,,mp4,0AUDLJ08S_00037.mp4,http://openapi.kspo.or.kr/web/image/0AUDLJ08S_00037/,165,동영상,,1주차
,http://openapi.kspo.or.kr/web/video/,어르신을 위한 주간 운동프로그램 중 1주차에 해당하는 표준운동프로그램,307572634,29.96,1033,1920*1080,어르신,42399,0AUDLJ08S_00037_SC_00347.jpeg,2021,정리 운동,1846,한국어,목 스트레칭1(Neck stretch),20221011,어르신기 1주차 운동프로그램,1414.714,,mp4,0AUDLJ08S_00037.mp4,http://openapi.kspo.or.kr/web/image/0AUDLJ08S_00037/,166,동영상,,1주차
,http://openapi.kspo.or.kr/web/video/,어르신을 위한 주간 운동프로그램 중 1주차에 해당하는 표준운동프로그램,307572634,29.96,1034,1920*1080,어르신,42689,0AUDLJ08S_00037_SC_00348.jpeg,2021,정리 운동,1846,한국어,내전근 스트레칭2(Adductor stretch),20221011,어르신기 1주차 운동프로그램,1424.391,,mp4,0AUDLJ08S_00037.mp4,http://openapi.kspo.or.kr/web/image/0AUDLJ08S_00037/,167,동영상,,1주차
,http://openapi.kspo.or.kr/web/video/,어르신을 위한 주간 운동프로그램 중 1주차에 해당하는 표준운동프로그램,307572634,29.96,1035,1920*1080,어르신,42950,0AUDLJ08S_00037_SC_00350.jpeg,2021,정리 운동,1846,한국어,목 스트레칭1(Neck stretch),20221011,어르신기 1주차 운동프로그램,1433.099,,mp4,0AUDLJ08S_00037.mp4,http://openapi.kspo.or.kr/web/image/0AUDLJ08S_00037/,168,동영상,,1주차
,http://openapi.kspo.or.kr/web/video/,어르신을 위한 주간 운동프로그램 중 1주차에 해당하는 표준운동프로그램,307572634,29.96,1036,1920*1080,어르신,43878,0AUDLJ08S_00037_SC_00354.jpeg,2021,정리 운동,1846,한국어,엉덩관절 스트레칭(Hip flexor stretch),20221011,어르신기 1주차 운동프로그램,1464.064,,mp4,0AUDLJ08S_00037.mp4,http://openapi.kspo.or.kr/web/image/0AUDLJ08S_00037/,169,동영상,,1주차
,http://openapi.kspo.or.kr/web/video/,어르신을 위한 주간 운동프로그램 중 1주차에 해당하는 표준운동프로그램,307572634,29.96,1037,1920*1080,어르신,43994,0AUDLJ08S_00037_SC_00355.jpeg,2021,정리 운동,1846,한국어,엉덩관절 스트레칭(Hip flexor stretch),20221011,어르신기 1주차 운동프로그램,1467.934,,mp4,0AUDLJ08S_00037.mp4,http://openapi.kspo.or.kr/web/image/0AUDLJ08S_00037/,170,동영상,,1주차
,http://openapi.kspo.or.kr/web/video/,어르신을 위한 주간 운동프로그램 중 1주차에 해당하는 표준운동프로그램,307572634,29.96,1038,1920*1080,어르신,44197,0AUDLJ08S_00037_SC_00357.jpeg,2021,정리 운동,1846,한국어,엉덩관절 스트레칭(Hip flexor stretch),20221011,어르신기 1주차 운동프로그램,1474.708,,mp4,0AUDLJ08S_00037.mp4,http://openapi.kspo.or.kr/web/image/0AUDLJ08S_00037/,171,동영상,,1주차
,http://openapi.kspo.or.kr/web/video/,어르신을 위한 주간 운동프로그램 중 1주차에 해당하는 표준운동프로그램,307572634,29.96,1039,1920*1080,어르신,44429,0AUDLJ08S_00037_SC_00359.jpeg,2021,정리 운동,1846,한국어,엉덩관절 스트레칭(Hip flexor stretch),20221011,어르신기 1주차 운동프로그램,1482.449,,mp4,0AUDLJ08S_00037.mp4,http://openapi.kspo.or.kr/web/image/0AUDLJ08S_00037/,172,동영상,,1주차
,http://openapi.kspo.or.kr/web/video/,어르신을 위한 주간 운동프로그램 중 1주차에 해당하는 표준운동프로그램,307572634,29.96,1040,1920*1080,어르신,44951,0AUDLJ08S_00037_SC_00362.jpeg,2021,정리 운동,1846,한국어,엉덩관절/상체 스트레칭(Hip flexor stretch),20221011,어르신기 1주차 운동프로그램,1499.866,,mp4,0AUDLJ08S_00037.mp4,http://openapi.kspo.or.kr/web/image/0AUDLJ08S_00037/,173,동영상,,1주차
,http://openapi.kspo.or.kr/web/video/,어르신을 위한 주간 운동프로그램 중 1주차에 해당하는 표준운동프로그램,307572634,29.96,1041,1920*1080,어르신,45096,0AUDLJ08S_00037_SC_00363.jpeg,2021,정리 운동,1846,한국어,엉덩관절/상체 스트레칭(Hip flexor stretch),20221011,어르신기 1주차 운동프로그램,1504.704,,mp4,0AUDLJ08S_00037.mp4,http://openapi.kspo.or.kr/web/image/0AUDLJ08S_00037/,174,동영상,,1주차
,http://openapi.kspo.or.kr/web/video/,어르신을 위한 주간 운동프로그램 중 1주차에 해당하는 표준운동프로그램,307572634,29.96,1042,1920*1080,어르신,45386,0AUDLJ08S_00037_SC_00365.jpeg,2021,정리 운동,1846,한국어,엉덩관절/상체 스트레칭(Hip flexor stretch),20221011,어르신기 1주차 운동프로그램,1514.381,,mp4,0AUDLJ08S_00037.mp4,http://openapi.kspo.or.kr/web/image/0AUDLJ08S_00037/,175,동영상,,1주차
,http://openapi.kspo.or.kr/web/video/,어르신을 위한 주간 운동프로그램 중 1주차에 해당하는 표준운동프로그램,307572634,29.96,1043,1920*1080,어르신,45647,0AUDLJ08S_00037_SC_00367.jpeg,2021,정리 운동,1846,한국어,엉덩관절/상체 스트레칭(Hip flexor stretch),20221011,어르신기 1주차 운동프로그램,1523.089,,mp4,0AUDLJ08S_00037.mp4,http://openapi.kspo.or.kr/web/image/0AUDLJ08S_00037/,176,동영상,,1주차
,http://openapi.kspo.or.kr/web/video/,어르신을 위한 주간 운동프로그램 중 1주차에 해당하는 표준운동프로그램,307572634,29.96,1044,1920*1080,어르신,46053,0AUDLJ08S_00037_SC_00370.jpeg,2021,정리 운동,1846,한국어,등/허리 스트레칭(Cat&Camel),20221011,어르신기 1주차 운동프로그램,1536.636,,mp4,0AUDLJ08S_00037.mp4,http://openapi.kspo.or.kr/web/image/0AUDLJ08S_00037/,177,동영상,,1주차
,http://openapi.kspo.or.kr/web/video/,어르신을 위한 주간 운동프로그램 중 1주차에 해당하는 표준운동프로그램,307572634,29.96,1045,1920*1080,어르신,46198,0AUDLJ08S_00037_SC_00372.jpeg,2021,정리 운동,1846,한국어,등/허리 스트레칭(Cat&Camel),20221011,어르신기 1주차 운동프로그램,1541.474,,mp4,0AUDLJ08S_00037.mp4,http://openapi.kspo.or.kr/web/image/0AUDLJ08S_00037/,178,동영상,,1주차
,http://openapi.kspo.or.kr/web/video/,어르신을 위한 주간 운동프로그램 중 1주차에 해당하는 표준운동프로그램,307572634,29.96,1046,1920*1080,어르신,46285,0AUDLJ08S_00037_SC_00375.jpeg,2021,정리 운동,1846,한국어,등/허리 스트레칭(Cat&Camel),20221011,어르신기 1주차 운동프로그램,1544.377,,mp4,0AUDLJ08S_00037.mp4,http://openapi.kspo.or.kr/web/image/0AUDLJ08S_00037/,179,동영상,,1주차
,http://openapi.kspo.or.kr/web/video/,어르신을 위한 주간 운동프로그램 중 1주차에 해당하는 표준운동프로그램,307572634,29.96,1047,1920*1080,어르신,46575,0AUDLJ08S_00037_SC_00377.jpeg,2021,정리 운동,1846,한국어,등/허리 스트레칭(Cat&Camel),20221011,어르신기 1주차 운동프로그램,1554.054,,mp4,0AUDLJ08S_00037.mp4,http://openapi.kspo.or.kr/web/image/0AUDLJ08S_00037/,180,동영상,,1주차
,http://openapi.kspo.or.kr/web/video/,어르신을 위한 주간 운동프로그램 중 1주차에 해당하는 표준운동프로그램,307572634,29.96,1048,1920*1080,어르신,46778,0AUDLJ08S_00037_SC_00380.jpeg,2021,정리 운동,1846,한국어,등/허리/무릎 스트레칭(Child's pose),20221011,어르신기 1주차 운동프로그램,1560.827,,mp4,0AUDLJ08S_00037.mp4,http://openapi.kspo.or.kr/web/image/0AUDLJ08S_00037/,181,동영상,,1주차
,http://openapi.kspo.or.kr/web/video/,어르신을 위한 주간 운동프로그램 중 1주차에 해당하는 표준운동프로그램,307572634,29.96,1049,1920*1080,어르신,46981,0AUDLJ08S_00037_SC_00383.jpeg,2021,정리 운동,1846,한국어,등/허리/무릎 스트레칭(Child's pose),20221011,어르신기 1주차 운동프로그램,1567.6,,mp4,0AUDLJ08S_00037.mp4,http://openapi.kspo.or.kr/web/image/0AUDLJ08S_00037/,182,동영상,,1주차
,http://openapi.kspo.or.kr/web/video/,어르신을 위한 주간 운동프로그램 중 1주차에 해당하는 표준운동프로그램,307572634,29.96,1050,1920*1080,어르신,47329,0AUDLJ08S_00037_SC_00386.jpeg,2021,정리 운동,1846,한국어,등/허리/무릎 스트레칭(Child's pose),20221011,어르신기 1주차 운동프로그램,1579.212,,mp4,0AUDLJ08S_00037.mp4,http://openapi.kspo.or.kr/web/image/0AUDLJ08S_00037/,183,동영상,,1주차
,http://openapi.kspo.or.kr/web/video/,어르신을 위한 주간 운동프로그램 중 1주차에 해당하는 표준운동프로그램,307572634,29.96,1051,1920*1080,어르신,47764,0AUDLJ08S_00037_SC_00390.jpeg,2021,정리 운동,1846,한국어,복부 스트레칭(Cobra pose),20221011,어르신기 1주차 운동프로그램,1593.727,,mp4,0AUDLJ08S_00037.mp4,http://openapi.kspo.or.kr/web/image/0AUDLJ08S_00037/,185,동영상,,1주차
,http://openapi.kspo.or.kr/web/video/,어르신을 위한 주간 운동프로그램 중 1주차에 해당하는 표준운동프로그램,307572634,29.96,1052,1920*1080,어르신,47880,0AUDLJ08S_00037_SC_00391.jpeg,2021,정리 운동,1846,한국어,복부 스트레칭(Cobra pose),20221011,어르신기 1주차 운동프로그램,1597.597,,mp4,0AUDLJ08S_00037.mp4,http://openapi.kspo.or.kr/web/image/0AUDLJ08S_00037/,186,동영상,,1주차
,http://openapi.kspo.or.kr/web/video/,어르신을 위한 주간 운동프로그램 중 1주차에 해당하는 표준운동프로그램,307572634,29.96,1053,1920*1080,어르신,48170,0AUDLJ08S_00037_SC_00394.jpeg,2021,정리 운동,1846,한국어,복부 스트레칭(Cobra pose),20221011,어르신기 1주차 운동프로그램,1607.273,,mp4,0AUDLJ08S_00037.mp4,http://openapi.kspo.or.kr/web/image/0AUDLJ08S_00037/,187,동영상,,1주차
,http://openapi.kspo.or.kr/web/video/,어르신을 위한 주간 운동프로그램 중 1주차에 해당하는 표준운동프로그램,307572634,29.96,1054,1920*1080,어르신,48199,0AUDLJ08S_00037_SC_00395.jpeg,2021,정리 운동,1846,한국어,복부 스트레칭(Cobra pose),20221011,어르신기 1주차 운동프로그램,1608.241,,mp4,0AUDLJ08S_00037.mp4,http://openapi.kspo.or.kr/web/image/0AUDLJ08S_00037/,188,동영상,,1주차
,http://openapi.kspo.or.kr/web/video/,어르신을 위한 주간 운동프로그램 중 1주차에 해당하는 표준운동프로그램,307572634,29.96,1055,1920*1080,어르신,48431,0AUDLJ08S_00037_SC_00399.jpeg,2021,정리 운동,1846,한국어,가슴/복부/척추 스트레칭(Trunk rotation stretch),20221011,어르신기 1주차 운동프로그램,1615.982,,mp4,0AUDLJ08S_00037.mp4,http://openapi.kspo.or.kr/web/image/0AUDLJ08S_00037/,189,동영상,,1주차
,http://openapi.kspo.or.kr/web/video/,어르신을 위한 주간 운동프로그램 중 1주차에 해당하는 표준운동프로그램,307572634,29.96,1056,1920*1080,어르신,48721,0AUDLJ08S_00037_SC_00401.jpeg,2021,정리 운동,1846,한국어,가슴/복부/척추 스트레칭(Trunk rotation stretch),20221011,어르신기 1주차 운동프로그램,1625.658,,mp4,0AUDLJ08S_00037.mp4,http://openapi.kspo.or.kr/web/image/0AUDLJ08S_00037/,190,동영상,,1주차
,http://openapi.kspo.or.kr/web/video/,어르신을 위한 주간 운동프로그램 중 1주차에 해당하는 표준운동프로그램,307572634,29.96,1057,1920*1080,어르신,49040,0AUDLJ08S_00037_SC_00403.jpeg,2021,정리 운동,1846,한국어,가슴/복부/척추 스트레칭(Trunk rotation stretch),20221011,어르신기 1주차 운동프로그램,1636.302,,mp4,0AUDLJ08S_00037.mp4,http://openapi.kspo.or.kr/web/image/0AUDLJ08S_00037/,191,동영상,,1주차
,http://openapi.kspo.or.kr/web/video/,어르신을 위한 주간 운동프로그램 중 1주차에 해당하는 표준운동프로그램,307572634,29.96,1058,1920*1080,어르신,49243,0AUDLJ08S_00037_SC_00405.jpeg,2021,정리 운동,1846,한국어,가슴/복부/척추 스트레칭(Trunk rotation stretch),20221011,어르신기 1주차 운동프로그램,1643.076,,mp4,0AUDLJ08S_00037.mp4,http://openapi.kspo.or.kr/web/image/0AUDLJ08S_00037/,192,동영상,,1주차
,http://openapi.kspo.or.kr/web/video/,어르신을 위한 주간 운동프로그램 중 1주차에 해당하는 표준운동프로그램,307572634,29.96,1059,1920*1080,어르신,49649,0AUDLJ08S_00037_SC_00408.jpeg,2021,정리 운동,1846,한국어,대퇴 스트레칭(Quadriceps stretch),20221011,어르신기 1주차 운동프로그램,1656.623,,mp4,0AUDLJ08S_00037.mp4,http://openapi.kspo.or.kr/web/image/0AUDLJ08S_00037/,193,동영상,,1주차
,http://openapi.kspo.or.kr/web/video/,어르신을 위한 주간 운동프로그램 중 1주차에 해당하는 표준운동프로그램,307572634,29.96,1060,1920*1080,어르신,49823,0AUDLJ08S_00037_SC_00409.jpeg,2021,정리 운동,1846,한국어,대퇴 스트레칭(Quadriceps stretch),20221011,어르신기 1주차 운동프로그램,1662.429,,mp4,0AUDLJ08S_00037.mp4,http://openapi.kspo.or.kr/web/image/0AUDLJ08S_00037/,194,동영상,,1주차
,http://openapi.kspo.or.kr/web/video/,어르신을 위한 주간 운동프로그램 중 1주차에 해당하는 표준운동프로그램,307572634,29.96,1061,1920*1080,어르신,50171,0AUDLJ08S_00037_SC_00412.jpeg,2021,정리 운동,1846,한국어,대퇴 스트레칭(Quadriceps stretch),20221011,어르신기 1주차 운동프로그램,1674.04,,mp4,0AUDLJ08S_00037.mp4,http://openapi.kspo.or.kr/web/image/0AUDLJ08S_00037/,195,동영상,,1주차
,http://openapi.kspo.or.kr/web/video/,어르신을 위한 주간 운동프로그램 중 1주차에 해당하는 표준운동프로그램,307572634,29.96,1062,1920*1080,어르신,50403,0AUDLJ08S_00037_SC_00414.jpeg,2021,정리 운동,1846,한국어,대퇴 스트레칭(Quadriceps stretch),20221011,어르신기 1주차 운동프로그램,1681.781,,mp4,0AUDLJ08S_00037.mp4,http://openapi.kspo.or.kr/web/image/0AUDLJ08S_00037/,196,동영상,,1주차
,http://openapi.kspo.or.kr/web/video/,어르신을 위한 주간 운동프로그램 중 1주차에 해당하는 표준운동프로그램,307572634,29.96,1063,1920*1080,어르신,50606,0AUDLJ08S_00037_SC_00417.jpeg,2021,정리 운동,1846,한국어,엉덩관절 스트레칭1(Gluteus stretch),20221011,어르신기 1주차 운동프로그램,1688.555,,mp4,0AUDLJ08S_00037.mp4,http://openapi.kspo.or.kr/web/image/0AUDLJ08S_00037/,197,동영상,,1주차
,http://openapi.kspo.or.kr/web/video/,어르신을 위한 주간 운동프로그램 중 1주차에 해당하는 표준운동프로그램,307572634,29.96,1064,1920*1080,어르신,50809,0AUDLJ08S_00037_SC_00418.jpeg,2021,정리 운동,1846,한국어,엉덩관절 스트레칭1(Gluteus stretch),20221011,어르신기 1주차 운동프로그램,1695.328,,mp4,0AUDLJ08S_00037.mp4,http://openapi.kspo.or.kr/web/image/0AUDLJ08S_00037/,198,동영상,,1주차
,http://openapi.kspo.or.kr/web/video/,어르신을 위한 주간 운동프로그램 중 1주차에 해당하는 표준운동프로그램,307572634,29.96,1065,1920*1080,어르신,51099,0AUDLJ08S_00037_SC_00421.jpeg,2021,정리 운동,1846,한국어,엉덩관절 스트레칭1(Gluteus stretch),20221011,어르신기 1주차 운동프로그램,1705.005,,mp4,0AUDLJ08S_00037.mp4,http://openapi.kspo.or.kr/web/image/0AUDLJ08S_00037/,199,동영상,,1주차
,http://openapi.kspo.or.kr/web/video/,어르신을 위한 주간 운동프로그램 중 1주차에 해당하는 표준운동프로그램,307572634,29.96,1066,1920*1080,어르신,51592,0AUDLJ08S_00037_SC_00422.jpeg,2021,정리 운동,1846,한국어,엉덩관절 스트레칭2(Figure 4 pose),20221011,어르신기 1주차 운동프로그램,1721.454,,mp4,0AUDLJ08S_00037.mp4,http://openapi.kspo.or.kr/web/image/0AUDLJ08S_00037/,200,동영상,,1주차
,http://openapi.kspo.or.kr/web/video/,어르신을 위한 주간 운동프로그램 중 1주차에 해당하는 표준운동프로그램,307572634,29.96,1067,1920*1080,어르신,51679,0AUDLJ08S_00037_SC_00423.jpeg,2021,정리 운동,1846,한국어,엉덩관절 스트레칭2(Figure 4 pose),20221011,어르신기 1주차 운동프로그램,1724.357,,mp4,0AUDLJ08S_00037.mp4,http://openapi.kspo.or.kr/web/image/0AUDLJ08S_00037/,201,동영상,,1주차
,http://openapi.kspo.or.kr/web/video/,어르신을 위한 주간 운동프로그램 중 1주차에 해당하는 표준운동프로그램,307572634,29.96,1068,1920*1080,어르신,52288,0AUDLJ08S_00037_SC_00425.jpeg,2021,정리 운동,1846,한국어,무릎 스트레칭(Hamstring stretch),20221011,어르신기 1주차 운동프로그램,1744.678,,mp4,0AUDLJ08S_00037.mp4,http://openapi.kspo.or.kr/web/image/0AUDLJ08S_00037/,202,동영상,,1주차
,http://openapi.kspo.or.kr/web/video/,어르신을 위한 주간 운동프로그램 중 1주차에 해당하는 표준운동프로그램,307572634,29.96,1069,1920*1080,어르신,52549,0AUDLJ08S_00037_SC_00427.jpeg,2021,정리 운동,1846,한국어,무릎 스트레칭(Hamstring stretch),20221011,어르신기 1주차 운동프로그램,1753.386,,mp4,0AUDLJ08S_00037.mp4,http://openapi.kspo.or.kr/web/image/0AUDLJ08S_00037/,203,동영상,,1주차
,http://openapi.kspo.or.kr/web/video/,어르신을 위한 주간 운동프로그램 중 1주차에 해당하는 표준운동프로그램,307572634,29.96,1070,1920*1080,어르신,53100,0AUDLJ08S_00037_SC_00433.jpeg,2021,정리 운동,1846,한국어,무릎 스트레칭(Hamstring stretch),20221011,어르신기 1주차 운동프로그램,1771.771,,mp4,0AUDLJ08S_00037.mp4,http://openapi.kspo.or.kr/web/image/0AUDLJ08S_00037/,204,동영상,,1주차
,http://openapi.kspo.or.kr/web/video/,어르신을 위한 주간 운동프로그램 중 1주차에 해당하는 표준운동프로그램,307572634,29.96,1071,1920*1080,어르신,53825,0AUDLJ08S_00037_SC_00440.jpeg,2021,정리 운동,1846,한국어,어깨/복부/엉덩관절 스트레칭(Trunk rotation stretch),20221011,어르신기 1주차 운동프로그램,1795.962,,mp4,0AUDLJ08S_00037.mp4,http://openapi.kspo.or.kr/web/image/0AUDLJ08S_00037/,205,동영상,,1주차
,http://openapi.kspo.or.kr/web/video/,어르신을 위한 주간 운동프로그램 중 1주차에 해당하는 표준운동프로그램,307572634,29.96,1072,1920*1080,어르신,53883,0AUDLJ08S_00037_SC_00441.jpeg,2021,정리 운동,1846,한국어,어깨/복부/엉덩관절 스트레칭(Trunk rotation stretch),20221011,어르신기 1주차 운동프로그램,1797.897,,mp4,0AUDLJ08S_00037.mp4,http://openapi.kspo.or.kr/web/image/0AUDLJ08S_00037/,206,동영상,,1주차
,http://openapi.kspo.or.kr/web/video/,어르신을 위한 주간 운동프로그램 중 1주차에 해당하는 표준운동프로그램,307572634,29.96,1073,1920*1080,어르신,54086,0AUDLJ08S_00037_SC_00444.jpeg,2021,정리 운동,1846,한국어,어깨/복부/엉덩관절 스트레칭(Trunk rotation stretch),20221011,어르신기 1주차 운동프로그램,1804.671,,mp4,0AUDLJ08S_00037.mp4,http://openapi.kspo.or.kr/web/image/0AUDLJ08S_00037/,207,동영상,,1주차
,http://openapi.kspo.or.kr/web/video/,어르신을 위한 주간 운동프로그램 중 1주차에 해당하는 표준운동프로그램,307572634,29.96,1074,1920*1080,어르신,54202,0AUDLJ08S_00037_SC_00445.jpeg,2021,정리 운동,1846,한국어,어깨/복부/엉덩관절 스트레칭(Trunk rotation stretch),20221011,어르신기 1주차 운동프로그램,1808.541,,mp4,0AUDLJ08S_00037.mp4,http://openapi.kspo.or.kr/web/image/0AUDLJ08S_00037/,208,동영상,,1주차
,http://openapi.kspo.or.kr/web/video/,어르신을 위한 주간 운동프로그램 중 1주차에 해당하는 표준운동프로그램,307572634,29.96,1075,1920*1080,어르신,54521,0AUDLJ08S_00037_SC_00452.jpeg,2021,정리 운동,1846,한국어,어깨/복부/엉덩관절 스트레칭(Trunk rotation stretch),20221011,어르신기 1주차 운동프로그램,1819.185,,mp4,0AUDLJ08S_00037.mp4,http://openapi.kspo.or.kr/web/image/0AUDLJ08S_00037/,209,동영상,,1주차
,http://openapi.kspo.or.kr/web/video/,어르신을 위한 주간 운동프로그램 중 1주차에 해당하는 표준운동프로그램,307572634,29.96,1076,1920*1080,어르신,54811,0AUDLJ08S_00037_SC_00454.jpeg,2021,정리 운동,1846,한국어,어깨/복부/엉덩관절 스트레칭(Trunk rotation stretch),20221011,어르신기 1주차 운동프로그램,1828.862,,mp4,0AUDLJ08S_00037.mp4,http://openapi.kspo.or.kr/web/image/0AUDLJ08S_00037/,210,동영상,,1주차
,http://openapi.kspo.or.kr/web/video/,어르신을 위한 주간 운동프로그램 중 2주차에 해당하는 표준운동프로그램,305735109,29.96,1077,1920*1080,어르신,90,0AUDLJ08S_00038_FR_00002.jpeg,2021,,1835,한국어,,20221023,어르신기 2주차 운동프로그램,3.003,,mp4,0AUDLJ08S_00038.mp4,http://openapi.kspo.or.kr/web/image/0AUDLJ08S_00038/,1,동영상,,2주차
,http://openapi.kspo.or.kr/web/video/,어르신을 위한 주간 운동프로그램 중 2주차에 해당하는 표준운동프로그램,305735109,29.96,1078,1920*1080,어르신,810,0AUDLJ08S_00038_FR_00010.jpeg,2021,준비 운동,1835,한국어,손목/발목 돌리기(Wrist and Ankle circumduction),20221023,어르신기 2주차 운동프로그램,27.027,,mp4,0AUDLJ08S_00038.mp4,http://openapi.kspo.or.kr/web/image/0AUDLJ08S_00038/,2,동영상,,2주차
,http://openapi.kspo.or.kr/web/video/,어르신을 위한 주간 운동프로그램 중 2주차에 해당하는 표준운동프로그램,305735109,29.96,1079,1920*1080,어르신,1509,0AUDLJ08S_00038_SC_00013.jpeg,2021,준비 운동,1835,한국어,손목/발목 돌리기(Wrist and Ankle circumduction),20221023,어르신기 2주차 운동프로그램,50.35,,mp4,0AUDLJ08S_00038.mp4,http://openapi.kspo.or.kr/web/image/0AUDLJ08S_00038/,3,동영상,,2주차
,http://openapi.kspo.or.kr/web/video/,어르신을 위한 주간 운동프로그램 중 2주차에 해당하는 표준운동프로그램,305735109,29.96,1080,1920*1080,어르신,2002,0AUDLJ08S_00038_SC_00016.jpeg,2021,준비 운동,1835,한국어,목 돌리기(Neck circumduction),20221023,어르신기 2주차 운동프로그램,66.8,,mp4,0AUDLJ08S_00038.mp4,http://openapi.kspo.or.kr/web/image/0AUDLJ08S_00038/,4,동영상,,2주차
,http://openapi.kspo.or.kr/web/video/,어르신을 위한 주간 운동프로그램 중 2주차에 해당하는 표준운동프로그램,305735109,29.96,1081,1920*1080,어르신,2234,0AUDLJ08S_00038_SC_00017.jpeg,2021,준비 운동,1835,한국어,목 돌리기(Neck circumduction),20221023,어르신기 2주차 운동프로그램,74.541,,mp4,0AUDLJ08S_00038.mp4,http://openapi.kspo.or.kr/web/image/0AUDLJ08S_00038/,5,동영상,,2주차
,http://openapi.kspo.or.kr/web/video/,어르신을 위한 주간 운동프로그램 중 2주차에 해당하는 표준운동프로그램,305735109,29.96,1082,1920*1080,어르신,2901,0AUDLJ08S_00038_SC_00022.jpeg,2021,준비 운동,1835,한국어,어깨 작게 돌리기(Shoulder circumduction),20221023,어르신기 2주차 운동프로그램,96.796,,mp4,0AUDLJ08S_00038.mp4,http://openapi.kspo.or.kr/web/image/0AUDLJ08S_00038/,6,동영상,,2주차
,http://openapi.kspo.or.kr/web/video/,어르신을 위한 주간 운동프로그램 중 2주차에 해당하는 표준운동프로그램,305735109,29.96,1083,1920*1080,어르신,3423,0AUDLJ08S_00038_SC_00025.jpeg,2021,준비 운동,1835,한국어,어깨 작게 돌리기(Shoulder circumduction),20221023,어르신기 2주차 운동프로그램,114.214,,mp4,0AUDLJ08S_00038.mp4,http://openapi.kspo.or.kr/web/image/0AUDLJ08S_00038/,7,동영상,,2주차
,http://openapi.kspo.or.kr/web/video/,어르신을 위한 주간 운동프로그램 중 2주차에 해당하는 표준운동프로그램,305735109,29.96,1084,1920*1080,어르신,4316,0AUDLJ08S_00038_FR_00049.jpeg,2021,준비 운동,1835,한국어,어깨 크게 돌리기(Wide shoulder circumduction),20221023,어르신기 2주차 운동프로그램,144.01,,mp4,0AUDLJ08S_00038.mp4,http://openapi.kspo.or.kr/web/image/0AUDLJ08S_00038/,8,동영상,,2주차
,http://openapi.kspo.or.kr/web/video/,어르신을 위한 주간 운동프로그램 중 2주차에 해당하는 표준운동프로그램,305735109,29.96,1085,1920*1080,어르신,4931,0AUDLJ08S_00038_SC_00033.jpeg,2021,준비 운동,1835,한국어,어깨 크게 돌리기(Wide shoulder circumduction),20221023,어르신기 2주차 운동프로그램,164.531,,mp4,0AUDLJ08S_00038.mp4,http://openapi.kspo.or.kr/web/image/0AUDLJ08S_00038/,9,동영상,,2주차
,http://openapi.kspo.or.kr/web/video/,어르신을 위한 주간 운동프로그램 중 2주차에 해당하는 표준운동프로그램,305735109,29.96,1086,1920*1080,어르신,5685,0AUDLJ08S_00038_SC_00040.jpeg,2021,준비 운동,1835,한국어,허리 돌리기(Waist circumduction),20221023,어르신기 2주차 운동프로그램,189.689,,mp4,0AUDLJ08S_00038.mp4,http://openapi.kspo.or.kr/web/image/0AUDLJ08S_00038/,10,동영상,,2주차
,http://openapi.kspo.or.kr/web/video/,어르신을 위한 주간 운동프로그램 중 2주차에 해당하는 표준운동프로그램,305735109,29.96,1087,1920*1080,어르신,5917,0AUDLJ08S_00038_SC_00042.jpeg,2021,준비 운동,1835,한국어,허리 돌리기(Waist circumduction),20221023,어르신기 2주차 운동프로그램,197.43,,mp4,0AUDLJ08S_00038.mp4,http://openapi.kspo.or.kr/web/image/0AUDLJ08S_00038/,11,동영상,,2주차
,http://openapi.kspo.or.kr/web/video/,어르신을 위한 주간 운동프로그램 중 2주차에 해당하는 표준운동프로그램,305735109,29.96,1088,1920*1080,어르신,6555,0AUDLJ08S_00038_SC_00047.jpeg,2021,준비 운동,1835,한국어,무릎 돌리기(Knee circumduction),20221023,어르신기 2주차 운동프로그램,218.718,,mp4,0AUDLJ08S_00038.mp4,http://openapi.kspo.or.kr/web/image/0AUDLJ08S_00038/,12,동영상,,2주차
,http://openapi.kspo.or.kr/web/video/,어르신을 위한 주간 운동프로그램 중 2주차에 해당하는 표준운동프로그램,305735109,29.96,1089,1920*1080,어르신,6816,0AUDLJ08S_00038_SC_00049.jpeg,2021,준비 운동,1835,한국어,무릎 돌리기(Knee circumduction),20221023,어르신기 2주차 운동프로그램,227.427,,mp4,0AUDLJ08S_00038.mp4,http://openapi.kspo.or.kr/web/image/0AUDLJ08S_00038/,13,동영상,,2주차
,http://openapi.kspo.or.kr/web/video/,어르신을 위한 주간 운동프로그램 중 2주차에 해당하는 표준운동프로그램,305735109,29.96,1090,1920*1080,어르신,7309,0AUDLJ08S_00038_SC_00055.jpeg,2021,준비 운동,1835,한국어,"허리 굽히기(Hamstring, Spine stretch)",20221023,어르신기 2주차 운동프로그램,243.877,10~10 초,mp4,0AUDLJ08S_00038.mp4,http://openapi.kspo.or.kr/web/image/0AUDLJ08S_00038/,14,동영상,,2주차
,http://openapi.kspo.or.kr/web/video/,어르신을 위한 주간 운동프로그램 중 2주차에 해당하는 표준운동프로그램,305735109,29.96,1091,1920*1080,어르신,7541,0AUDLJ08S_00038_SC_00057.jpeg,2021,준비 운동,1835,한국어,"허리 굽히기(Hamstring, Spine stretch)",20221023,어르신기 2주차 운동프로그램,251.618,,mp4,0AUDLJ08S_00038.mp4,http://openapi.kspo.or.kr/web/image/0AUDLJ08S_00038/,15,동영상,,2주차
,http://openapi.kspo.or.kr/web/video/,어르신을 위한 주간 운동프로그램 중 2주차에 해당하는 표준운동프로그램,305735109,29.96,1092,1920*1080,어르신,8034,0AUDLJ08S_00038_SC_00062.jpeg,2021,준비 운동,1835,한국어,허리 회전하기1(Trunk rotation stretch),20221023,어르신기 2주차 운동프로그램,268.068,,mp4,0AUDLJ08S_00038.mp4,http://openapi.kspo.or.kr/web/image/0AUDLJ08S_00038/,16,동영상,,2주차
,http://openapi.kspo.or.kr/web/video/,어르신을 위한 주간 운동프로그램 중 2주차에 해당하는 표준운동프로그램,305735109,29.96,1093,1920*1080,어르신,8295,0AUDLJ08S_00038_SC_00064.jpeg,2021,준비 운동,1835,한국어,허리 회전하기1(Trunk rotation stretch),20221023,어르신기 2주차 운동프로그램,276.776,5~5 초,mp4,0AUDLJ08S_00038.mp4,http://openapi.kspo.or.kr/web/image/0AUDLJ08S_00038/,17,동영상,,2주차
,http://openapi.kspo.or.kr/web/video/,어르신을 위한 주간 운동프로그램 중 2주차에 해당하는 표준운동프로그램,305735109,29.96,1094,1920*1080,어르신,8411,0AUDLJ08S_00038_SC_00065.jpeg,2021,준비 운동,1835,한국어,허리 회전하기1(Trunk rotation stretch),20221023,어르신기 2주차 운동프로그램,280.647,,mp4,0AUDLJ08S_00038.mp4,http://openapi.kspo.or.kr/web/image/0AUDLJ08S_00038/,18,동영상,,2주차
,http://openapi.kspo.or.kr/web/video/,어르신을 위한 주간 운동프로그램 중 2주차에 해당하는 표준운동프로그램,305735109,29.96,1095,1920*1080,어르신,9339,0AUDLJ08S_00038_SC_00071.jpeg,2021,준비 운동,1835,한국어,허리 회전하기2(Trunk rotation stretch),20221023,어르신기 2주차 운동프로그램,311.611,,mp4,0AUDLJ08S_00038.mp4,http://openapi.kspo.or.kr/web/image/0AUDLJ08S_00038/,19,동영상,,2주차
,http://openapi.kspo.or.kr/web/video/,어르신을 위한 주간 운동프로그램 중 2주차에 해당하는 표준운동프로그램,305735109,29.96,1096,1920*1080,어르신,9455,0AUDLJ08S_00038_SC_00072.jpeg,2021,준비 운동,1835,한국어,허리 회전하기2(Trunk rotation stretch),20221023,어르신기 2주차 운동프로그램,315.482,5~5 초,mp4,0AUDLJ08S_00038.mp4,http://openapi.kspo.or.kr/web/image/0AUDLJ08S_00038/,20,동영상,,2주차
,http://openapi.kspo.or.kr/web/video/,어르신을 위한 주간 운동프로그램 중 2주차에 해당하는 표준운동프로그램,305735109,29.96,1097,1920*1080,어르신,9571,0AUDLJ08S_00038_SC_00073.jpeg,2021,준비 운동,1835,한국어,허리 회전하기2(Trunk rotation stretch),20221023,어르신기 2주차 운동프로그램,319.352,,mp4,0AUDLJ08S_00038.mp4,http://openapi.kspo.or.kr/web/image/0AUDLJ08S_00038/,21,동영상,,2주차
,http://openapi.kspo.or.kr/web/video/,어르신을 위한 주간 운동프로그램 중 2주차에 해당하는 표준운동프로그램,305735109,29.96,1098,1920*1080,어르신,10035,0AUDLJ08S_00038_SC_00076.jpeg,2021,준비 운동,1835,한국어,옆구리 늘리기(Side bending stretch),20221023,어르신기 2주차 운동프로그램,334.834,,mp4,0AUDLJ08S_00038.mp4,http://openapi.kspo.or.kr/web/image/0AUDLJ08S_00038/,22,동영상,,2주차
,http://openapi.kspo.or.kr/web/video/,어르신을 위한 주간 운동프로그램 중 2주차에 해당하는 표준운동프로그램,305735109,29.96,1099,1920*1080,어르신,10151,0AUDLJ08S_00038_SC_00077.jpeg,2021,준비 운동,1835,한국어,옆구리 늘리기(Side bending stretch),20221023,어르신기 2주차 운동프로그램,338.705,5~5 초,mp4,0AUDLJ08S_00038.mp4,http://openapi.kspo.or.kr/web/image/0AUDLJ08S_00038/,23,동영상,,2주차
,http://openapi.kspo.or.kr/web/video/,어르신을 위한 주간 운동프로그램 중 2주차에 해당하는 표준운동프로그램,305735109,29.96,1100,1920*1080,어르신,10412,0AUDLJ08S_00038_SC_00079.jpeg,2021,준비 운동,1835,한국어,옆구리 늘리기(Side bending stretch),20221023,어르신기 2주차 운동프로그램,347.414,,mp4,0AUDLJ08S_00038.mp4,http://openapi.kspo.or.kr/web/image/0AUDLJ08S_00038/,24,동영상,,2주차
,http://openapi.kspo.or.kr/web/video/,어르신을 위한 주간 운동프로그램 중 2주차에 해당하는 표준운동프로그램,305735109,29.96,1101,1920*1080,어르신,10818,0AUDLJ08S_00038_SC_00082.jpeg,2021,준비 운동,1835,한국어,"허리 크게 돌리기(Hamstring, Spine stretch)",20221023,어르신기 2주차 운동프로그램,360.96,,mp4,0AUDLJ08S_00038.mp4,http://openapi.kspo.or.kr/web/image/0AUDLJ08S_00038/,25,동영상,,2주차
3~5,http://openapi.kspo.or.kr/web/video/,어르신을 위한 주간 운동프로그램 중 2주차에 해당하는 표준운동프로그램,305735109,29.96,1102,1920*1080,어르신,11195,0AUDLJ08S_00038_SC_00086.jpeg,2021,준비 운동,1835,한국어,"허리 크게 돌리기(Hamstring, Spine stretch)",20221023,어르신기 2주차 운동프로그램,373.54,,mp4,0AUDLJ08S_00038.mp4,http://openapi.kspo.or.kr/web/image/0AUDLJ08S_00038/,26,동영상,,2주차
,http://openapi.kspo.or.kr/web/video/,어르신을 위한 주간 운동프로그램 중 2주차에 해당하는 표준운동프로그램,305735109,29.96,1103,1920*1080,어르신,11572,0AUDLJ08S_00038_SC_00089.jpeg,2021,준비 운동,1835,한국어,"허리 크게 돌리기(Hamstring, Spine stretch)",20221023,어르신기 2주차 운동프로그램,386.119,,mp4,0AUDLJ08S_00038.mp4,http://openapi.kspo.or.kr/web/image/0AUDLJ08S_00038/,27,동영상,,2주차
10~10,http://openapi.kspo.or.kr/web/video/,어르신을 위한 주간 운동프로그램 중 2주차에 해당하는 표준운동프로그램,305735109,29.96,1104,1920*1080,어르신,12500,0AUDLJ08S_00038_SC_00098.jpeg,2021,준비 운동,1835,한국어,제자리 걷기(Walking),20221023,어르신기 2주차 운동프로그램,417.083,,mp4,0AUDLJ08S_00038.mp4,http://openapi.kspo.or.kr/web/image/0AUDLJ08S_00038/,29,동영상,,2주차
,http://openapi.kspo.or.kr/web/video/,어르신을 위한 주간 운동프로그램 중 2주차에 해당하는 표준운동프로그램,305735109,29.96,1105,1920*1080,어르신,12674,0AUDLJ08S_00038_SC_00101.jpeg,2021,준비 운동,1835,한국어,제자리 걷기(Walking),20221023,어르신기 2주차 운동프로그램,422.889,,mp4,0AUDLJ08S_00038.mp4,http://openapi.kspo.or.kr/web/image/0AUDLJ08S_00038/,30,동영상,,2주차
,http://openapi.kspo.or.kr/web/video/,어르신을 위한 주간 운동프로그램 중 2주차에 해당하는 표준운동프로그램,305735109,29.96,1106,1920*1080,어르신,13127,0AUDLJ08S_00038_FR_00147.jpeg,2021,준비 운동,1835,한국어,제기차기(Deep lateral rotators stretch),20221023,어르신기 2주차 운동프로그램,438.004,,mp4,0AUDLJ08S_00038.mp4,http://openapi.kspo.or.kr/web/image/0AUDLJ08S_00038/,31,동영상,,2주차
10~10,http://openapi.kspo.or.kr/web/video/,어르신을 위한 주간 운동프로그램 중 2주차에 해당하는 표준운동프로그램,305735109,29.96,1107,1920*1080,어르신,13217,0AUDLJ08S_00038_FR_00148.jpeg,2021,준비 운동,1835,한국어,제기차기(Deep lateral rotators stretch),20221023,어르신기 2주차 운동프로그램,441.007,,mp4,0AUDLJ08S_00038.mp4,http://openapi.kspo.or.kr/web/image/0AUDLJ08S_00038/,32,동영상,,2주차
,http://openapi.kspo.or.kr/web/video/,어르신을 위한 주간 운동프로그램 중 2주차에 해당하는 표준운동프로그램,305735109,29.96,1108,1920*1080,어르신,13573,0AUDLJ08S_00038_SC_00112.jpeg,2021,준비 운동,1835,한국어,제기차기(Deep lateral rotators stretch),20221023,어르신기 2주차 운동프로그램,452.886,,mp4,0AUDLJ08S_00038.mp4,http://openapi.kspo.or.kr/web/image/0AUDLJ08S_00038/,33,동영상,,2주차
,http://openapi.kspo.or.kr/web/video/,어르신을 위한 주간 운동프로그램 중 2주차에 해당하는 표준운동프로그램,305735109,29.96,1109,1920*1080,어르신,13847,0AUDLJ08S_00038_FR_00155.jpeg,2021,준비 운동,1835,한국어,다리 옆으로 들기(Adductor stretch),20221023,어르신기 2주차 운동프로그램,462.028,,mp4,0AUDLJ08S_00038.mp4,http://openapi.kspo.or.kr/web/image/0AUDLJ08S_00038/,34,동영상,,2주차
10~10,http://openapi.kspo.or.kr/web/video/,어르신을 위한 주간 운동프로그램 중 2주차에 해당하는 표준운동프로그램,305735109,29.96,1110,1920*1080,어르신,13950,0AUDLJ08S_00038_SC_00113.jpeg,2021,준비 운동,1835,한국어,다리 옆으로 들기(Adductor stretch),20221023,어르신기 2주차 운동프로그램,465.465,,mp4,0AUDLJ08S_00038.mp4,http://openapi.kspo.or.kr/web/image/0AUDLJ08S_00038/,35,동영상,,2주차
,http://openapi.kspo.or.kr/web/video/,어르신을 위한 주간 운동프로그램 중 2주차에 해당하는 표준운동프로그램,305735109,29.96,1111,1920*1080,어르신,14298,0AUDLJ08S_00038_SC_00118.jpeg,2021,준비 운동,1835,한국어,다리 옆으로 들기(Adductor stretch),20221023,어르신기 2주차 운동프로그램,477.077,,mp4,0AUDLJ08S_00038.mp4,http://openapi.kspo.or.kr/web/image/0AUDLJ08S_00038/,36,동영상,,2주차
,http://openapi.kspo.or.kr/web/video/,어르신을 위한 주간 운동프로그램 중 2주차에 해당하는 표준운동프로그램,305735109,29.96,1112,1920*1080,어르신,14907,0AUDLJ08S_00038_SC_00125.jpeg,2021,준비 운동,1835,한국어,다리 뒤로 들기(Abdominals stretch),20221023,어르신기 2주차 운동프로그램,497.397,,mp4,0AUDLJ08S_00038.mp4,http://openapi.kspo.or.kr/web/image/0AUDLJ08S_00038/,37,동영상,,2주차
10~10,http://openapi.kspo.or.kr/web/video/,어르신을 위한 주간 운동프로그램 중 2주차에 해당하는 표준운동프로그램,305735109,29.96,1113,1920*1080,어르신,15110,0AUDLJ08S_00038_SC_00126.jpeg,2021,준비 운동,1835,한국어,다리 뒤로 들기(Abdominals stretch),20221023,어르신기 2주차 운동프로그램,504.17,,mp4,0AUDLJ08S_00038.mp4,http://openapi.kspo.or.kr/web/image/0AUDLJ08S_00038/,38,동영상,,2주차
,http://openapi.kspo.or.kr/web/video/,어르신을 위한 주간 운동프로그램 중 2주차에 해당하는 표준운동프로그램,305735109,29.96,1114,1920*1080,어르신,15400,0AUDLJ08S_00038_SC_00128.jpeg,2021,준비 운동,1835,한국어,다리 뒤로 들기(Abdominals stretch),20221023,어르신기 2주차 운동프로그램,513.847,,mp4,0AUDLJ08S_00038.mp4,http://openapi.kspo.or.kr/web/image/0AUDLJ08S_00038/,39,동영상,,2주차
,http://openapi.kspo.or.kr/web/video/,어르신을 위한 주간 운동프로그램 중 2주차에 해당하는 표준운동프로그램,305735109,29.96,1115,1920*1080,어르신,16154,0AUDLJ08S_00038_SC_00133.jpeg,2021,준비 운동,1835,한국어,팔꿈치 굽히고 등 당기기/제자리 걷기(Row/Knee up),20221023,어르신기 2주차 운동프로그램,539.005,,mp4,0AUDLJ08S_00038.mp4,http://openapi.kspo.or.kr/web/image/0AUDLJ08S_00038/,40,동영상,,2주차
10~10,http://openapi.kspo.or.kr/web/video/,어르신을 위한 주간 운동프로그램 중 2주차에 해당하는 표준운동프로그램,305735109,29.96,1116,1920*1080,어르신,16299,0AUDLJ08S_00038_SC_00134.jpeg,2021,준비 운동,1835,한국어,팔꿈치 굽히고 등 당기기/제자리 걷기(Row/Knee up),20221023,어르신기 2주차 운동프로그램,543.843,,mp4,0AUDLJ08S_00038.mp4,http://openapi.kspo.or.kr/web/image/0AUDLJ08S_00038/,41,동영상,,2주차
,http://openapi.kspo.or.kr/web/video/,어르신을 위한 주간 운동프로그램 중 2주차에 해당하는 표준운동프로그램,305735109,29.96,1117,1920*1080,어르신,16676,0AUDLJ08S_00038_SC_00137.jpeg,2021,준비 운동,1835,한국어,팔꿈치 굽히고 등 당기기/제자리 걷기(Row/Knee up),20221023,어르신기 2주차 운동프로그램,556.423,,mp4,0AUDLJ08S_00038.mp4,http://openapi.kspo.or.kr/web/image/0AUDLJ08S_00038/,42,동영상,,2주차
,http://openapi.kspo.or.kr/web/video/,어르신을 위한 주간 운동프로그램 중 2주차에 해당하는 표준운동프로그램,305735109,29.96,1118,1920*1080,어르신,17227,0AUDLJ08S_00038_SC_00141.jpeg,2021,준비 운동,1835,한국어,팔꿈치 펴고 등 당기기/제자리 걷기(Row/Knee up),20221023,어르신기 2주차 운동프로그램,574.808,,mp4,0AUDLJ08S_00038.mp4,http://openapi.kspo.or.kr/web/image/0AUDLJ08S_00038/,43,동영상,,2주차
10~10,http://openapi.kspo.or.kr/web/video/,어르신을 위한 주간 운동프로그램 중 2주차에 해당하는 표준운동프로그램,305735109,29.96,1119,1920*1080,어르신,17401,0AUDLJ08S_00038_SC_00142.jpeg,2021,준비 운동,1835,한국어,팔꿈치 펴고 등 당기기/제자리 걷기(Row/Knee up),20221023,어르신기 2주차 운동프로그램,580.613,,mp4,0AUDLJ08S_00038.mp4,http://openapi.kspo.or.kr/web/image/0AUDLJ08S_00038/,44,동영상,,2주차
,http://openapi.kspo.or.kr/web/video/,어르신을 위한 주간 운동프로그램 중 2주차에 해당하는 표준운동프로그램,305735109,29.96,1120,1920*1080,어르신,17778,0AUDLJ08S_00038_SC_00145.jpeg,2021,준비 운동,1835,한국어,팔꿈치 펴고 등 당기기/제자리 걷기(Row/Knee up),20221023,어르신기 2주차 운동프로그램,593.193,,mp4,0AUDLJ08S_00038.mp4,http://openapi.kspo.or.kr/web/image/0AUDLJ08S_00038/,45,동영상,,2주차
,http://openapi.kspo.or.kr/web/video/,어르신을 위한 주간 운동프로그램 중 2주차에 해당하는 표준운동프로그램,305735109,29.96,1121,1920*1080,어르신,18735,0AUDLJ08S_00038_SC_00152.jpeg,2021,준비 운동,1835,한국어,팔꿈치 굽히고 어깨 당기기/제자리 걷기(Row/Knee up),20221023,어르신기 2주차 운동프로그램,625.125,,mp4,0AUDLJ08S_00038.mp4,http://openapi.kspo.or.kr/web/image/0AUDLJ08S_00038/,46,동영상,,2주차
10~10,http://openapi.kspo.or.kr/web/video/,어르신을 위한 주간 운동프로그램 중 2주차에 해당하는 표준운동프로그램,305735109,29.96,1122,1920*1080,어르신,18880,0AUDLJ08S_00038_SC_00153.jpeg,2021,준비 운동,1835,한국어,팔꿈치 굽히고 어깨 당기기/제자리 걷기(Row/Knee up),20221023,어르신기 2주차 운동프로그램,629.963,,mp4,0AUDLJ08S_00038.mp4,http://openapi.kspo.or.kr/web/image/0AUDLJ08S_00038/,47,동영상,,2주차
,http://openapi.kspo.or.kr/web/video/,어르신을 위한 주간 운동프로그램 중 2주차에 해당하는 표준운동프로그램,305735109,29.96,1123,1920*1080,어르신,19315,0AUDLJ08S_00038_SC_00156.jpeg,2021,준비 운동,1835,한국어,팔꿈치 굽히고 어깨 당기기/제자리 걷기(Row/Knee up),20221023,어르신기 2주차 운동프로그램,644.477,,mp4,0AUDLJ08S_00038.mp4,http://openapi.kspo.or.kr/web/image/0AUDLJ08S_00038/,48,동영상,,2주차
,http://openapi.kspo.or.kr/web/video/,어르신을 위한 주간 운동프로그램 중 2주차에 해당하는 표준운동프로그램,305735109,29.96,1124,1920*1080,어르신,20069,0AUDLJ08S_00038_SC_00161.jpeg,2021,준비 운동,1835,한국어,팔꿈치 펴고 어깨 당기기/제자리 걷기(Row/Knee up),20221023,어르신기 2주차 운동프로그램,669.636,,mp4,0AUDLJ08S_00038.mp4,http://openapi.kspo.or.kr/web/image/0AUDLJ08S_00038/,49,동영상,,2주차
10~10,http://openapi.kspo.or.kr/web/video/,어르신을 위한 주간 운동프로그램 중 2주차에 해당하는 표준운동프로그램,305735109,29.96,1125,1920*1080,어르신,20272,0AUDLJ08S_00038_SC_00162.jpeg,2021,준비 운동,1835,한국어,팔꿈치 펴고 어깨 당기기/제자리 걷기(Row/Knee up),20221023,어르신기 2주차 운동프로그램,676.409,,mp4,0AUDLJ08S_00038.mp4,http://openapi.kspo.or.kr/web/image/0AUDLJ08S_00038/,50,동영상,,2주차
,http://openapi.kspo.or.kr/web/video/,어르신을 위한 주간 운동프로그램 중 2주차에 해당하는 표준운동프로그램,305735109,29.96,1126,1920*1080,어르신,20591,0AUDLJ08S_00038_SC_00164.jpeg,2021,준비 운동,1835,한국어,팔꿈치 펴고 어깨 당기기/제자리 걷기(Row/Knee up),20221023,어르신기 2주차 운동프로그램,687.053,,mp4,0AUDLJ08S_00038.mp4,http://openapi.kspo.or.kr/web/image/0AUDLJ08S_00038/,51,동영상,,2주차
,http://openapi.kspo.or.kr/web/video/,어르신을 위한 주간 운동프로그램 중 2주차에 해당하는 표준운동프로그램,305735109,29.96,1127,1920*1080,어르신,21809,0AUDLJ08S_00038_SC_00173.jpeg,2021,본 운동,1835,한국어,좌우 걷기(Side walk),20221023,어르신기 2주차 운동프로그램,727.694,,mp4,0AUDLJ08S_00038.mp4,http://openapi.kspo.or.kr/web/image/0AUDLJ08S_00038/,52,동영상,,2주차
,http://openapi.kspo.or.kr/web/video/,어르신을 위한 주간 운동프로그램 중 2주차에 해당하는 표준운동프로그램,305735109,29.96,1128,1920*1080,어르신,21896,0AUDLJ08S_00038_SC_00175.jpeg,2021,본 운동,1835,한국어,좌우 걷기(Side walk),20221023,어르신기 2주차 운동프로그램,730.597,,mp4,0AUDLJ08S_00038.mp4,http://openapi.kspo.or.kr/web/image/0AUDLJ08S_00038/,53,동영상,,2주차
,http://openapi.kspo.or.kr/web/video/,어르신을 위한 주간 운동프로그램 중 2주차에 해당하는 표준운동프로그램,305735109,29.96,1129,1920*1080,어르신,22505,0AUDLJ08S_00038_SC_00181.jpeg,2021,본 운동,1835,한국어,무릎 가슴대고 팔 굽혀 펴기(Push up),20221023,어르신기 2주차 운동프로그램,750.917,,mp4,0AUDLJ08S_00038.mp4,http://openapi.kspo.or.kr/web/image/0AUDLJ08S_00038/,54,동영상,,2주차
,http://openapi.kspo.or.kr/web/video/,어르신을 위한 주간 운동프로그램 중 2주차에 해당하는 표준운동프로그램,305735109,29.96,1130,1920*1080,어르신,22853,0AUDLJ08S_00038_SC_00183.jpeg,2021,본 운동,1835,한국어,무릎 가슴대고 팔 굽혀 펴기(Push up),20221023,어르신기 2주차 운동프로그램,762.529,,mp4,0AUDLJ08S_00038.mp4,http://openapi.kspo.or.kr/web/image/0AUDLJ08S_00038/,55,동영상,,2주차
,http://openapi.kspo.or.kr/web/video/,어르신을 위한 주간 운동프로그램 중 2주차에 해당하는 표준운동프로그램,305735109,29.96,1131,1920*1080,어르신,22998,0AUDLJ08S_00038_SC_00184.jpeg,2021,본 운동,1835,한국어,무릎 가슴대고 팔 굽혀 펴기(Push up),20221023,어르신기 2주차 운동프로그램,767.367,,mp4,0AUDLJ08S_00038.mp4,http://openapi.kspo.or.kr/web/image/0AUDLJ08S_00038/,56,동영상,,2주차
,http://openapi.kspo.or.kr/web/video/,어르신을 위한 주간 운동프로그램 중 2주차에 해당하는 표준운동프로그램,305735109,29.96,1132,1920*1080,어르신,23491,0AUDLJ08S_00038_SC_00189.jpeg,2021,본 운동,1835,한국어,옆으로 누워서 다리 올리기(Lateral SLR),20221023,어르신기 2주차 운동프로그램,783.817,,mp4,0AUDLJ08S_00038.mp4,http://openapi.kspo.or.kr/web/image/0AUDLJ08S_00038/,57,동영상,,2주차
,http://openapi.kspo.or.kr/web/video/,어르신을 위한 주간 운동프로그램 중 2주차에 해당하는 표준운동프로그램,305735109,29.96,1133,1920*1080,어르신,23839,0AUDLJ08S_00038_SC_00191.jpeg,2021,본 운동,1835,한국어,옆으로 누워서 다리 올리기(Lateral SLR),20221023,어르신기 2주차 운동프로그램,795.428,,mp4,0AUDLJ08S_00038.mp4,http://openapi.kspo.or.kr/web/image/0AUDLJ08S_00038/,58,동영상,,2주차
,http://openapi.kspo.or.kr/web/video/,어르신을 위한 주간 운동프로그램 중 2주차에 해당하는 표준운동프로그램,305735109,29.96,1134,1920*1080,어르신,24187,0AUDLJ08S_00038_SC_00193.jpeg,2021,본 운동,1835,한국어,옆으로 누워서 다리 올리기(Lateral SLR),20221023,어르신기 2주차 운동프로그램,807.04,,mp4,0AUDLJ08S_00038.mp4,http://openapi.kspo.or.kr/web/image/0AUDLJ08S_00038/,59,동영상,,2주차
,http://openapi.kspo.or.kr/web/video/,어르신을 위한 주간 운동프로그램 중 2주차에 해당하는 표준운동프로그램,305735109,29.96,1135,1920*1080,어르신,24564,0AUDLJ08S_00038_SC_00197.jpeg,2021,본 운동,1835,한국어,"엎드려 팔,다리 뻗기(Bird dog)",20221023,어르신기 2주차 운동프로그램,819.619,,mp4,0AUDLJ08S_00038.mp4,http://openapi.kspo.or.kr/web/image/0AUDLJ08S_00038/,60,동영상,,2주차
,http://openapi.kspo.or.kr/web/video/,어르신을 위한 주간 운동프로그램 중 2주차에 해당하는 표준운동프로그램,305735109,29.96,1136,1920*1080,어르신,24970,0AUDLJ08S_00038_SC_00198.jpeg,2021,본 운동,1835,한국어,"엎드려 팔,다리 뻗기(Bird dog)",20221023,어르신기 2주차 운동프로그램,833.166,,mp4,0AUDLJ08S_00038.mp4,http://openapi.kspo.or.kr/web/image/0AUDLJ08S_00038/,61,동영상,,2주차
,http://openapi.kspo.or.kr/web/video/,어르신을 위한 주간 운동프로그램 중 2주차에 해당하는 표준운동프로그램,305735109,29.96,1137,1920*1080,어르신,25144,0AUDLJ08S_00038_SC_00201.jpeg,2021,본 운동,1835,한국어,"엎드려 팔,다리 뻗기(Bird dog)",20221023,어르신기 2주차 운동프로그램,838.972,,mp4,0AUDLJ08S_00038.mp4,http://openapi.kspo.or.kr/web/image/0AUDLJ08S_00038/,62,동영상,,2주차
,http://openapi.kspo.or.kr/web/video/,어르신을 위한 주간 운동프로그램 중 2주차에 해당하는 표준운동프로그램,305735109,29.96,1138,1920*1080,어르신,25984,0AUDLJ08S_00038_FR_00290.jpeg,2021,본 운동,1835,한국어,팔 벌려 좌우 걷기(Walking jack),20221023,어르신기 2주차 운동프로그램,867,,mp4,0AUDLJ08S_00038.mp4,http://openapi.kspo.or.kr/web/image/0AUDLJ08S_00038/,63,동영상,,2주차
,http://openapi.kspo.or.kr/web/video/,어르신을 위한 주간 운동프로그램 중 2주차에 해당하는 표준운동프로그램,305735109,29.96,1139,1920*1080,어르신,26275,0AUDLJ08S_00038_SC_00213.jpeg,2021,본 운동,1835,한국어,팔 벌려 좌우 걷기(Walking jack),20221023,어르신기 2주차 운동프로그램,876.71,,mp4,0AUDLJ08S_00038.mp4,http://openapi.kspo.or.kr/web/image/0AUDLJ08S_00038/,64,동영상,,2주차
,http://openapi.kspo.or.kr/web/video/,어르신을 위한 주간 운동프로그램 중 2주차에 해당하는 표준운동프로그램,305735109,29.96,1140,1920*1080,어르신,26524,0AUDLJ08S_00038_FR_00296.jpeg,2021,본 운동,1835,한국어,허리 숙였다 펴기(Good morning),20221023,어르신기 2주차 운동프로그램,885.018,,mp4,0AUDLJ08S_00038.mp4,http://openapi.kspo.or.kr/web/image/0AUDLJ08S_00038/,65,동영상,,2주차
,http://openapi.kspo.or.kr/web/video/,어르신을 위한 주간 운동프로그램 중 2주차에 해당하는 표준운동프로그램,305735109,29.96,1141,1920*1080,어르신,26710,0AUDLJ08S_00038_SC_00214.jpeg,2021,본 운동,1835,한국어,허리 숙였다 펴기(Good morning),20221023,어르신기 2주차 운동프로그램,891.224,,mp4,0AUDLJ08S_00038.mp4,http://openapi.kspo.or.kr/web/image/0AUDLJ08S_00038/,66,동영상,,2주차
,http://openapi.kspo.or.kr/web/video/,어르신을 위한 주간 운동프로그램 중 2주차에 해당하는 표준운동프로그램,305735109,29.96,1142,1920*1080,어르신,27058,0AUDLJ08S_00038_SC_00216.jpeg,2021,본 운동,1835,한국어,허리 숙였다 펴기(Good morning),20221023,어르신기 2주차 운동프로그램,902.836,,mp4,0AUDLJ08S_00038.mp4,http://openapi.kspo.or.kr/web/image/0AUDLJ08S_00038/,67,동영상,,2주차
,http://openapi.kspo.or.kr/web/video/,어르신을 위한 주간 운동프로그램 중 2주차에 해당하는 표준운동프로그램,305735109,29.96,1143,1920*1080,어르신,27603,0AUDLJ08S_00038_FR_00308.jpeg,2021,본 운동,1835,한국어,앉았다 일어서기(Squat),20221024,어르신기 2주차 운동프로그램,921.021,,mp4,0AUDLJ08S_00038.mp4,http://openapi.kspo.or.kr/web/image/0AUDLJ08S_00038/,68,동영상,,2주차
,http://openapi.kspo.or.kr/web/video/,어르신을 위한 주간 운동프로그램 중 2주차에 해당하는 표준운동프로그램,305735109,29.96,1144,1920*1080,어르신,27841,0AUDLJ08S_00038_SC_00219.jpeg,2021,본 운동,1835,한국어,앉았다 일어서기(Squat),20221024,어르신기 2주차 운동프로그램,928.962,,mp4,0AUDLJ08S_00038.mp4,http://openapi.kspo.or.kr/web/image/0AUDLJ08S_00038/,69,동영상,,2주차
,http://openapi.kspo.or.kr/web/video/,어르신을 위한 주간 운동프로그램 중 2주차에 해당하는 표준운동프로그램,305735109,29.96,1145,1920*1080,어르신,28102,0AUDLJ08S_00038_SC_00222.jpeg,2021,본 운동,1835,한국어,앉았다 일어서기(Squat),20221024,어르신기 2주차 운동프로그램,937.671,,mp4,0AUDLJ08S_00038.mp4,http://openapi.kspo.or.kr/web/image/0AUDLJ08S_00038/,70,동영상,,2주차
,http://openapi.kspo.or.kr/web/video/,어르신을 위한 주간 운동프로그램 중 2주차에 해당하는 표준운동프로그램,305735109,29.96,1146,1920*1080,어르신,29001,0AUDLJ08S_00038_SC_00229.jpeg,2021,본 운동,1835,한국어,무릎대고 몸통 버티기(Plank),20221024,어르신기 2주차 운동프로그램,967.667,,mp4,0AUDLJ08S_00038.mp4,http://openapi.kspo.or.kr/web/image/0AUDLJ08S_00038/,71,동영상,,2주차
,http://openapi.kspo.or.kr/web/video/,어르신을 위한 주간 운동프로그램 중 2주차에 해당하는 표준운동프로그램,305735109,29.96,1147,1920*1080,어르신,29233,0AUDLJ08S_00038_SC_00232.jpeg,2021,본 운동,1835,한국어,무릎대고 몸통 버티기(Plank),20221024,어르신기 2주차 운동프로그램,975.408,,mp4,0AUDLJ08S_00038.mp4,http://openapi.kspo.or.kr/web/image/0AUDLJ08S_00038/,72,동영상,,2주차
,http://openapi.kspo.or.kr/web/video/,어르신을 위한 주간 운동프로그램 중 2주차에 해당하는 표준운동프로그램,305735109,29.96,1148,1920*1080,어르신,30210,0AUDLJ08S_00038_FR_00337.jpeg,2021,본 운동,1835,한국어,좌우 걸으며 발바닥 치기(Backward walking jack),20221024,어르신기 2주차 운동프로그램,1008.008,,mp4,0AUDLJ08S_00038.mp4,http://openapi.kspo.or.kr/web/image/0AUDLJ08S_00038/,73,동영상,,2주차
,http://openapi.kspo.or.kr/web/video/,어르신을 위한 주간 운동프로그램 중 2주차에 해당하는 표준운동프로그램,305735109,29.96,1149,1920*1080,어르신,30335,0AUDLJ08S_00038_SC_00244.jpeg,2021,본 운동,1835,한국어,좌우 걸으며 발바닥 치기(Backward walking jack),20221024,어르신기 2주차 운동프로그램,1012.178,,mp4,0AUDLJ08S_00038.mp4,http://openapi.kspo.or.kr/web/image/0AUDLJ08S_00038/,74,동영상,,2주차
,http://openapi.kspo.or.kr/web/video/,어르신을 위한 주간 운동프로그램 중 2주차에 해당하는 표준운동프로그램,305735109,29.96,1150,1920*1080,어르신,30538,0AUDLJ08S_00038_SC_00247.jpeg,2021,본 운동,1835,한국어,좌우 걸으며 발바닥 치기(Backward walking jack),20221024,어르신기 2주차 운동프로그램,1018.952,,mp4,0AUDLJ08S_00038.mp4,http://openapi.kspo.or.kr/web/image/0AUDLJ08S_00038/,75,동영상,,2주차
,http://openapi.kspo.or.kr/web/video/,어르신을 위한 주간 운동프로그램 중 2주차에 해당하는 표준운동프로그램,305735109,29.96,1151,1920*1080,어르신,31289,0AUDLJ08S_00038_FR_00349.jpeg,2021,본 운동,1835,한국어,팔꿈치 굽히기(Standing biceps curl),20221024,어르신기 2주차 운동프로그램,1044.01,,mp4,0AUDLJ08S_00038.mp4,http://openapi.kspo.or.kr/web/image/0AUDLJ08S_00038/,76,동영상,,2주차
,http://openapi.kspo.or.kr/web/video/,어르신을 위한 주간 운동프로그램 중 2주차에 해당하는 표준운동프로그램,305735109,29.96,1152,1920*1080,어르신,31437,0AUDLJ08S_00038_SC_00252.jpeg,2021,본 운동,1835,한국어,팔꿈치 굽히기(Standing biceps curl),20221024,어르신기 2주차 운동프로그램,1048.948,,mp4,0AUDLJ08S_00038.mp4,http://openapi.kspo.or.kr/web/image/0AUDLJ08S_00038/,77,동영상,,2주차
,http://openapi.kspo.or.kr/web/video/,어르신을 위한 주간 운동프로그램 중 2주차에 해당하는 표준운동프로그램,305735109,29.96,1153,1920*1080,어르신,31559,0AUDLJ08S_00038_FR_00352.jpeg,2021,본 운동,1835,한국어,팔꿈치 굽히기(Standing biceps curl),20221024,어르신기 2주차 운동프로그램,1053.019,,mp4,0AUDLJ08S_00038.mp4,http://openapi.kspo.or.kr/web/image/0AUDLJ08S_00038/,78,동영상,,2주차
,http://openapi.kspo.or.kr/web/video/,어르신을 위한 주간 운동프로그램 중 2주차에 해당하는 표준운동프로그램,305735109,29.96,1154,1920*1080,어르신,31843,0AUDLJ08S_00038_SC_00256.jpeg,2021,본 운동,1835,한국어,팔꿈치 굽히기(Standing biceps curl),20221024,어르신기 2주차 운동프로그램,1062.495,,mp4,0AUDLJ08S_00038.mp4,http://openapi.kspo.or.kr/web/image/0AUDLJ08S_00038/,79,동영상,,2주차
,http://openapi.kspo.or.kr/web/video/,어르신을 위한 주간 운동프로그램 중 2주차에 해당하는 표준운동프로그램,305735109,29.96,1155,1920*1080,어르신,32568,0AUDLJ08S_00038_SC_00261.jpeg,2021,본 운동,1835,한국어,무릎 올려 버티기(Knee up),20221024,어르신기 2주차 운동프로그램,1086.686,,mp4,0AUDLJ08S_00038.mp4,http://openapi.kspo.or.kr/web/image/0AUDLJ08S_00038/,80,동영상,,2주차
,http://openapi.kspo.or.kr/web/video/,어르신을 위한 주간 운동프로그램 중 2주차에 해당하는 표준운동프로그램,305735109,29.96,1156,1920*1080,어르신,32597,0AUDLJ08S_00038_SC_00262.jpeg,2021,본 운동,1835,한국어,무릎 올려 버티기(Knee up),20221024,어르신기 2주차 운동프로그램,1087.654,,mp4,0AUDLJ08S_00038.mp4,http://openapi.kspo.or.kr/web/image/0AUDLJ08S_00038/,81,동영상,,2주차
,http://openapi.kspo.or.kr/web/video/,어르신을 위한 주간 운동프로그램 중 2주차에 해당하는 표준운동프로그램,305735109,29.96,1157,1920*1080,어르신,33032,0AUDLJ08S_00038_SC_00265.jpeg,2021,본 운동,1835,한국어,무릎 올려 버티기(Knee up),20221024,어르신기 2주차 운동프로그램,1102.168,,mp4,0AUDLJ08S_00038.mp4,http://openapi.kspo.or.kr/web/image/0AUDLJ08S_00038/,82,동영상,,2주차
,http://openapi.kspo.or.kr/web/video/,어르신을 위한 주간 운동프로그램 중 2주차에 해당하는 표준운동프로그램,305735109,29.96,1158,1920*1080,어르신,33627,0AUDLJ08S_00038_FR_00375.jpeg,2021,본 운동,1835,한국어,서서 몸통 옆으로 굽히기(Side bend),20221024,어르신기 2주차 운동프로그램,1122.022,,mp4,0AUDLJ08S_00038.mp4,http://openapi.kspo.or.kr/web/image/0AUDLJ08S_00038/,83,동영상,,2주차
,http://openapi.kspo.or.kr/web/video/,어르신을 위한 주간 운동프로그램 중 2주차에 해당하는 표준운동프로그램,305735109,29.96,1159,1920*1080,어르신,33728,0AUDLJ08S_00038_SC_00270.jpeg,2021,본 운동,1835,한국어,서서 몸통 옆으로 굽히기(Side bend),20221024,어르신기 2주차 운동프로그램,1125.392,,mp4,0AUDLJ08S_00038.mp4,http://openapi.kspo.or.kr/web/image/0AUDLJ08S_00038/,84,동영상,,2주차
,http://openapi.kspo.or.kr/web/video/,어르신을 위한 주간 운동프로그램 중 2주차에 해당하는 표준운동프로그램,305735109,29.96,1160,1920*1080,어르신,33989,0AUDLJ08S_00038_SC_00272.jpeg,2021,본 운동,1835,한국어,서서 몸통 옆으로 굽히기(Side bend),20221024,어르신기 2주차 운동프로그램,1134.1,,mp4,0AUDLJ08S_00038.mp4,http://openapi.kspo.or.kr/web/image/0AUDLJ08S_00038/,85,동영상,,2주차
,http://openapi.kspo.or.kr/web/video/,어르신을 위한 주간 운동프로그램 중 2주차에 해당하는 표준운동프로그램,305735109,29.96,1161,1920*1080,어르신,34886,0AUDLJ08S_00038_FR_00389.jpeg,2021,본 운동,1835,한국어,,20221024,어르신기 2주차 운동프로그램,1164.03,,mp4,0AUDLJ08S_00038.mp4,http://openapi.kspo.or.kr/web/image/0AUDLJ08S_00038/,86,동영상,,2주차
,http://openapi.kspo.or.kr/web/video/,어르신을 위한 주간 운동프로그램 중 2주차에 해당하는 표준운동프로그램,305735109,29.96,1162,1920*1080,어르신,35245,0AUDLJ08S_00038_FR_00393.jpeg,2021,정리 운동,1835,한국어,발목 관절 스트레칭(Ankle stretch),20221024,어르신기 2주차 운동프로그램,1176.009,,mp4,0AUDLJ08S_00038.mp4,http://openapi.kspo.or.kr/web/image/0AUDLJ08S_00038/,87,동영상,,2주차
,http://openapi.kspo.or.kr/web/video/,어르신을 위한 주간 운동프로그램 중 2주차에 해당하는 표준운동프로그램,305735109,29.96,1163,1920*1080,어르신,35323,0AUDLJ08S_00038_SC_00278.jpeg,2021,정리 운동,1835,한국어,발목 관절 스트레칭(Ankle stretch),20221024,어르신기 2주차 운동프로그램,1178.611,,mp4,0AUDLJ08S_00038.mp4,http://openapi.kspo.or.kr/web/image/0AUDLJ08S_00038/,88,동영상,,2주차
,http://openapi.kspo.or.kr/web/video/,어르신을 위한 주간 운동프로그램 중 2주차에 해당하는 표준운동프로그램,305735109,29.96,1164,1920*1080,어르신,35497,0AUDLJ08S_00038_SC_00279.jpeg,2021,정리 운동,1835,한국어,발목 관절 스트레칭(Ankle stretch),20221024,어르신기 2주차 운동프로그램,1184.417,,mp4,0AUDLJ08S_00038.mp4,http://openapi.kspo.or.kr/web/image/0AUDLJ08S_00038/,89,동영상,,2주차
,http://openapi.kspo.or.kr/web/video/,어르신을 위한 주간 운동프로그램 중 2주차에 해당하는 표준운동프로그램,305735109,29.96,1165,1920*1080,어르신,35700,0AUDLJ08S_00038_SC_00280.jpeg,2021,정리 운동,1835,한국어,발목 관절 스트레칭(Ankle stretch),20221024,어르신기 2주차 운동프로그램,1191.191,,mp4,0AUDLJ08S_00038.mp4,http://openapi.kspo.or.kr/web/image/0AUDLJ08S_00038/,90,동영상,,2주차
,http://openapi.kspo.or.kr/web/video/,어르신을 위한 주간 운동프로그램 중 2주차에 해당하는 표준운동프로그램,305735109,29.96,1166,1920*1080,어르신,36019,0AUDLJ08S_00038_SC_00281.jpeg,2021,정리 운동,1835,한국어,햄스트링/척추 스트레칭(Hamstring/Spine stetch),20221024,어르신기 2주차 운동프로그램,1201.835,,mp4,0AUDLJ08S_00038.mp4,http://openapi.kspo.or.kr/web/image/0AUDLJ08S_00038/,91,동영상,,2주차
,http://openapi.kspo.or.kr/web/video/,어르신을 위한 주간 운동프로그램 중 2주차에 해당하는 표준운동프로그램,305735109,29.96,1167,1920*1080,어르신,36338,0AUDLJ08S_00038_SC_00283.jpeg,2021,정리 운동,1835,한국어,햄스트링/척추 스트레칭(Hamstring/Spine stetch),20221024,어르신기 2주차 운동프로그램,1212.479,,mp4,0AUDLJ08S_00038.mp4,http://openapi.kspo.or.kr/web/image/0AUDLJ08S_00038/,92,동영상,,2주차
,http://openapi.kspo.or.kr/web/video/,어르신을 위한 주간 운동프로그램 중 2주차에 해당하는 표준운동프로그램,305735109,29.96,1168,1920*1080,어르신,36570,0AUDLJ08S_00038_SC_00285.jpeg,2021,정리 운동,1835,한국어,햄스트링/척추 스트레칭(Hamstring/Spine stetch),20221024,어르신기 2주차 운동프로그램,1220.22,,mp4,0AUDLJ08S_00038.mp4,http://openapi.kspo.or.kr/web/image/0AUDLJ08S_00038/,93,동영상,,2주차
,http://openapi.kspo.or.kr/web/video/,어르신을 위한 주간 운동프로그램 중 2주차에 해당하는 표준운동프로그램,305735109,29.96,1169,1920*1080,어르신,36831,0AUDLJ08S_00038_SC_00288.jpeg,2021,정리 운동,1835,한국어,엉덩관절 스트레칭(Butterfly pose),20221024,어르신기 2주차 운동프로그램,1228.928,,mp4,0AUDLJ08S_00038.mp4,http://openapi.kspo.or.kr/web/image/0AUDLJ08S_00038/,94,동영상,,2주차
,http://openapi.kspo.or.kr/web/video/,어르신을 위한 주간 운동프로그램 중 2주차에 해당하는 표준운동프로그램,305735109,29.96,1170,1920*1080,어르신,37121,0AUDLJ08S_00038_SC_00292.jpeg,2021,정리 운동,1835,한국어,엉덩관절 스트레칭(Butterfly pose),20221024,어르신기 2주차 운동프로그램,1238.605,,mp4,0AUDLJ08S_00038.mp4,http://openapi.kspo.or.kr/web/image/0AUDLJ08S_00038/,95,동영상,,2주차
,http://openapi.kspo.or.kr/web/video/,어르신을 위한 주간 운동프로그램 중 2주차에 해당하는 표준운동프로그램,305735109,29.96,1171,1920*1080,어르신,37991,0AUDLJ08S_00038_SC_00304.jpeg,2021,정리 운동,1835,한국어,내전근 스트레칭1(Adductor stretch),20221024,어르신기 2주차 운동프로그램,1267.634,,mp4,0AUDLJ08S_00038.mp4,http://openapi.kspo.or.kr/web/image/0AUDLJ08S_00038/,96,동영상,,2주차
,http://openapi.kspo.or.kr/web/video/,어르신을 위한 주간 운동프로그램 중 2주차에 해당하는 표준운동프로그램,305735109,29.96,1172,1920*1080,어르신,38107,0AUDLJ08S_00038_SC_00306.jpeg,2021,정리 운동,1835,한국어,내전근 스트레칭1(Adductor stretch),20221024,어르신기 2주차 운동프로그램,1271.504,,mp4,0AUDLJ08S_00038.mp4,http://openapi.kspo.or.kr/web/image/0AUDLJ08S_00038/,97,동영상,,2주차
,http://openapi.kspo.or.kr/web/video/,어르신을 위한 주간 운동프로그램 중 2주차에 해당하는 표준운동프로그램,305735109,29.96,1173,1920*1080,어르신,38832,0AUDLJ08S_00038_SC_00314.jpeg,2021,정리 운동,1835,한국어,내전근 스트레칭2(Adductor stretch),20221024,어르신기 2주차 운동프로그램,1295.695,,mp4,0AUDLJ08S_00038.mp4,http://openapi.kspo.or.kr/web/image/0AUDLJ08S_00038/,98,동영상,,2주차
,http://openapi.kspo.or.kr/web/video/,어르신을 위한 주간 운동프로그램 중 2주차에 해당하는 표준운동프로그램,305735109,29.96,1174,1920*1080,어르신,39006,0AUDLJ08S_00038_SC_00316.jpeg,2021,정리 운동,1835,한국어,내전근 스트레칭2(Adductor stretch),20221024,어르신기 2주차 운동프로그램,1301.501,,mp4,0AUDLJ08S_00038.mp4,http://openapi.kspo.or.kr/web/image/0AUDLJ08S_00038/,99,동영상,,2주차
,http://openapi.kspo.or.kr/web/video/,어르신을 위한 주간 운동프로그램 중 2주차에 해당하는 표준운동프로그램,305735109,29.96,1175,1920*1080,어르신,39238,0AUDLJ08S_00038_SC_00321.jpeg,2021,정리 운동,1835,한국어,내전근 스트레칭2(Adductor stretch),20221024,어르신기 2주차 운동프로그램,1309.242,,mp4,0AUDLJ08S_00038.mp4,http://openapi.kspo.or.kr/web/image/0AUDLJ08S_00038/,100,동영상,,2주차
,http://openapi.kspo.or.kr/web/video/,어르신을 위한 주간 운동프로그램 중 2주차에 해당하는 표준운동프로그램,305735109,29.96,1176,1920*1080,어르신,39921,0AUDLJ08S_00038_FR_00445.jpeg,2021,정리 운동,1835,한국어,옆구리 스트레칭(Side bending stretch),20221024,어르신기 2주차 운동프로그램,1332.032,,mp4,0AUDLJ08S_00038.mp4,http://openapi.kspo.or.kr/web/image/0AUDLJ08S_00038/,101,동영상,,2주차
,http://openapi.kspo.or.kr/web/video/,어르신을 위한 주간 운동프로그램 중 2주차에 해당하는 표준운동프로그램,305735109,29.96,1177,1920*1080,어르신,40224,0AUDLJ08S_00038_SC_00329.jpeg,2021,정리 운동,1835,한국어,옆구리 스트레칭(Side bending stretch),20221024,어르신기 2주차 운동프로그램,1342.142,,mp4,0AUDLJ08S_00038.mp4,http://openapi.kspo.or.kr/web/image/0AUDLJ08S_00038/,102,동영상,,2주차
,http://openapi.kspo.or.kr/web/video/,어르신을 위한 주간 운동프로그램 중 2주차에 해당하는 표준운동프로그램,305735109,29.96,1178,1920*1080,어르신,40543,0AUDLJ08S_00038_SC_00330.jpeg,2021,정리 운동,1835,한국어,옆구리 스트레칭(Side bending stretch),20221024,어르신기 2주차 운동프로그램,1352.786,,mp4,0AUDLJ08S_00038.mp4,http://openapi.kspo.or.kr/web/image/0AUDLJ08S_00038/,103,동영상,,2주차
,http://openapi.kspo.or.kr/web/video/,어르신을 위한 주간 운동프로그램 중 2주차에 해당하는 표준운동프로그램,305735109,29.96,1179,1920*1080,어르신,41179,0AUDLJ08S_00038_FR_00459.jpeg,2021,정리 운동,1835,한국어,가슴/어깨 스트레칭(Backward lift stretch),20221024,어르신기 2주차 운동프로그램,1374.007,,mp4,0AUDLJ08S_00038.mp4,http://openapi.kspo.or.kr/web/image/0AUDLJ08S_00038/,104,동영상,,2주차
,http://openapi.kspo.or.kr/web/video/,어르신을 위한 주간 운동프로그램 중 2주차에 해당하는 표준운동프로그램,305735109,29.96,1180,1920*1080,어르신,41268,0AUDLJ08S_00038_SC_00336.jpeg,2021,정리 운동,1835,한국어,가슴/어깨 스트레칭(Backward lift stretch),20221024,어르신기 2주차 운동프로그램,1376.976,,mp4,0AUDLJ08S_00038.mp4,http://openapi.kspo.or.kr/web/image/0AUDLJ08S_00038/,105,동영상,,2주차
,http://openapi.kspo.or.kr/web/video/,어르신을 위한 주간 운동프로그램 중 2주차에 해당하는 표준운동프로그램,305735109,29.96,1181,1920*1080,어르신,41500,0AUDLJ08S_00038_SC_00338.jpeg,2021,정리 운동,1835,한국어,가슴/어깨 스트레칭(Backward lift stretch),20221024,어르신기 2주차 운동프로그램,1384.718,,mp4,0AUDLJ08S_00038.mp4,http://openapi.kspo.or.kr/web/image/0AUDLJ08S_00038/,106,동영상,,2주차
,http://openapi.kspo.or.kr/web/video/,어르신을 위한 주간 운동프로그램 중 2주차에 해당하는 표준운동프로그램,305735109,29.96,1182,1920*1080,어르신,41761,0AUDLJ08S_00038_SC_00339.jpeg,2021,정리 운동,1835,한국어,목 스트레칭1(Neck stretch),20221024,어르신기 2주차 운동프로그램,1393.426,,mp4,0AUDLJ08S_00038.mp4,http://openapi.kspo.or.kr/web/image/0AUDLJ08S_00038/,107,동영상,,2주차
,http://openapi.kspo.or.kr/web/video/,어르신을 위한 주간 운동프로그램 중 2주차에 해당하는 표준운동프로그램,305735109,29.96,1183,1920*1080,어르신,41935,0AUDLJ08S_00038_SC_00340.jpeg,2021,정리 운동,1835,한국어,목 스트레칭1(Neck stretch),20221024,어르신기 2주차 운동프로그램,1399.232,,mp4,0AUDLJ08S_00038.mp4,http://openapi.kspo.or.kr/web/image/0AUDLJ08S_00038/,108,동영상,,2주차
,http://openapi.kspo.or.kr/web/video/,어르신을 위한 주간 운동프로그램 중 2주차에 해당하는 표준운동프로그램,305735109,29.96,1184,1920*1080,어르신,42341,0AUDLJ08S_00038_SC_00344.jpeg,2021,정리 운동,1835,한국어,목 스트레칭2(Neck stretch),20221024,어르신기 2주차 운동프로그램,1412.779,,mp4,0AUDLJ08S_00038.mp4,http://openapi.kspo.or.kr/web/image/0AUDLJ08S_00038/,109,동영상,,2주차
,http://openapi.kspo.or.kr/web/video/,어르신을 위한 주간 운동프로그램 중 2주차에 해당하는 표준운동프로그램,305735109,29.96,1185,1920*1080,어르신,42631,0AUDLJ08S_00038_SC_00346.jpeg,2021,정리 운동,1835,한국어,목 스트레칭2(Neck stretch),20221024,어르신기 2주차 운동프로그램,1422.455,,mp4,0AUDLJ08S_00038.mp4,http://openapi.kspo.or.kr/web/image/0AUDLJ08S_00038/,110,동영상,,2주차
,http://openapi.kspo.or.kr/web/video/,어르신을 위한 주간 운동프로그램 중 2주차에 해당하는 표준운동프로그램,305735109,29.96,1186,1920*1080,어르신,43559,0AUDLJ08S_00038_SC_00352.jpeg,2021,정리 운동,1835,한국어,엉덩관절 스트레칭(Hip flexor stretch),20221024,어르신기 2주차 운동프로그램,1453.42,,mp4,0AUDLJ08S_00038.mp4,http://openapi.kspo.or.kr/web/image/0AUDLJ08S_00038/,111,동영상,,2주차
,http://openapi.kspo.or.kr/web/video/,어르신을 위한 주간 운동프로그램 중 2주차에 해당하는 표준운동프로그램,305735109,29.96,1187,1920*1080,어르신,43646,0AUDLJ08S_00038_SC_00353.jpeg,2021,정리 운동,1835,한국어,엉덩관절 스트레칭(Hip flexor stretch),20221024,어르신기 2주차 운동프로그램,1456.322,,mp4,0AUDLJ08S_00038.mp4,http://openapi.kspo.or.kr/web/image/0AUDLJ08S_00038/,112,동영상,,2주차
,http://openapi.kspo.or.kr/web/video/,어르신을 위한 주간 운동프로그램 중 2주차에 해당하는 표준운동프로그램,305735109,29.96,1188,1920*1080,어르신,43849,0AUDLJ08S_00038_SC_00355.jpeg,2021,정리 운동,1835,한국어,엉덩관절 스트레칭(Hip flexor stretch),20221024,어르신기 2주차 운동프로그램,1463.096,,mp4,0AUDLJ08S_00038.mp4,http://openapi.kspo.or.kr/web/image/0AUDLJ08S_00038/,113,동영상,,2주차
,http://openapi.kspo.or.kr/web/video/,어르신을 위한 주간 운동프로그램 중 2주차에 해당하는 표준운동프로그램,305735109,29.96,1189,1920*1080,어르신,44603,0AUDLJ08S_00038_SC_00360.jpeg,2021,정리 운동,1835,한국어,엉덩관절/상체 스트레칭(Hip flexor stretch),20221024,어르신기 2주차 운동프로그램,1488.254,,mp4,0AUDLJ08S_00038.mp4,http://openapi.kspo.or.kr/web/image/0AUDLJ08S_00038/,114,동영상,,2주차
,http://openapi.kspo.or.kr/web/video/,어르신을 위한 주간 운동프로그램 중 2주차에 해당하는 표준운동프로그램,305735109,29.96,1190,1920*1080,어르신,44748,0AUDLJ08S_00038_SC_00361.jpeg,2021,정리 운동,1835,한국어,엉덩관절/상체 스트레칭(Hip flexor stretch),20221024,어르신기 2주차 운동프로그램,1493.093,,mp4,0AUDLJ08S_00038.mp4,http://openapi.kspo.or.kr/web/image/0AUDLJ08S_00038/,115,동영상,,2주차
,http://openapi.kspo.or.kr/web/video/,어르신을 위한 주간 운동프로그램 중 2주차에 해당하는 표준운동프로그램,305735109,29.96,1191,1920*1080,어르신,45038,0AUDLJ08S_00038_SC_00363.jpeg,2021,정리 운동,1835,한국어,엉덩관절/상체 스트레칭(Hip flexor stretch),20221024,어르신기 2주차 운동프로그램,1502.769,,mp4,0AUDLJ08S_00038.mp4,http://openapi.kspo.or.kr/web/image/0AUDLJ08S_00038/,116,동영상,,2주차
,http://openapi.kspo.or.kr/web/video/,어르신을 위한 주간 운동프로그램 중 2주차에 해당하는 표준운동프로그램,305735109,29.96,1192,1920*1080,어르신,45299,0AUDLJ08S_00038_SC_00365.jpeg,2021,정리 운동,1835,한국어,엉덩관절/상체 스트레칭(Hip flexor stretch),20221024,어르신기 2주차 운동프로그램,1511.478,,mp4,0AUDLJ08S_00038.mp4,http://openapi.kspo.or.kr/web/image/0AUDLJ08S_00038/,117,동영상,,2주차
,http://openapi.kspo.or.kr/web/video/,어르신을 위한 주간 운동프로그램 중 2주차에 해당하는 표준운동프로그램,305735109,29.96,1193,1920*1080,어르신,45705,0AUDLJ08S_00038_SC_00366.jpeg,2021,정리 운동,1835,한국어,등/허리 스트레칭(Cat&Camel),20221024,어르신기 2주차 운동프로그램,1525.025,,mp4,0AUDLJ08S_00038.mp4,http://openapi.kspo.or.kr/web/image/0AUDLJ08S_00038/,118,동영상,,2주차
,http://openapi.kspo.or.kr/web/video/,어르신을 위한 주간 운동프로그램 중 2주차에 해당하는 표준운동프로그램,305735109,29.96,1194,1920*1080,어르신,45966,0AUDLJ08S_00038_SC_00372.jpeg,2021,정리 운동,1835,한국어,등/허리 스트레칭(Cat&Camel),20221024,어르신기 2주차 운동프로그램,1533.733,,mp4,0AUDLJ08S_00038.mp4,http://openapi.kspo.or.kr/web/image/0AUDLJ08S_00038/,119,동영상,,2주차
,http://openapi.kspo.or.kr/web/video/,어르신을 위한 주간 운동프로그램 중 2주차에 해당하는 표준운동프로그램,305735109,29.96,1195,1920*1080,어르신,46140,0AUDLJ08S_00038_SC_00374.jpeg,2021,정리 운동,1835,한국어,등/허리 스트레칭(Cat&Camel),20221024,어르신기 2주차 운동프로그램,1539.539,,mp4,0AUDLJ08S_00038.mp4,http://openapi.kspo.or.kr/web/image/0AUDLJ08S_00038/,120,동영상,,2주차
,http://openapi.kspo.or.kr/web/video/,어르신을 위한 주간 운동프로그램 중 2주차에 해당하는 표준운동프로그램,305735109,29.96,1196,1920*1080,어르신,46633,0AUDLJ08S_00038_SC_00379.jpeg,2021,정리 운동,1835,한국어,등/허리/무릎 스트레칭(Child's pose),20221024,어르신기 2주차 운동프로그램,1555.989,,mp4,0AUDLJ08S_00038.mp4,http://openapi.kspo.or.kr/web/image/0AUDLJ08S_00038/,121,동영상,,2주차
,http://openapi.kspo.or.kr/web/video/,어르신을 위한 주간 운동프로그램 중 2주차에 해당하는 표준운동프로그램,305735109,29.96,1197,1920*1080,어르신,46865,0AUDLJ08S_00038_SC_00382.jpeg,2021,정리 운동,1835,한국어,등/허리/무릎 스트레칭(Child's pose),20221024,어르신기 2주차 운동프로그램,1563.73,,mp4,0AUDLJ08S_00038.mp4,http://openapi.kspo.or.kr/web/image/0AUDLJ08S_00038/,122,동영상,,2주차
,http://openapi.kspo.or.kr/web/video/,어르신을 위한 주간 운동프로그램 중 2주차에 해당하는 표준운동프로그램,305735109,29.96,1198,1920*1080,어르신,47416,0AUDLJ08S_00038_SC_00386.jpeg,2021,정리 운동,1835,한국어,복부 스트레칭(Cobra pose),20221024,어르신기 2주차 운동프로그램,1582.115,,mp4,0AUDLJ08S_00038.mp4,http://openapi.kspo.or.kr/web/image/0AUDLJ08S_00038/,123,동영상,,2주차
,http://openapi.kspo.or.kr/web/video/,어르신을 위한 주간 운동프로그램 중 2주차에 해당하는 표준운동프로그램,305735109,29.96,1199,1920*1080,어르신,47677,0AUDLJ08S_00038_SC_00389.jpeg,2021,정리 운동,1835,한국어,복부 스트레칭(Cobra pose),20221024,어르신기 2주차 운동프로그램,1590.824,,mp4,0AUDLJ08S_00038.mp4,http://openapi.kspo.or.kr/web/image/0AUDLJ08S_00038/,124,동영상,,2주차
,http://openapi.kspo.or.kr/web/video/,어르신을 위한 주간 운동프로그램 중 2주차에 해당하는 표준운동프로그램,305735109,29.96,1200,1920*1080,어르신,47793,0AUDLJ08S_00038_SC_00390.jpeg,2021,정리 운동,1835,한국어,복부 스트레칭(Cobra pose),20221024,어르신기 2주차 운동프로그램,1594.694,,mp4,0AUDLJ08S_00038.mp4,http://openapi.kspo.or.kr/web/image/0AUDLJ08S_00038/,125,동영상,,2주차
,http://openapi.kspo.or.kr/web/video/,어르신을 위한 주간 운동프로그램 중 2주차에 해당하는 표준운동프로그램,305735109,29.96,1201,1920*1080,어르신,47967,0AUDLJ08S_00038_SC_00396.jpeg,2021,정리 운동,1835,한국어,가슴/복부/척추 스트레칭(Trunk rotation stretch),20221024,어르신기 2주차 운동프로그램,1600.5,,mp4,0AUDLJ08S_00038.mp4,http://openapi.kspo.or.kr/web/image/0AUDLJ08S_00038/,126,동영상,,2주차
,http://openapi.kspo.or.kr/web/video/,어르신을 위한 주간 운동프로그램 중 2주차에 해당하는 표준운동프로그램,305735109,29.96,1202,1920*1080,어르신,48402,0AUDLJ08S_00038_SC_00399.jpeg,2021,정리 운동,1835,한국어,가슴/복부/척추 스트레칭(Trunk rotation stretch),20221024,어르신기 2주차 운동프로그램,1615.015,,mp4,0AUDLJ08S_00038.mp4,http://openapi.kspo.or.kr/web/image/0AUDLJ08S_00038/,127,동영상,,2주차
,http://openapi.kspo.or.kr/web/video/,어르신을 위한 주간 운동프로그램 중 2주차에 해당하는 표준운동프로그램,305735109,29.96,1203,1920*1080,어르신,48692,0AUDLJ08S_00038_SC_00401.jpeg,2021,정리 운동,1835,한국어,가슴/복부/척추 스트레칭(Trunk rotation stretch),20221024,어르신기 2주차 운동프로그램,1624.691,,mp4,0AUDLJ08S_00038.mp4,http://openapi.kspo.or.kr/web/image/0AUDLJ08S_00038/,128,동영상,,2주차
,http://openapi.kspo.or.kr/web/video/,어르신을 위한 주간 운동프로그램 중 2주차에 해당하는 표준운동프로그램,305735109,29.96,1204,1920*1080,어르신,49361,0AUDLJ08S_00038_FR_00550.jpeg,2021,정리 운동,1835,한국어,대퇴 스트레칭(Quadriceps stretch),20221024,어르신기 2주차 운동프로그램,1647.013,,mp4,0AUDLJ08S_00038.mp4,http://openapi.kspo.or.kr/web/image/0AUDLJ08S_00038/,129,동영상,,2주차
,http://openapi.kspo.or.kr/web/video/,어르신을 위한 주간 운동프로그램 중 2주차에 해당하는 표준운동프로그램,305735109,29.96,1205,1920*1080,어르신,49504,0AUDLJ08S_00038_SC_00407.jpeg,2021,정리 운동,1835,한국어,대퇴 스트레칭(Quadriceps stretch),20221024,어르신기 2주차 운동프로그램,1651.785,,mp4,0AUDLJ08S_00038.mp4,http://openapi.kspo.or.kr/web/image/0AUDLJ08S_00038/,130,동영상,,2주차
,http://openapi.kspo.or.kr/web/video/,어르신을 위한 주간 운동프로그램 중 2주차에 해당하는 표준운동프로그램,305735109,29.96,1206,1920*1080,어르신,49852,0AUDLJ08S_00038_SC_00410.jpeg,2021,정리 운동,1835,한국어,대퇴 스트레칭(Quadriceps stretch),20221024,어르신기 2주차 운동프로그램,1663.396,,mp4,0AUDLJ08S_00038.mp4,http://openapi.kspo.or.kr/web/image/0AUDLJ08S_00038/,131,동영상,,2주차
,http://openapi.kspo.or.kr/web/video/,어르신을 위한 주간 운동프로그램 중 2주차에 해당하는 표준운동프로그램,305735109,29.96,1207,1920*1080,어르신,50461,0AUDLJ08S_00038_SC_00415.jpeg,2021,정리 운동,1835,한국어,엉덩관절 스트레칭1(Gluteus stretch),20221024,어르신기 2주차 운동프로그램,1683.717,,mp4,0AUDLJ08S_00038.mp4,http://openapi.kspo.or.kr/web/image/0AUDLJ08S_00038/,132,동영상,,2주차
,http://openapi.kspo.or.kr/web/video/,어르신을 위한 주간 운동프로그램 중 2주차에 해당하는 표준운동프로그램,305735109,29.96,1208,1920*1080,어르신,50751,0AUDLJ08S_00038_SC_00419.jpeg,2021,정리 운동,1835,한국어,엉덩관절 스트레칭1(Gluteus stretch),20221024,어르신기 2주차 운동프로그램,1693.393,,mp4,0AUDLJ08S_00038.mp4,http://openapi.kspo.or.kr/web/image/0AUDLJ08S_00038/,133,동영상,,2주차
,http://openapi.kspo.or.kr/web/video/,어르신을 위한 주간 운동프로그램 중 2주차에 해당하는 표준운동프로그램,305735109,29.96,1209,1920*1080,어르신,51159,0AUDLJ08S_00038_FR_00570.jpeg,2021,정리 운동,1835,한국어,엉덩관절 스트레칭2(Figure 4 pose),20221024,어르신기 2주차 운동프로그램,1707.007,,mp4,0AUDLJ08S_00038.mp4,http://openapi.kspo.or.kr/web/image/0AUDLJ08S_00038/,134,동영상,,2주차
,http://openapi.kspo.or.kr/web/video/,어르신을 위한 주간 운동프로그램 중 2주차에 해당하는 표준운동프로그램,305735109,29.96,1210,1920*1080,어르신,51244,0AUDLJ08S_00038_SC_00420.jpeg,2021,정리 운동,1835,한국어,엉덩관절 스트레칭2(Figure 4 pose),20221024,어르신기 2주차 운동프로그램,1709.843,,mp4,0AUDLJ08S_00038.mp4,http://openapi.kspo.or.kr/web/image/0AUDLJ08S_00038/,135,동영상,,2주차
,http://openapi.kspo.or.kr/web/video/,어르신을 위한 주간 운동프로그램 중 2주차에 해당하는 표준운동프로그램,305735109,29.96,1211,1920*1080,어르신,51519,0AUDLJ08S_00038_FR_00574.jpeg,2021,정리 운동,1835,한국어,엉덩관절 스트레칭2(Figure 4 pose),20221024,어르신기 2주차 운동프로그램,1719.019,,mp4,0AUDLJ08S_00038.mp4,http://openapi.kspo.or.kr/web/image/0AUDLJ08S_00038/,136,동영상,,2주차
,http://openapi.kspo.or.kr/web/video/,어르신을 위한 주간 운동프로그램 중 2주차에 해당하는 표준운동프로그램,305735109,29.96,1212,1920*1080,어르신,52058,0AUDLJ08S_00038_FR_00580.jpeg,2021,정리 운동,1835,한국어,무릎 스트레칭(Hamstring stretch),20221024,어르신기 2주차 운동프로그램,1737.003,,mp4,0AUDLJ08S_00038.mp4,http://openapi.kspo.or.kr/web/image/0AUDLJ08S_00038/,137,동영상,,2주차
,http://openapi.kspo.or.kr/web/video/,어르신을 위한 주간 운동프로그램 중 2주차에 해당하는 표준운동프로그램,305735109,29.96,1213,1920*1080,어르신,52201,0AUDLJ08S_00038_SC_00423.jpeg,2021,정리 운동,1835,한국어,무릎 스트레칭(Hamstring stretch),20221024,어르신기 2주차 운동프로그램,1741.775,,mp4,0AUDLJ08S_00038.mp4,http://openapi.kspo.or.kr/web/image/0AUDLJ08S_00038/,138,동영상,,2주차
,http://openapi.kspo.or.kr/web/video/,어르신을 위한 주간 운동프로그램 중 2주차에 해당하는 표준운동프로그램,305735109,29.96,1214,1920*1080,어르신,52549,0AUDLJ08S_00038_SC_00428.jpeg,2021,정리 운동,1835,한국어,무릎 스트레칭(Hamstring stretch),20221024,어르신기 2주차 운동프로그램,1753.386,,mp4,0AUDLJ08S_00038.mp4,http://openapi.kspo.or.kr/web/image/0AUDLJ08S_00038/,139,동영상,,2주차
,http://openapi.kspo.or.kr/web/video/,어르신을 위한 주간 운동프로그램 중 2주차에 해당하는 표준운동프로그램,305735109,29.96,1215,1920*1080,어르신,53535,0AUDLJ08S_00038_SC_00438.jpeg,2021,정리 운동,1835,한국어,어깨/복부/엉덩관절 스트레칭(Trunk rotation stretch),20221024,어르신기 2주차 운동프로그램,1786.286,,mp4,0AUDLJ08S_00038.mp4,http://openapi.kspo.or.kr/web/image/0AUDLJ08S_00038/,140,동영상,,2주차
,http://openapi.kspo.or.kr/web/video/,어르신을 위한 주간 운동프로그램 중 2주차에 해당하는 표준운동프로그램,305735109,29.96,1216,1920*1080,어르신,53767,0AUDLJ08S_00038_SC_00441.jpeg,2021,정리 운동,1835,한국어,어깨/복부/엉덩관절 스트레칭(Trunk rotation stretch),20221024,어르신기 2주차 운동프로그램,1794.027,,mp4,0AUDLJ08S_00038.mp4,http://openapi.kspo.or.kr/web/image/0AUDLJ08S_00038/,141,동영상,,2주차
,http://openapi.kspo.or.kr/web/video/,어르신을 위한 주간 운동프로그램 중 2주차에 해당하는 표준운동프로그램,305735109,29.96,1217,1920*1080,어르신,54202,0AUDLJ08S_00038_SC_00450.jpeg,2021,정리 운동,1835,한국어,어깨/복부/엉덩관절 스트레칭(Trunk rotation stretch),20221024,어르신기 2주차 운동프로그램,1808.541,,mp4,0AUDLJ08S_00038.mp4,http://openapi.kspo.or.kr/web/image/0AUDLJ08S_00038/,142,동영상,,2주차
,http://openapi.kspo.or.kr/web/video/,어르신을 위한 주간 운동프로그램 중 2주차에 해당하는 표준운동프로그램,305735109,29.96,1218,1920*1080,어르신,54756,0AUDLJ08S_00038_FR_00610.jpeg,2021,정리 운동,1835,한국어,,20221024,어르신기 2주차 운동프로그램,1827.027,,mp4,0AUDLJ08S_00038.mp4,http://openapi.kspo.or.kr/web/image/0AUDLJ08S_00038/,143,동영상,,2주차
,http://openapi.kspo.or.kr/web/video/,어르신을 위한 주간 운동프로그램 중 3주차에 해당하는 표준운동프로그램,314000109,29.96,1219,1920*1080,어르신,117,0AUDLJ08S_00039_SC_00001.jpeg,2021,,1883,한국어,,20221004,어르신기 3주차 운동프로그램,3.903,,mp4,0AUDLJ08S_00039.mp4,http://openapi.kspo.or.kr/web/image/0AUDLJ08S_00039/,1,동영상,,3주차
,http://openapi.kspo.or.kr/web/video/,어르신을 위한 주간 운동프로그램 중 3주차에 해당하는 표준운동프로그램,314000109,29.96,1220,1920*1080,어르신,146,0AUDLJ08S_00039_SC_00002.jpeg,2021,,1883,한국어,,20221004,어르신기 3주차 운동프로그램,4.871,,mp4,0AUDLJ08S_00039.mp4,http://openapi.kspo.or.kr/web/image/0AUDLJ08S_00039/,2,동영상,,3주차
,http://openapi.kspo.or.kr/web/video/,어르신을 위한 주간 운동프로그램 중 3주차에 해당하는 표준운동프로그램,314000109,29.96,1221,1920*1080,어르신,610,0AUDLJ08S_00039_SC_00007.jpeg,2021,준비 운동,1883,한국어,손목/발목 돌리기(Wrist and Ankle circumduction),20221004,어르신기 3주차 운동프로그램,20.353,,mp4,0AUDLJ08S_00039.mp4,http://openapi.kspo.or.kr/web/image/0AUDLJ08S_00039/,3,동영상,,3주차
,http://openapi.kspo.or.kr/web/video/,어르신을 위한 주간 운동프로그램 중 3주차에 해당하는 표준운동프로그램,314000109,29.96,1222,1920*1080,어르신,871,0AUDLJ08S_00039_SC_00008.jpeg,2021,준비 운동,1883,한국어,손목/발목 돌리기(Wrist and Ankle circumduction),20221004,어르신기 3주차 운동프로그램,29.062,,mp4,0AUDLJ08S_00039.mp4,http://openapi.kspo.or.kr/web/image/0AUDLJ08S_00039/,4,동영상,,3주차
,http://openapi.kspo.or.kr/web/video/,어르신을 위한 주간 운동프로그램 중 3주차에 해당하는 표준운동프로그램,314000109,29.96,1223,1920*1080,어르신,987,0AUDLJ08S_00039_SC_00009.jpeg,2021,준비 운동,1883,한국어,손목/발목 돌리기(Wrist and Ankle circumduction),20221004,어르신기 3주차 운동프로그램,32.932,,mp4,0AUDLJ08S_00039.mp4,http://openapi.kspo.or.kr/web/image/0AUDLJ08S_00039/,5,동영상,,3주차
,http://openapi.kspo.or.kr/web/video/,어르신을 위한 주간 운동프로그램 중 3주차에 해당하는 표준운동프로그램,314000109,29.96,1224,1920*1080,어르신,1103,0AUDLJ08S_00039_SC_00010.jpeg,2021,준비 운동,1883,한국어,손목/발목 돌리기(Wrist and Ankle circumduction),20221004,어르신기 3주차 운동프로그램,36.803,,mp4,0AUDLJ08S_00039.mp4,http://openapi.kspo.or.kr/web/image/0AUDLJ08S_00039/,6,동영상,,3주차
,http://openapi.kspo.or.kr/web/video/,어르신을 위한 주간 운동프로그램 중 3주차에 해당하는 표준운동프로그램,314000109,29.96,1225,1920*1080,어르신,1335,0AUDLJ08S_00039_SC_00011.jpeg,2021,준비 운동,1883,한국어,손목/발목 돌리기(Wrist and Ankle circumduction),20221004,어르신기 3주차 운동프로그램,44.544,,mp4,0AUDLJ08S_00039.mp4,http://openapi.kspo.or.kr/web/image/0AUDLJ08S_00039/,7,동영상,,3주차
,http://openapi.kspo.or.kr/web/video/,어르신을 위한 주간 운동프로그램 중 3주차에 해당하는 표준운동프로그램,314000109,29.96,1226,1920*1080,어르신,1422,0AUDLJ08S_00039_SC_00012.jpeg,2021,준비 운동,1883,한국어,손목/발목 돌리기(Wrist and Ankle circumduction),20221004,어르신기 3주차 운동프로그램,47.447,,mp4,0AUDLJ08S_00039.mp4,http://openapi.kspo.or.kr/web/image/0AUDLJ08S_00039/,8,동영상,,3주차
,http://openapi.kspo.or.kr/web/video/,어르신을 위한 주간 운동프로그램 중 3주차에 해당하는 표준운동프로그램,314000109,29.96,1227,1920*1080,어르신,1509,0AUDLJ08S_00039_SC_00013.jpeg,2021,준비 운동,1883,한국어,손목/발목 돌리기(Wrist and Ankle circumduction),20221004,어르신기 3주차 운동프로그램,50.35,,mp4,0AUDLJ08S_00039.mp4,http://openapi.kspo.or.kr/web/image/0AUDLJ08S_00039/,9,동영상,,3주차
,http://openapi.kspo.or.kr/web/video/,어르신을 위한 주간 운동프로그램 중 3주차에 해당하는 표준운동프로그램,314000109,29.96,1228,1920*1080,어르신,1683,0AUDLJ08S_00039_SC_00014.jpeg,2021,준비 운동,1883,한국어,목 돌리기(Neck circumduction),20221004,어르신기 3주차 운동프로그램,56.156,,mp4,0AUDLJ08S_00039.mp4,http://openapi.kspo.or.kr/web/image/0AUDLJ08S_00039/,10,동영상,,3주차
,http://openapi.kspo.or.kr/web/video/,어르신을 위한 주간 운동프로그램 중 3주차에 해당하는 표준운동프로그램,314000109,29.96,1229,1920*1080,어르신,1770,0AUDLJ08S_00039_SC_00015.jpeg,2021,준비 운동,1883,한국어,목 돌리기(Neck circumduction),20221004,어르신기 3주차 운동프로그램,59.059,,mp4,0AUDLJ08S_00039.mp4,http://openapi.kspo.or.kr/web/image/0AUDLJ08S_00039/,11,동영상,,3주차
,http://openapi.kspo.or.kr/web/video/,어르신을 위한 주간 운동프로그램 중 3주차에 해당하는 표준운동프로그램,314000109,29.96,1230,1920*1080,어르신,2002,0AUDLJ08S_00039_SC_00016.jpeg,2021,준비 운동,1883,한국어,목 돌리기(Neck circumduction),20221004,어르신기 3주차 운동프로그램,66.8,,mp4,0AUDLJ08S_00039.mp4,http://openapi.kspo.or.kr/web/image/0AUDLJ08S_00039/,12,동영상,,3주차
,http://openapi.kspo.or.kr/web/video/,어르신을 위한 주간 운동프로그램 중 3주차에 해당하는 표준운동프로그램,314000109,29.96,1231,1920*1080,어르신,2234,0AUDLJ08S_00039_SC_00017.jpeg,2021,준비 운동,1883,한국어,목 돌리기(Neck circumduction),20221004,어르신기 3주차 운동프로그램,74.541,,mp4,0AUDLJ08S_00039.mp4,http://openapi.kspo.or.kr/web/image/0AUDLJ08S_00039/,13,동영상,,3주차
,http://openapi.kspo.or.kr/web/video/,어르신을 위한 주간 운동프로그램 중 3주차에 해당하는 표준운동프로그램,314000109,29.96,1232,1920*1080,어르신,2350,0AUDLJ08S_00039_SC_00018.jpeg,2021,준비 운동,1883,한국어,목 돌리기(Neck circumduction),20221004,어르신기 3주차 운동프로그램,78.411,,mp4,0AUDLJ08S_00039.mp4,http://openapi.kspo.or.kr/web/image/0AUDLJ08S_00039/,14,동영상,,3주차
,http://openapi.kspo.or.kr/web/video/,어르신을 위한 주간 운동프로그램 중 3주차에 해당하는 표준운동프로그램,314000109,29.96,1233,1920*1080,어르신,2553,0AUDLJ08S_00039_SC_00019.jpeg,2021,준비 운동,1883,한국어,어깨 작게 돌리기(Shoulder circumduction),20221004,어르신기 3주차 운동프로그램,85.185,,mp4,0AUDLJ08S_00039.mp4,http://openapi.kspo.or.kr/web/image/0AUDLJ08S_00039/,15,동영상,,3주차
,http://openapi.kspo.or.kr/web/video/,어르신을 위한 주간 운동프로그램 중 3주차에 해당하는 표준운동프로그램,314000109,29.96,1234,1920*1080,어르신,2611,0AUDLJ08S_00039_SC_00020.jpeg,2021,준비 운동,1883,한국어,어깨 작게 돌리기(Shoulder circumduction),20221004,어르신기 3주차 운동프로그램,87.12,,mp4,0AUDLJ08S_00039.mp4,http://openapi.kspo.or.kr/web/image/0AUDLJ08S_00039/,16,동영상,,3주차
,http://openapi.kspo.or.kr/web/video/,어르신을 위한 주간 운동프로그램 중 3주차에 해당하는 표준운동프로그램,314000109,29.96,1235,1920*1080,어르신,2756,0AUDLJ08S_00039_SC_00021.jpeg,2021,준비 운동,1883,한국어,어깨 작게 돌리기(Shoulder circumduction),20221004,어르신기 3주차 운동프로그램,91.958,,mp4,0AUDLJ08S_00039.mp4,http://openapi.kspo.or.kr/web/image/0AUDLJ08S_00039/,17,동영상,,3주차
,http://openapi.kspo.or.kr/web/video/,어르신을 위한 주간 운동프로그램 중 3주차에 해당하는 표준운동프로그램,314000109,29.96,1236,1920*1080,어르신,2901,0AUDLJ08S_00039_SC_00022.jpeg,2021,준비 운동,1883,한국어,어깨 작게 돌리기(Shoulder circumduction),20221004,어르신기 3주차 운동프로그램,96.796,,mp4,0AUDLJ08S_00039.mp4,http://openapi.kspo.or.kr/web/image/0AUDLJ08S_00039/,18,동영상,,3주차
,http://openapi.kspo.or.kr/web/video/,어르신을 위한 주간 운동프로그램 중 3주차에 해당하는 표준운동프로그램,314000109,29.96,1237,1920*1080,어르신,3075,0AUDLJ08S_00039_SC_00023.jpeg,2021,준비 운동,1883,한국어,어깨 작게 돌리기(Shoulder circumduction),20221004,어르신기 3주차 운동프로그램,102.602,,mp4,0AUDLJ08S_00039.mp4,http://openapi.kspo.or.kr/web/image/0AUDLJ08S_00039/,19,동영상,,3주차
,http://openapi.kspo.or.kr/web/video/,어르신을 위한 주간 운동프로그램 중 3주차에 해당하는 표준운동프로그램,314000109,29.96,1238,1920*1080,어르신,3249,0AUDLJ08S_00039_SC_00024.jpeg,2021,준비 운동,1883,한국어,어깨 작게 돌리기(Shoulder circumduction),20221004,어르신기 3주차 운동프로그램,108.408,,mp4,0AUDLJ08S_00039.mp4,http://openapi.kspo.or.kr/web/image/0AUDLJ08S_00039/,20,동영상,,3주차
,http://openapi.kspo.or.kr/web/video/,어르신을 위한 주간 운동프로그램 중 3주차에 해당하는 표준운동프로그램,314000109,29.96,1239,1920*1080,어르신,3423,0AUDLJ08S_00039_SC_00025.jpeg,2021,준비 운동,1883,한국어,어깨 작게 돌리기(Shoulder circumduction),20221004,어르신기 3주차 운동프로그램,114.214,,mp4,0AUDLJ08S_00039.mp4,http://openapi.kspo.or.kr/web/image/0AUDLJ08S_00039/,21,동영상,,3주차
,http://openapi.kspo.or.kr/web/video/,어르신을 위한 주간 운동프로그램 중 3주차에 해당하는 표준운동프로그램,314000109,29.96,1240,1920*1080,어르신,3539,0AUDLJ08S_00039_SC_00026.jpeg,2021,준비 운동,1883,한국어,어깨 작게 돌리기(Shoulder circumduction),20221004,어르신기 3주차 운동프로그램,118.084,,mp4,0AUDLJ08S_00039.mp4,http://openapi.kspo.or.kr/web/image/0AUDLJ08S_00039/,22,동영상,,3주차
,http://openapi.kspo.or.kr/web/video/,어르신을 위한 주간 운동프로그램 중 3주차에 해당하는 표준운동프로그램,314000109,29.96,1241,1920*1080,어르신,3684,0AUDLJ08S_00039_SC_00027.jpeg,2021,준비 운동,1883,한국어,어깨 작게 돌리기(Shoulder circumduction),20221004,어르신기 3주차 운동프로그램,122.922,,mp4,0AUDLJ08S_00039.mp4,http://openapi.kspo.or.kr/web/image/0AUDLJ08S_00039/,23,동영상,,3주차
,http://openapi.kspo.or.kr/web/video/,어르신을 위한 주간 운동프로그램 중 3주차에 해당하는 표준운동프로그램,314000109,29.96,1242,1920*1080,어르신,3887,0AUDLJ08S_00039_SC_00028.jpeg,2021,준비 운동,1883,한국어,어깨 크게 돌리기(Wide shoulder circumduction),20221004,어르신기 3주차 운동프로그램,129.696,,mp4,0AUDLJ08S_00039.mp4,http://openapi.kspo.or.kr/web/image/0AUDLJ08S_00039/,24,동영상,,3주차
,http://openapi.kspo.or.kr/web/video/,어르신을 위한 주간 운동프로그램 중 3주차에 해당하는 표준운동프로그램,314000109,29.96,1243,1920*1080,어르신,4032,0AUDLJ08S_00039_SC_00029.jpeg,2021,준비 운동,1883,한국어,어깨 크게 돌리기(Wide shoulder circumduction),20221004,어르신기 3주차 운동프로그램,134.534,,mp4,0AUDLJ08S_00039.mp4,http://openapi.kspo.or.kr/web/image/0AUDLJ08S_00039/,25,동영상,,3주차
,http://openapi.kspo.or.kr/web/video/,어르신을 위한 주간 운동프로그램 중 3주차에 해당하는 표준운동프로그램,314000109,29.96,1244,1920*1080,어르신,4235,0AUDLJ08S_00039_SC_00030.jpeg,2021,준비 운동,1883,한국어,어깨 크게 돌리기(Wide shoulder circumduction),20221004,어르신기 3주차 운동프로그램,141.307,,mp4,0AUDLJ08S_00039.mp4,http://openapi.kspo.or.kr/web/image/0AUDLJ08S_00039/,26,동영상,,3주차
,http://openapi.kspo.or.kr/web/video/,어르신을 위한 주간 운동프로그램 중 3주차에 해당하는 표준운동프로그램,314000109,29.96,1245,1920*1080,어르신,4467,0AUDLJ08S_00039_SC_00031.jpeg,2021,준비 운동,1883,한국어,어깨 크게 돌리기(Wide shoulder circumduction),20221004,어르신기 3주차 운동프로그램,149.049,,mp4,0AUDLJ08S_00039.mp4,http://openapi.kspo.or.kr/web/image/0AUDLJ08S_00039/,27,동영상,,3주차
,http://openapi.kspo.or.kr/web/video/,어르신을 위한 주간 운동프로그램 중 3주차에 해당하는 표준운동프로그램,314000109,29.96,1246,1920*1080,어르신,4757,0AUDLJ08S_00039_SC_00032.jpeg,2021,준비 운동,1883,한국어,어깨 크게 돌리기(Wide shoulder circumduction),20221004,어르신기 3주차 운동프로그램,158.725,,mp4,0AUDLJ08S_00039.mp4,http://openapi.kspo.or.kr/web/image/0AUDLJ08S_00039/,28,동영상,,3주차
,http://openapi.kspo.or.kr/web/video/,어르신을 위한 주간 운동프로그램 중 3주차에 해당하는 표준운동프로그램,314000109,29.96,1247,1920*1080,어르신,4931,0AUDLJ08S_00039_SC_00033.jpeg,2021,준비 운동,1883,한국어,어깨 크게 돌리기(Wide shoulder circumduction),20221004,어르신기 3주차 운동프로그램,164.531,,mp4,0AUDLJ08S_00039.mp4,http://openapi.kspo.or.kr/web/image/0AUDLJ08S_00039/,29,동영상,,3주차
,http://openapi.kspo.or.kr/web/video/,어르신을 위한 주간 운동프로그램 중 3주차에 해당하는 표준운동프로그램,314000109,29.96,1248,1920*1080,어르신,5250,0AUDLJ08S_00039_SC_00034.jpeg,2021,준비 운동,1883,한국어,허리 돌리기(Waist circumduction),20221004,어르신기 3주차 운동프로그램,175.175,,mp4,0AUDLJ08S_00039.mp4,http://openapi.kspo.or.kr/web/image/0AUDLJ08S_00039/,30,동영상,,3주차
,http://openapi.kspo.or.kr/web/video/,어르신을 위한 주간 운동프로그램 중 3주차에 해당하는 표준운동프로그램,314000109,29.96,1249,1920*1080,어르신,5279,0AUDLJ08S_00039_SC_00035.jpeg,2021,준비 운동,1883,한국어,허리 돌리기(Waist circumduction),20221004,어르신기 3주차 운동프로그램,176.142,,mp4,0AUDLJ08S_00039.mp4,http://openapi.kspo.or.kr/web/image/0AUDLJ08S_00039/,31,동영상,,3주차
,http://openapi.kspo.or.kr/web/video/,어르신을 위한 주간 운동프로그램 중 3주차에 해당하는 표준운동프로그램,314000109,29.96,1250,1920*1080,어르신,5424,0AUDLJ08S_00039_SC_00036.jpeg,2021,준비 운동,1883,한국어,허리 돌리기(Waist circumduction),20221004,어르신기 3주차 운동프로그램,180.98,,mp4,0AUDLJ08S_00039.mp4,http://openapi.kspo.or.kr/web/image/0AUDLJ08S_00039/,32,동영상,,3주차
,http://openapi.kspo.or.kr/web/video/,어르신을 위한 주간 운동프로그램 중 3주차에 해당하는 표준운동프로그램,314000109,29.96,1251,1920*1080,어르신,5598,0AUDLJ08S_00039_SC_00037.jpeg,2021,준비 운동,1883,한국어,허리 돌리기(Waist circumduction),20221004,어르신기 3주차 운동프로그램,186.786,,mp4,0AUDLJ08S_00039.mp4,http://openapi.kspo.or.kr/web/image/0AUDLJ08S_00039/,33,동영상,,3주차
,http://openapi.kspo.or.kr/web/video/,어르신을 위한 주간 운동프로그램 중 3주차에 해당하는 표준운동프로그램,314000109,29.96,1252,1920*1080,어르신,5627,0AUDLJ08S_00039_SC_00038.jpeg,2021,준비 운동,1883,한국어,허리 돌리기(Waist circumduction),20221004,어르신기 3주차 운동프로그램,187.754,,mp4,0AUDLJ08S_00039.mp4,http://openapi.kspo.or.kr/web/image/0AUDLJ08S_00039/,34,동영상,,3주차
,http://openapi.kspo.or.kr/web/video/,어르신을 위한 주간 운동프로그램 중 3주차에 해당하는 표준운동프로그램,314000109,29.96,1253,1920*1080,어르신,5656,0AUDLJ08S_00039_SC_00039.jpeg,2021,준비 운동,1883,한국어,허리 돌리기(Waist circumduction),20221004,어르신기 3주차 운동프로그램,188.722,,mp4,0AUDLJ08S_00039.mp4,http://openapi.kspo.or.kr/web/image/0AUDLJ08S_00039/,35,동영상,,3주차
,http://openapi.kspo.or.kr/web/video/,어르신을 위한 주간 운동프로그램 중 3주차에 해당하는 표준운동프로그램,314000109,29.96,1254,1920*1080,어르신,5685,0AUDLJ08S_00039_SC_00040.jpeg,2021,준비 운동,1883,한국어,허리 돌리기(Waist circumduction),20221004,어르신기 3주차 운동프로그램,189.689,,mp4,0AUDLJ08S_00039.mp4,http://openapi.kspo.or.kr/web/image/0AUDLJ08S_00039/,36,동영상,,3주차
,http://openapi.kspo.or.kr/web/video/,어르신을 위한 주간 운동프로그램 중 3주차에 해당하는 표준운동프로그램,314000109,29.96,1255,1920*1080,어르신,5830,0AUDLJ08S_00039_SC_00041.jpeg,2021,준비 운동,1883,한국어,허리 돌리기(Waist circumduction),20221004,어르신기 3주차 운동프로그램,194.527,,mp4,0AUDLJ08S_00039.mp4,http://openapi.kspo.or.kr/web/image/0AUDLJ08S_00039/,37,동영상,,3주차
,http://openapi.kspo.or.kr/web/video/,어르신을 위한 주간 운동프로그램 중 3주차에 해당하는 표준운동프로그램,314000109,29.96,1256,1920*1080,어르신,5917,0AUDLJ08S_00039_SC_00042.jpeg,2021,준비 운동,1883,한국어,허리 돌리기(Waist circumduction),20221004,어르신기 3주차 운동프로그램,197.43,,mp4,0AUDLJ08S_00039.mp4,http://openapi.kspo.or.kr/web/image/0AUDLJ08S_00039/,38,동영상,,3주차
,http://openapi.kspo.or.kr/web/video/,어르신을 위한 주간 운동프로그램 중 3주차에 해당하는 표준운동프로그램,314000109,29.96,1257,1920*1080,어르신,6004,0AUDLJ08S_00039_SC_00043.jpeg,2021,준비 운동,1883,한국어,허리 돌리기(Waist circumduction),20221004,어르신기 3주차 운동프로그램,200.333,,mp4,0AUDLJ08S_00039.mp4,http://openapi.kspo.or.kr/web/image/0AUDLJ08S_00039/,39,동영상,,3주차
,http://openapi.kspo.or.kr/web/video/,어르신을 위한 주간 운동프로그램 중 3주차에 해당하는 표준운동프로그램,314000109,29.96,1258,1920*1080,어르신,6149,0AUDLJ08S_00039_SC_00044.jpeg,2021,준비 운동,1883,한국어,무릎 돌리기(Knee circumduction),20221004,어르신기 3주차 운동프로그램,205.171,,mp4,0AUDLJ08S_00039.mp4,http://openapi.kspo.or.kr/web/image/0AUDLJ08S_00039/,40,동영상,,3주차
,http://openapi.kspo.or.kr/web/video/,어르신을 위한 주간 운동프로그램 중 3주차에 해당하는 표준운동프로그램,314000109,29.96,1259,1920*1080,어르신,6323,0AUDLJ08S_00039_SC_00045.jpeg,2021,준비 운동,1883,한국어,무릎 돌리기(Knee circumduction),20221004,어르신기 3주차 운동프로그램,210.977,,mp4,0AUDLJ08S_00039.mp4,http://openapi.kspo.or.kr/web/image/0AUDLJ08S_00039/,41,동영상,,3주차
,http://openapi.kspo.or.kr/web/video/,어르신을 위한 주간 운동프로그램 중 3주차에 해당하는 표준운동프로그램,314000109,29.96,1260,1920*1080,어르신,6439,0AUDLJ08S_00039_SC_00046.jpeg,2021,준비 운동,1883,한국어,무릎 돌리기(Knee circumduction),20221004,어르신기 3주차 운동프로그램,214.848,,mp4,0AUDLJ08S_00039.mp4,http://openapi.kspo.or.kr/web/image/0AUDLJ08S_00039/,42,동영상,,3주차
,http://openapi.kspo.or.kr/web/video/,어르신을 위한 주간 운동프로그램 중 3주차에 해당하는 표준운동프로그램,314000109,29.96,1261,1920*1080,어르신,6555,0AUDLJ08S_00039_SC_00047.jpeg,2021,준비 운동,1883,한국어,무릎 돌리기(Knee circumduction),20221004,어르신기 3주차 운동프로그램,218.718,,mp4,0AUDLJ08S_00039.mp4,http://openapi.kspo.or.kr/web/image/0AUDLJ08S_00039/,43,동영상,,3주차
,http://openapi.kspo.or.kr/web/video/,어르신을 위한 주간 운동프로그램 중 3주차에 해당하는 표준운동프로그램,314000109,29.96,1262,1920*1080,어르신,6700,0AUDLJ08S_00039_SC_00048.jpeg,2021,준비 운동,1883,한국어,무릎 돌리기(Knee circumduction),20221004,어르신기 3주차 운동프로그램,223.556,,mp4,0AUDLJ08S_00039.mp4,http://openapi.kspo.or.kr/web/image/0AUDLJ08S_00039/,44,동영상,,3주차
,http://openapi.kspo.or.kr/web/video/,어르신을 위한 주간 운동프로그램 중 3주차에 해당하는 표준운동프로그램,314000109,29.96,1263,1920*1080,어르신,6816,0AUDLJ08S_00039_SC_00049.jpeg,2021,준비 운동,1883,한국어,무릎 돌리기(Knee circumduction),20221004,어르신기 3주차 운동프로그램,227.427,,mp4,0AUDLJ08S_00039.mp4,http://openapi.kspo.or.kr/web/image/0AUDLJ08S_00039/,45,동영상,,3주차
,http://openapi.kspo.or.kr/web/video/,어르신을 위한 주간 운동프로그램 중 3주차에 해당하는 표준운동프로그램,314000109,29.96,1264,1920*1080,어르신,6845,0AUDLJ08S_00039_SC_00050.jpeg,2021,준비 운동,1883,한국어,무릎 돌리기(Knee circumduction),20221004,어르신기 3주차 운동프로그램,228.395,,mp4,0AUDLJ08S_00039.mp4,http://openapi.kspo.or.kr/web/image/0AUDLJ08S_00039/,46,동영상,,3주차
,http://openapi.kspo.or.kr/web/video/,어르신을 위한 주간 운동프로그램 중 3주차에 해당하는 표준운동프로그램,314000109,29.96,1265,1920*1080,어르신,6961,0AUDLJ08S_00039_SC_00051.jpeg,2021,준비 운동,1883,한국어,무릎 돌리기(Knee circumduction),20221004,어르신기 3주차 운동프로그램,232.265,,mp4,0AUDLJ08S_00039.mp4,http://openapi.kspo.or.kr/web/image/0AUDLJ08S_00039/,47,동영상,,3주차
,http://openapi.kspo.or.kr/web/video/,어르신을 위한 주간 운동프로그램 중 3주차에 해당하는 표준운동프로그램,314000109,29.96,1266,1920*1080,어르신,7077,0AUDLJ08S_00039_SC_00052.jpeg,2021,준비 운동,1883,한국어,"허리 굽히기(Hamstring, Spine stretch)",20221004,어르신기 3주차 운동프로그램,236.136,,mp4,0AUDLJ08S_00039.mp4,http://openapi.kspo.or.kr/web/image/0AUDLJ08S_00039/,48,동영상,,3주차
,http://openapi.kspo.or.kr/web/video/,어르신을 위한 주간 운동프로그램 중 3주차에 해당하는 표준운동프로그램,314000109,29.96,1267,1920*1080,어르신,7106,0AUDLJ08S_00039_SC_00053.jpeg,2021,준비 운동,1883,한국어,"허리 굽히기(Hamstring, Spine stretch)",20221004,어르신기 3주차 운동프로그램,237.103,,mp4,0AUDLJ08S_00039.mp4,http://openapi.kspo.or.kr/web/image/0AUDLJ08S_00039/,49,동영상,,3주차
,http://openapi.kspo.or.kr/web/video/,어르신을 위한 주간 운동프로그램 중 3주차에 해당하는 표준운동프로그램,314000109,29.96,1268,1920*1080,어르신,7135,0AUDLJ08S_00039_SC_00054.jpeg,2021,준비 운동,1883,한국어,"허리 굽히기(Hamstring, Spine stretch)",20221004,어르신기 3주차 운동프로그램,238.071,,mp4,0AUDLJ08S_00039.mp4,http://openapi.kspo.or.kr/web/image/0AUDLJ08S_00039/,50,동영상,,3주차
,http://openapi.kspo.or.kr/web/video/,어르신을 위한 주간 운동프로그램 중 3주차에 해당하는 표준운동프로그램,314000109,29.96,1269,1920*1080,어르신,7309,0AUDLJ08S_00039_SC_00055.jpeg,2021,준비 운동,1883,한국어,"허리 굽히기(Hamstring, Spine stretch)",20221004,어르신기 3주차 운동프로그램,243.877,,mp4,0AUDLJ08S_00039.mp4,http://openapi.kspo.or.kr/web/image/0AUDLJ08S_00039/,51,동영상,,3주차
,http://openapi.kspo.or.kr/web/video/,어르신을 위한 주간 운동프로그램 중 3주차에 해당하는 표준운동프로그램,314000109,29.96,1270,1920*1080,어르신,7425,0AUDLJ08S_00039_SC_00056.jpeg,2021,준비 운동,1883,한국어,"허리 굽히기(Hamstring, Spine stretch)",20221004,어르신기 3주차 운동프로그램,247.747,,mp4,0AUDLJ08S_00039.mp4,http://openapi.kspo.or.kr/web/image/0AUDLJ08S_00039/,52,동영상,,3주차
,http://openapi.kspo.or.kr/web/video/,어르신을 위한 주간 운동프로그램 중 3주차에 해당하는 표준운동프로그램,314000109,29.96,1271,1920*1080,어르신,7541,0AUDLJ08S_00039_SC_00057.jpeg,2021,준비 운동,1883,한국어,"허리 굽히기(Hamstring, Spine stretch)",20221004,어르신기 3주차 운동프로그램,251.618,,mp4,0AUDLJ08S_00039.mp4,http://openapi.kspo.or.kr/web/image/0AUDLJ08S_00039/,53,동영상,,3주차
,http://openapi.kspo.or.kr/web/video/,어르신을 위한 주간 운동프로그램 중 3주차에 해당하는 표준운동프로그램,314000109,29.96,1272,1920*1080,어르신,7686,0AUDLJ08S_00039_SC_00059.jpeg,2021,준비 운동,1883,한국어,허리 회전하기1(Trunk rotation stretch),20221004,어르신기 3주차 운동프로그램,256.456,,mp4,0AUDLJ08S_00039.mp4,http://openapi.kspo.or.kr/web/image/0AUDLJ08S_00039/,54,동영상,,3주차
,http://openapi.kspo.or.kr/web/video/,어르신을 위한 주간 운동프로그램 중 3주차에 해당하는 표준운동프로그램,314000109,29.96,1273,1920*1080,어르신,7715,0AUDLJ08S_00039_SC_00060.jpeg,2021,준비 운동,1883,한국어,허리 회전하기1(Trunk rotation stretch),20221004,어르신기 3주차 운동프로그램,257.424,,mp4,0AUDLJ08S_00039.mp4,http://openapi.kspo.or.kr/web/image/0AUDLJ08S_00039/,55,동영상,,3주차
,http://openapi.kspo.or.kr/web/video/,어르신을 위한 주간 운동프로그램 중 3주차에 해당하는 표준운동프로그램,314000109,29.96,1274,1920*1080,어르신,7889,0AUDLJ08S_00039_SC_00061.jpeg,2021,준비 운동,1883,한국어,허리 회전하기1(Trunk rotation stretch),20221004,어르신기 3주차 운동프로그램,263.229,,mp4,0AUDLJ08S_00039.mp4,http://openapi.kspo.or.kr/web/image/0AUDLJ08S_00039/,56,동영상,,3주차
,http://openapi.kspo.or.kr/web/video/,어르신을 위한 주간 운동프로그램 중 3주차에 해당하는 표준운동프로그램,314000109,29.96,1275,1920*1080,어르신,8034,0AUDLJ08S_00039_SC_00062.jpeg,2021,준비 운동,1883,한국어,허리 회전하기1(Trunk rotation stretch),20221004,어르신기 3주차 운동프로그램,268.068,,mp4,0AUDLJ08S_00039.mp4,http://openapi.kspo.or.kr/web/image/0AUDLJ08S_00039/,57,동영상,,3주차
,http://openapi.kspo.or.kr/web/video/,어르신을 위한 주간 운동프로그램 중 3주차에 해당하는 표준운동프로그램,314000109,29.96,1276,1920*1080,어르신,8150,0AUDLJ08S_00039_SC_00063.jpeg,2021,준비 운동,1883,한국어,허리 회전하기1(Trunk rotation stretch),20221004,어르신기 3주차 운동프로그램,271.938,,mp4,0AUDLJ08S_00039.mp4,http://openapi.kspo.or.kr/web/image/0AUDLJ08S_00039/,58,동영상,,3주차
,http://openapi.kspo.or.kr/web/video/,어르신을 위한 주간 운동프로그램 중 3주차에 해당하는 표준운동프로그램,314000109,29.96,1277,1920*1080,어르신,8295,0AUDLJ08S_00039_SC_00064.jpeg,2021,준비 운동,1883,한국어,허리 회전하기1(Trunk rotation stretch),20221004,어르신기 3주차 운동프로그램,276.776,,mp4,0AUDLJ08S_00039.mp4,http://openapi.kspo.or.kr/web/image/0AUDLJ08S_00039/,59,동영상,,3주차
,http://openapi.kspo.or.kr/web/video/,어르신을 위한 주간 운동프로그램 중 3주차에 해당하는 표준운동프로그램,314000109,29.96,1278,1920*1080,어르신,8411,0AUDLJ08S_00039_SC_00065.jpeg,2021,준비 운동,1883,한국어,허리 회전하기1(Trunk rotation stretch),20221004,어르신기 3주차 운동프로그램,280.647,,mp4,0AUDLJ08S_00039.mp4,http://openapi.kspo.or.kr/web/image/0AUDLJ08S_00039/,60,동영상,,3주차
,http://openapi.kspo.or.kr/web/video/,어르신을 위한 주간 운동프로그램 중 3주차에 해당하는 표준운동프로그램,314000109,29.96,1279,1920*1080,어르신,9049,0AUDLJ08S_00039_SC_00068.jpeg,2021,준비 운동,1883,한국어,허리 회전하기2(Trunk rotation stretch),20221005,어르신기 3주차 운동프로그램,301.935,,mp4,0AUDLJ08S_00039.mp4,http://openapi.kspo.or.kr/web/image/0AUDLJ08S_00039/,61,동영상,,3주차
,http://openapi.kspo.or.kr/web/video/,어르신을 위한 주간 운동프로그램 중 3주차에 해당하는 표준운동프로그램,314000109,29.96,1280,1920*1080,어르신,9136,0AUDLJ08S_00039_SC_00069.jpeg,2021,준비 운동,1883,한국어,허리 회전하기2(Trunk rotation stretch),20221005,어르신기 3주차 운동프로그램,304.838,,mp4,0AUDLJ08S_00039.mp4,http://openapi.kspo.or.kr/web/image/0AUDLJ08S_00039/,62,동영상,,3주차
,http://openapi.kspo.or.kr/web/video/,어르신을 위한 주간 운동프로그램 중 3주차에 해당하는 표준운동프로그램,314000109,29.96,1281,1920*1080,어르신,9223,0AUDLJ08S_00039_SC_00070.jpeg,2021,준비 운동,1883,한국어,허리 회전하기2(Trunk rotation stretch),20221005,어르신기 3주차 운동프로그램,307.741,,mp4,0AUDLJ08S_00039.mp4,http://openapi.kspo.or.kr/web/image/0AUDLJ08S_00039/,63,동영상,,3주차
,http://openapi.kspo.or.kr/web/video/,어르신을 위한 주간 운동프로그램 중 3주차에 해당하는 표준운동프로그램,314000109,29.96,1282,1920*1080,어르신,9339,0AUDLJ08S_00039_SC_00071.jpeg,2021,준비 운동,1883,한국어,허리 회전하기2(Trunk rotation stretch),20221005,어르신기 3주차 운동프로그램,311.611,,mp4,0AUDLJ08S_00039.mp4,http://openapi.kspo.or.kr/web/image/0AUDLJ08S_00039/,64,동영상,,3주차
,http://openapi.kspo.or.kr/web/video/,어르신을 위한 주간 운동프로그램 중 3주차에 해당하는 표준운동프로그램,314000109,29.96,1283,1920*1080,어르신,9455,0AUDLJ08S_00039_SC_00072.jpeg,2021,준비 운동,1883,한국어,허리 회전하기2(Trunk rotation stretch),20221005,어르신기 3주차 운동프로그램,315.482,,mp4,0AUDLJ08S_00039.mp4,http://openapi.kspo.or.kr/web/image/0AUDLJ08S_00039/,65,동영상,,3주차
,http://openapi.kspo.or.kr/web/video/,어르신을 위한 주간 운동프로그램 중 3주차에 해당하는 표준운동프로그램,314000109,29.96,1284,1920*1080,어르신,9571,0AUDLJ08S_00039_SC_00073.jpeg,2021,준비 운동,1883,한국어,허리 회전하기2(Trunk rotation stretch),20221005,어르신기 3주차 운동프로그램,319.352,,mp4,0AUDLJ08S_00039.mp4,http://openapi.kspo.or.kr/web/image/0AUDLJ08S_00039/,66,동영상,,3주차
,http://openapi.kspo.or.kr/web/video/,어르신을 위한 주간 운동프로그램 중 3주차에 해당하는 표준운동프로그램,314000109,29.96,1285,1920*1080,어르신,9803,0AUDLJ08S_00039_SC_00074.jpeg,2021,준비 운동,1883,한국어,옆구리 늘리기(Side bending stretch),20221005,어르신기 3주차 운동프로그램,327.093,,mp4,0AUDLJ08S_00039.mp4,http://openapi.kspo.or.kr/web/image/0AUDLJ08S_00039/,67,동영상,,3주차
,http://openapi.kspo.or.kr/web/video/,어르신을 위한 주간 운동프로그램 중 3주차에 해당하는 표준운동프로그램,314000109,29.96,1286,1920*1080,어르신,9890,0AUDLJ08S_00039_SC_00075.jpeg,2021,준비 운동,1883,한국어,옆구리 늘리기(Side bending stretch),20221005,어르신기 3주차 운동프로그램,329.996,,mp4,0AUDLJ08S_00039.mp4,http://openapi.kspo.or.kr/web/image/0AUDLJ08S_00039/,68,동영상,,3주차
,http://openapi.kspo.or.kr/web/video/,어르신을 위한 주간 운동프로그램 중 3주차에 해당하는 표준운동프로그램,314000109,29.96,1287,1920*1080,어르신,10035,0AUDLJ08S_00039_SC_00076.jpeg,2021,준비 운동,1883,한국어,옆구리 늘리기(Side bending stretch),20221005,어르신기 3주차 운동프로그램,334.834,,mp4,0AUDLJ08S_00039.mp4,http://openapi.kspo.or.kr/web/image/0AUDLJ08S_00039/,69,동영상,,3주차
,http://openapi.kspo.or.kr/web/video/,어르신을 위한 주간 운동프로그램 중 3주차에 해당하는 표준운동프로그램,314000109,29.96,1288,1920*1080,어르신,10151,0AUDLJ08S_00039_SC_00077.jpeg,2021,준비 운동,1883,한국어,옆구리 늘리기(Side bending stretch),20221005,어르신기 3주차 운동프로그램,338.705,,mp4,0AUDLJ08S_00039.mp4,http://openapi.kspo.or.kr/web/image/0AUDLJ08S_00039/,70,동영상,,3주차
,http://openapi.kspo.or.kr/web/video/,어르신을 위한 주간 운동프로그램 중 3주차에 해당하는 표준운동프로그램,314000109,29.96,1289,1920*1080,어르신,10325,0AUDLJ08S_00039_SC_00078.jpeg,2021,준비 운동,1883,한국어,옆구리 늘리기(Side bending stretch),20221005,어르신기 3주차 운동프로그램,344.511,,mp4,0AUDLJ08S_00039.mp4,http://openapi.kspo.or.kr/web/image/0AUDLJ08S_00039/,71,동영상,,3주차
,http://openapi.kspo.or.kr/web/video/,어르신을 위한 주간 운동프로그램 중 3주차에 해당하는 표준운동프로그램,314000109,29.96,1290,1920*1080,어르신,10412,0AUDLJ08S_00039_SC_00079.jpeg,2021,준비 운동,1883,한국어,옆구리 늘리기(Side bending stretch),20221005,어르신기 3주차 운동프로그램,347.414,,mp4,0AUDLJ08S_00039.mp4,http://openapi.kspo.or.kr/web/image/0AUDLJ08S_00039/,72,동영상,,3주차
,http://openapi.kspo.or.kr/web/video/,어르신을 위한 주간 운동프로그램 중 3주차에 해당하는 표준운동프로그램,314000109,29.96,1291,1920*1080,어르신,10586,0AUDLJ08S_00039_SC_00080.jpeg,2021,준비 운동,1883,한국어,"허리 크게 돌리기(Hamstring, Spine stretch)",20221005,어르신기 3주차 운동프로그램,353.219,,mp4,0AUDLJ08S_00039.mp4,http://openapi.kspo.or.kr/web/image/0AUDLJ08S_00039/,73,동영상,,3주차
,http://openapi.kspo.or.kr/web/video/,어르신을 위한 주간 운동프로그램 중 3주차에 해당하는 표준운동프로그램,314000109,29.96,1292,1920*1080,어르신,10673,0AUDLJ08S_00039_SC_00081.jpeg,2021,준비 운동,1883,한국어,"허리 크게 돌리기(Hamstring, Spine stretch)",20221005,어르신기 3주차 운동프로그램,356.122,,mp4,0AUDLJ08S_00039.mp4,http://openapi.kspo.or.kr/web/image/0AUDLJ08S_00039/,74,동영상,,3주차
,http://openapi.kspo.or.kr/web/video/,어르신을 위한 주간 운동프로그램 중 3주차에 해당하는 표준운동프로그램,314000109,29.96,1293,1920*1080,어르신,10818,0AUDLJ08S_00039_SC_00082.jpeg,2021,준비 운동,1883,한국어,"허리 크게 돌리기(Hamstring, Spine stretch)",20221005,어르신기 3주차 운동프로그램,360.96,,mp4,0AUDLJ08S_00039.mp4,http://openapi.kspo.or.kr/web/image/0AUDLJ08S_00039/,75,동영상,,3주차
,http://openapi.kspo.or.kr/web/video/,어르신을 위한 주간 운동프로그램 중 3주차에 해당하는 표준운동프로그램,314000109,29.96,1294,1920*1080,어르신,10876,0AUDLJ08S_00039_SC_00083.jpeg,2021,준비 운동,1883,한국어,"허리 크게 돌리기(Hamstring, Spine stretch)",20221005,어르신기 3주차 운동프로그램,362.896,,mp4,0AUDLJ08S_00039.mp4,http://openapi.kspo.or.kr/web/image/0AUDLJ08S_00039/,76,동영상,,3주차
,http://openapi.kspo.or.kr/web/video/,어르신을 위한 주간 운동프로그램 중 3주차에 해당하는 표준운동프로그램,314000109,29.96,1295,1920*1080,어르신,10934,0AUDLJ08S_00039_SC_00084.jpeg,2021,준비 운동,1883,한국어,"허리 크게 돌리기(Hamstring, Spine stretch)",20221005,어르신기 3주차 운동프로그램,364.831,,mp4,0AUDLJ08S_00039.mp4,http://openapi.kspo.or.kr/web/image/0AUDLJ08S_00039/,77,동영상,,3주차
,http://openapi.kspo.or.kr/web/video/,어르신을 위한 주간 운동프로그램 중 3주차에 해당하는 표준운동프로그램,314000109,29.96,1296,1920*1080,어르신,11021,0AUDLJ08S_00039_SC_00085.jpeg,2021,준비 운동,1883,한국어,"허리 크게 돌리기(Hamstring, Spine stretch)",20221005,어르신기 3주차 운동프로그램,367.734,,mp4,0AUDLJ08S_00039.mp4,http://openapi.kspo.or.kr/web/image/0AUDLJ08S_00039/,78,동영상,,3주차
,http://openapi.kspo.or.kr/web/video/,어르신을 위한 주간 운동프로그램 중 3주차에 해당하는 표준운동프로그램,314000109,29.96,1297,1920*1080,어르신,11195,0AUDLJ08S_00039_SC_00086.jpeg,2021,준비 운동,1883,한국어,"허리 크게 돌리기(Hamstring, Spine stretch)",20221005,어르신기 3주차 운동프로그램,373.54,,mp4,0AUDLJ08S_00039.mp4,http://openapi.kspo.or.kr/web/image/0AUDLJ08S_00039/,79,동영상,,3주차
,http://openapi.kspo.or.kr/web/video/,어르신을 위한 주간 운동프로그램 중 3주차에 해당하는 표준운동프로그램,314000109,29.96,1298,1920*1080,어르신,11340,0AUDLJ08S_00039_SC_00087.jpeg,2021,준비 운동,1883,한국어,"허리 크게 돌리기(Hamstring, Spine stretch)",20221005,어르신기 3주차 운동프로그램,378.378,,mp4,0AUDLJ08S_00039.mp4,http://openapi.kspo.or.kr/web/image/0AUDLJ08S_00039/,80,동영상,,3주차
,http://openapi.kspo.or.kr/web/video/,어르신을 위한 주간 운동프로그램 중 3주차에 해당하는 표준운동프로그램,314000109,29.96,1299,1920*1080,어르신,11514,0AUDLJ08S_00039_SC_00088.jpeg,2021,준비 운동,1883,한국어,"허리 크게 돌리기(Hamstring, Spine stretch)",20221005,어르신기 3주차 운동프로그램,384.184,,mp4,0AUDLJ08S_00039.mp4,http://openapi.kspo.or.kr/web/image/0AUDLJ08S_00039/,81,동영상,,3주차
,http://openapi.kspo.or.kr/web/video/,어르신을 위한 주간 운동프로그램 중 3주차에 해당하는 표준운동프로그램,314000109,29.96,1300,1920*1080,어르신,11572,0AUDLJ08S_00039_SC_00089.jpeg,2021,준비 운동,1883,한국어,"허리 크게 돌리기(Hamstring, Spine stretch)",20221005,어르신기 3주차 운동프로그램,386.119,,mp4,0AUDLJ08S_00039.mp4,http://openapi.kspo.or.kr/web/image/0AUDLJ08S_00039/,82,동영상,,3주차
,http://openapi.kspo.or.kr/web/video/,어르신을 위한 주간 운동프로그램 중 3주차에 해당하는 표준운동프로그램,314000109,29.96,1301,1920*1080,어르신,11630,0AUDLJ08S_00039_SC_00090.jpeg,2021,준비 운동,1883,한국어,"허리 크게 돌리기(Hamstring, Spine stretch)",20221005,어르신기 3주차 운동프로그램,388.054,,mp4,0AUDLJ08S_00039.mp4,http://openapi.kspo.or.kr/web/image/0AUDLJ08S_00039/,83,동영상,,3주차
,http://openapi.kspo.or.kr/web/video/,어르신을 위한 주간 운동프로그램 중 3주차에 해당하는 표준운동프로그램,314000109,29.96,1302,1920*1080,어르신,11688,0AUDLJ08S_00039_SC_00091.jpeg,2021,준비 운동,1883,한국어,"허리 크게 돌리기(Hamstring, Spine stretch)",20221005,어르신기 3주차 운동프로그램,389.989,,mp4,0AUDLJ08S_00039.mp4,http://openapi.kspo.or.kr/web/image/0AUDLJ08S_00039/,84,동영상,,3주차
,http://openapi.kspo.or.kr/web/video/,어르신을 위한 주간 운동프로그램 중 3주차에 해당하는 표준운동프로그램,314000109,29.96,1303,1920*1080,어르신,11717,0AUDLJ08S_00039_SC_00092.jpeg,2021,준비 운동,1883,한국어,"허리 크게 돌리기(Hamstring, Spine stretch)",20221005,어르신기 3주차 운동프로그램,390.957,,mp4,0AUDLJ08S_00039.mp4,http://openapi.kspo.or.kr/web/image/0AUDLJ08S_00039/,85,동영상,,3주차
,http://openapi.kspo.or.kr/web/video/,어르신을 위한 주간 운동프로그램 중 3주차에 해당하는 표준운동프로그램,314000109,29.96,1304,1920*1080,어르신,11775,0AUDLJ08S_00039_SC_00093.jpeg,2021,준비 운동,1883,한국어,"허리 크게 돌리기(Hamstring, Spine stretch)",20221005,어르신기 3주차 운동프로그램,392.892,,mp4,0AUDLJ08S_00039.mp4,http://openapi.kspo.or.kr/web/image/0AUDLJ08S_00039/,86,동영상,,3주차
,http://openapi.kspo.or.kr/web/video/,어르신을 위한 주간 운동프로그램 중 3주차에 해당하는 표준운동프로그램,314000109,29.96,1305,1920*1080,어르신,11920,0AUDLJ08S_00039_SC_00094.jpeg,2021,준비 운동,1883,한국어,"허리 크게 돌리기(Hamstring, Spine stretch)",20221005,어르신기 3주차 운동프로그램,397.731,,mp4,0AUDLJ08S_00039.mp4,http://openapi.kspo.or.kr/web/image/0AUDLJ08S_00039/,87,동영상,,3주차
,http://openapi.kspo.or.kr/web/video/,어르신을 위한 주간 운동프로그램 중 3주차에 해당하는 표준운동프로그램,314000109,29.96,1306,1920*1080,어르신,12065,0AUDLJ08S_00039_SC_00095.jpeg,2021,준비 운동,1883,한국어,"허리 크게 돌리기(Hamstring, Spine stretch)",20221005,어르신기 3주차 운동프로그램,402.569,,mp4,0AUDLJ08S_00039.mp4,http://openapi.kspo.or.kr/web/image/0AUDLJ08S_00039/,88,동영상,,3주차
,http://openapi.kspo.or.kr/web/video/,어르신을 위한 주간 운동프로그램 중 3주차에 해당하는 표준운동프로그램,314000109,29.96,1307,1920*1080,어르신,12355,0AUDLJ08S_00039_SC_00096.jpeg,2021,준비 운동,1883,한국어,제자리 걷기(Walking),20221005,어르신기 3주차 운동프로그램,412.245,,mp4,0AUDLJ08S_00039.mp4,http://openapi.kspo.or.kr/web/image/0AUDLJ08S_00039/,89,동영상,,3주차
,http://openapi.kspo.or.kr/web/video/,어르신을 위한 주간 운동프로그램 중 3주차에 해당하는 표준운동프로그램,314000109,29.96,1308,1920*1080,어르신,12413,0AUDLJ08S_00039_SC_00097.jpeg,2021,준비 운동,1883,한국어,제자리 걷기(Walking),20221005,어르신기 3주차 운동프로그램,414.18,,mp4,0AUDLJ08S_00039.mp4,http://openapi.kspo.or.kr/web/image/0AUDLJ08S_00039/,90,동영상,,3주차
,http://openapi.kspo.or.kr/web/video/,어르신을 위한 주간 운동프로그램 중 3주차에 해당하는 표준운동프로그램,314000109,29.96,1309,1920*1080,어르신,12500,0AUDLJ08S_00039_SC_00098.jpeg,2021,준비 운동,1883,한국어,제자리 걷기(Walking),20221005,어르신기 3주차 운동프로그램,417.083,,mp4,0AUDLJ08S_00039.mp4,http://openapi.kspo.or.kr/web/image/0AUDLJ08S_00039/,91,동영상,,3주차
,http://openapi.kspo.or.kr/web/video/,어르신을 위한 주간 운동프로그램 중 3주차에 해당하는 표준운동프로그램,314000109,29.96,1310,1920*1080,어르신,12587,0AUDLJ08S_00039_SC_00099.jpeg,2021,준비 운동,1883,한국어,제자리 걷기(Walking),20221005,어르신기 3주차 운동프로그램,419.986,,mp4,0AUDLJ08S_00039.mp4,http://openapi.kspo.or.kr/web/image/0AUDLJ08S_00039/,92,동영상,,3주차
,http://openapi.kspo.or.kr/web/video/,어르신을 위한 주간 운동프로그램 중 3주차에 해당하는 표준운동프로그램,314000109,29.96,1311,1920*1080,어르신,12645,0AUDLJ08S_00039_SC_00100.jpeg,2021,준비 운동,1883,한국어,제자리 걷기(Walking),20221005,어르신기 3주차 운동프로그램,421.921,,mp4,0AUDLJ08S_00039.mp4,http://openapi.kspo.or.kr/web/image/0AUDLJ08S_00039/,93,동영상,,3주차
,http://openapi.kspo.or.kr/web/video/,어르신을 위한 주간 운동프로그램 중 3주차에 해당하는 표준운동프로그램,314000109,29.96,1312,1920*1080,어르신,12674,0AUDLJ08S_00039_SC_00101.jpeg,2021,준비 운동,1883,한국어,제자리 걷기(Walking),20221005,어르신기 3주차 운동프로그램,422.889,,mp4,0AUDLJ08S_00039.mp4,http://openapi.kspo.or.kr/web/image/0AUDLJ08S_00039/,94,동영상,,3주차
,http://openapi.kspo.or.kr/web/video/,어르신을 위한 주간 운동프로그램 중 3주차에 해당하는 표준운동프로그램,314000109,29.96,1313,1920*1080,어르신,12732,0AUDLJ08S_00039_SC_00102.jpeg,2021,준비 운동,1883,한국어,제자리 걷기(Walking),20221005,어르신기 3주차 운동프로그램,424.824,,mp4,0AUDLJ08S_00039.mp4,http://openapi.kspo.or.kr/web/image/0AUDLJ08S_00039/,95,동영상,,3주차
,http://openapi.kspo.or.kr/web/video/,어르신을 위한 주간 운동프로그램 중 3주차에 해당하는 표준운동프로그램,314000109,29.96,1314,1920*1080,어르신,12906,0AUDLJ08S_00039_SC_00104.jpeg,2021,준비 운동,1883,한국어,제기차기(Deep lateral rotators stretch),20221005,어르신기 3주차 운동프로그램,430.63,,mp4,0AUDLJ08S_00039.mp4,http://openapi.kspo.or.kr/web/image/0AUDLJ08S_00039/,96,동영상,,3주차
,http://openapi.kspo.or.kr/web/video/,어르신을 위한 주간 운동프로그램 중 3주차에 해당하는 표준운동프로그램,314000109,29.96,1315,1920*1080,어르신,12935,0AUDLJ08S_00039_SC_00105.jpeg,2021,준비 운동,1883,한국어,제기차기(Deep lateral rotators stretch),20221005,어르신기 3주차 운동프로그램,431.598,,mp4,0AUDLJ08S_00039.mp4,http://openapi.kspo.or.kr/web/image/0AUDLJ08S_00039/,97,동영상,,3주차
,http://openapi.kspo.or.kr/web/video/,어르신을 위한 주간 운동프로그램 중 3주차에 해당하는 표준운동프로그램,314000109,29.96,1316,1920*1080,어르신,12964,0AUDLJ08S_00039_SC_00106.jpeg,2021,준비 운동,1883,한국어,제기차기(Deep lateral rotators stretch),20221005,어르신기 3주차 운동프로그램,432.565,,mp4,0AUDLJ08S_00039.mp4,http://openapi.kspo.or.kr/web/image/0AUDLJ08S_00039/,98,동영상,,3주차
,http://openapi.kspo.or.kr/web/video/,어르신을 위한 주간 운동프로그램 중 3주차에 해당하는 표준운동프로그램,314000109,29.96,1317,1920*1080,어르신,13022,0AUDLJ08S_00039_SC_00107.jpeg,2021,준비 운동,1883,한국어,제기차기(Deep lateral rotators stretch),20221005,어르신기 3주차 운동프로그램,434.501,,mp4,0AUDLJ08S_00039.mp4,http://openapi.kspo.or.kr/web/image/0AUDLJ08S_00039/,99,동영상,,3주차
,http://openapi.kspo.or.kr/web/video/,어르신을 위한 주간 운동프로그램 중 3주차에 해당하는 표준운동프로그램,314000109,29.96,1318,1920*1080,어르신,13196,0AUDLJ08S_00039_SC_00108.jpeg,2021,준비 운동,1883,한국어,제기차기(Deep lateral rotators stretch),20221005,어르신기 3주차 운동프로그램,440.306,,mp4,0AUDLJ08S_00039.mp4,http://openapi.kspo.or.kr/web/image/0AUDLJ08S_00039/,100,동영상,,3주차
,http://openapi.kspo.or.kr/web/video/,어르신을 위한 주간 운동프로그램 중 3주차에 해당하는 표준운동프로그램,314000109,29.96,1319,1920*1080,어르신,13312,0AUDLJ08S_00039_SC_00109.jpeg,2021,준비 운동,1883,한국어,제기차기(Deep lateral rotators stretch),20221005,어르신기 3주차 운동프로그램,444.177,,mp4,0AUDLJ08S_00039.mp4,http://openapi.kspo.or.kr/web/image/0AUDLJ08S_00039/,101,동영상,,3주차
,http://openapi.kspo.or.kr/web/video/,어르신을 위한 주간 운동프로그램 중 3주차에 해당하는 표준운동프로그램,314000109,29.96,1320,1920*1080,어르신,13370,0AUDLJ08S_00039_SC_00110.jpeg,2021,준비 운동,1883,한국어,제기차기(Deep lateral rotators stretch),20221005,어르신기 3주차 운동프로그램,446.112,,mp4,0AUDLJ08S_00039.mp4,http://openapi.kspo.or.kr/web/image/0AUDLJ08S_00039/,102,동영상,,3주차
,http://openapi.kspo.or.kr/web/video/,어르신을 위한 주간 운동프로그램 중 3주차에 해당하는 표준운동프로그램,314000109,29.96,1321,1920*1080,어르신,13486,0AUDLJ08S_00039_SC_00111.jpeg,2021,준비 운동,1883,한국어,제기차기(Deep lateral rotators stretch),20221005,어르신기 3주차 운동프로그램,449.983,,mp4,0AUDLJ08S_00039.mp4,http://openapi.kspo.or.kr/web/image/0AUDLJ08S_00039/,103,동영상,,3주차
,http://openapi.kspo.or.kr/web/video/,어르신을 위한 주간 운동프로그램 중 3주차에 해당하는 표준운동프로그램,314000109,29.96,1322,1920*1080,어르신,13573,0AUDLJ08S_00039_SC_00112.jpeg,2021,준비 운동,1883,한국어,제기차기(Deep lateral rotators stretch),20221005,어르신기 3주차 운동프로그램,452.886,,mp4,0AUDLJ08S_00039.mp4,http://openapi.kspo.or.kr/web/image/0AUDLJ08S_00039/,104,동영상,,3주차
,http://openapi.kspo.or.kr/web/video/,어르신을 위한 주간 운동프로그램 중 3주차에 해당하는 표준운동프로그램,314000109,29.96,1323,1920*1080,어르신,13950,0AUDLJ08S_00039_SC_00113.jpeg,2021,준비 운동,1883,한국어,다리 옆으로 들기(Adductor stretch),20221005,어르신기 3주차 운동프로그램,465.465,,mp4,0AUDLJ08S_00039.mp4,http://openapi.kspo.or.kr/web/image/0AUDLJ08S_00039/,105,동영상,,3주차
,http://openapi.kspo.or.kr/web/video/,어르신을 위한 주간 운동프로그램 중 3주차에 해당하는 표준운동프로그램,314000109,29.96,1324,1920*1080,어르신,14037,0AUDLJ08S_00039_SC_00114.jpeg,2021,준비 운동,1883,한국어,다리 옆으로 들기(Adductor stretch),20221005,어르신기 3주차 운동프로그램,468.368,,mp4,0AUDLJ08S_00039.mp4,http://openapi.kspo.or.kr/web/image/0AUDLJ08S_00039/,106,동영상,,3주차
,http://openapi.kspo.or.kr/web/video/,어르신을 위한 주간 운동프로그램 중 3주차에 해당하는 표준운동프로그램,314000109,29.96,1325,1920*1080,어르신,14124,0AUDLJ08S_00039_SC_00115.jpeg,2021,준비 운동,1883,한국어,다리 옆으로 들기(Adductor stretch),20221005,어르신기 3주차 운동프로그램,471.271,,mp4,0AUDLJ08S_00039.mp4,http://openapi.kspo.or.kr/web/image/0AUDLJ08S_00039/,107,동영상,,3주차
,http://openapi.kspo.or.kr/web/video/,어르신을 위한 주간 운동프로그램 중 3주차에 해당하는 표준운동프로그램,314000109,29.96,1326,1920*1080,어르신,14211,0AUDLJ08S_00039_SC_00116.jpeg,2021,준비 운동,1883,한국어,다리 옆으로 들기(Adductor stretch),20221005,어르신기 3주차 운동프로그램,474.174,,mp4,0AUDLJ08S_00039.mp4,http://openapi.kspo.or.kr/web/image/0AUDLJ08S_00039/,108,동영상,,3주차
,http://openapi.kspo.or.kr/web/video/,어르신을 위한 주간 운동프로그램 중 3주차에 해당하는 표준운동프로그램,314000109,29.96,1327,1920*1080,어르신,14240,0AUDLJ08S_00039_SC_00117.jpeg,2021,준비 운동,1883,한국어,다리 옆으로 들기(Adductor stretch),20221005,어르신기 3주차 운동프로그램,475.141,,mp4,0AUDLJ08S_00039.mp4,http://openapi.kspo.or.kr/web/image/0AUDLJ08S_00039/,109,동영상,,3주차
,http://openapi.kspo.or.kr/web/video/,어르신을 위한 주간 운동프로그램 중 3주차에 해당하는 표준운동프로그램,314000109,29.96,1328,1920*1080,어르신,14298,0AUDLJ08S_00039_SC_00118.jpeg,2021,준비 운동,1883,한국어,다리 옆으로 들기(Adductor stretch),20221005,어르신기 3주차 운동프로그램,477.077,,mp4,0AUDLJ08S_00039.mp4,http://openapi.kspo.or.kr/web/image/0AUDLJ08S_00039/,110,동영상,,3주차
,http://openapi.kspo.or.kr/web/video/,어르신을 위한 주간 운동프로그램 중 3주차에 해당하는 표준운동프로그램,314000109,29.96,1329,1920*1080,어르신,14472,0AUDLJ08S_00039_SC_00119.jpeg,2021,준비 운동,1883,한국어,다리 옆으로 들기(Adductor stretch),20221005,어르신기 3주차 운동프로그램,482.882,,mp4,0AUDLJ08S_00039.mp4,http://openapi.kspo.or.kr/web/image/0AUDLJ08S_00039/,111,동영상,,3주차
,http://openapi.kspo.or.kr/web/video/,어르신을 위한 주간 운동프로그램 중 3주차에 해당하는 표준운동프로그램,314000109,29.96,1330,1920*1080,어르신,14559,0AUDLJ08S_00039_SC_00120.jpeg,2021,준비 운동,1883,한국어,다리 옆으로 들기(Adductor stretch),20221005,어르신기 3주차 운동프로그램,485.785,,mp4,0AUDLJ08S_00039.mp4,http://openapi.kspo.or.kr/web/image/0AUDLJ08S_00039/,112,동영상,,3주차
,http://openapi.kspo.or.kr/web/video/,어르신을 위한 주간 운동프로그램 중 3주차에 해당하는 표준운동프로그램,314000109,29.96,1331,1920*1080,어르신,14646,0AUDLJ08S_00039_SC_00121.jpeg,2021,준비 운동,1883,한국어,다리 옆으로 들기(Adductor stretch),20221005,어르신기 3주차 운동프로그램,488.688,,mp4,0AUDLJ08S_00039.mp4,http://openapi.kspo.or.kr/web/image/0AUDLJ08S_00039/,113,동영상,,3주차
,http://openapi.kspo.or.kr/web/video/,어르신을 위한 주간 운동프로그램 중 3주차에 해당하는 표준운동프로그램,314000109,29.96,1332,1920*1080,어르신,14791,0AUDLJ08S_00039_SC_00123.jpeg,2021,준비 운동,1883,한국어,다리 뒤로 들기(Abdominals stretch),20221005,어르신기 3주차 운동프로그램,493.526,,mp4,0AUDLJ08S_00039.mp4,http://openapi.kspo.or.kr/web/image/0AUDLJ08S_00039/,114,동영상,,3주차
,http://openapi.kspo.or.kr/web/video/,어르신을 위한 주간 운동프로그램 중 3주차에 해당하는 표준운동프로그램,314000109,29.96,1333,1920*1080,어르신,14820,0AUDLJ08S_00039_SC_00124.jpeg,2021,준비 운동,1883,한국어,다리 뒤로 들기(Abdominals stretch),20221005,어르신기 3주차 운동프로그램,494.494,,mp4,0AUDLJ08S_00039.mp4,http://openapi.kspo.or.kr/web/image/0AUDLJ08S_00039/,115,동영상,,3주차
,http://openapi.kspo.or.kr/web/video/,어르신을 위한 주간 운동프로그램 중 3주차에 해당하는 표준운동프로그램,314000109,29.96,1334,1920*1080,어르신,14907,0AUDLJ08S_00039_SC_00125.jpeg,2021,준비 운동,1883,한국어,다리 뒤로 들기(Abdominals stretch),20221005,어르신기 3주차 운동프로그램,497.397,,mp4,0AUDLJ08S_00039.mp4,http://openapi.kspo.or.kr/web/image/0AUDLJ08S_00039/,116,동영상,,3주차
,http://openapi.kspo.or.kr/web/video/,어르신을 위한 주간 운동프로그램 중 3주차에 해당하는 표준운동프로그램,314000109,29.96,1335,1920*1080,어르신,15110,0AUDLJ08S_00039_SC_00126.jpeg,2021,준비 운동,1883,한국어,다리 뒤로 들기(Abdominals stretch),20221005,어르신기 3주차 운동프로그램,504.17,,mp4,0AUDLJ08S_00039.mp4,http://openapi.kspo.or.kr/web/image/0AUDLJ08S_00039/,117,동영상,,3주차
,http://openapi.kspo.or.kr/web/video/,어르신을 위한 주간 운동프로그램 중 3주차에 해당하는 표준운동프로그램,314000109,29.96,1336,1920*1080,어르신,15226,0AUDLJ08S_00039_SC_00127.jpeg,2021,준비 운동,1883,한국어,다리 뒤로 들기(Abdominals stretch),20221005,어르신기 3주차 운동프로그램,508.041,,mp4,0AUDLJ08S_00039.mp4,http://openapi.kspo.or.kr/web/image/0AUDLJ08S_00039/,118,동영상,,3주차
,http://openapi.kspo.or.kr/web/video/,어르신을 위한 주간 운동프로그램 중 3주차에 해당하는 표준운동프로그램,314000109,29.96,1337,1920*1080,어르신,15400,0AUDLJ08S_00039_SC_00128.jpeg,2021,준비 운동,1883,한국어,다리 뒤로 들기(Abdominals stretch),20221005,어르신기 3주차 운동프로그램,513.847,,mp4,0AUDLJ08S_00039.mp4,http://openapi.kspo.or.kr/web/image/0AUDLJ08S_00039/,119,동영상,,3주차
,http://openapi.kspo.or.kr/web/video/,어르신을 위한 주간 운동프로그램 중 3주차에 해당하는 표준운동프로그램,314000109,29.96,1338,1920*1080,어르신,15545,0AUDLJ08S_00039_SC_00129.jpeg,2021,준비 운동,1883,한국어,다리 뒤로 들기(Abdominals stretch),20221005,어르신기 3주차 운동프로그램,518.685,,mp4,0AUDLJ08S_00039.mp4,http://openapi.kspo.or.kr/web/image/0AUDLJ08S_00039/,120,동영상,,3주차
,http://openapi.kspo.or.kr/web/video/,어르신을 위한 주간 운동프로그램 중 3주차에 해당하는 표준운동프로그램,314000109,29.96,1339,1920*1080,어르신,15661,0AUDLJ08S_00039_SC_00130.jpeg,2021,준비 운동,1883,한국어,다리 뒤로 들기(Abdominals stretch),20221005,어르신기 3주차 운동프로그램,522.555,,mp4,0AUDLJ08S_00039.mp4,http://openapi.kspo.or.kr/web/image/0AUDLJ08S_00039/,121,동영상,,3주차
,http://openapi.kspo.or.kr/web/video/,어르신을 위한 주간 운동프로그램 중 3주차에 해당하는 표준운동프로그램,314000109,29.96,1340,1920*1080,어르신,15748,0AUDLJ08S_00039_SC_00131.jpeg,2021,준비 운동,1883,한국어,다리 뒤로 들기(Abdominals stretch),20221005,어르신기 3주차 운동프로그램,525.458,,mp4,0AUDLJ08S_00039.mp4,http://openapi.kspo.or.kr/web/image/0AUDLJ08S_00039/,122,동영상,,3주차
,http://openapi.kspo.or.kr/web/video/,어르신을 위한 주간 운동프로그램 중 3주차에 해당하는 표준운동프로그램,314000109,29.96,1341,1920*1080,어르신,16009,0AUDLJ08S_00039_SC_00132.jpeg,2021,준비 운동,1883,한국어,팔꿈치 굽히고 등 당기기/제자리 걷기(Row/Knee up),20221005,어르신기 3주차 운동프로그램,534.167,,mp4,0AUDLJ08S_00039.mp4,http://openapi.kspo.or.kr/web/image/0AUDLJ08S_00039/,123,동영상,,3주차
,http://openapi.kspo.or.kr/web/video/,어르신을 위한 주간 운동프로그램 중 3주차에 해당하는 표준운동프로그램,314000109,29.96,1342,1920*1080,어르신,16154,0AUDLJ08S_00039_SC_00133.jpeg,2021,준비 운동,1883,한국어,팔꿈치 굽히고 등 당기기/제자리 걷기(Row/Knee up),20221005,어르신기 3주차 운동프로그램,539.005,,mp4,0AUDLJ08S_00039.mp4,http://openapi.kspo.or.kr/web/image/0AUDLJ08S_00039/,124,동영상,,3주차
,http://openapi.kspo.or.kr/web/video/,어르신을 위한 주간 운동프로그램 중 3주차에 해당하는 표준운동프로그램,314000109,29.96,1343,1920*1080,어르신,16299,0AUDLJ08S_00039_SC_00134.jpeg,2021,준비 운동,1883,한국어,팔꿈치 굽히고 등 당기기/제자리 걷기(Row/Knee up),20221005,어르신기 3주차 운동프로그램,543.843,,mp4,0AUDLJ08S_00039.mp4,http://openapi.kspo.or.kr/web/image/0AUDLJ08S_00039/,125,동영상,,3주차
,http://openapi.kspo.or.kr/web/video/,어르신을 위한 주간 운동프로그램 중 3주차에 해당하는 표준운동프로그램,314000109,29.96,1344,1920*1080,어르신,16444,0AUDLJ08S_00039_SC_00135.jpeg,2021,준비 운동,1883,한국어,팔꿈치 굽히고 등 당기기/제자리 걷기(Row/Knee up),20221005,어르신기 3주차 운동프로그램,548.682,,mp4,0AUDLJ08S_00039.mp4,http://openapi.kspo.or.kr/web/image/0AUDLJ08S_00039/,126,동영상,,3주차
,http://openapi.kspo.or.kr/web/video/,어르신을 위한 주간 운동프로그램 중 3주차에 해당하는 표준운동프로그램,314000109,29.96,1345,1920*1080,어르신,16560,0AUDLJ08S_00039_SC_00136.jpeg,2021,준비 운동,1883,한국어,팔꿈치 굽히고 등 당기기/제자리 걷기(Row/Knee up),20221005,어르신기 3주차 운동프로그램,552.552,,mp4,0AUDLJ08S_00039.mp4,http://openapi.kspo.or.kr/web/image/0AUDLJ08S_00039/,127,동영상,,3주차
,http://openapi.kspo.or.kr/web/video/,어르신을 위한 주간 운동프로그램 중 3주차에 해당하는 표준운동프로그램,314000109,29.96,1346,1920*1080,어르신,16676,0AUDLJ08S_00039_SC_00137.jpeg,2021,준비 운동,1883,한국어,팔꿈치 굽히고 등 당기기/제자리 걷기(Row/Knee up),20221005,어르신기 3주차 운동프로그램,556.423,,mp4,0AUDLJ08S_00039.mp4,http://openapi.kspo.or.kr/web/image/0AUDLJ08S_00039/,128,동영상,,3주차
,http://openapi.kspo.or.kr/web/video/,어르신을 위한 주간 운동프로그램 중 3주차에 해당하는 표준운동프로그램,314000109,29.96,1347,1920*1080,어르신,16792,0AUDLJ08S_00039_SC_00138.jpeg,2021,준비 운동,1883,한국어,팔꿈치 굽히고 등 당기기/제자리 걷기(Row/Knee up),20221005,어르신기 3주차 운동프로그램,560.293,,mp4,0AUDLJ08S_00039.mp4,http://openapi.kspo.or.kr/web/image/0AUDLJ08S_00039/,129,동영상,,3주차
,http://openapi.kspo.or.kr/web/video/,어르신을 위한 주간 운동프로그램 중 3주차에 해당하는 표준운동프로그램,314000109,29.96,1348,1920*1080,어르신,16908,0AUDLJ08S_00039_SC_00139.jpeg,2021,준비 운동,1883,한국어,팔꿈치 굽히고 등 당기기/제자리 걷기(Row/Knee up),20221005,어르신기 3주차 운동프로그램,564.164,,mp4,0AUDLJ08S_00039.mp4,http://openapi.kspo.or.kr/web/image/0AUDLJ08S_00039/,130,동영상,,3주차
,http://openapi.kspo.or.kr/web/video/,어르신을 위한 주간 운동프로그램 중 3주차에 해당하는 표준운동프로그램,314000109,29.96,1349,1920*1080,어르신,17082,0AUDLJ08S_00039_SC_00140.jpeg,2021,준비 운동,1883,한국어,팔꿈치 굽히고 등 당기기/제자리 걷기(Row/Knee up),20221005,어르신기 3주차 운동프로그램,569.969,,mp4,0AUDLJ08S_00039.mp4,http://openapi.kspo.or.kr/web/image/0AUDLJ08S_00039/,131,동영상,,3주차
,http://openapi.kspo.or.kr/web/video/,어르신을 위한 주간 운동프로그램 중 3주차에 해당하는 표준운동프로그램,314000109,29.96,1350,1920*1080,어르신,17227,0AUDLJ08S_00039_SC_00141.jpeg,2021,준비 운동,1883,한국어,팔꿈치 굽히고 등 당기기/제자리 걷기(Row/Knee up),20221005,어르신기 3주차 운동프로그램,574.808,,mp4,0AUDLJ08S_00039.mp4,http://openapi.kspo.or.kr/web/image/0AUDLJ08S_00039/,132,동영상,,3주차
,http://openapi.kspo.or.kr/web/video/,어르신을 위한 주간 운동프로그램 중 3주차에 해당하는 표준운동프로그램,314000109,29.96,1351,1920*1080,어르신,17401,0AUDLJ08S_00039_SC_00142.jpeg,2021,준비 운동,1883,한국어,팔꿈치 굽히고 등 당기기/제자리 걷기(Row/Knee up),20221005,어르신기 3주차 운동프로그램,580.613,,mp4,0AUDLJ08S_00039.mp4,http://openapi.kspo.or.kr/web/image/0AUDLJ08S_00039/,133,동영상,,3주차
,http://openapi.kspo.or.kr/web/video/,어르신을 위한 주간 운동프로그램 중 3주차에 해당하는 표준운동프로그램,314000109,29.96,1352,1920*1080,어르신,17517,0AUDLJ08S_00039_SC_00143.jpeg,2021,준비 운동,1883,한국어,팔꿈치 굽히고 등 당기기/제자리 걷기(Row/Knee up),20221005,어르신기 3주차 운동프로그램,584.484,,mp4,0AUDLJ08S_00039.mp4,http://openapi.kspo.or.kr/web/image/0AUDLJ08S_00039/,134,동영상,,3주차
,http://openapi.kspo.or.kr/web/video/,어르신을 위한 주간 운동프로그램 중 3주차에 해당하는 표준운동프로그램,314000109,29.96,1353,1920*1080,어르신,17633,0AUDLJ08S_00039_SC_00144.jpeg,2021,준비 운동,1883,한국어,팔꿈치 굽히고 등 당기기/제자리 걷기(Row/Knee up),20221005,어르신기 3주차 운동프로그램,588.355,,mp4,0AUDLJ08S_00039.mp4,http://openapi.kspo.or.kr/web/image/0AUDLJ08S_00039/,135,동영상,,3주차
,http://openapi.kspo.or.kr/web/video/,어르신을 위한 주간 운동프로그램 중 3주차에 해당하는 표준운동프로그램,314000109,29.96,1354,1920*1080,어르신,17778,0AUDLJ08S_00039_SC_00145.jpeg,2021,준비 운동,1883,한국어,팔꿈치 굽히고 등 당기기/제자리 걷기(Row/Knee up),20221005,어르신기 3주차 운동프로그램,593.193,,mp4,0AUDLJ08S_00039.mp4,http://openapi.kspo.or.kr/web/image/0AUDLJ08S_00039/,136,동영상,,3주차
,http://openapi.kspo.or.kr/web/video/,어르신을 위한 주간 운동프로그램 중 3주차에 해당하는 표준운동프로그램,314000109,29.96,1355,1920*1080,어르신,17894,0AUDLJ08S_00039_SC_00146.jpeg,2021,준비 운동,1883,한국어,팔꿈치 굽히고 등 당기기/제자리 걷기(Row/Knee up),20221005,어르신기 3주차 운동프로그램,597.063,,mp4,0AUDLJ08S_00039.mp4,http://openapi.kspo.or.kr/web/image/0AUDLJ08S_00039/,137,동영상,,3주차
,http://openapi.kspo.or.kr/web/video/,어르신을 위한 주간 운동프로그램 중 3주차에 해당하는 표준운동프로그램,314000109,29.96,1356,1920*1080,어르신,18010,0AUDLJ08S_00039_SC_00147.jpeg,2021,준비 운동,1883,한국어,팔꿈치 굽히고 등 당기기/제자리 걷기(Row/Knee up),20221005,어르신기 3주차 운동프로그램,600.934,,mp4,0AUDLJ08S_00039.mp4,http://openapi.kspo.or.kr/web/image/0AUDLJ08S_00039/,138,동영상,,3주차
,http://openapi.kspo.or.kr/web/video/,어르신을 위한 주간 운동프로그램 중 3주차에 해당하는 표준운동프로그램,314000109,29.96,1357,1920*1080,어르신,18126,0AUDLJ08S_00039_SC_00148.jpeg,2021,준비 운동,1883,한국어,팔꿈치 굽히고 등 당기기/제자리 걷기(Row/Knee up),20221005,어르신기 3주차 운동프로그램,604.804,,mp4,0AUDLJ08S_00039.mp4,http://openapi.kspo.or.kr/web/image/0AUDLJ08S_00039/,139,동영상,,3주차
,http://openapi.kspo.or.kr/web/video/,어르신을 위한 주간 운동프로그램 중 3주차에 해당하는 표준운동프로그램,314000109,29.96,1358,1920*1080,어르신,18271,0AUDLJ08S_00039_SC_00149.jpeg,2021,준비 운동,1883,한국어,팔꿈치 굽히고 등 당기기/제자리 걷기(Row/Knee up),20221005,어르신기 3주차 운동프로그램,609.642,,mp4,0AUDLJ08S_00039.mp4,http://openapi.kspo.or.kr/web/image/0AUDLJ08S_00039/,140,동영상,,3주차
,http://openapi.kspo.or.kr/web/video/,어르신을 위한 주간 운동프로그램 중 3주차에 해당하는 표준운동프로그램,314000109,29.96,1359,1920*1080,어르신,18387,0AUDLJ08S_00039_SC_00150.jpeg,2021,준비 운동,1883,한국어,팔꿈치 굽히고 등 당기기/제자리 걷기(Row/Knee up),20221005,어르신기 3주차 운동프로그램,613.513,,mp4,0AUDLJ08S_00039.mp4,http://openapi.kspo.or.kr/web/image/0AUDLJ08S_00039/,141,동영상,,3주차
,http://openapi.kspo.or.kr/web/video/,어르신을 위한 주간 운동프로그램 중 3주차에 해당하는 표준운동프로그램,314000109,29.96,1360,1920*1080,어르신,18590,0AUDLJ08S_00039_SC_00151.jpeg,2021,준비 운동,1883,한국어,팔꿈치 굽히고 등 당기기/제자리 걷기(Row/Knee up),20221005,어르신기 3주차 운동프로그램,620.286,,mp4,0AUDLJ08S_00039.mp4,http://openapi.kspo.or.kr/web/image/0AUDLJ08S_00039/,142,동영상,,3주차
,http://openapi.kspo.or.kr/web/video/,어르신을 위한 주간 운동프로그램 중 3주차에 해당하는 표준운동프로그램,314000109,29.96,1361,1920*1080,어르신,18735,0AUDLJ08S_00039_SC_00152.jpeg,2021,준비 운동,1883,한국어,팔꿈치 굽히고 등 당기기/제자리 걷기(Row/Knee up),20221005,어르신기 3주차 운동프로그램,625.125,,mp4,0AUDLJ08S_00039.mp4,http://openapi.kspo.or.kr/web/image/0AUDLJ08S_00039/,143,동영상,,3주차
,http://openapi.kspo.or.kr/web/video/,어르신을 위한 주간 운동프로그램 중 3주차에 해당하는 표준운동프로그램,314000109,29.96,1362,1920*1080,어르신,18880,0AUDLJ08S_00039_SC_00153.jpeg,2021,준비 운동,1883,한국어,팔꿈치 굽히고 등 당기기/제자리 걷기(Row/Knee up),20221005,어르신기 3주차 운동프로그램,629.963,,mp4,0AUDLJ08S_00039.mp4,http://openapi.kspo.or.kr/web/image/0AUDLJ08S_00039/,144,동영상,,3주차
,http://openapi.kspo.or.kr/web/video/,어르신을 위한 주간 운동프로그램 중 3주차에 해당하는 표준운동프로그램,314000109,29.96,1363,1920*1080,어르신,18996,0AUDLJ08S_00039_SC_00154.jpeg,2021,준비 운동,1883,한국어,팔꿈치 굽히고 등 당기기/제자리 걷기(Row/Knee up),20221005,어르신기 3주차 운동프로그램,633.833,,mp4,0AUDLJ08S_00039.mp4,http://openapi.kspo.or.kr/web/image/0AUDLJ08S_00039/,145,동영상,,3주차
,http://openapi.kspo.or.kr/web/video/,어르신을 위한 주간 운동프로그램 중 3주차에 해당하는 표준운동프로그램,314000109,29.96,1364,1920*1080,어르신,19141,0AUDLJ08S_00039_SC_00155.jpeg,2021,준비 운동,1883,한국어,팔꿈치 굽히고 등 당기기/제자리 걷기(Row/Knee up),20221005,어르신기 3주차 운동프로그램,638.672,,mp4,0AUDLJ08S_00039.mp4,http://openapi.kspo.or.kr/web/image/0AUDLJ08S_00039/,146,동영상,,3주차
,http://openapi.kspo.or.kr/web/video/,어르신을 위한 주간 운동프로그램 중 3주차에 해당하는 표준운동프로그램,314000109,29.96,1365,1920*1080,어르신,19315,0AUDLJ08S_00039_SC_00156.jpeg,2021,준비 운동,1883,한국어,팔꿈치 굽히고 등 당기기/제자리 걷기(Row/Knee up),20221005,어르신기 3주차 운동프로그램,644.477,,mp4,0AUDLJ08S_00039.mp4,http://openapi.kspo.or.kr/web/image/0AUDLJ08S_00039/,147,동영상,,3주차
,http://openapi.kspo.or.kr/web/video/,어르신을 위한 주간 운동프로그램 중 3주차에 해당하는 표준운동프로그램,314000109,29.96,1366,1920*1080,어르신,19460,0AUDLJ08S_00039_SC_00157.jpeg,2021,준비 운동,1883,한국어,팔꿈치 굽히고 등 당기기/제자리 걷기(Row/Knee up),20221005,어르신기 3주차 운동프로그램,649.315,,mp4,0AUDLJ08S_00039.mp4,http://openapi.kspo.or.kr/web/image/0AUDLJ08S_00039/,148,동영상,,3주차
,http://openapi.kspo.or.kr/web/video/,어르신을 위한 주간 운동프로그램 중 3주차에 해당하는 표준운동프로그램,314000109,29.96,1367,1920*1080,어르신,19634,0AUDLJ08S_00039_SC_00158.jpeg,2021,준비 운동,1883,한국어,팔꿈치 굽히고 등 당기기/제자리 걷기(Row/Knee up),20221005,어르신기 3주차 운동프로그램,655.121,,mp4,0AUDLJ08S_00039.mp4,http://openapi.kspo.or.kr/web/image/0AUDLJ08S_00039/,149,동영상,,3주차
,http://openapi.kspo.or.kr/web/video/,어르신을 위한 주간 운동프로그램 중 3주차에 해당하는 표준운동프로그램,314000109,29.96,1368,1920*1080,어르신,19750,0AUDLJ08S_00039_SC_00159.jpeg,2021,준비 운동,1883,한국어,팔꿈치 굽히고 등 당기기/제자리 걷기(Row/Knee up),20221005,어르신기 3주차 운동프로그램,658.992,,mp4,0AUDLJ08S_00039.mp4,http://openapi.kspo.or.kr/web/image/0AUDLJ08S_00039/,150,동영상,,3주차
,http://openapi.kspo.or.kr/web/video/,어르신을 위한 주간 운동프로그램 중 3주차에 해당하는 표준운동프로그램,314000109,29.96,1369,1920*1080,어르신,19924,0AUDLJ08S_00039_SC_00160.jpeg,2021,준비 운동,1883,한국어,팔꿈치 굽히고 등 당기기/제자리 걷기(Row/Knee up),20221005,어르신기 3주차 운동프로그램,664.798,,mp4,0AUDLJ08S_00039.mp4,http://openapi.kspo.or.kr/web/image/0AUDLJ08S_00039/,151,동영상,,3주차
,http://openapi.kspo.or.kr/web/video/,어르신을 위한 주간 운동프로그램 중 3주차에 해당하는 표준운동프로그램,314000109,29.96,1370,1920*1080,어르신,20069,0AUDLJ08S_00039_SC_00161.jpeg,2021,준비 운동,1883,한국어,팔꿈치 굽히고 등 당기기/제자리 걷기(Row/Knee up),20221005,어르신기 3주차 운동프로그램,669.636,,mp4,0AUDLJ08S_00039.mp4,http://openapi.kspo.or.kr/web/image/0AUDLJ08S_00039/,152,동영상,,3주차
,http://openapi.kspo.or.kr/web/video/,어르신을 위한 주간 운동프로그램 중 3주차에 해당하는 표준운동프로그램,314000109,29.96,1371,1920*1080,어르신,20272,0AUDLJ08S_00039_SC_00162.jpeg,2021,준비 운동,1883,한국어,팔꿈치 굽히고 등 당기기/제자리 걷기(Row/Knee up),20221005,어르신기 3주차 운동프로그램,676.409,,mp4,0AUDLJ08S_00039.mp4,http://openapi.kspo.or.kr/web/image/0AUDLJ08S_00039/,153,동영상,,3주차
,http://openapi.kspo.or.kr/web/video/,어르신을 위한 주간 운동프로그램 중 3주차에 해당하는 표준운동프로그램,314000109,29.96,1372,1920*1080,어르신,20417,0AUDLJ08S_00039_SC_00163.jpeg,2021,준비 운동,1883,한국어,팔꿈치 굽히고 등 당기기/제자리 걷기(Row/Knee up),20221005,어르신기 3주차 운동프로그램,681.247,,mp4,0AUDLJ08S_00039.mp4,http://openapi.kspo.or.kr/web/image/0AUDLJ08S_00039/,154,동영상,,3주차
,http://openapi.kspo.or.kr/web/video/,어르신을 위한 주간 운동프로그램 중 3주차에 해당하는 표준운동프로그램,314000109,29.96,1373,1920*1080,어르신,20591,0AUDLJ08S_00039_SC_00164.jpeg,2021,준비 운동,1883,한국어,팔꿈치 굽히고 등 당기기/제자리 걷기(Row/Knee up),20221005,어르신기 3주차 운동프로그램,687.053,,mp4,0AUDLJ08S_00039.mp4,http://openapi.kspo.or.kr/web/image/0AUDLJ08S_00039/,155,동영상,,3주차
,http://openapi.kspo.or.kr/web/video/,어르신을 위한 주간 운동프로그램 중 3주차에 해당하는 표준운동프로그램,314000109,29.96,1374,1920*1080,어르신,20765,0AUDLJ08S_00039_SC_00165.jpeg,2021,준비 운동,1883,한국어,팔꿈치 굽히고 등 당기기/제자리 걷기(Row/Knee up),20221005,어르신기 3주차 운동프로그램,692.859,,mp4,0AUDLJ08S_00039.mp4,http://openapi.kspo.or.kr/web/image/0AUDLJ08S_00039/,156,동영상,,3주차
,http://openapi.kspo.or.kr/web/video/,어르신을 위한 주간 운동프로그램 중 3주차에 해당하는 표준운동프로그램,314000109,29.96,1375,1920*1080,어르신,20881,0AUDLJ08S_00039_SC_00166.jpeg,2021,준비 운동,1883,한국어,팔꿈치 굽히고 등 당기기/제자리 걷기(Row/Knee up),20221005,어르신기 3주차 운동프로그램,696.73,,mp4,0AUDLJ08S_00039.mp4,http://openapi.kspo.or.kr/web/image/0AUDLJ08S_00039/,157,동영상,,3주차
,http://openapi.kspo.or.kr/web/video/,어르신을 위한 주간 운동프로그램 중 3주차에 해당하는 표준운동프로그램,314000109,29.96,1376,1920*1080,어르신,20997,0AUDLJ08S_00039_SC_00167.jpeg,2021,준비 운동,1883,한국어,팔꿈치 굽히고 등 당기기/제자리 걷기(Row/Knee up),20221005,어르신기 3주차 운동프로그램,700.6,,mp4,0AUDLJ08S_00039.mp4,http://openapi.kspo.or.kr/web/image/0AUDLJ08S_00039/,158,동영상,,3주차
,http://openapi.kspo.or.kr/web/video/,어르신을 위한 주간 운동프로그램 중 3주차에 해당하는 표준운동프로그램,314000109,29.96,1377,1920*1080,어르신,21113,0AUDLJ08S_00039_SC_00168.jpeg,2021,준비 운동,1883,한국어,팔꿈치 굽히고 등 당기기/제자리 걷기(Row/Knee up),20221005,어르신기 3주차 운동프로그램,704.471,,mp4,0AUDLJ08S_00039.mp4,http://openapi.kspo.or.kr/web/image/0AUDLJ08S_00039/,159,동영상,,3주차
,http://openapi.kspo.or.kr/web/video/,어르신을 위한 주간 운동프로그램 중 3주차에 해당하는 표준운동프로그램,314000109,29.96,1378,1920*1080,어르신,21258,0AUDLJ08S_00039_SC_00169.jpeg,2021,본 운동,1883,한국어,모래시계 걷기(Sandglass walkiing),20221005,어르신기 3주차 운동프로그램,709.309,,mp4,0AUDLJ08S_00039.mp4,http://openapi.kspo.or.kr/web/image/0AUDLJ08S_00039/,160,동영상,,3주차
,http://openapi.kspo.or.kr/web/video/,어르신을 위한 주간 운동프로그램 중 3주차에 해당하는 표준운동프로그램,314000109,29.96,1379,1920*1080,어르신,21345,0AUDLJ08S_00039_SC_00170.jpeg,2021,본 운동,1883,한국어,모래시계 걷기(Sandglass walkiing),20221005,어르신기 3주차 운동프로그램,712.212,,mp4,0AUDLJ08S_00039.mp4,http://openapi.kspo.or.kr/web/image/0AUDLJ08S_00039/,161,동영상,,3주차
,http://openapi.kspo.or.kr/web/video/,어르신을 위한 주간 운동프로그램 중 3주차에 해당하는 표준운동프로그램,314000109,29.96,1380,1920*1080,어르신,21432,0AUDLJ08S_00039_SC_00171.jpeg,2021,본 운동,1883,한국어,모래시계 걷기(Sandglass walkiing),20221005,어르신기 3주차 운동프로그램,715.115,,mp4,0AUDLJ08S_00039.mp4,http://openapi.kspo.or.kr/web/image/0AUDLJ08S_00039/,162,동영상,,3주차
,http://openapi.kspo.or.kr/web/video/,어르신을 위한 주간 운동프로그램 중 3주차에 해당하는 표준운동프로그램,314000109,29.96,1381,1920*1080,어르신,21490,0AUDLJ08S_00039_SC_00172.jpeg,2021,본 운동,1883,한국어,모래시계 걷기(Sandglass walkiing),20221005,어르신기 3주차 운동프로그램,717.05,,mp4,0AUDLJ08S_00039.mp4,http://openapi.kspo.or.kr/web/image/0AUDLJ08S_00039/,163,동영상,,3주차
,http://openapi.kspo.or.kr/web/video/,어르신을 위한 주간 운동프로그램 중 3주차에 해당하는 표준운동프로그램,314000109,29.96,1382,1920*1080,어르신,21606,0AUDLJ08S_00039_SC_00173.jpeg,2021,본 운동,1883,한국어,모래시계 걷기(Sandglass walkiing),20221005,어르신기 3주차 운동프로그램,720.92,,mp4,0AUDLJ08S_00039.mp4,http://openapi.kspo.or.kr/web/image/0AUDLJ08S_00039/,164,동영상,,3주차
,http://openapi.kspo.or.kr/web/video/,어르신을 위한 주간 운동프로그램 중 3주차에 해당하는 표준운동프로그램,314000109,29.96,1383,1920*1080,어르신,21780,0AUDLJ08S_00039_SC_00174.jpeg,2021,본 운동,1883,한국어,모래시계 걷기(Sandglass walkiing),20221005,어르신기 3주차 운동프로그램,726.726,,mp4,0AUDLJ08S_00039.mp4,http://openapi.kspo.or.kr/web/image/0AUDLJ08S_00039/,165,동영상,,3주차
,http://openapi.kspo.or.kr/web/video/,어르신을 위한 주간 운동프로그램 중 3주차에 해당하는 표준운동프로그램,314000109,29.96,1384,1920*1080,어르신,21809,0AUDLJ08S_00039_SC_00175.jpeg,2021,본 운동,1883,한국어,모래시계 걷기(Sandglass walkiing),20221005,어르신기 3주차 운동프로그램,727.694,,mp4,0AUDLJ08S_00039.mp4,http://openapi.kspo.or.kr/web/image/0AUDLJ08S_00039/,166,동영상,,3주차
,http://openapi.kspo.or.kr/web/video/,어르신을 위한 주간 운동프로그램 중 3주차에 해당하는 표준운동프로그램,314000109,29.96,1385,1920*1080,어르신,21896,0AUDLJ08S_00039_SC_00176.jpeg,2021,본 운동,1883,한국어,모래시계 걷기(Sandglass walkiing),20221005,어르신기 3주차 운동프로그램,730.597,,mp4,0AUDLJ08S_00039.mp4,http://openapi.kspo.or.kr/web/image/0AUDLJ08S_00039/,167,동영상,,3주차
,http://openapi.kspo.or.kr/web/video/,어르신을 위한 주간 운동프로그램 중 3주차에 해당하는 표준운동프로그램,314000109,29.96,1386,1920*1080,어르신,22012,0AUDLJ08S_00039_SC_00177.jpeg,2021,본 운동,1883,한국어,모래시계 걷기(Sandglass walkiing),20221005,어르신기 3주차 운동프로그램,734.467,,mp4,0AUDLJ08S_00039.mp4,http://openapi.kspo.or.kr/web/image/0AUDLJ08S_00039/,168,동영상,,3주차
,http://openapi.kspo.or.kr/web/video/,어르신을 위한 주간 운동프로그램 중 3주차에 해당하는 표준운동프로그램,314000109,29.96,1387,1920*1080,어르신,22128,0AUDLJ08S_00039_SC_00178.jpeg,2021,본 운동,1883,한국어,모래시계 걷기(Sandglass walkiing),20221005,어르신기 3주차 운동프로그램,738.338,,mp4,0AUDLJ08S_00039.mp4,http://openapi.kspo.or.kr/web/image/0AUDLJ08S_00039/,169,동영상,,3주차
,http://openapi.kspo.or.kr/web/video/,어르신을 위한 주간 운동프로그램 중 3주차에 해당하는 표준운동프로그램,314000109,29.96,1388,1920*1080,어르신,22157,0AUDLJ08S_00039_SC_00179.jpeg,2021,본 운동,1883,한국어,모래시계 걷기(Sandglass walkiing),20221005,어르신기 3주차 운동프로그램,739.305,,mp4,0AUDLJ08S_00039.mp4,http://openapi.kspo.or.kr/web/image/0AUDLJ08S_00039/,170,동영상,,3주차
,http://openapi.kspo.or.kr/web/video/,어르신을 위한 주간 운동프로그램 중 3주차에 해당하는 표준운동프로그램,314000109,29.96,1389,1920*1080,어르신,22186,0AUDLJ08S_00039_SC_00180.jpeg,2021,본 운동,1883,한국어,모래시계 걷기(Sandglass walkiing),20221005,어르신기 3주차 운동프로그램,740.273,,mp4,0AUDLJ08S_00039.mp4,http://openapi.kspo.or.kr/web/image/0AUDLJ08S_00039/,171,동영상,,3주차
,http://openapi.kspo.or.kr/web/video/,어르신을 위한 주간 운동프로그램 중 3주차에 해당하는 표준운동프로그램,314000109,29.96,1390,1920*1080,어르신,22244,0AUDLJ08S_00039_SC_00181.jpeg,2021,본 운동,1883,한국어,모래시계 걷기(Sandglass walkiing),20221005,어르신기 3주차 운동프로그램,742.208,,mp4,0AUDLJ08S_00039.mp4,http://openapi.kspo.or.kr/web/image/0AUDLJ08S_00039/,172,동영상,,3주차
,http://openapi.kspo.or.kr/web/video/,어르신을 위한 주간 운동프로그램 중 3주차에 해당하는 표준운동프로그램,314000109,29.96,1391,1920*1080,어르신,23027,0AUDLJ08S_00039_SC_00183.jpeg,2021,본 운동,1883,한국어,다리 벌려 앉았다 일어서기(Wide squat),20221005,어르신기 3주차 운동프로그램,768.335,,mp4,0AUDLJ08S_00039.mp4,http://openapi.kspo.or.kr/web/image/0AUDLJ08S_00039/,173,동영상,,3주차
,http://openapi.kspo.or.kr/web/video/,어르신을 위한 주간 운동프로그램 중 3주차에 해당하는 표준운동프로그램,314000109,29.96,1392,1920*1080,어르신,23056,0AUDLJ08S_00039_SC_00184.jpeg,2021,본 운동,1883,한국어,다리 벌려 앉았다 일어서기(Wide squat),20221005,어르신기 3주차 운동프로그램,769.302,,mp4,0AUDLJ08S_00039.mp4,http://openapi.kspo.or.kr/web/image/0AUDLJ08S_00039/,174,동영상,,3주차
,http://openapi.kspo.or.kr/web/video/,어르신을 위한 주간 운동프로그램 중 3주차에 해당하는 표준운동프로그램,314000109,29.96,1393,1920*1080,어르신,23085,0AUDLJ08S_00039_SC_00185.jpeg,2021,본 운동,1883,한국어,다리 벌려 앉았다 일어서기(Wide squat),20221005,어르신기 3주차 운동프로그램,770.27,,mp4,0AUDLJ08S_00039.mp4,http://openapi.kspo.or.kr/web/image/0AUDLJ08S_00039/,175,동영상,,3주차
,http://openapi.kspo.or.kr/web/video/,어르신을 위한 주간 운동프로그램 중 3주차에 해당하는 표준운동프로그램,314000109,29.96,1394,1920*1080,어르신,23201,0AUDLJ08S_00039_SC_00186.jpeg,2021,본 운동,1883,한국어,다리 벌려 앉았다 일어서기(Wide squat),20221005,어르신기 3주차 운동프로그램,774.14,,mp4,0AUDLJ08S_00039.mp4,http://openapi.kspo.or.kr/web/image/0AUDLJ08S_00039/,176,동영상,,3주차
,http://openapi.kspo.or.kr/web/video/,어르신을 위한 주간 운동프로그램 중 3주차에 해당하는 표준운동프로그램,314000109,29.96,1395,1920*1080,어르신,23404,0AUDLJ08S_00039_SC_00187.jpeg,2021,본 운동,1883,한국어,다리 벌려 앉았다 일어서기(Wide squat),20221005,어르신기 3주차 운동프로그램,780.914,,mp4,0AUDLJ08S_00039.mp4,http://openapi.kspo.or.kr/web/image/0AUDLJ08S_00039/,177,동영상,,3주차
,http://openapi.kspo.or.kr/web/video/,어르신을 위한 주간 운동프로그램 중 3주차에 해당하는 표준운동프로그램,314000109,29.96,1396,1920*1080,어르신,23578,0AUDLJ08S_00039_SC_00188.jpeg,2021,본 운동,1883,한국어,다리 벌려 앉았다 일어서기(Wide squat),20221005,어르신기 3주차 운동프로그램,786.72,,mp4,0AUDLJ08S_00039.mp4,http://openapi.kspo.or.kr/web/image/0AUDLJ08S_00039/,178,동영상,,3주차
,http://openapi.kspo.or.kr/web/video/,어르신을 위한 주간 운동프로그램 중 3주차에 해당하는 표준운동프로그램,314000109,29.96,1397,1920*1080,어르신,24303,0AUDLJ08S_00039_SC_00189.jpeg,2021,본 운동,1883,한국어,무릎대고 팔 굽혀 펴기(Kneeling push up),20221005,어르신기 3주차 운동프로그램,810.91,,mp4,0AUDLJ08S_00039.mp4,http://openapi.kspo.or.kr/web/image/0AUDLJ08S_00039/,179,동영상,,3주차
,http://openapi.kspo.or.kr/web/video/,어르신을 위한 주간 운동프로그램 중 3주차에 해당하는 표준운동프로그램,314000109,29.96,1398,1920*1080,어르신,24506,0AUDLJ08S_00039_SC_00190.jpeg,2021,본 운동,1883,한국어,무릎대고 팔 굽혀 펴기(Kneeling push up),20221005,어르신기 3주차 운동프로그램,817.684,,mp4,0AUDLJ08S_00039.mp4,http://openapi.kspo.or.kr/web/image/0AUDLJ08S_00039/,180,동영상,,3주차
,http://openapi.kspo.or.kr/web/video/,어르신을 위한 주간 운동프로그램 중 3주차에 해당하는 표준운동프로그램,314000109,29.96,1399,1920*1080,어르신,24535,0AUDLJ08S_00039_SC_00191.jpeg,2021,본 운동,1883,한국어,무릎대고 팔 굽혀 펴기(Kneeling push up),20221005,어르신기 3주차 운동프로그램,818.651,,mp4,0AUDLJ08S_00039.mp4,http://openapi.kspo.or.kr/web/image/0AUDLJ08S_00039/,181,동영상,,3주차
,http://openapi.kspo.or.kr/web/video/,어르신을 위한 주간 운동프로그램 중 3주차에 해당하는 표준운동프로그램,314000109,29.96,1400,1920*1080,어르신,24564,0AUDLJ08S_00039_SC_00192.jpeg,2021,본 운동,1883,한국어,무릎대고 팔 굽혀 펴기(Kneeling push up),20221005,어르신기 3주차 운동프로그램,819.619,,mp4,0AUDLJ08S_00039.mp4,http://openapi.kspo.or.kr/web/image/0AUDLJ08S_00039/,182,동영상,,3주차
,http://openapi.kspo.or.kr/web/video/,어르신을 위한 주간 운동프로그램 중 3주차에 해당하는 표준운동프로그램,314000109,29.96,1401,1920*1080,어르신,24622,0AUDLJ08S_00039_SC_00193.jpeg,2021,본 운동,1883,한국어,무릎대고 팔 굽혀 펴기(Kneeling push up),20221005,어르신기 3주차 운동프로그램,821.554,,mp4,0AUDLJ08S_00039.mp4,http://openapi.kspo.or.kr/web/image/0AUDLJ08S_00039/,183,동영상,,3주차
,http://openapi.kspo.or.kr/web/video/,어르신을 위한 주간 운동프로그램 중 3주차에 해당하는 표준운동프로그램,314000109,29.96,1402,1920*1080,어르신,24680,0AUDLJ08S_00039_SC_00194.jpeg,2021,본 운동,1883,한국어,무릎대고 팔 굽혀 펴기(Kneeling push up),20221005,어르신기 3주차 운동프로그램,823.49,,mp4,0AUDLJ08S_00039.mp4,http://openapi.kspo.or.kr/web/image/0AUDLJ08S_00039/,184,동영상,,3주차
,http://openapi.kspo.or.kr/web/video/,어르신을 위한 주간 운동프로그램 중 3주차에 해당하는 표준운동프로그램,314000109,29.96,1403,1920*1080,어르신,24883,0AUDLJ08S_00039_SC_00195.jpeg,2021,본 운동,1883,한국어,무릎대고 팔 굽혀 펴기(Kneeling push up),20221005,어르신기 3주차 운동프로그램,830.263,,mp4,0AUDLJ08S_00039.mp4,http://openapi.kspo.or.kr/web/image/0AUDLJ08S_00039/,185,동영상,,3주차
,http://openapi.kspo.or.kr/web/video/,어르신을 위한 주간 운동프로그램 중 3주차에 해당하는 표준운동프로그램,314000109,29.96,1404,1920*1080,어르신,24912,0AUDLJ08S_00039_SC_00196.jpeg,2021,본 운동,1883,한국어,무릎대고 팔 굽혀 펴기(Kneeling push up),20221005,어르신기 3주차 운동프로그램,831.231,,mp4,0AUDLJ08S_00039.mp4,http://openapi.kspo.or.kr/web/image/0AUDLJ08S_00039/,186,동영상,,3주차
,http://openapi.kspo.or.kr/web/video/,어르신을 위한 주간 운동프로그램 중 3주차에 해당하는 표준운동프로그램,314000109,29.96,1405,1920*1080,어르신,24941,0AUDLJ08S_00039_SC_00197.jpeg,2021,본 운동,1883,한국어,무릎대고 팔 굽혀 펴기(Kneeling push up),20221005,어르신기 3주차 운동프로그램,832.198,,mp4,0AUDLJ08S_00039.mp4,http://openapi.kspo.or.kr/web/image/0AUDLJ08S_00039/,187,동영상,,3주차
,http://openapi.kspo.or.kr/web/video/,어르신을 위한 주간 운동프로그램 중 3주차에 해당하는 표준운동프로그램,314000109,29.96,1406,1920*1080,어르신,24970,0AUDLJ08S_00039_SC_00198.jpeg,2021,본 운동,1883,한국어,무릎대고 팔 굽혀 펴기(Kneeling push up),20221005,어르신기 3주차 운동프로그램,833.166,,mp4,0AUDLJ08S_00039.mp4,http://openapi.kspo.or.kr/web/image/0AUDLJ08S_00039/,188,동영상,,3주차
,http://openapi.kspo.or.kr/web/video/,어르신을 위한 주간 운동프로그램 중 3주차에 해당하는 표준운동프로그램,314000109,29.96,1407,1920*1080,어르신,25376,0AUDLJ08S_00039_SC_00199.jpeg,2021,본 운동,1883,한국어,엎드려 누워서 팔 다리 들기(Superman),20221005,어르신기 3주차 운동프로그램,846.713,,mp4,0AUDLJ08S_00039.mp4,http://openapi.kspo.or.kr/web/image/0AUDLJ08S_00039/,189,동영상,,3주차
,http://openapi.kspo.or.kr/web/video/,어르신을 위한 주간 운동프로그램 중 3주차에 해당하는 표준운동프로그램,314000109,29.96,1408,1920*1080,어르신,25492,0AUDLJ08S_00039_SC_00200.jpeg,2021,본 운동,1883,한국어,엎드려 누워서 팔 다리 들기(Superman),20221005,어르신기 3주차 운동프로그램,850.583,,mp4,0AUDLJ08S_00039.mp4,http://openapi.kspo.or.kr/web/image/0AUDLJ08S_00039/,190,동영상,,3주차
,http://openapi.kspo.or.kr/web/video/,어르신을 위한 주간 운동프로그램 중 3주차에 해당하는 표준운동프로그램,314000109,29.96,1409,1920*1080,어르신,25521,0AUDLJ08S_00039_SC_00201.jpeg,2021,본 운동,1883,한국어,엎드려 누워서 팔 다리 들기(Superman),20221005,어르신기 3주차 운동프로그램,851.551,,mp4,0AUDLJ08S_00039.mp4,http://openapi.kspo.or.kr/web/image/0AUDLJ08S_00039/,191,동영상,,3주차
,http://openapi.kspo.or.kr/web/video/,어르신을 위한 주간 운동프로그램 중 3주차에 해당하는 표준운동프로그램,314000109,29.96,1410,1920*1080,어르신,25550,0AUDLJ08S_00039_SC_00202.jpeg,2021,본 운동,1883,한국어,엎드려 누워서 팔 다리 들기(Superman),20221005,어르신기 3주차 운동프로그램,852.519,,mp4,0AUDLJ08S_00039.mp4,http://openapi.kspo.or.kr/web/image/0AUDLJ08S_00039/,192,동영상,,3주차
,http://openapi.kspo.or.kr/web/video/,어르신을 위한 주간 운동프로그램 중 3주차에 해당하는 표준운동프로그램,314000109,29.96,1411,1920*1080,어르신,25579,0AUDLJ08S_00039_SC_00203.jpeg,2021,본 운동,1883,한국어,엎드려 누워서 팔 다리 들기(Superman),20221005,어르신기 3주차 운동프로그램,853.486,,mp4,0AUDLJ08S_00039.mp4,http://openapi.kspo.or.kr/web/image/0AUDLJ08S_00039/,193,동영상,,3주차
,http://openapi.kspo.or.kr/web/video/,어르신을 위한 주간 운동프로그램 중 3주차에 해당하는 표준운동프로그램,314000109,29.96,1412,1920*1080,어르신,25608,0AUDLJ08S_00039_SC_00204.jpeg,2021,본 운동,1883,한국어,엎드려 누워서 팔 다리 들기(Superman),20221005,어르신기 3주차 운동프로그램,854.454,,mp4,0AUDLJ08S_00039.mp4,http://openapi.kspo.or.kr/web/image/0AUDLJ08S_00039/,194,동영상,,3주차
,http://openapi.kspo.or.kr/web/video/,어르신을 위한 주간 운동프로그램 중 3주차에 해당하는 표준운동프로그램,314000109,29.96,1413,1920*1080,어르신,25637,0AUDLJ08S_00039_SC_00205.jpeg,2021,본 운동,1883,한국어,엎드려 누워서 팔 다리 들기(Superman),20221005,어르신기 3주차 운동프로그램,855.422,,mp4,0AUDLJ08S_00039.mp4,http://openapi.kspo.or.kr/web/image/0AUDLJ08S_00039/,195,동영상,,3주차
,http://openapi.kspo.or.kr/web/video/,어르신을 위한 주간 운동프로그램 중 3주차에 해당하는 표준운동프로그램,314000109,29.96,1414,1920*1080,어르신,25666,0AUDLJ08S_00039_SC_00206.jpeg,2021,본 운동,1883,한국어,엎드려 누워서 팔 다리 들기(Superman),20221005,어르신기 3주차 운동프로그램,856.389,,mp4,0AUDLJ08S_00039.mp4,http://openapi.kspo.or.kr/web/image/0AUDLJ08S_00039/,196,동영상,,3주차
,http://openapi.kspo.or.kr/web/video/,어르신을 위한 주간 운동프로그램 중 3주차에 해당하는 표준운동프로그램,314000109,29.96,1415,1920*1080,어르신,25724,0AUDLJ08S_00039_SC_00207.jpeg,2021,본 운동,1883,한국어,엎드려 누워서 팔 다리 들기(Superman),20221005,어르신기 3주차 운동프로그램,858.324,,mp4,0AUDLJ08S_00039.mp4,http://openapi.kspo.or.kr/web/image/0AUDLJ08S_00039/,197,동영상,,3주차
,http://openapi.kspo.or.kr/web/video/,어르신을 위한 주간 운동프로그램 중 3주차에 해당하는 표준운동프로그램,314000109,29.96,1416,1920*1080,어르신,25840,0AUDLJ08S_00039_SC_00208.jpeg,2021,본 운동,1883,한국어,엎드려 누워서 팔 다리 들기(Superman),20221005,어르신기 3주차 운동프로그램,862.195,,mp4,0AUDLJ08S_00039.mp4,http://openapi.kspo.or.kr/web/image/0AUDLJ08S_00039/,198,동영상,,3주차
,http://openapi.kspo.or.kr/web/video/,어르신을 위한 주간 운동프로그램 중 3주차에 해당하는 표준운동프로그램,314000109,29.96,1417,1920*1080,어르신,25956,0AUDLJ08S_00039_SC_00209.jpeg,2021,본 운동,1883,한국어,엎드려 누워서 팔 다리 들기(Superman),20221005,어르신기 3주차 운동프로그램,866.066,,mp4,0AUDLJ08S_00039.mp4,http://openapi.kspo.or.kr/web/image/0AUDLJ08S_00039/,199,동영상,,3주차
,http://openapi.kspo.or.kr/web/video/,어르신을 위한 주간 운동프로그램 중 3주차에 해당하는 표준운동프로그램,314000109,29.96,1418,1920*1080,어르신,26101,0AUDLJ08S_00039_SC_00210.jpeg,2021,본 운동,1883,한국어,엎드려 누워서 팔 다리 들기(Superman),20221005,어르신기 3주차 운동프로그램,870.904,,mp4,0AUDLJ08S_00039.mp4,http://openapi.kspo.or.kr/web/image/0AUDLJ08S_00039/,200,동영상,,3주차
,http://openapi.kspo.or.kr/web/video/,어르신을 위한 주간 운동프로그램 중 3주차에 해당하는 표준운동프로그램,314000109,29.96,1419,1920*1080,어르신,26188,0AUDLJ08S_00039_SC_00211.jpeg,2021,본 운동,1883,한국어,엎드려 누워서 팔 다리 들기(Superman),20221005,어르신기 3주차 운동프로그램,873.807,,mp4,0AUDLJ08S_00039.mp4,http://openapi.kspo.or.kr/web/image/0AUDLJ08S_00039/,201,동영상,,3주차
,http://openapi.kspo.or.kr/web/video/,어르신을 위한 주간 운동프로그램 중 3주차에 해당하는 표준운동프로그램,314000109,29.96,1420,1920*1080,어르신,26826,0AUDLJ08S_00039_SC_00212.jpeg,2021,본 운동,1883,한국어,팔 벌려 모래시계 걷기(Sandglass walking jack),20221005,어르신기 3주차 운동프로그램,895.095,,mp4,0AUDLJ08S_00039.mp4,http://openapi.kspo.or.kr/web/image/0AUDLJ08S_00039/,202,동영상,,3주차
,http://openapi.kspo.or.kr/web/video/,어르신을 위한 주간 운동프로그램 중 3주차에 해당하는 표준운동프로그램,314000109,29.96,1421,1920*1080,어르신,26942,0AUDLJ08S_00039_SC_00213.jpeg,2021,본 운동,1883,한국어,팔 벌려 모래시계 걷기(Sandglass walking jack),20221005,어르신기 3주차 운동프로그램,898.965,,mp4,0AUDLJ08S_00039.mp4,http://openapi.kspo.or.kr/web/image/0AUDLJ08S_00039/,203,동영상,,3주차
,http://openapi.kspo.or.kr/web/video/,어르신을 위한 주간 운동프로그램 중 3주차에 해당하는 표준운동프로그램,314000109,29.96,1422,1920*1080,어르신,27058,0AUDLJ08S_00039_SC_00214.jpeg,2021,본 운동,1883,한국어,팔 벌려 모래시계 걷기(Sandglass walking jack),20221005,어르신기 3주차 운동프로그램,902.836,,mp4,0AUDLJ08S_00039.mp4,http://openapi.kspo.or.kr/web/image/0AUDLJ08S_00039/,204,동영상,,3주차
,http://openapi.kspo.or.kr/web/video/,어르신을 위한 주간 운동프로그램 중 3주차에 해당하는 표준운동프로그램,314000109,29.96,1423,1920*1080,어르신,27174,0AUDLJ08S_00039_SC_00215.jpeg,2021,본 운동,1883,한국어,팔 벌려 모래시계 걷기(Sandglass walking jack),20221005,어르신기 3주차 운동프로그램,906.706,,mp4,0AUDLJ08S_00039.mp4,http://openapi.kspo.or.kr/web/image/0AUDLJ08S_00039/,205,동영상,,3주차
,http://openapi.kspo.or.kr/web/video/,어르신을 위한 주간 운동프로그램 중 3주차에 해당하는 표준운동프로그램,314000109,29.96,1424,1920*1080,어르신,27203,0AUDLJ08S_00039_SC_00216.jpeg,2021,본 운동,1883,한국어,팔 벌려 모래시계 걷기(Sandglass walking jack),20221005,어르신기 3주차 운동프로그램,907.674,,mp4,0AUDLJ08S_00039.mp4,http://openapi.kspo.or.kr/web/image/0AUDLJ08S_00039/,206,동영상,,3주차
,http://openapi.kspo.or.kr/web/video/,어르신을 위한 주간 운동프로그램 중 3주차에 해당하는 표준운동프로그램,314000109,29.96,1425,1920*1080,어르신,27232,0AUDLJ08S_00039_SC_00217.jpeg,2021,본 운동,1883,한국어,팔 벌려 모래시계 걷기(Sandglass walking jack),20221005,어르신기 3주차 운동프로그램,908.641,,mp4,0AUDLJ08S_00039.mp4,http://openapi.kspo.or.kr/web/image/0AUDLJ08S_00039/,207,동영상,,3주차
,http://openapi.kspo.or.kr/web/video/,어르신을 위한 주간 운동프로그램 중 3주차에 해당하는 표준운동프로그램,314000109,29.96,1426,1920*1080,어르신,27290,0AUDLJ08S_00039_SC_00218.jpeg,2021,본 운동,1883,한국어,팔 벌려 모래시계 걷기(Sandglass walking jack),20221005,어르신기 3주차 운동프로그램,910.577,,mp4,0AUDLJ08S_00039.mp4,http://openapi.kspo.or.kr/web/image/0AUDLJ08S_00039/,208,동영상,,3주차
,http://openapi.kspo.or.kr/web/video/,어르신을 위한 주간 운동프로그램 중 3주차에 해당하는 표준운동프로그램,314000109,29.96,1427,1920*1080,어르신,27406,0AUDLJ08S_00039_SC_00219.jpeg,2021,본 운동,1883,한국어,팔 벌려 모래시계 걷기(Sandglass walking jack),20221005,어르신기 3주차 운동프로그램,914.447,,mp4,0AUDLJ08S_00039.mp4,http://openapi.kspo.or.kr/web/image/0AUDLJ08S_00039/,209,동영상,,3주차
,http://openapi.kspo.or.kr/web/video/,어르신을 위한 주간 운동프로그램 중 3주차에 해당하는 표준운동프로그램,314000109,29.96,1428,1920*1080,어르신,27638,0AUDLJ08S_00039_SC_00221.jpeg,2021,본 운동,1883,한국어,상체 숙여서 뒤로 당기기(Bent over row),20221005,어르신기 3주차 운동프로그램,922.188,,mp4,0AUDLJ08S_00039.mp4,http://openapi.kspo.or.kr/web/image/0AUDLJ08S_00039/,210,동영상,,3주차
,http://openapi.kspo.or.kr/web/video/,어르신을 위한 주간 운동프로그램 중 3주차에 해당하는 표준운동프로그램,314000109,29.96,1429,1920*1080,어르신,27841,0AUDLJ08S_00039_SC_00222.jpeg,2021,본 운동,1883,한국어,상체 숙여서 뒤로 당기기(Bent over row),20221005,어르신기 3주차 운동프로그램,928.962,,mp4,0AUDLJ08S_00039.mp4,http://openapi.kspo.or.kr/web/image/0AUDLJ08S_00039/,211,동영상,,3주차
,http://openapi.kspo.or.kr/web/video/,어르신을 위한 주간 운동프로그램 중 3주차에 해당하는 표준운동프로그램,314000109,29.96,1430,1920*1080,어르신,28044,0AUDLJ08S_00039_SC_00223.jpeg,2021,본 운동,1883,한국어,상체 숙여서 뒤로 당기기(Bent over row),20221005,어르신기 3주차 운동프로그램,935.735,,mp4,0AUDLJ08S_00039.mp4,http://openapi.kspo.or.kr/web/image/0AUDLJ08S_00039/,212,동영상,,3주차
,http://openapi.kspo.or.kr/web/video/,어르신을 위한 주간 운동프로그램 중 3주차에 해당하는 표준운동프로그램,314000109,29.96,1431,1920*1080,어르신,35584,0AUDLJ08S_00039_SC_00273.jpeg,2021,본 운동,1883,한국어,데드버그(Dead bug),20221006,어르신기 3주차 운동프로그램,1187.32,,mp4,0AUDLJ08S_00039.mp4,http://openapi.kspo.or.kr/web/image/0AUDLJ08S_00039/,260,동영상,,3주차
,http://openapi.kspo.or.kr/web/video/,어르신을 위한 주간 운동프로그램 중 3주차에 해당하는 표준운동프로그램,314000109,29.96,1432,1920*1080,어르신,28218,0AUDLJ08S_00039_SC_00224.jpeg,2021,본 운동,1883,한국어,상체 숙여서 뒤로 당기기(Bent over row),20221005,어르신기 3주차 운동프로그램,941.541,,mp4,0AUDLJ08S_00039.mp4,http://openapi.kspo.or.kr/web/image/0AUDLJ08S_00039/,213,동영상,,3주차
,http://openapi.kspo.or.kr/web/video/,어르신을 위한 주간 운동프로그램 중 3주차에 해당하는 표준운동프로그램,314000109,29.96,1433,1920*1080,어르신,28392,0AUDLJ08S_00039_SC_00225.jpeg,2021,본 운동,1883,한국어,상체 숙여서 뒤로 당기기(Bent over row),20221005,어르신기 3주차 운동프로그램,947.347,,mp4,0AUDLJ08S_00039.mp4,http://openapi.kspo.or.kr/web/image/0AUDLJ08S_00039/,214,동영상,,3주차
,http://openapi.kspo.or.kr/web/video/,어르신을 위한 주간 운동프로그램 중 3주차에 해당하는 표준운동프로그램,314000109,29.96,1434,1920*1080,어르신,28595,0AUDLJ08S_00039_SC_00226.jpeg,2021,본 운동,1883,한국어,상체 숙여서 뒤로 당기기(Bent over row),20221005,어르신기 3주차 운동프로그램,954.12,,mp4,0AUDLJ08S_00039.mp4,http://openapi.kspo.or.kr/web/image/0AUDLJ08S_00039/,215,동영상,,3주차
,http://openapi.kspo.or.kr/web/video/,어르신을 위한 주간 운동프로그램 중 3주차에 해당하는 표준운동프로그램,314000109,29.96,1435,1920*1080,어르신,28740,0AUDLJ08S_00039_SC_00227.jpeg,2021,본 운동,1883,한국어,상체 숙여서 뒤로 당기기(Bent over row),20221005,어르신기 3주차 운동프로그램,958.958,,mp4,0AUDLJ08S_00039.mp4,http://openapi.kspo.or.kr/web/image/0AUDLJ08S_00039/,216,동영상,,3주차
,http://openapi.kspo.or.kr/web/video/,어르신을 위한 주간 운동프로그램 중 3주차에 해당하는 표준운동프로그램,314000109,29.96,1436,1920*1080,어르신,28769,0AUDLJ08S_00039_SC_00228.jpeg,2021,본 운동,1883,한국어,양발 앞뒤로 벌려 앉았다 일어서기(Half lunge),20221005,어르신기 3주차 운동프로그램,959.926,,mp4,0AUDLJ08S_00039.mp4,http://openapi.kspo.or.kr/web/image/0AUDLJ08S_00039/,217,동영상,,3주차
,http://openapi.kspo.or.kr/web/video/,어르신을 위한 주간 운동프로그램 중 3주차에 해당하는 표준운동프로그램,314000109,29.96,1437,1920*1080,어르신,28914,0AUDLJ08S_00039_SC_00229.jpeg,2021,본 운동,1883,한국어,양발 앞뒤로 벌려 앉았다 일어서기(Half lunge),20221005,어르신기 3주차 운동프로그램,964.764,,mp4,0AUDLJ08S_00039.mp4,http://openapi.kspo.or.kr/web/image/0AUDLJ08S_00039/,218,동영상,,3주차
,http://openapi.kspo.or.kr/web/video/,어르신을 위한 주간 운동프로그램 중 3주차에 해당하는 표준운동프로그램,314000109,29.96,1438,1920*1080,어르신,29001,0AUDLJ08S_00039_SC_00230.jpeg,2021,본 운동,1883,한국어,양발 앞뒤로 벌려 앉았다 일어서기(Half lunge),20221005,어르신기 3주차 운동프로그램,967.667,,mp4,0AUDLJ08S_00039.mp4,http://openapi.kspo.or.kr/web/image/0AUDLJ08S_00039/,219,동영상,,3주차
,http://openapi.kspo.or.kr/web/video/,어르신을 위한 주간 운동프로그램 중 3주차에 해당하는 표준운동프로그램,314000109,29.96,1439,1920*1080,어르신,29030,0AUDLJ08S_00039_SC_00231.jpeg,2021,본 운동,1883,한국어,양발 앞뒤로 벌려 앉았다 일어서기(Half lunge),20221005,어르신기 3주차 운동프로그램,968.635,,mp4,0AUDLJ08S_00039.mp4,http://openapi.kspo.or.kr/web/image/0AUDLJ08S_00039/,220,동영상,,3주차
,http://openapi.kspo.or.kr/web/video/,어르신을 위한 주간 운동프로그램 중 3주차에 해당하는 표준운동프로그램,314000109,29.96,1440,1920*1080,어르신,29204,0AUDLJ08S_00039_SC_00232.jpeg,2021,본 운동,1883,한국어,양발 앞뒤로 벌려 앉았다 일어서기(Half lunge),20221005,어르신기 3주차 운동프로그램,974.441,,mp4,0AUDLJ08S_00039.mp4,http://openapi.kspo.or.kr/web/image/0AUDLJ08S_00039/,221,동영상,,3주차
,http://openapi.kspo.or.kr/web/video/,어르신을 위한 주간 운동프로그램 중 3주차에 해당하는 표준운동프로그램,314000109,29.96,1441,1920*1080,어르신,29494,0AUDLJ08S_00039_SC_00233.jpeg,2021,본 운동,1883,한국어,양발 앞뒤로 벌려 앉았다 일어서기(Half lunge),20221005,어르신기 3주차 운동프로그램,984.117,,mp4,0AUDLJ08S_00039.mp4,http://openapi.kspo.or.kr/web/image/0AUDLJ08S_00039/,222,동영상,,3주차
,http://openapi.kspo.or.kr/web/video/,어르신을 위한 주간 운동프로그램 중 3주차에 해당하는 표준운동프로그램,314000109,29.96,1442,1920*1080,어르신,29668,0AUDLJ08S_00039_SC_00234.jpeg,2021,본 운동,1883,한국어,양발 앞뒤로 벌려 앉았다 일어서기(Half lunge),20221005,어르신기 3주차 운동프로그램,989.923,,mp4,0AUDLJ08S_00039.mp4,http://openapi.kspo.or.kr/web/image/0AUDLJ08S_00039/,223,동영상,,3주차
,http://openapi.kspo.or.kr/web/video/,어르신을 위한 주간 운동프로그램 중 3주차에 해당하는 표준운동프로그램,314000109,29.96,1443,1920*1080,어르신,29813,0AUDLJ08S_00039_SC_00235.jpeg,2021,본 운동,1883,한국어,양발 앞뒤로 벌려 앉았다 일어서기(Half lunge),20221005,어르신기 3주차 운동프로그램,994.761,,mp4,0AUDLJ08S_00039.mp4,http://openapi.kspo.or.kr/web/image/0AUDLJ08S_00039/,224,동영상,,3주차
,http://openapi.kspo.or.kr/web/video/,어르신을 위한 주간 운동프로그램 중 3주차에 해당하는 표준운동프로그램,314000109,29.96,1444,1920*1080,어르신,29987,0AUDLJ08S_00039_SC_00237.jpeg,2021,본 운동,1883,한국어,엎드려 몸통 버티기(Plank),20221005,어르신기 3주차 운동프로그램,1000.567,,mp4,0AUDLJ08S_00039.mp4,http://openapi.kspo.or.kr/web/image/0AUDLJ08S_00039/,225,동영상,,3주차
,http://openapi.kspo.or.kr/web/video/,어르신을 위한 주간 운동프로그램 중 3주차에 해당하는 표준운동프로그램,314000109,29.96,1445,1920*1080,어르신,30277,0AUDLJ08S_00039_SC_00238.jpeg,2021,본 운동,1883,한국어,엎드려 몸통 버티기(Plank),20221005,어르신기 3주차 운동프로그램,1010.243,,mp4,0AUDLJ08S_00039.mp4,http://openapi.kspo.or.kr/web/image/0AUDLJ08S_00039/,226,동영상,,3주차
,http://openapi.kspo.or.kr/web/video/,어르신을 위한 주간 운동프로그램 중 3주차에 해당하는 표준운동프로그램,314000109,29.96,1446,1920*1080,어르신,30393,0AUDLJ08S_00039_SC_00239.jpeg,2021,본 운동,1883,한국어,엎드려 몸통 버티기(Plank),20221005,어르신기 3주차 운동프로그램,1014.114,,mp4,0AUDLJ08S_00039.mp4,http://openapi.kspo.or.kr/web/image/0AUDLJ08S_00039/,227,동영상,,3주차
,http://openapi.kspo.or.kr/web/video/,어르신을 위한 주간 운동프로그램 중 3주차에 해당하는 표준운동프로그램,314000109,29.96,1447,1920*1080,어르신,30451,0AUDLJ08S_00039_SC_00240.jpeg,2021,본 운동,1883,한국어,엎드려 몸통 버티기(Plank),20221005,어르신기 3주차 운동프로그램,1016.049,,mp4,0AUDLJ08S_00039.mp4,http://openapi.kspo.or.kr/web/image/0AUDLJ08S_00039/,228,동영상,,3주차
,http://openapi.kspo.or.kr/web/video/,어르신을 위한 주간 운동프로그램 중 3주차에 해당하는 표준운동프로그램,314000109,29.96,1448,1920*1080,어르신,30509,0AUDLJ08S_00039_SC_00241.jpeg,2021,본 운동,1883,한국어,엎드려 몸통 버티기(Plank),20221005,어르신기 3주차 운동프로그램,1017.984,,mp4,0AUDLJ08S_00039.mp4,http://openapi.kspo.or.kr/web/image/0AUDLJ08S_00039/,229,동영상,,3주차
,http://openapi.kspo.or.kr/web/video/,어르신을 위한 주간 운동프로그램 중 3주차에 해당하는 표준운동프로그램,314000109,29.96,1449,1920*1080,어르신,30567,0AUDLJ08S_00039_SC_00242.jpeg,2021,본 운동,1883,한국어,엎드려 몸통 버티기(Plank),20221005,어르신기 3주차 운동프로그램,1019.919,,mp4,0AUDLJ08S_00039.mp4,http://openapi.kspo.or.kr/web/image/0AUDLJ08S_00039/,230,동영상,,3주차
,http://openapi.kspo.or.kr/web/video/,어르신을 위한 주간 운동프로그램 중 3주차에 해당하는 표준운동프로그램,314000109,29.96,1450,1920*1080,어르신,30625,0AUDLJ08S_00039_SC_00243.jpeg,2021,본 운동,1883,한국어,엎드려 몸통 버티기(Plank),20221005,어르신기 3주차 운동프로그램,1021.855,,mp4,0AUDLJ08S_00039.mp4,http://openapi.kspo.or.kr/web/image/0AUDLJ08S_00039/,231,동영상,,3주차
,http://openapi.kspo.or.kr/web/video/,어르신을 위한 주간 운동프로그램 중 3주차에 해당하는 표준운동프로그램,314000109,29.96,1451,1920*1080,어르신,30683,0AUDLJ08S_00039_SC_00244.jpeg,2021,본 운동,1883,한국어,엎드려 몸통 버티기(Plank),20221005,어르신기 3주차 운동프로그램,1023.79,,mp4,0AUDLJ08S_00039.mp4,http://openapi.kspo.or.kr/web/image/0AUDLJ08S_00039/,232,동영상,,3주차
,http://openapi.kspo.or.kr/web/video/,어르신을 위한 주간 운동프로그램 중 3주차에 해당하는 표준운동프로그램,314000109,29.96,1452,1920*1080,어르신,30741,0AUDLJ08S_00039_SC_00245.jpeg,2021,본 운동,1883,한국어,엎드려 몸통 버티기(Plank),20221005,어르신기 3주차 운동프로그램,1025.725,,mp4,0AUDLJ08S_00039.mp4,http://openapi.kspo.or.kr/web/image/0AUDLJ08S_00039/,233,동영상,,3주차
,http://openapi.kspo.or.kr/web/video/,어르신을 위한 주간 운동프로그램 중 3주차에 해당하는 표준운동프로그램,314000109,29.96,1453,1920*1080,어르신,31002,0AUDLJ08S_00039_SC_00246.jpeg,2021,본 운동,1883,한국어,엎드려 몸통 버티기(Plank),20221005,어르신기 3주차 운동프로그램,1034.434,,mp4,0AUDLJ08S_00039.mp4,http://openapi.kspo.or.kr/web/image/0AUDLJ08S_00039/,234,동영상,,3주차
,http://openapi.kspo.or.kr/web/video/,어르신을 위한 주간 운동프로그램 중 3주차에 해당하는 표준운동프로그램,314000109,29.96,1454,1920*1080,어르신,31553,0AUDLJ08S_00039_SC_00247.jpeg,2021,본 운동,1883,한국어,팔 벌려 모래시계 걷기/점프(Sandglass walking jack/Jump),20221005,어르신기 3주차 운동프로그램,1052.819,,mp4,0AUDLJ08S_00039.mp4,http://openapi.kspo.or.kr/web/image/0AUDLJ08S_00039/,235,동영상,,3주차
,http://openapi.kspo.or.kr/web/video/,어르신을 위한 주간 운동프로그램 중 3주차에 해당하는 표준운동프로그램,314000109,29.96,1455,1920*1080,어르신,31669,0AUDLJ08S_00039_SC_00248.jpeg,2021,본 운동,1883,한국어,팔 벌려 모래시계 걷기/점프(Sandglass walking jack/Jump),20221005,어르신기 3주차 운동프로그램,1056.69,,mp4,0AUDLJ08S_00039.mp4,http://openapi.kspo.or.kr/web/image/0AUDLJ08S_00039/,236,동영상,,3주차
,http://openapi.kspo.or.kr/web/video/,어르신을 위한 주간 운동프로그램 중 3주차에 해당하는 표준운동프로그램,314000109,29.96,1456,1920*1080,어르신,31785,0AUDLJ08S_00039_SC_00249.jpeg,2021,본 운동,1883,한국어,팔 벌려 모래시계 걷기/점프(Sandglass walking jack/Jump),20221005,어르신기 3주차 운동프로그램,1060.56,,mp4,0AUDLJ08S_00039.mp4,http://openapi.kspo.or.kr/web/image/0AUDLJ08S_00039/,237,동영상,,3주차
,http://openapi.kspo.or.kr/web/video/,어르신을 위한 주간 운동프로그램 중 3주차에 해당하는 표준운동프로그램,314000109,29.96,1457,1920*1080,어르신,31901,0AUDLJ08S_00039_SC_00250.jpeg,2021,본 운동,1883,한국어,팔 벌려 모래시계 걷기/점프(Sandglass walking jack/Jump),20221005,어르신기 3주차 운동프로그램,1064.431,,mp4,0AUDLJ08S_00039.mp4,http://openapi.kspo.or.kr/web/image/0AUDLJ08S_00039/,238,동영상,,3주차
,http://openapi.kspo.or.kr/web/video/,어르신을 위한 주간 운동프로그램 중 3주차에 해당하는 표준운동프로그램,314000109,29.96,1458,1920*1080,어르신,31930,0AUDLJ08S_00039_SC_00251.jpeg,2021,본 운동,1883,한국어,팔 벌려 모래시계 걷기/점프(Sandglass walking jack/Jump),20221005,어르신기 3주차 운동프로그램,1065.398,,mp4,0AUDLJ08S_00039.mp4,http://openapi.kspo.or.kr/web/image/0AUDLJ08S_00039/,239,동영상,,3주차
,http://openapi.kspo.or.kr/web/video/,어르신을 위한 주간 운동프로그램 중 3주차에 해당하는 표준운동프로그램,314000109,29.96,1459,1920*1080,어르신,32017,0AUDLJ08S_00039_SC_00252.jpeg,2021,본 운동,1883,한국어,팔 벌려 모래시계 걷기/점프(Sandglass walking jack/Jump),20221005,어르신기 3주차 운동프로그램,1068.301,,mp4,0AUDLJ08S_00039.mp4,http://openapi.kspo.or.kr/web/image/0AUDLJ08S_00039/,240,동영상,,3주차
,http://openapi.kspo.or.kr/web/video/,어르신을 위한 주간 운동프로그램 중 3주차에 해당하는 표준운동프로그램,314000109,29.96,1460,1920*1080,어르신,32133,0AUDLJ08S_00039_SC_00253.jpeg,2021,본 운동,1883,한국어,팔 벌려 모래시계 걷기/점프(Sandglass walking jack/Jump),20221005,어르신기 3주차 운동프로그램,1072.172,,mp4,0AUDLJ08S_00039.mp4,http://openapi.kspo.or.kr/web/image/0AUDLJ08S_00039/,241,동영상,,3주차
,http://openapi.kspo.or.kr/web/video/,어르신을 위한 주간 운동프로그램 중 3주차에 해당하는 표준운동프로그램,314000109,29.96,1461,1920*1080,어르신,32162,0AUDLJ08S_00039_SC_00254.jpeg,2021,본 운동,1883,한국어,팔 벌려 모래시계 걷기/점프(Sandglass walking jack/Jump),20221005,어르신기 3주차 운동프로그램,1073.139,,mp4,0AUDLJ08S_00039.mp4,http://openapi.kspo.or.kr/web/image/0AUDLJ08S_00039/,242,동영상,,3주차
,http://openapi.kspo.or.kr/web/video/,어르신을 위한 주간 운동프로그램 중 3주차에 해당하는 표준운동프로그램,314000109,29.96,1462,1920*1080,어르신,32191,0AUDLJ08S_00039_SC_00255.jpeg,2021,본 운동,1883,한국어,팔 벌려 모래시계 걷기/점프(Sandglass walking jack/Jump),20221005,어르신기 3주차 운동프로그램,1074.107,,mp4,0AUDLJ08S_00039.mp4,http://openapi.kspo.or.kr/web/image/0AUDLJ08S_00039/,243,동영상,,3주차
,http://openapi.kspo.or.kr/web/video/,어르신을 위한 주간 운동프로그램 중 3주차에 해당하는 표준운동프로그램,314000109,29.96,1463,1920*1080,어르신,35700,0AUDLJ08S_00039_SC_00274.jpeg,2021,본 운동,1883,한국어,데드버그(Dead bug),20221006,어르신기 3주차 운동프로그램,1191.191,,mp4,0AUDLJ08S_00039.mp4,http://openapi.kspo.or.kr/web/image/0AUDLJ08S_00039/,261,동영상,,3주차
,http://openapi.kspo.or.kr/web/video/,어르신을 위한 주간 운동프로그램 중 3주차에 해당하는 표준운동프로그램,314000109,29.96,1464,1920*1080,어르신,32249,0AUDLJ08S_00039_SC_00256.jpeg,2021,본 운동,1883,한국어,팔 벌려 모래시계 걷기/점프(Sandglass walking jack/Jump),20221005,어르신기 3주차 운동프로그램,1076.042,,mp4,0AUDLJ08S_00039.mp4,http://openapi.kspo.or.kr/web/image/0AUDLJ08S_00039/,244,동영상,,3주차
,http://openapi.kspo.or.kr/web/video/,어르신을 위한 주간 운동프로그램 중 3주차에 해당하는 표준운동프로그램,314000109,29.96,1465,1920*1080,어르신,32742,0AUDLJ08S_00039_SC_00257.jpeg,2021,본 운동,1883,한국어,머리 위로 들어올리기(Standing shoulder press),20221005,어르신기 3주차 운동프로그램,1092.492,,mp4,0AUDLJ08S_00039.mp4,http://openapi.kspo.or.kr/web/image/0AUDLJ08S_00039/,245,동영상,,3주차
,http://openapi.kspo.or.kr/web/video/,어르신을 위한 주간 운동프로그램 중 3주차에 해당하는 표준운동프로그램,314000109,29.96,1466,1920*1080,어르신,32974,0AUDLJ08S_00039_SC_00258.jpeg,2021,본 운동,1883,한국어,머리 위로 들어올리기(Standing shoulder press),20221005,어르신기 3주차 운동프로그램,1100.233,,mp4,0AUDLJ08S_00039.mp4,http://openapi.kspo.or.kr/web/image/0AUDLJ08S_00039/,246,동영상,,3주차
,http://openapi.kspo.or.kr/web/video/,어르신을 위한 주간 운동프로그램 중 3주차에 해당하는 표준운동프로그램,314000109,29.96,1467,1920*1080,어르신,33119,0AUDLJ08S_00039_SC_00259.jpeg,2021,본 운동,1883,한국어,머리 위로 들어올리기(Standing shoulder press),20221005,어르신기 3주차 운동프로그램,1105.071,,mp4,0AUDLJ08S_00039.mp4,http://openapi.kspo.or.kr/web/image/0AUDLJ08S_00039/,247,동영상,,3주차
,http://openapi.kspo.or.kr/web/video/,어르신을 위한 주간 운동프로그램 중 3주차에 해당하는 표준운동프로그램,314000109,29.96,1468,1920*1080,어르신,33351,0AUDLJ08S_00039_SC_00260.jpeg,2021,본 운동,1883,한국어,머리 위로 들어올리기(Standing shoulder press),20221005,어르신기 3주차 운동프로그램,1112.812,,mp4,0AUDLJ08S_00039.mp4,http://openapi.kspo.or.kr/web/image/0AUDLJ08S_00039/,248,동영상,,3주차
,http://openapi.kspo.or.kr/web/video/,어르신을 위한 주간 운동프로그램 중 3주차에 해당하는 표준운동프로그램,314000109,29.96,1469,1920*1080,어르신,33902,0AUDLJ08S_00039_SC_00261.jpeg,2021,본 운동,1883,한국어,다리 옆으로 들어올리기(Side Leg raise),20221005,어르신기 3주차 운동프로그램,1131.197,,mp4,0AUDLJ08S_00039.mp4,http://openapi.kspo.or.kr/web/image/0AUDLJ08S_00039/,249,동영상,,3주차
,http://openapi.kspo.or.kr/web/video/,어르신을 위한 주간 운동프로그램 중 3주차에 해당하는 표준운동프로그램,314000109,29.96,1470,1920*1080,어르신,34076,0AUDLJ08S_00039_SC_00262.jpeg,2021,본 운동,1883,한국어,다리 옆으로 들어올리기(Side Leg raise),20221005,어르신기 3주차 운동프로그램,1137.003,,mp4,0AUDLJ08S_00039.mp4,http://openapi.kspo.or.kr/web/image/0AUDLJ08S_00039/,250,동영상,,3주차
,http://openapi.kspo.or.kr/web/video/,어르신을 위한 주간 운동프로그램 중 3주차에 해당하는 표준운동프로그램,314000109,29.96,1471,1920*1080,어르신,34134,0AUDLJ08S_00039_SC_00263.jpeg,2021,본 운동,1883,한국어,다리 옆으로 들어올리기(Side Leg raise),20221005,어르신기 3주차 운동프로그램,1138.938,,mp4,0AUDLJ08S_00039.mp4,http://openapi.kspo.or.kr/web/image/0AUDLJ08S_00039/,251,동영상,,3주차
,http://openapi.kspo.or.kr/web/video/,어르신을 위한 주간 운동프로그램 중 3주차에 해당하는 표준운동프로그램,314000109,29.96,1472,1920*1080,어르신,34192,0AUDLJ08S_00039_SC_00264.jpeg,2021,본 운동,1883,한국어,다리 옆으로 들어올리기(Side Leg raise),20221005,어르신기 3주차 운동프로그램,1140.874,,mp4,0AUDLJ08S_00039.mp4,http://openapi.kspo.or.kr/web/image/0AUDLJ08S_00039/,252,동영상,,3주차
,http://openapi.kspo.or.kr/web/video/,어르신을 위한 주간 운동프로그램 중 3주차에 해당하는 표준운동프로그램,314000109,29.96,1473,1920*1080,어르신,34250,0AUDLJ08S_00039_SC_00265.jpeg,2021,본 운동,1883,한국어,다리 옆으로 들어올리기(Side Leg raise),20221005,어르신기 3주차 운동프로그램,1142.809,,mp4,0AUDLJ08S_00039.mp4,http://openapi.kspo.or.kr/web/image/0AUDLJ08S_00039/,253,동영상,,3주차
,http://openapi.kspo.or.kr/web/video/,어르신을 위한 주간 운동프로그램 중 3주차에 해당하는 표준운동프로그램,314000109,29.96,1474,1920*1080,어르신,34424,0AUDLJ08S_00039_SC_00266.jpeg,2021,본 운동,1883,한국어,다리 옆으로 들어올리기(Side Leg raise),20221005,어르신기 3주차 운동프로그램,1148.615,,mp4,0AUDLJ08S_00039.mp4,http://openapi.kspo.or.kr/web/image/0AUDLJ08S_00039/,254,동영상,,3주차
,http://openapi.kspo.or.kr/web/video/,어르신을 위한 주간 운동프로그램 중 3주차에 해당하는 표준운동프로그램,314000109,29.96,1475,1920*1080,어르신,34511,0AUDLJ08S_00039_SC_00267.jpeg,2021,본 운동,1883,한국어,다리 옆으로 들어올리기(Side Leg raise),20221005,어르신기 3주차 운동프로그램,1151.518,,mp4,0AUDLJ08S_00039.mp4,http://openapi.kspo.or.kr/web/image/0AUDLJ08S_00039/,255,동영상,,3주차
,http://openapi.kspo.or.kr/web/video/,어르신을 위한 주간 운동프로그램 중 3주차에 해당하는 표준운동프로그램,314000109,29.96,1476,1920*1080,어르신,34627,0AUDLJ08S_00039_SC_00268.jpeg,2021,본 운동,1883,한국어,다리 옆으로 들어올리기(Side Leg raise),20221005,어르신기 3주차 운동프로그램,1155.388,,mp4,0AUDLJ08S_00039.mp4,http://openapi.kspo.or.kr/web/image/0AUDLJ08S_00039/,256,동영상,,3주차
,http://openapi.kspo.or.kr/web/video/,어르신을 위한 주간 운동프로그램 중 3주차에 해당하는 표준운동프로그램,314000109,29.96,1477,1920*1080,어르신,34830,0AUDLJ08S_00039_SC_00270.jpeg,2021,본 운동,1883,한국어,데드버그(Dead bug),20221006,어르신기 3주차 운동프로그램,1162.162,,mp4,0AUDLJ08S_00039.mp4,http://openapi.kspo.or.kr/web/image/0AUDLJ08S_00039/,257,동영상,,3주차
,http://openapi.kspo.or.kr/web/video/,어르신을 위한 주간 운동프로그램 중 3주차에 해당하는 표준운동프로그램,314000109,29.96,1478,1920*1080,어르신,35352,0AUDLJ08S_00039_SC_00271.jpeg,2021,본 운동,1883,한국어,데드버그(Dead bug),20221006,어르신기 3주차 운동프로그램,1179.579,,mp4,0AUDLJ08S_00039.mp4,http://openapi.kspo.or.kr/web/image/0AUDLJ08S_00039/,258,동영상,,3주차
,http://openapi.kspo.or.kr/web/video/,어르신을 위한 주간 운동프로그램 중 3주차에 해당하는 표준운동프로그램,314000109,29.96,1479,1920*1080,어르신,35468,0AUDLJ08S_00039_SC_00272.jpeg,2021,본 운동,1883,한국어,데드버그(Dead bug),20221006,어르신기 3주차 운동프로그램,1183.45,,mp4,0AUDLJ08S_00039.mp4,http://openapi.kspo.or.kr/web/image/0AUDLJ08S_00039/,259,동영상,,3주차
,http://openapi.kspo.or.kr/web/video/,어르신을 위한 주간 운동프로그램 중 3주차에 해당하는 표준운동프로그램,314000109,29.96,1480,1920*1080,어르신,35787,0AUDLJ08S_00039_SC_00275.jpeg,2021,본 운동,1883,한국어,데드버그(Dead bug),20221006,어르신기 3주차 운동프로그램,1194.094,,mp4,0AUDLJ08S_00039.mp4,http://openapi.kspo.or.kr/web/image/0AUDLJ08S_00039/,262,동영상,,3주차
,http://openapi.kspo.or.kr/web/video/,어르신을 위한 주간 운동프로그램 중 3주차에 해당하는 표준운동프로그램,314000109,29.96,1481,1920*1080,어르신,36019,0AUDLJ08S_00039_SC_00276.jpeg,2021,본 운동,1883,한국어,데드버그(Dead bug),20221006,어르신기 3주차 운동프로그램,1201.835,,mp4,0AUDLJ08S_00039.mp4,http://openapi.kspo.or.kr/web/image/0AUDLJ08S_00039/,263,동영상,,3주차
,http://openapi.kspo.or.kr/web/video/,어르신을 위한 주간 운동프로그램 중 3주차에 해당하는 표준운동프로그램,314000109,29.96,1482,1920*1080,어르신,36164,0AUDLJ08S_00039_SC_00277.jpeg,2021,,1883,한국어,,20221006,어르신기 3주차 운동프로그램,1206.673,,mp4,0AUDLJ08S_00039.mp4,http://openapi.kspo.or.kr/web/image/0AUDLJ08S_00039/,264,동영상,,3주차
,http://openapi.kspo.or.kr/web/video/,어르신을 위한 주간 운동프로그램 중 3주차에 해당하는 표준운동프로그램,314000109,29.96,1483,1920*1080,어르신,36425,0AUDLJ08S_00039_SC_00279.jpeg,2021,정리 운동,1883,한국어,발목 관절 스트레칭(Ankle stretch),20221006,어르신기 3주차 운동프로그램,1215.382,,mp4,0AUDLJ08S_00039.mp4,http://openapi.kspo.or.kr/web/image/0AUDLJ08S_00039/,265,동영상,,3주차
,http://openapi.kspo.or.kr/web/video/,어르신을 위한 주간 운동프로그램 중 3주차에 해당하는 표준운동프로그램,314000109,29.96,1484,1920*1080,어르신,36773,0AUDLJ08S_00039_SC_00280.jpeg,2021,정리 운동,1883,한국어,발목 관절 스트레칭(Ankle stretch),20221006,어르신기 3주차 운동프로그램,1226.993,,mp4,0AUDLJ08S_00039.mp4,http://openapi.kspo.or.kr/web/image/0AUDLJ08S_00039/,266,동영상,,3주차
,http://openapi.kspo.or.kr/web/video/,어르신을 위한 주간 운동프로그램 중 3주차에 해당하는 표준운동프로그램,314000109,29.96,1485,1920*1080,어르신,36976,0AUDLJ08S_00039_SC_00281.jpeg,2021,정리 운동,1883,한국어,발목 관절 스트레칭(Ankle stretch),20221006,어르신기 3주차 운동프로그램,1233.767,,mp4,0AUDLJ08S_00039.mp4,http://openapi.kspo.or.kr/web/image/0AUDLJ08S_00039/,267,동영상,,3주차
,http://openapi.kspo.or.kr/web/video/,어르신을 위한 주간 운동프로그램 중 3주차에 해당하는 표준운동프로그램,314000109,29.96,1486,1920*1080,어르신,37150,0AUDLJ08S_00039_SC_00282.jpeg,2021,정리 운동,1883,한국어,발목 관절 스트레칭(Ankle stretch),20221006,어르신기 3주차 운동프로그램,1239.572,,mp4,0AUDLJ08S_00039.mp4,http://openapi.kspo.or.kr/web/image/0AUDLJ08S_00039/,268,동영상,,3주차
,http://openapi.kspo.or.kr/web/video/,어르신을 위한 주간 운동프로그램 중 3주차에 해당하는 표준운동프로그램,314000109,29.96,1487,1920*1080,어르신,37498,0AUDLJ08S_00039_SC_00283.jpeg,2021,정리 운동,1883,한국어,햄스트링/척추 스트레칭(Hamstring/Spine stetch),20221006,어르신기 3주차 운동프로그램,1251.184,,mp4,0AUDLJ08S_00039.mp4,http://openapi.kspo.or.kr/web/image/0AUDLJ08S_00039/,269,동영상,,3주차
,http://openapi.kspo.or.kr/web/video/,어르신을 위한 주간 운동프로그램 중 3주차에 해당하는 표준운동프로그램,314000109,29.96,1488,1920*1080,어르신,37643,0AUDLJ08S_00039_SC_00284.jpeg,2021,정리 운동,1883,한국어,햄스트링/척추 스트레칭(Hamstring/Spine stetch),20221006,어르신기 3주차 운동프로그램,1256.022,,mp4,0AUDLJ08S_00039.mp4,http://openapi.kspo.or.kr/web/image/0AUDLJ08S_00039/,270,동영상,,3주차
,http://openapi.kspo.or.kr/web/video/,어르신을 위한 주간 운동프로그램 중 3주차에 해당하는 표준운동프로그램,314000109,29.96,1489,1920*1080,어르신,37817,0AUDLJ08S_00039_SC_00285.jpeg,2021,정리 운동,1883,한국어,햄스트링/척추 스트레칭(Hamstring/Spine stetch),20221006,어르신기 3주차 운동프로그램,1261.828,,mp4,0AUDLJ08S_00039.mp4,http://openapi.kspo.or.kr/web/image/0AUDLJ08S_00039/,271,동영상,,3주차
,http://openapi.kspo.or.kr/web/video/,어르신을 위한 주간 운동프로그램 중 3주차에 해당하는 표준운동프로그램,314000109,29.96,1490,1920*1080,어르신,37933,0AUDLJ08S_00039_SC_00286.jpeg,2021,정리 운동,1883,한국어,햄스트링/척추 스트레칭(Hamstring/Spine stetch),20221006,어르신기 3주차 운동프로그램,1265.699,,mp4,0AUDLJ08S_00039.mp4,http://openapi.kspo.or.kr/web/image/0AUDLJ08S_00039/,272,동영상,,3주차
,http://openapi.kspo.or.kr/web/video/,어르신을 위한 주간 운동프로그램 중 3주차에 해당하는 표준운동프로그램,314000109,29.96,1491,1920*1080,어르신,38020,0AUDLJ08S_00039_SC_00287.jpeg,2021,정리 운동,1883,한국어,햄스트링/척추 스트레칭(Hamstring/Spine stetch),20221006,어르신기 3주차 운동프로그램,1268.601,,mp4,0AUDLJ08S_00039.mp4,http://openapi.kspo.or.kr/web/image/0AUDLJ08S_00039/,273,동영상,,3주차
,http://openapi.kspo.or.kr/web/video/,어르신을 위한 주간 운동프로그램 중 3주차에 해당하는 표준운동프로그램,314000109,29.96,1492,1920*1080,어르신,38165,0AUDLJ08S_00039_SC_00289.jpeg,2021,정리 운동,1883,한국어,엉덩관절 스트레칭(Butterfly pose),20221006,어르신기 3주차 운동프로그램,1273.44,,mp4,0AUDLJ08S_00039.mp4,http://openapi.kspo.or.kr/web/image/0AUDLJ08S_00039/,274,동영상,,3주차
,http://openapi.kspo.or.kr/web/video/,어르신을 위한 주간 운동프로그램 중 3주차에 해당하는 표준운동프로그램,314000109,29.96,1493,1920*1080,어르신,38223,0AUDLJ08S_00039_SC_00290.jpeg,2021,정리 운동,1883,한국어,엉덩관절 스트레칭(Butterfly pose),20221006,어르신기 3주차 운동프로그램,1275.375,,mp4,0AUDLJ08S_00039.mp4,http://openapi.kspo.or.kr/web/image/0AUDLJ08S_00039/,275,동영상,,3주차
,http://openapi.kspo.or.kr/web/video/,어르신을 위한 주간 운동프로그램 중 3주차에 해당하는 표준운동프로그램,314000109,29.96,1494,1920*1080,어르신,38252,0AUDLJ08S_00039_SC_00291.jpeg,2021,정리 운동,1883,한국어,엉덩관절 스트레칭(Butterfly pose),20221006,어르신기 3주차 운동프로그램,1276.343,,mp4,0AUDLJ08S_00039.mp4,http://openapi.kspo.or.kr/web/image/0AUDLJ08S_00039/,276,동영상,,3주차
,http://openapi.kspo.or.kr/web/video/,어르신을 위한 주간 운동프로그램 중 3주차에 해당하는 표준운동프로그램,314000109,29.96,1495,1920*1080,어르신,38281,0AUDLJ08S_00039_SC_00292.jpeg,2021,정리 운동,1883,한국어,엉덩관절 스트레칭(Butterfly pose),20221006,어르신기 3주차 운동프로그램,1277.31,,mp4,0AUDLJ08S_00039.mp4,http://openapi.kspo.or.kr/web/image/0AUDLJ08S_00039/,277,동영상,,3주차
,http://openapi.kspo.or.kr/web/video/,어르신을 위한 주간 운동프로그램 중 3주차에 해당하는 표준운동프로그램,314000109,29.96,1496,1920*1080,어르신,38310,0AUDLJ08S_00039_SC_00293.jpeg,2021,정리 운동,1883,한국어,엉덩관절 스트레칭(Butterfly pose),20221006,어르신기 3주차 운동프로그램,1278.278,,mp4,0AUDLJ08S_00039.mp4,http://openapi.kspo.or.kr/web/image/0AUDLJ08S_00039/,278,동영상,,3주차
,http://openapi.kspo.or.kr/web/video/,어르신을 위한 주간 운동프로그램 중 3주차에 해당하는 표준운동프로그램,314000109,29.96,1497,1920*1080,어르신,38339,0AUDLJ08S_00039_SC_00294.jpeg,2021,정리 운동,1883,한국어,엉덩관절 스트레칭(Butterfly pose),20221006,어르신기 3주차 운동프로그램,1279.245,,mp4,0AUDLJ08S_00039.mp4,http://openapi.kspo.or.kr/web/image/0AUDLJ08S_00039/,279,동영상,,3주차
,http://openapi.kspo.or.kr/web/video/,어르신을 위한 주간 운동프로그램 중 3주차에 해당하는 표준운동프로그램,314000109,29.96,1498,1920*1080,어르신,38484,0AUDLJ08S_00039_SC_00295.jpeg,2021,정리 운동,1883,한국어,엉덩관절 스트레칭(Butterfly pose),20221006,어르신기 3주차 운동프로그램,1284.084,,mp4,0AUDLJ08S_00039.mp4,http://openapi.kspo.or.kr/web/image/0AUDLJ08S_00039/,280,동영상,,3주차
,http://openapi.kspo.or.kr/web/video/,어르신을 위한 주간 운동프로그램 중 3주차에 해당하는 표준운동프로그램,314000109,29.96,1499,1920*1080,어르신,38600,0AUDLJ08S_00039_SC_00296.jpeg,2021,정리 운동,1883,한국어,엉덩관절 스트레칭(Butterfly pose),20221006,어르신기 3주차 운동프로그램,1287.954,,mp4,0AUDLJ08S_00039.mp4,http://openapi.kspo.or.kr/web/image/0AUDLJ08S_00039/,281,동영상,,3주차
,http://openapi.kspo.or.kr/web/video/,어르신을 위한 주간 운동프로그램 중 3주차에 해당하는 표준운동프로그램,314000109,29.96,1500,1920*1080,어르신,38716,0AUDLJ08S_00039_SC_00297.jpeg,2021,정리 운동,1883,한국어,엉덩관절 스트레칭(Butterfly pose),20221006,어르신기 3주차 운동프로그램,1291.825,,mp4,0AUDLJ08S_00039.mp4,http://openapi.kspo.or.kr/web/image/0AUDLJ08S_00039/,282,동영상,,3주차
,http://openapi.kspo.or.kr/web/video/,어르신을 위한 주간 운동프로그램 중 3주차에 해당하는 표준운동프로그램,314000109,29.96,1501,1920*1080,어르신,38803,0AUDLJ08S_00039_SC_00298.jpeg,2021,정리 운동,1883,한국어,엉덩관절 스트레칭(Butterfly pose),20221006,어르신기 3주차 운동프로그램,1294.728,,mp4,0AUDLJ08S_00039.mp4,http://openapi.kspo.or.kr/web/image/0AUDLJ08S_00039/,283,동영상,,3주차
,http://openapi.kspo.or.kr/web/video/,어르신을 위한 주간 운동프로그램 중 3주차에 해당하는 표준운동프로그램,314000109,29.96,1502,1920*1080,어르신,38919,0AUDLJ08S_00039_SC_00299.jpeg,2021,정리 운동,1883,한국어,엉덩관절 스트레칭(Butterfly pose),20221006,어르신기 3주차 운동프로그램,1298.598,,mp4,0AUDLJ08S_00039.mp4,http://openapi.kspo.or.kr/web/image/0AUDLJ08S_00039/,284,동영상,,3주차
,http://openapi.kspo.or.kr/web/video/,어르신을 위한 주간 운동프로그램 중 3주차에 해당하는 표준운동프로그램,314000109,29.96,1503,1920*1080,어르신,38948,0AUDLJ08S_00039_SC_00300.jpeg,2021,정리 운동,1883,한국어,엉덩관절 스트레칭(Butterfly pose),20221006,어르신기 3주차 운동프로그램,1299.566,,mp4,0AUDLJ08S_00039.mp4,http://openapi.kspo.or.kr/web/image/0AUDLJ08S_00039/,285,동영상,,3주차
,http://openapi.kspo.or.kr/web/video/,어르신을 위한 주간 운동프로그램 중 3주차에 해당하는 표준운동프로그램,314000109,29.96,1504,1920*1080,어르신,39122,0AUDLJ08S_00039_SC_00301.jpeg,2021,정리 운동,1883,한국어,내전근 스트레칭1(Adductor stretch),20221006,어르신기 3주차 운동프로그램,1305.372,,mp4,0AUDLJ08S_00039.mp4,http://openapi.kspo.or.kr/web/image/0AUDLJ08S_00039/,286,동영상,,3주차
,http://openapi.kspo.or.kr/web/video/,어르신을 위한 주간 운동프로그램 중 3주차에 해당하는 표준운동프로그램,314000109,29.96,1505,1920*1080,어르신,39151,0AUDLJ08S_00039_SC_00302.jpeg,2021,정리 운동,1883,한국어,내전근 스트레칭1(Adductor stretch),20221006,어르신기 3주차 운동프로그램,1306.339,,mp4,0AUDLJ08S_00039.mp4,http://openapi.kspo.or.kr/web/image/0AUDLJ08S_00039/,287,동영상,,3주차
,http://openapi.kspo.or.kr/web/video/,어르신을 위한 주간 운동프로그램 중 3주차에 해당하는 표준운동프로그램,314000109,29.96,1506,1920*1080,어르신,39180,0AUDLJ08S_00039_SC_00303.jpeg,2021,정리 운동,1883,한국어,내전근 스트레칭1(Adductor stretch),20221006,어르신기 3주차 운동프로그램,1307.307,,mp4,0AUDLJ08S_00039.mp4,http://openapi.kspo.or.kr/web/image/0AUDLJ08S_00039/,288,동영상,,3주차
,http://openapi.kspo.or.kr/web/video/,어르신을 위한 주간 운동프로그램 중 3주차에 해당하는 표준운동프로그램,314000109,29.96,1507,1920*1080,어르신,39209,0AUDLJ08S_00039_SC_00304.jpeg,2021,정리 운동,1883,한국어,내전근 스트레칭1(Adductor stretch),20221006,어르신기 3주차 운동프로그램,1308.274,,mp4,0AUDLJ08S_00039.mp4,http://openapi.kspo.or.kr/web/image/0AUDLJ08S_00039/,289,동영상,,3주차
,http://openapi.kspo.or.kr/web/video/,어르신을 위한 주간 운동프로그램 중 3주차에 해당하는 표준운동프로그램,314000109,29.96,1508,1920*1080,어르신,39325,0AUDLJ08S_00039_SC_00305.jpeg,2021,정리 운동,1883,한국어,내전근 스트레칭1(Adductor stretch),20221006,어르신기 3주차 운동프로그램,1312.145,,mp4,0AUDLJ08S_00039.mp4,http://openapi.kspo.or.kr/web/image/0AUDLJ08S_00039/,290,동영상,,3주차
,http://openapi.kspo.or.kr/web/video/,어르신을 위한 주간 운동프로그램 중 3주차에 해당하는 표준운동프로그램,314000109,29.96,1509,1920*1080,어르신,39354,0AUDLJ08S_00039_SC_00306.jpeg,2021,정리 운동,1883,한국어,내전근 스트레칭1(Adductor stretch),20221006,어르신기 3주차 운동프로그램,1313.113,,mp4,0AUDLJ08S_00039.mp4,http://openapi.kspo.or.kr/web/image/0AUDLJ08S_00039/,291,동영상,,3주차
,http://openapi.kspo.or.kr/web/video/,어르신을 위한 주간 운동프로그램 중 3주차에 해당하는 표준운동프로그램,314000109,29.96,1510,1920*1080,어르신,39383,0AUDLJ08S_00039_SC_00307.jpeg,2021,정리 운동,1883,한국어,내전근 스트레칭1(Adductor stretch),20221006,어르신기 3주차 운동프로그램,1314.08,,mp4,0AUDLJ08S_00039.mp4,http://openapi.kspo.or.kr/web/image/0AUDLJ08S_00039/,292,동영상,,3주차
,http://openapi.kspo.or.kr/web/video/,어르신을 위한 주간 운동프로그램 중 3주차에 해당하는 표준운동프로그램,314000109,29.96,1511,1920*1080,어르신,39441,0AUDLJ08S_00039_SC_00308.jpeg,2021,정리 운동,1883,한국어,내전근 스트레칭1(Adductor stretch),20221006,어르신기 3주차 운동프로그램,1316.016,,mp4,0AUDLJ08S_00039.mp4,http://openapi.kspo.or.kr/web/image/0AUDLJ08S_00039/,293,동영상,,3주차
,http://openapi.kspo.or.kr/web/video/,어르신을 위한 주간 운동프로그램 중 3주차에 해당하는 표준운동프로그램,314000109,29.96,1512,1920*1080,어르신,39470,0AUDLJ08S_00039_SC_00309.jpeg,2021,정리 운동,1883,한국어,내전근 스트레칭1(Adductor stretch),20221006,어르신기 3주차 운동프로그램,1316.983,,mp4,0AUDLJ08S_00039.mp4,http://openapi.kspo.or.kr/web/image/0AUDLJ08S_00039/,294,동영상,,3주차
,http://openapi.kspo.or.kr/web/video/,어르신을 위한 주간 운동프로그램 중 3주차에 해당하는 표준운동프로그램,314000109,29.96,1513,1920*1080,어르신,39528,0AUDLJ08S_00039_SC_00310.jpeg,2021,정리 운동,1883,한국어,내전근 스트레칭1(Adductor stretch),20221006,어르신기 3주차 운동프로그램,1318.918,,mp4,0AUDLJ08S_00039.mp4,http://openapi.kspo.or.kr/web/image/0AUDLJ08S_00039/,295,동영상,,3주차
,http://openapi.kspo.or.kr/web/video/,어르신을 위한 주간 운동프로그램 중 3주차에 해당하는 표준운동프로그램,314000109,29.96,1514,1920*1080,어르신,39586,0AUDLJ08S_00039_SC_00311.jpeg,2021,정리 운동,1883,한국어,내전근 스트레칭1(Adductor stretch),20221006,어르신기 3주차 운동프로그램,1320.854,,mp4,0AUDLJ08S_00039.mp4,http://openapi.kspo.or.kr/web/image/0AUDLJ08S_00039/,296,동영상,,3주차
,http://openapi.kspo.or.kr/web/video/,어르신을 위한 주간 운동프로그램 중 3주차에 해당하는 표준운동프로그램,314000109,29.96,1515,1920*1080,어르신,39644,0AUDLJ08S_00039_SC_00312.jpeg,2021,정리 운동,1883,한국어,내전근 스트레칭1(Adductor stretch),20221006,어르신기 3주차 운동프로그램,1322.789,,mp4,0AUDLJ08S_00039.mp4,http://openapi.kspo.or.kr/web/image/0AUDLJ08S_00039/,297,동영상,,3주차
,http://openapi.kspo.or.kr/web/video/,어르신을 위한 주간 운동프로그램 중 3주차에 해당하는 표준운동프로그램,314000109,29.96,1516,1920*1080,어르신,39702,0AUDLJ08S_00039_SC_00313.jpeg,2021,정리 운동,1883,한국어,내전근 스트레칭1(Adductor stretch),20221006,어르신기 3주차 운동프로그램,1324.724,,mp4,0AUDLJ08S_00039.mp4,http://openapi.kspo.or.kr/web/image/0AUDLJ08S_00039/,298,동영상,,3주차
,http://openapi.kspo.or.kr/web/video/,어르신을 위한 주간 운동프로그램 중 3주차에 해당하는 표준운동프로그램,314000109,29.96,1517,1920*1080,어르신,39760,0AUDLJ08S_00039_SC_00314.jpeg,2021,정리 운동,1883,한국어,내전근 스트레칭1(Adductor stretch),20221006,어르신기 3주차 운동프로그램,1326.659,,mp4,0AUDLJ08S_00039.mp4,http://openapi.kspo.or.kr/web/image/0AUDLJ08S_00039/,299,동영상,,3주차
,http://openapi.kspo.or.kr/web/video/,어르신을 위한 주간 운동프로그램 중 3주차에 해당하는 표준운동프로그램,314000109,29.96,1518,1920*1080,어르신,39789,0AUDLJ08S_00039_SC_00315.jpeg,2021,정리 운동,1883,한국어,내전근 스트레칭1(Adductor stretch),20221006,어르신기 3주차 운동프로그램,1327.627,,mp4,0AUDLJ08S_00039.mp4,http://openapi.kspo.or.kr/web/image/0AUDLJ08S_00039/,300,동영상,,3주차
,http://openapi.kspo.or.kr/web/video/,어르신을 위한 주간 운동프로그램 중 3주차에 해당하는 표준운동프로그램,314000109,29.96,1519,1920*1080,어르신,39905,0AUDLJ08S_00039_SC_00316.jpeg,2021,정리 운동,1883,한국어,내전근 스트레칭1(Adductor stretch),20221006,어르신기 3주차 운동프로그램,1331.498,,mp4,0AUDLJ08S_00039.mp4,http://openapi.kspo.or.kr/web/image/0AUDLJ08S_00039/,301,동영상,,3주차
,http://openapi.kspo.or.kr/web/video/,어르신을 위한 주간 운동프로그램 중 3주차에 해당하는 표준운동프로그램,314000109,29.96,1520,1920*1080,어르신,39992,0AUDLJ08S_00039_SC_00318.jpeg,2021,정리 운동,1883,한국어,내전근 스트레칭2(Adductor stretch),20221006,어르신기 3주차 운동프로그램,1334.401,,mp4,0AUDLJ08S_00039.mp4,http://openapi.kspo.or.kr/web/image/0AUDLJ08S_00039/,302,동영상,,3주차
,http://openapi.kspo.or.kr/web/video/,어르신을 위한 주간 운동프로그램 중 3주차에 해당하는 표준운동프로그램,314000109,29.96,1521,1920*1080,어르신,40021,0AUDLJ08S_00039_SC_00319.jpeg,2021,정리 운동,1883,한국어,내전근 스트레칭2(Adductor stretch),20221006,어르신기 3주차 운동프로그램,1335.368,,mp4,0AUDLJ08S_00039.mp4,http://openapi.kspo.or.kr/web/image/0AUDLJ08S_00039/,303,동영상,,3주차
,http://openapi.kspo.or.kr/web/video/,어르신을 위한 주간 운동프로그램 중 3주차에 해당하는 표준운동프로그램,314000109,29.96,1522,1920*1080,어르신,40166,0AUDLJ08S_00039_SC_00320.jpeg,2021,정리 운동,1883,한국어,내전근 스트레칭2(Adductor stretch),20221006,어르신기 3주차 운동프로그램,1340.206,,mp4,0AUDLJ08S_00039.mp4,http://openapi.kspo.or.kr/web/image/0AUDLJ08S_00039/,304,동영상,,3주차
,http://openapi.kspo.or.kr/web/video/,어르신을 위한 주간 운동프로그램 중 3주차에 해당하는 표준운동프로그램,314000109,29.96,1523,1920*1080,어르신,40311,0AUDLJ08S_00039_SC_00321.jpeg,2021,정리 운동,1883,한국어,내전근 스트레칭2(Adductor stretch),20221006,어르신기 3주차 운동프로그램,1345.045,,mp4,0AUDLJ08S_00039.mp4,http://openapi.kspo.or.kr/web/image/0AUDLJ08S_00039/,305,동영상,,3주차
,http://openapi.kspo.or.kr/web/video/,어르신을 위한 주간 운동프로그램 중 3주차에 해당하는 표준운동프로그램,314000109,29.96,1524,1920*1080,어르신,40369,0AUDLJ08S_00039_SC_00322.jpeg,2021,정리 운동,1883,한국어,내전근 스트레칭2(Adductor stretch),20221006,어르신기 3주차 운동프로그램,1346.98,,mp4,0AUDLJ08S_00039.mp4,http://openapi.kspo.or.kr/web/image/0AUDLJ08S_00039/,306,동영상,,3주차
,http://openapi.kspo.or.kr/web/video/,어르신을 위한 주간 운동프로그램 중 3주차에 해당하는 표준운동프로그램,314000109,29.96,1525,1920*1080,어르신,40485,0AUDLJ08S_00039_SC_00323.jpeg,2021,정리 운동,1883,한국어,내전근 스트레칭2(Adductor stretch),20221006,어르신기 3주차 운동프로그램,1350.85,,mp4,0AUDLJ08S_00039.mp4,http://openapi.kspo.or.kr/web/image/0AUDLJ08S_00039/,307,동영상,,3주차
,http://openapi.kspo.or.kr/web/video/,어르신을 위한 주간 운동프로그램 중 3주차에 해당하는 표준운동프로그램,314000109,29.96,1526,1920*1080,어르신,40543,0AUDLJ08S_00039_SC_00324.jpeg,2021,정리 운동,1883,한국어,내전근 스트레칭2(Adductor stretch),20221006,어르신기 3주차 운동프로그램,1352.786,,mp4,0AUDLJ08S_00039.mp4,http://openapi.kspo.or.kr/web/image/0AUDLJ08S_00039/,308,동영상,,3주차
,http://openapi.kspo.or.kr/web/video/,어르신을 위한 주간 운동프로그램 중 3주차에 해당하는 표준운동프로그램,314000109,29.96,1527,1920*1080,어르신,40630,0AUDLJ08S_00039_SC_00325.jpeg,2021,정리 운동,1883,한국어,내전근 스트레칭2(Adductor stretch),20221006,어르신기 3주차 운동프로그램,1355.689,,mp4,0AUDLJ08S_00039.mp4,http://openapi.kspo.or.kr/web/image/0AUDLJ08S_00039/,309,동영상,,3주차
,http://openapi.kspo.or.kr/web/video/,어르신을 위한 주간 운동프로그램 중 3주차에 해당하는 표준운동프로그램,314000109,29.96,1528,1920*1080,어르신,40659,0AUDLJ08S_00039_SC_00326.jpeg,2021,정리 운동,1883,한국어,내전근 스트레칭2(Adductor stretch),20221006,어르신기 3주차 운동프로그램,1356.656,,mp4,0AUDLJ08S_00039.mp4,http://openapi.kspo.or.kr/web/image/0AUDLJ08S_00039/,310,동영상,,3주차
,http://openapi.kspo.or.kr/web/video/,어르신을 위한 주간 운동프로그램 중 3주차에 해당하는 표준운동프로그램,314000109,29.96,1529,1920*1080,어르신,40688,0AUDLJ08S_00039_SC_00327.jpeg,2021,정리 운동,1883,한국어,내전근 스트레칭2(Adductor stretch),20221006,어르신기 3주차 운동프로그램,1357.624,,mp4,0AUDLJ08S_00039.mp4,http://openapi.kspo.or.kr/web/image/0AUDLJ08S_00039/,311,동영상,,3주차
,http://openapi.kspo.or.kr/web/video/,어르신을 위한 주간 운동프로그램 중 3주차에 해당하는 표준운동프로그램,314000109,29.96,1530,1920*1080,어르신,40717,0AUDLJ08S_00039_SC_00328.jpeg,2021,정리 운동,1883,한국어,내전근 스트레칭2(Adductor stretch),20221006,어르신기 3주차 운동프로그램,1358.591,,mp4,0AUDLJ08S_00039.mp4,http://openapi.kspo.or.kr/web/image/0AUDLJ08S_00039/,312,동영상,,3주차
,http://openapi.kspo.or.kr/web/video/,어르신을 위한 주간 운동프로그램 중 3주차에 해당하는 표준운동프로그램,314000109,29.96,1531,1920*1080,어르신,40804,0AUDLJ08S_00039_SC_00329.jpeg,2021,정리 운동,1883,한국어,내전근 스트레칭2(Adductor stretch),20221006,어르신기 3주차 운동프로그램,1361.494,,mp4,0AUDLJ08S_00039.mp4,http://openapi.kspo.or.kr/web/image/0AUDLJ08S_00039/,313,동영상,,3주차
,http://openapi.kspo.or.kr/web/video/,어르신을 위한 주간 운동프로그램 중 3주차에 해당하는 표준운동프로그램,314000109,29.96,1532,1920*1080,어르신,40920,0AUDLJ08S_00039_SC_00330.jpeg,2021,정리 운동,1883,한국어,내전근 스트레칭2(Adductor stretch),20221006,어르신기 3주차 운동프로그램,1365.365,,mp4,0AUDLJ08S_00039.mp4,http://openapi.kspo.or.kr/web/image/0AUDLJ08S_00039/,314,동영상,,3주차
,http://openapi.kspo.or.kr/web/video/,어르신을 위한 주간 운동프로그램 중 3주차에 해당하는 표준운동프로그램,314000109,29.96,1533,1920*1080,어르신,41036,0AUDLJ08S_00039_SC_00331.jpeg,2021,정리 운동,1883,한국어,내전근 스트레칭2(Adductor stretch),20221006,어르신기 3주차 운동프로그램,1369.235,,mp4,0AUDLJ08S_00039.mp4,http://openapi.kspo.or.kr/web/image/0AUDLJ08S_00039/,315,동영상,,3주차
,http://openapi.kspo.or.kr/web/video/,어르신을 위한 주간 운동프로그램 중 3주차에 해당하는 표준운동프로그램,314000109,29.96,1534,1920*1080,어르신,41471,0AUDLJ08S_00039_SC_00332.jpeg,2021,정리 운동,1883,한국어,옆구리 스트레칭(Side bending stretch),20221006,어르신기 3주차 운동프로그램,1383.75,,mp4,0AUDLJ08S_00039.mp4,http://openapi.kspo.or.kr/web/image/0AUDLJ08S_00039/,316,동영상,,3주차
,http://openapi.kspo.or.kr/web/video/,어르신을 위한 주간 운동프로그램 중 3주차에 해당하는 표준운동프로그램,314000109,29.96,1535,1920*1080,어르신,41703,0AUDLJ08S_00039_SC_00333.jpeg,2021,정리 운동,1883,한국어,옆구리 스트레칭(Side bending stretch),20221006,어르신기 3주차 운동프로그램,1391.491,,mp4,0AUDLJ08S_00039.mp4,http://openapi.kspo.or.kr/web/image/0AUDLJ08S_00039/,317,동영상,,3주차
,http://openapi.kspo.or.kr/web/video/,어르신을 위한 주간 운동프로그램 중 3주차에 해당하는 표준운동프로그램,314000109,29.96,1536,1920*1080,어르신,41993,0AUDLJ08S_00039_SC_00334.jpeg,2021,정리 운동,1883,한국어,옆구리 스트레칭(Side bending stretch),20221006,어르신기 3주차 운동프로그램,1401.167,,mp4,0AUDLJ08S_00039.mp4,http://openapi.kspo.or.kr/web/image/0AUDLJ08S_00039/,318,동영상,,3주차
,http://openapi.kspo.or.kr/web/video/,어르신을 위한 주간 운동프로그램 중 3주차에 해당하는 표준운동프로그램,314000109,29.96,1537,1920*1080,어르신,42167,0AUDLJ08S_00039_SC_00335.jpeg,2021,정리 운동,1883,한국어,옆구리 스트레칭(Side bending stretch),20221006,어르신기 3주차 운동프로그램,1406.973,,mp4,0AUDLJ08S_00039.mp4,http://openapi.kspo.or.kr/web/image/0AUDLJ08S_00039/,319,동영상,,3주차
,http://openapi.kspo.or.kr/web/video/,어르신을 위한 주간 운동프로그램 중 3주차에 해당하는 표준운동프로그램,314000109,29.96,1538,1920*1080,어르신,42457,0AUDLJ08S_00039_SC_00336.jpeg,2021,정리 운동,1883,한국어,가슴/어깨 스트레칭(Backward lift stretch),20221006,어르신기 3주차 운동프로그램,1416.649,,mp4,0AUDLJ08S_00039.mp4,http://openapi.kspo.or.kr/web/image/0AUDLJ08S_00039/,320,동영상,,3주차
,http://openapi.kspo.or.kr/web/video/,어르신을 위한 주간 운동프로그램 중 3주차에 해당하는 표준운동프로그램,314000109,29.96,1539,1920*1080,어르신,42486,0AUDLJ08S_00039_SC_00337.jpeg,2021,정리 운동,1883,한국어,가슴/어깨 스트레칭(Backward lift stretch),20221006,어르신기 3주차 운동프로그램,1417.617,,mp4,0AUDLJ08S_00039.mp4,http://openapi.kspo.or.kr/web/image/0AUDLJ08S_00039/,321,동영상,,3주차
,http://openapi.kspo.or.kr/web/video/,어르신을 위한 주간 운동프로그램 중 3주차에 해당하는 표준운동프로그램,314000109,29.96,1540,1920*1080,어르신,42544,0AUDLJ08S_00039_SC_00338.jpeg,2021,정리 운동,1883,한국어,가슴/어깨 스트레칭(Backward lift stretch),20221006,어르신기 3주차 운동프로그램,1419.552,,mp4,0AUDLJ08S_00039.mp4,http://openapi.kspo.or.kr/web/image/0AUDLJ08S_00039/,322,동영상,,3주차
,http://openapi.kspo.or.kr/web/video/,어르신을 위한 주간 운동프로그램 중 3주차에 해당하는 표준운동프로그램,314000109,29.96,1541,1920*1080,어르신,42602,0AUDLJ08S_00039_SC_00339.jpeg,2021,정리 운동,1883,한국어,가슴/어깨 스트레칭(Backward lift stretch),20221006,어르신기 3주차 운동프로그램,1421.488,,mp4,0AUDLJ08S_00039.mp4,http://openapi.kspo.or.kr/web/image/0AUDLJ08S_00039/,323,동영상,,3주차
,http://openapi.kspo.or.kr/web/video/,어르신을 위한 주간 운동프로그램 중 3주차에 해당하는 표준운동프로그램,314000109,29.96,1542,1920*1080,어르신,42631,0AUDLJ08S_00039_SC_00340.jpeg,2021,정리 운동,1883,한국어,가슴/어깨 스트레칭(Backward lift stretch),20221006,어르신기 3주차 운동프로그램,1422.455,,mp4,0AUDLJ08S_00039.mp4,http://openapi.kspo.or.kr/web/image/0AUDLJ08S_00039/,324,동영상,,3주차
,http://openapi.kspo.or.kr/web/video/,어르신을 위한 주간 운동프로그램 중 3주차에 해당하는 표준운동프로그램,314000109,29.96,1543,1920*1080,어르신,42718,0AUDLJ08S_00039_SC_00341.jpeg,2021,정리 운동,1883,한국어,가슴/어깨 스트레칭(Backward lift stretch),20221006,어르신기 3주차 운동프로그램,1425.358,,mp4,0AUDLJ08S_00039.mp4,http://openapi.kspo.or.kr/web/image/0AUDLJ08S_00039/,325,동영상,,3주차
,http://openapi.kspo.or.kr/web/video/,어르신을 위한 주간 운동프로그램 중 3주차에 해당하는 표준운동프로그램,314000109,29.96,1544,1920*1080,어르신,42863,0AUDLJ08S_00039_SC_00342.jpeg,2021,정리 운동,1883,한국어,가슴/어깨 스트레칭(Backward lift stretch),20221006,어르신기 3주차 운동프로그램,1430.196,,mp4,0AUDLJ08S_00039.mp4,http://openapi.kspo.or.kr/web/image/0AUDLJ08S_00039/,326,동영상,,3주차
,http://openapi.kspo.or.kr/web/video/,어르신을 위한 주간 운동프로그램 중 3주차에 해당하는 표준운동프로그램,314000109,29.96,1545,1920*1080,어르신,42950,0AUDLJ08S_00039_SC_00343.jpeg,2021,정리 운동,1883,한국어,가슴/어깨 스트레칭(Backward lift stretch),20221006,어르신기 3주차 운동프로그램,1433.099,,mp4,0AUDLJ08S_00039.mp4,http://openapi.kspo.or.kr/web/image/0AUDLJ08S_00039/,327,동영상,,3주차
,http://openapi.kspo.or.kr/web/video/,어르신을 위한 주간 운동프로그램 중 3주차에 해당하는 표준운동프로그램,314000109,29.96,1546,1920*1080,어르신,43240,0AUDLJ08S_00039_SC_00344.jpeg,2021,정리 운동,1883,한국어,목 스트레칭1(Neck stretch),20221006,어르신기 3주차 운동프로그램,1442.776,,mp4,0AUDLJ08S_00039.mp4,http://openapi.kspo.or.kr/web/image/0AUDLJ08S_00039/,328,동영상,,3주차
,http://openapi.kspo.or.kr/web/video/,어르신을 위한 주간 운동프로그램 중 3주차에 해당하는 표준운동프로그램,314000109,29.96,1547,1920*1080,어르신,43385,0AUDLJ08S_00039_SC_00345.jpeg,2021,정리 운동,1883,한국어,목 스트레칭1(Neck stretch),20221006,어르신기 3주차 운동프로그램,1447.614,,mp4,0AUDLJ08S_00039.mp4,http://openapi.kspo.or.kr/web/image/0AUDLJ08S_00039/,329,동영상,,3주차
,http://openapi.kspo.or.kr/web/video/,어르신을 위한 주간 운동프로그램 중 3주차에 해당하는 표준운동프로그램,314000109,29.96,1548,1920*1080,어르신,43530,0AUDLJ08S_00039_SC_00346.jpeg,2021,정리 운동,1883,한국어,목 스트레칭1(Neck stretch),20221006,어르신기 3주차 운동프로그램,1452.452,,mp4,0AUDLJ08S_00039.mp4,http://openapi.kspo.or.kr/web/image/0AUDLJ08S_00039/,330,동영상,,3주차
,http://openapi.kspo.or.kr/web/video/,어르신을 위한 주간 운동프로그램 중 3주차에 해당하는 표준운동프로그램,314000109,29.96,1549,1920*1080,어르신,43820,0AUDLJ08S_00039_SC_00347.jpeg,2021,정리 운동,1883,한국어,목 스트레칭2(Neck stretch),20221006,어르신기 3주차 운동프로그램,1462.128,,mp4,0AUDLJ08S_00039.mp4,http://openapi.kspo.or.kr/web/image/0AUDLJ08S_00039/,331,동영상,,3주차
,http://openapi.kspo.or.kr/web/video/,어르신을 위한 주간 운동프로그램 중 3주차에 해당하는 표준운동프로그램,314000109,29.96,1550,1920*1080,어르신,43965,0AUDLJ08S_00039_SC_00348.jpeg,2021,정리 운동,1883,한국어,목 스트레칭2(Neck stretch),20221006,어르신기 3주차 운동프로그램,1466.966,,mp4,0AUDLJ08S_00039.mp4,http://openapi.kspo.or.kr/web/image/0AUDLJ08S_00039/,332,동영상,,3주차
,http://openapi.kspo.or.kr/web/video/,어르신을 위한 주간 운동프로그램 중 3주차에 해당하는 표준운동프로그램,314000109,29.96,1551,1920*1080,어르신,44081,0AUDLJ08S_00039_SC_00349.jpeg,2021,정리 운동,1883,한국어,목 스트레칭2(Neck stretch),20221006,어르신기 3주차 운동프로그램,1470.837,,mp4,0AUDLJ08S_00039.mp4,http://openapi.kspo.or.kr/web/image/0AUDLJ08S_00039/,333,동영상,,3주차
,http://openapi.kspo.or.kr/web/video/,어르신을 위한 주간 운동프로그램 중 3주차에 해당하는 표준운동프로그램,314000109,29.96,1552,1920*1080,어르신,44255,0AUDLJ08S_00039_SC_00350.jpeg,2021,정리 운동,1883,한국어,목 스트레칭2(Neck stretch),20221006,어르신기 3주차 운동프로그램,1476.643,,mp4,0AUDLJ08S_00039.mp4,http://openapi.kspo.or.kr/web/image/0AUDLJ08S_00039/,334,동영상,,3주차
,http://openapi.kspo.or.kr/web/video/,어르신을 위한 주간 운동프로그램 중 3주차에 해당하는 표준운동프로그램,314000109,29.96,1553,1920*1080,어르신,44429,0AUDLJ08S_00039_SC_00351.jpeg,2021,정리 운동,1883,한국어,목 스트레칭2(Neck stretch),20221006,어르신기 3주차 운동프로그램,1482.449,,mp4,0AUDLJ08S_00039.mp4,http://openapi.kspo.or.kr/web/image/0AUDLJ08S_00039/,335,동영상,,3주차
,http://openapi.kspo.or.kr/web/video/,어르신을 위한 주간 운동프로그램 중 3주차에 해당하는 표준운동프로그램,314000109,29.96,1554,1920*1080,어르신,44574,0AUDLJ08S_00039_SC_00352.jpeg,2021,정리 운동,1883,한국어,목 스트레칭2(Neck stretch),20221006,어르신기 3주차 운동프로그램,1487.287,,mp4,0AUDLJ08S_00039.mp4,http://openapi.kspo.or.kr/web/image/0AUDLJ08S_00039/,336,동영상,,3주차
,http://openapi.kspo.or.kr/web/video/,어르신을 위한 주간 운동프로그램 중 3주차에 해당하는 표준운동프로그램,314000109,29.96,1555,1920*1080,어르신,45009,0AUDLJ08S_00039_SC_00353.jpeg,2021,정리 운동,1883,한국어,엉덩관절 스트레칭(Hip flexor stretch),20221006,어르신기 3주차 운동프로그램,1501.801,,mp4,0AUDLJ08S_00039.mp4,http://openapi.kspo.or.kr/web/image/0AUDLJ08S_00039/,337,동영상,,3주차
,http://openapi.kspo.or.kr/web/video/,어르신을 위한 주간 운동프로그램 중 3주차에 해당하는 표준운동프로그램,314000109,29.96,1556,1920*1080,어르신,45125,0AUDLJ08S_00039_SC_00354.jpeg,2021,정리 운동,1883,한국어,엉덩관절 스트레칭(Hip flexor stretch),20221006,어르신기 3주차 운동프로그램,1505.672,,mp4,0AUDLJ08S_00039.mp4,http://openapi.kspo.or.kr/web/image/0AUDLJ08S_00039/,338,동영상,,3주차
,http://openapi.kspo.or.kr/web/video/,어르신을 위한 주간 운동프로그램 중 3주차에 해당하는 표준운동프로그램,314000109,29.96,1557,1920*1080,어르신,45241,0AUDLJ08S_00039_SC_00355.jpeg,2021,정리 운동,1883,한국어,엉덩관절 스트레칭(Hip flexor stretch),20221006,어르신기 3주차 운동프로그램,1509.542,,mp4,0AUDLJ08S_00039.mp4,http://openapi.kspo.or.kr/web/image/0AUDLJ08S_00039/,339,동영상,,3주차
,http://openapi.kspo.or.kr/web/video/,어르신을 위한 주간 운동프로그램 중 3주차에 해당하는 표준운동프로그램,314000109,29.96,1558,1920*1080,어르신,45328,0AUDLJ08S_00039_SC_00356.jpeg,2021,정리 운동,1883,한국어,엉덩관절 스트레칭(Hip flexor stretch),20221006,어르신기 3주차 운동프로그램,1512.445,,mp4,0AUDLJ08S_00039.mp4,http://openapi.kspo.or.kr/web/image/0AUDLJ08S_00039/,340,동영상,,3주차
,http://openapi.kspo.or.kr/web/video/,어르신을 위한 주간 운동프로그램 중 3주차에 해당하는 표준운동프로그램,314000109,29.96,1559,1920*1080,어르신,45415,0AUDLJ08S_00039_SC_00357.jpeg,2021,정리 운동,1883,한국어,엉덩관절 스트레칭(Hip flexor stretch),20221006,어르신기 3주차 운동프로그램,1515.348,,mp4,0AUDLJ08S_00039.mp4,http://openapi.kspo.or.kr/web/image/0AUDLJ08S_00039/,341,동영상,,3주차
,http://openapi.kspo.or.kr/web/video/,어르신을 위한 주간 운동프로그램 중 3주차에 해당하는 표준운동프로그램,314000109,29.96,1560,1920*1080,어르신,45560,0AUDLJ08S_00039_SC_00358.jpeg,2021,정리 운동,1883,한국어,엉덩관절 스트레칭(Hip flexor stretch),20221006,어르신기 3주차 운동프로그램,1520.186,,mp4,0AUDLJ08S_00039.mp4,http://openapi.kspo.or.kr/web/image/0AUDLJ08S_00039/,342,동영상,,3주차
,http://openapi.kspo.or.kr/web/video/,어르신을 위한 주간 운동프로그램 중 3주차에 해당하는 표준운동프로그램,314000109,29.96,1561,1920*1080,어르신,45705,0AUDLJ08S_00039_SC_00359.jpeg,2021,정리 운동,1883,한국어,엉덩관절 스트레칭(Hip flexor stretch),20221006,어르신기 3주차 운동프로그램,1525.025,,mp4,0AUDLJ08S_00039.mp4,http://openapi.kspo.or.kr/web/image/0AUDLJ08S_00039/,343,동영상,,3주차
,http://openapi.kspo.or.kr/web/video/,어르신을 위한 주간 운동프로그램 중 3주차에 해당하는 표준운동프로그램,314000109,29.96,1562,1920*1080,어르신,45734,0AUDLJ08S_00039_SC_00360.jpeg,2021,정리 운동,1883,한국어,엉덩관절 스트레칭(Hip flexor stretch),20221006,어르신기 3주차 운동프로그램,1525.992,,mp4,0AUDLJ08S_00039.mp4,http://openapi.kspo.or.kr/web/image/0AUDLJ08S_00039/,344,동영상,,3주차
,http://openapi.kspo.or.kr/web/video/,어르신을 위한 주간 운동프로그램 중 3주차에 해당하는 표준운동프로그램,314000109,29.96,1563,1920*1080,어르신,46082,0AUDLJ08S_00039_SC_00361.jpeg,2021,정리 운동,1883,한국어,엉덩관절/상체 스트레칭(Hip flexor stretch),20221006,어르신기 3주차 운동프로그램,1537.604,,mp4,0AUDLJ08S_00039.mp4,http://openapi.kspo.or.kr/web/image/0AUDLJ08S_00039/,345,동영상,,3주차
,http://openapi.kspo.or.kr/web/video/,어르신을 위한 주간 운동프로그램 중 3주차에 해당하는 표준운동프로그램,314000109,29.96,1564,1920*1080,어르신,46227,0AUDLJ08S_00039_SC_00362.jpeg,2021,정리 운동,1883,한국어,엉덩관절/상체 스트레칭(Hip flexor stretch),20221006,어르신기 3주차 운동프로그램,1542.442,,mp4,0AUDLJ08S_00039.mp4,http://openapi.kspo.or.kr/web/image/0AUDLJ08S_00039/,346,동영상,,3주차
,http://openapi.kspo.or.kr/web/video/,어르신을 위한 주간 운동프로그램 중 3주차에 해당하는 표준운동프로그램,314000109,29.96,1565,1920*1080,어르신,46343,0AUDLJ08S_00039_SC_00363.jpeg,2021,정리 운동,1883,한국어,엉덩관절/상체 스트레칭(Hip flexor stretch),20221006,어르신기 3주차 운동프로그램,1546.312,,mp4,0AUDLJ08S_00039.mp4,http://openapi.kspo.or.kr/web/image/0AUDLJ08S_00039/,347,동영상,,3주차
,http://openapi.kspo.or.kr/web/video/,어르신을 위한 주간 운동프로그램 중 3주차에 해당하는 표준운동프로그램,314000109,29.96,1566,1920*1080,어르신,46517,0AUDLJ08S_00039_SC_00364.jpeg,2021,정리 운동,1883,한국어,엉덩관절/상체 스트레칭(Hip flexor stretch),20221006,어르신기 3주차 운동프로그램,1552.118,,mp4,0AUDLJ08S_00039.mp4,http://openapi.kspo.or.kr/web/image/0AUDLJ08S_00039/,348,동영상,,3주차
,http://openapi.kspo.or.kr/web/video/,어르신을 위한 주간 운동프로그램 중 3주차에 해당하는 표준운동프로그램,314000109,29.96,1567,1920*1080,어르신,46633,0AUDLJ08S_00039_SC_00365.jpeg,2021,정리 운동,1883,한국어,엉덩관절/상체 스트레칭(Hip flexor stretch),20221006,어르신기 3주차 운동프로그램,1555.989,,mp4,0AUDLJ08S_00039.mp4,http://openapi.kspo.or.kr/web/image/0AUDLJ08S_00039/,349,동영상,,3주차
,http://openapi.kspo.or.kr/web/video/,어르신을 위한 주간 운동프로그램 중 3주차에 해당하는 표준운동프로그램,314000109,29.96,1568,1920*1080,어르신,46749,0AUDLJ08S_00039_SC_00366.jpeg,2021,정리 운동,1883,한국어,엉덩관절/상체 스트레칭(Hip flexor stretch),20221006,어르신기 3주차 운동프로그램,1559.859,,mp4,0AUDLJ08S_00039.mp4,http://openapi.kspo.or.kr/web/image/0AUDLJ08S_00039/,350,동영상,,3주차
,http://openapi.kspo.or.kr/web/video/,어르신을 위한 주간 운동프로그램 중 3주차에 해당하는 표준운동프로그램,314000109,29.96,1569,1920*1080,어르신,47184,0AUDLJ08S_00039_SC_00367.jpeg,2021,정리 운동,1883,한국어,등/허리 스트레칭(Cat&Camel),20221006,어르신기 3주차 운동프로그램,1574.374,,mp4,0AUDLJ08S_00039.mp4,http://openapi.kspo.or.kr/web/image/0AUDLJ08S_00039/,351,동영상,,3주차
,http://openapi.kspo.or.kr/web/video/,어르신을 위한 주간 운동프로그램 중 3주차에 해당하는 표준운동프로그램,314000109,29.96,1570,1920*1080,어르신,47271,0AUDLJ08S_00039_SC_00368.jpeg,2021,정리 운동,1883,한국어,등/허리 스트레칭(Cat&Camel),20221006,어르신기 3주차 운동프로그램,1577.277,,mp4,0AUDLJ08S_00039.mp4,http://openapi.kspo.or.kr/web/image/0AUDLJ08S_00039/,352,동영상,,3주차
,http://openapi.kspo.or.kr/web/video/,어르신을 위한 주간 운동프로그램 중 3주차에 해당하는 표준운동프로그램,314000109,29.96,1571,1920*1080,어르신,47300,0AUDLJ08S_00039_SC_00369.jpeg,2021,정리 운동,1883,한국어,등/허리 스트레칭(Cat&Camel),20221006,어르신기 3주차 운동프로그램,1578.244,,mp4,0AUDLJ08S_00039.mp4,http://openapi.kspo.or.kr/web/image/0AUDLJ08S_00039/,353,동영상,,3주차
,http://openapi.kspo.or.kr/web/video/,어르신을 위한 주간 운동프로그램 중 3주차에 해당하는 표준운동프로그램,314000109,29.96,1572,1920*1080,어르신,47329,0AUDLJ08S_00039_SC_00370.jpeg,2021,정리 운동,1883,한국어,등/허리 스트레칭(Cat&Camel),20221006,어르신기 3주차 운동프로그램,1579.212,,mp4,0AUDLJ08S_00039.mp4,http://openapi.kspo.or.kr/web/image/0AUDLJ08S_00039/,354,동영상,,3주차
,http://openapi.kspo.or.kr/web/video/,어르신을 위한 주간 운동프로그램 중 3주차에 해당하는 표준운동프로그램,314000109,29.96,1573,1920*1080,어르신,47358,0AUDLJ08S_00039_SC_00371.jpeg,2021,정리 운동,1883,한국어,등/허리 스트레칭(Cat&Camel),20221006,어르신기 3주차 운동프로그램,1580.18,,mp4,0AUDLJ08S_00039.mp4,http://openapi.kspo.or.kr/web/image/0AUDLJ08S_00039/,355,동영상,,3주차
,http://openapi.kspo.or.kr/web/video/,어르신을 위한 주간 운동프로그램 중 3주차에 해당하는 표준운동프로그램,314000109,29.96,1574,1920*1080,어르신,47387,0AUDLJ08S_00039_SC_00372.jpeg,2021,정리 운동,1883,한국어,등/허리 스트레칭(Cat&Camel),20221006,어르신기 3주차 운동프로그램,1581.147,,mp4,0AUDLJ08S_00039.mp4,http://openapi.kspo.or.kr/web/image/0AUDLJ08S_00039/,356,동영상,,3주차
,http://openapi.kspo.or.kr/web/video/,어르신을 위한 주간 운동프로그램 중 3주차에 해당하는 표준운동프로그램,314000109,29.96,1575,1920*1080,어르신,47416,0AUDLJ08S_00039_SC_00373.jpeg,2021,정리 운동,1883,한국어,등/허리 스트레칭(Cat&Camel),20221006,어르신기 3주차 운동프로그램,1582.115,,mp4,0AUDLJ08S_00039.mp4,http://openapi.kspo.or.kr/web/image/0AUDLJ08S_00039/,357,동영상,,3주차
,http://openapi.kspo.or.kr/web/video/,어르신을 위한 주간 운동프로그램 중 3주차에 해당하는 표준운동프로그램,314000109,29.96,1576,1920*1080,어르신,47590,0AUDLJ08S_00039_SC_00374.jpeg,2021,정리 운동,1883,한국어,등/허리 스트레칭(Cat&Camel),20221006,어르신기 3주차 운동프로그램,1587.921,,mp4,0AUDLJ08S_00039.mp4,http://openapi.kspo.or.kr/web/image/0AUDLJ08S_00039/,358,동영상,,3주차
,http://openapi.kspo.or.kr/web/video/,어르신을 위한 주간 운동프로그램 중 3주차에 해당하는 표준운동프로그램,314000109,29.96,1577,1920*1080,어르신,47706,0AUDLJ08S_00039_SC_00375.jpeg,2021,정리 운동,1883,한국어,등/허리 스트레칭(Cat&Camel),20221006,어르신기 3주차 운동프로그램,1591.791,,mp4,0AUDLJ08S_00039.mp4,http://openapi.kspo.or.kr/web/image/0AUDLJ08S_00039/,359,동영상,,3주차
,http://openapi.kspo.or.kr/web/video/,어르신을 위한 주간 운동프로그램 중 3주차에 해당하는 표준운동프로그램,314000109,29.96,1578,1920*1080,어르신,47793,0AUDLJ08S_00039_SC_00376.jpeg,2021,정리 운동,1883,한국어,등/허리 스트레칭(Cat&Camel),20221006,어르신기 3주차 운동프로그램,1594.694,,mp4,0AUDLJ08S_00039.mp4,http://openapi.kspo.or.kr/web/image/0AUDLJ08S_00039/,360,동영상,,3주차
,http://openapi.kspo.or.kr/web/video/,어르신을 위한 주간 운동프로그램 중 3주차에 해당하는 표준운동프로그램,314000109,29.96,1579,1920*1080,어르신,47909,0AUDLJ08S_00039_SC_00378.jpeg,2021,정리 운동,1883,한국어,등/허리 스트레칭(Cat&Camel),20221006,어르신기 3주차 운동프로그램,1598.565,,mp4,0AUDLJ08S_00039.mp4,http://openapi.kspo.or.kr/web/image/0AUDLJ08S_00039/,361,동영상,,3주차
,http://openapi.kspo.or.kr/web/video/,어르신을 위한 주간 운동프로그램 중 3주차에 해당하는 표준운동프로그램,314000109,29.96,1580,1920*1080,어르신,48025,0AUDLJ08S_00039_SC_00379.jpeg,2021,정리 운동,1883,한국어,등/허리 스트레칭(Cat&Camel),20221006,어르신기 3주차 운동프로그램,1602.435,,mp4,0AUDLJ08S_00039.mp4,http://openapi.kspo.or.kr/web/image/0AUDLJ08S_00039/,362,동영상,,3주차
,http://openapi.kspo.or.kr/web/video/,어르신을 위한 주간 운동프로그램 중 3주차에 해당하는 표준운동프로그램,314000109,29.96,1581,1920*1080,어르신,48054,0AUDLJ08S_00039_SC_00380.jpeg,2021,정리 운동,1883,한국어,등/허리 스트레칭(Cat&Camel),20221006,어르신기 3주차 운동프로그램,1603.403,,mp4,0AUDLJ08S_00039.mp4,http://openapi.kspo.or.kr/web/image/0AUDLJ08S_00039/,363,동영상,,3주차
,http://openapi.kspo.or.kr/web/video/,어르신을 위한 주간 운동프로그램 중 3주차에 해당하는 표준운동프로그램,314000109,29.96,1582,1920*1080,어르신,48083,0AUDLJ08S_00039_SC_00381.jpeg,2021,정리 운동,1883,한국어,등/허리 스트레칭(Cat&Camel),20221006,어르신기 3주차 운동프로그램,1604.371,,mp4,0AUDLJ08S_00039.mp4,http://openapi.kspo.or.kr/web/image/0AUDLJ08S_00039/,364,동영상,,3주차
,http://openapi.kspo.or.kr/web/video/,어르신을 위한 주간 운동프로그램 중 3주차에 해당하는 표준운동프로그램,314000109,29.96,1583,1920*1080,어르신,48112,0AUDLJ08S_00039_SC_00382.jpeg,2021,정리 운동,1883,한국어,등/허리 스트레칭(Cat&Camel),20221006,어르신기 3주차 운동프로그램,1605.338,,mp4,0AUDLJ08S_00039.mp4,http://openapi.kspo.or.kr/web/image/0AUDLJ08S_00039/,365,동영상,,3주차
,http://openapi.kspo.or.kr/web/video/,어르신을 위한 주간 운동프로그램 중 3주차에 해당하는 표준운동프로그램,314000109,29.96,1584,1920*1080,어르신,48199,0AUDLJ08S_00039_SC_00383.jpeg,2021,정리 운동,1883,한국어,등/허리 스트레칭(Cat&Camel),20221006,어르신기 3주차 운동프로그램,1608.241,,mp4,0AUDLJ08S_00039.mp4,http://openapi.kspo.or.kr/web/image/0AUDLJ08S_00039/,366,동영상,,3주차
,http://openapi.kspo.or.kr/web/video/,어르신을 위한 주간 운동프로그램 중 3주차에 해당하는 표준운동프로그램,314000109,29.96,1585,1920*1080,어르신,48344,0AUDLJ08S_00039_SC_00384.jpeg,2021,정리 운동,1883,한국어,등/허리 스트레칭(Cat&Camel),20221006,어르신기 3주차 운동프로그램,1613.079,,mp4,0AUDLJ08S_00039.mp4,http://openapi.kspo.or.kr/web/image/0AUDLJ08S_00039/,367,동영상,,3주차
,http://openapi.kspo.or.kr/web/video/,어르신을 위한 주간 운동프로그램 중 3주차에 해당하는 표준운동프로그램,314000109,29.96,1586,1920*1080,어르신,48460,0AUDLJ08S_00039_SC_00385.jpeg,2021,정리 운동,1883,한국어,등/허리 스트레칭(Cat&Camel),20221006,어르신기 3주차 운동프로그램,1616.95,,mp4,0AUDLJ08S_00039.mp4,http://openapi.kspo.or.kr/web/image/0AUDLJ08S_00039/,368,동영상,,3주차
,http://openapi.kspo.or.kr/web/video/,어르신을 위한 주간 운동프로그램 중 3주차에 해당하는 표준운동프로그램,314000109,29.96,1587,1920*1080,어르신,48605,0AUDLJ08S_00039_SC_00387.jpeg,2021,정리 운동,1883,한국어,복부 스트레칭(Cobra pose),20221006,어르신기 3주차 운동프로그램,1621.788,,mp4,0AUDLJ08S_00039.mp4,http://openapi.kspo.or.kr/web/image/0AUDLJ08S_00039/,369,동영상,,3주차
,http://openapi.kspo.or.kr/web/video/,어르신을 위한 주간 운동프로그램 중 3주차에 해당하는 표준운동프로그램,314000109,29.96,1588,1920*1080,어르신,48663,0AUDLJ08S_00039_SC_00388.jpeg,2021,정리 운동,1883,한국어,복부 스트레칭(Cobra pose),20221006,어르신기 3주차 운동프로그램,1623.723,,mp4,0AUDLJ08S_00039.mp4,http://openapi.kspo.or.kr/web/image/0AUDLJ08S_00039/,370,동영상,,3주차
,http://openapi.kspo.or.kr/web/video/,어르신을 위한 주간 운동프로그램 중 3주차에 해당하는 표준운동프로그램,314000109,29.96,1589,1920*1080,어르신,48692,0AUDLJ08S_00039_SC_00389.jpeg,2021,정리 운동,1883,한국어,복부 스트레칭(Cobra pose),20221006,어르신기 3주차 운동프로그램,1624.691,,mp4,0AUDLJ08S_00039.mp4,http://openapi.kspo.or.kr/web/image/0AUDLJ08S_00039/,371,동영상,,3주차
,http://openapi.kspo.or.kr/web/video/,어르신을 위한 주간 운동프로그램 중 3주차에 해당하는 표준운동프로그램,314000109,29.96,1590,1920*1080,어르신,48721,0AUDLJ08S_00039_SC_00390.jpeg,2021,정리 운동,1883,한국어,복부 스트레칭(Cobra pose),20221006,어르신기 3주차 운동프로그램,1625.658,,mp4,0AUDLJ08S_00039.mp4,http://openapi.kspo.or.kr/web/image/0AUDLJ08S_00039/,372,동영상,,3주차
,http://openapi.kspo.or.kr/web/video/,어르신을 위한 주간 운동프로그램 중 3주차에 해당하는 표준운동프로그램,314000109,29.96,1591,1920*1080,어르신,48866,0AUDLJ08S_00039_SC_00391.jpeg,2021,정리 운동,1883,한국어,복부 스트레칭(Cobra pose),20221006,어르신기 3주차 운동프로그램,1630.497,,mp4,0AUDLJ08S_00039.mp4,http://openapi.kspo.or.kr/web/image/0AUDLJ08S_00039/,373,동영상,,3주차
,http://openapi.kspo.or.kr/web/video/,어르신을 위한 주간 운동프로그램 중 3주차에 해당하는 표준운동프로그램,314000109,29.96,1592,1920*1080,어르신,48895,0AUDLJ08S_00039_SC_00392.jpeg,2021,정리 운동,1883,한국어,복부 스트레칭(Cobra pose),20221006,어르신기 3주차 운동프로그램,1631.464,,mp4,0AUDLJ08S_00039.mp4,http://openapi.kspo.or.kr/web/image/0AUDLJ08S_00039/,374,동영상,,3주차
,http://openapi.kspo.or.kr/web/video/,어르신을 위한 주간 운동프로그램 중 3주차에 해당하는 표준운동프로그램,314000109,29.96,1593,1920*1080,어르신,49011,0AUDLJ08S_00039_SC_00393.jpeg,2021,정리 운동,1883,한국어,복부 스트레칭(Cobra pose),20221006,어르신기 3주차 운동프로그램,1635.335,,mp4,0AUDLJ08S_00039.mp4,http://openapi.kspo.or.kr/web/image/0AUDLJ08S_00039/,375,동영상,,3주차
,http://openapi.kspo.or.kr/web/video/,어르신을 위한 주간 운동프로그램 중 3주차에 해당하는 표준운동프로그램,314000109,29.96,1594,1920*1080,어르신,49156,0AUDLJ08S_00039_SC_00394.jpeg,2021,정리 운동,1883,한국어,복부 스트레칭(Cobra pose),20221006,어르신기 3주차 운동프로그램,1640.173,,mp4,0AUDLJ08S_00039.mp4,http://openapi.kspo.or.kr/web/image/0AUDLJ08S_00039/,376,동영상,,3주차
,http://openapi.kspo.or.kr/web/video/,어르신을 위한 주간 운동프로그램 중 3주차에 해당하는 표준운동프로그램,314000109,29.96,1595,1920*1080,어르신,49272,0AUDLJ08S_00039_SC_00395.jpeg,2021,정리 운동,1883,한국어,복부 스트레칭(Cobra pose),20221006,어르신기 3주차 운동프로그램,1644.044,,mp4,0AUDLJ08S_00039.mp4,http://openapi.kspo.or.kr/web/image/0AUDLJ08S_00039/,377,동영상,,3주차
,http://openapi.kspo.or.kr/web/video/,어르신을 위한 주간 운동프로그램 중 3주차에 해당하는 표준운동프로그램,314000109,29.96,1596,1920*1080,어르신,49301,0AUDLJ08S_00039_SC_00396.jpeg,2021,정리 운동,1883,한국어,복부 스트레칭(Cobra pose),20221006,어르신기 3주차 운동프로그램,1645.011,,mp4,0AUDLJ08S_00039.mp4,http://openapi.kspo.or.kr/web/image/0AUDLJ08S_00039/,378,동영상,,3주차
,http://openapi.kspo.or.kr/web/video/,어르신을 위한 주간 운동프로그램 중 3주차에 해당하는 표준운동프로그램,314000109,29.96,1597,1920*1080,어르신,49330,0AUDLJ08S_00039_SC_00397.jpeg,2021,정리 운동,1883,한국어,복부 스트레칭(Cobra pose),20221006,어르신기 3주차 운동프로그램,1645.979,,mp4,0AUDLJ08S_00039.mp4,http://openapi.kspo.or.kr/web/image/0AUDLJ08S_00039/,379,동영상,,3주차
,http://openapi.kspo.or.kr/web/video/,어르신을 위한 주간 운동프로그램 중 3주차에 해당하는 표준운동프로그램,314000109,29.96,1598,1920*1080,어르신,49359,0AUDLJ08S_00039_SC_00398.jpeg,2021,정리 운동,1883,한국어,복부 스트레칭(Cobra pose),20221006,어르신기 3주차 운동프로그램,1646.946,,mp4,0AUDLJ08S_00039.mp4,http://openapi.kspo.or.kr/web/image/0AUDLJ08S_00039/,380,동영상,,3주차
,http://openapi.kspo.or.kr/web/video/,어르신을 위한 주간 운동프로그램 중 3주차에 해당하는 표준운동프로그램,314000109,29.96,1599,1920*1080,어르신,49388,0AUDLJ08S_00039_SC_00399.jpeg,2021,정리 운동,1883,한국어,복부 스트레칭(Cobra pose),20221006,어르신기 3주차 운동프로그램,1647.914,,mp4,0AUDLJ08S_00039.mp4,http://openapi.kspo.or.kr/web/image/0AUDLJ08S_00039/,381,동영상,,3주차
,http://openapi.kspo.or.kr/web/video/,어르신을 위한 주간 운동프로그램 중 3주차에 해당하는 표준운동프로그램,314000109,29.96,1600,1920*1080,어르신,49417,0AUDLJ08S_00039_SC_00400.jpeg,2021,정리 운동,1883,한국어,가슴/복부/척추 스트레칭(Trunk rotation stretch),20221006,어르신기 3주차 운동프로그램,1648.882,,mp4,0AUDLJ08S_00039.mp4,http://openapi.kspo.or.kr/web/image/0AUDLJ08S_00039/,382,동영상,,3주차
,http://openapi.kspo.or.kr/web/video/,어르신을 위한 주간 운동프로그램 중 3주차에 해당하는 표준운동프로그램,314000109,29.96,1601,1920*1080,어르신,49533,0AUDLJ08S_00039_SC_00401.jpeg,2021,정리 운동,1883,한국어,가슴/복부/척추 스트레칭(Trunk rotation stretch),20221006,어르신기 3주차 운동프로그램,1652.752,,mp4,0AUDLJ08S_00039.mp4,http://openapi.kspo.or.kr/web/image/0AUDLJ08S_00039/,383,동영상,,3주차
,http://openapi.kspo.or.kr/web/video/,어르신을 위한 주간 운동프로그램 중 3주차에 해당하는 표준운동프로그램,314000109,29.96,1602,1920*1080,어르신,49707,0AUDLJ08S_00039_SC_00402.jpeg,2021,정리 운동,1883,한국어,가슴/복부/척추 스트레칭(Trunk rotation stretch),20221006,어르신기 3주차 운동프로그램,1658.558,,mp4,0AUDLJ08S_00039.mp4,http://openapi.kspo.or.kr/web/image/0AUDLJ08S_00039/,384,동영상,,3주차
,http://openapi.kspo.or.kr/web/video/,어르신을 위한 주간 운동프로그램 중 3주차에 해당하는 표준운동프로그램,314000109,29.96,1603,1920*1080,어르신,49852,0AUDLJ08S_00039_SC_00403.jpeg,2021,정리 운동,1883,한국어,가슴/복부/척추 스트레칭(Trunk rotation stretch),20221006,어르신기 3주차 운동프로그램,1663.396,,mp4,0AUDLJ08S_00039.mp4,http://openapi.kspo.or.kr/web/image/0AUDLJ08S_00039/,385,동영상,,3주차
,http://openapi.kspo.or.kr/web/video/,어르신을 위한 주간 운동프로그램 중 3주차에 해당하는 표준운동프로그램,314000109,29.96,1604,1920*1080,어르신,49997,0AUDLJ08S_00039_SC_00404.jpeg,2021,정리 운동,1883,한국어,가슴/복부/척추 스트레칭(Trunk rotation stretch),20221006,어르신기 3주차 운동프로그램,1668.234,,mp4,0AUDLJ08S_00039.mp4,http://openapi.kspo.or.kr/web/image/0AUDLJ08S_00039/,386,동영상,,3주차
,http://openapi.kspo.or.kr/web/video/,어르신을 위한 주간 운동프로그램 중 3주차에 해당하는 표준운동프로그램,314000109,29.96,1605,1920*1080,어르신,50171,0AUDLJ08S_00039_SC_00405.jpeg,2021,정리 운동,1883,한국어,가슴/복부/척추 스트레칭(Trunk rotation stretch),20221006,어르신기 3주차 운동프로그램,1674.04,,mp4,0AUDLJ08S_00039.mp4,http://openapi.kspo.or.kr/web/image/0AUDLJ08S_00039/,387,동영상,,3주차
,http://openapi.kspo.or.kr/web/video/,어르신을 위한 주간 운동프로그램 중 3주차에 해당하는 표준운동프로그램,314000109,29.96,1606,1920*1080,어르신,50258,0AUDLJ08S_00039_SC_00406.jpeg,2021,정리 운동,1883,한국어,가슴/복부/척추 스트레칭(Trunk rotation stretch),20221006,어르신기 3주차 운동프로그램,1676.943,,mp4,0AUDLJ08S_00039.mp4,http://openapi.kspo.or.kr/web/image/0AUDLJ08S_00039/,388,동영상,,3주차
,http://openapi.kspo.or.kr/web/video/,어르신을 위한 주간 운동프로그램 중 3주차에 해당하는 표준운동프로그램,314000109,29.96,1607,1920*1080,어르신,50374,0AUDLJ08S_00039_SC_00407.jpeg,2021,정리 운동,1883,한국어,가슴/복부/척추 스트레칭(Trunk rotation stretch),20221006,어르신기 3주차 운동프로그램,1680.814,,mp4,0AUDLJ08S_00039.mp4,http://openapi.kspo.or.kr/web/image/0AUDLJ08S_00039/,389,동영상,,3주차
,http://openapi.kspo.or.kr/web/video/,어르신을 위한 주간 운동프로그램 중 3주차에 해당하는 표준운동프로그램,314000109,29.96,1608,1920*1080,어르신,50577,0AUDLJ08S_00039_SC_00408.jpeg,2021,정리 운동,1883,한국어,대퇴 스트레칭(Quadriceps stretch),20221006,어르신기 3주차 운동프로그램,1687.587,,mp4,0AUDLJ08S_00039.mp4,http://openapi.kspo.or.kr/web/image/0AUDLJ08S_00039/,390,동영상,,3주차
,http://openapi.kspo.or.kr/web/video/,어르신을 위한 주간 운동프로그램 중 3주차에 해당하는 표준운동프로그램,314000109,29.96,1609,1920*1080,어르신,50693,0AUDLJ08S_00039_SC_00409.jpeg,2021,정리 운동,1883,한국어,대퇴 스트레칭(Quadriceps stretch),20221006,어르신기 3주차 운동프로그램,1691.458,,mp4,0AUDLJ08S_00039.mp4,http://openapi.kspo.or.kr/web/image/0AUDLJ08S_00039/,391,동영상,,3주차
,http://openapi.kspo.or.kr/web/video/,어르신을 위한 주간 운동프로그램 중 3주차에 해당하는 표준운동프로그램,314000109,29.96,1610,1920*1080,어르신,50780,0AUDLJ08S_00039_SC_00410.jpeg,2021,정리 운동,1883,한국어,대퇴 스트레칭(Quadriceps stretch),20221006,어르신기 3주차 운동프로그램,1694.361,,mp4,0AUDLJ08S_00039.mp4,http://openapi.kspo.or.kr/web/image/0AUDLJ08S_00039/,392,동영상,,3주차
,http://openapi.kspo.or.kr/web/video/,어르신을 위한 주간 운동프로그램 중 3주차에 해당하는 표준운동프로그램,314000109,29.96,1611,1920*1080,어르신,50954,0AUDLJ08S_00039_SC_00411.jpeg,2021,정리 운동,1883,한국어,대퇴 스트레칭(Quadriceps stretch),20221006,어르신기 3주차 운동프로그램,1700.166,,mp4,0AUDLJ08S_00039.mp4,http://openapi.kspo.or.kr/web/image/0AUDLJ08S_00039/,393,동영상,,3주차
,http://openapi.kspo.or.kr/web/video/,어르신을 위한 주간 운동프로그램 중 3주차에 해당하는 표준운동프로그램,314000109,29.96,1612,1920*1080,어르신,51070,0AUDLJ08S_00039_SC_00412.jpeg,2021,정리 운동,1883,한국어,대퇴 스트레칭(Quadriceps stretch),20221006,어르신기 3주차 운동프로그램,1704.037,,mp4,0AUDLJ08S_00039.mp4,http://openapi.kspo.or.kr/web/image/0AUDLJ08S_00039/,394,동영상,,3주차
,http://openapi.kspo.or.kr/web/video/,어르신을 위한 주간 운동프로그램 중 3주차에 해당하는 표준운동프로그램,314000109,29.96,1613,1920*1080,어르신,51186,0AUDLJ08S_00039_SC_00413.jpeg,2021,정리 운동,1883,한국어,대퇴 스트레칭(Quadriceps stretch),20221006,어르신기 3주차 운동프로그램,1707.907,,mp4,0AUDLJ08S_00039.mp4,http://openapi.kspo.or.kr/web/image/0AUDLJ08S_00039/,395,동영상,,3주차
,http://openapi.kspo.or.kr/web/video/,어르신을 위한 주간 운동프로그램 중 3주차에 해당하는 표준운동프로그램,314000109,29.96,1614,1920*1080,어르신,51302,0AUDLJ08S_00039_SC_00414.jpeg,2021,정리 운동,1883,한국어,대퇴 스트레칭(Quadriceps stretch),20221006,어르신기 3주차 운동프로그램,1711.778,,mp4,0AUDLJ08S_00039.mp4,http://openapi.kspo.or.kr/web/image/0AUDLJ08S_00039/,396,동영상,,3주차
,http://openapi.kspo.or.kr/web/video/,어르신을 위한 주간 운동프로그램 중 3주차에 해당하는 표준운동프로그램,314000109,29.96,1615,1920*1080,어르신,51418,0AUDLJ08S_00039_SC_00415.jpeg,2021,정리 운동,1883,한국어,대퇴 스트레칭(Quadriceps stretch),20221006,어르신기 3주차 운동프로그램,1715.648,,mp4,0AUDLJ08S_00039.mp4,http://openapi.kspo.or.kr/web/image/0AUDLJ08S_00039/,397,동영상,,3주차
,http://openapi.kspo.or.kr/web/video/,어르신을 위한 주간 운동프로그램 중 3주차에 해당하는 표준운동프로그램,314000109,29.96,1616,1920*1080,어르신,51534,0AUDLJ08S_00039_SC_00416.jpeg,2021,정리 운동,1883,한국어,대퇴 스트레칭(Quadriceps stretch),20221006,어르신기 3주차 운동프로그램,1719.519,,mp4,0AUDLJ08S_00039.mp4,http://openapi.kspo.or.kr/web/image/0AUDLJ08S_00039/,398,동영상,,3주차
,http://openapi.kspo.or.kr/web/video/,어르신을 위한 주간 운동프로그램 중 3주차에 해당하는 표준운동프로그램,314000109,29.96,1617,1920*1080,어르신,51621,0AUDLJ08S_00039_SC_00417.jpeg,2021,정리 운동,1883,한국어,대퇴 스트레칭(Quadriceps stretch),20221006,어르신기 3주차 운동프로그램,1722.422,,mp4,0AUDLJ08S_00039.mp4,http://openapi.kspo.or.kr/web/image/0AUDLJ08S_00039/,399,동영상,,3주차
,http://openapi.kspo.or.kr/web/video/,어르신을 위한 주간 운동프로그램 중 3주차에 해당하는 표준운동프로그램,314000109,29.96,1618,1920*1080,어르신,51737,0AUDLJ08S_00039_SC_00419.jpeg,2021,정리 운동,1883,한국어,엉덩관절 스트레칭1(Gluteus stretch),20221006,어르신기 3주차 운동프로그램,1726.292,,mp4,0AUDLJ08S_00039.mp4,http://openapi.kspo.or.kr/web/image/0AUDLJ08S_00039/,400,동영상,,3주차
,http://openapi.kspo.or.kr/web/video/,어르신을 위한 주간 운동프로그램 중 3주차에 해당하는 표준운동프로그램,314000109,29.96,1619,1920*1080,어르신,51940,0AUDLJ08S_00039_SC_00420.jpeg,2021,정리 운동,1883,한국어,엉덩관절 스트레칭1(Gluteus stretch),20221006,어르신기 3주차 운동프로그램,1733.066,,mp4,0AUDLJ08S_00039.mp4,http://openapi.kspo.or.kr/web/image/0AUDLJ08S_00039/,401,동영상,,3주차
,http://openapi.kspo.or.kr/web/video/,어르신을 위한 주간 운동프로그램 중 3주차에 해당하는 표준운동프로그램,314000109,29.96,1620,1920*1080,어르신,51998,0AUDLJ08S_00039_SC_00421.jpeg,2021,정리 운동,1883,한국어,엉덩관절 스트레칭1(Gluteus stretch),20221006,어르신기 3주차 운동프로그램,1735.001,,mp4,0AUDLJ08S_00039.mp4,http://openapi.kspo.or.kr/web/image/0AUDLJ08S_00039/,402,동영상,,3주차
,http://openapi.kspo.or.kr/web/video/,어르신을 위한 주간 운동프로그램 중 3주차에 해당하는 표준운동프로그램,314000109,29.96,1621,1920*1080,어르신,52056,0AUDLJ08S_00039_SC_00422.jpeg,2021,정리 운동,1883,한국어,엉덩관절 스트레칭1(Gluteus stretch),20221006,어르신기 3주차 운동프로그램,1736.936,,mp4,0AUDLJ08S_00039.mp4,http://openapi.kspo.or.kr/web/image/0AUDLJ08S_00039/,403,동영상,,3주차
,http://openapi.kspo.or.kr/web/video/,어르신을 위한 주간 운동프로그램 중 3주차에 해당하는 표준운동프로그램,314000109,29.96,1622,1920*1080,어르신,52230,0AUDLJ08S_00039_SC_00423.jpeg,2021,정리 운동,1883,한국어,엉덩관절 스트레칭1(Gluteus stretch),20221006,어르신기 3주차 운동프로그램,1742.742,,mp4,0AUDLJ08S_00039.mp4,http://openapi.kspo.or.kr/web/image/0AUDLJ08S_00039/,404,동영상,,3주차
,http://openapi.kspo.or.kr/web/video/,어르신을 위한 주간 운동프로그램 중 3주차에 해당하는 표준운동프로그램,314000109,29.96,1623,1920*1080,어르신,52723,0AUDLJ08S_00039_SC_00424.jpeg,2021,정리 운동,1883,한국어,엉덩관절 스트레칭2(Figure 4 pose),20221006,어르신기 3주차 운동프로그램,1759.192,,mp4,0AUDLJ08S_00039.mp4,http://openapi.kspo.or.kr/web/image/0AUDLJ08S_00039/,405,동영상,,3주차
,http://openapi.kspo.or.kr/web/video/,어르신을 위한 주간 운동프로그램 중 3주차에 해당하는 표준운동프로그램,314000109,29.96,1624,1920*1080,어르신,52810,0AUDLJ08S_00039_SC_00425.jpeg,2021,정리 운동,1883,한국어,엉덩관절 스트레칭2(Figure 4 pose),20221006,어르신기 3주차 운동프로그램,1762.095,,mp4,0AUDLJ08S_00039.mp4,http://openapi.kspo.or.kr/web/image/0AUDLJ08S_00039/,406,동영상,,3주차
,http://openapi.kspo.or.kr/web/video/,어르신을 위한 주간 운동프로그램 중 3주차에 해당하는 표준운동프로그램,314000109,29.96,1625,1920*1080,어르신,53651,0AUDLJ08S_00039_SC_00426.jpeg,2021,정리 운동,1883,한국어,무릎 스트레칭(Hamstring stretch),20221006,어르신기 3주차 운동프로그램,1790.156,,mp4,0AUDLJ08S_00039.mp4,http://openapi.kspo.or.kr/web/image/0AUDLJ08S_00039/,407,동영상,,3주차
,http://openapi.kspo.or.kr/web/video/,어르신을 위한 주간 운동프로그램 중 3주차에 해당하는 표준운동프로그램,314000109,29.96,1626,1920*1080,어르신,53680,0AUDLJ08S_00039_SC_00427.jpeg,2021,정리 운동,1883,한국어,무릎 스트레칭(Hamstring stretch),20221006,어르신기 3주차 운동프로그램,1791.124,,mp4,0AUDLJ08S_00039.mp4,http://openapi.kspo.or.kr/web/image/0AUDLJ08S_00039/,408,동영상,,3주차
,http://openapi.kspo.or.kr/web/video/,어르신을 위한 주간 운동프로그램 중 3주차에 해당하는 표준운동프로그램,314000109,29.96,1627,1920*1080,어르신,53709,0AUDLJ08S_00039_SC_00428.jpeg,2021,정리 운동,1883,한국어,무릎 스트레칭(Hamstring stretch),20221006,어르신기 3주차 운동프로그램,1792.092,,mp4,0AUDLJ08S_00039.mp4,http://openapi.kspo.or.kr/web/image/0AUDLJ08S_00039/,409,동영상,,3주차
,http://openapi.kspo.or.kr/web/video/,어르신을 위한 주간 운동프로그램 중 3주차에 해당하는 표준운동프로그램,314000109,29.96,1628,1920*1080,어르신,53767,0AUDLJ08S_00039_SC_00429.jpeg,2021,정리 운동,1883,한국어,무릎 스트레칭(Hamstring stretch),20221006,어르신기 3주차 운동프로그램,1794.027,,mp4,0AUDLJ08S_00039.mp4,http://openapi.kspo.or.kr/web/image/0AUDLJ08S_00039/,410,동영상,,3주차
,http://openapi.kspo.or.kr/web/video/,어르신을 위한 주간 운동프로그램 중 3주차에 해당하는 표준운동프로그램,314000109,29.96,1629,1920*1080,어르신,53796,0AUDLJ08S_00039_SC_00430.jpeg,2021,정리 운동,1883,한국어,무릎 스트레칭(Hamstring stretch),20221006,어르신기 3주차 운동프로그램,1794.994,,mp4,0AUDLJ08S_00039.mp4,http://openapi.kspo.or.kr/web/image/0AUDLJ08S_00039/,411,동영상,,3주차
,http://openapi.kspo.or.kr/web/video/,어르신을 위한 주간 운동프로그램 중 3주차에 해당하는 표준운동프로그램,314000109,29.96,1630,1920*1080,어르신,53912,0AUDLJ08S_00039_SC_00431.jpeg,2021,정리 운동,1883,한국어,무릎 스트레칭(Hamstring stretch),20221006,어르신기 3주차 운동프로그램,1798.865,,mp4,0AUDLJ08S_00039.mp4,http://openapi.kspo.or.kr/web/image/0AUDLJ08S_00039/,412,동영상,,3주차
,http://openapi.kspo.or.kr/web/video/,어르신을 위한 주간 운동프로그램 중 3주차에 해당하는 표준운동프로그램,314000109,29.96,1631,1920*1080,어르신,53999,0AUDLJ08S_00039_SC_00432.jpeg,2021,정리 운동,1883,한국어,무릎 스트레칭(Hamstring stretch),20221006,어르신기 3주차 운동프로그램,1801.768,,mp4,0AUDLJ08S_00039.mp4,http://openapi.kspo.or.kr/web/image/0AUDLJ08S_00039/,413,동영상,,3주차
,http://openapi.kspo.or.kr/web/video/,어르신을 위한 주간 운동프로그램 중 3주차에 해당하는 표준운동프로그램,314000109,29.96,1632,1920*1080,어르신,54115,0AUDLJ08S_00039_SC_00433.jpeg,2021,정리 운동,1883,한국어,무릎 스트레칭(Hamstring stretch),20221006,어르신기 3주차 운동프로그램,1805.638,,mp4,0AUDLJ08S_00039.mp4,http://openapi.kspo.or.kr/web/image/0AUDLJ08S_00039/,414,동영상,,3주차
,http://openapi.kspo.or.kr/web/video/,어르신을 위한 주간 운동프로그램 중 3주차에 해당하는 표준운동프로그램,314000109,29.96,1633,1920*1080,어르신,54231,0AUDLJ08S_00039_SC_00434.jpeg,2021,정리 운동,1883,한국어,무릎 스트레칭(Hamstring stretch),20221006,어르신기 3주차 운동프로그램,1809.509,,mp4,0AUDLJ08S_00039.mp4,http://openapi.kspo.or.kr/web/image/0AUDLJ08S_00039/,415,동영상,,3주차
,http://openapi.kspo.or.kr/web/video/,어르신을 위한 주간 운동프로그램 중 3주차에 해당하는 표준운동프로그램,314000109,29.96,1634,1920*1080,어르신,54347,0AUDLJ08S_00039_SC_00435.jpeg,2021,정리 운동,1883,한국어,무릎 스트레칭(Hamstring stretch),20221006,어르신기 3주차 운동프로그램,1813.38,,mp4,0AUDLJ08S_00039.mp4,http://openapi.kspo.or.kr/web/image/0AUDLJ08S_00039/,416,동영상,,3주차
,http://openapi.kspo.or.kr/web/video/,어르신을 위한 주간 운동프로그램 중 3주차에 해당하는 표준운동프로그램,314000109,29.96,1635,1920*1080,어르신,54434,0AUDLJ08S_00039_SC_00436.jpeg,2021,정리 운동,1883,한국어,무릎 스트레칭(Hamstring stretch),20221006,어르신기 3주차 운동프로그램,1816.282,,mp4,0AUDLJ08S_00039.mp4,http://openapi.kspo.or.kr/web/image/0AUDLJ08S_00039/,417,동영상,,3주차
,http://openapi.kspo.or.kr/web/video/,어르신을 위한 주간 운동프로그램 중 3주차에 해당하는 표준운동프로그램,314000109,29.96,1636,1920*1080,어르신,54608,0AUDLJ08S_00039_SC_00438.jpeg,2021,정리 운동,1883,한국어,어깨/복부/엉덩관절 스트레칭(Trunk rotation stretch),20221006,어르신기 3주차 운동프로그램,1822.088,,mp4,0AUDLJ08S_00039.mp4,http://openapi.kspo.or.kr/web/image/0AUDLJ08S_00039/,418,동영상,,3주차
,http://openapi.kspo.or.kr/web/video/,어르신을 위한 주간 운동프로그램 중 3주차에 해당하는 표준운동프로그램,314000109,29.96,1637,1920*1080,어르신,54869,0AUDLJ08S_00039_SC_00439.jpeg,2021,정리 운동,1883,한국어,어깨/복부/엉덩관절 스트레칭(Trunk rotation stretch),20221006,어르신기 3주차 운동프로그램,1830.797,,mp4,0AUDLJ08S_00039.mp4,http://openapi.kspo.or.kr/web/image/0AUDLJ08S_00039/,419,동영상,,3주차
,http://openapi.kspo.or.kr/web/video/,어르신을 위한 주간 운동프로그램 중 3주차에 해당하는 표준운동프로그램,314000109,29.96,1638,1920*1080,어르신,54898,0AUDLJ08S_00039_SC_00440.jpeg,2021,정리 운동,1883,한국어,어깨/복부/엉덩관절 스트레칭(Trunk rotation stretch),20221006,어르신기 3주차 운동프로그램,1831.765,,mp4,0AUDLJ08S_00039.mp4,http://openapi.kspo.or.kr/web/image/0AUDLJ08S_00039/,420,동영상,,3주차
,http://openapi.kspo.or.kr/web/video/,어르신을 위한 주간 운동프로그램 중 3주차에 해당하는 표준운동프로그램,314000109,29.96,1639,1920*1080,어르신,54956,0AUDLJ08S_00039_SC_00441.jpeg,2021,정리 운동,1883,한국어,어깨/복부/엉덩관절 스트레칭(Trunk rotation stretch),20221006,어르신기 3주차 운동프로그램,1833.7,,mp4,0AUDLJ08S_00039.mp4,http://openapi.kspo.or.kr/web/image/0AUDLJ08S_00039/,421,동영상,,3주차
,http://openapi.kspo.or.kr/web/video/,어르신을 위한 주간 운동프로그램 중 3주차에 해당하는 표준운동프로그램,314000109,29.96,1640,1920*1080,어르신,54985,0AUDLJ08S_00039_SC_00442.jpeg,2021,정리 운동,1883,한국어,어깨/복부/엉덩관절 스트레칭(Trunk rotation stretch),20221006,어르신기 3주차 운동프로그램,1834.668,,mp4,0AUDLJ08S_00039.mp4,http://openapi.kspo.or.kr/web/image/0AUDLJ08S_00039/,422,동영상,,3주차
,http://openapi.kspo.or.kr/web/video/,어르신을 위한 주간 운동프로그램 중 3주차에 해당하는 표준운동프로그램,314000109,29.96,1641,1920*1080,어르신,55043,0AUDLJ08S_00039_SC_00443.jpeg,2021,정리 운동,1883,한국어,어깨/복부/엉덩관절 스트레칭(Trunk rotation stretch),20221006,어르신기 3주차 운동프로그램,1836.603,,mp4,0AUDLJ08S_00039.mp4,http://openapi.kspo.or.kr/web/image/0AUDLJ08S_00039/,423,동영상,,3주차
,http://openapi.kspo.or.kr/web/video/,어르신을 위한 주간 운동프로그램 중 3주차에 해당하는 표준운동프로그램,314000109,29.96,1642,1920*1080,어르신,55101,0AUDLJ08S_00039_SC_00444.jpeg,2021,정리 운동,1883,한국어,어깨/복부/엉덩관절 스트레칭(Trunk rotation stretch),20221006,어르신기 3주차 운동프로그램,1838.538,,mp4,0AUDLJ08S_00039.mp4,http://openapi.kspo.or.kr/web/image/0AUDLJ08S_00039/,424,동영상,,3주차
,http://openapi.kspo.or.kr/web/video/,어르신을 위한 주간 운동프로그램 중 3주차에 해당하는 표준운동프로그램,314000109,29.96,1643,1920*1080,어르신,55217,0AUDLJ08S_00039_SC_00445.jpeg,2021,정리 운동,1883,한국어,어깨/복부/엉덩관절 스트레칭(Trunk rotation stretch),20221006,어르신기 3주차 운동프로그램,1842.409,,mp4,0AUDLJ08S_00039.mp4,http://openapi.kspo.or.kr/web/image/0AUDLJ08S_00039/,425,동영상,,3주차
,http://openapi.kspo.or.kr/web/video/,어르신을 위한 주간 운동프로그램 중 3주차에 해당하는 표준운동프로그램,314000109,29.96,1644,1920*1080,어르신,55333,0AUDLJ08S_00039_SC_00446.jpeg,2021,정리 운동,1883,한국어,어깨/복부/엉덩관절 스트레칭(Trunk rotation stretch),20221006,어르신기 3주차 운동프로그램,1846.279,,mp4,0AUDLJ08S_00039.mp4,http://openapi.kspo.or.kr/web/image/0AUDLJ08S_00039/,426,동영상,,3주차
,http://openapi.kspo.or.kr/web/video/,어르신을 위한 주간 운동프로그램 중 3주차에 해당하는 표준운동프로그램,314000109,29.96,1645,1920*1080,어르신,55391,0AUDLJ08S_00039_SC_00447.jpeg,2021,정리 운동,1883,한국어,어깨/복부/엉덩관절 스트레칭(Trunk rotation stretch),20221006,어르신기 3주차 운동프로그램,1848.214,,mp4,0AUDLJ08S_00039.mp4,http://openapi.kspo.or.kr/web/image/0AUDLJ08S_00039/,427,동영상,,3주차
,http://openapi.kspo.or.kr/web/video/,어르신을 위한 주간 운동프로그램 중 3주차에 해당하는 표준운동프로그램,314000109,29.96,1646,1920*1080,어르신,55420,0AUDLJ08S_00039_SC_00448.jpeg,2021,정리 운동,1883,한국어,어깨/복부/엉덩관절 스트레칭(Trunk rotation stretch),20221006,어르신기 3주차 운동프로그램,1849.182,,mp4,0AUDLJ08S_00039.mp4,http://openapi.kspo.or.kr/web/image/0AUDLJ08S_00039/,428,동영상,,3주차
,http://openapi.kspo.or.kr/web/video/,어르신을 위한 주간 운동프로그램 중 3주차에 해당하는 표준운동프로그램,314000109,29.96,1647,1920*1080,어르신,55478,0AUDLJ08S_00039_SC_00449.jpeg,2021,정리 운동,1883,한국어,어깨/복부/엉덩관절 스트레칭(Trunk rotation stretch),20221006,어르신기 3주차 운동프로그램,1851.117,,mp4,0AUDLJ08S_00039.mp4,http://openapi.kspo.or.kr/web/image/0AUDLJ08S_00039/,429,동영상,,3주차
,http://openapi.kspo.or.kr/web/video/,어르신을 위한 주간 운동프로그램 중 3주차에 해당하는 표준운동프로그램,314000109,29.96,1648,1920*1080,어르신,55536,0AUDLJ08S_00039_SC_00450.jpeg,2021,정리 운동,1883,한국어,어깨/복부/엉덩관절 스트레칭(Trunk rotation stretch),20221006,어르신기 3주차 운동프로그램,1853.053,,mp4,0AUDLJ08S_00039.mp4,http://openapi.kspo.or.kr/web/image/0AUDLJ08S_00039/,430,동영상,,3주차
,http://openapi.kspo.or.kr/web/video/,어르신을 위한 주간 운동프로그램 중 3주차에 해당하는 표준운동프로그램,314000109,29.96,1649,1920*1080,어르신,55565,0AUDLJ08S_00039_SC_00451.jpeg,2021,정리 운동,1883,한국어,어깨/복부/엉덩관절 스트레칭(Trunk rotation stretch),20221006,어르신기 3주차 운동프로그램,1854.02,,mp4,0AUDLJ08S_00039.mp4,http://openapi.kspo.or.kr/web/image/0AUDLJ08S_00039/,431,동영상,,3주차
,http://openapi.kspo.or.kr/web/video/,어르신을 위한 주간 운동프로그램 중 3주차에 해당하는 표준운동프로그램,314000109,29.96,1650,1920*1080,어르신,55652,0AUDLJ08S_00039_SC_00452.jpeg,2021,정리 운동,1883,한국어,어깨/복부/엉덩관절 스트레칭(Trunk rotation stretch),20221006,어르신기 3주차 운동프로그램,1856.923,,mp4,0AUDLJ08S_00039.mp4,http://openapi.kspo.or.kr/web/image/0AUDLJ08S_00039/,432,동영상,,3주차
,http://openapi.kspo.or.kr/web/video/,어르신을 위한 주간 운동프로그램 중 3주차에 해당하는 표준운동프로그램,314000109,29.96,1651,1920*1080,어르신,55797,0AUDLJ08S_00039_SC_00453.jpeg,2021,정리 운동,1883,한국어,어깨/복부/엉덩관절 스트레칭(Trunk rotation stretch),20221006,어르신기 3주차 운동프로그램,1861.761,,mp4,0AUDLJ08S_00039.mp4,http://openapi.kspo.or.kr/web/image/0AUDLJ08S_00039/,433,동영상,,3주차
,http://openapi.kspo.or.kr/web/video/,어르신을 위한 주간 운동프로그램 중 3주차에 해당하는 표준운동프로그램,314000109,29.96,1652,1920*1080,어르신,55913,0AUDLJ08S_00039_SC_00454.jpeg,2021,정리 운동,1883,한국어,어깨/복부/엉덩관절 스트레칭(Trunk rotation stretch),20221006,어르신기 3주차 운동프로그램,1865.632,,mp4,0AUDLJ08S_00039.mp4,http://openapi.kspo.or.kr/web/image/0AUDLJ08S_00039/,434,동영상,,3주차
,http://openapi.kspo.or.kr/web/video/,어르신을 위한 주간 운동프로그램 중 4주차에 해당하는 표준운동프로그램,319939525,29.96,1653,1920*1080,어르신,90,0AUDLJ08S_00040_FR_00002.jpeg,2021,,1920,한국어,,20221027,어르신기 4주차 운동프로그램,3.003,,mp4,0AUDLJ08S_00040.mp4,http://openapi.kspo.or.kr/web/image/0AUDLJ08S_00040/,1,동영상,,4주차
,http://openapi.kspo.or.kr/web/video/,어르신을 위한 주간 운동프로그램 중 4주차에 해당하는 표준운동프로그램,319939525,29.96,1654,1920*1080,어르신,1103,0AUDLJ08S_00040_SC_00010.jpeg,2021,준비 운동,1920,한국어,손목/발목 돌리기(Wrist and Ankle circumduction),20221027,어르신기 4주차 운동프로그램,36.803,,mp4,0AUDLJ08S_00040.mp4,http://openapi.kspo.or.kr/web/image/0AUDLJ08S_00040/,2,동영상,,4주차
,http://openapi.kspo.or.kr/web/video/,어르신을 위한 주간 운동프로그램 중 4주차에 해당하는 표준운동프로그램,319939525,29.96,1655,1920*1080,어르신,1335,0AUDLJ08S_00040_SC_00011.jpeg,2021,준비 운동,1920,한국어,손목/발목 돌리기(Wrist and Ankle circumduction),20221027,어르신기 4주차 운동프로그램,44.544,,mp4,0AUDLJ08S_00040.mp4,http://openapi.kspo.or.kr/web/image/0AUDLJ08S_00040/,3,동영상,,4주차
,http://openapi.kspo.or.kr/web/video/,어르신을 위한 주간 운동프로그램 중 4주차에 해당하는 표준운동프로그램,319939525,29.96,1656,1920*1080,어르신,1770,0AUDLJ08S_00040_SC_00015.jpeg,2021,준비 운동,1920,한국어,목 돌리기(Neck circumduction),20221027,어르신기 4주차 운동프로그램,59.059,,mp4,0AUDLJ08S_00040.mp4,http://openapi.kspo.or.kr/web/image/0AUDLJ08S_00040/,4,동영상,,4주차
5~5,http://openapi.kspo.or.kr/web/video/,어르신을 위한 주간 운동프로그램 중 4주차에 해당하는 표준운동프로그램,319939525,29.96,1657,1920*1080,어르신,2158,0AUDLJ08S_00040_FR_00025.jpeg,2021,준비 운동,1920,한국어,목 돌리기(Neck circumduction),20221027,어르신기 4주차 운동프로그램,72.005,,mp4,0AUDLJ08S_00040.mp4,http://openapi.kspo.or.kr/web/image/0AUDLJ08S_00040/,5,동영상,,4주차
,http://openapi.kspo.or.kr/web/video/,어르신을 위한 주간 운동프로그램 중 4주차에 해당하는 표준운동프로그램,319939525,29.96,1658,1920*1080,어르신,2234,0AUDLJ08S_00040_SC_00017.jpeg,2021,준비 운동,1920,한국어,목 돌리기(Neck circumduction),20221027,어르신기 4주차 운동프로그램,74.541,,mp4,0AUDLJ08S_00040.mp4,http://openapi.kspo.or.kr/web/image/0AUDLJ08S_00040/,6,동영상,,4주차
,http://openapi.kspo.or.kr/web/video/,어르신을 위한 주간 운동프로그램 중 4주차에 해당하는 표준운동프로그램,319939525,29.96,1659,1920*1080,어르신,2553,0AUDLJ08S_00040_SC_00019.jpeg,2021,준비 운동,1920,한국어,어깨 작게 돌리기(Shoulder circumduction),20221027,어르신기 4주차 운동프로그램,85.185,,mp4,0AUDLJ08S_00040.mp4,http://openapi.kspo.or.kr/web/image/0AUDLJ08S_00040/,7,동영상,,4주차
5~5,http://openapi.kspo.or.kr/web/video/,어르신을 위한 주간 운동프로그램 중 4주차에 해당하는 표준운동프로그램,319939525,29.96,1660,1920*1080,어르신,3147,0AUDLJ08S_00040_FR_00036.jpeg,2021,준비 운동,1920,한국어,어깨 작게 돌리기(Shoulder circumduction),20221027,어르신기 4주차 운동프로그램,105.005,,mp4,0AUDLJ08S_00040.mp4,http://openapi.kspo.or.kr/web/image/0AUDLJ08S_00040/,8,동영상,,4주차
,http://openapi.kspo.or.kr/web/video/,어르신을 위한 주간 운동프로그램 중 4주차에 해당하는 표준운동프로그램,319939525,29.96,1661,1920*1080,어르신,3539,0AUDLJ08S_00040_SC_00026.jpeg,2021,준비 운동,1920,한국어,어깨 작게 돌리기(Shoulder circumduction),20221027,어르신기 4주차 운동프로그램,118.084,,mp4,0AUDLJ08S_00040.mp4,http://openapi.kspo.or.kr/web/image/0AUDLJ08S_00040/,9,동영상,,4주차
,http://openapi.kspo.or.kr/web/video/,어르신을 위한 주간 운동프로그램 중 4주차에 해당하는 표준운동프로그램,319939525,29.96,1662,1920*1080,어르신,4496,0AUDLJ08S_00040_FR_00051.jpeg,2021,준비 운동,1920,한국어,어깨 크게 돌리기(Wide shoulder circumduction),20221027,어르신기 4주차 운동프로그램,150.016,,mp4,0AUDLJ08S_00040.mp4,http://openapi.kspo.or.kr/web/image/0AUDLJ08S_00040/,10,동영상,,4주차
,http://openapi.kspo.or.kr/web/video/,어르신을 위한 주간 운동프로그램 중 4주차에 해당하는 표준운동프로그램,319939525,29.96,1663,1920*1080,어르신,4931,0AUDLJ08S_00040_SC_00033.jpeg,2021,준비 운동,1920,한국어,어깨 크게 돌리기(Wide shoulder circumduction),20221027,어르신기 4주차 운동프로그램,164.531,,mp4,0AUDLJ08S_00040.mp4,http://openapi.kspo.or.kr/web/image/0AUDLJ08S_00040/,11,동영상,,4주차
,http://openapi.kspo.or.kr/web/video/,어르신을 위한 주간 운동프로그램 중 4주차에 해당하는 표준운동프로그램,319939525,29.96,1664,1920*1080,어르신,5685,0AUDLJ08S_00040_SC_00040.jpeg,2021,준비 운동,1920,한국어,허리 돌리기(Waist circumduction),20221027,어르신기 4주차 운동프로그램,189.689,,mp4,0AUDLJ08S_00040.mp4,http://openapi.kspo.or.kr/web/image/0AUDLJ08S_00040/,12,동영상,,4주차
5~5,http://openapi.kspo.or.kr/web/video/,어르신을 위한 주간 운동프로그램 중 4주차에 해당하는 표준운동프로그램,319939525,29.96,1665,1920*1080,어르신,5755,0AUDLJ08S_00040_FR_00065.jpeg,2021,준비 운동,1920,한국어,허리 돌리기(Waist circumduction),20221027,어르신기 4주차 운동프로그램,192.025,,mp4,0AUDLJ08S_00040.mp4,http://openapi.kspo.or.kr/web/image/0AUDLJ08S_00040/,13,동영상,,4주차
,http://openapi.kspo.or.kr/web/video/,어르신을 위한 주간 운동프로그램 중 4주차에 해당하는 표준운동프로그램,319939525,29.96,1666,1920*1080,어르신,5917,0AUDLJ08S_00040_SC_00042.jpeg,2021,준비 운동,1920,한국어,허리 돌리기(Waist circumduction),20221027,어르신기 4주차 운동프로그램,197.43,,mp4,0AUDLJ08S_00040.mp4,http://openapi.kspo.or.kr/web/image/0AUDLJ08S_00040/,14,동영상,,4주차
,http://openapi.kspo.or.kr/web/video/,어르신을 위한 주간 운동프로그램 중 4주차에 해당하는 표준운동프로그램,319939525,29.96,1667,1920*1080,어르신,6323,0AUDLJ08S_00040_SC_00045.jpeg,2021,준비 운동,1920,한국어,무릎 돌리기(Knee circumduction),20221027,어르신기 4주차 운동프로그램,210.977,,mp4,0AUDLJ08S_00040.mp4,http://openapi.kspo.or.kr/web/image/0AUDLJ08S_00040/,15,동영상,,4주차
5~5,http://openapi.kspo.or.kr/web/video/,어르신을 위한 주간 운동프로그램 중 4주차에 해당하는 표준운동프로그램,319939525,29.96,1668,1920*1080,어르신,6654,0AUDLJ08S_00040_FR_00075.jpeg,2021,준비 운동,1920,한국어,무릎 돌리기(Knee circumduction),20221027,어르신기 4주차 운동프로그램,222.022,,mp4,0AUDLJ08S_00040.mp4,http://openapi.kspo.or.kr/web/image/0AUDLJ08S_00040/,16,동영상,,4주차
,http://openapi.kspo.or.kr/web/video/,어르신을 위한 주간 운동프로그램 중 4주차에 해당하는 표준운동프로그램,319939525,29.96,1669,1920*1080,어르신,6700,0AUDLJ08S_00040_SC_00048.jpeg,2021,준비 운동,1920,한국어,무릎 돌리기(Knee circumduction),20221027,어르신기 4주차 운동프로그램,223.556,,mp4,0AUDLJ08S_00040.mp4,http://openapi.kspo.or.kr/web/image/0AUDLJ08S_00040/,17,동영상,,4주차
,http://openapi.kspo.or.kr/web/video/,어르신을 위한 주간 운동프로그램 중 4주차에 해당하는 표준운동프로그램,319939525,29.96,1670,1920*1080,어르신,7309,0AUDLJ08S_00040_SC_00055.jpeg,2021,준비 운동,1920,한국어,"허리 굽히기(Hamstring, Spine stretch)",20221027,어르신기 4주차 운동프로그램,243.877,10~10 초,mp4,0AUDLJ08S_00040.mp4,http://openapi.kspo.or.kr/web/image/0AUDLJ08S_00040/,18,동영상,,4주차
,http://openapi.kspo.or.kr/web/video/,어르신을 위한 주간 운동프로그램 중 4주차에 해당하는 표준운동프로그램,319939525,29.96,1671,1920*1080,어르신,7541,0AUDLJ08S_00040_SC_00057.jpeg,2021,준비 운동,1920,한국어,"허리 굽히기(Hamstring, Spine stretch)",20221027,어르신기 4주차 운동프로그램,251.618,,mp4,0AUDLJ08S_00040.mp4,http://openapi.kspo.or.kr/web/image/0AUDLJ08S_00040/,19,동영상,,4주차
,http://openapi.kspo.or.kr/web/video/,어르신을 위한 주간 운동프로그램 중 4주차에 해당하는 표준운동프로그램,319939525,29.96,1672,1920*1080,어르신,8034,0AUDLJ08S_00040_SC_00062.jpeg,2021,준비 운동,1920,한국어,허리 회전하기1(Trunk rotation stretch),20221027,어르신기 4주차 운동프로그램,268.068,,mp4,0AUDLJ08S_00040.mp4,http://openapi.kspo.or.kr/web/image/0AUDLJ08S_00040/,20,동영상,,4주차
,http://openapi.kspo.or.kr/web/video/,어르신을 위한 주간 운동프로그램 중 4주차에 해당하는 표준운동프로그램,319939525,29.96,1673,1920*1080,어르신,8295,0AUDLJ08S_00040_SC_00064.jpeg,2021,준비 운동,1920,한국어,허리 회전하기1(Trunk rotation stretch),20221027,어르신기 4주차 운동프로그램,276.776,5~5 초,mp4,0AUDLJ08S_00040.mp4,http://openapi.kspo.or.kr/web/image/0AUDLJ08S_00040/,21,동영상,,4주차
,http://openapi.kspo.or.kr/web/video/,어르신을 위한 주간 운동프로그램 중 4주차에 해당하는 표준운동프로그램,319939525,29.96,1674,1920*1080,어르신,8632,0AUDLJ08S_00040_FR_00097.jpeg,2021,준비 운동,1920,한국어,허리 회전하기1(Trunk rotation stretch),20221027,어르신기 4주차 운동프로그램,288.021,,mp4,0AUDLJ08S_00040.mp4,http://openapi.kspo.or.kr/web/image/0AUDLJ08S_00040/,22,동영상,,4주차
,http://openapi.kspo.or.kr/web/video/,어르신을 위한 주간 운동프로그램 중 4주차에 해당하는 표준운동프로그램,319939525,29.96,1675,1920*1080,어르신,9339,0AUDLJ08S_00040_SC_00071.jpeg,2021,준비 운동,1920,한국어,허리 회전하기1(Trunk rotation stretch),20221027,어르신기 4주차 운동프로그램,311.611,,mp4,0AUDLJ08S_00040.mp4,http://openapi.kspo.or.kr/web/image/0AUDLJ08S_00040/,23,동영상,,4주차
,http://openapi.kspo.or.kr/web/video/,어르신을 위한 주간 운동프로그램 중 4주차에 해당하는 표준운동프로그램,319939525,29.96,1676,1920*1080,어르신,9455,0AUDLJ08S_00040_SC_00072.jpeg,2021,준비 운동,1920,한국어,허리 회전하기1(Trunk rotation stretch),20221027,어르신기 4주차 운동프로그램,315.482,5~5 초,mp4,0AUDLJ08S_00040.mp4,http://openapi.kspo.or.kr/web/image/0AUDLJ08S_00040/,24,동영상,,4주차
,http://openapi.kspo.or.kr/web/video/,어르신을 위한 주간 운동프로그램 중 4주차에 해당하는 표준운동프로그램,319939525,29.96,1677,1920*1080,어르신,9571,0AUDLJ08S_00040_SC_00073.jpeg,2021,준비 운동,1920,한국어,허리 회전하기1(Trunk rotation stretch),20221027,어르신기 4주차 운동프로그램,319.352,,mp4,0AUDLJ08S_00040.mp4,http://openapi.kspo.or.kr/web/image/0AUDLJ08S_00040/,25,동영상,,4주차
,http://openapi.kspo.or.kr/web/video/,어르신을 위한 주간 운동프로그램 중 4주차에 해당하는 표준운동프로그램,319939525,29.96,1678,1920*1080,어르신,10035,0AUDLJ08S_00040_SC_00076.jpeg,2021,준비 운동,1920,한국어,옆구리 늘리기(Side bending stretch),20221027,어르신기 4주차 운동프로그램,334.834,,mp4,0AUDLJ08S_00040.mp4,http://openapi.kspo.or.kr/web/image/0AUDLJ08S_00040/,26,동영상,,4주차
,http://openapi.kspo.or.kr/web/video/,어르신을 위한 주간 운동프로그램 중 4주차에 해당하는 표준운동프로그램,319939525,29.96,1679,1920*1080,어르신,10151,0AUDLJ08S_00040_SC_00077.jpeg,2021,준비 운동,1920,한국어,옆구리 늘리기(Side bending stretch),20221027,어르신기 4주차 운동프로그램,338.705,5~5 초,mp4,0AUDLJ08S_00040.mp4,http://openapi.kspo.or.kr/web/image/0AUDLJ08S_00040/,27,동영상,,4주차
,http://openapi.kspo.or.kr/web/video/,어르신을 위한 주간 운동프로그램 중 4주차에 해당하는 표준운동프로그램,319939525,29.96,1680,1920*1080,어르신,10430,0AUDLJ08S_00040_FR_00117.jpeg,2021,준비 운동,1920,한국어,옆구리 늘리기(Side bending stretch),20221027,어르신기 4주차 운동프로그램,348.014,,mp4,0AUDLJ08S_00040.mp4,http://openapi.kspo.or.kr/web/image/0AUDLJ08S_00040/,28,동영상,,4주차
,http://openapi.kspo.or.kr/web/video/,어르신을 위한 주간 운동프로그램 중 4주차에 해당하는 표준운동프로그램,319939525,29.96,1681,1920*1080,어르신,10818,0AUDLJ08S_00040_SC_00082.jpeg,2021,준비 운동,1920,한국어,"허리 크게 돌리기(Hamstring, Spine stretch)",20221027,어르신기 4주차 운동프로그램,360.96,,mp4,0AUDLJ08S_00040.mp4,http://openapi.kspo.or.kr/web/image/0AUDLJ08S_00040/,29,동영상,,4주차
3~5,http://openapi.kspo.or.kr/web/video/,어르신을 위한 주간 운동프로그램 중 4주차에 해당하는 표준운동프로그램,319939525,29.96,1682,1920*1080,어르신,11340,0AUDLJ08S_00040_SC_00087.jpeg,2021,준비 운동,1920,한국어,"허리 크게 돌리기(Hamstring, Spine stretch)",20221027,어르신기 4주차 운동프로그램,378.378,,mp4,0AUDLJ08S_00040.mp4,http://openapi.kspo.or.kr/web/image/0AUDLJ08S_00040/,30,동영상,,4주차
,http://openapi.kspo.or.kr/web/video/,어르신을 위한 주간 운동프로그램 중 4주차에 해당하는 표준운동프로그램,319939525,29.96,1683,1920*1080,어르신,11514,0AUDLJ08S_00040_SC_00088.jpeg,2021,준비 운동,1920,한국어,"허리 크게 돌리기(Hamstring, Spine stretch)",20221027,어르신기 4주차 운동프로그램,384.184,,mp4,0AUDLJ08S_00040.mp4,http://openapi.kspo.or.kr/web/image/0AUDLJ08S_00040/,31,동영상,,4주차
,http://openapi.kspo.or.kr/web/video/,어르신을 위한 주간 운동프로그램 중 4주차에 해당하는 표준운동프로그램,319939525,29.96,1684,1920*1080,어르신,12355,0AUDLJ08S_00040_SC_00096.jpeg,2021,준비 운동,1920,한국어,제자리 걷기(Walking),20221027,어르신기 4주차 운동프로그램,412.245,,mp4,0AUDLJ08S_00040.mp4,http://openapi.kspo.or.kr/web/image/0AUDLJ08S_00040/,32,동영상,,4주차
10~10,http://openapi.kspo.or.kr/web/video/,어르신을 위한 주간 운동프로그램 중 4주차에 해당하는 표준운동프로그램,319939525,29.96,1685,1920*1080,어르신,12500,0AUDLJ08S_00040_SC_00098.jpeg,2021,준비 운동,1920,한국어,제자리 걷기(Walking),20221027,어르신기 4주차 운동프로그램,417.083,,mp4,0AUDLJ08S_00040.mp4,http://openapi.kspo.or.kr/web/image/0AUDLJ08S_00040/,33,동영상,,4주차
,http://openapi.kspo.or.kr/web/video/,어르신을 위한 주간 운동프로그램 중 4주차에 해당하는 표준운동프로그램,319939525,29.96,1686,1920*1080,어르신,12732,0AUDLJ08S_00040_SC_00102.jpeg,2021,준비 운동,1920,한국어,제자리 걷기(Walking),20221027,어르신기 4주차 운동프로그램,424.824,,mp4,0AUDLJ08S_00040.mp4,http://openapi.kspo.or.kr/web/image/0AUDLJ08S_00040/,34,동영상,,4주차
,http://openapi.kspo.or.kr/web/video/,어르신을 위한 주간 운동프로그램 중 4주차에 해당하는 표준운동프로그램,319939525,29.96,1687,1920*1080,어르신,12906,0AUDLJ08S_00040_SC_00104.jpeg,2021,준비 운동,1920,한국어,제기차기(Deep lateral rotators stretch),20221027,어르신기 4주차 운동프로그램,430.63,,mp4,0AUDLJ08S_00040.mp4,http://openapi.kspo.or.kr/web/image/0AUDLJ08S_00040/,35,동영상,,4주차
10~10,http://openapi.kspo.or.kr/web/video/,어르신을 위한 주간 운동프로그램 중 4주차에 해당하는 표준운동프로그램,319939525,29.96,1688,1920*1080,어르신,13312,0AUDLJ08S_00040_SC_00109.jpeg,2021,준비 운동,1920,한국어,제기차기(Deep lateral rotators stretch),20221027,어르신기 4주차 운동프로그램,444.177,,mp4,0AUDLJ08S_00040.mp4,http://openapi.kspo.or.kr/web/image/0AUDLJ08S_00040/,36,동영상,,4주차
,http://openapi.kspo.or.kr/web/video/,어르신을 위한 주간 운동프로그램 중 4주차에 해당하는 표준운동프로그램,319939525,29.96,1689,1920*1080,어르신,13573,0AUDLJ08S_00040_SC_00112.jpeg,2021,준비 운동,1920,한국어,제기차기(Deep lateral rotators stretch),20221027,어르신기 4주차 운동프로그램,452.886,,mp4,0AUDLJ08S_00040.mp4,http://openapi.kspo.or.kr/web/image/0AUDLJ08S_00040/,37,동영상,,4주차
,http://openapi.kspo.or.kr/web/video/,어르신을 위한 주간 운동프로그램 중 4주차에 해당하는 표준운동프로그램,319939525,29.96,1690,1920*1080,어르신,13847,0AUDLJ08S_00040_FR_00155.jpeg,2021,준비 운동,1920,한국어,다리 옆으로 들기(Adductor stretch),20221027,어르신기 4주차 운동프로그램,462.028,,mp4,0AUDLJ08S_00040.mp4,http://openapi.kspo.or.kr/web/image/0AUDLJ08S_00040/,38,동영상,,4주차
10~10,http://openapi.kspo.or.kr/web/video/,어르신을 위한 주간 운동프로그램 중 4주차에 해당하는 표준운동프로그램,319939525,29.96,1691,1920*1080,어르신,14037,0AUDLJ08S_00040_SC_00114.jpeg,2021,준비 운동,1920,한국어,다리 옆으로 들기(Adductor stretch),20221027,어르신기 4주차 운동프로그램,468.368,,mp4,0AUDLJ08S_00040.mp4,http://openapi.kspo.or.kr/web/image/0AUDLJ08S_00040/,39,동영상,,4주차
,http://openapi.kspo.or.kr/web/video/,어르신을 위한 주간 운동프로그램 중 4주차에 해당하는 표준운동프로그램,319939525,29.96,1692,1920*1080,어르신,14298,0AUDLJ08S_00040_SC_00118.jpeg,2021,준비 운동,1920,한국어,다리 옆으로 들기(Adductor stretch),20221027,어르신기 4주차 운동프로그램,477.077,,mp4,0AUDLJ08S_00040.mp4,http://openapi.kspo.or.kr/web/image/0AUDLJ08S_00040/,40,동영상,,4주차
,http://openapi.kspo.or.kr/web/video/,어르신을 위한 주간 운동프로그램 중 4주차에 해당하는 표준운동프로그램,319939525,29.96,1693,1920*1080,어르신,14472,0AUDLJ08S_00040_SC_00119.jpeg,2021,준비 운동,1920,한국어,다리 옆으로 들기(Adductor stretch),20221027,어르신기 4주차 운동프로그램,482.882,,mp4,0AUDLJ08S_00040.mp4,http://openapi.kspo.or.kr/web/image/0AUDLJ08S_00040/,41,동영상,,4주차
,http://openapi.kspo.or.kr/web/video/,어르신을 위한 주간 운동프로그램 중 4주차에 해당하는 표준운동프로그램,319939525,29.96,1694,1920*1080,어르신,14791,0AUDLJ08S_00040_SC_00123.jpeg,2021,준비 운동,1920,한국어,다리 뒤로 들기(Abdominals stretch),20221027,어르신기 4주차 운동프로그램,493.526,,mp4,0AUDLJ08S_00040.mp4,http://openapi.kspo.or.kr/web/image/0AUDLJ08S_00040/,42,동영상,,4주차
10~10,http://openapi.kspo.or.kr/web/video/,어르신을 위한 주간 운동프로그램 중 4주차에 해당하는 표준운동프로그램,319939525,29.96,1695,1920*1080,어르신,15226,0AUDLJ08S_00040_SC_00127.jpeg,2021,준비 운동,1920,한국어,다리 뒤로 들기(Abdominals stretch),20221027,어르신기 4주차 운동프로그램,508.041,,mp4,0AUDLJ08S_00040.mp4,http://openapi.kspo.or.kr/web/image/0AUDLJ08S_00040/,43,동영상,,4주차
,http://openapi.kspo.or.kr/web/video/,어르신을 위한 주간 운동프로그램 중 4주차에 해당하는 표준운동프로그램,319939525,29.96,1696,1920*1080,어르신,15400,0AUDLJ08S_00040_SC_00128.jpeg,2021,준비 운동,1920,한국어,다리 뒤로 들기(Abdominals stretch),20221027,어르신기 4주차 운동프로그램,513.847,,mp4,0AUDLJ08S_00040.mp4,http://openapi.kspo.or.kr/web/image/0AUDLJ08S_00040/,44,동영상,,4주차
,http://openapi.kspo.or.kr/web/video/,어르신을 위한 주간 운동프로그램 중 4주차에 해당하는 표준운동프로그램,319939525,29.96,1697,1920*1080,어르신,16154,0AUDLJ08S_00040_SC_00133.jpeg,2021,준비 운동,1920,한국어,팔꿈치 굽히고 등 당기기/제자리 걷기(Row/Knee up),20221027,어르신기 4주차 운동프로그램,539.005,,mp4,0AUDLJ08S_00040.mp4,http://openapi.kspo.or.kr/web/image/0AUDLJ08S_00040/,45,동영상,,4주차
10~10,http://openapi.kspo.or.kr/web/video/,어르신을 위한 주간 운동프로그램 중 4주차에 해당하는 표준운동프로그램,319939525,29.96,1698,1920*1080,어르신,16274,0AUDLJ08S_00040_FR_00182.jpeg,2021,준비 운동,1920,한국어,팔꿈치 굽히고 등 당기기/제자리 걷기(Row/Knee up),20221027,어르신기 4주차 운동프로그램,543.009,,mp4,0AUDLJ08S_00040.mp4,http://openapi.kspo.or.kr/web/image/0AUDLJ08S_00040/,46,동영상,,4주차
,http://openapi.kspo.or.kr/web/video/,어르신을 위한 주간 운동프로그램 중 4주차에 해당하는 표준운동프로그램,319939525,29.96,1699,1920*1080,어르신,16560,0AUDLJ08S_00040_SC_00136.jpeg,2021,준비 운동,1920,한국어,팔꿈치 굽히고 등 당기기/제자리 걷기(Row/Knee up),20221027,어르신기 4주차 운동프로그램,552.552,,mp4,0AUDLJ08S_00040.mp4,http://openapi.kspo.or.kr/web/image/0AUDLJ08S_00040/,47,동영상,,4주차
,http://openapi.kspo.or.kr/web/video/,어르신을 위한 주간 운동프로그램 중 4주차에 해당하는 표준운동프로그램,319939525,29.96,1700,1920*1080,어르신,16908,0AUDLJ08S_00040_SC_00139.jpeg,2021,준비 운동,1920,한국어,팔꿈치 굽히고 등 당기기/제자리 걷기(Row/Knee up),20221027,어르신기 4주차 운동프로그램,564.164,,mp4,0AUDLJ08S_00040.mp4,http://openapi.kspo.or.kr/web/image/0AUDLJ08S_00040/,48,동영상,,4주차
,http://openapi.kspo.or.kr/web/video/,어르신을 위한 주간 운동프로그램 중 4주차에 해당하는 표준운동프로그램,319939525,29.96,1701,1920*1080,어르신,17082,0AUDLJ08S_00040_SC_00140.jpeg,2021,준비 운동,1920,한국어,팔꿈치 펴고 등 당기기/제자리 걷기(Row/Knee up),20221027,어르신기 4주차 운동프로그램,569.969,,mp4,0AUDLJ08S_00040.mp4,http://openapi.kspo.or.kr/web/image/0AUDLJ08S_00040/,49,동영상,,4주차
10~10,http://openapi.kspo.or.kr/web/video/,어르신을 위한 주간 운동프로그램 중 4주차에 해당하는 표준운동프로그램,319939525,29.96,1702,1920*1080,어르신,17401,0AUDLJ08S_00040_SC_00142.jpeg,2021,준비 운동,1920,한국어,팔꿈치 펴고 등 당기기/제자리 걷기(Row/Knee up),20221027,어르신기 4주차 운동프로그램,580.613,,mp4,0AUDLJ08S_00040.mp4,http://openapi.kspo.or.kr/web/image/0AUDLJ08S_00040/,50,동영상,,4주차
,http://openapi.kspo.or.kr/web/video/,어르신을 위한 주간 운동프로그램 중 4주차에 해당하는 표준운동프로그램,319939525,29.96,1703,1920*1080,어르신,17633,0AUDLJ08S_00040_SC_00144.jpeg,2021,준비 운동,1920,한국어,팔꿈치 펴고 등 당기기/제자리 걷기(Row/Knee up),20221027,어르신기 4주차 운동프로그램,588.355,,mp4,0AUDLJ08S_00040.mp4,http://openapi.kspo.or.kr/web/image/0AUDLJ08S_00040/,51,동영상,,4주차
,http://openapi.kspo.or.kr/web/video/,어르신을 위한 주간 운동프로그램 중 4주차에 해당하는 표준운동프로그램,319939525,29.96,1704,1920*1080,어르신,18010,0AUDLJ08S_00040_SC_00147.jpeg,2021,준비 운동,1920,한국어,팔꿈치 펴고 등 당기기/제자리 걷기(Row/Knee up),20221027,어르신기 4주차 운동프로그램,600.934,,mp4,0AUDLJ08S_00040.mp4,http://openapi.kspo.or.kr/web/image/0AUDLJ08S_00040/,52,동영상,,4주차
,http://openapi.kspo.or.kr/web/video/,어르신을 위한 주간 운동프로그램 중 4주차에 해당하는 표준운동프로그램,319939525,29.96,1705,1920*1080,어르신,18590,0AUDLJ08S_00040_SC_00151.jpeg,2021,준비 운동,1920,한국어,팔꿈치 굽히고 어깨 당기기/제자리 걷기(Row/Knee up),20221027,어르신기 4주차 운동프로그램,620.286,,mp4,0AUDLJ08S_00040.mp4,http://openapi.kspo.or.kr/web/image/0AUDLJ08S_00040/,53,동영상,,4주차
10~10,http://openapi.kspo.or.kr/web/video/,어르신을 위한 주간 운동프로그램 중 4주차에 해당하는 표준운동프로그램,319939525,29.96,1706,1920*1080,어르신,18880,0AUDLJ08S_00040_SC_00153.jpeg,2021,준비 운동,1920,한국어,팔꿈치 굽히고 어깨 당기기/제자리 걷기(Row/Knee up),20221027,어르신기 4주차 운동프로그램,629.963,,mp4,0AUDLJ08S_00040.mp4,http://openapi.kspo.or.kr/web/image/0AUDLJ08S_00040/,54,동영상,,4주차
,http://openapi.kspo.or.kr/web/video/,어르신을 위한 주간 운동프로그램 중 4주차에 해당하는 표준운동프로그램,319939525,29.96,1707,1920*1080,어르신,19141,0AUDLJ08S_00040_SC_00155.jpeg,2021,준비 운동,1920,한국어,팔꿈치 굽히고 어깨 당기기/제자리 걷기(Row/Knee up),20221027,어르신기 4주차 운동프로그램,638.672,,mp4,0AUDLJ08S_00040.mp4,http://openapi.kspo.or.kr/web/image/0AUDLJ08S_00040/,55,동영상,,4주차
,http://openapi.kspo.or.kr/web/video/,어르신을 위한 주간 운동프로그램 중 4주차에 해당하는 표준운동프로그램,319939525,29.96,1708,1920*1080,어르신,19460,0AUDLJ08S_00040_SC_00157.jpeg,2021,준비 운동,1920,한국어,팔꿈치 굽히고 어깨 당기기/제자리 걷기(Row/Knee up),20221027,어르신기 4주차 운동프로그램,649.315,,mp4,0AUDLJ08S_00040.mp4,http://openapi.kspo.or.kr/web/image/0AUDLJ08S_00040/,56,동영상,,4주차
,http://openapi.kspo.or.kr/web/video/,어르신을 위한 주간 운동프로그램 중 4주차에 해당하는 표준운동프로그램,319939525,29.96,1709,1920*1080,어르신,20069,0AUDLJ08S_00040_SC_00161.jpeg,2021,준비 운동,1920,한국어,팔꿈치 펴고 어깨 당기기/제자리 걷기(Row/Knee up),20221027,어르신기 4주차 운동프로그램,669.636,,mp4,0AUDLJ08S_00040.mp4,http://openapi.kspo.or.kr/web/image/0AUDLJ08S_00040/,57,동영상,,4주차
10~10,http://openapi.kspo.or.kr/web/video/,어르신을 위한 주간 운동프로그램 중 4주차에 해당하는 표준운동프로그램,319939525,29.96,1710,1920*1080,어르신,20272,0AUDLJ08S_00040_SC_00162.jpeg,2021,준비 운동,1920,한국어,팔꿈치 펴고 어깨 당기기/제자리 걷기(Row/Knee up),20221027,어르신기 4주차 운동프로그램,676.409,,mp4,0AUDLJ08S_00040.mp4,http://openapi.kspo.or.kr/web/image/0AUDLJ08S_00040/,58,동영상,,4주차
,http://openapi.kspo.or.kr/web/video/,어르신을 위한 주간 운동프로그램 중 4주차에 해당하는 표준운동프로그램,319939525,29.96,1711,1920*1080,어르신,20591,0AUDLJ08S_00040_SC_00164.jpeg,2021,준비 운동,1920,한국어,팔꿈치 펴고 어깨 당기기/제자리 걷기(Row/Knee up),20221027,어르신기 4주차 운동프로그램,687.053,,mp4,0AUDLJ08S_00040.mp4,http://openapi.kspo.or.kr/web/image/0AUDLJ08S_00040/,59,동영상,,4주차
,http://openapi.kspo.or.kr/web/video/,어르신을 위한 주간 운동프로그램 중 4주차에 해당하는 표준운동프로그램,319939525,29.96,1712,1920*1080,어르신,20765,0AUDLJ08S_00040_SC_00165.jpeg,2021,준비 운동,1920,한국어,팔꿈치 펴고 어깨 당기기/제자리 걷기(Row/Knee up),20221027,어르신기 4주차 운동프로그램,692.859,,mp4,0AUDLJ08S_00040.mp4,http://openapi.kspo.or.kr/web/image/0AUDLJ08S_00040/,60,동영상,,4주차
,http://openapi.kspo.or.kr/web/video/,어르신을 위한 주간 운동프로그램 중 4주차에 해당하는 표준운동프로그램,319939525,29.96,1713,1920*1080,어르신,21490,0AUDLJ08S_00040_SC_00171.jpeg,2021,본 운동,1920,한국어,힘차게 걷기(Power walking),20221027,어르신기 4주차 운동프로그램,717.05,,mp4,0AUDLJ08S_00040.mp4,http://openapi.kspo.or.kr/web/image/0AUDLJ08S_00040/,61,동영상,,4주차
,http://openapi.kspo.or.kr/web/video/,어르신을 위한 주간 운동프로그램 중 4주차에 해당하는 표준운동프로그램,319939525,29.96,1714,1920*1080,어르신,21809,0AUDLJ08S_00040_SC_00174.jpeg,2021,본 운동,1920,한국어,힘차게 걷기(Power walking),20221027,어르신기 4주차 운동프로그램,727.694,,mp4,0AUDLJ08S_00040.mp4,http://openapi.kspo.or.kr/web/image/0AUDLJ08S_00040/,62,동영상,,4주차
,http://openapi.kspo.or.kr/web/video/,어르신을 위한 주간 운동프로그램 중 4주차에 해당하는 표준운동프로그램,319939525,29.96,1715,1920*1080,어르신,22012,0AUDLJ08S_00040_SC_00176.jpeg,2021,본 운동,1920,한국어,힘차게 걷기(Power walking),20221027,어르신기 4주차 운동프로그램,734.467,,mp4,0AUDLJ08S_00040.mp4,http://openapi.kspo.or.kr/web/image/0AUDLJ08S_00040/,63,동영상,,4주차
,http://openapi.kspo.or.kr/web/video/,어르신을 위한 주간 운동프로그램 중 4주차에 해당하는 표준운동프로그램,319939525,29.96,1716,1920*1080,어르신,22099,0AUDLJ08S_00040_SC_00177.jpeg,2021,본 운동,1920,한국어,힘차게 걷기(Power walking),20221027,어르신기 4주차 운동프로그램,737.37,,mp4,0AUDLJ08S_00040.mp4,http://openapi.kspo.or.kr/web/image/0AUDLJ08S_00040/,64,동영상,,4주차
,http://openapi.kspo.or.kr/web/video/,어르신을 위한 주간 운동프로그램 중 4주차에 해당하는 표준운동프로그램,319939525,29.96,1717,1920*1080,어르신,22928,0AUDLJ08S_00040_FR_00256.jpeg,2021,본 운동,1920,한국어,앉았다 일어서기/발끝으로 서기(Squat/Calf raise),20221027,어르신기 4주차 운동프로그램,765.031,,mp4,0AUDLJ08S_00040.mp4,http://openapi.kspo.or.kr/web/image/0AUDLJ08S_00040/,65,동영상,,4주차
,http://openapi.kspo.or.kr/web/video/,어르신을 위한 주간 운동프로그램 중 4주차에 해당하는 표준운동프로그램,319939525,29.96,1718,1920*1080,어르신,23107,0AUDLJ08S_00040_FR_00258.jpeg,2021,본 운동,1920,한국어,앉았다 일어서기/발끝으로 서기(Squat/Calf raise),20221027,어르신기 4주차 운동프로그램,771.004,,mp4,0AUDLJ08S_00040.mp4,http://openapi.kspo.or.kr/web/image/0AUDLJ08S_00040/,66,동영상,,4주차
,http://openapi.kspo.or.kr/web/video/,어르신을 위한 주간 운동프로그램 중 4주차에 해당하는 표준운동프로그램,319939525,29.96,1719,1920*1080,어르신,23197,0AUDLJ08S_00040_FR_00259.jpeg,2021,본 운동,1920,한국어,앉았다 일어서기/발끝으로 서기(Squat/Calf raise),20221027,어르신기 4주차 운동프로그램,774.007,,mp4,0AUDLJ08S_00040.mp4,http://openapi.kspo.or.kr/web/image/0AUDLJ08S_00040/,67,동영상,,4주차
,http://openapi.kspo.or.kr/web/video/,어르신을 위한 주간 운동프로그램 중 4주차에 해당하는 표준운동프로그램,319939525,29.96,1720,1920*1080,어르신,23557,0AUDLJ08S_00040_FR_00263.jpeg,2021,본 운동,1920,한국어,앉았다 일어서기/발끝으로 서기(Squat/Calf raise),20221027,어르신기 4주차 운동프로그램,786.019,,mp4,0AUDLJ08S_00040.mp4,http://openapi.kspo.or.kr/web/image/0AUDLJ08S_00040/,68,동영상,,4주차
,http://openapi.kspo.or.kr/web/video/,어르신을 위한 주간 운동프로그램 중 4주차에 해당하는 표준운동프로그램,319939525,29.96,1721,1920*1080,어르신,24006,0AUDLJ08S_00040_FR_00268.jpeg,2021,본 운동,1920,한국어,가슴대고 팔 굽혀 펴기(Lift off Push up),20221027,어르신기 4주차 운동프로그램,801.001,,mp4,0AUDLJ08S_00040.mp4,http://openapi.kspo.or.kr/web/image/0AUDLJ08S_00040/,69,동영상,,4주차
,http://openapi.kspo.or.kr/web/video/,어르신을 위한 주간 운동프로그램 중 4주차에 해당하는 표준운동프로그램,319939525,29.96,1722,1920*1080,어르신,24390,0AUDLJ08S_00040_SC_00187.jpeg,2021,본 운동,1920,한국어,가슴대고 팔 굽혀 펴기(Lift off Push up),20221027,어르신기 4주차 운동프로그램,813.813,,mp4,0AUDLJ08S_00040.mp4,http://openapi.kspo.or.kr/web/image/0AUDLJ08S_00040/,70,동영상,,4주차
,http://openapi.kspo.or.kr/web/video/,어르신을 위한 주간 운동프로그램 중 4주차에 해당하는 표준운동프로그램,319939525,29.96,1723,1920*1080,어르신,25521,0AUDLJ08S_00040_SC_00198.jpeg,2021,본 운동,1920,한국어,누워서 한쪽 다리로 엉덩이 들기(One leg bridge),20221027,어르신기 4주차 운동프로그램,851.551,,mp4,0AUDLJ08S_00040.mp4,http://openapi.kspo.or.kr/web/image/0AUDLJ08S_00040/,71,동영상,,4주차
,http://openapi.kspo.or.kr/web/video/,어르신을 위한 주간 운동프로그램 중 4주차에 해당하는 표준운동프로그램,319939525,29.96,1724,1920*1080,어르신,25811,0AUDLJ08S_00040_SC_00199.jpeg,2021,본 운동,1920,한국어,누워서 한쪽 다리로 엉덩이 들기(One leg bridge),20221027,어르신기 4주차 운동프로그램,861.227,,mp4,0AUDLJ08S_00040.mp4,http://openapi.kspo.or.kr/web/image/0AUDLJ08S_00040/,72,동영상,,4주차
,http://openapi.kspo.or.kr/web/video/,어르신을 위한 주간 운동프로그램 중 4주차에 해당하는 표준운동프로그램,319939525,29.96,1725,1920*1080,어르신,26159,0AUDLJ08S_00040_SC_00201.jpeg,2021,본 운동,1920,한국어,누워서 한쪽 다리로 엉덩이 들기(One leg bridge),20221027,어르신기 4주차 운동프로그램,872.839,,mp4,0AUDLJ08S_00040.mp4,http://openapi.kspo.or.kr/web/image/0AUDLJ08S_00040/,73,동영상,,4주차
,http://openapi.kspo.or.kr/web/video/,어르신을 위한 주간 운동프로그램 중 4주차에 해당하는 표준운동프로그램,319939525,29.96,1726,1920*1080,어르신,26304,0AUDLJ08S_00040_SC_00206.jpeg,2021,본 운동,1920,한국어,누워서 한쪽 다리로 엉덩이 들기(One leg bridge),20221027,어르신기 4주차 운동프로그램,877.677,,mp4,0AUDLJ08S_00040.mp4,http://openapi.kspo.or.kr/web/image/0AUDLJ08S_00040/,74,동영상,,4주차
,http://openapi.kspo.or.kr/web/video/,어르신을 위한 주간 운동프로그램 중 4주차에 해당하는 표준운동프로그램,319939525,29.96,1727,1920*1080,어르신,26794,0AUDLJ08S_00040_FR_00299.jpeg,2021,본 운동,1920,한국어,한발로 서서 다리 들어 올린 후 박수치기(Knee up/clap),20221027,어르신기 4주차 운동프로그램,894.027,,mp4,0AUDLJ08S_00040.mp4,http://openapi.kspo.or.kr/web/image/0AUDLJ08S_00040/,75,동영상,,4주차
,http://openapi.kspo.or.kr/web/video/,어르신을 위한 주간 운동프로그램 중 4주차에 해당하는 표준운동프로그램,319939525,29.96,1728,1920*1080,어르신,27063,0AUDLJ08S_00040_FR_00302.jpeg,2021,본 운동,1920,한국어,한발로 서서 다리 들어 올린 후 박수치기(Knee up/clap),20221027,어르신기 4주차 운동프로그램,903.003,,mp4,0AUDLJ08S_00040.mp4,http://openapi.kspo.or.kr/web/image/0AUDLJ08S_00040/,76,동영상,,4주차
,http://openapi.kspo.or.kr/web/video/,어르신을 위한 주간 운동프로그램 중 4주차에 해당하는 표준운동프로그램,319939525,29.96,1729,1920*1080,어르신,27145,0AUDLJ08S_00040_SC_00209.jpeg,2021,본 운동,1920,한국어,한발로 서서 다리 들어 올린 후 박수치기(Knee up/clap),20221027,어르신기 4주차 운동프로그램,905.739,,mp4,0AUDLJ08S_00040.mp4,http://openapi.kspo.or.kr/web/image/0AUDLJ08S_00040/,77,동영상,,4주차
,http://openapi.kspo.or.kr/web/video/,어르신을 위한 주간 운동프로그램 중 4주차에 해당하는 표준운동프로그램,319939525,29.96,1730,1920*1080,어르신,27406,0AUDLJ08S_00040_SC_00214.jpeg,2021,본 운동,1920,한국어,한발로 서서 다리 들어 올린 후 박수치기(Knee up/clap),20221027,어르신기 4주차 운동프로그램,914.447,,mp4,0AUDLJ08S_00040.mp4,http://openapi.kspo.or.kr/web/image/0AUDLJ08S_00040/,78,동영상,,4주차
,http://openapi.kspo.or.kr/web/video/,어르신을 위한 주간 운동프로그램 중 4주차에 해당하는 표준운동프로그램,319939525,29.96,1731,1920*1080,어르신,28232,0AUDLJ08S_00040_FR_00315.jpeg,2021,본 운동,1920,한국어,상체 숙여서 뒤로 당기기/발꿈치 펴기(Bent over row/Kick back),20221027,어르신기 4주차 운동프로그램,942.008,,mp4,0AUDLJ08S_00040.mp4,http://openapi.kspo.or.kr/web/image/0AUDLJ08S_00040/,79,동영상,,4주차
,http://openapi.kspo.or.kr/web/video/,어르신을 위한 주간 운동프로그램 중 4주차에 해당하는 표준운동프로그램,319939525,29.96,1732,1920*1080,어르신,28322,0AUDLJ08S_00040_FR_00316.jpeg,2021,본 운동,1920,한국어,상체 숙여서 뒤로 당기기/발꿈치 펴기(Bent over row/Kick back),20221027,어르신기 4주차 운동프로그램,945.011,,mp4,0AUDLJ08S_00040.mp4,http://openapi.kspo.or.kr/web/image/0AUDLJ08S_00040/,80,동영상,,4주차
,http://openapi.kspo.or.kr/web/video/,어르신을 위한 주간 운동프로그램 중 4주차에 해당하는 표준운동프로그램,319939525,29.96,1733,1920*1080,어르신,28592,0AUDLJ08S_00040_FR_00319.jpeg,2021,본 운동,1920,한국어,상체 숙여서 뒤로 당기기/발꿈치 펴기(Bent over row/Kick back),20221027,어르신기 4주차 운동프로그램,954.02,,mp4,0AUDLJ08S_00040.mp4,http://openapi.kspo.or.kr/web/image/0AUDLJ08S_00040/,81,동영상,,4주차
,http://openapi.kspo.or.kr/web/video/,어르신을 위한 주간 운동프로그램 중 4주차에 해당하는 표준운동프로그램,319939525,29.96,1734,1920*1080,어르신,28798,0AUDLJ08S_00040_SC_00226.jpeg,2021,본 운동,1920,한국어,상체 숙여서 뒤로 당기기/발꿈치 펴기(Bent over row/Kick back),20221027,어르신기 4주차 운동프로그램,960.894,,mp4,0AUDLJ08S_00040.mp4,http://openapi.kspo.or.kr/web/image/0AUDLJ08S_00040/,82,동영상,,4주차
,http://openapi.kspo.or.kr/web/video/,어르신을 위한 주간 운동프로그램 중 4주차에 해당하는 표준운동프로그램,319939525,29.96,1735,1920*1080,어르신,28952,0AUDLJ08S_00040_FR_00323.jpeg,2021,본 운동,1920,한국어,상체 숙여서 뒤로 당기기/발꿈치 펴기(Bent over row/Kick back),20221027,어르신기 4주차 운동프로그램,966.032,,mp4,0AUDLJ08S_00040.mp4,http://openapi.kspo.or.kr/web/image/0AUDLJ08S_00040/,83,동영상,,4주차
,http://openapi.kspo.or.kr/web/video/,어르신을 위한 주간 운동프로그램 중 4주차에 해당하는 표준운동프로그램,319939525,29.96,1736,1920*1080,어르신,29349,0AUDLJ08S_00040_SC_00230.jpeg,2021,본 운동,1920,한국어,앞으로 다리 뻗어 앉았다 일어서기(Walking lunge),20221027,어르신기 4주차 운동프로그램,979.279,,mp4,0AUDLJ08S_00040.mp4,http://openapi.kspo.or.kr/web/image/0AUDLJ08S_00040/,84,동영상,,4주차
,http://openapi.kspo.or.kr/web/video/,어르신을 위한 주간 운동프로그램 중 4주차에 해당하는 표준운동프로그램,319939525,29.96,1737,1920*1080,어르신,29668,0AUDLJ08S_00040_SC_00231.jpeg,2021,본 운동,1920,한국어,앞으로 다리 뻗어 앉았다 일어서기(Walking lunge),20221027,어르신기 4주차 운동프로그램,989.923,,mp4,0AUDLJ08S_00040.mp4,http://openapi.kspo.or.kr/web/image/0AUDLJ08S_00040/,85,동영상,,4주차
,http://openapi.kspo.or.kr/web/video/,어르신을 위한 주간 운동프로그램 중 4주차에 해당하는 표준운동프로그램,319939525,29.96,1738,1920*1080,어르신,29784,0AUDLJ08S_00040_SC_00235.jpeg,2021,본 운동,1920,한국어,앞으로 다리 뻗어 앉았다 일어서기(Walking lunge),20221027,어르신기 4주차 운동프로그램,993.793,,mp4,0AUDLJ08S_00040.mp4,http://openapi.kspo.or.kr/web/image/0AUDLJ08S_00040/,86,동영상,,4주차
,http://openapi.kspo.or.kr/web/video/,어르신을 위한 주간 운동프로그램 중 4주차에 해당하는 표준운동프로그램,319939525,29.96,1739,1920*1080,어르신,29958,0AUDLJ08S_00040_SC_00237.jpeg,2021,본 운동,1920,한국어,앞으로 다리 뻗어 앉았다 일어서기(Walking lunge),20221027,어르신기 4주차 운동프로그램,999.599,,mp4,0AUDLJ08S_00040.mp4,http://openapi.kspo.or.kr/web/image/0AUDLJ08S_00040/,87,동영상,,4주차
,http://openapi.kspo.or.kr/web/video/,어르신을 위한 주간 운동프로그램 중 4주차에 해당하는 표준운동프로그램,319939525,29.96,1740,1920*1080,어르신,30248,0AUDLJ08S_00040_SC_00243.jpeg,2021,본 운동,1920,한국어,앞으로 다리 뻗어 앉았다 일어서기(Walking lunge),20221027,어르신기 4주차 운동프로그램,1009.275,,mp4,0AUDLJ08S_00040.mp4,http://openapi.kspo.or.kr/web/image/0AUDLJ08S_00040/,88,동영상,,4주차
,http://openapi.kspo.or.kr/web/video/,어르신을 위한 주간 운동프로그램 중 4주차에 해당하는 표준운동프로그램,319939525,29.96,1741,1920*1080,어르신,30393,0AUDLJ08S_00040_SC_00248.jpeg,2021,본 운동,1920,한국어,앞으로 다리 뻗어 앉았다 일어서기(Walking lunge),20221027,어르신기 4주차 운동프로그램,1014.114,,mp4,0AUDLJ08S_00040.mp4,http://openapi.kspo.or.kr/web/image/0AUDLJ08S_00040/,89,동영상,,4주차
,http://openapi.kspo.or.kr/web/video/,어르신을 위한 주간 운동프로그램 중 4주차에 해당하는 표준운동프로그램,319939525,29.96,1742,1920*1080,어르신,30840,0AUDLJ08S_00040_FR_00344.jpeg,2021,본 운동,1920,한국어,무릎대고 옆으로 몸통 버티기(Kneeling side Plank),20221027,어르신기 4주차 운동프로그램,1029.029,,mp4,0AUDLJ08S_00040.mp4,http://openapi.kspo.or.kr/web/image/0AUDLJ08S_00040/,90,동영상,,4주차
,http://openapi.kspo.or.kr/web/video/,어르신을 위한 주간 운동프로그램 중 4주차에 해당하는 표준운동프로그램,319939525,29.96,1743,1920*1080,어르신,30944,0AUDLJ08S_00040_SC_00250.jpeg,2021,본 운동,1920,한국어,무릎대고 옆으로 몸통 버티기(Kneeling side Plank),20221027,어르신기 4주차 운동프로그램,1032.499,,mp4,0AUDLJ08S_00040.mp4,http://openapi.kspo.or.kr/web/image/0AUDLJ08S_00040/,91,동영상,,4주차
,http://openapi.kspo.or.kr/web/video/,어르신을 위한 주간 운동프로그램 중 4주차에 해당하는 표준운동프로그램,319939525,29.96,1744,1920*1080,어르신,31147,0AUDLJ08S_00040_SC_00251.jpeg,2021,본 운동,1920,한국어,무릎대고 옆으로 몸통 버티기(Kneeling side Plank),20221027,어르신기 4주차 운동프로그램,1039.272,,mp4,0AUDLJ08S_00040.mp4,http://openapi.kspo.or.kr/web/image/0AUDLJ08S_00040/,92,동영상,,4주차
,http://openapi.kspo.or.kr/web/video/,어르신을 위한 주간 운동프로그램 중 4주차에 해당하는 표준운동프로그램,319939525,29.96,1745,1920*1080,어르신,31466,0AUDLJ08S_00040_SC_00253.jpeg,2021,본 운동,1920,한국어,무릎대고 옆으로 몸통 버티기(Kneeling side Plank),20221027,어르신기 4주차 운동프로그램,1049.916,,mp4,0AUDLJ08S_00040.mp4,http://openapi.kspo.or.kr/web/image/0AUDLJ08S_00040/,93,동영상,,4주차
,http://openapi.kspo.or.kr/web/video/,어르신을 위한 주간 운동프로그램 중 4주차에 해당하는 표준운동프로그램,319939525,29.96,1746,1920*1080,어르신,31669,0AUDLJ08S_00040_SC_00254.jpeg,2021,본 운동,1920,한국어,무릎대고 옆으로 몸통 버티기(Kneeling side Plank),20221027,어르신기 4주차 운동프로그램,1056.69,,mp4,0AUDLJ08S_00040.mp4,http://openapi.kspo.or.kr/web/image/0AUDLJ08S_00040/,94,동영상,,4주차
,http://openapi.kspo.or.kr/web/video/,어르신을 위한 주간 운동프로그램 중 4주차에 해당하는 표준운동프로그램,319939525,29.96,1747,1920*1080,어르신,32098,0AUDLJ08S_00040_FR_00358.jpeg,2021,본 운동,1920,한국어,옆으로 이동 후 한 발로 서서 다리 들어 올려 박수치기(Knee up/Walkiing jack/Clap),20221027,어르신기 4주차 운동프로그램,1071.004,,mp4,0AUDLJ08S_00040.mp4,http://openapi.kspo.or.kr/web/image/0AUDLJ08S_00040/,95,동영상,,4주차
,http://openapi.kspo.or.kr/web/video/,어르신을 위한 주간 운동프로그램 중 4주차에 해당하는 표준운동프로그램,319939525,29.96,1748,1920*1080,어르신,32423,0AUDLJ08S_00040_SC_00258.jpeg,2021,본 운동,1920,한국어,옆으로 이동 후 한 발로 서서 다리 들어 올려 박수치기(Knee up/Walkiing jack/Clap),20221027,어르신기 4주차 운동프로그램,1081.848,,mp4,0AUDLJ08S_00040.mp4,http://openapi.kspo.or.kr/web/image/0AUDLJ08S_00040/,96,동영상,,4주차
,http://openapi.kspo.or.kr/web/video/,어르신을 위한 주간 운동프로그램 중 4주차에 해당하는 표준운동프로그램,319939525,29.96,1749,1920*1080,어르신,32638,0AUDLJ08S_00040_FR_00364.jpeg,2021,본 운동,1920,한국어,옆으로 이동 후 한 발로 서서 다리 들어 올려 박수치기(Knee up/Walkiing jack/Clap),20221027,어르신기 4주차 운동프로그램,1089.022,,mp4,0AUDLJ08S_00040.mp4,http://openapi.kspo.or.kr/web/image/0AUDLJ08S_00040/,97,동영상,,4주차
,http://openapi.kspo.or.kr/web/video/,어르신을 위한 주간 운동프로그램 중 4주차에 해당하는 표준운동프로그램,319939525,29.96,1750,1920*1080,어르신,32771,0AUDLJ08S_00040_SC_00263.jpeg,2021,본 운동,1920,한국어,옆으로 이동 후 한 발로 서서 다리 들어 올려 박수치기(Knee up/Walkiing jack/Clap),20221027,어르신기 4주차 운동프로그램,1093.46,,mp4,0AUDLJ08S_00040.mp4,http://openapi.kspo.or.kr/web/image/0AUDLJ08S_00040/,98,동영상,,4주차
,http://openapi.kspo.or.kr/web/video/,어르신을 위한 주간 운동프로그램 중 4주차에 해당하는 표준운동프로그램,319939525,29.96,1751,1920*1080,어르신,33537,0AUDLJ08S_00040_FR_00374.jpeg,2021,본 운동,1920,한국어,팔꿈치 굽히기/머리 위로 들어올리기(Biceps curl/Shoulder press),20221027,어르신기 4주차 운동프로그램,1119.019,,mp4,0AUDLJ08S_00040.mp4,http://openapi.kspo.or.kr/web/image/0AUDLJ08S_00040/,99,동영상,,4주차
,http://openapi.kspo.or.kr/web/video/,어르신을 위한 주간 운동프로그램 중 4주차에 해당하는 표준운동프로그램,319939525,29.96,1752,1920*1080,어르신,33670,0AUDLJ08S_00040_SC_00269.jpeg,2021,본 운동,1920,한국어,팔꿈치 굽히기/머리 위로 들어올리기(Biceps curl/Shoulder press),20221027,어르신기 4주차 운동프로그램,1123.456,,mp4,0AUDLJ08S_00040.mp4,http://openapi.kspo.or.kr/web/image/0AUDLJ08S_00040/,100,동영상,,4주차
,http://openapi.kspo.or.kr/web/video/,어르신을 위한 주간 운동프로그램 중 4주차에 해당하는 표준운동프로그램,319939525,29.96,1753,1920*1080,어르신,33815,0AUDLJ08S_00040_SC_00270.jpeg,2021,본 운동,1920,한국어,팔꿈치 굽히기/머리 위로 들어올리기(Biceps curl/Shoulder press),20221027,어르신기 4주차 운동프로그램,1128.294,,mp4,0AUDLJ08S_00040.mp4,http://openapi.kspo.or.kr/web/image/0AUDLJ08S_00040/,101,동영상,,4주차
,http://openapi.kspo.or.kr/web/video/,어르신을 위한 주간 운동프로그램 중 4주차에 해당하는 표준운동프로그램,319939525,29.96,1754,1920*1080,어르신,33960,0AUDLJ08S_00040_SC_00271.jpeg,2021,본 운동,1920,한국어,팔꿈치 굽히기/머리 위로 들어올리기(Biceps curl/Shoulder press),20221027,어르신기 4주차 운동프로그램,1133.133,,mp4,0AUDLJ08S_00040.mp4,http://openapi.kspo.or.kr/web/image/0AUDLJ08S_00040/,102,동영상,,4주차
,http://openapi.kspo.or.kr/web/video/,어르신을 위한 주간 운동프로그램 중 4주차에 해당하는 표준운동프로그램,319939525,29.96,1755,1920*1080,어르신,34796,0AUDLJ08S_00040_FR_00388.jpeg,2021,본 운동,1920,한국어,한발로 중심 잡고 앞/옆/뒤로 다리 이동하기(Balance test),20221027,어르신기 4주차 운동프로그램,1161.027,,mp4,0AUDLJ08S_00040.mp4,http://openapi.kspo.or.kr/web/image/0AUDLJ08S_00040/,103,동영상,,4주차
,http://openapi.kspo.or.kr/web/video/,어르신을 위한 주간 운동프로그램 중 4주차에 해당하는 표준운동프로그램,319939525,29.96,1756,1920*1080,어르신,35149,0AUDLJ08S_00040_SC_00277.jpeg,2021,본 운동,1920,한국어,한발로 중심 잡고 앞/옆/뒤로 다리 이동하기(Balance test),20221027,어르신기 4주차 운동프로그램,1172.806,,mp4,0AUDLJ08S_00040.mp4,http://openapi.kspo.or.kr/web/image/0AUDLJ08S_00040/,104,동영상,,4주차
,http://openapi.kspo.or.kr/web/video/,성인을 위한 주간 운동프로그램 중 1주차에 해당하는 표준운동프로그램,264342461,29.97,1757,1920*1080,성인,30,0AUDLJ08S_00033_SC_00001.jpeg,2021,,1586,한국어,,20221004,성인기 1주차 운동프로그램,1.001,,mp4,0AUDLJ08S_00033.mp4,http://openapi.kspo.or.kr/web/image/0AUDLJ08S_00033/,1,동영상,,1주차
5~5,http://openapi.kspo.or.kr/web/video/,성인을 위한 주간 운동프로그램 중 1주차에 해당하는 표준운동프로그램,264342461,29.97,1758,1920*1080,성인,610,0AUDLJ08S_00033_SC_00006.jpeg,2021,준비 운동,1586,한국어,손목/발목 돌리기,20221004,성인기 1주차 운동프로그램,20.353,,mp4,0AUDLJ08S_00033.mp4,http://openapi.kspo.or.kr/web/image/0AUDLJ08S_00033/,2,동영상,1~1,1주차
5~5,http://openapi.kspo.or.kr/web/video/,성인을 위한 주간 운동프로그램 중 1주차에 해당하는 표준운동프로그램,264342461,29.97,1759,1920*1080,성인,929,0AUDLJ08S_00033_SC_00008.jpeg,2021,준비 운동,1586,한국어,손목/발목 돌리기,20221004,성인기 1주차 운동프로그램,30.997,,mp4,0AUDLJ08S_00033.mp4,http://openapi.kspo.or.kr/web/image/0AUDLJ08S_00033/,3,동영상,1~1,1주차
5~5,http://openapi.kspo.or.kr/web/video/,성인을 위한 주간 운동프로그램 중 1주차에 해당하는 표준운동프로그램,264342461,29.97,1760,1920*1080,성인,3249,0AUDLJ08S_00033_SC_00031.jpeg,2021,준비 운동,1586,한국어,허리 돌리기,20221004,성인기 1주차 운동프로그램,108.408,,mp4,0AUDLJ08S_00033.mp4,http://openapi.kspo.or.kr/web/image/0AUDLJ08S_00033/,15,동영상,1~1,1주차
,http://openapi.kspo.or.kr/web/video/,어르신을 위한 주간 운동프로그램 중 1주차에 해당하는 표준운동프로그램,307572634,29.96,1761,1920*1080,어르신,47561,0AUDLJ08S_00037_SC_00388.jpeg,2021,정리 운동,1846,한국어,복부 스트레칭(Cobra pose),20221011,어르신기 1주차 운동프로그램,1586.953,,mp4,0AUDLJ08S_00037.mp4,http://openapi.kspo.or.kr/web/image/0AUDLJ08S_00037/,184,동영상,,1주차
,http://openapi.kspo.or.kr/web/video/,어르신을 위한 주간 운동프로그램 중 2주차에 해당하는 표준운동프로그램,305735109,29.96,1762,1920*1080,어르신,12413,0AUDLJ08S_00038_SC_00097.jpeg,2021,준비 운동,1835,한국어,제자리 걷기(Walking),20221023,어르신기 2주차 운동프로그램,414.18,,mp4,0AUDLJ08S_00038.mp4,http://openapi.kspo.or.kr/web/image/0AUDLJ08S_00038/,28,동영상,,2주차
,http://openapi.kspo.or.kr/web/video/,어르신을 위한 주간 운동프로그램 중 3주차에 해당하는 표준운동프로그램,314000109,29.96,1763,1920*1080,어르신,56087,0AUDLJ08S_00039_SC_00455.jpeg,2021,,1883,한국어,,20221006,어르신기 3주차 운동프로그램,1871.438,,mp4,0AUDLJ08S_00039.mp4,http://openapi.kspo.or.kr/web/image/0AUDLJ08S_00039/,435,동영상,,3주차
,http://openapi.kspo.or.kr/web/video/,어르신을 위한 주간 운동프로그램 중 4주차에 해당하는 표준운동프로그램,319939525,29.96,1764,1920*1080,어르신,35352,0AUDLJ08S_00040_SC_00278.jpeg,2021,본 운동,1920,한국어,한발로 중심 잡고 앞/옆/뒤로 다리 이동하기(Balance test),20221027,어르신기 4주차 운동프로그램,1179.579,,mp4,0AUDLJ08S_00040.mp4,http://openapi.kspo.or.kr/web/image/0AUDLJ08S_00040/,105,동영상,,4주차
,http://openapi.kspo.or.kr/web/video/,어르신을 위한 주간 운동프로그램 중 4주차에 해당하는 표준운동프로그램,319939525,29.96,1765,1920*1080,어르신,36280,0AUDLJ08S_00040_SC_00285.jpeg,2021,본 운동,1920,한국어,누워서 상체 들고 자전거타기(Crunch cycle),20221027,어르신기 4주차 운동프로그램,1210.543,,mp4,0AUDLJ08S_00040.mp4,http://openapi.kspo.or.kr/web/image/0AUDLJ08S_00040/,106,동영상,,4주차
,http://openapi.kspo.or.kr/web/video/,어르신을 위한 주간 운동프로그램 중 4주차에 해당하는 표준운동프로그램,319939525,29.96,1766,1920*1080,어르신,36483,0AUDLJ08S_00040_SC_00289.jpeg,2021,본 운동,1920,한국어,누워서 상체 들고 자전거타기(Crunch cycle),20221027,어르신기 4주차 운동프로그램,1217.317,,mp4,0AUDLJ08S_00040.mp4,http://openapi.kspo.or.kr/web/image/0AUDLJ08S_00040/,107,동영상,,4주차
,http://openapi.kspo.or.kr/web/video/,어르신을 위한 주간 운동프로그램 중 4주차에 해당하는 표준운동프로그램,319939525,29.96,1767,1920*1080,어르신,37403,0AUDLJ08S_00040_FR_00417.jpeg,2021,본 운동,1920,한국어,,20221027,어르신기 4주차 운동프로그램,1248.014,20~30 초,mp4,0AUDLJ08S_00040.mp4,http://openapi.kspo.or.kr/web/image/0AUDLJ08S_00040/,108,동영상,3~3,4주차
,http://openapi.kspo.or.kr/web/video/,어르신을 위한 주간 운동프로그램 중 4주차에 해당하는 표준운동프로그램,319939525,29.96,1768,1920*1080,어르신,37527,0AUDLJ08S_00040_SC_00307.jpeg,2021,정리 운동,1920,한국어,발목 관절 스트레칭(Ankle stretch),20221027,어르신기 4주차 운동프로그램,1252.152,,mp4,0AUDLJ08S_00040.mp4,http://openapi.kspo.or.kr/web/image/0AUDLJ08S_00040/,109,동영상,,4주차
,http://openapi.kspo.or.kr/web/video/,어르신을 위한 주간 운동프로그램 중 4주차에 해당하는 표준운동프로그램,319939525,29.96,1769,1920*1080,어르신,37875,0AUDLJ08S_00040_SC_00308.jpeg,2021,정리 운동,1920,한국어,발목 관절 스트레칭(Ankle stretch),20221027,어르신기 4주차 운동프로그램,1263.763,,mp4,0AUDLJ08S_00040.mp4,http://openapi.kspo.or.kr/web/image/0AUDLJ08S_00040/,110,동영상,,4주차
,http://openapi.kspo.or.kr/web/video/,어르신을 위한 주간 운동프로그램 중 4주차에 해당하는 표준운동프로그램,319939525,29.96,1770,1920*1080,어르신,38049,0AUDLJ08S_00040_SC_00309.jpeg,2021,정리 운동,1920,한국어,발목 관절 스트레칭(Ankle stretch),20221027,어르신기 4주차 운동프로그램,1269.569,,mp4,0AUDLJ08S_00040.mp4,http://openapi.kspo.or.kr/web/image/0AUDLJ08S_00040/,111,동영상,,4주차
,http://openapi.kspo.or.kr/web/video/,어르신을 위한 주간 운동프로그램 중 4주차에 해당하는 표준운동프로그램,319939525,29.96,1771,1920*1080,어르신,38392,0AUDLJ08S_00040_FR_00428.jpeg,2021,정리 운동,1920,한국어,발목 관절 스트레칭(Ankle stretch),20221027,어르신기 4주차 운동프로그램,1281.014,,mp4,0AUDLJ08S_00040.mp4,http://openapi.kspo.or.kr/web/image/0AUDLJ08S_00040/,113,동영상,,4주차
,http://openapi.kspo.or.kr/web/video/,어르신을 위한 주간 운동프로그램 중 4주차에 해당하는 표준운동프로그램,319939525,29.96,1772,1920*1080,어르신,38600,0AUDLJ08S_00040_SC_00311.jpeg,2021,정리 운동,1920,한국어,햄스트링/척추 스트레칭(Hamstring/Spine stetch),20221027,어르신기 4주차 운동프로그램,1287.954,,mp4,0AUDLJ08S_00040.mp4,http://openapi.kspo.or.kr/web/image/0AUDLJ08S_00040/,114,동영상,,4주차
,http://openapi.kspo.or.kr/web/video/,어르신을 위한 주간 운동프로그램 중 4주차에 해당하는 표준운동프로그램,319939525,29.96,1773,1920*1080,어르신,38919,0AUDLJ08S_00040_SC_00313.jpeg,2021,정리 운동,1920,한국어,햄스트링/척추 스트레칭(Hamstring/Spine stetch),20221027,어르신기 4주차 운동프로그램,1298.598,,mp4,0AUDLJ08S_00040.mp4,http://openapi.kspo.or.kr/web/image/0AUDLJ08S_00040/,115,동영상,,4주차
,http://openapi.kspo.or.kr/web/video/,어르신을 위한 주간 운동프로그램 중 4주차에 해당하는 표준운동프로그램,319939525,29.96,1774,1920*1080,어르신,39035,0AUDLJ08S_00040_SC_00314.jpeg,2021,정리 운동,1920,한국어,햄스트링/척추 스트레칭(Hamstring/Spine stetch),20221027,어르신기 4주차 운동프로그램,1302.469,,mp4,0AUDLJ08S_00040.mp4,http://openapi.kspo.or.kr/web/image/0AUDLJ08S_00040/,116,동영상,,4주차
,http://openapi.kspo.or.kr/web/video/,어르신을 위한 주간 운동프로그램 중 4주차에 해당하는 표준운동프로그램,319939525,29.96,1775,1920*1080,어르신,39325,0AUDLJ08S_00040_SC_00316.jpeg,2021,정리 운동,1920,한국어,엉덩관절 스트레칭(Butterfly pose),20221027,어르신기 4주차 운동프로그램,1312.145,,mp4,0AUDLJ08S_00040.mp4,http://openapi.kspo.or.kr/web/image/0AUDLJ08S_00040/,117,동영상,,4주차
,http://openapi.kspo.or.kr/web/video/,어르신을 위한 주간 운동프로그램 중 4주차에 해당하는 표준운동프로그램,319939525,29.96,1776,1920*1080,어르신,39412,0AUDLJ08S_00040_SC_00319.jpeg,2021,정리 운동,1920,한국어,엉덩관절 스트레칭(Butterfly pose),20221027,어르신기 4주차 운동프로그램,1315.048,,mp4,0AUDLJ08S_00040.mp4,http://openapi.kspo.or.kr/web/image/0AUDLJ08S_00040/,118,동영상,,4주차
,http://openapi.kspo.or.kr/web/video/,어르신을 위한 주간 운동프로그램 중 4주차에 해당하는 표준운동프로그램,319939525,29.96,1777,1920*1080,어르신,39673,0AUDLJ08S_00040_SC_00322.jpeg,2021,정리 운동,1920,한국어,엉덩관절 스트레칭(Butterfly pose),20221027,어르신기 4주차 운동프로그램,1323.757,,mp4,0AUDLJ08S_00040.mp4,http://openapi.kspo.or.kr/web/image/0AUDLJ08S_00040/,119,동영상,,4주차
,http://openapi.kspo.or.kr/web/video/,어르신을 위한 주간 운동프로그램 중 4주차에 해당하는 표준운동프로그램,319939525,29.96,1778,1920*1080,어르신,39818,0AUDLJ08S_00040_SC_00323.jpeg,2021,정리 운동,1920,한국어,엉덩관절 스트레칭(Butterfly pose),20221027,어르신기 4주차 운동프로그램,1328.595,,mp4,0AUDLJ08S_00040.mp4,http://openapi.kspo.or.kr/web/image/0AUDLJ08S_00040/,120,동영상,,4주차
,http://openapi.kspo.or.kr/web/video/,어르신을 위한 주간 운동프로그램 중 4주차에 해당하는 표준운동프로그램,319939525,29.96,1779,1920*1080,어르신,39905,0AUDLJ08S_00040_SC_00324.jpeg,2021,정리 운동,1920,한국어,엉덩관절 스트레칭(Butterfly pose),20221027,어르신기 4주차 운동프로그램,1331.498,,mp4,0AUDLJ08S_00040.mp4,http://openapi.kspo.or.kr/web/image/0AUDLJ08S_00040/,121,동영상,,4주차
,http://openapi.kspo.or.kr/web/video/,어르신을 위한 주간 운동프로그램 중 4주차에 해당하는 표준운동프로그램,319939525,29.96,1780,1920*1080,어르신,40543,0AUDLJ08S_00040_SC_00335.jpeg,2021,정리 운동,1920,한국어,내전근 스트레칭1(Adductor stretch),20221027,어르신기 4주차 운동프로그램,1352.786,,mp4,0AUDLJ08S_00040.mp4,http://openapi.kspo.or.kr/web/image/0AUDLJ08S_00040/,122,동영상,,4주차
,http://openapi.kspo.or.kr/web/video/,어르신을 위한 주간 운동프로그램 중 4주차에 해당하는 표준운동프로그램,319939525,29.96,1781,1920*1080,어르신,40891,0AUDLJ08S_00040_SC_00342.jpeg,2021,정리 운동,1920,한국어,내전근 스트레칭1(Adductor stretch),20221027,어르신기 4주차 운동프로그램,1364.397,,mp4,0AUDLJ08S_00040.mp4,http://openapi.kspo.or.kr/web/image/0AUDLJ08S_00040/,123,동영상,,4주차
,http://openapi.kspo.or.kr/web/video/,어르신을 위한 주간 운동프로그램 중 4주차에 해당하는 표준운동프로그램,319939525,29.96,1782,1920*1080,어르신,41268,0AUDLJ08S_00040_SC_00345.jpeg,2021,정리 운동,1920,한국어,내전근 스트레칭2(Adductor stretch),20221027,어르신기 4주차 운동프로그램,1376.976,,mp4,0AUDLJ08S_00040.mp4,http://openapi.kspo.or.kr/web/image/0AUDLJ08S_00040/,124,동영상,,4주차
,http://openapi.kspo.or.kr/web/video/,어르신을 위한 주간 운동프로그램 중 4주차에 해당하는 표준운동프로그램,319939525,29.96,1783,1920*1080,어르신,41645,0AUDLJ08S_00040_SC_00349.jpeg,2021,정리 운동,1920,한국어,내전근 스트레칭2(Adductor stretch),20221027,어르신기 4주차 운동프로그램,1389.556,,mp4,0AUDLJ08S_00040.mp4,http://openapi.kspo.or.kr/web/image/0AUDLJ08S_00040/,125,동영상,,4주차
,http://openapi.kspo.or.kr/web/video/,어르신을 위한 주간 운동프로그램 중 4주차에 해당하는 표준운동프로그램,319939525,29.96,1784,1920*1080,어르신,41819,0AUDLJ08S_00040_SC_00354.jpeg,2021,정리 운동,1920,한국어,내전근 스트레칭2(Adductor stretch),20221027,어르신기 4주차 운동프로그램,1395.362,,mp4,0AUDLJ08S_00040.mp4,http://openapi.kspo.or.kr/web/image/0AUDLJ08S_00040/,126,동영상,,4주차
,http://openapi.kspo.or.kr/web/video/,어르신을 위한 주간 운동프로그램 중 4주차에 해당하는 표준운동프로그램,319939525,29.96,1785,1920*1080,어르신,42528,0AUDLJ08S_00040_FR_00474.jpeg,2021,정리 운동,1920,한국어,옆구리 스트레칭(Side bending stretch),20221027,어르신기 4주차 운동프로그램,1419.019,,mp4,0AUDLJ08S_00040.mp4,http://openapi.kspo.or.kr/web/image/0AUDLJ08S_00040/,127,동영상,,4주차
,http://openapi.kspo.or.kr/web/video/,어르신을 위한 주간 운동프로그램 중 4주차에 해당하는 표준운동프로그램,319939525,29.96,1786,1920*1080,어르신,42776,0AUDLJ08S_00040_SC_00359.jpeg,2021,정리 운동,1920,한국어,옆구리 스트레칭(Side bending stretch),20221027,어르신기 4주차 운동프로그램,1427.293,,mp4,0AUDLJ08S_00040.mp4,http://openapi.kspo.or.kr/web/image/0AUDLJ08S_00040/,128,동영상,,4주차
,http://openapi.kspo.or.kr/web/video/,어르신을 위한 주간 운동프로그램 중 4주차에 해당하는 표준운동프로그램,319939525,29.96,1787,1920*1080,어르신,43269,0AUDLJ08S_00040_SC_00361.jpeg,2021,정리 운동,1920,한국어,옆구리 스트레칭(Side bending stretch),20221027,어르신기 4주차 운동프로그램,1443.743,,mp4,0AUDLJ08S_00040.mp4,http://openapi.kspo.or.kr/web/image/0AUDLJ08S_00040/,129,동영상,,4주차
,http://openapi.kspo.or.kr/web/video/,어르신을 위한 주간 운동프로그램 중 4주차에 해당하는 표준운동프로그램,319939525,29.96,1788,1920*1080,어르신,43704,0AUDLJ08S_00040_SC_00367.jpeg,2021,정리 운동,1920,한국어,가슴/어깨 스트레칭(Backward lift stretch),20221027,어르신기 4주차 운동프로그램,1458.258,,mp4,0AUDLJ08S_00040.mp4,http://openapi.kspo.or.kr/web/image/0AUDLJ08S_00040/,130,동영상,,4주차
,http://openapi.kspo.or.kr/web/video/,어르신을 위한 주간 운동프로그램 중 4주차에 해당하는 표준운동프로그램,319939525,29.96,1789,1920*1080,어르신,43820,0AUDLJ08S_00040_SC_00369.jpeg,2021,정리 운동,1920,한국어,가슴/어깨 스트레칭(Backward lift stretch),20221027,어르신기 4주차 운동프로그램,1462.128,,mp4,0AUDLJ08S_00040.mp4,http://openapi.kspo.or.kr/web/image/0AUDLJ08S_00040/,131,동영상,,4주차
,http://openapi.kspo.or.kr/web/video/,어르신을 위한 주간 운동프로그램 중 4주차에 해당하는 표준운동프로그램,319939525,29.96,1790,1920*1080,어르신,44052,0AUDLJ08S_00040_SC_00371.jpeg,2021,정리 운동,1920,한국어,가슴/어깨 스트레칭(Backward lift stretch),20221027,어르신기 4주차 운동프로그램,1469.869,,mp4,0AUDLJ08S_00040.mp4,http://openapi.kspo.or.kr/web/image/0AUDLJ08S_00040/,132,동영상,,4주차
,http://openapi.kspo.or.kr/web/video/,어르신을 위한 주간 운동프로그램 중 4주차에 해당하는 표준운동프로그램,319939525,29.96,1791,1920*1080,어르신,44313,0AUDLJ08S_00040_SC_00372.jpeg,2021,정리 운동,1920,한국어,목 스트레칭1(Neck stretch),20221027,어르신기 4주차 운동프로그램,1478.578,,mp4,0AUDLJ08S_00040.mp4,http://openapi.kspo.or.kr/web/image/0AUDLJ08S_00040/,133,동영상,,4주차
,http://openapi.kspo.or.kr/web/video/,어르신을 위한 주간 운동프로그램 중 4주차에 해당하는 표준운동프로그램,319939525,29.96,1792,1920*1080,어르신,44487,0AUDLJ08S_00040_SC_00373.jpeg,2021,정리 운동,1920,한국어,목 스트레칭1(Neck stretch),20221027,어르신기 4주차 운동프로그램,1484.384,,mp4,0AUDLJ08S_00040.mp4,http://openapi.kspo.or.kr/web/image/0AUDLJ08S_00040/,134,동영상,,4주차
,http://openapi.kspo.or.kr/web/video/,어르신을 위한 주간 운동프로그램 중 4주차에 해당하는 표준운동프로그램,319939525,29.96,1793,1920*1080,어르신,44922,0AUDLJ08S_00040_SC_00375.jpeg,2021,정리 운동,1920,한국어,목 스트레칭2(Neck stretch),20221027,어르신기 4주차 운동프로그램,1498.898,,mp4,0AUDLJ08S_00040.mp4,http://openapi.kspo.or.kr/web/image/0AUDLJ08S_00040/,135,동영상,,4주차
,http://openapi.kspo.or.kr/web/video/,어르신을 위한 주간 운동프로그램 중 4주차에 해당하는 표준운동프로그램,319939525,29.96,1794,1920*1080,어르신,45183,0AUDLJ08S_00040_SC_00377.jpeg,2021,정리 운동,1920,한국어,목 스트레칭2(Neck stretch),20221027,어르신기 4주차 운동프로그램,1507.607,,mp4,0AUDLJ08S_00040.mp4,http://openapi.kspo.or.kr/web/image/0AUDLJ08S_00040/,136,동영상,,4주차
,http://openapi.kspo.or.kr/web/video/,어르신을 위한 주간 운동프로그램 중 4주차에 해당하는 표준운동프로그램,319939525,29.96,1795,1920*1080,어르신,45945,0AUDLJ08S_00040_FR_00512.jpeg,2021,정리 운동,1920,한국어,엉덩관절 스트레칭(Hip flexor stretch),20221027,어르신기 4주차 운동프로그램,1533.033,,mp4,0AUDLJ08S_00040.mp4,http://openapi.kspo.or.kr/web/image/0AUDLJ08S_00040/,137,동영상,,4주차
,http://openapi.kspo.or.kr/web/video/,어르신을 위한 주간 운동프로그램 중 4주차에 해당하는 표준운동프로그램,319939525,29.96,1796,1920*1080,어르신,46227,0AUDLJ08S_00040_SC_00382.jpeg,2021,정리 운동,1920,한국어,엉덩관절 스트레칭(Hip flexor stretch),20221027,어르신기 4주차 운동프로그램,1542.442,,mp4,0AUDLJ08S_00040.mp4,http://openapi.kspo.or.kr/web/image/0AUDLJ08S_00040/,138,동영상,,4주차
,http://openapi.kspo.or.kr/web/video/,어르신을 위한 주간 운동프로그램 중 4주차에 해당하는 표준운동프로그램,319939525,29.96,1797,1920*1080,어르신,46401,0AUDLJ08S_00040_SC_00384.jpeg,2021,정리 운동,1920,한국어,엉덩관절 스트레칭(Hip flexor stretch),20221027,어르신기 4주차 운동프로그램,1548.248,,mp4,0AUDLJ08S_00040.mp4,http://openapi.kspo.or.kr/web/image/0AUDLJ08S_00040/,139,동영상,,4주차
,http://openapi.kspo.or.kr/web/video/,어르신을 위한 주간 운동프로그램 중 4주차에 해당하는 표준운동프로그램,319939525,29.96,1798,1920*1080,어르신,47155,0AUDLJ08S_00040_SC_00389.jpeg,2021,정리 운동,1920,한국어,엉덩관절/상체 스트레칭(Hip flexor stretch),20221027,어르신기 4주차 운동프로그램,1573.406,,mp4,0AUDLJ08S_00040.mp4,http://openapi.kspo.or.kr/web/image/0AUDLJ08S_00040/,140,동영상,,4주차
,http://openapi.kspo.or.kr/web/video/,어르신을 위한 주간 운동프로그램 중 4주차에 해당하는 표준운동프로그램,319939525,29.96,1799,1920*1080,어르신,47300,0AUDLJ08S_00040_SC_00390.jpeg,2021,정리 운동,1920,한국어,엉덩관절/상체 스트레칭(Hip flexor stretch),20221027,어르신기 4주차 운동프로그램,1578.244,,mp4,0AUDLJ08S_00040.mp4,http://openapi.kspo.or.kr/web/image/0AUDLJ08S_00040/,141,동영상,,4주차
,http://openapi.kspo.or.kr/web/video/,어르신을 위한 주간 운동프로그램 중 4주차에 해당하는 표준운동프로그램,319939525,29.96,1800,1920*1080,어르신,47590,0AUDLJ08S_00040_SC_00392.jpeg,2021,정리 운동,1920,한국어,엉덩관절/상체 스트레칭(Hip flexor stretch),20221027,어르신기 4주차 운동프로그램,1587.921,,mp4,0AUDLJ08S_00040.mp4,http://openapi.kspo.or.kr/web/image/0AUDLJ08S_00040/,142,동영상,,4주차
,http://openapi.kspo.or.kr/web/video/,어르신을 위한 주간 운동프로그램 중 4주차에 해당하는 표준운동프로그램,319939525,29.96,1801,1920*1080,어르신,47851,0AUDLJ08S_00040_SC_00394.jpeg,2021,정리 운동,1920,한국어,엉덩관절/상체 스트레칭(Hip flexor stretch),20221027,어르신기 4주차 운동프로그램,1596.629,,mp4,0AUDLJ08S_00040.mp4,http://openapi.kspo.or.kr/web/image/0AUDLJ08S_00040/,143,동영상,,4주차
,http://openapi.kspo.or.kr/web/video/,어르신을 위한 주간 운동프로그램 중 4주차에 해당하는 표준운동프로그램,319939525,29.96,1802,1920*1080,어르신,48286,0AUDLJ08S_00040_SC_00395.jpeg,2021,정리 운동,1920,한국어,등/허리 스트레칭(Cat&Camel),20221027,어르신기 4주차 운동프로그램,1611.144,,mp4,0AUDLJ08S_00040.mp4,http://openapi.kspo.or.kr/web/image/0AUDLJ08S_00040/,144,동영상,,4주차
,http://openapi.kspo.or.kr/web/video/,어르신을 위한 주간 운동프로그램 중 4주차에 해당하는 표준운동프로그램,319939525,29.96,1803,1920*1080,어르신,48642,0AUDLJ08S_00040_FR_00542.jpeg,2021,정리 운동,1920,한국어,등/허리 스트레칭(Cat&Camel),20221027,어르신기 4주차 운동프로그램,1623.023,,mp4,0AUDLJ08S_00040.mp4,http://openapi.kspo.or.kr/web/image/0AUDLJ08S_00040/,145,동영상,,4주차
,http://openapi.kspo.or.kr/web/video/,어르신을 위한 주간 운동프로그램 중 4주차에 해당하는 표준운동프로그램,319939525,29.96,1804,1920*1080,어르신,48692,0AUDLJ08S_00040_SC_00402.jpeg,2021,정리 운동,1920,한국어,등/허리 스트레칭(Cat&Camel),20221027,어르신기 4주차 운동프로그램,1624.691,,mp4,0AUDLJ08S_00040.mp4,http://openapi.kspo.or.kr/web/image/0AUDLJ08S_00040/,146,동영상,,4주차
,http://openapi.kspo.or.kr/web/video/,어르신을 위한 주간 운동프로그램 중 4주차에 해당하는 표준운동프로그램,319939525,29.96,1805,1920*1080,어르신,49301,0AUDLJ08S_00040_SC_00409.jpeg,2021,정리 운동,1920,한국어,등/허리/무릎 스트레칭(Child's pose),20221027,어르신기 4주차 운동프로그램,1645.011,,mp4,0AUDLJ08S_00040.mp4,http://openapi.kspo.or.kr/web/image/0AUDLJ08S_00040/,147,동영상,,4주차
,http://openapi.kspo.or.kr/web/video/,어르신을 위한 주간 운동프로그램 중 4주차에 해당하는 표준운동프로그램,319939525,29.96,1806,1920*1080,어르신,49417,0AUDLJ08S_00040_SC_00410.jpeg,2021,정리 운동,1920,한국어,등/허리/무릎 스트레칭(Child's pose),20221027,어르신기 4주차 운동프로그램,1648.882,,mp4,0AUDLJ08S_00040.mp4,http://openapi.kspo.or.kr/web/image/0AUDLJ08S_00040/,148,동영상,,4주차
,http://openapi.kspo.or.kr/web/video/,어르신을 위한 주간 운동프로그램 중 4주차에 해당하는 표준운동프로그램,319939525,29.96,1807,1920*1080,어르신,49997,0AUDLJ08S_00040_SC_00418.jpeg,2021,정리 운동,1920,한국어,복부 스트레칭(Cobra pose),20221027,어르신기 4주차 운동프로그램,1668.234,,mp4,0AUDLJ08S_00040.mp4,http://openapi.kspo.or.kr/web/image/0AUDLJ08S_00040/,149,동영상,,4주차
,http://openapi.kspo.or.kr/web/video/,어르신을 위한 주간 운동프로그램 중 4주차에 해당하는 표준운동프로그램,319939525,29.96,1808,1920*1080,어르신,50258,0AUDLJ08S_00040_SC_00420.jpeg,2021,정리 운동,1920,한국어,복부 스트레칭(Cobra pose),20221027,어르신기 4주차 운동프로그램,1676.943,,mp4,0AUDLJ08S_00040.mp4,http://openapi.kspo.or.kr/web/image/0AUDLJ08S_00040/,150,동영상,,4주차
,http://openapi.kspo.or.kr/web/video/,어르신을 위한 주간 운동프로그램 중 4주차에 해당하는 표준운동프로그램,319939525,29.96,1809,1920*1080,어르신,50432,0AUDLJ08S_00040_SC_00422.jpeg,2021,정리 운동,1920,한국어,복부 스트레칭(Cobra pose),20221027,어르신기 4주차 운동프로그램,1682.749,,mp4,0AUDLJ08S_00040.mp4,http://openapi.kspo.or.kr/web/image/0AUDLJ08S_00040/,151,동영상,,4주차
,http://openapi.kspo.or.kr/web/video/,어르신을 위한 주간 운동프로그램 중 4주차에 해당하는 표준운동프로그램,319939525,29.96,1810,1920*1080,어르신,50519,0AUDLJ08S_00040_SC_00425.jpeg,2021,정리 운동,1920,한국어,복부 스트레칭(Cobra pose),20221027,어르신기 4주차 운동프로그램,1685.652,,mp4,0AUDLJ08S_00040.mp4,http://openapi.kspo.or.kr/web/image/0AUDLJ08S_00040/,152,동영상,,4주차
,http://openapi.kspo.or.kr/web/video/,어르신을 위한 주간 운동프로그램 중 4주차에 해당하는 표준운동프로그램,319939525,29.96,1811,1920*1080,어르신,50954,0AUDLJ08S_00040_SC_00428.jpeg,2021,정리 운동,1920,한국어,복부 스트레칭(Cobra pose),20221027,어르신기 4주차 운동프로그램,1700.166,,mp4,0AUDLJ08S_00040.mp4,http://openapi.kspo.or.kr/web/image/0AUDLJ08S_00040/,153,동영상,,4주차
,http://openapi.kspo.or.kr/web/video/,어르신을 위한 주간 운동프로그램 중 4주차에 해당하는 표준운동프로그램,319939525,29.96,1812,1920*1080,어르신,51069,0AUDLJ08S_00040_FR_00569.jpeg,2021,정리 운동,1920,한국어,복부 스트레칭(Cobra pose),20221027,어르신기 4주차 운동프로그램,1704.004,,mp4,0AUDLJ08S_00040.mp4,http://openapi.kspo.or.kr/web/image/0AUDLJ08S_00040/,154,동영상,,4주차
,http://openapi.kspo.or.kr/web/video/,어르신을 위한 주간 운동프로그램 중 4주차에 해당하는 표준운동프로그램,319939525,29.96,1813,1920*1080,어르신,51159,0AUDLJ08S_00040_FR_00570.jpeg,2021,정리 운동,1920,한국어,복부 스트레칭(Cobra pose),20221027,어르신기 4주차 운동프로그램,1707.007,,mp4,0AUDLJ08S_00040.mp4,http://openapi.kspo.or.kr/web/image/0AUDLJ08S_00040/,155,동영상,,4주차
,http://openapi.kspo.or.kr/web/video/,어르신을 위한 주간 운동프로그램 중 4주차에 해당하는 표준운동프로그램,319939525,29.96,1814,1920*1080,어르신,51244,0AUDLJ08S_00040_SC_00430.jpeg,2021,정리 운동,1920,한국어,복부 스트레칭(Cobra pose),20221027,어르신기 4주차 운동프로그램,1709.843,,mp4,0AUDLJ08S_00040.mp4,http://openapi.kspo.or.kr/web/image/0AUDLJ08S_00040/,156,동영상,,4주차
,http://openapi.kspo.or.kr/web/video/,어르신을 위한 주간 운동프로그램 중 4주차에 해당하는 표준운동프로그램,319939525,29.96,1815,1920*1080,어르신,51476,0AUDLJ08S_00040_SC_00432.jpeg,2021,정리 운동,1920,한국어,복부 스트레칭(Cobra pose),20221027,어르신기 4주차 운동프로그램,1717.584,,mp4,0AUDLJ08S_00040.mp4,http://openapi.kspo.or.kr/web/image/0AUDLJ08S_00040/,157,동영상,,4주차
,http://openapi.kspo.or.kr/web/video/,어르신을 위한 주간 운동프로그램 중 4주차에 해당하는 표준운동프로그램,319939525,29.96,1816,1920*1080,어르신,51968,0AUDLJ08S_00040_FR_00579.jpeg,2021,정리 운동,1920,한국어,대퇴 스트레칭(Quadriceps stretch),20221027,어르신기 4주차 운동프로그램,1734,,mp4,0AUDLJ08S_00040.mp4,http://openapi.kspo.or.kr/web/image/0AUDLJ08S_00040/,158,동영상,,4주차
,http://openapi.kspo.or.kr/web/video/,어르신을 위한 주간 운동프로그램 중 4주차에 해당하는 표준운동프로그램,319939525,29.96,1817,1920*1080,어르신,52056,0AUDLJ08S_00040_SC_00437.jpeg,2021,정리 운동,1920,한국어,대퇴 스트레칭(Quadriceps stretch),20221027,어르신기 4주차 운동프로그램,1736.936,,mp4,0AUDLJ08S_00040.mp4,http://openapi.kspo.or.kr/web/image/0AUDLJ08S_00040/,159,동영상,,4주차
,http://openapi.kspo.or.kr/web/video/,어르신을 위한 주간 운동프로그램 중 4주차에 해당하는 표준운동프로그램,319939525,29.96,1818,1920*1080,어르신,52404,0AUDLJ08S_00040_SC_00440.jpeg,2021,정리 운동,1920,한국어,대퇴 스트레칭(Quadriceps stretch),20221027,어르신기 4주차 운동프로그램,1748.548,,mp4,0AUDLJ08S_00040.mp4,http://openapi.kspo.or.kr/web/image/0AUDLJ08S_00040/,160,동영상,,4주차
,http://openapi.kspo.or.kr/web/video/,어르신을 위한 주간 운동프로그램 중 4주차에 해당하는 표준운동프로그램,319939525,29.96,1819,1920*1080,어르신,53100,0AUDLJ08S_00040_SC_00446.jpeg,2021,정리 운동,1920,한국어,엉덩관절 스트레칭1(Gluteus stretch),20221027,어르신기 4주차 운동프로그램,1771.771,,mp4,0AUDLJ08S_00040.mp4,http://openapi.kspo.or.kr/web/image/0AUDLJ08S_00040/,161,동영상,,4주차
,http://openapi.kspo.or.kr/web/video/,어르신을 위한 주간 운동프로그램 중 4주차에 해당하는 표준운동프로그램,319939525,29.96,1820,1920*1080,어르신,53158,0AUDLJ08S_00040_SC_00447.jpeg,2021,정리 운동,1920,한국어,엉덩관절 스트레칭1(Gluteus stretch),20221027,어르신기 4주차 운동프로그램,1773.707,,mp4,0AUDLJ08S_00040.mp4,http://openapi.kspo.or.kr/web/image/0AUDLJ08S_00040/,162,동영상,,4주차
,http://openapi.kspo.or.kr/web/video/,어르신을 위한 주간 운동프로그램 중 4주차에 해당하는 표준운동프로그램,319939525,29.96,1821,1920*1080,어르신,53506,0AUDLJ08S_00040_SC_00450.jpeg,2021,정리 운동,1920,한국어,엉덩관절 스트레칭2(Figure 4 pose),20221027,어르신기 4주차 운동프로그램,1785.318,,mp4,0AUDLJ08S_00040.mp4,http://openapi.kspo.or.kr/web/image/0AUDLJ08S_00040/,163,동영상,,4주차
,http://openapi.kspo.or.kr/web/video/,어르신을 위한 주간 운동프로그램 중 4주차에 해당하는 표준운동프로그램,319939525,29.96,1822,1920*1080,어르신,54782,0AUDLJ08S_00040_SC_00454.jpeg,2021,정리 운동,1920,한국어,엉덩관절 스트레칭2(Figure 4 pose),20221027,어르신기 4주차 운동프로그램,1827.894,,mp4,0AUDLJ08S_00040.mp4,http://openapi.kspo.or.kr/web/image/0AUDLJ08S_00040/,164,동영상,,4주차
,http://openapi.kspo.or.kr/web/video/,어르신을 위한 주간 운동프로그램 중 4주차에 해당하는 표준운동프로그램,319939525,29.96,1823,1920*1080,어르신,55101,0AUDLJ08S_00040_SC_00458.jpeg,2021,정리 운동,1920,한국어,엉덩관절 스트레칭2(Figure 4 pose),20221027,어르신기 4주차 운동프로그램,1838.538,,mp4,0AUDLJ08S_00040.mp4,http://openapi.kspo.or.kr/web/image/0AUDLJ08S_00040/,165,동영상,,4주차
,http://openapi.kspo.or.kr/web/video/,어르신을 위한 주간 운동프로그램 중 4주차에 해당하는 표준운동프로그램,319939525,29.96,1824,1920*1080,어르신,56145,0AUDLJ08S_00040_SC_00468.jpeg,2021,정리 운동,1920,한국어,어깨/복부/엉덩관절 스트레칭(Trunk rotation stretch),20221027,어르신기 4주차 운동프로그램,1873.373,,mp4,0AUDLJ08S_00040.mp4,http://openapi.kspo.or.kr/web/image/0AUDLJ08S_00040/,166,동영상,,4주차
,http://openapi.kspo.or.kr/web/video/,어르신을 위한 주간 운동프로그램 중 4주차에 해당하는 표준운동프로그램,319939525,29.96,1825,1920*1080,어르신,56319,0AUDLJ08S_00040_SC_00470.jpeg,2021,정리 운동,1920,한국어,어깨/복부/엉덩관절 스트레칭(Trunk rotation stretch),20221027,어르신기 4주차 운동프로그램,1879.179,,mp4,0AUDLJ08S_00040.mp4,http://openapi.kspo.or.kr/web/image/0AUDLJ08S_00040/,167,동영상,,4주차
,http://openapi.kspo.or.kr/web/video/,어르신을 위한 주간 운동프로그램 중 4주차에 해당하는 표준운동프로그램,319939525,29.96,1826,1920*1080,어르신,56754,0AUDLJ08S_00040_SC_00478.jpeg,2021,정리 운동,1920,한국어,어깨/복부/엉덩관절 스트레칭(Trunk rotation stretch),20221027,어르신기 4주차 운동프로그램,1893.693,,mp4,0AUDLJ08S_00040.mp4,http://openapi.kspo.or.kr/web/image/0AUDLJ08S_00040/,168,동영상,,4주차
,http://openapi.kspo.or.kr/web/video/,어르신을 위한 주간 운동프로그램 중 4주차에 해당하는 표준운동프로그램,319939525,29.96,1827,1920*1080,어르신,57363,0AUDLJ08S_00040_FR_00639.jpeg,2021,정리 운동,1920,한국어,,20221027,어르신기 4주차 운동프로그램,1914.014,10~15 초,mp4,0AUDLJ08S_00040.mp4,http://openapi.kspo.or.kr/web/image/0AUDLJ08S_00040/,169,동영상,1~2,4주차
