trng_se_nm,file_url,vdo_desc,file_sz,trng_aim_nm,fps_cnt,row_num,resolution,tool_nm,aggrp_nm,frme_no,img_file_nm,fbctn_yr,nope_nm,vdo_len,lang,trng_nm,job_ymd,ftns_fctr_nm,vdo_ttl_nm,snap_tm,file_type_nm,file_nm,img_file_url,img_file_sn,data_type,trng_part_nm
준비 운동,http://openapi.kspo.or.kr/web/video/,요통을 예방하기 위한 운동프로그램,383566029,요통 예방,29.96,1,1920*1080,매트,공통,4757,0AUDLJ08S_00041_SC_00042.jpeg,2021,1인 이상,2299,한국어,누워서 다리 당기기,20221028,유연성,요통 예방 운동프로그램,158.725,mp4,0AUDLJ08S_00041.mp4,http://openapi.kspo.or.kr/web/image/0AUDLJ08S_00041/,11,동영상,대퇴이두근
준비 운동,http://openapi.kspo.or.kr/web/video/,요통을 예방하기 위한 운동프로그램,383566029,요통 예방,29.96,2,1920*1080,매트,공통,4902,0AUDLJ08S_00041_SC_00043.jpeg,2021,1인 이상,2299,한국어,누워서 다리 당기기,20221028,유연성,요통 예방 운동프로그램,163.563,mp4,0AUDLJ08S_00041.mp4,http://openapi.kspo.or.kr/web/image/0AUDLJ08S_00041/,12,동영상,대퇴이두근
준비 운동,http://openapi.kspo.or.kr/web/video/,요통을 예방하기 위한 운동프로그램,383566029,요통 예방,29.96,3,1920*1080,매트,공통,6468,0AUDLJ08S_00041_SC_00057.jpeg,2021,1인 이상,2299,한국어,다리 교차하여 몸 쪽으로 당기기,20221028,유연성,요통 예방 운동프로그램,215.815,mp4,0AUDLJ08S_00041.mp4,http://openapi.kspo.or.kr/web/image/0AUDLJ08S_00041/,13,동영상,이상근
준비 운동,http://openapi.kspo.or.kr/web/video/,요통을 예방하기 위한 운동프로그램,383566029,요통 예방,29.96,4,1920*1080,매트,공통,6787,0AUDLJ08S_00041_SC_00059.jpeg,2021,1인 이상,2299,한국어,다리 교차하여 몸 쪽으로 당기기,20221028,유연성,요통 예방 운동프로그램,226.459,mp4,0AUDLJ08S_00041.mp4,http://openapi.kspo.or.kr/web/image/0AUDLJ08S_00041/,14,동영상,이상근
준비 운동,http://openapi.kspo.or.kr/web/video/,요통을 예방하기 위한 운동프로그램,383566029,요통 예방,29.96,5,1920*1080,매트,공통,6874,0AUDLJ08S_00041_SC_00061.jpeg,2021,1인 이상,2299,한국어,다리 교차하여 몸 쪽으로 당기기,20221028,유연성,요통 예방 운동프로그램,229.362,mp4,0AUDLJ08S_00041.mp4,http://openapi.kspo.or.kr/web/image/0AUDLJ08S_00041/,15,동영상,이상근
준비 운동,http://openapi.kspo.or.kr/web/video/,요통을 예방하기 위한 운동프로그램,383566029,요통 예방,29.96,6,1920*1080,매트,공통,8556,0AUDLJ08S_00041_SC_00067.jpeg,2021,1인 이상,2299,한국어,허리 숙여 발목잡기,20221028,유연성,요통 예방 운동프로그램,285.485,mp4,0AUDLJ08S_00041.mp4,http://openapi.kspo.or.kr/web/image/0AUDLJ08S_00041/,16,동영상,하체
준비 운동,http://openapi.kspo.or.kr/web/video/,요통을 예방하기 위한 운동프로그램,383566029,요통 예방,29.96,7,1920*1080,매트,공통,8788,0AUDLJ08S_00041_SC_00069.jpeg,2021,1인 이상,2299,한국어,허리 숙여 발목잡기,20221028,유연성,요통 예방 운동프로그램,293.226,mp4,0AUDLJ08S_00041.mp4,http://openapi.kspo.or.kr/web/image/0AUDLJ08S_00041/,17,동영상,하체
준비 운동,http://openapi.kspo.or.kr/web/video/,요통을 예방하기 위한 운동프로그램,383566029,요통 예방,29.96,8,1920*1080,매트,공통,8933,0AUDLJ08S_00041_SC_00070.jpeg,2021,1인 이상,2299,한국어,허리 숙여 발목잡기,20221028,유연성,요통 예방 운동프로그램,298.064,mp4,0AUDLJ08S_00041.mp4,http://openapi.kspo.or.kr/web/image/0AUDLJ08S_00041/,18,동영상,하체
준비 운동,http://openapi.kspo.or.kr/web/video/,요통을 예방하기 위한 운동프로그램,383566029,요통 예방,29.96,9,1920*1080,매트,공통,10673,0AUDLJ08S_00041_SC_00090.jpeg,2021,1인 이상,2299,한국어,옆으로 누워서 발 뒤로 당기기,20221028,유연성,요통 예방 운동프로그램,356.122,mp4,0AUDLJ08S_00041.mp4,http://openapi.kspo.or.kr/web/image/0AUDLJ08S_00041/,19,동영상,대퇴사두근
준비 운동,http://openapi.kspo.or.kr/web/video/,요통을 예방하기 위한 운동프로그램,383566029,요통 예방,29.96,10,1920*1080,매트,공통,10789,0AUDLJ08S_00041_SC_00092.jpeg,2021,1인 이상,2299,한국어,옆으로 누워서 발 뒤로 당기기,20221028,유연성,요통 예방 운동프로그램,359.993,mp4,0AUDLJ08S_00041.mp4,http://openapi.kspo.or.kr/web/image/0AUDLJ08S_00041/,20,동영상,대퇴사두근
준비 운동,http://openapi.kspo.or.kr/web/video/,요통을 예방하기 위한 운동프로그램,383566029,요통 예방,29.96,11,1920*1080,매트,공통,12588,0AUDLJ08S_00041_FR_00141.jpeg,2021,1인 이상,2299,한국어,옆으로 다리 벌려 몸 숙이기,20221028,유연성,요통 예방 운동프로그램,420.02,mp4,0AUDLJ08S_00041.mp4,http://openapi.kspo.or.kr/web/image/0AUDLJ08S_00041/,21,동영상,옆구리
준비 운동,http://openapi.kspo.or.kr/web/video/,요통을 예방하기 위한 운동프로그램,383566029,요통 예방,29.96,12,1920*1080,매트,공통,12761,0AUDLJ08S_00041_SC_00113.jpeg,2021,1인 이상,2299,한국어,옆으로 다리 벌려 몸 숙이기,20221028,유연성,요통 예방 운동프로그램,425.792,mp4,0AUDLJ08S_00041.mp4,http://openapi.kspo.or.kr/web/image/0AUDLJ08S_00041/,22,동영상,옆구리
준비 운동,http://openapi.kspo.or.kr/web/video/,요통을 예방하기 위한 운동프로그램,383566029,요통 예방,29.96,13,1920*1080,매트,공통,13950,0AUDLJ08S_00041_SC_00119.jpeg,2021,1인 이상,2299,한국어,넙다리 안쪽 늘리기,20221028,유연성,요통 예방 운동프로그램,465.465,mp4,0AUDLJ08S_00041.mp4,http://openapi.kspo.or.kr/web/image/0AUDLJ08S_00041/,23,동영상,내전근
준비 운동,http://openapi.kspo.or.kr/web/video/,요통을 예방하기 위한 운동프로그램,383566029,요통 예방,29.96,14,1920*1080,매트,공통,14414,0AUDLJ08S_00041_SC_00128.jpeg,2021,1인 이상,2299,한국어,넙다리 안쪽 늘리기,20221028,유연성,요통 예방 운동프로그램,480.947,mp4,0AUDLJ08S_00041.mp4,http://openapi.kspo.or.kr/web/image/0AUDLJ08S_00041/,24,동영상,내전근
준비 운동,http://openapi.kspo.or.kr/web/video/,요통을 예방하기 위한 운동프로그램,383566029,요통 예방,29.96,15,1920*1080,매트,공통,15195,0AUDLJ08S_00041_FR_00170.jpeg,2021,1인 이상,2299,한국어,전신 늘이기,20221028,유연성,요통 예방 운동프로그램,507.007,mp4,0AUDLJ08S_00041.mp4,http://openapi.kspo.or.kr/web/image/0AUDLJ08S_00041/,25,동영상,전신
본 운동,http://openapi.kspo.or.kr/web/video/,요통을 예방하기 위한 운동프로그램,383566029,요통 예방,29.96,16,1920*1080,,공통,16094,0AUDLJ08S_00041_FR_00180.jpeg,2021,1인 이상,2299,한국어,,20221028,,요통 예방 운동프로그램,537.003,mp4,0AUDLJ08S_00041.mp4,http://openapi.kspo.or.kr/web/image/0AUDLJ08S_00041/,26,동영상,
본 운동,http://openapi.kspo.or.kr/web/video/,요통을 예방하기 위한 운동프로그램,383566029,요통 예방,29.96,17,1920*1080,매트,공통,16274,0AUDLJ08S_00041_FR_00182.jpeg,2021,1인 이상,2299,한국어,복부 당기기,20221028,근력/근지구력,요통 예방 운동프로그램,543.009,mp4,0AUDLJ08S_00041.mp4,http://openapi.kspo.or.kr/web/image/0AUDLJ08S_00041/,27,동영상,복근
본 운동,http://openapi.kspo.or.kr/web/video/,요통을 예방하기 위한 운동프로그램,383566029,요통 예방,29.96,18,1920*1080,매트,공통,17140,0AUDLJ08S_00041_SC_00151.jpeg,2021,1인 이상,2299,한국어,복부 당기고 한쪽 다리 구부렸다 펴기,20221028,근력/근지구력,요통 예방 운동프로그램,571.905,mp4,0AUDLJ08S_00041.mp4,http://openapi.kspo.or.kr/web/image/0AUDLJ08S_00041/,28,동영상,복근
본 운동,http://openapi.kspo.or.kr/web/video/,요통을 예방하기 위한 운동프로그램,383566029,요통 예방,29.96,19,1920*1080,매트,공통,17256,0AUDLJ08S_00041_SC_00152.jpeg,2021,1인 이상,2299,한국어,복부 당기고 한쪽 다리 구부렸다 펴기,20221028,근력/근지구력,요통 예방 운동프로그램,575.775,mp4,0AUDLJ08S_00041.mp4,http://openapi.kspo.or.kr/web/image/0AUDLJ08S_00041/,29,동영상,복근
본 운동,http://openapi.kspo.or.kr/web/video/,요통을 예방하기 위한 운동프로그램,383566029,요통 예방,29.96,20,1920*1080,매트,공통,17488,0AUDLJ08S_00041_SC_00154.jpeg,2021,1인 이상,2299,한국어,복부 당기고 한쪽 다리 구부렸다 펴기,20221028,근력/근지구력,요통 예방 운동프로그램,583.516,mp4,0AUDLJ08S_00041.mp4,http://openapi.kspo.or.kr/web/image/0AUDLJ08S_00041/,30,동영상,복근
본 운동,http://openapi.kspo.or.kr/web/video/,요통을 예방하기 위한 운동프로그램,383566029,요통 예방,29.96,21,1920*1080,매트,공통,18590,0AUDLJ08S_00041_SC_00166.jpeg,2021,1인 이상,2299,한국어,엉덩이 들어올리기,20221028,근력/근지구력,요통 예방 운동프로그램,620.286,mp4,0AUDLJ08S_00041.mp4,http://openapi.kspo.or.kr/web/image/0AUDLJ08S_00041/,31,동영상,엉덩이
본 운동,http://openapi.kspo.or.kr/web/video/,요통을 예방하기 위한 운동프로그램,383566029,요통 예방,29.96,22,1920*1080,매트,공통,18938,0AUDLJ08S_00041_SC_00170.jpeg,2021,1인 이상,2299,한국어,엉덩이 들어올리기,20221028,근력/근지구력,요통 예방 운동프로그램,631.898,mp4,0AUDLJ08S_00041.mp4,http://openapi.kspo.or.kr/web/image/0AUDLJ08S_00041/,32,동영상,엉덩이
본 운동,http://openapi.kspo.or.kr/web/video/,요통을 예방하기 위한 운동프로그램,383566029,요통 예방,29.96,23,1920*1080,매트,공통,19054,0AUDLJ08S_00041_SC_00173.jpeg,2021,1인 이상,2299,한국어,엉덩이 들어올리기,20221028,근력/근지구력,요통 예방 운동프로그램,635.769,mp4,0AUDLJ08S_00041.mp4,http://openapi.kspo.or.kr/web/image/0AUDLJ08S_00041/,33,동영상,엉덩이
본 운동,http://openapi.kspo.or.kr/web/video/,요통을 예방하기 위한 운동프로그램,383566029,요통 예방,29.96,24,1920*1080,매트,공통,20098,0AUDLJ08S_00041_SC_00181.jpeg,2021,1인 이상,2299,한국어,엉덩이 들고 무릎 가슴으로 당기기,20221028,근력/근지구력,요통 예방 운동프로그램,670.603,mp4,0AUDLJ08S_00041.mp4,http://openapi.kspo.or.kr/web/image/0AUDLJ08S_00041/,34,동영상,엉덩이
본 운동,http://openapi.kspo.or.kr/web/video/,요통을 예방하기 위한 운동프로그램,383566029,요통 예방,29.96,25,1920*1080,매트,공통,20410,0AUDLJ08S_00041_FR_00228.jpeg,2021,1인 이상,2299,한국어,엉덩이 들고 무릎 가슴으로 당기기,20221028,근력/근지구력,요통 예방 운동프로그램,681.014,mp4,0AUDLJ08S_00041.mp4,http://openapi.kspo.or.kr/web/image/0AUDLJ08S_00041/,35,동영상,엉덩이
본 운동,http://openapi.kspo.or.kr/web/video/,요통을 예방하기 위한 운동프로그램,383566029,요통 예방,29.96,26,1920*1080,매트,공통,21849,0AUDLJ08S_00041_FR_00244.jpeg,2021,1인 이상,2299,한국어,누워서 팔 다리 뻗기,20221028,근력/근지구력,요통 예방 운동프로그램,729.029,mp4,0AUDLJ08S_00041.mp4,http://openapi.kspo.or.kr/web/image/0AUDLJ08S_00041/,36,동영상,몸통
본 운동,http://openapi.kspo.or.kr/web/video/,요통을 예방하기 위한 운동프로그램,383566029,요통 예방,29.96,27,1920*1080,매트,공통,21939,0AUDLJ08S_00041_FR_00245.jpeg,2021,1인 이상,2299,한국어,누워서 팔 다리 뻗기,20221028,근력/근지구력,요통 예방 운동프로그램,732.032,mp4,0AUDLJ08S_00041.mp4,http://openapi.kspo.or.kr/web/image/0AUDLJ08S_00041/,37,동영상,몸통
본 운동,http://openapi.kspo.or.kr/web/video/,요통을 예방하기 위한 운동프로그램,383566029,요통 예방,29.96,28,1920*1080,매트,공통,22186,0AUDLJ08S_00041_SC_00191.jpeg,2021,1인 이상,2299,한국어,누워서 팔 다리 뻗기,20221028,근력/근지구력,요통 예방 운동프로그램,740.273,mp4,0AUDLJ08S_00041.mp4,http://openapi.kspo.or.kr/web/image/0AUDLJ08S_00041/,38,동영상,몸통
본 운동,http://openapi.kspo.or.kr/web/video/,요통을 예방하기 위한 운동프로그램,383566029,요통 예방,29.96,29,1920*1080,매트,공통,22621,0AUDLJ08S_00041_SC_00193.jpeg,2021,1인 이상,2299,한국어,누워서 팔 다리 뻗기,20221028,근력/근지구력,요통 예방 운동프로그램,754.788,mp4,0AUDLJ08S_00041.mp4,http://openapi.kspo.or.kr/web/image/0AUDLJ08S_00041/,39,동영상,몸통
본 운동,http://openapi.kspo.or.kr/web/video/,요통을 예방하기 위한 운동프로그램,383566029,요통 예방,29.96,30,1920*1080,매트,공통,22824,0AUDLJ08S_00041_SC_00195.jpeg,2021,1인 이상,2299,한국어,누워서 팔 다리 뻗기,20221028,근력/근지구력,요통 예방 운동프로그램,761.561,mp4,0AUDLJ08S_00041.mp4,http://openapi.kspo.or.kr/web/image/0AUDLJ08S_00041/,40,동영상,몸통
본 운동,http://openapi.kspo.or.kr/web/video/,요통을 예방하기 위한 운동프로그램,383566029,요통 예방,29.96,31,1920*1080,매트,공통,24096,0AUDLJ08S_00041_FR_00269.jpeg,2021,1인 이상,2299,한국어,엎드려서 버티기,20221028,근력/근지구력,요통 예방 운동프로그램,804.004,mp4,0AUDLJ08S_00041.mp4,http://openapi.kspo.or.kr/web/image/0AUDLJ08S_00041/,41,동영상,전신
본 운동,http://openapi.kspo.or.kr/web/video/,요통을 예방하기 위한 운동프로그램,383566029,요통 예방,29.96,32,1920*1080,매트,공통,24303,0AUDLJ08S_00041_SC_00203.jpeg,2021,1인 이상,2299,한국어,엎드려서 버티기,20221028,근력/근지구력,요통 예방 운동프로그램,810.91,mp4,0AUDLJ08S_00041.mp4,http://openapi.kspo.or.kr/web/image/0AUDLJ08S_00041/,42,동영상,전신
본 운동,http://openapi.kspo.or.kr/web/video/,요통을 예방하기 위한 운동프로그램,383566029,요통 예방,29.96,33,1920*1080,매트,공통,24477,0AUDLJ08S_00041_SC_00204.jpeg,2021,1인 이상,2299,한국어,엎드려서 버티기,20221028,근력/근지구력,요통 예방 운동프로그램,816.716,mp4,0AUDLJ08S_00041.mp4,http://openapi.kspo.or.kr/web/image/0AUDLJ08S_00041/,43,동영상,전신
본 운동,http://openapi.kspo.or.kr/web/video/,요통을 예방하기 위한 운동프로그램,383566029,요통 예방,29.96,34,1920*1080,매트,공통,25811,0AUDLJ08S_00041_SC_00218.jpeg,2021,1인 이상,2299,한국어,네발기기 자세로 팔 들어 올리기,20221028,근력/근지구력,요통 예방 운동프로그램,861.227,mp4,0AUDLJ08S_00041.mp4,http://openapi.kspo.or.kr/web/image/0AUDLJ08S_00041/,44,동영상,전신
본 운동,http://openapi.kspo.or.kr/web/video/,요통을 예방하기 위한 운동프로그램,383566029,요통 예방,29.96,35,1920*1080,매트,공통,26072,0AUDLJ08S_00041_SC_00219.jpeg,2021,1인 이상,2299,한국어,네발기기 자세로 팔 들어 올리기,20221028,근력/근지구력,요통 예방 운동프로그램,869.936,mp4,0AUDLJ08S_00041.mp4,http://openapi.kspo.or.kr/web/image/0AUDLJ08S_00041/,45,동영상,전신
본 운동,http://openapi.kspo.or.kr/web/video/,요통을 예방하기 위한 운동프로그램,383566029,요통 예방,29.96,36,1920*1080,매트,공통,26974,0AUDLJ08S_00041_FR_00301.jpeg,2021,1인 이상,2299,한국어,네발기기 자세로 팔 들어 올리기,20221028,근력/근지구력,요통 예방 운동프로그램,900.033,mp4,0AUDLJ08S_00041.mp4,http://openapi.kspo.or.kr/web/image/0AUDLJ08S_00041/,46,동영상,전신
본 운동,http://openapi.kspo.or.kr/web/video/,요통을 예방하기 위한 운동프로그램,383566029,요통 예방,29.96,37,1920*1080,매트,공통,27232,0AUDLJ08S_00041_SC_00232.jpeg,2021,1인 이상,2299,한국어,네발기기 자세로 팔 들어 올리기,20221028,근력/근지구력,요통 예방 운동프로그램,908.641,mp4,0AUDLJ08S_00041.mp4,http://openapi.kspo.or.kr/web/image/0AUDLJ08S_00041/,47,동영상,전신
본 운동,http://openapi.kspo.or.kr/web/video/,요통을 예방하기 위한 운동프로그램,383566029,요통 예방,29.96,38,1920*1080,매트,공통,28142,0AUDLJ08S_00041_FR_00314.jpeg,2021,1인 이상,2299,한국어,네발기기 자세로 팔/다리 들어올려 균형 잡기,20221028,근력/근지구력,요통 예방 운동프로그램,939.005,mp4,0AUDLJ08S_00041.mp4,http://openapi.kspo.or.kr/web/image/0AUDLJ08S_00041/,48,동영상,전신
본 운동,http://openapi.kspo.or.kr/web/video/,요통을 예방하기 위한 운동프로그램,383566029,요통 예방,29.96,39,1920*1080,매트,공통,28322,0AUDLJ08S_00041_FR_00316.jpeg,2021,1인 이상,2299,한국어,네발기기 자세로 팔/다리 들어올려 균형 잡기,20221028,근력/근지구력,요통 예방 운동프로그램,945.011,mp4,0AUDLJ08S_00041.mp4,http://openapi.kspo.or.kr/web/image/0AUDLJ08S_00041/,49,동영상,전신
본 운동,http://openapi.kspo.or.kr/web/video/,요통을 예방하기 위한 운동프로그램,383566029,요통 예방,29.96,40,1920*1080,매트,공통,29221,0AUDLJ08S_00041_FR_00326.jpeg,2021,1인 이상,2299,한국어,옆으로 누워 굽힌다리 들어주기,20221028,근력/근지구력,요통 예방 운동프로그램,975.008,mp4,0AUDLJ08S_00041.mp4,http://openapi.kspo.or.kr/web/image/0AUDLJ08S_00041/,50,동영상,둔부
본 운동,http://openapi.kspo.or.kr/web/video/,요통을 예방하기 위한 운동프로그램,383566029,요통 예방,29.96,41,1920*1080,매트,공통,29349,0AUDLJ08S_00041_SC_00249.jpeg,2021,1인 이상,2299,한국어,옆으로 누워 굽힌다리 들어주기,20221028,근력/근지구력,요통 예방 운동프로그램,979.279,mp4,0AUDLJ08S_00041.mp4,http://openapi.kspo.or.kr/web/image/0AUDLJ08S_00041/,51,동영상,둔부
본 운동,http://openapi.kspo.or.kr/web/video/,요통을 예방하기 위한 운동프로그램,383566029,요통 예방,29.96,42,1920*1080,매트,공통,29639,0AUDLJ08S_00041_SC_00251.jpeg,2021,1인 이상,2299,한국어,옆으로 누워 굽힌다리 들어주기,20221028,근력/근지구력,요통 예방 운동프로그램,988.955,mp4,0AUDLJ08S_00041.mp4,http://openapi.kspo.or.kr/web/image/0AUDLJ08S_00041/,52,동영상,둔부
본 운동,http://openapi.kspo.or.kr/web/video/,요통을 예방하기 위한 운동프로그램,383566029,요통 예방,29.96,43,1920*1080,매트,공통,30045,0AUDLJ08S_00041_SC_00255.jpeg,2021,1인 이상,2299,한국어,옆으로 누워 굽힌다리 들어주기,20221028,근력/근지구력,요통 예방 운동프로그램,1002.502,mp4,0AUDLJ08S_00041.mp4,http://openapi.kspo.or.kr/web/image/0AUDLJ08S_00041/,53,동영상,둔부
본 운동,http://openapi.kspo.or.kr/web/video/,요통을 예방하기 위한 운동프로그램,383566029,요통 예방,29.96,44,1920*1080,매트,공통,30930,0AUDLJ08S_00041_FR_00345.jpeg,2021,1인 이상,2299,한국어,옆으로 누워 다리 들어주기,20221028,근력/근지구력,요통 예방 운동프로그램,1032.032,mp4,0AUDLJ08S_00041.mp4,http://openapi.kspo.or.kr/web/image/0AUDLJ08S_00041/,54,동영상,둔부
본 운동,http://openapi.kspo.or.kr/web/video/,요통을 예방하기 위한 운동프로그램,383566029,요통 예방,29.96,45,1920*1080,매트,공통,31118,0AUDLJ08S_00041_SC_00262.jpeg,2021,1인 이상,2299,한국어,옆으로 누워 다리 들어주기,20221028,근력/근지구력,요통 예방 운동프로그램,1038.304,mp4,0AUDLJ08S_00041.mp4,http://openapi.kspo.or.kr/web/image/0AUDLJ08S_00041/,55,동영상,둔부
본 운동,http://openapi.kspo.or.kr/web/video/,요통을 예방하기 위한 운동프로그램,383566029,요통 예방,29.96,46,1920*1080,매트,공통,31919,0AUDLJ08S_00041_FR_00356.jpeg,2021,1인 이상,2299,한국어,의자 앞에서 앉았다 일어나기,20221028,근력/근지구력,요통 예방 운동프로그램,1065.031,mp4,0AUDLJ08S_00041.mp4,http://openapi.kspo.or.kr/web/image/0AUDLJ08S_00041/,56,동영상,하체
본 운동,http://openapi.kspo.or.kr/web/video/,요통을 예방하기 위한 운동프로그램,383566029,요통 예방,29.96,47,1920*1080,매트,공통,32188,0AUDLJ08S_00041_FR_00359.jpeg,2021,1인 이상,2299,한국어,의자 앞에서 앉았다 일어나기,20221028,근력/근지구력,요통 예방 운동프로그램,1074.007,mp4,0AUDLJ08S_00041.mp4,http://openapi.kspo.or.kr/web/image/0AUDLJ08S_00041/,57,동영상,하체
본 운동,http://openapi.kspo.or.kr/web/video/,요통을 예방하기 위한 운동프로그램,383566029,요통 예방,29.96,48,1920*1080,매트,공통,32481,0AUDLJ08S_00041_SC_00275.jpeg,2021,1인 이상,2299,한국어,의자 앞에서 앉았다 일어나기,20221028,근력/근지구력,요통 예방 운동프로그램,1083.783,mp4,0AUDLJ08S_00041.mp4,http://openapi.kspo.or.kr/web/image/0AUDLJ08S_00041/,58,동영상,하체
본 운동,http://openapi.kspo.or.kr/web/video/,요통을 예방하기 위한 운동프로그램,383566029,요통 예방,29.96,49,1920*1080,,공통,33087,0AUDLJ08S_00041_FR_00369.jpeg,2021,1인 이상,2299,한국어,,20221028,근력/근지구력,요통 예방 운동프로그램,1104.004,mp4,0AUDLJ08S_00041.mp4,http://openapi.kspo.or.kr/web/image/0AUDLJ08S_00041/,59,동영상,
본 운동,http://openapi.kspo.or.kr/web/video/,요통을 예방하기 위한 운동프로그램,383566029,요통 예방,29.96,50,1920*1080,매트,공통,33380,0AUDLJ08S_00041_SC_00280.jpeg,2021,1인 이상,2299,한국어,엎드려서 다리 올리기,20221028,근력/근지구력,요통 예방 운동프로그램,1113.78,mp4,0AUDLJ08S_00041.mp4,http://openapi.kspo.or.kr/web/image/0AUDLJ08S_00041/,60,동영상,허리
본 운동,http://openapi.kspo.or.kr/web/video/,요통을 예방하기 위한 운동프로그램,383566029,요통 예방,29.96,51,1920*1080,매트,공통,34163,0AUDLJ08S_00041_SC_00287.jpeg,2021,1인 이상,2299,한국어,엎드려서 팔다리 교차하여 들어올리기,20221028,근력/근지구력,요통 예방 운동프로그램,1139.906,mp4,0AUDLJ08S_00041.mp4,http://openapi.kspo.or.kr/web/image/0AUDLJ08S_00041/,61,동영상,허리
본 운동,http://openapi.kspo.or.kr/web/video/,요통을 예방하기 위한 운동프로그램,383566029,요통 예방,29.96,52,1920*1080,매트,공통,34279,0AUDLJ08S_00041_SC_00288.jpeg,2021,1인 이상,2299,한국어,엎드려서 팔다리 교차하여 들어올리기,20221028,근력/근지구력,요통 예방 운동프로그램,1143.777,mp4,0AUDLJ08S_00041.mp4,http://openapi.kspo.or.kr/web/image/0AUDLJ08S_00041/,62,동영상,허리
본 운동,http://openapi.kspo.or.kr/web/video/,요통을 예방하기 위한 운동프로그램,383566029,요통 예방,29.96,53,1920*1080,매트,공통,35265,0AUDLJ08S_00041_SC_00300.jpeg,2021,1인 이상,2299,한국어,엎드려서 팔다리 교차하여 들어올리기,20221028,근력/근지구력,요통 예방 운동프로그램,1176.676,mp4,0AUDLJ08S_00041.mp4,http://openapi.kspo.or.kr/web/image/0AUDLJ08S_00041/,63,동영상,허리
본 운동,http://openapi.kspo.or.kr/web/video/,요통을 예방하기 위한 운동프로그램,383566029,요통 예방,29.96,54,1920*1080,매트,공통,35526,0AUDLJ08S_00041_SC_00301.jpeg,2021,1인 이상,2299,한국어,엎드려서 팔다리 교차하여 들어올리기,20221028,근력/근지구력,요통 예방 운동프로그램,1185.385,mp4,0AUDLJ08S_00041.mp4,http://openapi.kspo.or.kr/web/image/0AUDLJ08S_00041/,64,동영상,허리
본 운동,http://openapi.kspo.or.kr/web/video/,요통을 예방하기 위한 운동프로그램,383566029,요통 예방,29.96,55,1920*1080,매트,공통,36541,0AUDLJ08S_00041_SC_00307.jpeg,2021,1인 이상,2299,한국어,다리 뒤로 뻗어 올려 버티기,20221028,근력/근지구력,요통 예방 운동프로그램,1219.252,mp4,0AUDLJ08S_00041.mp4,http://openapi.kspo.or.kr/web/image/0AUDLJ08S_00041/,65,동영상,둔부
본 운동,http://openapi.kspo.or.kr/web/video/,요통을 예방하기 위한 운동프로그램,383566029,요통 예방,29.96,56,1920*1080,매트,공통,36802,0AUDLJ08S_00041_SC_00309.jpeg,2021,1인 이상,2299,한국어,다리 뒤로 뻗어 올려 버티기,20221028,근력/근지구력,요통 예방 운동프로그램,1227.961,mp4,0AUDLJ08S_00041.mp4,http://openapi.kspo.or.kr/web/image/0AUDLJ08S_00041/,66,동영상,둔부
본 운동,http://openapi.kspo.or.kr/web/video/,요통을 예방하기 위한 운동프로그램,383566029,요통 예방,29.96,57,1920*1080,매트,공통,36954,0AUDLJ08S_00041_FR_00412.jpeg,2021,1인 이상,2299,한국어,다리 뒤로 뻗어 올려 버티기,20221028,근력/근지구력,요통 예방 운동프로그램,1233.033,mp4,0AUDLJ08S_00041.mp4,http://openapi.kspo.or.kr/web/image/0AUDLJ08S_00041/,67,동영상,둔부
본 운동,http://openapi.kspo.or.kr/web/video/,요통을 예방하기 위한 운동프로그램,383566029,요통 예방,29.96,58,1920*1080,매트,공통,37991,0AUDLJ08S_00041_SC_00316.jpeg,2021,1인 이상,2299,한국어,윗몸 올리기,20221028,근력/근지구력,요통 예방 운동프로그램,1267.634,mp4,0AUDLJ08S_00041.mp4,http://openapi.kspo.or.kr/web/image/0AUDLJ08S_00041/,68,동영상,복근
본 운동,http://openapi.kspo.or.kr/web/video/,요통을 예방하기 위한 운동프로그램,383566029,요통 예방,29.96,59,1920*1080,매트,공통,38136,0AUDLJ08S_00041_SC_00317.jpeg,2021,1인 이상,2299,한국어,윗몸 올리기,20221028,근력/근지구력,요통 예방 운동프로그램,1272.472,mp4,0AUDLJ08S_00041.mp4,http://openapi.kspo.or.kr/web/image/0AUDLJ08S_00041/,69,동영상,복근
본 운동,http://openapi.kspo.or.kr/web/video/,요통을 예방하기 위한 운동프로그램,383566029,요통 예방,29.96,60,1920*1080,매트,공통,38397,0AUDLJ08S_00041_SC_00319.jpeg,2021,1인 이상,2299,한국어,윗몸 올리기,20221028,근력/근지구력,요통 예방 운동프로그램,1281.181,mp4,0AUDLJ08S_00041.mp4,http://openapi.kspo.or.kr/web/image/0AUDLJ08S_00041/,70,동영상,복근
본 운동,http://openapi.kspo.or.kr/web/video/,요통을 예방하기 위한 운동프로그램,383566029,요통 예방,29.96,61,1920*1080,매트,공통,39122,0AUDLJ08S_00041_SC_00325.jpeg,2021,1인 이상,2299,한국어,옆으로 버티기,20221028,근력/근지구력,요통 예방 운동프로그램,1305.372,mp4,0AUDLJ08S_00041.mp4,http://openapi.kspo.or.kr/web/image/0AUDLJ08S_00041/,71,동영상,복근
본 운동,http://openapi.kspo.or.kr/web/video/,요통을 예방하기 위한 운동프로그램,383566029,요통 예방,29.96,62,1920*1080,매트,공통,39383,0AUDLJ08S_00041_SC_00329.jpeg,2021,1인 이상,2299,한국어,옆으로 버티기,20221028,근력/근지구력,요통 예방 운동프로그램,1314.08,mp4,0AUDLJ08S_00041.mp4,http://openapi.kspo.or.kr/web/image/0AUDLJ08S_00041/,72,동영상,복근
본 운동,http://openapi.kspo.or.kr/web/video/,요통을 예방하기 위한 운동프로그램,383566029,요통 예방,29.96,63,1920*1080,,공통,40460,0AUDLJ08S_00041_FR_00451.jpeg,2021,1인 이상,2299,한국어,,20221028,근력/근지구력,요통 예방 운동프로그램,1350.016,mp4,0AUDLJ08S_00041.mp4,http://openapi.kspo.or.kr/web/image/0AUDLJ08S_00041/,73,동영상,
본 운동,http://openapi.kspo.or.kr/web/video/,요통을 예방하기 위한 운동프로그램,383566029,요통 예방,29.96,64,1920*1080,짐볼,공통,40659,0AUDLJ08S_00041_SC_00343.jpeg,2021,1인 이상,2299,한국어,골반 좌/우로 밀어주기,20221028,근력/근지구력,요통 예방 운동프로그램,1356.656,mp4,0AUDLJ08S_00041.mp4,http://openapi.kspo.or.kr/web/image/0AUDLJ08S_00041/,74,동영상,골반
본 운동,http://openapi.kspo.or.kr/web/video/,요통을 예방하기 위한 운동프로그램,383566029,요통 예방,29.96,65,1920*1080,짐볼,공통,40949,0AUDLJ08S_00041_SC_00345.jpeg,2021,1인 이상,2299,한국어,골반 좌/우로 밀어주기,20221028,근력/근지구력,요통 예방 운동프로그램,1366.332,mp4,0AUDLJ08S_00041.mp4,http://openapi.kspo.or.kr/web/image/0AUDLJ08S_00041/,75,동영상,골반
본 운동,http://openapi.kspo.or.kr/web/video/,요통을 예방하기 위한 운동프로그램,383566029,요통 예방,29.96,66,1920*1080,짐볼,공통,41645,0AUDLJ08S_00041_SC_00352.jpeg,2021,1인 이상,2299,한국어,골반 앞/뒤로 밀어주기,20221028,근력/근지구력,요통 예방 운동프로그램,1389.556,mp4,0AUDLJ08S_00041.mp4,http://openapi.kspo.or.kr/web/image/0AUDLJ08S_00041/,76,동영상,골반
본 운동,http://openapi.kspo.or.kr/web/video/,요통을 예방하기 위한 운동프로그램,383566029,요통 예방,29.96,67,1920*1080,짐볼,공통,41935,0AUDLJ08S_00041_SC_00355.jpeg,2021,1인 이상,2299,한국어,골반 앞/뒤로 밀어주기,20221028,근력/근지구력,요통 예방 운동프로그램,1399.232,mp4,0AUDLJ08S_00041.mp4,http://openapi.kspo.or.kr/web/image/0AUDLJ08S_00041/,77,동영상,골반
본 운동,http://openapi.kspo.or.kr/web/video/,요통을 예방하기 위한 운동프로그램,383566029,요통 예방,29.96,68,1920*1080,짐볼,공통,43153,0AUDLJ08S_00041_SC_00363.jpeg,2021,1인 이상,2299,한국어,한발로 균형 잡기,20221028,근력/근지구력,요통 예방 운동프로그램,1439.873,mp4,0AUDLJ08S_00041.mp4,http://openapi.kspo.or.kr/web/image/0AUDLJ08S_00041/,78,동영상,코어
본 운동,http://openapi.kspo.or.kr/web/video/,요통을 예방하기 위한 운동프로그램,383566029,요통 예방,29.96,69,1920*1080,짐볼,공통,44236,0AUDLJ08S_00041_FR_00493.jpeg,2021,1인 이상,2299,한국어,공에 엎드려서 상체 들어올리기,20221028,근력/근지구력,요통 예방 운동프로그램,1476.009,mp4,0AUDLJ08S_00041.mp4,http://openapi.kspo.or.kr/web/image/0AUDLJ08S_00041/,79,동영상,코어
본 운동,http://openapi.kspo.or.kr/web/video/,요통을 예방하기 위한 운동프로그램,383566029,요통 예방,29.96,70,1920*1080,짐볼,공통,44458,0AUDLJ08S_00041_SC_00374.jpeg,2021,1인 이상,2299,한국어,공에 엎드려서 상체 들어올리기,20221028,근력/근지구력,요통 예방 운동프로그램,1483.416,mp4,0AUDLJ08S_00041.mp4,http://openapi.kspo.or.kr/web/image/0AUDLJ08S_00041/,80,동영상,코어
본 운동,http://openapi.kspo.or.kr/web/video/,요통을 예방하기 위한 운동프로그램,383566029,요통 예방,29.96,71,1920*1080,짐볼,공통,44719,0AUDLJ08S_00041_SC_00377.jpeg,2021,1인 이상,2299,한국어,공에 엎드려서 상체 들어올리기,20221028,근력/근지구력,요통 예방 운동프로그램,1492.125,mp4,0AUDLJ08S_00041.mp4,http://openapi.kspo.or.kr/web/image/0AUDLJ08S_00041/,81,동영상,코어
본 운동,http://openapi.kspo.or.kr/web/video/,요통을 예방하기 위한 운동프로그램,383566029,요통 예방,29.96,72,1920*1080,짐볼,공통,45734,0AUDLJ08S_00041_SC_00385.jpeg,2021,1인 이상,2299,한국어,공에 엎드려서 팔 들어올리기,20221028,근력/근지구력,요통 예방 운동프로그램,1525.992,mp4,0AUDLJ08S_00041.mp4,http://openapi.kspo.or.kr/web/image/0AUDLJ08S_00041/,82,동영상,코어
본 운동,http://openapi.kspo.or.kr/web/video/,요통을 예방하기 위한 운동프로그램,383566029,요통 예방,29.96,73,1920*1080,짐볼,공통,45855,0AUDLJ08S_00041_FR_00511.jpeg,2021,1인 이상,2299,한국어,공에 엎드려서 팔 들어올리기,20221028,근력/근지구력,요통 예방 운동프로그램,1530.03,mp4,0AUDLJ08S_00041.mp4,http://openapi.kspo.or.kr/web/image/0AUDLJ08S_00041/,83,동영상,코어
본 운동,http://openapi.kspo.or.kr/web/video/,요통을 예방하기 위한 운동프로그램,383566029,요통 예방,29.96,74,1920*1080,짐볼,공통,46836,0AUDLJ08S_00041_SC_00396.jpeg,2021,1인 이상,2299,한국어,공에 누워서 허리 수평 맞춰 버티기,20221028,근력/근지구력,요통 예방 운동프로그램,1562.762,mp4,0AUDLJ08S_00041.mp4,http://openapi.kspo.or.kr/web/image/0AUDLJ08S_00041/,84,동영상,코어
본 운동,http://openapi.kspo.or.kr/web/video/,요통을 예방하기 위한 운동프로그램,383566029,요통 예방,29.96,75,1920*1080,짐볼,공통,46981,0AUDLJ08S_00041_SC_00397.jpeg,2021,1인 이상,2299,한국어,공에 누워서 허리 수평 맞춰 버티기,20221028,근력/근지구력,요통 예방 운동프로그램,1567.6,mp4,0AUDLJ08S_00041.mp4,http://openapi.kspo.or.kr/web/image/0AUDLJ08S_00041/,85,동영상,코어
본 운동,http://openapi.kspo.or.kr/web/video/,요통을 예방하기 위한 운동프로그램,383566029,요통 예방,29.96,76,1920*1080,짐볼,공통,47822,0AUDLJ08S_00041_SC_00405.jpeg,2021,1인 이상,2299,한국어,공에 다리 올리고 엉덩이 들어올리기,20221028,근력/근지구력,요통 예방 운동프로그램,1595.662,mp4,0AUDLJ08S_00041.mp4,http://openapi.kspo.or.kr/web/image/0AUDLJ08S_00041/,86,동영상,하체
본 운동,http://openapi.kspo.or.kr/web/video/,요통을 예방하기 위한 운동프로그램,383566029,요통 예방,29.96,77,1920*1080,짐볼,공통,48054,0AUDLJ08S_00041_SC_00408.jpeg,2021,1인 이상,2299,한국어,공에 다리 올리고 엉덩이 들어올리기,20221028,근력/근지구력,요통 예방 운동프로그램,1603.403,mp4,0AUDLJ08S_00041.mp4,http://openapi.kspo.or.kr/web/image/0AUDLJ08S_00041/,87,동영상,하체
본 운동,http://openapi.kspo.or.kr/web/video/,요통을 예방하기 위한 운동프로그램,383566029,요통 예방,29.96,78,1920*1080,짐볼,공통,48982,0AUDLJ08S_00041_SC_00419.jpeg,2021,1인 이상,2299,한국어,공에서 윗몸 올리기,20221028,근력/근지구력,요통 예방 운동프로그램,1634.367,mp4,0AUDLJ08S_00041.mp4,http://openapi.kspo.or.kr/web/image/0AUDLJ08S_00041/,88,동영상,복근
본 운동,http://openapi.kspo.or.kr/web/video/,요통을 예방하기 위한 운동프로그램,383566029,요통 예방,29.96,79,1920*1080,짐볼,공통,49127,0AUDLJ08S_00041_SC_00420.jpeg,2021,1인 이상,2299,한국어,공에서 윗몸 올리기,20221028,근력/근지구력,요통 예방 운동프로그램,1639.205,mp4,0AUDLJ08S_00041.mp4,http://openapi.kspo.or.kr/web/image/0AUDLJ08S_00041/,89,동영상,복근
본 운동,http://openapi.kspo.or.kr/web/video/,요통을 예방하기 위한 운동프로그램,383566029,요통 예방,29.96,80,1920*1080,짐볼,공통,49794,0AUDLJ08S_00041_SC_00425.jpeg,2021,1인 이상,2299,한국어,공에서 비틀어 윗몸 올리기,20221028,근력/근지구력,요통 예방 운동프로그램,1661.461,mp4,0AUDLJ08S_00041.mp4,http://openapi.kspo.or.kr/web/image/0AUDLJ08S_00041/,90,동영상,복근
본 운동,http://openapi.kspo.or.kr/web/video/,요통을 예방하기 위한 운동프로그램,383566029,요통 예방,29.96,81,1920*1080,짐볼,공통,50171,0AUDLJ08S_00041_SC_00430.jpeg,2021,1인 이상,2299,한국어,공에서 비틀어 윗몸 올리기,20221028,근력/근지구력,요통 예방 운동프로그램,1674.04,mp4,0AUDLJ08S_00041.mp4,http://openapi.kspo.or.kr/web/image/0AUDLJ08S_00041/,91,동영상,복근
본 운동,http://openapi.kspo.or.kr/web/video/,요통을 예방하기 위한 운동프로그램,383566029,요통 예방,29.96,82,1920*1080,짐볼,공통,50800,0AUDLJ08S_00041_FR_00566.jpeg,2021,1인 이상,2299,한국어,,20221028,근력/근지구력,요통 예방 운동프로그램,1695.028,mp4,0AUDLJ08S_00041.mp4,http://openapi.kspo.or.kr/web/image/0AUDLJ08S_00041/,92,동영상,
정리 운동,http://openapi.kspo.or.kr/web/video/,요통을 예방하기 위한 운동프로그램,383566029,요통 예방,29.96,83,1920*1080,,공통,51159,0AUDLJ08S_00041_FR_00570.jpeg,2021,1인 이상,2299,한국어,,20221028,,요통 예방 운동프로그램,1707.007,mp4,0AUDLJ08S_00041.mp4,http://openapi.kspo.or.kr/web/image/0AUDLJ08S_00041/,93,동영상,
정리 운동,http://openapi.kspo.or.kr/web/video/,요통을 예방하기 위한 운동프로그램,383566029,요통 예방,29.96,84,1920*1080,매트,공통,51418,0AUDLJ08S_00041_SC_00438.jpeg,2021,1인 이상,2299,한국어,무릎 꿇고 팔 뻗기,20221028,유연성,요통 예방 운동프로그램,1715.648,mp4,0AUDLJ08S_00041.mp4,http://openapi.kspo.or.kr/web/image/0AUDLJ08S_00041/,94,동영상,어깨/등
정리 운동,http://openapi.kspo.or.kr/web/video/,요통을 예방하기 위한 운동프로그램,383566029,요통 예방,29.96,85,1920*1080,매트,공통,52508,0AUDLJ08S_00041_FR_00585.jpeg,2021,1인 이상,2299,한국어,무릎 꿇고 옆으로 이동하기,20221028,유연성,요통 예방 운동프로그램,1752.018,mp4,0AUDLJ08S_00041.mp4,http://openapi.kspo.or.kr/web/image/0AUDLJ08S_00041/,95,동영상,어깨/등
정리 운동,http://openapi.kspo.or.kr/web/video/,요통을 예방하기 위한 운동프로그램,383566029,요통 예방,29.96,86,1920*1080,매트,공통,52607,0AUDLJ08S_00041_SC_00447.jpeg,2021,1인 이상,2299,한국어,무릎 꿇고 옆으로 이동하기,20221028,유연성,요통 예방 운동프로그램,1755.321,mp4,0AUDLJ08S_00041.mp4,http://openapi.kspo.or.kr/web/image/0AUDLJ08S_00041/,96,동영상,어깨/등
정리 운동,http://openapi.kspo.or.kr/web/video/,요통을 예방하기 위한 운동프로그램,383566029,요통 예방,29.96,87,1920*1080,매트,공통,52752,0AUDLJ08S_00041_SC_00449.jpeg,2021,1인 이상,2299,한국어,무릎 꿇고 옆으로 이동하기,20221028,유연성,요통 예방 운동프로그램,1760.16,mp4,0AUDLJ08S_00041.mp4,http://openapi.kspo.or.kr/web/image/0AUDLJ08S_00041/,97,동영상,어깨/등
정리 운동,http://openapi.kspo.or.kr/web/video/,요통을 예방하기 위한 운동프로그램,383566029,요통 예방,29.96,88,1920*1080,매트,공통,53912,0AUDLJ08S_00041_SC_00459.jpeg,2021,1인 이상,2299,한국어,엎드려서 상체 들어올리기,20221028,유연성,요통 예방 운동프로그램,1798.865,mp4,0AUDLJ08S_00041.mp4,http://openapi.kspo.or.kr/web/image/0AUDLJ08S_00041/,98,동영상,복근
정리 운동,http://openapi.kspo.or.kr/web/video/,요통을 예방하기 위한 운동프로그램,383566029,요통 예방,29.96,89,1920*1080,매트,공통,54260,0AUDLJ08S_00041_SC_00463.jpeg,2021,1인 이상,2299,한국어,엎드려서 상체 들어올리기,20221028,유연성,요통 예방 운동프로그램,1810.477,mp4,0AUDLJ08S_00041.mp4,http://openapi.kspo.or.kr/web/image/0AUDLJ08S_00041/,99,동영상,복근
정리 운동,http://openapi.kspo.or.kr/web/video/,요통을 예방하기 위한 운동프로그램,383566029,요통 예방,29.96,90,1920*1080,매트,공통,55333,0AUDLJ08S_00041_SC_00469.jpeg,2021,1인 이상,2299,한국어,무릎 꿇고 몸통 밀어주기,20221028,유연성,요통 예방 운동프로그램,1846.279,mp4,0AUDLJ08S_00041.mp4,http://openapi.kspo.or.kr/web/image/0AUDLJ08S_00041/,100,동영상,장요근
정리 운동,http://openapi.kspo.or.kr/web/video/,요통을 예방하기 위한 운동프로그램,383566029,요통 예방,29.96,91,1920*1080,매트,공통,55385,0AUDLJ08S_00041_FR_00617.jpeg,2021,1인 이상,2299,한국어,무릎 꿇고 몸통 밀어주기,20221028,유연성,요통 예방 운동프로그램,1848.014,mp4,0AUDLJ08S_00041.mp4,http://openapi.kspo.or.kr/web/image/0AUDLJ08S_00041/,101,동영상,장요근
정리 운동,http://openapi.kspo.or.kr/web/video/,요통을 예방하기 위한 운동프로그램,383566029,요통 예방,29.96,92,1920*1080,매트,공통,55565,0AUDLJ08S_00041_FR_00619.jpeg,2021,1인 이상,2299,한국어,무릎 꿇고 몸통 밀어주기,20221028,유연성,요통 예방 운동프로그램,1854.02,mp4,0AUDLJ08S_00041.mp4,http://openapi.kspo.or.kr/web/image/0AUDLJ08S_00041/,102,동영상,장요근
정리 운동,http://openapi.kspo.or.kr/web/video/,요통을 예방하기 위한 운동프로그램,383566029,요통 예방,29.96,93,1920*1080,매트,공통,56928,0AUDLJ08S_00041_SC_00480.jpeg,2021,1인 이상,2299,한국어,옆으로 누워서 발 뒤로 당기기,20221028,유연성,요통 예방 운동프로그램,1899.499,mp4,0AUDLJ08S_00041.mp4,http://openapi.kspo.or.kr/web/image/0AUDLJ08S_00041/,103,동영상,대퇴사두근
정리 운동,http://openapi.kspo.or.kr/web/video/,요통을 예방하기 위한 운동프로그램,383566029,요통 예방,29.96,94,1920*1080,매트,공통,58892,0AUDLJ08S_00041_FR_00656.jpeg,2021,1인 이상,2299,한국어,옆으로 다리 벌려 몸 숙이기,20221028,유연성,요통 예방 운동프로그램,1965.031,mp4,0AUDLJ08S_00041.mp4,http://openapi.kspo.or.kr/web/image/0AUDLJ08S_00041/,104,동영상,옆구리
정리 운동,http://openapi.kspo.or.kr/web/video/,요통을 예방하기 위한 운동프로그램,383566029,요통 예방,29.96,95,1920*1080,매트,공통,59074,0AUDLJ08S_00041_SC_00504.jpeg,2021,1인 이상,2299,한국어,옆으로 다리 벌려 몸 숙이기,20221028,유연성,요통 예방 운동프로그램,1971.104,mp4,0AUDLJ08S_00041.mp4,http://openapi.kspo.or.kr/web/image/0AUDLJ08S_00041/,105,동영상,옆구리
정리 운동,http://openapi.kspo.or.kr/web/video/,요통을 예방하기 위한 운동프로그램,383566029,요통 예방,29.96,96,1920*1080,매트,공통,60408,0AUDLJ08S_00041_SC_00513.jpeg,2021,1인 이상,2299,한국어,넙다리 안쪽 늘리기,20221028,유연성,요통 예방 운동프로그램,2015.615,mp4,0AUDLJ08S_00041.mp4,http://openapi.kspo.or.kr/web/image/0AUDLJ08S_00041/,106,동영상,내전근
정리 운동,http://openapi.kspo.or.kr/web/video/,요통을 예방하기 위한 운동프로그램,383566029,요통 예방,29.96,97,1920*1080,매트,공통,60727,0AUDLJ08S_00041_SC_00519.jpeg,2021,1인 이상,2299,한국어,넙다리 안쪽 늘리기,20221028,유연성,요통 예방 운동프로그램,2026.259,mp4,0AUDLJ08S_00041.mp4,http://openapi.kspo.or.kr/web/image/0AUDLJ08S_00041/,107,동영상,내전근
정리 운동,http://openapi.kspo.or.kr/web/video/,요통을 예방하기 위한 운동프로그램,383566029,요통 예방,29.96,98,1920*1080,매트,공통,61394,0AUDLJ08S_00041_SC_00531.jpeg,2021,1인 이상,2299,한국어,허리 숙여 발목잡기,20221028,유연성,요통 예방 운동프로그램,2048.515,mp4,0AUDLJ08S_00041.mp4,http://openapi.kspo.or.kr/web/image/0AUDLJ08S_00041/,108,동영상,하체
정리 운동,http://openapi.kspo.or.kr/web/video/,요통을 예방하기 위한 운동프로그램,383566029,요통 예방,29.96,99,1920*1080,매트,공통,61769,0AUDLJ08S_00041_FR_00688.jpeg,2021,1인 이상,2299,한국어,허리 숙여 발목잡기,20221028,유연성,요통 예방 운동프로그램,2061.027,mp4,0AUDLJ08S_00041.mp4,http://openapi.kspo.or.kr/web/image/0AUDLJ08S_00041/,109,동영상,하체
정리 운동,http://openapi.kspo.or.kr/web/video/,요통을 예방하기 위한 운동프로그램,383566029,요통 예방,29.96,100,1920*1080,매트,공통,62786,0AUDLJ08S_00041_SC_00542.jpeg,2021,1인 이상,2299,한국어,누워서 무릎 구부려 당기기,20221028,유연성,요통 예방 운동프로그램,2094.961,mp4,0AUDLJ08S_00041.mp4,http://openapi.kspo.or.kr/web/image/0AUDLJ08S_00041/,110,동영상,하체
정리 운동,http://openapi.kspo.or.kr/web/video/,요통을 예방하기 위한 운동프로그램,383566029,요통 예방,29.96,101,1920*1080,매트,공통,63569,0AUDLJ08S_00041_SC_00548.jpeg,2021,1인 이상,2299,한국어,누워서 다리 당기기,20221028,유연성,요통 예방 운동프로그램,2121.087,mp4,0AUDLJ08S_00041.mp4,http://openapi.kspo.or.kr/web/image/0AUDLJ08S_00041/,111,동영상,하체
정리 운동,http://openapi.kspo.or.kr/web/video/,요통을 예방하기 위한 운동프로그램,383566029,요통 예방,29.96,102,1920*1080,매트,공통,63714,0AUDLJ08S_00041_SC_00550.jpeg,2021,1인 이상,2299,한국어,누워서 다리 당기기,20221028,유연성,요통 예방 운동프로그램,2125.925,mp4,0AUDLJ08S_00041.mp4,http://openapi.kspo.or.kr/web/image/0AUDLJ08S_00041/,112,동영상,하체
정리 운동,http://openapi.kspo.or.kr/web/video/,요통을 예방하기 위한 운동프로그램,383566029,요통 예방,29.96,103,1920*1080,매트,공통,63859,0AUDLJ08S_00041_SC_00551.jpeg,2021,1인 이상,2299,한국어,누워서 다리 당기기,20221028,유연성,요통 예방 운동프로그램,2130.764,mp4,0AUDLJ08S_00041.mp4,http://openapi.kspo.or.kr/web/image/0AUDLJ08S_00041/,113,동영상,하체
정리 운동,http://openapi.kspo.or.kr/web/video/,요통을 예방하기 위한 운동프로그램,383566029,요통 예방,29.96,104,1920*1080,매트,공통,65396,0AUDLJ08S_00041_SC_00566.jpeg,2021,1인 이상,2299,한국어,다리 교차하여 몸 쪽으로 당기기,20221028,유연성,요통 예방 운동프로그램,2182.048,mp4,0AUDLJ08S_00041.mp4,http://openapi.kspo.or.kr/web/image/0AUDLJ08S_00041/,114,동영상,이상근
정리 운동,http://openapi.kspo.or.kr/web/video/,요통을 예방하기 위한 운동프로그램,383566029,요통 예방,29.96,105,1920*1080,매트,공통,65635,0AUDLJ08S_00041_FR_00731.jpeg,2021,1인 이상,2299,한국어,다리 교차하여 몸 쪽으로 당기기,20221028,유연성,요통 예방 운동프로그램,2190.023,mp4,0AUDLJ08S_00041.mp4,http://openapi.kspo.or.kr/web/image/0AUDLJ08S_00041/,115,동영상,이상근
정리 운동,http://openapi.kspo.or.kr/web/video/,요통을 예방하기 위한 운동프로그램,383566029,요통 예방,29.96,106,1920*1080,매트,공통,65802,0AUDLJ08S_00041_SC_00570.jpeg,2021,1인 이상,2299,한국어,다리 교차하여 몸 쪽으로 당기기,20221028,유연성,요통 예방 운동프로그램,2195.595,mp4,0AUDLJ08S_00041.mp4,http://openapi.kspo.or.kr/web/image/0AUDLJ08S_00041/,116,동영상,이상근
정리 운동,http://openapi.kspo.or.kr/web/video/,요통을 예방하기 위한 운동프로그램,383566029,요통 예방,29.96,107,1920*1080,매트,공통,67600,0AUDLJ08S_00041_SC_00576.jpeg,2021,1인 이상,2299,한국어,전신 늘이기,20221028,유연성,요통 예방 운동프로그램,2255.588,mp4,0AUDLJ08S_00041.mp4,http://openapi.kspo.or.kr/web/image/0AUDLJ08S_00041/,117,동영상,전신
,http://openapi.kspo.or.kr/web/video/,낙상을 예방하기 위한 운동프로그램,162334041,낙상 예방,29.97,108,1920*1080,,공통,59,0AUDLJ08S_00042_SC_00001.jpeg,2021,1인 이상,981,한국어,,20221007,,낙상 예방 운동프로그램,1.968,mp4,0AUDLJ08S_00042.mp4,http://openapi.kspo.or.kr/web/image/0AUDLJ08S_00042/,1,동영상,
,http://openapi.kspo.or.kr/web/video/,낙상을 예방하기 위한 운동프로그램,162334041,낙상 예방,29.97,109,1920*1080,,공통,88,0AUDLJ08S_00042_SC_00002.jpeg,2021,1인 이상,981,한국어,,20221007,,낙상 예방 운동프로그램,2.936,mp4,0AUDLJ08S_00042.mp4,http://openapi.kspo.or.kr/web/image/0AUDLJ08S_00042/,2,동영상,
,http://openapi.kspo.or.kr/web/video/,낙상을 예방하기 위한 운동프로그램,162334041,낙상 예방,29.97,110,1920*1080,,공통,117,0AUDLJ08S_00042_SC_00003.jpeg,2021,1인 이상,981,한국어,,20221007,,낙상 예방 운동프로그램,3.903,mp4,0AUDLJ08S_00042.mp4,http://openapi.kspo.or.kr/web/image/0AUDLJ08S_00042/,3,동영상,
,http://openapi.kspo.or.kr/web/video/,낙상을 예방하기 위한 운동프로그램,162334041,낙상 예방,29.97,111,1920*1080,,공통,175,0AUDLJ08S_00042_SC_00004.jpeg,2021,1인 이상,981,한국어,,20221007,,낙상 예방 운동프로그램,5.839,mp4,0AUDLJ08S_00042.mp4,http://openapi.kspo.or.kr/web/image/0AUDLJ08S_00042/,4,동영상,
,http://openapi.kspo.or.kr/web/video/,낙상을 예방하기 위한 운동프로그램,162334041,낙상 예방,29.97,112,1920*1080,,공통,581,0AUDLJ08S_00042_SC_00006.jpeg,2021,1인 이상,981,한국어,,20221007,,낙상 예방 운동프로그램,19.386,mp4,0AUDLJ08S_00042.mp4,http://openapi.kspo.or.kr/web/image/0AUDLJ08S_00042/,5,동영상,
,http://openapi.kspo.or.kr/web/video/,낙상을 예방하기 위한 운동프로그램,162334041,낙상 예방,29.97,113,1920*1080,,공통,755,0AUDLJ08S_00042_SC_00007.jpeg,2021,1인 이상,981,한국어,,20221007,,낙상 예방 운동프로그램,25.191,mp4,0AUDLJ08S_00042.mp4,http://openapi.kspo.or.kr/web/image/0AUDLJ08S_00042/,6,동영상,
,http://openapi.kspo.or.kr/web/video/,낙상을 예방하기 위한 운동프로그램,162334041,낙상 예방,29.97,114,1920*1080,,공통,958,0AUDLJ08S_00042_SC_00008.jpeg,2021,1인 이상,981,한국어,,20221007,,낙상 예방 운동프로그램,31.965,mp4,0AUDLJ08S_00042.mp4,http://openapi.kspo.or.kr/web/image/0AUDLJ08S_00042/,7,동영상,
,http://openapi.kspo.or.kr/web/video/,낙상을 예방하기 위한 운동프로그램,162334041,낙상 예방,29.97,115,1920*1080,,공통,1074,0AUDLJ08S_00042_SC_00009.jpeg,2021,1인 이상,981,한국어,,20221007,,낙상 예방 운동프로그램,35.835,mp4,0AUDLJ08S_00042.mp4,http://openapi.kspo.or.kr/web/image/0AUDLJ08S_00042/,8,동영상,
공통,http://openapi.kspo.or.kr/web/video/,낙상을 예방하기 위한 운동프로그램,162334041,낙상 예방,29.97,116,1920*1080,줄사다리,공통,3220,0AUDLJ08S_00042_SC_00011.jpeg,2021,1인 이상,981,한국어,사다리 두발 집어넣기(왼발/오른발),20221007,민첩성/순발력,낙상 예방 운동프로그램,107.44,mp4,0AUDLJ08S_00042.mp4,http://openapi.kspo.or.kr/web/image/0AUDLJ08S_00042/,9,동영상,전신
공통,http://openapi.kspo.or.kr/web/video/,낙상을 예방하기 위한 운동프로그램,162334041,낙상 예방,29.97,117,1920*1080,줄사다리,공통,3278,0AUDLJ08S_00042_SC_00012.jpeg,2021,1인 이상,981,한국어,사다리 두발 집어넣기(왼발/오른발),20221007,민첩성/순발력,낙상 예방 운동프로그램,109.375,mp4,0AUDLJ08S_00042.mp4,http://openapi.kspo.or.kr/web/image/0AUDLJ08S_00042/,10,동영상,전신
공통,http://openapi.kspo.or.kr/web/video/,낙상을 예방하기 위한 운동프로그램,162334041,낙상 예방,29.97,118,1920*1080,줄사다리,공통,3394,0AUDLJ08S_00042_SC_00013.jpeg,2021,1인 이상,981,한국어,사다리 두발 집어넣기(왼발/오른발),20221007,민첩성/순발력,낙상 예방 운동프로그램,113.246,mp4,0AUDLJ08S_00042.mp4,http://openapi.kspo.or.kr/web/image/0AUDLJ08S_00042/,11,동영상,전신
공통,http://openapi.kspo.or.kr/web/video/,낙상을 예방하기 위한 운동프로그램,162334041,낙상 예방,29.97,119,1920*1080,줄사다리,공통,3423,0AUDLJ08S_00042_SC_00014.jpeg,2021,1인 이상,981,한국어,사다리 두발 집어넣기(왼발/오른발),20221007,민첩성/순발력,낙상 예방 운동프로그램,114.214,mp4,0AUDLJ08S_00042.mp4,http://openapi.kspo.or.kr/web/image/0AUDLJ08S_00042/,12,동영상,전신
공통,http://openapi.kspo.or.kr/web/video/,낙상을 예방하기 위한 운동프로그램,162334041,낙상 예방,29.97,120,1920*1080,줄사다리,공통,3452,0AUDLJ08S_00042_SC_00015.jpeg,2021,1인 이상,981,한국어,사다리 두발 집어넣기(왼발/오른발),20221007,민첩성/순발력,낙상 예방 운동프로그램,115.181,mp4,0AUDLJ08S_00042.mp4,http://openapi.kspo.or.kr/web/image/0AUDLJ08S_00042/,13,동영상,전신
공통,http://openapi.kspo.or.kr/web/video/,낙상을 예방하기 위한 운동프로그램,162334041,낙상 예방,29.97,121,1920*1080,줄사다리,공통,3597,0AUDLJ08S_00042_SC_00016.jpeg,2021,1인 이상,981,한국어,사다리 두발 집어넣기(왼발/오른발),20221007,민첩성/순발력,낙상 예방 운동프로그램,120.019,mp4,0AUDLJ08S_00042.mp4,http://openapi.kspo.or.kr/web/image/0AUDLJ08S_00042/,14,동영상,전신
공통,http://openapi.kspo.or.kr/web/video/,낙상을 예방하기 위한 운동프로그램,162334041,낙상 예방,29.97,122,1920*1080,줄사다리,공통,3655,0AUDLJ08S_00042_SC_00017.jpeg,2021,1인 이상,981,한국어,사다리 두발 집어넣기(왼발/오른발),20221007,민첩성/순발력,낙상 예방 운동프로그램,121.955,mp4,0AUDLJ08S_00042.mp4,http://openapi.kspo.or.kr/web/image/0AUDLJ08S_00042/,15,동영상,전신
공통,http://openapi.kspo.or.kr/web/video/,낙상을 예방하기 위한 운동프로그램,162334041,낙상 예방,29.97,123,1920*1080,,공통,9368,0AUDLJ08S_00042_SC_00068.jpeg,2021,1인 이상,981,한국어,팔 벌려 외발서기,20221007,근력/근지구력,낙상 예방 운동프로그램,312.578,mp4,0AUDLJ08S_00042.mp4,http://openapi.kspo.or.kr/web/image/0AUDLJ08S_00042/,64,동영상,전신
공통,http://openapi.kspo.or.kr/web/video/,낙상을 예방하기 위한 운동프로그램,162334041,낙상 예방,29.97,124,1920*1080,줄사다리,공통,3800,0AUDLJ08S_00042_SC_00018.jpeg,2021,1인 이상,981,한국어,사다리 두발 집어넣기(왼발/오른발),20221007,민첩성/순발력,낙상 예방 운동프로그램,126.793,mp4,0AUDLJ08S_00042.mp4,http://openapi.kspo.or.kr/web/image/0AUDLJ08S_00042/,16,동영상,전신
공통,http://openapi.kspo.or.kr/web/video/,낙상을 예방하기 위한 운동프로그램,162334041,낙상 예방,29.97,125,1920*1080,줄사다리,공통,3829,0AUDLJ08S_00042_SC_00019.jpeg,2021,1인 이상,981,한국어,사다리 두발 집어넣기(왼발/오른발),20221007,민첩성/순발력,낙상 예방 운동프로그램,127.76,mp4,0AUDLJ08S_00042.mp4,http://openapi.kspo.or.kr/web/image/0AUDLJ08S_00042/,17,동영상,전신
공통,http://openapi.kspo.or.kr/web/video/,낙상을 예방하기 위한 운동프로그램,162334041,낙상 예방,29.97,126,1920*1080,줄사다리,공통,3858,0AUDLJ08S_00042_SC_00020.jpeg,2021,1인 이상,981,한국어,사다리 두발 집어넣기(왼발/오른발),20221007,민첩성/순발력,낙상 예방 운동프로그램,128.728,mp4,0AUDLJ08S_00042.mp4,http://openapi.kspo.or.kr/web/image/0AUDLJ08S_00042/,18,동영상,전신
공통,http://openapi.kspo.or.kr/web/video/,낙상을 예방하기 위한 운동프로그램,162334041,낙상 예방,29.97,127,1920*1080,줄사다리,공통,3887,0AUDLJ08S_00042_SC_00021.jpeg,2021,1인 이상,981,한국어,사다리 두발 집어넣기(왼발/오른발),20221007,민첩성/순발력,낙상 예방 운동프로그램,129.696,mp4,0AUDLJ08S_00042.mp4,http://openapi.kspo.or.kr/web/image/0AUDLJ08S_00042/,19,동영상,전신
공통,http://openapi.kspo.or.kr/web/video/,낙상을 예방하기 위한 운동프로그램,162334041,낙상 예방,29.97,128,1920*1080,줄사다리,공통,3916,0AUDLJ08S_00042_SC_00022.jpeg,2021,1인 이상,981,한국어,사다리 두발 집어넣기(왼발/오른발),20221007,민첩성/순발력,낙상 예방 운동프로그램,130.663,mp4,0AUDLJ08S_00042.mp4,http://openapi.kspo.or.kr/web/image/0AUDLJ08S_00042/,20,동영상,전신
공통,http://openapi.kspo.or.kr/web/video/,낙상을 예방하기 위한 운동프로그램,162334041,낙상 예방,29.97,129,1920*1080,줄사다리,공통,3945,0AUDLJ08S_00042_SC_00023.jpeg,2021,1인 이상,981,한국어,사다리 두발 집어넣기(왼발/오른발),20221007,민첩성/순발력,낙상 예방 운동프로그램,131.631,mp4,0AUDLJ08S_00042.mp4,http://openapi.kspo.or.kr/web/image/0AUDLJ08S_00042/,21,동영상,전신
공통,http://openapi.kspo.or.kr/web/video/,낙상을 예방하기 위한 운동프로그램,162334041,낙상 예방,29.97,130,1920*1080,줄사다리,공통,3974,0AUDLJ08S_00042_SC_00024.jpeg,2021,1인 이상,981,한국어,사다리 두발 집어넣기(왼발/오른발),20221007,민첩성/순발력,낙상 예방 운동프로그램,132.599,mp4,0AUDLJ08S_00042.mp4,http://openapi.kspo.or.kr/web/image/0AUDLJ08S_00042/,22,동영상,전신
공통,http://openapi.kspo.or.kr/web/video/,낙상을 예방하기 위한 운동프로그램,162334041,낙상 예방,29.97,131,1920*1080,줄사다리,공통,4003,0AUDLJ08S_00042_SC_00025.jpeg,2021,1인 이상,981,한국어,사다리 두발 집어넣기(왼발/오른발),20221007,민첩성/순발력,낙상 예방 운동프로그램,133.566,mp4,0AUDLJ08S_00042.mp4,http://openapi.kspo.or.kr/web/image/0AUDLJ08S_00042/,23,동영상,전신
공통,http://openapi.kspo.or.kr/web/video/,낙상을 예방하기 위한 운동프로그램,162334041,낙상 예방,29.97,132,1920*1080,줄사다리,공통,4032,0AUDLJ08S_00042_SC_00026.jpeg,2021,1인 이상,981,한국어,사다리 두발 집어넣기(왼발/오른발),20221007,민첩성/순발력,낙상 예방 운동프로그램,134.534,mp4,0AUDLJ08S_00042.mp4,http://openapi.kspo.or.kr/web/image/0AUDLJ08S_00042/,24,동영상,전신
공통,http://openapi.kspo.or.kr/web/video/,낙상을 예방하기 위한 운동프로그램,162334041,낙상 예방,29.97,133,1920*1080,줄사다리,공통,4090,0AUDLJ08S_00042_SC_00027.jpeg,2021,1인 이상,981,한국어,사다리 두발 집어넣기(왼발/오른발),20221007,민첩성/순발력,낙상 예방 운동프로그램,136.469,mp4,0AUDLJ08S_00042.mp4,http://openapi.kspo.or.kr/web/image/0AUDLJ08S_00042/,25,동영상,전신
공통,http://openapi.kspo.or.kr/web/video/,낙상을 예방하기 위한 운동프로그램,162334041,낙상 예방,29.97,134,1920*1080,줄사다리,공통,4148,0AUDLJ08S_00042_SC_00028.jpeg,2021,1인 이상,981,한국어,사다리 두발 집어넣기(왼발/오른발),20221007,민첩성/순발력,낙상 예방 운동프로그램,138.404,mp4,0AUDLJ08S_00042.mp4,http://openapi.kspo.or.kr/web/image/0AUDLJ08S_00042/,26,동영상,전신
공통,http://openapi.kspo.or.kr/web/video/,낙상을 예방하기 위한 운동프로그램,162334041,낙상 예방,29.97,135,1920*1080,줄사다리,공통,4177,0AUDLJ08S_00042_SC_00029.jpeg,2021,1인 이상,981,한국어,사다리 두발 집어넣기(왼발/오른발),20221007,민첩성/순발력,낙상 예방 운동프로그램,139.372,mp4,0AUDLJ08S_00042.mp4,http://openapi.kspo.or.kr/web/image/0AUDLJ08S_00042/,27,동영상,전신
공통,http://openapi.kspo.or.kr/web/video/,낙상을 예방하기 위한 운동프로그램,162334041,낙상 예방,29.97,136,1920*1080,줄사다리,공통,4293,0AUDLJ08S_00042_SC_00030.jpeg,2021,1인 이상,981,한국어,사다리 두발 집어넣기(왼발/오른발),20221007,민첩성/순발력,낙상 예방 운동프로그램,143.243,mp4,0AUDLJ08S_00042.mp4,http://openapi.kspo.or.kr/web/image/0AUDLJ08S_00042/,28,동영상,전신
공통,http://openapi.kspo.or.kr/web/video/,낙상을 예방하기 위한 운동프로그램,162334041,낙상 예방,29.97,137,1920*1080,줄사다리,공통,4351,0AUDLJ08S_00042_SC_00031.jpeg,2021,1인 이상,981,한국어,사다리 두발 집어넣기(왼발/오른발),20221007,민첩성/순발력,낙상 예방 운동프로그램,145.178,mp4,0AUDLJ08S_00042.mp4,http://openapi.kspo.or.kr/web/image/0AUDLJ08S_00042/,29,동영상,전신
공통,http://openapi.kspo.or.kr/web/video/,낙상을 예방하기 위한 운동프로그램,162334041,낙상 예방,29.97,138,1920*1080,줄사다리,공통,4409,0AUDLJ08S_00042_SC_00032.jpeg,2021,1인 이상,981,한국어,사다리 두발 집어넣기(왼발/오른발),20221007,민첩성/순발력,낙상 예방 운동프로그램,147.113,mp4,0AUDLJ08S_00042.mp4,http://openapi.kspo.or.kr/web/image/0AUDLJ08S_00042/,30,동영상,전신
공통,http://openapi.kspo.or.kr/web/video/,낙상을 예방하기 위한 운동프로그램,162334041,낙상 예방,29.97,139,1920*1080,줄사다리,공통,4467,0AUDLJ08S_00042_SC_00033.jpeg,2021,1인 이상,981,한국어,사다리 두발 집어넣기(왼발/오른발),20221007,민첩성/순발력,낙상 예방 운동프로그램,149.048,mp4,0AUDLJ08S_00042.mp4,http://openapi.kspo.or.kr/web/image/0AUDLJ08S_00042/,31,동영상,전신
공통,http://openapi.kspo.or.kr/web/video/,낙상을 예방하기 위한 운동프로그램,162334041,낙상 예방,29.97,140,1920*1080,줄사다리,공통,4496,0AUDLJ08S_00042_SC_00034.jpeg,2021,1인 이상,981,한국어,사다리 두발 집어넣기(왼발/오른발),20221007,민첩성/순발력,낙상 예방 운동프로그램,150.016,mp4,0AUDLJ08S_00042.mp4,http://openapi.kspo.or.kr/web/image/0AUDLJ08S_00042/,32,동영상,전신
공통,http://openapi.kspo.or.kr/web/video/,낙상을 예방하기 위한 운동프로그램,162334041,낙상 예방,29.97,141,1920*1080,줄사다리,공통,4612,0AUDLJ08S_00042_SC_00035.jpeg,2021,1인 이상,981,한국어,사다리 두발 집어넣기(왼발/오른발),20221007,민첩성/순발력,낙상 예방 운동프로그램,153.887,mp4,0AUDLJ08S_00042.mp4,http://openapi.kspo.or.kr/web/image/0AUDLJ08S_00042/,33,동영상,전신
공통,http://openapi.kspo.or.kr/web/video/,낙상을 예방하기 위한 운동프로그램,162334041,낙상 예방,29.97,142,1920*1080,줄사다리,공통,4641,0AUDLJ08S_00042_SC_00036.jpeg,2021,1인 이상,981,한국어,사다리 두발 집어넣기(왼발/오른발),20221007,민첩성/순발력,낙상 예방 운동프로그램,154.854,mp4,0AUDLJ08S_00042.mp4,http://openapi.kspo.or.kr/web/image/0AUDLJ08S_00042/,34,동영상,전신
공통,http://openapi.kspo.or.kr/web/video/,낙상을 예방하기 위한 운동프로그램,162334041,낙상 예방,29.97,143,1920*1080,줄사다리,공통,4670,0AUDLJ08S_00042_SC_00037.jpeg,2021,1인 이상,981,한국어,사다리 두발 집어넣기(왼발/오른발),20221007,민첩성/순발력,낙상 예방 운동프로그램,155.822,mp4,0AUDLJ08S_00042.mp4,http://openapi.kspo.or.kr/web/image/0AUDLJ08S_00042/,35,동영상,전신
공통,http://openapi.kspo.or.kr/web/video/,낙상을 예방하기 위한 운동프로그램,162334041,낙상 예방,29.97,144,1920*1080,줄사다리,공통,4699,0AUDLJ08S_00042_SC_00038.jpeg,2021,1인 이상,981,한국어,사다리 두발 집어넣기(왼발/오른발),20221007,민첩성/순발력,낙상 예방 운동프로그램,156.789,mp4,0AUDLJ08S_00042.mp4,http://openapi.kspo.or.kr/web/image/0AUDLJ08S_00042/,36,동영상,전신
공통,http://openapi.kspo.or.kr/web/video/,낙상을 예방하기 위한 운동프로그램,162334041,낙상 예방,29.97,145,1920*1080,줄사다리,공통,4728,0AUDLJ08S_00042_SC_00039.jpeg,2021,1인 이상,981,한국어,사다리 두발 집어넣기(왼발/오른발),20221007,민첩성/순발력,낙상 예방 운동프로그램,157.757,mp4,0AUDLJ08S_00042.mp4,http://openapi.kspo.or.kr/web/image/0AUDLJ08S_00042/,37,동영상,전신
공통,http://openapi.kspo.or.kr/web/video/,낙상을 예방하기 위한 운동프로그램,162334041,낙상 예방,29.97,146,1920*1080,줄사다리,공통,4786,0AUDLJ08S_00042_SC_00040.jpeg,2021,1인 이상,981,한국어,사다리 두발 집어넣기(왼발/오른발),20221007,민첩성/순발력,낙상 예방 운동프로그램,159.692,mp4,0AUDLJ08S_00042.mp4,http://openapi.kspo.or.kr/web/image/0AUDLJ08S_00042/,38,동영상,전신
공통,http://openapi.kspo.or.kr/web/video/,낙상을 예방하기 위한 운동프로그램,162334041,낙상 예방,29.97,147,1920*1080,줄사다리,공통,4815,0AUDLJ08S_00042_SC_00041.jpeg,2021,1인 이상,981,한국어,사다리 두발 집어넣기(왼발/오른발),20221007,민첩성/순발력,낙상 예방 운동프로그램,160.66,mp4,0AUDLJ08S_00042.mp4,http://openapi.kspo.or.kr/web/image/0AUDLJ08S_00042/,39,동영상,전신
공통,http://openapi.kspo.or.kr/web/video/,낙상을 예방하기 위한 운동프로그램,162334041,낙상 예방,29.97,148,1920*1080,줄사다리,공통,4844,0AUDLJ08S_00042_SC_00042.jpeg,2021,1인 이상,981,한국어,사다리 두발 집어넣기(왼발/오른발),20221007,민첩성/순발력,낙상 예방 운동프로그램,161.628,mp4,0AUDLJ08S_00042.mp4,http://openapi.kspo.or.kr/web/image/0AUDLJ08S_00042/,40,동영상,전신
공통,http://openapi.kspo.or.kr/web/video/,낙상을 예방하기 위한 운동프로그램,162334041,낙상 예방,29.97,149,1920*1080,줄사다리,공통,4873,0AUDLJ08S_00042_SC_00043.jpeg,2021,1인 이상,981,한국어,사다리 두발 집어넣기(왼발/오른발),20221007,민첩성/순발력,낙상 예방 운동프로그램,162.595,mp4,0AUDLJ08S_00042.mp4,http://openapi.kspo.or.kr/web/image/0AUDLJ08S_00042/,41,동영상,전신
공통,http://openapi.kspo.or.kr/web/video/,낙상을 예방하기 위한 운동프로그램,162334041,낙상 예방,29.97,150,1920*1080,줄사다리,공통,4902,0AUDLJ08S_00042_SC_00044.jpeg,2021,1인 이상,981,한국어,사다리 두발 집어넣기(왼발/오른발),20221007,민첩성/순발력,낙상 예방 운동프로그램,163.563,mp4,0AUDLJ08S_00042.mp4,http://openapi.kspo.or.kr/web/image/0AUDLJ08S_00042/,42,동영상,전신
공통,http://openapi.kspo.or.kr/web/video/,낙상을 예방하기 위한 운동프로그램,162334041,낙상 예방,29.97,151,1920*1080,줄사다리,공통,4931,0AUDLJ08S_00042_SC_00045.jpeg,2021,1인 이상,981,한국어,사다리 두발 집어넣기(왼발/오른발),20221007,민첩성/순발력,낙상 예방 운동프로그램,164.531,mp4,0AUDLJ08S_00042.mp4,http://openapi.kspo.or.kr/web/image/0AUDLJ08S_00042/,43,동영상,전신
공통,http://openapi.kspo.or.kr/web/video/,낙상을 예방하기 위한 운동프로그램,162334041,낙상 예방,29.97,152,1920*1080,줄사다리,공통,4989,0AUDLJ08S_00042_SC_00046.jpeg,2021,1인 이상,981,한국어,사다리 두발 집어넣기(왼발/오른발),20221007,민첩성/순발력,낙상 예방 운동프로그램,166.466,mp4,0AUDLJ08S_00042.mp4,http://openapi.kspo.or.kr/web/image/0AUDLJ08S_00042/,44,동영상,전신
공통,http://openapi.kspo.or.kr/web/video/,낙상을 예방하기 위한 운동프로그램,162334041,낙상 예방,29.97,153,1920*1080,줄사다리,공통,5018,0AUDLJ08S_00042_SC_00047.jpeg,2021,1인 이상,981,한국어,사다리 두발 집어넣기(왼발/오른발),20221007,민첩성/순발력,낙상 예방 운동프로그램,167.433,mp4,0AUDLJ08S_00042.mp4,http://openapi.kspo.or.kr/web/image/0AUDLJ08S_00042/,45,동영상,전신
공통,http://openapi.kspo.or.kr/web/video/,낙상을 예방하기 위한 운동프로그램,162334041,낙상 예방,29.97,154,1920*1080,줄사다리,공통,5076,0AUDLJ08S_00042_SC_00048.jpeg,2021,1인 이상,981,한국어,사다리 두발 집어넣기(왼발/오른발),20221007,민첩성/순발력,낙상 예방 운동프로그램,169.369,mp4,0AUDLJ08S_00042.mp4,http://openapi.kspo.or.kr/web/image/0AUDLJ08S_00042/,46,동영상,전신
공통,http://openapi.kspo.or.kr/web/video/,낙상을 예방하기 위한 운동프로그램,162334041,낙상 예방,29.97,155,1920*1080,줄사다리,공통,5105,0AUDLJ08S_00042_SC_00049.jpeg,2021,1인 이상,981,한국어,사다리 두발 집어넣기(왼발/오른발),20221007,민첩성/순발력,낙상 예방 운동프로그램,170.336,mp4,0AUDLJ08S_00042.mp4,http://openapi.kspo.or.kr/web/image/0AUDLJ08S_00042/,47,동영상,전신
공통,http://openapi.kspo.or.kr/web/video/,낙상을 예방하기 위한 운동프로그램,162334041,낙상 예방,29.97,156,1920*1080,,공통,5163,0AUDLJ08S_00042_SC_00051.jpeg,2021,1인 이상,981,한국어,팔 벌려 외발서기,20221007,근력/근지구력,낙상 예방 운동프로그램,172.272,mp4,0AUDLJ08S_00042.mp4,http://openapi.kspo.or.kr/web/image/0AUDLJ08S_00042/,48,동영상,전신
공통,http://openapi.kspo.or.kr/web/video/,낙상을 예방하기 위한 운동프로그램,162334041,낙상 예방,29.97,157,1920*1080,,공통,5424,0AUDLJ08S_00042_SC_00052.jpeg,2021,1인 이상,981,한국어,팔 벌려 외발서기,20221007,근력/근지구력,낙상 예방 운동프로그램,180.98,mp4,0AUDLJ08S_00042.mp4,http://openapi.kspo.or.kr/web/image/0AUDLJ08S_00042/,49,동영상,전신
공통,http://openapi.kspo.or.kr/web/video/,낙상을 예방하기 위한 운동프로그램,162334041,낙상 예방,29.97,158,1920*1080,,공통,5627,0AUDLJ08S_00042_SC_00053.jpeg,2021,1인 이상,981,한국어,팔 벌려 외발서기,20221007,근력/근지구력,낙상 예방 운동프로그램,187.754,mp4,0AUDLJ08S_00042.mp4,http://openapi.kspo.or.kr/web/image/0AUDLJ08S_00042/,50,동영상,전신
공통,http://openapi.kspo.or.kr/web/video/,낙상을 예방하기 위한 운동프로그램,162334041,낙상 예방,29.97,159,1920*1080,,공통,5656,0AUDLJ08S_00042_SC_00054.jpeg,2021,1인 이상,981,한국어,팔 벌려 외발서기,20221007,근력/근지구력,낙상 예방 운동프로그램,188.721,mp4,0AUDLJ08S_00042.mp4,http://openapi.kspo.or.kr/web/image/0AUDLJ08S_00042/,51,동영상,전신
공통,http://openapi.kspo.or.kr/web/video/,낙상을 예방하기 위한 운동프로그램,162334041,낙상 예방,29.97,160,1920*1080,,공통,5772,0AUDLJ08S_00042_SC_00055.jpeg,2021,1인 이상,981,한국어,팔 벌려 외발서기,20221007,근력/근지구력,낙상 예방 운동프로그램,192.592,mp4,0AUDLJ08S_00042.mp4,http://openapi.kspo.or.kr/web/image/0AUDLJ08S_00042/,52,동영상,전신
공통,http://openapi.kspo.or.kr/web/video/,낙상을 예방하기 위한 운동프로그램,162334041,낙상 예방,29.97,161,1920*1080,,공통,6149,0AUDLJ08S_00042_SC_00056.jpeg,2021,1인 이상,981,한국어,팔 벌려 외발서기,20221007,근력/근지구력,낙상 예방 운동프로그램,205.171,mp4,0AUDLJ08S_00042.mp4,http://openapi.kspo.or.kr/web/image/0AUDLJ08S_00042/,53,동영상,전신
공통,http://openapi.kspo.or.kr/web/video/,낙상을 예방하기 위한 운동프로그램,162334041,낙상 예방,29.97,162,1920*1080,,공통,6497,0AUDLJ08S_00042_SC_00057.jpeg,2021,1인 이상,981,한국어,팔 벌려 외발서기,20221007,근력/근지구력,낙상 예방 운동프로그램,216.783,mp4,0AUDLJ08S_00042.mp4,http://openapi.kspo.or.kr/web/image/0AUDLJ08S_00042/,54,동영상,전신
공통,http://openapi.kspo.or.kr/web/video/,낙상을 예방하기 위한 운동프로그램,162334041,낙상 예방,29.97,163,1920*1080,,공통,6874,0AUDLJ08S_00042_SC_00058.jpeg,2021,1인 이상,981,한국어,팔 벌려 외발서기,20221007,근력/근지구력,낙상 예방 운동프로그램,229.362,mp4,0AUDLJ08S_00042.mp4,http://openapi.kspo.or.kr/web/image/0AUDLJ08S_00042/,55,동영상,전신
공통,http://openapi.kspo.or.kr/web/video/,낙상을 예방하기 위한 운동프로그램,162334041,낙상 예방,29.97,164,1920*1080,,공통,7019,0AUDLJ08S_00042_SC_00059.jpeg,2021,1인 이상,981,한국어,팔 벌려 외발서기,20221007,근력/근지구력,낙상 예방 운동프로그램,234.2,mp4,0AUDLJ08S_00042.mp4,http://openapi.kspo.or.kr/web/image/0AUDLJ08S_00042/,56,동영상,전신
공통,http://openapi.kspo.or.kr/web/video/,낙상을 예방하기 위한 운동프로그램,162334041,낙상 예방,29.97,165,1920*1080,,공통,7164,0AUDLJ08S_00042_SC_00060.jpeg,2021,1인 이상,981,한국어,팔 벌려 외발서기,20221007,근력/근지구력,낙상 예방 운동프로그램,239.038,mp4,0AUDLJ08S_00042.mp4,http://openapi.kspo.or.kr/web/image/0AUDLJ08S_00042/,57,동영상,전신
공통,http://openapi.kspo.or.kr/web/video/,낙상을 예방하기 위한 운동프로그램,162334041,낙상 예방,29.97,166,1920*1080,,공통,7454,0AUDLJ08S_00042_SC_00061.jpeg,2021,1인 이상,981,한국어,팔 벌려 외발서기,20221007,근력/근지구력,낙상 예방 운동프로그램,248.715,mp4,0AUDLJ08S_00042.mp4,http://openapi.kspo.or.kr/web/image/0AUDLJ08S_00042/,58,동영상,전신
공통,http://openapi.kspo.or.kr/web/video/,낙상을 예방하기 위한 운동프로그램,162334041,낙상 예방,29.97,167,1920*1080,,공통,7657,0AUDLJ08S_00042_SC_00063.jpeg,2021,1인 이상,981,한국어,팔 벌려 외발서기,20221007,근력/근지구력,낙상 예방 운동프로그램,255.488,mp4,0AUDLJ08S_00042.mp4,http://openapi.kspo.or.kr/web/image/0AUDLJ08S_00042/,59,동영상,전신
공통,http://openapi.kspo.or.kr/web/video/,낙상을 예방하기 위한 운동프로그램,162334041,낙상 예방,29.97,168,1920*1080,,공통,7889,0AUDLJ08S_00042_SC_00064.jpeg,2021,1인 이상,981,한국어,팔 벌려 외발서기,20221007,근력/근지구력,낙상 예방 운동프로그램,263.229,mp4,0AUDLJ08S_00042.mp4,http://openapi.kspo.or.kr/web/image/0AUDLJ08S_00042/,60,동영상,전신
공통,http://openapi.kspo.or.kr/web/video/,낙상을 예방하기 위한 운동프로그램,162334041,낙상 예방,29.97,169,1920*1080,,공통,8121,0AUDLJ08S_00042_SC_00065.jpeg,2021,1인 이상,981,한국어,팔 벌려 외발서기,20221007,근력/근지구력,낙상 예방 운동프로그램,270.97,mp4,0AUDLJ08S_00042.mp4,http://openapi.kspo.or.kr/web/image/0AUDLJ08S_00042/,61,동영상,전신
공통,http://openapi.kspo.or.kr/web/video/,낙상을 예방하기 위한 운동프로그램,162334041,낙상 예방,29.97,170,1920*1080,,공통,8527,0AUDLJ08S_00042_SC_00066.jpeg,2021,1인 이상,981,한국어,팔 벌려 외발서기,20221007,근력/근지구력,낙상 예방 운동프로그램,284.517,mp4,0AUDLJ08S_00042.mp4,http://openapi.kspo.or.kr/web/image/0AUDLJ08S_00042/,62,동영상,전신
공통,http://openapi.kspo.or.kr/web/video/,낙상을 예방하기 위한 운동프로그램,162334041,낙상 예방,29.97,171,1920*1080,,공통,9194,0AUDLJ08S_00042_SC_00067.jpeg,2021,1인 이상,981,한국어,팔 벌려 외발서기,20221007,근력/근지구력,낙상 예방 운동프로그램,306.773,mp4,0AUDLJ08S_00042.mp4,http://openapi.kspo.or.kr/web/image/0AUDLJ08S_00042/,63,동영상,전신
공통,http://openapi.kspo.or.kr/web/video/,낙상을 예방하기 위한 운동프로그램,162334041,낙상 예방,29.97,172,1920*1080,,공통,9658,0AUDLJ08S_00042_SC_00069.jpeg,2021,1인 이상,981,한국어,팔 벌려 외발서기,20221007,근력/근지구력,낙상 예방 운동프로그램,322.255,mp4,0AUDLJ08S_00042.mp4,http://openapi.kspo.or.kr/web/image/0AUDLJ08S_00042/,65,동영상,전신
공통,http://openapi.kspo.or.kr/web/video/,낙상을 예방하기 위한 운동프로그램,162334041,낙상 예방,29.97,173,1920*1080,,공통,9745,0AUDLJ08S_00042_SC_00070.jpeg,2021,1인 이상,981,한국어,팔 벌려 외발서기,20221007,근력/근지구력,낙상 예방 운동프로그램,325.158,mp4,0AUDLJ08S_00042.mp4,http://openapi.kspo.or.kr/web/image/0AUDLJ08S_00042/,66,동영상,전신
공통,http://openapi.kspo.or.kr/web/video/,낙상을 예방하기 위한 운동프로그램,162334041,낙상 예방,29.97,174,1920*1080,줄사다리,공통,9948,0AUDLJ08S_00042_SC_00072.jpeg,2021,1인 이상,981,한국어,사다리 세발 집어넣기,20221007,민첩성/순발력,낙상 예방 운동프로그램,331.931,mp4,0AUDLJ08S_00042.mp4,http://openapi.kspo.or.kr/web/image/0AUDLJ08S_00042/,67,동영상,전신
공통,http://openapi.kspo.or.kr/web/video/,낙상을 예방하기 위한 운동프로그램,162334041,낙상 예방,29.97,175,1920*1080,줄사다리,공통,10006,0AUDLJ08S_00042_SC_00073.jpeg,2021,1인 이상,981,한국어,사다리 세발 집어넣기,20221007,민첩성/순발력,낙상 예방 운동프로그램,333.866,mp4,0AUDLJ08S_00042.mp4,http://openapi.kspo.or.kr/web/image/0AUDLJ08S_00042/,68,동영상,전신
공통,http://openapi.kspo.or.kr/web/video/,낙상을 예방하기 위한 운동프로그램,162334041,낙상 예방,29.97,176,1920*1080,줄사다리,공통,10064,0AUDLJ08S_00042_SC_00074.jpeg,2021,1인 이상,981,한국어,사다리 세발 집어넣기,20221007,민첩성/순발력,낙상 예방 운동프로그램,335.802,mp4,0AUDLJ08S_00042.mp4,http://openapi.kspo.or.kr/web/image/0AUDLJ08S_00042/,69,동영상,전신
공통,http://openapi.kspo.or.kr/web/video/,낙상을 예방하기 위한 운동프로그램,162334041,낙상 예방,29.97,177,1920*1080,줄사다리,공통,10180,0AUDLJ08S_00042_SC_00075.jpeg,2021,1인 이상,981,한국어,사다리 세발 집어넣기,20221007,민첩성/순발력,낙상 예방 운동프로그램,339.672,mp4,0AUDLJ08S_00042.mp4,http://openapi.kspo.or.kr/web/image/0AUDLJ08S_00042/,70,동영상,전신
공통,http://openapi.kspo.or.kr/web/video/,낙상을 예방하기 위한 운동프로그램,162334041,낙상 예방,29.97,178,1920*1080,줄사다리,공통,10238,0AUDLJ08S_00042_SC_00076.jpeg,2021,1인 이상,981,한국어,사다리 세발 집어넣기,20221007,민첩성/순발력,낙상 예방 운동프로그램,341.607,mp4,0AUDLJ08S_00042.mp4,http://openapi.kspo.or.kr/web/image/0AUDLJ08S_00042/,71,동영상,전신
공통,http://openapi.kspo.or.kr/web/video/,낙상을 예방하기 위한 운동프로그램,162334041,낙상 예방,29.97,179,1920*1080,줄사다리,공통,10296,0AUDLJ08S_00042_SC_00077.jpeg,2021,1인 이상,981,한국어,사다리 세발 집어넣기,20221007,민첩성/순발력,낙상 예방 운동프로그램,343.543,mp4,0AUDLJ08S_00042.mp4,http://openapi.kspo.or.kr/web/image/0AUDLJ08S_00042/,72,동영상,전신
공통,http://openapi.kspo.or.kr/web/video/,낙상을 예방하기 위한 운동프로그램,162334041,낙상 예방,29.97,180,1920*1080,줄사다리,공통,10325,0AUDLJ08S_00042_SC_00078.jpeg,2021,1인 이상,981,한국어,사다리 세발 집어넣기,20221007,민첩성/순발력,낙상 예방 운동프로그램,344.51,mp4,0AUDLJ08S_00042.mp4,http://openapi.kspo.or.kr/web/image/0AUDLJ08S_00042/,73,동영상,전신
공통,http://openapi.kspo.or.kr/web/video/,낙상을 예방하기 위한 운동프로그램,162334041,낙상 예방,29.97,181,1920*1080,줄사다리,공통,10615,0AUDLJ08S_00042_SC_00079.jpeg,2021,1인 이상,981,한국어,사다리 세발 집어넣기,20221007,민첩성/순발력,낙상 예방 운동프로그램,354.187,mp4,0AUDLJ08S_00042.mp4,http://openapi.kspo.or.kr/web/image/0AUDLJ08S_00042/,74,동영상,전신
공통,http://openapi.kspo.or.kr/web/video/,낙상을 예방하기 위한 운동프로그램,162334041,낙상 예방,29.97,182,1920*1080,줄사다리,공통,10673,0AUDLJ08S_00042_SC_00080.jpeg,2021,1인 이상,981,한국어,사다리 세발 집어넣기,20221007,민첩성/순발력,낙상 예방 운동프로그램,356.122,mp4,0AUDLJ08S_00042.mp4,http://openapi.kspo.or.kr/web/image/0AUDLJ08S_00042/,75,동영상,전신
공통,http://openapi.kspo.or.kr/web/video/,낙상을 예방하기 위한 운동프로그램,162334041,낙상 예방,29.97,183,1920*1080,줄사다리,공통,10702,0AUDLJ08S_00042_SC_00081.jpeg,2021,1인 이상,981,한국어,사다리 세발 집어넣기,20221007,민첩성/순발력,낙상 예방 운동프로그램,357.09,mp4,0AUDLJ08S_00042.mp4,http://openapi.kspo.or.kr/web/image/0AUDLJ08S_00042/,76,동영상,전신
공통,http://openapi.kspo.or.kr/web/video/,낙상을 예방하기 위한 운동프로그램,162334041,낙상 예방,29.97,184,1920*1080,줄사다리,공통,10731,0AUDLJ08S_00042_SC_00082.jpeg,2021,1인 이상,981,한국어,사다리 세발 집어넣기,20221007,민첩성/순발력,낙상 예방 운동프로그램,358.057,mp4,0AUDLJ08S_00042.mp4,http://openapi.kspo.or.kr/web/image/0AUDLJ08S_00042/,77,동영상,전신
공통,http://openapi.kspo.or.kr/web/video/,낙상을 예방하기 위한 운동프로그램,162334041,낙상 예방,29.97,185,1920*1080,줄사다리,공통,10760,0AUDLJ08S_00042_SC_00083.jpeg,2021,1인 이상,981,한국어,사다리 세발 집어넣기,20221007,민첩성/순발력,낙상 예방 운동프로그램,359.025,mp4,0AUDLJ08S_00042.mp4,http://openapi.kspo.or.kr/web/image/0AUDLJ08S_00042/,78,동영상,전신
공통,http://openapi.kspo.or.kr/web/video/,낙상을 예방하기 위한 운동프로그램,162334041,낙상 예방,29.97,186,1920*1080,줄사다리,공통,10789,0AUDLJ08S_00042_SC_00084.jpeg,2021,1인 이상,981,한국어,사다리 세발 집어넣기,20221007,민첩성/순발력,낙상 예방 운동프로그램,359.992,mp4,0AUDLJ08S_00042.mp4,http://openapi.kspo.or.kr/web/image/0AUDLJ08S_00042/,79,동영상,전신
공통,http://openapi.kspo.or.kr/web/video/,낙상을 예방하기 위한 운동프로그램,162334041,낙상 예방,29.97,187,1920*1080,줄사다리,공통,10876,0AUDLJ08S_00042_SC_00085.jpeg,2021,1인 이상,981,한국어,사다리 세발 집어넣기,20221007,민첩성/순발력,낙상 예방 운동프로그램,362.895,mp4,0AUDLJ08S_00042.mp4,http://openapi.kspo.or.kr/web/image/0AUDLJ08S_00042/,80,동영상,전신
공통,http://openapi.kspo.or.kr/web/video/,낙상을 예방하기 위한 운동프로그램,162334041,낙상 예방,29.97,188,1920*1080,줄사다리,공통,10905,0AUDLJ08S_00042_SC_00086.jpeg,2021,1인 이상,981,한국어,사다리 세발 집어넣기,20221007,민첩성/순발력,낙상 예방 운동프로그램,363.863,mp4,0AUDLJ08S_00042.mp4,http://openapi.kspo.or.kr/web/image/0AUDLJ08S_00042/,81,동영상,전신
공통,http://openapi.kspo.or.kr/web/video/,낙상을 예방하기 위한 운동프로그램,162334041,낙상 예방,29.97,189,1920*1080,줄사다리,공통,10934,0AUDLJ08S_00042_SC_00087.jpeg,2021,1인 이상,981,한국어,사다리 세발 집어넣기,20221007,민첩성/순발력,낙상 예방 운동프로그램,364.831,mp4,0AUDLJ08S_00042.mp4,http://openapi.kspo.or.kr/web/image/0AUDLJ08S_00042/,82,동영상,전신
공통,http://openapi.kspo.or.kr/web/video/,낙상을 예방하기 위한 운동프로그램,162334041,낙상 예방,29.97,190,1920*1080,줄사다리,공통,10963,0AUDLJ08S_00042_SC_00088.jpeg,2021,1인 이상,981,한국어,사다리 세발 집어넣기,20221007,민첩성/순발력,낙상 예방 운동프로그램,365.798,mp4,0AUDLJ08S_00042.mp4,http://openapi.kspo.or.kr/web/image/0AUDLJ08S_00042/,83,동영상,전신
공통,http://openapi.kspo.or.kr/web/video/,낙상을 예방하기 위한 운동프로그램,162334041,낙상 예방,29.97,191,1920*1080,줄사다리,공통,10992,0AUDLJ08S_00042_SC_00089.jpeg,2021,1인 이상,981,한국어,사다리 세발 집어넣기,20221007,민첩성/순발력,낙상 예방 운동프로그램,366.766,mp4,0AUDLJ08S_00042.mp4,http://openapi.kspo.or.kr/web/image/0AUDLJ08S_00042/,84,동영상,전신
공통,http://openapi.kspo.or.kr/web/video/,낙상을 예방하기 위한 운동프로그램,162334041,낙상 예방,29.97,192,1920*1080,줄사다리,공통,11021,0AUDLJ08S_00042_SC_00090.jpeg,2021,1인 이상,981,한국어,사다리 세발 집어넣기,20221007,민첩성/순발력,낙상 예방 운동프로그램,367.734,mp4,0AUDLJ08S_00042.mp4,http://openapi.kspo.or.kr/web/image/0AUDLJ08S_00042/,85,동영상,전신
공통,http://openapi.kspo.or.kr/web/video/,낙상을 예방하기 위한 운동프로그램,162334041,낙상 예방,29.97,193,1920*1080,줄사다리,공통,11079,0AUDLJ08S_00042_SC_00091.jpeg,2021,1인 이상,981,한국어,사다리 세발 집어넣기,20221007,민첩성/순발력,낙상 예방 운동프로그램,369.669,mp4,0AUDLJ08S_00042.mp4,http://openapi.kspo.or.kr/web/image/0AUDLJ08S_00042/,86,동영상,전신
공통,http://openapi.kspo.or.kr/web/video/,낙상을 예방하기 위한 운동프로그램,162334041,낙상 예방,29.97,194,1920*1080,줄사다리,공통,11137,0AUDLJ08S_00042_SC_00092.jpeg,2021,1인 이상,981,한국어,사다리 세발 집어넣기,20221007,민첩성/순발력,낙상 예방 운동프로그램,371.604,mp4,0AUDLJ08S_00042.mp4,http://openapi.kspo.or.kr/web/image/0AUDLJ08S_00042/,87,동영상,전신
공통,http://openapi.kspo.or.kr/web/video/,낙상을 예방하기 위한 운동프로그램,162334041,낙상 예방,29.97,195,1920*1080,줄사다리,공통,11195,0AUDLJ08S_00042_SC_00093.jpeg,2021,1인 이상,981,한국어,사다리 세발 집어넣기,20221007,민첩성/순발력,낙상 예방 운동프로그램,373.539,mp4,0AUDLJ08S_00042.mp4,http://openapi.kspo.or.kr/web/image/0AUDLJ08S_00042/,88,동영상,전신
공통,http://openapi.kspo.or.kr/web/video/,낙상을 예방하기 위한 운동프로그램,162334041,낙상 예방,29.97,196,1920*1080,줄사다리,공통,11253,0AUDLJ08S_00042_SC_00094.jpeg,2021,1인 이상,981,한국어,사다리 세발 집어넣기,20221007,민첩성/순발력,낙상 예방 운동프로그램,375.475,mp4,0AUDLJ08S_00042.mp4,http://openapi.kspo.or.kr/web/image/0AUDLJ08S_00042/,89,동영상,전신
공통,http://openapi.kspo.or.kr/web/video/,낙상을 예방하기 위한 운동프로그램,162334041,낙상 예방,29.97,197,1920*1080,줄사다리,공통,11282,0AUDLJ08S_00042_SC_00095.jpeg,2021,1인 이상,981,한국어,사다리 세발 집어넣기,20221007,민첩성/순발력,낙상 예방 운동프로그램,376.442,mp4,0AUDLJ08S_00042.mp4,http://openapi.kspo.or.kr/web/image/0AUDLJ08S_00042/,90,동영상,전신
공통,http://openapi.kspo.or.kr/web/video/,낙상을 예방하기 위한 운동프로그램,162334041,낙상 예방,29.97,198,1920*1080,줄사다리,공통,11427,0AUDLJ08S_00042_SC_00096.jpeg,2021,1인 이상,981,한국어,사다리 세발 집어넣기,20221007,민첩성/순발력,낙상 예방 운동프로그램,381.28,mp4,0AUDLJ08S_00042.mp4,http://openapi.kspo.or.kr/web/image/0AUDLJ08S_00042/,91,동영상,전신
공통,http://openapi.kspo.or.kr/web/video/,낙상을 예방하기 위한 운동프로그램,162334041,낙상 예방,29.97,199,1920*1080,줄사다리,공통,11456,0AUDLJ08S_00042_SC_00097.jpeg,2021,1인 이상,981,한국어,사다리 세발 집어넣기,20221007,민첩성/순발력,낙상 예방 운동프로그램,382.248,mp4,0AUDLJ08S_00042.mp4,http://openapi.kspo.or.kr/web/image/0AUDLJ08S_00042/,92,동영상,전신
공통,http://openapi.kspo.or.kr/web/video/,낙상을 예방하기 위한 운동프로그램,162334041,낙상 예방,29.97,200,1920*1080,줄사다리,공통,11543,0AUDLJ08S_00042_SC_00098.jpeg,2021,1인 이상,981,한국어,사다리 세발 집어넣기,20221007,민첩성/순발력,낙상 예방 운동프로그램,385.151,mp4,0AUDLJ08S_00042.mp4,http://openapi.kspo.or.kr/web/image/0AUDLJ08S_00042/,93,동영상,전신
공통,http://openapi.kspo.or.kr/web/video/,낙상을 예방하기 위한 운동프로그램,162334041,낙상 예방,29.97,201,1920*1080,줄사다리,공통,11630,0AUDLJ08S_00042_SC_00099.jpeg,2021,1인 이상,981,한국어,사다리 세발 집어넣기,20221007,민첩성/순발력,낙상 예방 운동프로그램,388.054,mp4,0AUDLJ08S_00042.mp4,http://openapi.kspo.or.kr/web/image/0AUDLJ08S_00042/,94,동영상,전신
공통,http://openapi.kspo.or.kr/web/video/,낙상을 예방하기 위한 운동프로그램,162334041,낙상 예방,29.97,202,1920*1080,줄사다리,공통,11659,0AUDLJ08S_00042_SC_00100.jpeg,2021,1인 이상,981,한국어,사다리 세발 집어넣기,20221007,민첩성/순발력,낙상 예방 운동프로그램,389.021,mp4,0AUDLJ08S_00042.mp4,http://openapi.kspo.or.kr/web/image/0AUDLJ08S_00042/,95,동영상,전신
공통,http://openapi.kspo.or.kr/web/video/,낙상을 예방하기 위한 운동프로그램,162334041,낙상 예방,29.97,203,1920*1080,줄사다리,공통,11717,0AUDLJ08S_00042_SC_00101.jpeg,2021,1인 이상,981,한국어,사다리 세발 집어넣기,20221007,민첩성/순발력,낙상 예방 운동프로그램,390.957,mp4,0AUDLJ08S_00042.mp4,http://openapi.kspo.or.kr/web/image/0AUDLJ08S_00042/,96,동영상,전신
공통,http://openapi.kspo.or.kr/web/video/,낙상을 예방하기 위한 운동프로그램,162334041,낙상 예방,29.97,204,1920*1080,줄사다리,공통,11746,0AUDLJ08S_00042_SC_00102.jpeg,2021,1인 이상,981,한국어,사다리 세발 집어넣기,20221007,민첩성/순발력,낙상 예방 운동프로그램,391.924,mp4,0AUDLJ08S_00042.mp4,http://openapi.kspo.or.kr/web/image/0AUDLJ08S_00042/,97,동영상,전신
공통,http://openapi.kspo.or.kr/web/video/,낙상을 예방하기 위한 운동프로그램,162334041,낙상 예방,29.97,205,1920*1080,줄사다리,공통,11775,0AUDLJ08S_00042_SC_00103.jpeg,2021,1인 이상,981,한국어,사다리 세발 집어넣기,20221007,민첩성/순발력,낙상 예방 운동프로그램,392.892,mp4,0AUDLJ08S_00042.mp4,http://openapi.kspo.or.kr/web/image/0AUDLJ08S_00042/,98,동영상,전신
공통,http://openapi.kspo.or.kr/web/video/,낙상을 예방하기 위한 운동프로그램,162334041,낙상 예방,29.97,206,1920*1080,줄사다리,공통,11804,0AUDLJ08S_00042_SC_00104.jpeg,2021,1인 이상,981,한국어,사다리 세발 집어넣기,20221007,민첩성/순발력,낙상 예방 운동프로그램,393.86,mp4,0AUDLJ08S_00042.mp4,http://openapi.kspo.or.kr/web/image/0AUDLJ08S_00042/,99,동영상,전신
공통,http://openapi.kspo.or.kr/web/video/,낙상을 예방하기 위한 운동프로그램,162334041,낙상 예방,29.97,207,1920*1080,줄사다리,공통,11833,0AUDLJ08S_00042_SC_00105.jpeg,2021,1인 이상,981,한국어,사다리 세발 집어넣기,20221007,민첩성/순발력,낙상 예방 운동프로그램,394.827,mp4,0AUDLJ08S_00042.mp4,http://openapi.kspo.or.kr/web/image/0AUDLJ08S_00042/,100,동영상,전신
공통,http://openapi.kspo.or.kr/web/video/,낙상을 예방하기 위한 운동프로그램,162334041,낙상 예방,29.97,208,1920*1080,줄사다리,공통,11862,0AUDLJ08S_00042_SC_00106.jpeg,2021,1인 이상,981,한국어,사다리 세발 집어넣기,20221007,민첩성/순발력,낙상 예방 운동프로그램,395.795,mp4,0AUDLJ08S_00042.mp4,http://openapi.kspo.or.kr/web/image/0AUDLJ08S_00042/,101,동영상,전신
공통,http://openapi.kspo.or.kr/web/video/,낙상을 예방하기 위한 운동프로그램,162334041,낙상 예방,29.97,209,1920*1080,줄사다리,공통,11920,0AUDLJ08S_00042_SC_00107.jpeg,2021,1인 이상,981,한국어,사다리 세발 집어넣기,20221007,민첩성/순발력,낙상 예방 운동프로그램,397.73,mp4,0AUDLJ08S_00042.mp4,http://openapi.kspo.or.kr/web/image/0AUDLJ08S_00042/,102,동영상,전신
공통,http://openapi.kspo.or.kr/web/video/,낙상을 예방하기 위한 운동프로그램,162334041,낙상 예방,29.97,210,1920*1080,줄사다리,공통,11978,0AUDLJ08S_00042_SC_00108.jpeg,2021,1인 이상,981,한국어,사다리 세발 집어넣기,20221007,민첩성/순발력,낙상 예방 운동프로그램,399.665,mp4,0AUDLJ08S_00042.mp4,http://openapi.kspo.or.kr/web/image/0AUDLJ08S_00042/,103,동영상,전신
공통,http://openapi.kspo.or.kr/web/video/,낙상을 예방하기 위한 운동프로그램,162334041,낙상 예방,29.97,211,1920*1080,의자,공통,12036,0AUDLJ08S_00042_SC_00110.jpeg,2021,1인 이상,981,한국어,의자잡고 발목 올리기(양쪽),20221007,근력/근지구력,낙상 예방 운동프로그램,401.601,mp4,0AUDLJ08S_00042.mp4,http://openapi.kspo.or.kr/web/image/0AUDLJ08S_00042/,104,동영상,종아리
공통,http://openapi.kspo.or.kr/web/video/,낙상을 예방하기 위한 운동프로그램,162334041,낙상 예방,29.97,212,1920*1080,의자,공통,12268,0AUDLJ08S_00042_SC_00111.jpeg,2021,1인 이상,981,한국어,의자잡고 발목 올리기(양쪽),20221007,근력/근지구력,낙상 예방 운동프로그램,409.342,mp4,0AUDLJ08S_00042.mp4,http://openapi.kspo.or.kr/web/image/0AUDLJ08S_00042/,105,동영상,종아리
공통,http://openapi.kspo.or.kr/web/video/,낙상을 예방하기 위한 운동프로그램,162334041,낙상 예방,29.97,213,1920*1080,의자,공통,12558,0AUDLJ08S_00042_SC_00112.jpeg,2021,1인 이상,981,한국어,의자잡고 발목 올리기(양쪽),20221007,근력/근지구력,낙상 예방 운동프로그램,419.018,mp4,0AUDLJ08S_00042.mp4,http://openapi.kspo.or.kr/web/image/0AUDLJ08S_00042/,106,동영상,종아리
공통,http://openapi.kspo.or.kr/web/video/,낙상을 예방하기 위한 운동프로그램,162334041,낙상 예방,29.97,214,1920*1080,의자,공통,12848,0AUDLJ08S_00042_SC_00113.jpeg,2021,1인 이상,981,한국어,의자잡고 발목 올리기(양쪽),20221007,근력/근지구력,낙상 예방 운동프로그램,428.694,mp4,0AUDLJ08S_00042.mp4,http://openapi.kspo.or.kr/web/image/0AUDLJ08S_00042/,107,동영상,종아리
공통,http://openapi.kspo.or.kr/web/video/,낙상을 예방하기 위한 운동프로그램,162334041,낙상 예방,29.97,215,1920*1080,의자,공통,13312,0AUDLJ08S_00042_SC_00114.jpeg,2021,1인 이상,981,한국어,의자잡고 발목 올리기(양쪽),20221007,근력/근지구력,낙상 예방 운동프로그램,444.177,mp4,0AUDLJ08S_00042.mp4,http://openapi.kspo.or.kr/web/image/0AUDLJ08S_00042/,108,동영상,종아리
공통,http://openapi.kspo.or.kr/web/video/,낙상을 예방하기 위한 운동프로그램,162334041,낙상 예방,29.97,216,1920*1080,의자,공통,13544,0AUDLJ08S_00042_SC_00115.jpeg,2021,1인 이상,981,한국어,의자잡고 발목 올리기(양쪽),20221007,근력/근지구력,낙상 예방 운동프로그램,451.918,mp4,0AUDLJ08S_00042.mp4,http://openapi.kspo.or.kr/web/image/0AUDLJ08S_00042/,109,동영상,종아리
공통,http://openapi.kspo.or.kr/web/video/,낙상을 예방하기 위한 운동프로그램,162334041,낙상 예방,29.97,217,1920*1080,의자,공통,13834,0AUDLJ08S_00042_SC_00116.jpeg,2021,1인 이상,981,한국어,의자잡고 발목 올리기(양쪽),20221007,근력/근지구력,낙상 예방 운동프로그램,461.594,mp4,0AUDLJ08S_00042.mp4,http://openapi.kspo.or.kr/web/image/0AUDLJ08S_00042/,110,동영상,종아리
공통,http://openapi.kspo.or.kr/web/video/,낙상을 예방하기 위한 운동프로그램,162334041,낙상 예방,29.97,218,1920*1080,의자,공통,14182,0AUDLJ08S_00042_SC_00117.jpeg,2021,1인 이상,981,한국어,의자잡고 발목 올리기(한쪽),20221007,근력/근지구력,낙상 예방 운동프로그램,473.206,mp4,0AUDLJ08S_00042.mp4,http://openapi.kspo.or.kr/web/image/0AUDLJ08S_00042/,111,동영상,종아리
공통,http://openapi.kspo.or.kr/web/video/,낙상을 예방하기 위한 운동프로그램,162334041,낙상 예방,29.97,219,1920*1080,의자,공통,14559,0AUDLJ08S_00042_SC_00118.jpeg,2021,1인 이상,981,한국어,의자잡고 발목 올리기(한쪽),20221007,근력/근지구력,낙상 예방 운동프로그램,485.785,mp4,0AUDLJ08S_00042.mp4,http://openapi.kspo.or.kr/web/image/0AUDLJ08S_00042/,112,동영상,종아리
공통,http://openapi.kspo.or.kr/web/video/,낙상을 예방하기 위한 운동프로그램,162334041,낙상 예방,29.97,220,1920*1080,의자,공통,15139,0AUDLJ08S_00042_SC_00119.jpeg,2021,1인 이상,981,한국어,의자잡고 발목 올리기(한쪽),20221007,근력/근지구력,낙상 예방 운동프로그램,505.137,mp4,0AUDLJ08S_00042.mp4,http://openapi.kspo.or.kr/web/image/0AUDLJ08S_00042/,113,동영상,종아리
공통,http://openapi.kspo.or.kr/web/video/,낙상을 예방하기 위한 운동프로그램,162334041,낙상 예방,29.97,221,1920*1080,의자,공통,15690,0AUDLJ08S_00042_SC_00120.jpeg,2021,1인 이상,981,한국어,의자잡고 발목 올리기(한쪽),20221007,근력/근지구력,낙상 예방 운동프로그램,523.523,mp4,0AUDLJ08S_00042.mp4,http://openapi.kspo.or.kr/web/image/0AUDLJ08S_00042/,114,동영상,종아리
,http://openapi.kspo.or.kr/web/video/,낙상을 예방하기 위한 운동프로그램,162334041,낙상 예방,29.97,222,1920*1080,,공통,28334,0AUDLJ08S_00042_SC_00219.jpeg,2021,1인 이상,981,한국어,,20221007,,낙상 예방 운동프로그램,945.411,mp4,0AUDLJ08S_00042.mp4,http://openapi.kspo.or.kr/web/image/0AUDLJ08S_00042/,211,동영상,
공통,http://openapi.kspo.or.kr/web/video/,낙상을 예방하기 위한 운동프로그램,162334041,낙상 예방,29.97,223,1920*1080,의자,공통,15922,0AUDLJ08S_00042_SC_00121.jpeg,2021,1인 이상,981,한국어,의자잡고 발목 올리기(한쪽),20221007,근력/근지구력,낙상 예방 운동프로그램,531.264,mp4,0AUDLJ08S_00042.mp4,http://openapi.kspo.or.kr/web/image/0AUDLJ08S_00042/,115,동영상,종아리
공통,http://openapi.kspo.or.kr/web/video/,낙상을 예방하기 위한 운동프로그램,162334041,낙상 예방,29.97,224,1920*1080,의자,공통,16212,0AUDLJ08S_00042_SC_00122.jpeg,2021,1인 이상,981,한국어,의자잡고 발목 올리기(한쪽),20221007,근력/근지구력,낙상 예방 운동프로그램,540.94,mp4,0AUDLJ08S_00042.mp4,http://openapi.kspo.or.kr/web/image/0AUDLJ08S_00042/,116,동영상,종아리
공통,http://openapi.kspo.or.kr/web/video/,낙상을 예방하기 위한 운동프로그램,162334041,낙상 예방,29.97,225,1920*1080,의자,공통,16531,0AUDLJ08S_00042_SC_00123.jpeg,2021,1인 이상,981,한국어,의자잡고 발목 올리기(한쪽),20221007,근력/근지구력,낙상 예방 운동프로그램,551.584,mp4,0AUDLJ08S_00042.mp4,http://openapi.kspo.or.kr/web/image/0AUDLJ08S_00042/,117,동영상,종아리
공통,http://openapi.kspo.or.kr/web/video/,낙상을 예방하기 위한 운동프로그램,162334041,낙상 예방,29.97,226,1920*1080,의자,공통,16763,0AUDLJ08S_00042_SC_00124.jpeg,2021,1인 이상,981,한국어,의자잡고 발목 올리기(한쪽),20221007,근력/근지구력,낙상 예방 운동프로그램,559.325,mp4,0AUDLJ08S_00042.mp4,http://openapi.kspo.or.kr/web/image/0AUDLJ08S_00042/,118,동영상,종아리
공통,http://openapi.kspo.or.kr/web/video/,낙상을 예방하기 위한 운동프로그램,162334041,낙상 예방,29.97,227,1920*1080,줄사다리,공통,17111,0AUDLJ08S_00042_SC_00125.jpeg,2021,1인 이상,981,한국어,사다리 바깥쪽에서 한발씩 집어넣기,20221007,민첩성/순발력,낙상 예방 운동프로그램,570.937,mp4,0AUDLJ08S_00042.mp4,http://openapi.kspo.or.kr/web/image/0AUDLJ08S_00042/,119,동영상,전신
공통,http://openapi.kspo.or.kr/web/video/,낙상을 예방하기 위한 운동프로그램,162334041,낙상 예방,29.97,228,1920*1080,줄사다리,공통,17198,0AUDLJ08S_00042_SC_00126.jpeg,2021,1인 이상,981,한국어,사다리 바깥쪽에서 한발씩 집어넣기,20221007,민첩성/순발력,낙상 예방 운동프로그램,573.839,mp4,0AUDLJ08S_00042.mp4,http://openapi.kspo.or.kr/web/image/0AUDLJ08S_00042/,120,동영상,전신
공통,http://openapi.kspo.or.kr/web/video/,낙상을 예방하기 위한 운동프로그램,162334041,낙상 예방,29.97,229,1920*1080,줄사다리,공통,17343,0AUDLJ08S_00042_SC_00127.jpeg,2021,1인 이상,981,한국어,사다리 바깥쪽에서 한발씩 집어넣기,20221007,민첩성/순발력,낙상 예방 운동프로그램,578.678,mp4,0AUDLJ08S_00042.mp4,http://openapi.kspo.or.kr/web/image/0AUDLJ08S_00042/,121,동영상,전신
공통,http://openapi.kspo.or.kr/web/video/,낙상을 예방하기 위한 운동프로그램,162334041,낙상 예방,29.97,230,1920*1080,줄사다리,공통,17401,0AUDLJ08S_00042_SC_00128.jpeg,2021,1인 이상,981,한국어,사다리 바깥쪽에서 한발씩 집어넣기,20221007,민첩성/순발력,낙상 예방 운동프로그램,580.613,mp4,0AUDLJ08S_00042.mp4,http://openapi.kspo.or.kr/web/image/0AUDLJ08S_00042/,122,동영상,전신
공통,http://openapi.kspo.or.kr/web/video/,낙상을 예방하기 위한 운동프로그램,162334041,낙상 예방,29.97,231,1920*1080,줄사다리,공통,17430,0AUDLJ08S_00042_SC_00129.jpeg,2021,1인 이상,981,한국어,사다리 바깥쪽에서 한발씩 집어넣기,20221007,민첩성/순발력,낙상 예방 운동프로그램,581.581,mp4,0AUDLJ08S_00042.mp4,http://openapi.kspo.or.kr/web/image/0AUDLJ08S_00042/,123,동영상,전신
공통,http://openapi.kspo.or.kr/web/video/,낙상을 예방하기 위한 운동프로그램,162334041,낙상 예방,29.97,232,1920*1080,줄사다리,공통,17691,0AUDLJ08S_00042_SC_00130.jpeg,2021,1인 이상,981,한국어,사다리 바깥쪽에서 한발씩 집어넣기,20221007,민첩성/순발력,낙상 예방 운동프로그램,590.289,mp4,0AUDLJ08S_00042.mp4,http://openapi.kspo.or.kr/web/image/0AUDLJ08S_00042/,124,동영상,전신
공통,http://openapi.kspo.or.kr/web/video/,낙상을 예방하기 위한 운동프로그램,162334041,낙상 예방,29.97,233,1920*1080,줄사다리,공통,17749,0AUDLJ08S_00042_SC_00131.jpeg,2021,1인 이상,981,한국어,사다리 바깥쪽에서 한발씩 집어넣기,20221007,민첩성/순발력,낙상 예방 운동프로그램,592.224,mp4,0AUDLJ08S_00042.mp4,http://openapi.kspo.or.kr/web/image/0AUDLJ08S_00042/,125,동영상,전신
공통,http://openapi.kspo.or.kr/web/video/,낙상을 예방하기 위한 운동프로그램,162334041,낙상 예방,29.97,234,1920*1080,줄사다리,공통,17807,0AUDLJ08S_00042_SC_00132.jpeg,2021,1인 이상,981,한국어,사다리 바깥쪽에서 한발씩 집어넣기,20221007,민첩성/순발력,낙상 예방 운동프로그램,594.16,mp4,0AUDLJ08S_00042.mp4,http://openapi.kspo.or.kr/web/image/0AUDLJ08S_00042/,126,동영상,전신
,http://openapi.kspo.or.kr/web/video/,요통을 예방하기 위한 운동프로그램,383566029,요통 예방,29.96,235,1920*1080,,공통,88,0AUDLJ08S_00041_SC_00002.jpeg,2021,1인 이상,2299,한국어,,20221028,,요통 예방 운동프로그램,2.936,mp4,0AUDLJ08S_00041.mp4,http://openapi.kspo.or.kr/web/image/0AUDLJ08S_00041/,1,동영상,
공통,http://openapi.kspo.or.kr/web/video/,낙상을 예방하기 위한 운동프로그램,162334041,낙상 예방,29.97,236,1920*1080,줄사다리,공통,17836,0AUDLJ08S_00042_SC_00133.jpeg,2021,1인 이상,981,한국어,사다리 바깥쪽에서 한발씩 집어넣기,20221007,민첩성/순발력,낙상 예방 운동프로그램,595.127,mp4,0AUDLJ08S_00042.mp4,http://openapi.kspo.or.kr/web/image/0AUDLJ08S_00042/,127,동영상,전신
공통,http://openapi.kspo.or.kr/web/video/,낙상을 예방하기 위한 운동프로그램,162334041,낙상 예방,29.97,237,1920*1080,줄사다리,공통,17865,0AUDLJ08S_00042_SC_00134.jpeg,2021,1인 이상,981,한국어,사다리 바깥쪽에서 한발씩 집어넣기,20221007,민첩성/순발력,낙상 예방 운동프로그램,596.095,mp4,0AUDLJ08S_00042.mp4,http://openapi.kspo.or.kr/web/image/0AUDLJ08S_00042/,128,동영상,전신
공통,http://openapi.kspo.or.kr/web/video/,낙상을 예방하기 위한 운동프로그램,162334041,낙상 예방,29.97,238,1920*1080,줄사다리,공통,17952,0AUDLJ08S_00042_SC_00135.jpeg,2021,1인 이상,981,한국어,사다리 바깥쪽에서 한발씩 집어넣기,20221007,민첩성/순발력,낙상 예방 운동프로그램,598.998,mp4,0AUDLJ08S_00042.mp4,http://openapi.kspo.or.kr/web/image/0AUDLJ08S_00042/,129,동영상,전신
공통,http://openapi.kspo.or.kr/web/video/,낙상을 예방하기 위한 운동프로그램,162334041,낙상 예방,29.97,239,1920*1080,줄사다리,공통,18010,0AUDLJ08S_00042_SC_00136.jpeg,2021,1인 이상,981,한국어,사다리 바깥쪽에서 한발씩 집어넣기,20221007,민첩성/순발력,낙상 예방 운동프로그램,600.933,mp4,0AUDLJ08S_00042.mp4,http://openapi.kspo.or.kr/web/image/0AUDLJ08S_00042/,130,동영상,전신
공통,http://openapi.kspo.or.kr/web/video/,낙상을 예방하기 위한 운동프로그램,162334041,낙상 예방,29.97,240,1920*1080,줄사다리,공통,18097,0AUDLJ08S_00042_SC_00137.jpeg,2021,1인 이상,981,한국어,사다리 바깥쪽에서 한발씩 집어넣기,20221007,민첩성/순발력,낙상 예방 운동프로그램,603.836,mp4,0AUDLJ08S_00042.mp4,http://openapi.kspo.or.kr/web/image/0AUDLJ08S_00042/,131,동영상,전신
공통,http://openapi.kspo.or.kr/web/video/,낙상을 예방하기 위한 운동프로그램,162334041,낙상 예방,29.97,241,1920*1080,줄사다리,공통,18329,0AUDLJ08S_00042_SC_00139.jpeg,2021,1인 이상,981,한국어,사다리 바깥쪽에서 한발씩 집어넣기,20221007,민첩성/순발력,낙상 예방 운동프로그램,611.577,mp4,0AUDLJ08S_00042.mp4,http://openapi.kspo.or.kr/web/image/0AUDLJ08S_00042/,132,동영상,전신
공통,http://openapi.kspo.or.kr/web/video/,낙상을 예방하기 위한 운동프로그램,162334041,낙상 예방,29.97,242,1920*1080,줄사다리,공통,18416,0AUDLJ08S_00042_SC_00140.jpeg,2021,1인 이상,981,한국어,사다리 바깥쪽에서 한발씩 집어넣기,20221007,민첩성/순발력,낙상 예방 운동프로그램,614.48,mp4,0AUDLJ08S_00042.mp4,http://openapi.kspo.or.kr/web/image/0AUDLJ08S_00042/,133,동영상,전신
공통,http://openapi.kspo.or.kr/web/video/,낙상을 예방하기 위한 운동프로그램,162334041,낙상 예방,29.97,243,1920*1080,줄사다리,공통,18503,0AUDLJ08S_00042_SC_00141.jpeg,2021,1인 이상,981,한국어,사다리 바깥쪽에서 한발씩 집어넣기,20221007,민첩성/순발력,낙상 예방 운동프로그램,617.383,mp4,0AUDLJ08S_00042.mp4,http://openapi.kspo.or.kr/web/image/0AUDLJ08S_00042/,134,동영상,전신
공통,http://openapi.kspo.or.kr/web/video/,낙상을 예방하기 위한 운동프로그램,162334041,낙상 예방,29.97,244,1920*1080,줄사다리,공통,18590,0AUDLJ08S_00042_SC_00142.jpeg,2021,1인 이상,981,한국어,사다리 바깥쪽에서 한발씩 집어넣기,20221007,민첩성/순발력,낙상 예방 운동프로그램,620.286,mp4,0AUDLJ08S_00042.mp4,http://openapi.kspo.or.kr/web/image/0AUDLJ08S_00042/,135,동영상,전신
공통,http://openapi.kspo.or.kr/web/video/,낙상을 예방하기 위한 운동프로그램,162334041,낙상 예방,29.97,245,1920*1080,줄사다리,공통,18764,0AUDLJ08S_00042_SC_00143.jpeg,2021,1인 이상,981,한국어,사다리 바깥쪽에서 한발씩 집어넣기,20221007,민첩성/순발력,낙상 예방 운동프로그램,626.092,mp4,0AUDLJ08S_00042.mp4,http://openapi.kspo.or.kr/web/image/0AUDLJ08S_00042/,136,동영상,전신
공통,http://openapi.kspo.or.kr/web/video/,낙상을 예방하기 위한 운동프로그램,162334041,낙상 예방,29.97,246,1920*1080,줄사다리,공통,18938,0AUDLJ08S_00042_SC_00144.jpeg,2021,1인 이상,981,한국어,사다리 바깥쪽에서 한발씩 집어넣기,20221007,민첩성/순발력,낙상 예방 운동프로그램,631.897,mp4,0AUDLJ08S_00042.mp4,http://openapi.kspo.or.kr/web/image/0AUDLJ08S_00042/,137,동영상,전신
공통,http://openapi.kspo.or.kr/web/video/,낙상을 예방하기 위한 운동프로그램,162334041,낙상 예방,29.97,247,1920*1080,줄사다리,공통,18996,0AUDLJ08S_00042_SC_00145.jpeg,2021,1인 이상,981,한국어,사다리 바깥쪽에서 한발씩 집어넣기,20221007,민첩성/순발력,낙상 예방 운동프로그램,633.833,mp4,0AUDLJ08S_00042.mp4,http://openapi.kspo.or.kr/web/image/0AUDLJ08S_00042/,138,동영상,전신
공통,http://openapi.kspo.or.kr/web/video/,낙상을 예방하기 위한 운동프로그램,162334041,낙상 예방,29.97,248,1920*1080,줄사다리,공통,19141,0AUDLJ08S_00042_SC_00146.jpeg,2021,1인 이상,981,한국어,사다리 바깥쪽에서 한발씩 집어넣기,20221007,민첩성/순발력,낙상 예방 운동프로그램,638.671,mp4,0AUDLJ08S_00042.mp4,http://openapi.kspo.or.kr/web/image/0AUDLJ08S_00042/,139,동영상,전신
공통,http://openapi.kspo.or.kr/web/video/,낙상을 예방하기 위한 운동프로그램,162334041,낙상 예방,29.97,249,1920*1080,,공통,19257,0AUDLJ08S_00042_SC_00147.jpeg,2021,1인 이상,981,한국어,베개 밟고 양발 스쿼트,20221007,근력/근지구력,낙상 예방 운동프로그램,642.541,mp4,0AUDLJ08S_00042.mp4,http://openapi.kspo.or.kr/web/image/0AUDLJ08S_00042/,140,동영상,전신
공통,http://openapi.kspo.or.kr/web/video/,낙상을 예방하기 위한 운동프로그램,162334041,낙상 예방,29.97,250,1920*1080,,공통,19634,0AUDLJ08S_00042_SC_00148.jpeg,2021,1인 이상,981,한국어,베개 밟고 양발 스쿼트,20221007,근력/근지구력,낙상 예방 운동프로그램,655.121,mp4,0AUDLJ08S_00042.mp4,http://openapi.kspo.or.kr/web/image/0AUDLJ08S_00042/,141,동영상,전신
공통,http://openapi.kspo.or.kr/web/video/,낙상을 예방하기 위한 운동프로그램,162334041,낙상 예방,29.97,251,1920*1080,,공통,20040,0AUDLJ08S_00042_SC_00149.jpeg,2021,1인 이상,981,한국어,베개 밟고 양발 스쿼트,20221007,근력/근지구력,낙상 예방 운동프로그램,668.668,mp4,0AUDLJ08S_00042.mp4,http://openapi.kspo.or.kr/web/image/0AUDLJ08S_00042/,142,동영상,전신
공통,http://openapi.kspo.or.kr/web/video/,낙상을 예방하기 위한 운동프로그램,162334041,낙상 예방,29.97,252,1920*1080,,공통,20127,0AUDLJ08S_00042_SC_00150.jpeg,2021,1인 이상,981,한국어,베개 밟고 양발 스쿼트,20221007,근력/근지구력,낙상 예방 운동프로그램,671.57,mp4,0AUDLJ08S_00042.mp4,http://openapi.kspo.or.kr/web/image/0AUDLJ08S_00042/,143,동영상,전신
공통,http://openapi.kspo.or.kr/web/video/,낙상을 예방하기 위한 운동프로그램,162334041,낙상 예방,29.97,253,1920*1080,,공통,20185,0AUDLJ08S_00042_SC_00151.jpeg,2021,1인 이상,981,한국어,베개 밟고 양발 스쿼트,20221007,근력/근지구력,낙상 예방 운동프로그램,673.506,mp4,0AUDLJ08S_00042.mp4,http://openapi.kspo.or.kr/web/image/0AUDLJ08S_00042/,144,동영상,전신
공통,http://openapi.kspo.or.kr/web/video/,낙상을 예방하기 위한 운동프로그램,162334041,낙상 예방,29.97,254,1920*1080,,공통,20475,0AUDLJ08S_00042_SC_00152.jpeg,2021,1인 이상,981,한국어,베개 밟고 양발 스쿼트,20221007,근력/근지구력,낙상 예방 운동프로그램,683.182,mp4,0AUDLJ08S_00042.mp4,http://openapi.kspo.or.kr/web/image/0AUDLJ08S_00042/,145,동영상,전신
공통,http://openapi.kspo.or.kr/web/video/,낙상을 예방하기 위한 운동프로그램,162334041,낙상 예방,29.97,255,1920*1080,,공통,21229,0AUDLJ08S_00042_SC_00153.jpeg,2021,1인 이상,981,한국어,베개 밟고 양발 스쿼트,20221007,근력/근지구력,낙상 예방 운동프로그램,708.34,mp4,0AUDLJ08S_00042.mp4,http://openapi.kspo.or.kr/web/image/0AUDLJ08S_00042/,146,동영상,전신
공통,http://openapi.kspo.or.kr/web/video/,낙상을 예방하기 위한 운동프로그램,162334041,낙상 예방,29.97,256,1920*1080,,공통,21635,0AUDLJ08S_00042_SC_00154.jpeg,2021,1인 이상,981,한국어,베개 밟고 양발 스쿼트,20221007,근력/근지구력,낙상 예방 운동프로그램,721.887,mp4,0AUDLJ08S_00042.mp4,http://openapi.kspo.or.kr/web/image/0AUDLJ08S_00042/,147,동영상,전신
공통,http://openapi.kspo.or.kr/web/video/,낙상을 예방하기 위한 운동프로그램,162334041,낙상 예방,29.97,257,1920*1080,줄사다리,공통,21780,0AUDLJ08S_00042_SC_00155.jpeg,2021,1인 이상,981,한국어,사다리 오른쪽/왼쪽에서 한발씩 집어넣기,20221007,민첩성/순발력,낙상 예방 운동프로그램,726.726,mp4,0AUDLJ08S_00042.mp4,http://openapi.kspo.or.kr/web/image/0AUDLJ08S_00042/,148,동영상,전신
공통,http://openapi.kspo.or.kr/web/video/,낙상을 예방하기 위한 운동프로그램,162334041,낙상 예방,29.97,258,1920*1080,줄사다리,공통,22041,0AUDLJ08S_00042_SC_00156.jpeg,2021,1인 이상,981,한국어,사다리 오른쪽/왼쪽에서 한발씩 집어넣기,20221007,민첩성/순발력,낙상 예방 운동프로그램,735.434,mp4,0AUDLJ08S_00042.mp4,http://openapi.kspo.or.kr/web/image/0AUDLJ08S_00042/,149,동영상,전신
공통,http://openapi.kspo.or.kr/web/video/,낙상을 예방하기 위한 운동프로그램,162334041,낙상 예방,29.97,259,1920*1080,줄사다리,공통,22099,0AUDLJ08S_00042_SC_00157.jpeg,2021,1인 이상,981,한국어,사다리 오른쪽/왼쪽에서 한발씩 집어넣기,20221007,민첩성/순발력,낙상 예방 운동프로그램,737.369,mp4,0AUDLJ08S_00042.mp4,http://openapi.kspo.or.kr/web/image/0AUDLJ08S_00042/,150,동영상,전신
공통,http://openapi.kspo.or.kr/web/video/,낙상을 예방하기 위한 운동프로그램,162334041,낙상 예방,29.97,260,1920*1080,줄사다리,공통,22244,0AUDLJ08S_00042_SC_00158.jpeg,2021,1인 이상,981,한국어,사다리 오른쪽/왼쪽에서 한발씩 집어넣기,20221007,민첩성/순발력,낙상 예방 운동프로그램,742.208,mp4,0AUDLJ08S_00042.mp4,http://openapi.kspo.or.kr/web/image/0AUDLJ08S_00042/,151,동영상,전신
공통,http://openapi.kspo.or.kr/web/video/,낙상을 예방하기 위한 운동프로그램,162334041,낙상 예방,29.97,261,1920*1080,줄사다리,공통,22302,0AUDLJ08S_00042_SC_00159.jpeg,2021,1인 이상,981,한국어,사다리 오른쪽/왼쪽에서 한발씩 집어넣기,20221007,민첩성/순발력,낙상 예방 운동프로그램,744.143,mp4,0AUDLJ08S_00042.mp4,http://openapi.kspo.or.kr/web/image/0AUDLJ08S_00042/,152,동영상,전신
공통,http://openapi.kspo.or.kr/web/video/,낙상을 예방하기 위한 운동프로그램,162334041,낙상 예방,29.97,262,1920*1080,줄사다리,공통,22331,0AUDLJ08S_00042_SC_00160.jpeg,2021,1인 이상,981,한국어,사다리 오른쪽/왼쪽에서 한발씩 집어넣기,20221007,민첩성/순발력,낙상 예방 운동프로그램,745.111,mp4,0AUDLJ08S_00042.mp4,http://openapi.kspo.or.kr/web/image/0AUDLJ08S_00042/,153,동영상,전신
공통,http://openapi.kspo.or.kr/web/video/,낙상을 예방하기 위한 운동프로그램,162334041,낙상 예방,29.97,263,1920*1080,줄사다리,공통,22360,0AUDLJ08S_00042_SC_00161.jpeg,2021,1인 이상,981,한국어,사다리 오른쪽/왼쪽에서 한발씩 집어넣기,20221007,민첩성/순발력,낙상 예방 운동프로그램,746.078,mp4,0AUDLJ08S_00042.mp4,http://openapi.kspo.or.kr/web/image/0AUDLJ08S_00042/,154,동영상,전신
공통,http://openapi.kspo.or.kr/web/video/,낙상을 예방하기 위한 운동프로그램,162334041,낙상 예방,29.97,264,1920*1080,줄사다리,공통,22418,0AUDLJ08S_00042_SC_00162.jpeg,2021,1인 이상,981,한국어,사다리 오른쪽/왼쪽에서 한발씩 집어넣기,20221007,민첩성/순발력,낙상 예방 운동프로그램,748.013,mp4,0AUDLJ08S_00042.mp4,http://openapi.kspo.or.kr/web/image/0AUDLJ08S_00042/,155,동영상,전신
공통,http://openapi.kspo.or.kr/web/video/,낙상을 예방하기 위한 운동프로그램,162334041,낙상 예방,29.97,265,1920*1080,줄사다리,공통,22447,0AUDLJ08S_00042_SC_00163.jpeg,2021,1인 이상,981,한국어,사다리 오른쪽/왼쪽에서 한발씩 집어넣기,20221007,민첩성/순발력,낙상 예방 운동프로그램,748.981,mp4,0AUDLJ08S_00042.mp4,http://openapi.kspo.or.kr/web/image/0AUDLJ08S_00042/,156,동영상,전신
공통,http://openapi.kspo.or.kr/web/video/,낙상을 예방하기 위한 운동프로그램,162334041,낙상 예방,29.97,266,1920*1080,줄사다리,공통,22505,0AUDLJ08S_00042_SC_00164.jpeg,2021,1인 이상,981,한국어,사다리 오른쪽/왼쪽에서 한발씩 집어넣기,20221007,민첩성/순발력,낙상 예방 운동프로그램,750.916,mp4,0AUDLJ08S_00042.mp4,http://openapi.kspo.or.kr/web/image/0AUDLJ08S_00042/,157,동영상,전신
공통,http://openapi.kspo.or.kr/web/video/,낙상을 예방하기 위한 운동프로그램,162334041,낙상 예방,29.97,267,1920*1080,줄사다리,공통,22563,0AUDLJ08S_00042_SC_00165.jpeg,2021,1인 이상,981,한국어,사다리 오른쪽/왼쪽에서 한발씩 집어넣기,20221007,민첩성/순발력,낙상 예방 운동프로그램,752.852,mp4,0AUDLJ08S_00042.mp4,http://openapi.kspo.or.kr/web/image/0AUDLJ08S_00042/,158,동영상,전신
공통,http://openapi.kspo.or.kr/web/video/,낙상을 예방하기 위한 운동프로그램,162334041,낙상 예방,29.97,268,1920*1080,줄사다리,공통,22853,0AUDLJ08S_00042_SC_00166.jpeg,2021,1인 이상,981,한국어,사다리 오른쪽/왼쪽에서 한발씩 집어넣기,20221007,민첩성/순발력,낙상 예방 운동프로그램,762.528,mp4,0AUDLJ08S_00042.mp4,http://openapi.kspo.or.kr/web/image/0AUDLJ08S_00042/,159,동영상,전신
공통,http://openapi.kspo.or.kr/web/video/,낙상을 예방하기 위한 운동프로그램,162334041,낙상 예방,29.97,269,1920*1080,줄사다리,공통,23056,0AUDLJ08S_00042_SC_00168.jpeg,2021,1인 이상,981,한국어,사다리 오른쪽/왼쪽에서 한발씩 집어넣기,20221007,민첩성/순발력,낙상 예방 운동프로그램,769.301,mp4,0AUDLJ08S_00042.mp4,http://openapi.kspo.or.kr/web/image/0AUDLJ08S_00042/,160,동영상,전신
공통,http://openapi.kspo.or.kr/web/video/,낙상을 예방하기 위한 운동프로그램,162334041,낙상 예방,29.97,270,1920*1080,줄사다리,공통,23172,0AUDLJ08S_00042_SC_00169.jpeg,2021,1인 이상,981,한국어,사다리 오른쪽/왼쪽에서 한발씩 집어넣기,20221007,민첩성/순발력,낙상 예방 운동프로그램,773.172,mp4,0AUDLJ08S_00042.mp4,http://openapi.kspo.or.kr/web/image/0AUDLJ08S_00042/,161,동영상,전신
공통,http://openapi.kspo.or.kr/web/video/,낙상을 예방하기 위한 운동프로그램,162334041,낙상 예방,29.97,271,1920*1080,줄사다리,공통,23230,0AUDLJ08S_00042_SC_00170.jpeg,2021,1인 이상,981,한국어,사다리 오른쪽/왼쪽에서 한발씩 집어넣기,20221007,민첩성/순발력,낙상 예방 운동프로그램,775.107,mp4,0AUDLJ08S_00042.mp4,http://openapi.kspo.or.kr/web/image/0AUDLJ08S_00042/,162,동영상,전신
공통,http://openapi.kspo.or.kr/web/video/,낙상을 예방하기 위한 운동프로그램,162334041,낙상 예방,29.97,272,1920*1080,줄사다리,공통,23259,0AUDLJ08S_00042_SC_00171.jpeg,2021,1인 이상,981,한국어,사다리 오른쪽/왼쪽에서 한발씩 집어넣기,20221007,민첩성/순발력,낙상 예방 운동프로그램,776.075,mp4,0AUDLJ08S_00042.mp4,http://openapi.kspo.or.kr/web/image/0AUDLJ08S_00042/,163,동영상,전신
공통,http://openapi.kspo.or.kr/web/video/,낙상을 예방하기 위한 운동프로그램,162334041,낙상 예방,29.97,273,1920*1080,줄사다리,공통,23288,0AUDLJ08S_00042_SC_00172.jpeg,2021,1인 이상,981,한국어,사다리 오른쪽/왼쪽에서 한발씩 집어넣기,20221007,민첩성/순발력,낙상 예방 운동프로그램,777.042,mp4,0AUDLJ08S_00042.mp4,http://openapi.kspo.or.kr/web/image/0AUDLJ08S_00042/,164,동영상,전신
공통,http://openapi.kspo.or.kr/web/video/,낙상을 예방하기 위한 운동프로그램,162334041,낙상 예방,29.97,274,1920*1080,줄사다리,공통,23346,0AUDLJ08S_00042_SC_00173.jpeg,2021,1인 이상,981,한국어,사다리 오른쪽/왼쪽에서 한발씩 집어넣기,20221007,민첩성/순발력,낙상 예방 운동프로그램,778.978,mp4,0AUDLJ08S_00042.mp4,http://openapi.kspo.or.kr/web/image/0AUDLJ08S_00042/,165,동영상,전신
공통,http://openapi.kspo.or.kr/web/video/,낙상을 예방하기 위한 운동프로그램,162334041,낙상 예방,29.97,275,1920*1080,줄사다리,공통,23375,0AUDLJ08S_00042_SC_00174.jpeg,2021,1인 이상,981,한국어,사다리 오른쪽/왼쪽에서 한발씩 집어넣기,20221007,민첩성/순발력,낙상 예방 운동프로그램,779.945,mp4,0AUDLJ08S_00042.mp4,http://openapi.kspo.or.kr/web/image/0AUDLJ08S_00042/,166,동영상,전신
공통,http://openapi.kspo.or.kr/web/video/,낙상을 예방하기 위한 운동프로그램,162334041,낙상 예방,29.97,276,1920*1080,줄사다리,공통,23404,0AUDLJ08S_00042_SC_00175.jpeg,2021,1인 이상,981,한국어,사다리 오른쪽/왼쪽에서 한발씩 집어넣기,20221007,민첩성/순발력,낙상 예방 운동프로그램,780.913,mp4,0AUDLJ08S_00042.mp4,http://openapi.kspo.or.kr/web/image/0AUDLJ08S_00042/,167,동영상,전신
공통,http://openapi.kspo.or.kr/web/video/,낙상을 예방하기 위한 운동프로그램,162334041,낙상 예방,29.97,277,1920*1080,줄사다리,공통,23433,0AUDLJ08S_00042_SC_00176.jpeg,2021,1인 이상,981,한국어,사다리 오른쪽/왼쪽에서 한발씩 집어넣기,20221007,민첩성/순발력,낙상 예방 운동프로그램,781.881,mp4,0AUDLJ08S_00042.mp4,http://openapi.kspo.or.kr/web/image/0AUDLJ08S_00042/,168,동영상,전신
공통,http://openapi.kspo.or.kr/web/video/,낙상을 예방하기 위한 운동프로그램,162334041,낙상 예방,29.97,278,1920*1080,줄사다리,공통,23462,0AUDLJ08S_00042_SC_00177.jpeg,2021,1인 이상,981,한국어,사다리 오른쪽/왼쪽에서 한발씩 집어넣기,20221007,민첩성/순발력,낙상 예방 운동프로그램,782.848,mp4,0AUDLJ08S_00042.mp4,http://openapi.kspo.or.kr/web/image/0AUDLJ08S_00042/,169,동영상,전신
공통,http://openapi.kspo.or.kr/web/video/,낙상을 예방하기 위한 운동프로그램,162334041,낙상 예방,29.97,279,1920*1080,줄사다리,공통,23607,0AUDLJ08S_00042_SC_00178.jpeg,2021,1인 이상,981,한국어,사다리 오른쪽/왼쪽에서 한발씩 집어넣기,20221007,민첩성/순발력,낙상 예방 운동프로그램,787.686,mp4,0AUDLJ08S_00042.mp4,http://openapi.kspo.or.kr/web/image/0AUDLJ08S_00042/,170,동영상,전신
공통,http://openapi.kspo.or.kr/web/video/,낙상을 예방하기 위한 운동프로그램,162334041,낙상 예방,29.97,280,1920*1080,줄사다리,공통,23665,0AUDLJ08S_00042_SC_00179.jpeg,2021,1인 이상,981,한국어,사다리 오른쪽/왼쪽에서 한발씩 집어넣기,20221007,민첩성/순발력,낙상 예방 운동프로그램,789.622,mp4,0AUDLJ08S_00042.mp4,http://openapi.kspo.or.kr/web/image/0AUDLJ08S_00042/,171,동영상,전신
공통,http://openapi.kspo.or.kr/web/video/,낙상을 예방하기 위한 운동프로그램,162334041,낙상 예방,29.97,281,1920*1080,,공통,23984,0AUDLJ08S_00042_SC_00180.jpeg,2021,1인 이상,981,한국어,스플릿 스쿼트,20221007,근력/근지구력,낙상 예방 운동프로그램,800.266,mp4,0AUDLJ08S_00042.mp4,http://openapi.kspo.or.kr/web/image/0AUDLJ08S_00042/,172,동영상,하체
,http://openapi.kspo.or.kr/web/video/,요통을 예방하기 위한 운동프로그램,383566029,요통 예방,29.96,282,1920*1080,,공통,175,0AUDLJ08S_00041_SC_00005.jpeg,2021,1인 이상,2299,한국어,,20221028,,요통 예방 운동프로그램,5.839,mp4,0AUDLJ08S_00041.mp4,http://openapi.kspo.or.kr/web/image/0AUDLJ08S_00041/,2,동영상,
공통,http://openapi.kspo.or.kr/web/video/,낙상을 예방하기 위한 운동프로그램,162334041,낙상 예방,29.97,283,1920*1080,,공통,24013,0AUDLJ08S_00042_SC_00181.jpeg,2021,1인 이상,981,한국어,스플릿 스쿼트,20221007,근력/근지구력,낙상 예방 운동프로그램,801.233,mp4,0AUDLJ08S_00042.mp4,http://openapi.kspo.or.kr/web/image/0AUDLJ08S_00042/,173,동영상,하체
공통,http://openapi.kspo.or.kr/web/video/,낙상을 예방하기 위한 운동프로그램,162334041,낙상 예방,29.97,284,1920*1080,,공통,24361,0AUDLJ08S_00042_SC_00182.jpeg,2021,1인 이상,981,한국어,스플릿 스쿼트,20221007,근력/근지구력,낙상 예방 운동프로그램,812.845,mp4,0AUDLJ08S_00042.mp4,http://openapi.kspo.or.kr/web/image/0AUDLJ08S_00042/,174,동영상,하체
공통,http://openapi.kspo.or.kr/web/video/,낙상을 예방하기 위한 운동프로그램,162334041,낙상 예방,29.97,285,1920*1080,,공통,24390,0AUDLJ08S_00042_SC_00183.jpeg,2021,1인 이상,981,한국어,스플릿 스쿼트,20221007,근력/근지구력,낙상 예방 운동프로그램,813.813,mp4,0AUDLJ08S_00042.mp4,http://openapi.kspo.or.kr/web/image/0AUDLJ08S_00042/,175,동영상,하체
공통,http://openapi.kspo.or.kr/web/video/,낙상을 예방하기 위한 운동프로그램,162334041,낙상 예방,29.97,286,1920*1080,,공통,24419,0AUDLJ08S_00042_SC_00184.jpeg,2021,1인 이상,981,한국어,스플릿 스쿼트,20221007,근력/근지구력,낙상 예방 운동프로그램,814.78,mp4,0AUDLJ08S_00042.mp4,http://openapi.kspo.or.kr/web/image/0AUDLJ08S_00042/,176,동영상,하체
공통,http://openapi.kspo.or.kr/web/video/,낙상을 예방하기 위한 운동프로그램,162334041,낙상 예방,29.97,287,1920*1080,,공통,24535,0AUDLJ08S_00042_SC_00185.jpeg,2021,1인 이상,981,한국어,스플릿 스쿼트,20221007,근력/근지구력,낙상 예방 운동프로그램,818.651,mp4,0AUDLJ08S_00042.mp4,http://openapi.kspo.or.kr/web/image/0AUDLJ08S_00042/,177,동영상,하체
공통,http://openapi.kspo.or.kr/web/video/,낙상을 예방하기 위한 운동프로그램,162334041,낙상 예방,29.97,288,1920*1080,,공통,24767,0AUDLJ08S_00042_SC_00186.jpeg,2021,1인 이상,981,한국어,스플릿 스쿼트,20221007,근력/근지구력,낙상 예방 운동프로그램,826.392,mp4,0AUDLJ08S_00042.mp4,http://openapi.kspo.or.kr/web/image/0AUDLJ08S_00042/,178,동영상,하체
공통,http://openapi.kspo.or.kr/web/video/,낙상을 예방하기 위한 운동프로그램,162334041,낙상 예방,29.97,289,1920*1080,,공통,25028,0AUDLJ08S_00042_SC_00187.jpeg,2021,1인 이상,981,한국어,스플릿 스쿼트,20221007,근력/근지구력,낙상 예방 운동프로그램,835.1,mp4,0AUDLJ08S_00042.mp4,http://openapi.kspo.or.kr/web/image/0AUDLJ08S_00042/,179,동영상,하체
공통,http://openapi.kspo.or.kr/web/video/,낙상을 예방하기 위한 운동프로그램,162334041,낙상 예방,29.97,290,1920*1080,,공통,25608,0AUDLJ08S_00042_SC_00188.jpeg,2021,1인 이상,981,한국어,스플릿 스쿼트,20221007,근력/근지구력,낙상 예방 운동프로그램,854.453,mp4,0AUDLJ08S_00042.mp4,http://openapi.kspo.or.kr/web/image/0AUDLJ08S_00042/,180,동영상,하체
공통,http://openapi.kspo.or.kr/web/video/,낙상을 예방하기 위한 운동프로그램,162334041,낙상 예방,29.97,291,1920*1080,,공통,25811,0AUDLJ08S_00042_SC_00189.jpeg,2021,1인 이상,981,한국어,스플릿 스쿼트,20221007,근력/근지구력,낙상 예방 운동프로그램,861.227,mp4,0AUDLJ08S_00042.mp4,http://openapi.kspo.or.kr/web/image/0AUDLJ08S_00042/,181,동영상,하체
공통,http://openapi.kspo.or.kr/web/video/,낙상을 예방하기 위한 운동프로그램,162334041,낙상 예방,29.97,292,1920*1080,,공통,26043,0AUDLJ08S_00042_SC_00190.jpeg,2021,1인 이상,981,한국어,스플릿 스쿼트,20221007,근력/근지구력,낙상 예방 운동프로그램,868.968,mp4,0AUDLJ08S_00042.mp4,http://openapi.kspo.or.kr/web/image/0AUDLJ08S_00042/,182,동영상,하체
공통,http://openapi.kspo.or.kr/web/video/,낙상을 예방하기 위한 운동프로그램,162334041,낙상 예방,29.97,293,1920*1080,,공통,26072,0AUDLJ08S_00042_SC_00191.jpeg,2021,1인 이상,981,한국어,스플릿 스쿼트,20221007,근력/근지구력,낙상 예방 운동프로그램,869.935,mp4,0AUDLJ08S_00042.mp4,http://openapi.kspo.or.kr/web/image/0AUDLJ08S_00042/,183,동영상,하체
공통,http://openapi.kspo.or.kr/web/video/,낙상을 예방하기 위한 운동프로그램,162334041,낙상 예방,29.97,294,1920*1080,,공통,26217,0AUDLJ08S_00042_SC_00192.jpeg,2021,1인 이상,981,한국어,스플릿 스쿼트,20221007,근력/근지구력,낙상 예방 운동프로그램,874.773,mp4,0AUDLJ08S_00042.mp4,http://openapi.kspo.or.kr/web/image/0AUDLJ08S_00042/,184,동영상,하체
공통,http://openapi.kspo.or.kr/web/video/,낙상을 예방하기 위한 운동프로그램,162334041,낙상 예방,29.97,295,1920*1080,,공통,26420,0AUDLJ08S_00042_SC_00193.jpeg,2021,1인 이상,981,한국어,스플릿 스쿼트,20221007,근력/근지구력,낙상 예방 운동프로그램,881.547,mp4,0AUDLJ08S_00042.mp4,http://openapi.kspo.or.kr/web/image/0AUDLJ08S_00042/,185,동영상,하체
공통,http://openapi.kspo.or.kr/web/video/,낙상을 예방하기 위한 운동프로그램,162334041,낙상 예방,29.97,296,1920*1080,줄사다리,공통,26594,0AUDLJ08S_00042_SC_00194.jpeg,2021,1인 이상,981,한국어,사다리 오른쪽/왼쪽에서 두발씩 집어넣기,20221007,민첩성/순발력,낙상 예방 운동프로그램,887.353,mp4,0AUDLJ08S_00042.mp4,http://openapi.kspo.or.kr/web/image/0AUDLJ08S_00042/,186,동영상,전신
공통,http://openapi.kspo.or.kr/web/video/,낙상을 예방하기 위한 운동프로그램,162334041,낙상 예방,29.97,297,1920*1080,줄사다리,공통,26652,0AUDLJ08S_00042_SC_00195.jpeg,2021,1인 이상,981,한국어,사다리 오른쪽/왼쪽에서 두발씩 집어넣기,20221007,민첩성/순발력,낙상 예방 운동프로그램,889.288,mp4,0AUDLJ08S_00042.mp4,http://openapi.kspo.or.kr/web/image/0AUDLJ08S_00042/,187,동영상,전신
공통,http://openapi.kspo.or.kr/web/video/,낙상을 예방하기 위한 운동프로그램,162334041,낙상 예방,29.97,298,1920*1080,줄사다리,공통,26739,0AUDLJ08S_00042_SC_00196.jpeg,2021,1인 이상,981,한국어,사다리 오른쪽/왼쪽에서 두발씩 집어넣기,20221007,민첩성/순발력,낙상 예방 운동프로그램,892.191,mp4,0AUDLJ08S_00042.mp4,http://openapi.kspo.or.kr/web/image/0AUDLJ08S_00042/,188,동영상,전신
공통,http://openapi.kspo.or.kr/web/video/,낙상을 예방하기 위한 운동프로그램,162334041,낙상 예방,29.97,299,1920*1080,줄사다리,공통,26797,0AUDLJ08S_00042_SC_00197.jpeg,2021,1인 이상,981,한국어,사다리 오른쪽/왼쪽에서 두발씩 집어넣기,20221007,민첩성/순발력,낙상 예방 운동프로그램,894.126,mp4,0AUDLJ08S_00042.mp4,http://openapi.kspo.or.kr/web/image/0AUDLJ08S_00042/,189,동영상,전신
공통,http://openapi.kspo.or.kr/web/video/,낙상을 예방하기 위한 운동프로그램,162334041,낙상 예방,29.97,300,1920*1080,줄사다리,공통,26855,0AUDLJ08S_00042_SC_00198.jpeg,2021,1인 이상,981,한국어,사다리 오른쪽/왼쪽에서 두발씩 집어넣기,20221007,민첩성/순발력,낙상 예방 운동프로그램,896.061,mp4,0AUDLJ08S_00042.mp4,http://openapi.kspo.or.kr/web/image/0AUDLJ08S_00042/,190,동영상,전신
공통,http://openapi.kspo.or.kr/web/video/,낙상을 예방하기 위한 운동프로그램,162334041,낙상 예방,29.97,301,1920*1080,줄사다리,공통,27029,0AUDLJ08S_00042_SC_00199.jpeg,2021,1인 이상,981,한국어,사다리 오른쪽/왼쪽에서 두발씩 집어넣기,20221007,민첩성/순발력,낙상 예방 운동프로그램,901.867,mp4,0AUDLJ08S_00042.mp4,http://openapi.kspo.or.kr/web/image/0AUDLJ08S_00042/,191,동영상,전신
공통,http://openapi.kspo.or.kr/web/video/,낙상을 예방하기 위한 운동프로그램,162334041,낙상 예방,29.97,302,1920*1080,줄사다리,공통,27058,0AUDLJ08S_00042_SC_00200.jpeg,2021,1인 이상,981,한국어,사다리 오른쪽/왼쪽에서 두발씩 집어넣기,20221007,민첩성/순발력,낙상 예방 운동프로그램,902.835,mp4,0AUDLJ08S_00042.mp4,http://openapi.kspo.or.kr/web/image/0AUDLJ08S_00042/,192,동영상,전신
공통,http://openapi.kspo.or.kr/web/video/,낙상을 예방하기 위한 운동프로그램,162334041,낙상 예방,29.97,303,1920*1080,줄사다리,공통,27145,0AUDLJ08S_00042_SC_00201.jpeg,2021,1인 이상,981,한국어,사다리 오른쪽/왼쪽에서 두발씩 집어넣기,20221007,민첩성/순발력,낙상 예방 운동프로그램,905.738,mp4,0AUDLJ08S_00042.mp4,http://openapi.kspo.or.kr/web/image/0AUDLJ08S_00042/,193,동영상,전신
공통,http://openapi.kspo.or.kr/web/video/,낙상을 예방하기 위한 운동프로그램,162334041,낙상 예방,29.97,304,1920*1080,줄사다리,공통,27174,0AUDLJ08S_00042_SC_00202.jpeg,2021,1인 이상,981,한국어,사다리 오른쪽/왼쪽에서 두발씩 집어넣기,20221007,민첩성/순발력,낙상 예방 운동프로그램,906.705,mp4,0AUDLJ08S_00042.mp4,http://openapi.kspo.or.kr/web/image/0AUDLJ08S_00042/,194,동영상,전신
공통,http://openapi.kspo.or.kr/web/video/,낙상을 예방하기 위한 운동프로그램,162334041,낙상 예방,29.97,305,1920*1080,줄사다리,공통,27261,0AUDLJ08S_00042_SC_00203.jpeg,2021,1인 이상,981,한국어,사다리 오른쪽/왼쪽에서 두발씩 집어넣기,20221007,민첩성/순발력,낙상 예방 운동프로그램,909.608,mp4,0AUDLJ08S_00042.mp4,http://openapi.kspo.or.kr/web/image/0AUDLJ08S_00042/,195,동영상,전신
공통,http://openapi.kspo.or.kr/web/video/,낙상을 예방하기 위한 운동프로그램,162334041,낙상 예방,29.97,306,1920*1080,줄사다리,공통,27377,0AUDLJ08S_00042_SC_00204.jpeg,2021,1인 이상,981,한국어,사다리 오른쪽/왼쪽에서 두발씩 집어넣기,20221007,민첩성/순발력,낙상 예방 운동프로그램,913.479,mp4,0AUDLJ08S_00042.mp4,http://openapi.kspo.or.kr/web/image/0AUDLJ08S_00042/,196,동영상,전신
공통,http://openapi.kspo.or.kr/web/video/,낙상을 예방하기 위한 운동프로그램,162334041,낙상 예방,29.97,307,1920*1080,줄사다리,공통,27406,0AUDLJ08S_00042_SC_00205.jpeg,2021,1인 이상,981,한국어,사다리 오른쪽/왼쪽에서 두발씩 집어넣기,20221007,민첩성/순발력,낙상 예방 운동프로그램,914.446,mp4,0AUDLJ08S_00042.mp4,http://openapi.kspo.or.kr/web/image/0AUDLJ08S_00042/,197,동영상,전신
공통,http://openapi.kspo.or.kr/web/video/,낙상을 예방하기 위한 운동프로그램,162334041,낙상 예방,29.97,308,1920*1080,줄사다리,공통,27464,0AUDLJ08S_00042_SC_00206.jpeg,2021,1인 이상,981,한국어,사다리 오른쪽/왼쪽에서 두발씩 집어넣기,20221007,민첩성/순발력,낙상 예방 운동프로그램,916.382,mp4,0AUDLJ08S_00042.mp4,http://openapi.kspo.or.kr/web/image/0AUDLJ08S_00042/,198,동영상,전신
공통,http://openapi.kspo.or.kr/web/video/,낙상을 예방하기 위한 운동프로그램,162334041,낙상 예방,29.97,309,1920*1080,줄사다리,공통,27522,0AUDLJ08S_00042_SC_00207.jpeg,2021,1인 이상,981,한국어,사다리 오른쪽/왼쪽에서 두발씩 집어넣기,20221007,민첩성/순발력,낙상 예방 운동프로그램,918.317,mp4,0AUDLJ08S_00042.mp4,http://openapi.kspo.or.kr/web/image/0AUDLJ08S_00042/,199,동영상,전신
공통,http://openapi.kspo.or.kr/web/video/,낙상을 예방하기 위한 운동프로그램,162334041,낙상 예방,29.97,310,1920*1080,줄사다리,공통,27667,0AUDLJ08S_00042_SC_00208.jpeg,2021,1인 이상,981,한국어,사다리 오른쪽/왼쪽에서 두발씩 집어넣기,20221007,민첩성/순발력,낙상 예방 운동프로그램,923.155,mp4,0AUDLJ08S_00042.mp4,http://openapi.kspo.or.kr/web/image/0AUDLJ08S_00042/,200,동영상,전신
공통,http://openapi.kspo.or.kr/web/video/,낙상을 예방하기 위한 운동프로그램,162334041,낙상 예방,29.97,311,1920*1080,줄사다리,공통,27754,0AUDLJ08S_00042_SC_00209.jpeg,2021,1인 이상,981,한국어,사다리 오른쪽/왼쪽에서 두발씩 집어넣기,20221007,민첩성/순발력,낙상 예방 운동프로그램,926.058,mp4,0AUDLJ08S_00042.mp4,http://openapi.kspo.or.kr/web/image/0AUDLJ08S_00042/,201,동영상,전신
공통,http://openapi.kspo.or.kr/web/video/,낙상을 예방하기 위한 운동프로그램,162334041,낙상 예방,29.97,312,1920*1080,줄사다리,공통,27783,0AUDLJ08S_00042_SC_00210.jpeg,2021,1인 이상,981,한국어,사다리 오른쪽/왼쪽에서 두발씩 집어넣기,20221007,민첩성/순발력,낙상 예방 운동프로그램,927.026,mp4,0AUDLJ08S_00042.mp4,http://openapi.kspo.or.kr/web/image/0AUDLJ08S_00042/,202,동영상,전신
공통,http://openapi.kspo.or.kr/web/video/,낙상을 예방하기 위한 운동프로그램,162334041,낙상 예방,29.97,313,1920*1080,줄사다리,공통,27812,0AUDLJ08S_00042_SC_00211.jpeg,2021,1인 이상,981,한국어,사다리 오른쪽/왼쪽에서 두발씩 집어넣기,20221007,민첩성/순발력,낙상 예방 운동프로그램,927.993,mp4,0AUDLJ08S_00042.mp4,http://openapi.kspo.or.kr/web/image/0AUDLJ08S_00042/,203,동영상,전신
공통,http://openapi.kspo.or.kr/web/video/,낙상을 예방하기 위한 운동프로그램,162334041,낙상 예방,29.97,314,1920*1080,줄사다리,공통,27870,0AUDLJ08S_00042_SC_00212.jpeg,2021,1인 이상,981,한국어,사다리 오른쪽/왼쪽에서 두발씩 집어넣기,20221007,민첩성/순발력,낙상 예방 운동프로그램,929.929,mp4,0AUDLJ08S_00042.mp4,http://openapi.kspo.or.kr/web/image/0AUDLJ08S_00042/,204,동영상,전신
공통,http://openapi.kspo.or.kr/web/video/,낙상을 예방하기 위한 운동프로그램,162334041,낙상 예방,29.97,315,1920*1080,줄사다리,공통,28044,0AUDLJ08S_00042_SC_00213.jpeg,2021,1인 이상,981,한국어,사다리 오른쪽/왼쪽에서 두발씩 집어넣기,20221007,민첩성/순발력,낙상 예방 운동프로그램,935.734,mp4,0AUDLJ08S_00042.mp4,http://openapi.kspo.or.kr/web/image/0AUDLJ08S_00042/,205,동영상,전신
공통,http://openapi.kspo.or.kr/web/video/,낙상을 예방하기 위한 운동프로그램,162334041,낙상 예방,29.97,316,1920*1080,줄사다리,공통,28073,0AUDLJ08S_00042_SC_00214.jpeg,2021,1인 이상,981,한국어,사다리 오른쪽/왼쪽에서 두발씩 집어넣기,20221007,민첩성/순발력,낙상 예방 운동프로그램,936.702,mp4,0AUDLJ08S_00042.mp4,http://openapi.kspo.or.kr/web/image/0AUDLJ08S_00042/,206,동영상,전신
공통,http://openapi.kspo.or.kr/web/video/,낙상을 예방하기 위한 운동프로그램,162334041,낙상 예방,29.97,317,1920*1080,줄사다리,공통,28102,0AUDLJ08S_00042_SC_00215.jpeg,2021,1인 이상,981,한국어,사다리 오른쪽/왼쪽에서 두발씩 집어넣기,20221007,민첩성/순발력,낙상 예방 운동프로그램,937.67,mp4,0AUDLJ08S_00042.mp4,http://openapi.kspo.or.kr/web/image/0AUDLJ08S_00042/,207,동영상,전신
공통,http://openapi.kspo.or.kr/web/video/,낙상을 예방하기 위한 운동프로그램,162334041,낙상 예방,29.97,318,1920*1080,줄사다리,공통,28131,0AUDLJ08S_00042_SC_00216.jpeg,2021,1인 이상,981,한국어,사다리 오른쪽/왼쪽에서 두발씩 집어넣기,20221007,민첩성/순발력,낙상 예방 운동프로그램,938.637,mp4,0AUDLJ08S_00042.mp4,http://openapi.kspo.or.kr/web/image/0AUDLJ08S_00042/,208,동영상,전신
공통,http://openapi.kspo.or.kr/web/video/,낙상을 예방하기 위한 운동프로그램,162334041,낙상 예방,29.97,319,1920*1080,줄사다리,공통,28189,0AUDLJ08S_00042_SC_00217.jpeg,2021,1인 이상,981,한국어,사다리 오른쪽/왼쪽에서 두발씩 집어넣기,20221007,민첩성/순발력,낙상 예방 운동프로그램,940.572,mp4,0AUDLJ08S_00042.mp4,http://openapi.kspo.or.kr/web/image/0AUDLJ08S_00042/,209,동영상,전신
공통,http://openapi.kspo.or.kr/web/video/,낙상을 예방하기 위한 운동프로그램,162334041,낙상 예방,29.97,320,1920*1080,줄사다리,공통,28247,0AUDLJ08S_00042_SC_00218.jpeg,2021,1인 이상,981,한국어,사다리 오른쪽/왼쪽에서 두발씩 집어넣기,20221007,민첩성/순발력,낙상 예방 운동프로그램,942.508,mp4,0AUDLJ08S_00042.mp4,http://openapi.kspo.or.kr/web/image/0AUDLJ08S_00042/,210,동영상,전신
짝 유연성 운동,http://openapi.kspo.or.kr/web/video/,우울증을 예방하기 위한 운동프로그램,486761054,우울증 예방,29.97,321,1920*1080,,공통,66063,0AUDLJ08S_00043_SC_00281.jpeg,2021,2인 이상,2928,한국어,,20221015,,우울증 예방 운동프로그램,2204.302,mp4,0AUDLJ08S_00043.mp4,http://openapi.kspo.or.kr/web/image/0AUDLJ08S_00043/,94,동영상,
공통,http://openapi.kspo.or.kr/web/video/,우울증을 예방하기 위한 운동프로그램,486761054,우울증 예방,29.97,322,1920*1080,,공통,900,0AUDLJ08S_00043_FR_00011.jpeg,2021,1인 이상,2928,한국어,,20221015,,우울증 예방 운동프로그램,30.03,mp4,0AUDLJ08S_00043.mp4,http://openapi.kspo.or.kr/web/image/0AUDLJ08S_00043/,4,동영상,
공통,http://openapi.kspo.or.kr/web/video/,우울증을 예방하기 위한 운동프로그램,486761054,우울증 예방,29.97,323,1920*1080,,공통,1169,0AUDLJ08S_00043_FR_00014.jpeg,2021,1인 이상,2928,한국어,,20221015,,우울증 예방 운동프로그램,39.005,mp4,0AUDLJ08S_00043.mp4,http://openapi.kspo.or.kr/web/image/0AUDLJ08S_00043/,5,동영상,
공통,http://openapi.kspo.or.kr/web/video/,우울증을 예방하기 위한 운동프로그램,486761054,우울증 예방,29.97,324,1920*1080,,공통,1248,0AUDLJ08S_00043_SC_00011.jpeg,2021,1인 이상,2928,한국어,,20221015,,우울증 예방 운동프로그램,41.641,mp4,0AUDLJ08S_00043.mp4,http://openapi.kspo.or.kr/web/image/0AUDLJ08S_00043/,6,동영상,
공통,http://openapi.kspo.or.kr/web/video/,우울증을 예방하기 위한 운동프로그램,486761054,우울증 예방,29.97,325,1920*1080,짐볼,공통,1709,0AUDLJ08S_00043_FR_00020.jpeg,2021,1인 이상,2928,한국어,,20221015,,우울증 예방 운동프로그램,57.023,mp4,0AUDLJ08S_00043.mp4,http://openapi.kspo.or.kr/web/image/0AUDLJ08S_00043/,7,동영상,
공통,http://openapi.kspo.or.kr/web/video/,우울증을 예방하기 위한 운동프로그램,486761054,우울증 예방,29.97,326,1920*1080,짐볼,공통,2205,0AUDLJ08S_00043_SC_00015.jpeg,2021,1인 이상,2928,한국어,골반 앞/뒤로 밀어주기,20221015,근력/근지구력,우울증 예방 운동프로그램,73.573,mp4,0AUDLJ08S_00043.mp4,http://openapi.kspo.or.kr/web/image/0AUDLJ08S_00043/,8,동영상,골반
공통,http://openapi.kspo.or.kr/web/video/,우울증을 예방하기 위한 운동프로그램,486761054,우울증 예방,29.97,327,1920*1080,짐볼,공통,2350,0AUDLJ08S_00043_SC_00016.jpeg,2021,1인 이상,2928,한국어,골반 앞/뒤로 밀어주기,20221015,근력/근지구력,우울증 예방 운동프로그램,78.411,mp4,0AUDLJ08S_00043.mp4,http://openapi.kspo.or.kr/web/image/0AUDLJ08S_00043/,9,동영상,골반
공통,http://openapi.kspo.or.kr/web/video/,우울증을 예방하기 위한 운동프로그램,486761054,우울증 예방,29.97,328,1920*1080,짐볼,공통,3800,0AUDLJ08S_00043_SC_00021.jpeg,2021,1인 이상,2928,한국어,골반 좌/우로 밀어주기,20221015,근력/근지구력,우울증 예방 운동프로그램,126.793,mp4,0AUDLJ08S_00043.mp4,http://openapi.kspo.or.kr/web/image/0AUDLJ08S_00043/,10,동영상,골반
공통,http://openapi.kspo.or.kr/web/video/,우울증을 예방하기 위한 운동프로그램,486761054,우울증 예방,29.97,329,1920*1080,짐볼,공통,3916,0AUDLJ08S_00043_SC_00022.jpeg,2021,1인 이상,2928,한국어,골반 좌/우로 밀어주기,20221015,근력/근지구력,우울증 예방 운동프로그램,130.663,mp4,0AUDLJ08S_00043.mp4,http://openapi.kspo.or.kr/web/image/0AUDLJ08S_00043/,11,동영상,골반
공통,http://openapi.kspo.or.kr/web/video/,우울증을 예방하기 위한 운동프로그램,486761054,우울증 예방,29.97,330,1920*1080,짐볼,공통,5511,0AUDLJ08S_00043_SC_00026.jpeg,2021,1인 이상,2928,한국어,짐볼에서 엉덩이 돌리기,20221015,근력/근지구력,우울증 예방 운동프로그램,183.883,mp4,0AUDLJ08S_00043.mp4,http://openapi.kspo.or.kr/web/image/0AUDLJ08S_00043/,12,동영상,골반
공통,http://openapi.kspo.or.kr/web/video/,우울증을 예방하기 위한 운동프로그램,486761054,우울증 예방,29.97,331,1920*1080,짐볼,공통,5714,0AUDLJ08S_00043_SC_00027.jpeg,2021,1인 이상,2928,한국어,짐볼에서 엉덩이 돌리기,20221015,근력/근지구력,우울증 예방 운동프로그램,190.657,mp4,0AUDLJ08S_00043.mp4,http://openapi.kspo.or.kr/web/image/0AUDLJ08S_00043/,13,동영상,골반
공통,http://openapi.kspo.or.kr/web/video/,우울증을 예방하기 위한 운동프로그램,486761054,우울증 예방,29.97,332,1920*1080,짐볼,공통,7454,0AUDLJ08S_00043_SC_00030.jpeg,2021,1인 이상,2928,한국어,짐볼 앞으로 밀기,20221015,유연성,우울증 예방 운동프로그램,248.715,mp4,0AUDLJ08S_00043.mp4,http://openapi.kspo.or.kr/web/image/0AUDLJ08S_00043/,14,동영상,하체/어깨
공통,http://openapi.kspo.or.kr/web/video/,우울증을 예방하기 위한 운동프로그램,486761054,우울증 예방,29.97,333,1920*1080,짐볼,공통,7599,0AUDLJ08S_00043_SC_00032.jpeg,2021,1인 이상,2928,한국어,짐볼 앞으로 밀기,20221015,유연성,우울증 예방 운동프로그램,253.553,mp4,0AUDLJ08S_00043.mp4,http://openapi.kspo.or.kr/web/image/0AUDLJ08S_00043/,15,동영상,하체/어깨
공통,http://openapi.kspo.or.kr/web/video/,우울증을 예방하기 위한 운동프로그램,486761054,우울증 예방,29.97,334,1920*1080,짐볼,공통,10006,0AUDLJ08S_00043_SC_00040.jpeg,2021,1인 이상,2928,한국어,짐볼 양옆으로 굴리기,20221015,유연성,우울증 예방 운동프로그램,333.866,mp4,0AUDLJ08S_00043.mp4,http://openapi.kspo.or.kr/web/image/0AUDLJ08S_00043/,16,동영상,몸통
공통,http://openapi.kspo.or.kr/web/video/,우울증을 예방하기 위한 운동프로그램,486761054,우울증 예방,29.97,335,1920*1080,짐볼,공통,10064,0AUDLJ08S_00043_SC_00041.jpeg,2021,1인 이상,2928,한국어,짐볼 양옆으로 굴리기,20221015,유연성,우울증 예방 운동프로그램,335.802,mp4,0AUDLJ08S_00043.mp4,http://openapi.kspo.or.kr/web/image/0AUDLJ08S_00043/,17,동영상,몸통
공통,http://openapi.kspo.or.kr/web/video/,우울증을 예방하기 위한 운동프로그램,486761054,우울증 예방,29.97,336,1920*1080,짐볼,공통,12318,0AUDLJ08S_00043_FR_00138.jpeg,2021,1인 이상,2928,한국어,무릎 아래에서 양옆으로 굴리기,20221015,근력/근지구력,우울증 예방 운동프로그램,411.01,mp4,0AUDLJ08S_00043.mp4,http://openapi.kspo.or.kr/web/image/0AUDLJ08S_00043/,18,동영상,복근
공통,http://openapi.kspo.or.kr/web/video/,우울증을 예방하기 위한 운동프로그램,486761054,우울증 예방,29.97,337,1920*1080,짐볼,공통,12413,0AUDLJ08S_00043_SC_00048.jpeg,2021,1인 이상,2928,한국어,무릎 아래에서 양옆으로 굴리기,20221015,근력/근지구력,우울증 예방 운동프로그램,414.18,mp4,0AUDLJ08S_00043.mp4,http://openapi.kspo.or.kr/web/image/0AUDLJ08S_00043/,19,동영상,복근
공통,http://openapi.kspo.or.kr/web/video/,우울증을 예방하기 위한 운동프로그램,486761054,우울증 예방,29.97,338,1920*1080,짐볼,공통,14566,0AUDLJ08S_00043_FR_00163.jpeg,2021,1인 이상,2928,한국어,누워서 짐볼 뒤로 내리고 당기기,20221015,근력/근지구력,우울증 예방 운동프로그램,486.018,mp4,0AUDLJ08S_00043.mp4,http://openapi.kspo.or.kr/web/image/0AUDLJ08S_00043/,20,동영상,가슴
공통,http://openapi.kspo.or.kr/web/video/,우울증을 예방하기 위한 운동프로그램,486761054,우울증 예방,29.97,339,1920*1080,짐볼,공통,14746,0AUDLJ08S_00043_FR_00165.jpeg,2021,1인 이상,2928,한국어,누워서 짐볼 뒤로 내리고 당기기,20221015,근력/근지구력,우울증 예방 운동프로그램,492.024,mp4,0AUDLJ08S_00043.mp4,http://openapi.kspo.or.kr/web/image/0AUDLJ08S_00043/,21,동영상,가슴
공통,http://openapi.kspo.or.kr/web/video/,우울증을 예방하기 위한 운동프로그램,486761054,우울증 예방,29.97,340,1920*1080,짐볼,공통,15052,0AUDLJ08S_00043_SC_00056.jpeg,2021,1인 이상,2928,한국어,누워서 짐볼 뒤로 내리고 당기기,20221016,근력/근지구력,우울증 예방 운동프로그램,502.235,mp4,0AUDLJ08S_00043.mp4,http://openapi.kspo.or.kr/web/image/0AUDLJ08S_00043/,22,동영상,가슴
공통,http://openapi.kspo.or.kr/web/video/,우울증을 예방하기 위한 운동프로그램,486761054,우울증 예방,29.97,341,1920*1080,짐볼,공통,17173,0AUDLJ08S_00043_FR_00192.jpeg,2021,1인 이상,2928,한국어,앉아서 짐볼 잡고 몸통 돌리기,20221015,근력/근지구력,우울증 예방 운동프로그램,573.005,mp4,0AUDLJ08S_00043.mp4,http://openapi.kspo.or.kr/web/image/0AUDLJ08S_00043/,23,동영상,복근
공통,http://openapi.kspo.or.kr/web/video/,우울증을 예방하기 위한 운동프로그램,486761054,우울증 예방,29.97,342,1920*1080,짐볼,공통,17459,0AUDLJ08S_00043_SC_00061.jpeg,2021,1인 이상,2928,한국어,앉아서 짐볼 잡고 몸통 돌리기,20221015,근력/근지구력,우울증 예방 운동프로그램,582.548,mp4,0AUDLJ08S_00043.mp4,http://openapi.kspo.or.kr/web/image/0AUDLJ08S_00043/,24,동영상,복근
공통,http://openapi.kspo.or.kr/web/video/,우울증을 예방하기 위한 운동프로그램,486761054,우울증 예방,29.97,343,1920*1080,짐볼,공통,17623,0AUDLJ08S_00043_FR_00197.jpeg,2021,1인 이상,2928,한국어,앉아서 짐볼 잡고 몸통 돌리기,20221015,근력/근지구력,우울증 예방 운동프로그램,588.02,mp4,0AUDLJ08S_00043.mp4,http://openapi.kspo.or.kr/web/image/0AUDLJ08S_00043/,25,동영상,복근
공통,http://openapi.kspo.or.kr/web/video/,우울증을 예방하기 위한 운동프로그램,486761054,우울증 예방,29.97,344,1920*1080,짐볼,공통,20230,0AUDLJ08S_00043_FR_00226.jpeg,2021,1인 이상,2928,한국어,다리교차 들어올리기,20221015,근력/근지구력,우울증 예방 운동프로그램,675.007,mp4,0AUDLJ08S_00043.mp4,http://openapi.kspo.or.kr/web/image/0AUDLJ08S_00043/,26,동영상,하체/복근
공통,http://openapi.kspo.or.kr/web/video/,우울증을 예방하기 위한 운동프로그램,486761054,우울증 예방,29.97,345,1920*1080,짐볼,공통,20359,0AUDLJ08S_00043_SC_00071.jpeg,2021,1인 이상,2928,한국어,다리교차 들어올리기,20221015,근력/근지구력,우울증 예방 운동프로그램,679.311,mp4,0AUDLJ08S_00043.mp4,http://openapi.kspo.or.kr/web/image/0AUDLJ08S_00043/,27,동영상,하체/복근
공통,http://openapi.kspo.or.kr/web/video/,우울증을 예방하기 위한 운동프로그램,486761054,우울증 예방,29.97,346,1920*1080,짐볼,공통,22244,0AUDLJ08S_00043_SC_00076.jpeg,2021,1인 이상,2928,한국어,엎드려 양발 교차올리기,20221015,근력/근지구력,우울증 예방 운동프로그램,742.208,mp4,0AUDLJ08S_00043.mp4,http://openapi.kspo.or.kr/web/image/0AUDLJ08S_00043/,28,동영상,엉덩이
공통,http://openapi.kspo.or.kr/web/video/,우울증을 예방하기 위한 운동프로그램,486761054,우울증 예방,29.97,347,1920*1080,짐볼,공통,22534,0AUDLJ08S_00043_SC_00077.jpeg,2021,1인 이상,2928,한국어,엎드려 양발 교차올리기,20221015,근력/근지구력,우울증 예방 운동프로그램,751.884,mp4,0AUDLJ08S_00043.mp4,http://openapi.kspo.or.kr/web/image/0AUDLJ08S_00043/,29,동영상,엉덩이
공통,http://openapi.kspo.or.kr/web/video/,우울증을 예방하기 위한 운동프로그램,486761054,우울증 예방,29.97,348,1920*1080,짐볼,공통,22650,0AUDLJ08S_00043_SC_00078.jpeg,2021,1인 이상,2928,한국어,엎드려 양발 교차올리기,20221015,근력/근지구력,우울증 예방 운동프로그램,755.755,mp4,0AUDLJ08S_00043.mp4,http://openapi.kspo.or.kr/web/image/0AUDLJ08S_00043/,30,동영상,엉덩이
공통,http://openapi.kspo.or.kr/web/video/,우울증을 예방하기 위한 운동프로그램,486761054,우울증 예방,29.97,349,1920*1080,짐볼,공통,24767,0AUDLJ08S_00043_SC_00085.jpeg,2021,1인 이상,2928,한국어,누워서 버티기,20221015,근력/근지구력,우울증 예방 운동프로그램,826.392,mp4,0AUDLJ08S_00043.mp4,http://openapi.kspo.or.kr/web/image/0AUDLJ08S_00043/,31,동영상,엉덩이
공통,http://openapi.kspo.or.kr/web/video/,우울증을 예방하기 위한 운동프로그램,486761054,우울증 예방,29.97,350,1920*1080,짐볼,공통,25202,0AUDLJ08S_00043_SC_00088.jpeg,2021,1인 이상,2928,한국어,누워서 버티기,20221015,근력/근지구력,우울증 예방 운동프로그램,840.906,mp4,0AUDLJ08S_00043.mp4,http://openapi.kspo.or.kr/web/image/0AUDLJ08S_00043/,32,동영상,엉덩이
공통,http://openapi.kspo.or.kr/web/video/,우울증을 예방하기 위한 운동프로그램,486761054,우울증 예방,29.97,351,1920*1080,짐볼,공통,25724,0AUDLJ08S_00043_SC_00091.jpeg,2021,1인 이상,2928,한국어,짐볼 잡고 들어 올리기,20221015,근력/근지구력,우울증 예방 운동프로그램,858.324,mp4,0AUDLJ08S_00043.mp4,http://openapi.kspo.or.kr/web/image/0AUDLJ08S_00043/,33,동영상,등/하체
공통,http://openapi.kspo.or.kr/web/video/,우울증을 예방하기 위한 운동프로그램,486761054,우울증 예방,29.97,352,1920*1080,짐볼,공통,26074,0AUDLJ08S_00043_FR_00291.jpeg,2021,1인 이상,2928,한국어,짐볼 잡고 들어 올리기,20221015,근력/근지구력,우울증 예방 운동프로그램,870.002,mp4,0AUDLJ08S_00043.mp4,http://openapi.kspo.or.kr/web/image/0AUDLJ08S_00043/,34,동영상,등/하체
공통,http://openapi.kspo.or.kr/web/video/,우울증을 예방하기 위한 운동프로그램,486761054,우울증 예방,29.97,353,1920*1080,짐볼,공통,26246,0AUDLJ08S_00043_SC_00097.jpeg,2021,1인 이상,2928,한국어,짐볼 잡고 들어 올리기,20221015,근력/근지구력,우울증 예방 운동프로그램,875.741,mp4,0AUDLJ08S_00043.mp4,http://openapi.kspo.or.kr/web/image/0AUDLJ08S_00043/,35,동영상,등/하체
공통,http://openapi.kspo.or.kr/web/video/,우울증을 예방하기 위한 운동프로그램,486761054,우울증 예방,29.97,354,1920*1080,짐볼,공통,27963,0AUDLJ08S_00043_FR_00312.jpeg,2021,1인 이상,2928,한국어,짐볼 들고 양 옆으로 돌리기,20221015,근력/근지구력,우울증 예방 운동프로그램,933.032,mp4,0AUDLJ08S_00043.mp4,http://openapi.kspo.or.kr/web/image/0AUDLJ08S_00043/,36,동영상,몸통
공통,http://openapi.kspo.or.kr/web/video/,우울증을 예방하기 위한 운동프로그램,486761054,우울증 예방,29.97,355,1920*1080,짐볼,공통,28052,0AUDLJ08S_00043_FR_00313.jpeg,2021,1인 이상,2928,한국어,짐볼 들고 양 옆으로 돌리기,20221015,근력/근지구력,우울증 예방 운동프로그램,936.001,mp4,0AUDLJ08S_00043.mp4,http://openapi.kspo.or.kr/web/image/0AUDLJ08S_00043/,37,동영상,몸통
공통,http://openapi.kspo.or.kr/web/video/,우울증을 예방하기 위한 운동프로그램,486761054,우울증 예방,29.97,356,1920*1080,짐볼,공통,30306,0AUDLJ08S_00043_SC_00118.jpeg,2021,1인 이상,2928,한국어,짐볼 이용해 앉았다 일어서기,20221015,근력/근지구력,우울증 예방 운동프로그램,1011.21,mp4,0AUDLJ08S_00043.mp4,http://openapi.kspo.or.kr/web/image/0AUDLJ08S_00043/,38,동영상,팔/어깨
공통,http://openapi.kspo.or.kr/web/video/,우울증을 예방하기 위한 운동프로그램,486761054,우울증 예방,29.97,357,1920*1080,짐볼,공통,30567,0AUDLJ08S_00043_SC_00119.jpeg,2021,1인 이상,2928,한국어,짐볼 이용해 앉았다 일어서기,20221015,근력/근지구력,우울증 예방 운동프로그램,1019.918,mp4,0AUDLJ08S_00043.mp4,http://openapi.kspo.or.kr/web/image/0AUDLJ08S_00043/,39,동영상,팔/어깨
공통,http://openapi.kspo.or.kr/web/video/,우울증을 예방하기 위한 운동프로그램,486761054,우울증 예방,29.97,358,1920*1080,짐볼,공통,31988,0AUDLJ08S_00043_SC_00125.jpeg,2021,1인 이상,2928,한국어,등 스트레칭,20221015,유연성,우울증 예방 운동프로그램,1067.332,mp4,0AUDLJ08S_00043.mp4,http://openapi.kspo.or.kr/web/image/0AUDLJ08S_00043/,40,동영상,흉추부
공통,http://openapi.kspo.or.kr/web/video/,우울증을 예방하기 위한 운동프로그램,486761054,우울증 예방,29.97,359,1920*1080,짐볼,공통,32220,0AUDLJ08S_00043_SC_00127.jpeg,2021,1인 이상,2928,한국어,등 스트레칭,20221015,유연성,우울증 예방 운동프로그램,1075.074,mp4,0AUDLJ08S_00043.mp4,http://openapi.kspo.or.kr/web/image/0AUDLJ08S_00043/,41,동영상,흉추부
공통,http://openapi.kspo.or.kr/web/video/,우울증을 예방하기 위한 운동프로그램,486761054,우울증 예방,29.97,360,1920*1080,짐볼,공통,33003,0AUDLJ08S_00043_SC_00133.jpeg,2021,1인 이상,2928,한국어,복부 스트레칭,20221015,유연성,우울증 예방 운동프로그램,1101.2,mp4,0AUDLJ08S_00043.mp4,http://openapi.kspo.or.kr/web/image/0AUDLJ08S_00043/,42,동영상,복근
공통,http://openapi.kspo.or.kr/web/video/,우울증을 예방하기 위한 운동프로그램,486761054,우울증 예방,29.97,361,1920*1080,짐볼,공통,33119,0AUDLJ08S_00043_SC_00135.jpeg,2021,1인 이상,2928,한국어,복부 스트레칭,20221015,유연성,우울증 예방 운동프로그램,1105.07,mp4,0AUDLJ08S_00043.mp4,http://openapi.kspo.or.kr/web/image/0AUDLJ08S_00043/,43,동영상,복근
공통,http://openapi.kspo.or.kr/web/video/,우울증을 예방하기 위한 운동프로그램,486761054,우울증 예방,29.97,362,1920*1080,짐볼,공통,33267,0AUDLJ08S_00043_FR_00371.jpeg,2021,1인 이상,2928,한국어,복부 스트레칭,20221015,유연성,우울증 예방 운동프로그램,1110.008,mp4,0AUDLJ08S_00043.mp4,http://openapi.kspo.or.kr/web/image/0AUDLJ08S_00043/,44,동영상,복근
공통,http://openapi.kspo.or.kr/web/video/,우울증을 예방하기 위한 운동프로그램,486761054,우울증 예방,29.97,363,1920*1080,짐볼,공통,34134,0AUDLJ08S_00043_SC_00143.jpeg,2021,1인 이상,2928,한국어,옆구리 스트레칭,20221015,유연성,우울증 예방 운동프로그램,1138.937,mp4,0AUDLJ08S_00043.mp4,http://openapi.kspo.or.kr/web/image/0AUDLJ08S_00043/,45,동영상,옆구리
공통,http://openapi.kspo.or.kr/web/video/,우울증을 예방하기 위한 운동프로그램,486761054,우울증 예방,29.97,364,1920*1080,짐볼,공통,34221,0AUDLJ08S_00043_SC_00146.jpeg,2021,1인 이상,2928,한국어,옆구리 스트레칭,20221015,유연성,우울증 예방 운동프로그램,1141.84,mp4,0AUDLJ08S_00043.mp4,http://openapi.kspo.or.kr/web/image/0AUDLJ08S_00043/,46,동영상,옆구리
공통,http://openapi.kspo.or.kr/web/video/,우울증을 예방하기 위한 운동프로그램,486761054,우울증 예방,29.97,365,1920*1080,짐볼,공통,34453,0AUDLJ08S_00043_SC_00149.jpeg,2021,1인 이상,2928,한국어,옆구리 스트레칭,20221015,유연성,우울증 예방 운동프로그램,1149.581,mp4,0AUDLJ08S_00043.mp4,http://openapi.kspo.or.kr/web/image/0AUDLJ08S_00043/,47,동영상,옆구리
공통,http://openapi.kspo.or.kr/web/video/,우울증을 예방하기 위한 운동프로그램,486761054,우울증 예방,29.97,366,1920*1080,짐볼,공통,35785,0AUDLJ08S_00043_FR_00399.jpeg,2021,1인 이상,2928,한국어,엉덩이 스트레칭,20221015,유연성,우울증 예방 운동프로그램,1194.026,mp4,0AUDLJ08S_00043.mp4,http://openapi.kspo.or.kr/web/image/0AUDLJ08S_00043/,48,동영상,엉덩이
공통,http://openapi.kspo.or.kr/web/video/,우울증을 예방하기 위한 운동프로그램,486761054,우울증 예방,29.97,367,1920*1080,짐볼,공통,36019,0AUDLJ08S_00043_SC_00156.jpeg,2021,1인 이상,2928,한국어,엉덩이 스트레칭,20221015,유연성,우울증 예방 운동프로그램,1201.833,mp4,0AUDLJ08S_00043.mp4,http://openapi.kspo.or.kr/web/image/0AUDLJ08S_00043/,49,동영상,엉덩이
공통,http://openapi.kspo.or.kr/web/video/,우울증을 예방하기 위한 운동프로그램,486761054,우울증 예방,29.97,368,1920*1080,짐볼,공통,39122,0AUDLJ08S_00043_SC_00170.jpeg,2021,1인 이상,2928,한국어,짐볼 위에 팔 올리기,20221015,유연성,우울증 예방 운동프로그램,1305.37,mp4,0AUDLJ08S_00043.mp4,http://openapi.kspo.or.kr/web/image/0AUDLJ08S_00043/,50,동영상,어깨
공통,http://openapi.kspo.or.kr/web/video/,우울증을 예방하기 위한 운동프로그램,486761054,우울증 예방,29.97,369,1920*1080,짐볼,공통,39381,0AUDLJ08S_00043_FR_00439.jpeg,2021,1인 이상,2928,한국어,짐볼 위에 팔 올리기,20221015,유연성,우울증 예방 운동프로그램,1314.012,mp4,0AUDLJ08S_00043.mp4,http://openapi.kspo.or.kr/web/image/0AUDLJ08S_00043/,51,동영상,어깨
공통,http://openapi.kspo.or.kr/web/video/,우울증을 예방하기 위한 운동프로그램,486761054,우울증 예방,29.97,370,1920*1080,짐볼,공통,40630,0AUDLJ08S_00043_SC_00176.jpeg,2021,1인 이상,2928,한국어,짐볼 옆에두고 어깨 누르기,20221015,유연성,우울증 예방 운동프로그램,1355.687,mp4,0AUDLJ08S_00043.mp4,http://openapi.kspo.or.kr/web/image/0AUDLJ08S_00043/,52,동영상,가슴
공통,http://openapi.kspo.or.kr/web/video/,우울증을 예방하기 위한 운동프로그램,486761054,우울증 예방,29.97,371,1920*1080,짐볼,공통,40775,0AUDLJ08S_00043_SC_00178.jpeg,2021,1인 이상,2928,한국어,짐볼 옆에두고 어깨 누르기,20221015,유연성,우울증 예방 운동프로그램,1360.525,mp4,0AUDLJ08S_00043.mp4,http://openapi.kspo.or.kr/web/image/0AUDLJ08S_00043/,53,동영상,가슴
공통,http://openapi.kspo.or.kr/web/video/,우울증을 예방하기 위한 운동프로그램,486761054,우울증 예방,29.97,372,1920*1080,짐볼,공통,41790,0AUDLJ08S_00043_SC_00182.jpeg,2021,1인 이상,2928,한국어,,20221015,,우울증 예방 운동프로그램,1394.393,mp4,0AUDLJ08S_00043.mp4,http://openapi.kspo.or.kr/web/image/0AUDLJ08S_00043/,54,동영상,
공통,http://openapi.kspo.or.kr/web/video/,우울증을 예방하기 위한 운동프로그램,486761054,우울증 예방,29.97,373,1920*1080,스텝박스,공통,42080,0AUDLJ08S_00043_SC_00183.jpeg,2021,1인 이상,2928,한국어,,20221015,,우울증 예방 운동프로그램,1404.069,mp4,0AUDLJ08S_00043.mp4,http://openapi.kspo.or.kr/web/image/0AUDLJ08S_00043/,55,동영상,
공통,http://openapi.kspo.or.kr/web/video/,우울증을 예방하기 위한 운동프로그램,486761054,우울증 예방,29.97,374,1920*1080,스텝박스,공통,42660,0AUDLJ08S_00043_SC_00186.jpeg,2021,1인 이상,2928,한국어,스텝박스 오르내리기,20221015,근력/근지구력,우울증 예방 운동프로그램,1423.422,mp4,0AUDLJ08S_00043.mp4,http://openapi.kspo.or.kr/web/image/0AUDLJ08S_00043/,56,동영상,하체
공통,http://openapi.kspo.or.kr/web/video/,우울증을 예방하기 위한 운동프로그램,486761054,우울증 예방,29.97,375,1920*1080,스텝박스,공통,42805,0AUDLJ08S_00043_SC_00187.jpeg,2021,1인 이상,2928,한국어,스텝박스 오르내리기,20221015,근력/근지구력,우울증 예방 운동프로그램,1428.26,mp4,0AUDLJ08S_00043.mp4,http://openapi.kspo.or.kr/web/image/0AUDLJ08S_00043/,57,동영상,하체
공통,http://openapi.kspo.or.kr/web/video/,우울증을 예방하기 위한 운동프로그램,486761054,우울증 예방,29.97,376,1920*1080,스텝박스,공통,43157,0AUDLJ08S_00043_FR_00481.jpeg,2021,1인 이상,2928,한국어,스텝박스 오르내리기,20221015,근력/근지구력,우울증 예방 운동프로그램,1440.005,mp4,0AUDLJ08S_00043.mp4,http://openapi.kspo.or.kr/web/image/0AUDLJ08S_00043/,58,동영상,하체
공통,http://openapi.kspo.or.kr/web/video/,우울증을 예방하기 위한 운동프로그램,486761054,우울증 예방,29.97,377,1920*1080,스텝박스,공통,45225,0AUDLJ08S_00043_FR_00504.jpeg,2021,1인 이상,2928,한국어,스텝박스에서 다리 굽히기,20221015,근력/근지구력,우울증 예방 운동프로그램,1509.007,mp4,0AUDLJ08S_00043.mp4,http://openapi.kspo.or.kr/web/image/0AUDLJ08S_00043/,59,동영상,하체
공통,http://openapi.kspo.or.kr/web/video/,우울증을 예방하기 위한 운동프로그램,486761054,우울증 예방,29.97,378,1920*1080,스텝박스,공통,45405,0AUDLJ08S_00043_FR_00506.jpeg,2021,1인 이상,2928,한국어,스텝박스에서 다리 굽히기,20221015,근력/근지구력,우울증 예방 운동프로그램,1515.013,mp4,0AUDLJ08S_00043.mp4,http://openapi.kspo.or.kr/web/image/0AUDLJ08S_00043/,60,동영상,하체
공통,http://openapi.kspo.or.kr/web/video/,우울증을 예방하기 위한 운동프로그램,486761054,우울증 예방,29.97,379,1920*1080,스텝박스,공통,45585,0AUDLJ08S_00043_FR_00508.jpeg,2021,1인 이상,2928,한국어,스텝박스에서 다리 굽히기,20221015,근력/근지구력,우울증 예방 운동프로그램,1521.019,mp4,0AUDLJ08S_00043.mp4,http://openapi.kspo.or.kr/web/image/0AUDLJ08S_00043/,61,동영상,하체
공통,http://openapi.kspo.or.kr/web/video/,우울증을 예방하기 위한 운동프로그램,486761054,우울증 예방,29.97,380,1920*1080,스텝박스,공통,47563,0AUDLJ08S_00043_FR_00530.jpeg,2021,1인 이상,2928,한국어,스텝박스 측면 오르내리기,20221015,근력/근지구력,우울증 예방 운동프로그램,1587.018,mp4,0AUDLJ08S_00043.mp4,http://openapi.kspo.or.kr/web/image/0AUDLJ08S_00043/,62,동영상,하체
공통,http://openapi.kspo.or.kr/web/video/,우울증을 예방하기 위한 운동프로그램,486761054,우울증 예방,29.97,381,1920*1080,스텝박스,공통,47743,0AUDLJ08S_00043_FR_00532.jpeg,2021,1인 이상,2928,한국어,스텝박스 측면 오르내리기,20221015,근력/근지구력,우울증 예방 운동프로그램,1593.024,mp4,0AUDLJ08S_00043.mp4,http://openapi.kspo.or.kr/web/image/0AUDLJ08S_00043/,63,동영상,하체
공통,http://openapi.kspo.or.kr/web/video/,우울증을 예방하기 위한 운동프로그램,486761054,우울증 예방,29.97,382,1920*1080,스텝박스,공통,47880,0AUDLJ08S_00043_SC_00201.jpeg,2021,1인 이상,2928,한국어,스텝박스 측면 오르내리기,20221015,근력/근지구력,우울증 예방 운동프로그램,1597.596,mp4,0AUDLJ08S_00043.mp4,http://openapi.kspo.or.kr/web/image/0AUDLJ08S_00043/,64,동영상,하체
공통,http://openapi.kspo.or.kr/web/video/,우울증을 예방하기 위한 운동프로그램,486761054,우울증 예방,29.97,383,1920*1080,스텝박스,공통,48257,0AUDLJ08S_00043_SC_00202.jpeg,2021,1인 이상,2928,한국어,스텝박스 측면 오르내리기,20221015,근력/근지구력,우울증 예방 운동프로그램,1610.175,mp4,0AUDLJ08S_00043.mp4,http://openapi.kspo.or.kr/web/image/0AUDLJ08S_00043/,65,동영상,하체
공통,http://openapi.kspo.or.kr/web/video/,우울증을 예방하기 위한 운동프로그램,486761054,우울증 예방,29.97,384,1920*1080,스텝박스,공통,49968,0AUDLJ08S_00043_SC_00207.jpeg,2021,1인 이상,2928,한국어,스텝박스에서 뒤로 다리 올리기,20221015,근력/근지구력,우울증 예방 운동프로그램,1667.265,mp4,0AUDLJ08S_00043.mp4,http://openapi.kspo.or.kr/web/image/0AUDLJ08S_00043/,66,동영상,하체
공통,http://openapi.kspo.or.kr/web/video/,우울증을 예방하기 위한 운동프로그램,486761054,우울증 예방,29.97,385,1920*1080,스텝박스,공통,50200,0AUDLJ08S_00043_SC_00208.jpeg,2021,1인 이상,2928,한국어,스텝박스에서 뒤로 다리 올리기,20221015,근력/근지구력,우울증 예방 운동프로그램,1675.006,mp4,0AUDLJ08S_00043.mp4,http://openapi.kspo.or.kr/web/image/0AUDLJ08S_00043/,67,동영상,하체
공통,http://openapi.kspo.or.kr/web/video/,우울증을 예방하기 위한 운동프로그램,486761054,우울증 예방,29.97,386,1920*1080,스텝박스,공통,50287,0AUDLJ08S_00043_SC_00209.jpeg,2021,1인 이상,2928,한국어,스텝박스에서 뒤로 다리 올리기,20221015,근력/근지구력,우울증 예방 운동프로그램,1677.909,mp4,0AUDLJ08S_00043.mp4,http://openapi.kspo.or.kr/web/image/0AUDLJ08S_00043/,68,동영상,하체
공통,http://openapi.kspo.or.kr/web/video/,우울증을 예방하기 위한 운동프로그램,486761054,우울증 예방,29.97,387,1920*1080,스텝박스,공통,50530,0AUDLJ08S_00043_FR_00563.jpeg,2021,1인 이상,2928,한국어,스텝박스에서 뒤로 다리 올리기,20221015,근력/근지구력,우울증 예방 운동프로그램,1686.017,mp4,0AUDLJ08S_00043.mp4,http://openapi.kspo.or.kr/web/image/0AUDLJ08S_00043/,69,동영상,하체
공통,http://openapi.kspo.or.kr/web/video/,우울증을 예방하기 위한 운동프로그램,486761054,우울증 예방,29.97,388,1920*1080,스텝박스,공통,52375,0AUDLJ08S_00043_SC_00214.jpeg,2021,1인 이상,2928,한국어,스텝박스 측면 오르내리기,20221015,근력/근지구력,우울증 예방 운동프로그램,1747.579,mp4,0AUDLJ08S_00043.mp4,http://openapi.kspo.or.kr/web/image/0AUDLJ08S_00043/,70,동영상,하체
공통,http://openapi.kspo.or.kr/web/video/,우울증을 예방하기 위한 운동프로그램,486761054,우울증 예방,29.97,389,1920*1080,스텝박스,공통,52520,0AUDLJ08S_00043_SC_00215.jpeg,2021,1인 이상,2928,한국어,스텝박스 측면 오르내리기,20221015,근력/근지구력,우울증 예방 운동프로그램,1752.417,mp4,0AUDLJ08S_00043.mp4,http://openapi.kspo.or.kr/web/image/0AUDLJ08S_00043/,71,동영상,하체
공통,http://openapi.kspo.or.kr/web/video/,우울증을 예방하기 위한 운동프로그램,486761054,우울증 예방,29.97,390,1920*1080,스텝박스,공통,52781,0AUDLJ08S_00043_SC_00219.jpeg,2021,1인 이상,2928,한국어,스텝박스 측면 오르내리기,20221015,근력/근지구력,우울증 예방 운동프로그램,1761.126,mp4,0AUDLJ08S_00043.mp4,http://openapi.kspo.or.kr/web/image/0AUDLJ08S_00043/,72,동영상,하체
협응력 운동,http://openapi.kspo.or.kr/web/video/,우울증을 예방하기 위한 운동프로그램,486761054,우울증 예방,29.97,391,1920*1080,,공통,55205,0AUDLJ08S_00043_FR_00615.jpeg,2021,1인 이상,2928,한국어,발바닥 치기,20221015,근력/근지구력,우울증 예방 운동프로그램,1842.006,mp4,0AUDLJ08S_00043.mp4,http://openapi.kspo.or.kr/web/image/0AUDLJ08S_00043/,74,동영상,하체
협응력 운동,http://openapi.kspo.or.kr/web/video/,우울증을 예방하기 위한 운동프로그램,486761054,우울증 예방,29.97,392,1920*1080,,공통,55333,0AUDLJ08S_00043_SC_00225.jpeg,2021,1인 이상,2928,한국어,발바닥 치기,20221015,근력/근지구력,우울증 예방 운동프로그램,1846.277,mp4,0AUDLJ08S_00043.mp4,http://openapi.kspo.or.kr/web/image/0AUDLJ08S_00043/,75,동영상,하체
협응력 운동,http://openapi.kspo.or.kr/web/video/,우울증을 예방하기 위한 운동프로그램,486761054,우울증 예방,29.97,393,1920*1080,,공통,57044,0AUDLJ08S_00043_SC_00227.jpeg,2021,1인 이상,2928,한국어,뒤로 발바닥 치기,20221015,근력/근지구력,우울증 예방 운동프로그램,1903.368,mp4,0AUDLJ08S_00043.mp4,http://openapi.kspo.or.kr/web/image/0AUDLJ08S_00043/,76,동영상,하체
협응력 운동,http://openapi.kspo.or.kr/web/video/,우울증을 예방하기 위한 운동프로그램,486761054,우울증 예방,29.97,394,1920*1080,,공통,57131,0AUDLJ08S_00043_SC_00228.jpeg,2021,1인 이상,2928,한국어,뒤로 발바닥 치기,20221015,근력/근지구력,우울증 예방 운동프로그램,1906.271,mp4,0AUDLJ08S_00043.mp4,http://openapi.kspo.or.kr/web/image/0AUDLJ08S_00043/,77,동영상,하체
협응력 운동,http://openapi.kspo.or.kr/web/video/,우울증을 예방하기 위한 운동프로그램,486761054,우울증 예방,29.97,395,1920*1080,,공통,57273,0AUDLJ08S_00043_FR_00638.jpeg,2021,1인 이상,2928,한국어,뒤로 발바닥 치기,20221015,근력/근지구력,우울증 예방 운동프로그램,1911.009,mp4,0AUDLJ08S_00043.mp4,http://openapi.kspo.or.kr/web/image/0AUDLJ08S_00043/,78,동영상,하체
협응력 운동,http://openapi.kspo.or.kr/web/video/,우울증을 예방하기 위한 운동프로그램,486761054,우울증 예방,29.97,396,1920*1080,,공통,58712,0AUDLJ08S_00043_FR_00654.jpeg,2021,1인 이상,2928,한국어,팔다리 교차 들어올리기,20221015,근력/근지구력,우울증 예방 운동프로그램,1959.023,mp4,0AUDLJ08S_00043.mp4,http://openapi.kspo.or.kr/web/image/0AUDLJ08S_00043/,79,동영상,하체/어깨
협응력 운동,http://openapi.kspo.or.kr/web/video/,우울증을 예방하기 위한 운동프로그램,486761054,우울증 예방,29.97,397,1920*1080,,공통,58892,0AUDLJ08S_00043_FR_00656.jpeg,2021,1인 이상,2928,한국어,팔다리 교차 들어올리기,20221015,근력/근지구력,우울증 예방 운동프로그램,1965.029,mp4,0AUDLJ08S_00043.mp4,http://openapi.kspo.or.kr/web/image/0AUDLJ08S_00043/,80,동영상,하체/어깨
협응력 운동,http://openapi.kspo.or.kr/web/video/,우울증을 예방하기 위한 운동프로그램,486761054,우울증 예방,29.97,398,1920*1080,,공통,59071,0AUDLJ08S_00043_FR_00658.jpeg,2021,1인 이상,2928,한국어,팔다리 교차 들어올리기,20221015,근력/근지구력,우울증 예방 운동프로그램,1971.002,mp4,0AUDLJ08S_00043.mp4,http://openapi.kspo.or.kr/web/image/0AUDLJ08S_00043/,81,동영상,하체/어깨
협응력 운동,http://openapi.kspo.or.kr/web/video/,우울증을 예방하기 위한 운동프로그램,486761054,우울증 예방,29.97,399,1920*1080,,공통,60960,0AUDLJ08S_00043_FR_00679.jpeg,2021,1인 이상,2928,한국어,제기차기,20221015,근력/근지구력,우울증 예방 운동프로그램,2034.032,mp4,0AUDLJ08S_00043.mp4,http://openapi.kspo.or.kr/web/image/0AUDLJ08S_00043/,82,동영상,하체
협응력 운동,http://openapi.kspo.or.kr/web/video/,우울증을 예방하기 위한 운동프로그램,486761054,우울증 예방,29.97,400,1920*1080,,공통,61017,0AUDLJ08S_00043_SC_00238.jpeg,2021,1인 이상,2928,한국어,제기차기,20221015,근력/근지구력,우울증 예방 운동프로그램,2035.933,mp4,0AUDLJ08S_00043.mp4,http://openapi.kspo.or.kr/web/image/0AUDLJ08S_00043/,83,동영상,하체
협응력 운동,http://openapi.kspo.or.kr/web/video/,우울증을 예방하기 위한 운동프로그램,486761054,우울증 예방,29.97,401,1920*1080,풍선,공통,62128,0AUDLJ08S_00043_FR_00692.jpeg,2021,2인 이상,2928,한국어,풍선 튕기기,20221015,근력/근지구력,우울증 예방 운동프로그램,2073.004,mp4,0AUDLJ08S_00043.mp4,http://openapi.kspo.or.kr/web/image/0AUDLJ08S_00043/,84,동영상,어깨
협응력 운동,http://openapi.kspo.or.kr/web/video/,우울증을 예방하기 위한 운동프로그램,486761054,우울증 예방,29.97,402,1920*1080,풍선,공통,62308,0AUDLJ08S_00043_FR_00694.jpeg,2021,2인 이상,2928,한국어,풍선 튕기기,20221015,근력/근지구력,우울증 예방 운동프로그램,2079.01,mp4,0AUDLJ08S_00043.mp4,http://openapi.kspo.or.kr/web/image/0AUDLJ08S_00043/,85,동영상,어깨
협응력 운동,http://openapi.kspo.or.kr/web/video/,우울증을 예방하기 위한 운동프로그램,486761054,우울증 예방,29.97,403,1920*1080,풍선,공통,62467,0AUDLJ08S_00043_SC_00247.jpeg,2021,2인 이상,2928,한국어,풍선 튕기기,20221015,근력/근지구력,우울증 예방 운동프로그램,2084.315,mp4,0AUDLJ08S_00043.mp4,http://openapi.kspo.or.kr/web/image/0AUDLJ08S_00043/,86,동영상,어깨
협응력 운동,http://openapi.kspo.or.kr/web/video/,우울증을 예방하기 위한 운동프로그램,486761054,우울증 예방,29.97,404,1920*1080,공,공통,63569,0AUDLJ08S_00043_SC_00256.jpeg,2021,3인 이상,2928,한국어,공넘기기,20221015,근력/근지구력,우울증 예방 운동프로그램,2121.085,mp4,0AUDLJ08S_00043.mp4,http://openapi.kspo.or.kr/web/image/0AUDLJ08S_00043/,87,동영상,전신
협응력 운동,http://openapi.kspo.or.kr/web/video/,우울증을 예방하기 위한 운동프로그램,486761054,우울증 예방,29.97,405,1920*1080,공,공통,63830,0AUDLJ08S_00043_SC_00257.jpeg,2021,3인 이상,2928,한국어,공넘기기,20221015,근력/근지구력,우울증 예방 운동프로그램,2129.794,mp4,0AUDLJ08S_00043.mp4,http://openapi.kspo.or.kr/web/image/0AUDLJ08S_00043/,88,동영상,전신
협응력 운동,http://openapi.kspo.or.kr/web/video/,우울증을 예방하기 위한 운동프로그램,486761054,우울증 예방,29.97,406,1920*1080,공,공통,64016,0AUDLJ08S_00043_FR_00713.jpeg,2021,3인 이상,2928,한국어,공넘기기,20221015,근력/근지구력,우울증 예방 운동프로그램,2136,mp4,0AUDLJ08S_00043.mp4,http://openapi.kspo.or.kr/web/image/0AUDLJ08S_00043/,89,동영상,전신
협응력 운동,http://openapi.kspo.or.kr/web/video/,우울증을 예방하기 위한 운동프로그램,486761054,우울증 예방,29.97,407,1920*1080,공,공통,64178,0AUDLJ08S_00043_SC_00259.jpeg,2021,3인 이상,2928,한국어,공넘기기,20221015,근력/근지구력,우울증 예방 운동프로그램,2141.405,mp4,0AUDLJ08S_00043.mp4,http://openapi.kspo.or.kr/web/image/0AUDLJ08S_00043/,90,동영상,전신
협응력 운동,http://openapi.kspo.or.kr/web/video/,우울증을 예방하기 위한 운동프로그램,486761054,우울증 예방,29.97,408,1920*1080,공,공통,65135,0AUDLJ08S_00043_SC_00276.jpeg,2021,3인 이상,2928,한국어,발로 공 주고 받기,20221015,근력/근지구력,우울증 예방 운동프로그램,2173.337,mp4,0AUDLJ08S_00043.mp4,http://openapi.kspo.or.kr/web/image/0AUDLJ08S_00043/,91,동영상,하체
협응력 운동,http://openapi.kspo.or.kr/web/video/,우울증을 예방하기 위한 운동프로그램,486761054,우울증 예방,29.97,409,1920*1080,공,공통,65367,0AUDLJ08S_00043_SC_00277.jpeg,2021,3인 이상,2928,한국어,발로 공 주고 받기,20221015,근력/근지구력,우울증 예방 운동프로그램,2181.078,mp4,0AUDLJ08S_00043.mp4,http://openapi.kspo.or.kr/web/image/0AUDLJ08S_00043/,92,동영상,하체
협응력 운동,http://openapi.kspo.or.kr/web/video/,우울증을 예방하기 위한 운동프로그램,486761054,우울증 예방,29.97,410,1920*1080,공,공통,65512,0AUDLJ08S_00043_SC_00278.jpeg,2021,3인 이상,2928,한국어,발로 공 주고 받기,20221015,근력/근지구력,우울증 예방 운동프로그램,2185.917,mp4,0AUDLJ08S_00043.mp4,http://openapi.kspo.or.kr/web/image/0AUDLJ08S_00043/,93,동영상,하체
짝 유연성 운동,http://openapi.kspo.or.kr/web/video/,우울증을 예방하기 위한 운동프로그램,486761054,우울증 예방,29.97,411,1920*1080,,공통,66469,0AUDLJ08S_00043_SC_00283.jpeg,2021,2인 이상,2928,한국어,전신틀어 손벽 마주치기,20221016,유연성,우울증 예방 운동프로그램,2217.848,mp4,0AUDLJ08S_00043.mp4,http://openapi.kspo.or.kr/web/image/0AUDLJ08S_00043/,95,동영상,몸통
짝 유연성 운동,http://openapi.kspo.or.kr/web/video/,우울증을 예방하기 위한 운동프로그램,486761054,우울증 예방,29.97,412,1920*1080,,공통,66714,0AUDLJ08S_00043_FR_00743.jpeg,2021,2인 이상,2928,한국어,전신틀어 손벽 마주치기,20221016,유연성,우울증 예방 운동프로그램,2226.023,mp4,0AUDLJ08S_00043.mp4,http://openapi.kspo.or.kr/web/image/0AUDLJ08S_00043/,96,동영상,몸통
짝 유연성 운동,http://openapi.kspo.or.kr/web/video/,우울증을 예방하기 위한 운동프로그램,486761054,우울증 예방,29.97,413,1920*1080,,공통,66875,0AUDLJ08S_00043_SC_00285.jpeg,2021,2인 이상,2928,한국어,전신틀어 손벽 마주치기,20221016,유연성,우울증 예방 운동프로그램,2231.395,mp4,0AUDLJ08S_00043.mp4,http://openapi.kspo.or.kr/web/image/0AUDLJ08S_00043/,97,동영상,몸통
짝 유연성 운동,http://openapi.kspo.or.kr/web/video/,우울증을 예방하기 위한 운동프로그램,486761054,우울증 예방,29.97,414,1920*1080,,공통,68602,0AUDLJ08S_00043_FR_00764.jpeg,2021,2인 이상,2928,한국어,마주보고 상체 좌우로 비틀기,20221016,유연성,우울증 예방 운동프로그램,2289.02,mp4,0AUDLJ08S_00043.mp4,http://openapi.kspo.or.kr/web/image/0AUDLJ08S_00043/,98,동영상,어깨
짝 유연성 운동,http://openapi.kspo.or.kr/web/video/,우울증을 예방하기 위한 운동프로그램,486761054,우울증 예방,29.97,415,1920*1080,,공통,68782,0AUDLJ08S_00043_FR_00766.jpeg,2021,2인 이상,2928,한국어,마주보고 상체 좌우로 비틀기,20221016,유연성,우울증 예방 운동프로그램,2295.026,mp4,0AUDLJ08S_00043.mp4,http://openapi.kspo.or.kr/web/image/0AUDLJ08S_00043/,99,동영상,어깨
짝 유연성 운동,http://openapi.kspo.or.kr/web/video/,우울증을 예방하기 위한 운동프로그램,486761054,우울증 예방,29.97,416,1920*1080,,공통,69951,0AUDLJ08S_00043_FR_00779.jpeg,2021,2인 이상,2928,한국어,나란히 서서 손잡고 끌어당기기,20221016,유연성,우울증 예방 운동프로그램,2334.031,mp4,0AUDLJ08S_00043.mp4,http://openapi.kspo.or.kr/web/image/0AUDLJ08S_00043/,100,동영상,옆구리
짝 유연성 운동,http://openapi.kspo.or.kr/web/video/,우울증을 예방하기 위한 운동프로그램,486761054,우울증 예방,29.97,417,1920*1080,,공통,70094,0AUDLJ08S_00043_SC_00306.jpeg,2021,2인 이상,2928,한국어,나란히 서서 손잡고 끌어당기기,20221016,유연성,우울증 예방 운동프로그램,2338.803,mp4,0AUDLJ08S_00043.mp4,http://openapi.kspo.or.kr/web/image/0AUDLJ08S_00043/,101,동영상,옆구리
짝 유연성 운동,http://openapi.kspo.or.kr/web/video/,우울증을 예방하기 위한 운동프로그램,486761054,우울증 예방,29.97,418,1920*1080,,공통,70220,0AUDLJ08S_00043_FR_00782.jpeg,2021,2인 이상,2928,한국어,나란히 서서 손잡고 끌어당기기,20221016,유연성,우울증 예방 운동프로그램,2343.007,mp4,0AUDLJ08S_00043.mp4,http://openapi.kspo.or.kr/web/image/0AUDLJ08S_00043/,102,동영상,옆구리
짝 유연성 운동,http://openapi.kspo.or.kr/web/video/,우울증을 예방하기 위한 운동프로그램,486761054,우울증 예방,29.97,419,1920*1080,,공통,71749,0AUDLJ08S_00043_FR_00799.jpeg,2021,2인 이상,2928,한국어,목 스트레칭,20221016,유연성,우울증 예방 운동프로그램,2394.024,mp4,0AUDLJ08S_00043.mp4,http://openapi.kspo.or.kr/web/image/0AUDLJ08S_00043/,103,동영상,목
짝 유연성 운동,http://openapi.kspo.or.kr/web/video/,우울증을 예방하기 위한 운동프로그램,486761054,우울증 예방,29.97,420,1920*1080,,공통,71929,0AUDLJ08S_00043_FR_00801.jpeg,2021,2인 이상,2928,한국어,목 스트레칭,20221016,유연성,우울증 예방 운동프로그램,2400.03,mp4,0AUDLJ08S_00043.mp4,http://openapi.kspo.or.kr/web/image/0AUDLJ08S_00043/,104,동영상,목
짝 유연성 운동,http://openapi.kspo.or.kr/web/video/,우울증을 예방하기 위한 운동프로그램,486761054,우울증 예방,29.97,421,1920*1080,,공통,72008,0AUDLJ08S_00043_SC_00315.jpeg,2021,2인 이상,2928,한국어,목 스트레칭,20221016,유연성,우울증 예방 운동프로그램,2402.666,mp4,0AUDLJ08S_00043.mp4,http://openapi.kspo.or.kr/web/image/0AUDLJ08S_00043/,105,동영상,목
짝 유연성 운동,http://openapi.kspo.or.kr/web/video/,우울증을 예방하기 위한 운동프로그램,486761054,우울증 예방,29.97,422,1920*1080,,공통,73487,0AUDLJ08S_00043_SC_00323.jpeg,2021,2인 이상,2928,한국어,가슴/어깨 스트레칭,20221016,유연성,우울증 예방 운동프로그램,2452.016,mp4,0AUDLJ08S_00043.mp4,http://openapi.kspo.or.kr/web/image/0AUDLJ08S_00043/,106,동영상,가슴
짝 유연성 운동,http://openapi.kspo.or.kr/web/video/,우울증을 예방하기 위한 운동프로그램,486761054,우울증 예방,29.97,423,1920*1080,,공통,73637,0AUDLJ08S_00043_FR_00820.jpeg,2021,2인 이상,2928,한국어,가슴/어깨 스트레칭,20221016,유연성,우울증 예방 운동프로그램,2457.021,mp4,0AUDLJ08S_00043.mp4,http://openapi.kspo.or.kr/web/image/0AUDLJ08S_00043/,107,동영상,가슴
짝 유연성 운동,http://openapi.kspo.or.kr/web/video/,우울증을 예방하기 위한 운동프로그램,486761054,우울증 예방,29.97,424,1920*1080,,공통,74536,0AUDLJ08S_00043_FR_00830.jpeg,2021,2인 이상,2928,한국어,몸통 비틀기,20221016,유연성,우울증 예방 운동프로그램,2487.017,mp4,0AUDLJ08S_00043.mp4,http://openapi.kspo.or.kr/web/image/0AUDLJ08S_00043/,108,동영상,몸통
짝 유연성 운동,http://openapi.kspo.or.kr/web/video/,우울증을 예방하기 위한 운동프로그램,486761054,우울증 예방,29.97,425,1920*1080,,공통,74647,0AUDLJ08S_00043_SC_00330.jpeg,2021,2인 이상,2928,한국어,몸통 비틀기,20221016,유연성,우울증 예방 운동프로그램,2490.721,mp4,0AUDLJ08S_00043.mp4,http://openapi.kspo.or.kr/web/image/0AUDLJ08S_00043/,109,동영상,몸통
짝 유연성 운동,http://openapi.kspo.or.kr/web/video/,우울증을 예방하기 위한 운동프로그램,486761054,우울증 예방,29.97,426,1920*1080,,공통,76010,0AUDLJ08S_00043_SC_00334.jpeg,2021,2인 이상,2928,한국어,엉덩이 스트레칭,20221016,유연성,우울증 예방 운동프로그램,2536.2,mp4,0AUDLJ08S_00043.mp4,http://openapi.kspo.or.kr/web/image/0AUDLJ08S_00043/,110,동영상,엉덩이
짝 유연성 운동,http://openapi.kspo.or.kr/web/video/,우울증을 예방하기 위한 운동프로그램,486761054,우울증 예방,29.97,427,1920*1080,,공통,76242,0AUDLJ08S_00043_SC_00336.jpeg,2021,2인 이상,2928,한국어,엉덩이 스트레칭,20221016,유연성,우울증 예방 운동프로그램,2543.941,mp4,0AUDLJ08S_00043.mp4,http://openapi.kspo.or.kr/web/image/0AUDLJ08S_00043/,111,동영상,엉덩이
짝 유연성 운동,http://openapi.kspo.or.kr/web/video/,우울증을 예방하기 위한 운동프로그램,486761054,우울증 예방,29.97,428,1920*1080,,공통,77489,0AUDLJ08S_00043_SC_00345.jpeg,2021,2인 이상,2928,한국어,대퇴사두근 스트레칭,20221016,유연성,우울증 예방 운동프로그램,2585.549,mp4,0AUDLJ08S_00043.mp4,http://openapi.kspo.or.kr/web/image/0AUDLJ08S_00043/,112,동영상,대퇴사두근
짝 유연성 운동,http://openapi.kspo.or.kr/web/video/,우울증을 예방하기 위한 운동프로그램,486761054,우울증 예방,29.97,429,1920*1080,,공통,77779,0AUDLJ08S_00043_SC_00348.jpeg,2021,2인 이상,2928,한국어,대퇴사두근 스트레칭,20221016,유연성,우울증 예방 운동프로그램,2595.225,mp4,0AUDLJ08S_00043.mp4,http://openapi.kspo.or.kr/web/image/0AUDLJ08S_00043/,113,동영상,대퇴사두근
짝 유연성 운동,http://openapi.kspo.or.kr/web/video/,우울증을 예방하기 위한 운동프로그램,486761054,우울증 예방,29.97,430,1920*1080,,공통,79481,0AUDLJ08S_00043_FR_00885.jpeg,2021,2인 이상,2928,한국어,종아리 스트레칭,20221016,유연성,우울증 예방 운동프로그램,2652.016,mp4,0AUDLJ08S_00043.mp4,http://openapi.kspo.or.kr/web/image/0AUDLJ08S_00043/,114,동영상,종아리
짝 유연성 운동,http://openapi.kspo.or.kr/web/video/,우울증을 예방하기 위한 운동프로그램,486761054,우울증 예방,29.97,431,1920*1080,,공통,79577,0AUDLJ08S_00043_SC_00356.jpeg,2021,2인 이상,2928,한국어,종아리 스트레칭,20221016,유연성,우울증 예방 운동프로그램,2655.219,mp4,0AUDLJ08S_00043.mp4,http://openapi.kspo.or.kr/web/image/0AUDLJ08S_00043/,115,동영상,종아리
짝 유연성 운동,http://openapi.kspo.or.kr/web/video/,우울증을 예방하기 위한 운동프로그램,486761054,우울증 예방,29.97,432,1920*1080,,공통,80998,0AUDLJ08S_00043_SC_00365.jpeg,2021,2인 이상,2928,한국어,등 대고 대퇴이두근 스트레칭,20221016,유연성,우울증 예방 운동프로그램,2702.633,mp4,0AUDLJ08S_00043.mp4,http://openapi.kspo.or.kr/web/image/0AUDLJ08S_00043/,116,동영상,대퇴이두근
짝 유연성 운동,http://openapi.kspo.or.kr/web/video/,우울증을 예방하기 위한 운동프로그램,486761054,우울증 예방,29.97,433,1920*1080,,공통,81143,0AUDLJ08S_00043_SC_00366.jpeg,2021,2인 이상,2928,한국어,등 대고 대퇴이두근 스트레칭,20221016,유연성,우울증 예방 운동프로그램,2707.471,mp4,0AUDLJ08S_00043.mp4,http://openapi.kspo.or.kr/web/image/0AUDLJ08S_00043/,117,동영상,대퇴이두근
짝 유연성 운동,http://openapi.kspo.or.kr/web/video/,우울증을 예방하기 위한 운동프로그램,486761054,우울증 예방,29.97,434,1920*1080,,공통,81189,0AUDLJ08S_00043_FR_00904.jpeg,2021,2인 이상,2928,한국어,등 대고 대퇴이두근 스트레칭,20221016,유연성,우울증 예방 운동프로그램,2709.006,mp4,0AUDLJ08S_00043.mp4,http://openapi.kspo.or.kr/web/image/0AUDLJ08S_00043/,118,동영상,대퇴이두근
짝 유연성 운동,http://openapi.kspo.or.kr/web/video/,우울증을 예방하기 위한 운동프로그램,486761054,우울증 예방,29.97,435,1920*1080,,공통,82912,0AUDLJ08S_00043_SC_00374.jpeg,2021,2인 이상,2928,한국어,마주앉아 대퇴이두근 스트레칭,20221016,유연성,우울증 예방 운동프로그램,2766.497,mp4,0AUDLJ08S_00043.mp4,http://openapi.kspo.or.kr/web/image/0AUDLJ08S_00043/,119,동영상,대퇴이두근
짝 유연성 운동,http://openapi.kspo.or.kr/web/video/,우울증을 예방하기 위한 운동프로그램,486761054,우울증 예방,29.97,436,1920*1080,,공통,83028,0AUDLJ08S_00043_SC_00376.jpeg,2021,2인 이상,2928,한국어,마주앉아 대퇴이두근 스트레칭,20221016,유연성,우울증 예방 운동프로그램,2770.367,mp4,0AUDLJ08S_00043.mp4,http://openapi.kspo.or.kr/web/image/0AUDLJ08S_00043/,120,동영상,대퇴이두근
짝 유연성 운동,http://openapi.kspo.or.kr/web/video/,우울증을 예방하기 위한 운동프로그램,486761054,우울증 예방,29.97,437,1920*1080,,공통,83437,0AUDLJ08S_00043_FR_00929.jpeg,2021,2인 이상,2928,한국어,마주앉아 대퇴이두근 스트레칭,20221016,유연성,우울증 예방 운동프로그램,2784.014,mp4,0AUDLJ08S_00043.mp4,http://openapi.kspo.or.kr/web/image/0AUDLJ08S_00043/,121,동영상,대퇴이두근
짝 유연성 운동,http://openapi.kspo.or.kr/web/video/,우울증을 예방하기 위한 운동프로그램,486761054,우울증 예방,29.97,438,1920*1080,,공통,85957,0AUDLJ08S_00043_SC_00394.jpeg,2021,2인 이상,2928,한국어,마주앉아 대퇴이두근 스트레칭,20221016,유연성,우울증 예방 운동프로그램,2868.098,mp4,0AUDLJ08S_00043.mp4,http://openapi.kspo.or.kr/web/image/0AUDLJ08S_00043/,122,동영상,대퇴이두근
짝 유연성 운동,http://openapi.kspo.or.kr/web/video/,우울증을 예방하기 위한 운동프로그램,486761054,우울증 예방,29.97,439,1920*1080,,공통,86224,0AUDLJ08S_00043_FR_00960.jpeg,2021,2인 이상,2928,한국어,마주앉아 대퇴이두근 스트레칭,20221016,유연성,우울증 예방 운동프로그램,2877.007,mp4,0AUDLJ08S_00043.mp4,http://openapi.kspo.or.kr/web/image/0AUDLJ08S_00043/,123,동영상,대퇴이두근
준비 운동,http://openapi.kspo.or.kr/web/video/,우울증을 예방하기 위한 댄스운동프로그램,55578372,우울증 예방 (댄스운동 편),29.97,440,1920*1080,,공통,2843,0AUDLJ08S_00044_SC_00045.jpeg,2021,,371,한국어,팔 굽혀 펴기,20221014,,우울증 예방 운동프로그램(댄스운동 편),94.861,mp4,0AUDLJ08S_00044.mp4,http://openapi.kspo.or.kr/web/image/0AUDLJ08S_00044/,27,동영상,
준비 운동,http://openapi.kspo.or.kr/web/video/,우울증을 예방하기 위한 댄스운동프로그램,55578372,우울증 예방 (댄스운동 편),29.97,441,1920*1080,,공통,30,0AUDLJ08S_00044_SC_00001.jpeg,2021,1인 이상,371,한국어,,20221013,유연성,우울증 예방 운동프로그램(댄스운동 편),1.001,mp4,0AUDLJ08S_00044.mp4,http://openapi.kspo.or.kr/web/image/0AUDLJ08S_00044/,1,동영상,
준비 운동,http://openapi.kspo.or.kr/web/video/,우울증을 예방하기 위한 댄스운동프로그램,55578372,우울증 예방 (댄스운동 편),29.97,442,1920*1080,,공통,204,0AUDLJ08S_00044_SC_00003.jpeg,2021,1인 이상,371,한국어,,20221013,유연성,우울증 예방 운동프로그램(댄스운동 편),6.806,mp4,0AUDLJ08S_00044.mp4,http://openapi.kspo.or.kr/web/image/0AUDLJ08S_00044/,2,동영상,어깨
준비 운동,http://openapi.kspo.or.kr/web/video/,우울증을 예방하기 위한 댄스운동프로그램,55578372,우울증 예방 (댄스운동 편),29.97,443,1920*1080,,공통,320,0AUDLJ08S_00044_SC_00004.jpeg,2021,1인 이상,371,한국어,어깨 돌리기/허리 돌리기,20221013,유연성,우울증 예방 운동프로그램(댄스운동 편),10.677,mp4,0AUDLJ08S_00044.mp4,http://openapi.kspo.or.kr/web/image/0AUDLJ08S_00044/,3,동영상,하체/어깨
준비 운동,http://openapi.kspo.or.kr/web/video/,우울증을 예방하기 위한 댄스운동프로그램,55578372,우울증 예방 (댄스운동 편),29.97,444,1920*1080,,공통,465,0AUDLJ08S_00044_SC_00005.jpeg,2021,1인 이상,371,한국어,어깨 돌리기/허리 돌리기,20221013,유연성,우울증 예방 운동프로그램(댄스운동 편),15.515,mp4,0AUDLJ08S_00044.mp4,http://openapi.kspo.or.kr/web/image/0AUDLJ08S_00044/,4,동영상,하체/어깨
준비 운동,http://openapi.kspo.or.kr/web/video/,우울증을 예방하기 위한 댄스운동프로그램,55578372,우울증 예방 (댄스운동 편),29.97,445,1920*1080,,공통,3945,0AUDLJ08S_00044_SC_00061.jpeg,2021,,371,한국어,제자리스텝,20221014,,우울증 예방 운동프로그램(댄스운동 편),131.631,mp4,0AUDLJ08S_00044.mp4,http://openapi.kspo.or.kr/web/image/0AUDLJ08S_00044/,38,동영상,
준비 운동,http://openapi.kspo.or.kr/web/video/,우울증을 예방하기 위한 댄스운동프로그램,55578372,우울증 예방 (댄스운동 편),29.97,446,1920*1080,,공통,581,0AUDLJ08S_00044_SC_00006.jpeg,2021,1인 이상,371,한국어,어깨 돌리기/허리 돌리기,20221013,유연성,우울증 예방 운동프로그램(댄스운동 편),19.386,mp4,0AUDLJ08S_00044.mp4,http://openapi.kspo.or.kr/web/image/0AUDLJ08S_00044/,5,동영상,하체/어깨
준비 운동,http://openapi.kspo.or.kr/web/video/,우울증을 예방하기 위한 댄스운동프로그램,55578372,우울증 예방 (댄스운동 편),29.97,447,1920*1080,,공통,697,0AUDLJ08S_00044_SC_00007.jpeg,2021,1인 이상,371,한국어,어깨 돌리기/허리 돌리기,20221013,유연성,우울증 예방 운동프로그램(댄스운동 편),23.256,mp4,0AUDLJ08S_00044.mp4,http://openapi.kspo.or.kr/web/image/0AUDLJ08S_00044/,6,동영상,하체/어깨
준비 운동,http://openapi.kspo.or.kr/web/video/,우울증을 예방하기 위한 댄스운동프로그램,55578372,우울증 예방 (댄스운동 편),29.97,448,1920*1080,,공통,842,0AUDLJ08S_00044_SC_00008.jpeg,2021,1인 이상,371,한국어,사이드스탭/박수 치기,20221013,유연성,우울증 예방 운동프로그램(댄스운동 편),28.094,mp4,0AUDLJ08S_00044.mp4,http://openapi.kspo.or.kr/web/image/0AUDLJ08S_00044/,7,동영상,
준비 운동,http://openapi.kspo.or.kr/web/video/,우울증을 예방하기 위한 댄스운동프로그램,55578372,우울증 예방 (댄스운동 편),29.97,449,1920*1080,,공통,958,0AUDLJ08S_00044_SC_00009.jpeg,2021,1인 이상,371,한국어,사이드스탭/박수 치기,20221013,유연성,우울증 예방 운동프로그램(댄스운동 편),31.965,mp4,0AUDLJ08S_00044.mp4,http://openapi.kspo.or.kr/web/image/0AUDLJ08S_00044/,8,동영상,
준비 운동,http://openapi.kspo.or.kr/web/video/,우울증을 예방하기 위한 댄스운동프로그램,55578372,우울증 예방 (댄스운동 편),29.97,450,1920*1080,,공통,1103,0AUDLJ08S_00044_SC_00013.jpeg,2021,2인 이상,371,한국어,스쿼트/마주 보며 박수 치기,20221013,유연성,우울증 예방 운동프로그램(댄스운동 편),36.803,mp4,0AUDLJ08S_00044.mp4,http://openapi.kspo.or.kr/web/image/0AUDLJ08S_00044/,9,동영상,
준비 운동,http://openapi.kspo.or.kr/web/video/,우울증을 예방하기 위한 댄스운동프로그램,55578372,우울증 예방 (댄스운동 편),29.97,451,1920*1080,,공통,1132,0AUDLJ08S_00044_SC_00014.jpeg,2021,1인 이상,371,한국어,스쿼트/마주 보며 박수 치기,20221013,유연성,우울증 예방 운동프로그램(댄스운동 편),37.771,mp4,0AUDLJ08S_00044.mp4,http://openapi.kspo.or.kr/web/image/0AUDLJ08S_00044/,10,동영상,
준비 운동,http://openapi.kspo.or.kr/web/video/,우울증을 예방하기 위한 댄스운동프로그램,55578372,우울증 예방 (댄스운동 편),29.97,452,1920*1080,,공통,1161,0AUDLJ08S_00044_SC_00015.jpeg,2021,1인 이상,371,한국어,스쿼트/마주 보며 박수 치기,20221013,유연성,우울증 예방 운동프로그램(댄스운동 편),38.738,mp4,0AUDLJ08S_00044.mp4,http://openapi.kspo.or.kr/web/image/0AUDLJ08S_00044/,11,동영상,
준비 운동,http://openapi.kspo.or.kr/web/video/,우울증을 예방하기 위한 댄스운동프로그램,55578372,우울증 예방 (댄스운동 편),29.97,453,1920*1080,,공통,1190,0AUDLJ08S_00044_SC_00016.jpeg,2021,1인 이상,371,한국어,스쿼트/마주 보며 박수 치기,20221013,유연성,우울증 예방 운동프로그램(댄스운동 편),39.706,mp4,0AUDLJ08S_00044.mp4,http://openapi.kspo.or.kr/web/image/0AUDLJ08S_00044/,12,동영상,
준비 운동,http://openapi.kspo.or.kr/web/video/,우울증을 예방하기 위한 댄스운동프로그램,55578372,우울증 예방 (댄스운동 편),29.97,454,1920*1080,,공통,1219,0AUDLJ08S_00044_SC_00017.jpeg,2021,1인 이상,371,한국어,스쿼트/마주 보며 박수 치기,20221013,유연성,우울증 예방 운동프로그램(댄스운동 편),40.673,mp4,0AUDLJ08S_00044.mp4,http://openapi.kspo.or.kr/web/image/0AUDLJ08S_00044/,13,동영상,
준비 운동,http://openapi.kspo.or.kr/web/video/,우울증을 예방하기 위한 댄스운동프로그램,55578372,우울증 예방 (댄스운동 편),29.97,455,1920*1080,,공통,1248,0AUDLJ08S_00044_SC_00018.jpeg,2021,1인 이상,371,한국어,스쿼트/마주 보며 박수 치기,20221013,유연성,우울증 예방 운동프로그램(댄스운동 편),41.641,mp4,0AUDLJ08S_00044.mp4,http://openapi.kspo.or.kr/web/image/0AUDLJ08S_00044/,14,동영상,
준비 운동,http://openapi.kspo.or.kr/web/video/,우울증을 예방하기 위한 댄스운동프로그램,55578372,우울증 예방 (댄스운동 편),29.97,456,1920*1080,,공통,1335,0AUDLJ08S_00044_SC_00021.jpeg,2021,1인 이상,371,한국어,프론트니업,20221013,유연성,우울증 예방 운동프로그램(댄스운동 편),44.544,mp4,0AUDLJ08S_00044.mp4,http://openapi.kspo.or.kr/web/image/0AUDLJ08S_00044/,15,동영상,
준비 운동,http://openapi.kspo.or.kr/web/video/,우울증을 예방하기 위한 댄스운동프로그램,55578372,우울증 예방 (댄스운동 편),29.97,457,1920*1080,,공통,1451,0AUDLJ08S_00044_SC_00022.jpeg,2021,1인 이상,371,한국어,프론트니업,20221013,유연성,우울증 예방 운동프로그램(댄스운동 편),48.415,mp4,0AUDLJ08S_00044.mp4,http://openapi.kspo.or.kr/web/image/0AUDLJ08S_00044/,16,동영상,
준비 운동,http://openapi.kspo.or.kr/web/video/,우울증을 예방하기 위한 댄스운동프로그램,55578372,우울증 예방 (댄스운동 편),29.97,458,1920*1080,,공통,1509,0AUDLJ08S_00044_SC_00023.jpeg,2021,1인 이상,371,한국어,프론트니업,20221013,유연성,우울증 예방 운동프로그램(댄스운동 편),50.35,mp4,0AUDLJ08S_00044.mp4,http://openapi.kspo.or.kr/web/image/0AUDLJ08S_00044/,17,동영상,
준비 운동,http://openapi.kspo.or.kr/web/video/,우울증을 예방하기 위한 댄스운동프로그램,55578372,우울증 예방 (댄스운동 편),29.97,459,1920*1080,,공통,1944,0AUDLJ08S_00044_SC_00032.jpeg,2021,1인 이상,371,한국어,사이드니업,20221013,유연성,우울증 예방 운동프로그램(댄스운동 편),64.864,mp4,0AUDLJ08S_00044.mp4,http://openapi.kspo.or.kr/web/image/0AUDLJ08S_00044/,18,동영상,
준비 운동,http://openapi.kspo.or.kr/web/video/,우울증을 예방하기 위한 댄스운동프로그램,55578372,우울증 예방 (댄스운동 편),29.97,460,1920*1080,,공통,2089,0AUDLJ08S_00044_SC_00033.jpeg,2021,1인 이상,371,한국어,사이드니업,20221013,유연성,우울증 예방 운동프로그램(댄스운동 편),69.702,mp4,0AUDLJ08S_00044.mp4,http://openapi.kspo.or.kr/web/image/0AUDLJ08S_00044/,19,동영상,
준비 운동,http://openapi.kspo.or.kr/web/video/,우울증을 예방하기 위한 댄스운동프로그램,55578372,우울증 예방 (댄스운동 편),29.97,461,1920*1080,,공통,2118,0AUDLJ08S_00044_SC_00034.jpeg,2021,1인 이상,371,한국어,사이드니업,20221013,유연성,우울증 예방 운동프로그램(댄스운동 편),70.67,mp4,0AUDLJ08S_00044.mp4,http://openapi.kspo.or.kr/web/image/0AUDLJ08S_00044/,20,동영상,
준비 운동,http://openapi.kspo.or.kr/web/video/,우울증을 예방하기 위한 댄스운동프로그램,55578372,우울증 예방 (댄스운동 편),29.97,462,1920*1080,,공통,2147,0AUDLJ08S_00044_SC_00035.jpeg,2021,1인 이상,371,한국어,사이드니업,20221013,유연성,우울증 예방 운동프로그램(댄스운동 편),71.638,mp4,0AUDLJ08S_00044.mp4,http://openapi.kspo.or.kr/web/image/0AUDLJ08S_00044/,21,동영상,
준비 운동,http://openapi.kspo.or.kr/web/video/,우울증을 예방하기 위한 댄스운동프로그램,55578372,우울증 예방 (댄스운동 편),29.97,463,1920*1080,,공통,2350,0AUDLJ08S_00044_SC_00038.jpeg,2021,1인 이상,371,한국어,런지 4종(사이드/리버스 런지),20221013,유연성,우울증 예방 운동프로그램(댄스운동 편),78.411,mp4,0AUDLJ08S_00044.mp4,http://openapi.kspo.or.kr/web/image/0AUDLJ08S_00044/,22,동영상,
준비 운동,http://openapi.kspo.or.kr/web/video/,우울증을 예방하기 위한 댄스운동프로그램,55578372,우울증 예방 (댄스운동 편),29.97,464,1920*1080,,공통,2466,0AUDLJ08S_00044_SC_00039.jpeg,2021,1인 이상,371,한국어,런지 4종(사이드/리버스 런지),20221013,유연성,우울증 예방 운동프로그램(댄스운동 편),82.282,mp4,0AUDLJ08S_00044.mp4,http://openapi.kspo.or.kr/web/image/0AUDLJ08S_00044/,23,동영상,
준비 운동,http://openapi.kspo.or.kr/web/video/,우울증을 예방하기 위한 댄스운동프로그램,55578372,우울증 예방 (댄스운동 편),29.97,465,1920*1080,,공통,2611,0AUDLJ08S_00044_SC_00040.jpeg,2021,,371,한국어,런지 4종(사이드/리버스 런지),20221014,,우울증 예방 운동프로그램(댄스운동 편),87.12,mp4,0AUDLJ08S_00044.mp4,http://openapi.kspo.or.kr/web/image/0AUDLJ08S_00044/,24,동영상,
준비 운동,http://openapi.kspo.or.kr/web/video/,우울증을 예방하기 위한 댄스운동프로그램,55578372,우울증 예방 (댄스운동 편),29.97,466,1920*1080,,공통,2727,0AUDLJ08S_00044_SC_00041.jpeg,2021,,371,한국어,런지 4종(사이드/리버스 런지),20221014,,우울증 예방 운동프로그램(댄스운동 편),90.99,mp4,0AUDLJ08S_00044.mp4,http://openapi.kspo.or.kr/web/image/0AUDLJ08S_00044/,25,동영상,
준비 운동,http://openapi.kspo.or.kr/web/video/,우울증을 예방하기 위한 댄스운동프로그램,55578372,우울증 예방 (댄스운동 편),29.97,467,1920*1080,,공통,2814,0AUDLJ08S_00044_SC_00044.jpeg,2021,1인 이상,371,한국어,팔 굽혀 펴기,20221013,유연성,우울증 예방 운동프로그램(댄스운동 편),93.893,mp4,0AUDLJ08S_00044.mp4,http://openapi.kspo.or.kr/web/image/0AUDLJ08S_00044/,26,동영상,
준비 운동,http://openapi.kspo.or.kr/web/video/,우울증을 예방하기 위한 댄스운동프로그램,55578372,우울증 예방 (댄스운동 편),29.97,468,1920*1080,,공통,2959,0AUDLJ08S_00044_SC_00046.jpeg,2021,,371,한국어,팔 굽혀 펴기,20221014,,우울증 예방 운동프로그램(댄스운동 편),98.731,mp4,0AUDLJ08S_00044.mp4,http://openapi.kspo.or.kr/web/image/0AUDLJ08S_00044/,28,동영상,
준비 운동,http://openapi.kspo.or.kr/web/video/,우울증을 예방하기 위한 댄스운동프로그램,55578372,우울증 예방 (댄스운동 편),29.97,469,1920*1080,,공통,3162,0AUDLJ08S_00044_SC_00048.jpeg,2021,1인 이상,371,한국어,플랭크잭,20221013,유연성,우울증 예방 운동프로그램(댄스운동 편),105.505,mp4,0AUDLJ08S_00044.mp4,http://openapi.kspo.or.kr/web/image/0AUDLJ08S_00044/,29,동영상,
준비 운동,http://openapi.kspo.or.kr/web/video/,우울증을 예방하기 위한 댄스운동프로그램,55578372,우울증 예방 (댄스운동 편),29.97,470,1920*1080,,공통,3191,0AUDLJ08S_00044_SC_00049.jpeg,2021,,371,한국어,플랭크잭,20221014,,우울증 예방 운동프로그램(댄스운동 편),106.473,mp4,0AUDLJ08S_00044.mp4,http://openapi.kspo.or.kr/web/image/0AUDLJ08S_00044/,30,동영상,
준비 운동,http://openapi.kspo.or.kr/web/video/,우울증을 예방하기 위한 댄스운동프로그램,55578372,우울증 예방 (댄스운동 편),29.97,471,1920*1080,,공통,3336,0AUDLJ08S_00044_SC_00051.jpeg,2021,1인 이상,371,한국어,점핑잭,20221013,유연성,우울증 예방 운동프로그램(댄스운동 편),111.311,mp4,0AUDLJ08S_00044.mp4,http://openapi.kspo.or.kr/web/image/0AUDLJ08S_00044/,31,동영상,
준비 운동,http://openapi.kspo.or.kr/web/video/,우울증을 예방하기 위한 댄스운동프로그램,55578372,우울증 예방 (댄스운동 편),29.97,472,1920*1080,,공통,3423,0AUDLJ08S_00044_SC_00052.jpeg,2021,,371,한국어,점핑잭,20221014,,우울증 예방 운동프로그램(댄스운동 편),114.214,mp4,0AUDLJ08S_00044.mp4,http://openapi.kspo.or.kr/web/image/0AUDLJ08S_00044/,32,동영상,
준비 운동,http://openapi.kspo.or.kr/web/video/,우울증을 예방하기 위한 댄스운동프로그램,55578372,우울증 예방 (댄스운동 편),29.97,473,1920*1080,,공통,3452,0AUDLJ08S_00044_SC_00053.jpeg,2021,,371,한국어,점핑잭,20221014,,우울증 예방 운동프로그램(댄스운동 편),115.181,mp4,0AUDLJ08S_00044.mp4,http://openapi.kspo.or.kr/web/image/0AUDLJ08S_00044/,33,동영상,
준비 운동,http://openapi.kspo.or.kr/web/video/,우울증을 예방하기 위한 댄스운동프로그램,55578372,우울증 예방 (댄스운동 편),29.97,474,1920*1080,,공통,3481,0AUDLJ08S_00044_SC_00054.jpeg,2021,,371,한국어,점핑잭,20221014,,우울증 예방 운동프로그램(댄스운동 편),116.149,mp4,0AUDLJ08S_00044.mp4,http://openapi.kspo.or.kr/web/image/0AUDLJ08S_00044/,34,동영상,
준비 운동,http://openapi.kspo.or.kr/web/video/,우울증을 예방하기 위한 댄스운동프로그램,55578372,우울증 예방 (댄스운동 편),29.97,475,1920*1080,,공통,3568,0AUDLJ08S_00044_SC_00055.jpeg,2021,,371,한국어,점핑잭,20221014,,우울증 예방 운동프로그램(댄스운동 편),119.052,mp4,0AUDLJ08S_00044.mp4,http://openapi.kspo.or.kr/web/image/0AUDLJ08S_00044/,35,동영상,
준비 운동,http://openapi.kspo.or.kr/web/video/,우울증을 예방하기 위한 댄스운동프로그램,55578372,우울증 예방 (댄스운동 편),29.97,476,1920*1080,,공통,3597,0AUDLJ08S_00044_SC_00056.jpeg,2021,,371,한국어,점핑잭,20221014,,우울증 예방 운동프로그램(댄스운동 편),120.019,mp4,0AUDLJ08S_00044.mp4,http://openapi.kspo.or.kr/web/image/0AUDLJ08S_00044/,36,동영상,
준비 운동,http://openapi.kspo.or.kr/web/video/,우울증을 예방하기 위한 댄스운동프로그램,55578372,우울증 예방 (댄스운동 편),29.97,477,1920*1080,,공통,3916,0AUDLJ08S_00044_SC_00060.jpeg,2021,1인 이상,371,한국어,제자리스텝,20221013,유연성,우울증 예방 운동프로그램(댄스운동 편),130.663,mp4,0AUDLJ08S_00044.mp4,http://openapi.kspo.or.kr/web/image/0AUDLJ08S_00044/,37,동영상,
준비 운동,http://openapi.kspo.or.kr/web/video/,우울증을 예방하기 위한 댄스운동프로그램,55578372,우울증 예방 (댄스운동 편),29.97,478,1920*1080,,공통,4003,0AUDLJ08S_00044_SC_00062.jpeg,2021,,371,한국어,제자리스텝,20221014,,우울증 예방 운동프로그램(댄스운동 편),133.566,mp4,0AUDLJ08S_00044.mp4,http://openapi.kspo.or.kr/web/image/0AUDLJ08S_00044/,39,동영상,
준비 운동,http://openapi.kspo.or.kr/web/video/,우울증을 예방하기 위한 댄스운동프로그램,55578372,우울증 예방 (댄스운동 편),29.97,479,1920*1080,,공통,4090,0AUDLJ08S_00044_SC_00063.jpeg,2021,,371,한국어,제자리스텝,20221014,,우울증 예방 운동프로그램(댄스운동 편),136.469,mp4,0AUDLJ08S_00044.mp4,http://openapi.kspo.or.kr/web/image/0AUDLJ08S_00044/,40,동영상,
준비 운동,http://openapi.kspo.or.kr/web/video/,우울증을 예방하기 위한 댄스운동프로그램,55578372,우울증 예방 (댄스운동 편),29.97,480,1920*1080,,공통,4177,0AUDLJ08S_00044_SC_00064.jpeg,2021,,371,한국어,제자리스텝,20221014,,우울증 예방 운동프로그램(댄스운동 편),139.372,mp4,0AUDLJ08S_00044.mp4,http://openapi.kspo.or.kr/web/image/0AUDLJ08S_00044/,41,동영상,
준비 운동,http://openapi.kspo.or.kr/web/video/,우울증을 예방하기 위한 댄스운동프로그램,55578372,우울증 예방 (댄스운동 편),29.97,481,1920*1080,,공통,4206,0AUDLJ08S_00044_SC_00065.jpeg,2021,,371,한국어,제자리스텝,20221014,,우울증 예방 운동프로그램(댄스운동 편),140.34,mp4,0AUDLJ08S_00044.mp4,http://openapi.kspo.or.kr/web/image/0AUDLJ08S_00044/,42,동영상,
준비 운동,http://openapi.kspo.or.kr/web/video/,우울증을 예방하기 위한 댄스운동프로그램,55578372,우울증 예방 (댄스운동 편),29.97,482,1920*1080,,공통,4235,0AUDLJ08S_00044_SC_00066.jpeg,2021,,371,한국어,제자리스텝,20221014,,우울증 예방 운동프로그램(댄스운동 편),141.307,mp4,0AUDLJ08S_00044.mp4,http://openapi.kspo.or.kr/web/image/0AUDLJ08S_00044/,43,동영상,
준비 운동,http://openapi.kspo.or.kr/web/video/,우울증을 예방하기 위한 댄스운동프로그램,55578372,우울증 예방 (댄스운동 편),29.97,483,1920*1080,,공통,4264,0AUDLJ08S_00044_SC_00067.jpeg,2021,,371,한국어,제자리스텝,20221014,,우울증 예방 운동프로그램(댄스운동 편),142.275,mp4,0AUDLJ08S_00044.mp4,http://openapi.kspo.or.kr/web/image/0AUDLJ08S_00044/,44,동영상,
준비 운동,http://openapi.kspo.or.kr/web/video/,우울증을 예방하기 위한 댄스운동프로그램,55578372,우울증 예방 (댄스운동 편),29.97,484,1920*1080,,공통,4293,0AUDLJ08S_00044_SC_00068.jpeg,2021,,371,한국어,제자리스텝,20221014,,우울증 예방 운동프로그램(댄스운동 편),143.243,mp4,0AUDLJ08S_00044.mp4,http://openapi.kspo.or.kr/web/image/0AUDLJ08S_00044/,45,동영상,
준비 운동,http://openapi.kspo.or.kr/web/video/,우울증을 예방하기 위한 댄스운동프로그램,55578372,우울증 예방 (댄스운동 편),29.97,485,1920*1080,,공통,4989,0AUDLJ08S_00044_SC_00078.jpeg,2021,1인 이상,371,한국어,앞다기 뻗기/머리 위로 박수,20221013,유연성,우울증 예방 운동프로그램(댄스운동 편),166.466,mp4,0AUDLJ08S_00044.mp4,http://openapi.kspo.or.kr/web/image/0AUDLJ08S_00044/,46,동영상,
준비 운동,http://openapi.kspo.or.kr/web/video/,우울증을 예방하기 위한 댄스운동프로그램,55578372,우울증 예방 (댄스운동 편),29.97,486,1920*1080,,공통,5076,0AUDLJ08S_00044_SC_00079.jpeg,2021,,371,한국어,앞다기 뻗기/머리 위로 박수,20221014,,우울증 예방 운동프로그램(댄스운동 편),169.369,mp4,0AUDLJ08S_00044.mp4,http://openapi.kspo.or.kr/web/image/0AUDLJ08S_00044/,47,동영상,
준비 운동,http://openapi.kspo.or.kr/web/video/,우울증을 예방하기 위한 댄스운동프로그램,55578372,우울증 예방 (댄스운동 편),29.97,487,1920*1080,,공통,5134,0AUDLJ08S_00044_SC_00080.jpeg,2021,,371,한국어,앞다기 뻗기/머리 위로 박수,20221014,,우울증 예방 운동프로그램(댄스운동 편),171.304,mp4,0AUDLJ08S_00044.mp4,http://openapi.kspo.or.kr/web/image/0AUDLJ08S_00044/,48,동영상,
준비 운동,http://openapi.kspo.or.kr/web/video/,우울증을 예방하기 위한 댄스운동프로그램,55578372,우울증 예방 (댄스운동 편),29.97,488,1920*1080,,공통,5163,0AUDLJ08S_00044_SC_00081.jpeg,2021,,371,한국어,앞다기 뻗기/머리 위로 박수,20221014,,우울증 예방 운동프로그램(댄스운동 편),172.272,mp4,0AUDLJ08S_00044.mp4,http://openapi.kspo.or.kr/web/image/0AUDLJ08S_00044/,49,동영상,
준비 운동,http://openapi.kspo.or.kr/web/video/,우울증을 예방하기 위한 댄스운동프로그램,55578372,우울증 예방 (댄스운동 편),29.97,489,1920*1080,,공통,5192,0AUDLJ08S_00044_SC_00082.jpeg,2021,,371,한국어,앞다기 뻗기/머리 위로 박수,20221014,,우울증 예방 운동프로그램(댄스운동 편),173.239,mp4,0AUDLJ08S_00044.mp4,http://openapi.kspo.or.kr/web/image/0AUDLJ08S_00044/,50,동영상,
준비 운동,http://openapi.kspo.or.kr/web/video/,우울증을 예방하기 위한 댄스운동프로그램,55578372,우울증 예방 (댄스운동 편),29.97,490,1920*1080,,공통,5685,0AUDLJ08S_00044_SC_00092.jpeg,2021,1인 이상,371,한국어,사이드 스텝/동작 취하기,20221013,유연성,우울증 예방 운동프로그램(댄스운동 편),189.689,mp4,0AUDLJ08S_00044.mp4,http://openapi.kspo.or.kr/web/image/0AUDLJ08S_00044/,51,동영상,
준비 운동,http://openapi.kspo.or.kr/web/video/,우울증을 예방하기 위한 댄스운동프로그램,55578372,우울증 예방 (댄스운동 편),29.97,491,1920*1080,,공통,5743,0AUDLJ08S_00044_SC_00093.jpeg,2021,,371,한국어,사이드 스텝/동작 취하기,20221014,,우울증 예방 운동프로그램(댄스운동 편),191.624,mp4,0AUDLJ08S_00044.mp4,http://openapi.kspo.or.kr/web/image/0AUDLJ08S_00044/,52,동영상,
준비 운동,http://openapi.kspo.or.kr/web/video/,우울증을 예방하기 위한 댄스운동프로그램,55578372,우울증 예방 (댄스운동 편),29.97,492,1920*1080,,공통,5772,0AUDLJ08S_00044_SC_00094.jpeg,2021,,371,한국어,사이드 스텝/동작 취하기,20221014,,우울증 예방 운동프로그램(댄스운동 편),192.592,mp4,0AUDLJ08S_00044.mp4,http://openapi.kspo.or.kr/web/image/0AUDLJ08S_00044/,53,동영상,
본 운동,http://openapi.kspo.or.kr/web/video/,우울증을 예방하기 위한 댄스운동프로그램,55578372,우울증 예방 (댄스운동 편),29.97,493,1920*1080,,공통,6352,0AUDLJ08S_00044_SC_00104.jpeg,2021,,371,한국어,네로우 스쿼트/팔 벌리기,20221014,,우울증 예방 운동프로그램(댄스운동 편),211.945,mp4,0AUDLJ08S_00044.mp4,http://openapi.kspo.or.kr/web/image/0AUDLJ08S_00044/,54,동영상,
본 운동,http://openapi.kspo.or.kr/web/video/,우울증을 예방하기 위한 댄스운동프로그램,55578372,우울증 예방 (댄스운동 편),29.97,494,1920*1080,,공통,6381,0AUDLJ08S_00044_SC_00105.jpeg,2021,,371,한국어,네로우 스쿼트/팔 벌리기,20221014,,우울증 예방 운동프로그램(댄스운동 편),212.912,mp4,0AUDLJ08S_00044.mp4,http://openapi.kspo.or.kr/web/image/0AUDLJ08S_00044/,55,동영상,
본 운동,http://openapi.kspo.or.kr/web/video/,우울증을 예방하기 위한 댄스운동프로그램,55578372,우울증 예방 (댄스운동 편),29.97,495,1920*1080,,공통,6439,0AUDLJ08S_00044_SC_00106.jpeg,2021,,371,한국어,네로우 스쿼트/팔 벌리기,20221014,,우울증 예방 운동프로그램(댄스운동 편),214.847,mp4,0AUDLJ08S_00044.mp4,http://openapi.kspo.or.kr/web/image/0AUDLJ08S_00044/,56,동영상,
본 운동,http://openapi.kspo.or.kr/web/video/,우울증을 예방하기 위한 댄스운동프로그램,55578372,우울증 예방 (댄스운동 편),29.97,496,1920*1080,,공통,6468,0AUDLJ08S_00044_SC_00107.jpeg,2021,,371,한국어,네로우 스쿼트/팔 벌리기,20221014,,우울증 예방 운동프로그램(댄스운동 편),215.815,mp4,0AUDLJ08S_00044.mp4,http://openapi.kspo.or.kr/web/image/0AUDLJ08S_00044/,57,동영상,
본 운동,http://openapi.kspo.or.kr/web/video/,우울증을 예방하기 위한 댄스운동프로그램,55578372,우울증 예방 (댄스운동 편),29.97,497,1920*1080,,공통,6787,0AUDLJ08S_00044_SC_00111.jpeg,2021,1인 이상,371,한국어,X니킥,20221013,근력/근지구력,우울증 예방 운동프로그램(댄스운동 편),226.459,mp4,0AUDLJ08S_00044.mp4,http://openapi.kspo.or.kr/web/image/0AUDLJ08S_00044/,58,동영상,
본 운동,http://openapi.kspo.or.kr/web/video/,우울증을 예방하기 위한 댄스운동프로그램,55578372,우울증 예방 (댄스운동 편),29.97,498,1920*1080,,공통,6874,0AUDLJ08S_00044_SC_00112.jpeg,2021,,371,한국어,X니킥,20221014,,우울증 예방 운동프로그램(댄스운동 편),229.362,mp4,0AUDLJ08S_00044.mp4,http://openapi.kspo.or.kr/web/image/0AUDLJ08S_00044/,59,동영상,
본 운동,http://openapi.kspo.or.kr/web/video/,우울증을 예방하기 위한 댄스운동프로그램,55578372,우울증 예방 (댄스운동 편),29.97,499,1920*1080,,공통,6932,0AUDLJ08S_00044_SC_00113.jpeg,2021,,371,한국어,X니킥,20221014,,우울증 예방 운동프로그램(댄스운동 편),231.297,mp4,0AUDLJ08S_00044.mp4,http://openapi.kspo.or.kr/web/image/0AUDLJ08S_00044/,60,동영상,
본 운동,http://openapi.kspo.or.kr/web/video/,우울증을 예방하기 위한 댄스운동프로그램,55578372,우울증 예방 (댄스운동 편),29.97,500,1920*1080,,공통,6990,0AUDLJ08S_00044_SC_00114.jpeg,2021,,371,한국어,X니킥,20221014,,우울증 예방 운동프로그램(댄스운동 편),233.233,mp4,0AUDLJ08S_00044.mp4,http://openapi.kspo.or.kr/web/image/0AUDLJ08S_00044/,61,동영상,
본 운동,http://openapi.kspo.or.kr/web/video/,우울증을 예방하기 위한 댄스운동프로그램,55578372,우울증 예방 (댄스운동 편),29.97,501,1920*1080,,공통,7135,0AUDLJ08S_00044_SC_00117.jpeg,2021,1인 이상,371,한국어,목 돌리기,20221013,유연성,우울증 예방 운동프로그램(댄스운동 편),238.071,mp4,0AUDLJ08S_00044.mp4,http://openapi.kspo.or.kr/web/image/0AUDLJ08S_00044/,62,동영상,몸통
본 운동,http://openapi.kspo.or.kr/web/video/,우울증을 예방하기 위한 댄스운동프로그램,55578372,우울증 예방 (댄스운동 편),29.97,502,1920*1080,,공통,7193,0AUDLJ08S_00044_SC_00118.jpeg,2021,,371,한국어,목 돌리기,20221014,,우울증 예방 운동프로그램(댄스운동 편),240.006,mp4,0AUDLJ08S_00044.mp4,http://openapi.kspo.or.kr/web/image/0AUDLJ08S_00044/,63,동영상,
본 운동,http://openapi.kspo.or.kr/web/video/,우울증을 예방하기 위한 댄스운동프로그램,55578372,우울증 예방 (댄스운동 편),29.97,503,1920*1080,,공통,7251,0AUDLJ08S_00044_SC_00120.jpeg,2021,1인 이상,371,한국어,뒤꿈치 바운스/손동작,20221013,근력/근지구력,우울증 예방 운동프로그램(댄스운동 편),241.941,mp4,0AUDLJ08S_00044.mp4,http://openapi.kspo.or.kr/web/image/0AUDLJ08S_00044/,64,동영상,몸통
본 운동,http://openapi.kspo.or.kr/web/video/,우울증을 예방하기 위한 댄스운동프로그램,55578372,우울증 예방 (댄스운동 편),29.97,504,1920*1080,,공통,7309,0AUDLJ08S_00044_SC_00121.jpeg,2021,,371,한국어,뒤꿈치 바운스/손동작,20221014,,우울증 예방 운동프로그램(댄스운동 편),243.876,mp4,0AUDLJ08S_00044.mp4,http://openapi.kspo.or.kr/web/image/0AUDLJ08S_00044/,65,동영상,
본 운동,http://openapi.kspo.or.kr/web/video/,우울증을 예방하기 위한 댄스운동프로그램,55578372,우울증 예방 (댄스운동 편),29.97,505,1920*1080,,공통,7367,0AUDLJ08S_00044_SC_00122.jpeg,2021,,371,한국어,뒤꿈치 바운스/손동작,20221014,,우울증 예방 운동프로그램(댄스운동 편),245.812,mp4,0AUDLJ08S_00044.mp4,http://openapi.kspo.or.kr/web/image/0AUDLJ08S_00044/,66,동영상,
본 운동,http://openapi.kspo.or.kr/web/video/,우울증을 예방하기 위한 댄스운동프로그램,55578372,우울증 예방 (댄스운동 편),29.97,506,1920*1080,,공통,7570,0AUDLJ08S_00044_SC_00124.jpeg,2021,1인 이상,371,한국어,트위스트 니킥,20221013,근력/근지구력,우울증 예방 운동프로그램(댄스운동 편),252.585,mp4,0AUDLJ08S_00044.mp4,http://openapi.kspo.or.kr/web/image/0AUDLJ08S_00044/,67,동영상,몸통
본 운동,http://openapi.kspo.or.kr/web/video/,우울증을 예방하기 위한 댄스운동프로그램,55578372,우울증 예방 (댄스운동 편),29.97,507,1920*1080,,공통,7657,0AUDLJ08S_00044_SC_00125.jpeg,2021,,371,한국어,트위스트 니킥,20221014,,우울증 예방 운동프로그램(댄스운동 편),255.488,mp4,0AUDLJ08S_00044.mp4,http://openapi.kspo.or.kr/web/image/0AUDLJ08S_00044/,68,동영상,
본 운동,http://openapi.kspo.or.kr/web/video/,우울증을 예방하기 위한 댄스운동프로그램,55578372,우울증 예방 (댄스운동 편),29.97,508,1920*1080,,공통,7773,0AUDLJ08S_00044_SC_00126.jpeg,2021,,371,한국어,트위스트 니킥,20221014,,우울증 예방 운동프로그램(댄스운동 편),259.359,mp4,0AUDLJ08S_00044.mp4,http://openapi.kspo.or.kr/web/image/0AUDLJ08S_00044/,69,동영상,
본 운동,http://openapi.kspo.or.kr/web/video/,우울증을 예방하기 위한 댄스운동프로그램,55578372,우울증 예방 (댄스운동 편),29.97,509,1920*1080,,공통,7976,0AUDLJ08S_00044_SC_00129.jpeg,2021,1인 이상,371,한국어,포워드 런지/숄더 프레스,20221013,근력/근지구력,우울증 예방 운동프로그램(댄스운동 편),266.132,mp4,0AUDLJ08S_00044.mp4,http://openapi.kspo.or.kr/web/image/0AUDLJ08S_00044/,70,동영상,몸통
본 운동,http://openapi.kspo.or.kr/web/video/,우울증을 예방하기 위한 댄스운동프로그램,55578372,우울증 예방 (댄스운동 편),29.97,510,1920*1080,,공통,8063,0AUDLJ08S_00044_SC_00130.jpeg,2021,,371,한국어,포워드 런지/숄더 프레스,20221014,,우울증 예방 운동프로그램(댄스운동 편),269.035,mp4,0AUDLJ08S_00044.mp4,http://openapi.kspo.or.kr/web/image/0AUDLJ08S_00044/,71,동영상,
본 운동,http://openapi.kspo.or.kr/web/video/,우울증을 예방하기 위한 댄스운동프로그램,55578372,우울증 예방 (댄스운동 편),29.97,511,1920*1080,,공통,8092,0AUDLJ08S_00044_SC_00131.jpeg,2021,,371,한국어,포워드 런지/숄더 프레스,20221014,,우울증 예방 운동프로그램(댄스운동 편),270.003,mp4,0AUDLJ08S_00044.mp4,http://openapi.kspo.or.kr/web/image/0AUDLJ08S_00044/,72,동영상,
본 운동,http://openapi.kspo.or.kr/web/video/,우울증을 예방하기 위한 댄스운동프로그램,55578372,우울증 예방 (댄스운동 편),29.97,512,1920*1080,,공통,8121,0AUDLJ08S_00044_SC_00132.jpeg,2021,,371,한국어,포워드 런지/숄더 프레스,20221014,,우울증 예방 운동프로그램(댄스운동 편),270.97,mp4,0AUDLJ08S_00044.mp4,http://openapi.kspo.or.kr/web/image/0AUDLJ08S_00044/,73,동영상,
본 운동,http://openapi.kspo.or.kr/web/video/,우울증을 예방하기 위한 댄스운동프로그램,55578372,우울증 예방 (댄스운동 편),29.97,513,1920*1080,,공통,8295,0AUDLJ08S_00044_SC_00135.jpeg,2021,1인 이상,371,한국어,레그 컬/박수,20221013,근력/근지구력,우울증 예방 운동프로그램(댄스운동 편),276.776,mp4,0AUDLJ08S_00044.mp4,http://openapi.kspo.or.kr/web/image/0AUDLJ08S_00044/,74,동영상,몸통
본 운동,http://openapi.kspo.or.kr/web/video/,우울증을 예방하기 위한 댄스운동프로그램,55578372,우울증 예방 (댄스운동 편),29.97,514,1920*1080,,공통,8324,0AUDLJ08S_00044_SC_00136.jpeg,2021,,371,한국어,레그 컬/박수,20221014,,우울증 예방 운동프로그램(댄스운동 편),277.744,mp4,0AUDLJ08S_00044.mp4,http://openapi.kspo.or.kr/web/image/0AUDLJ08S_00044/,75,동영상,
본 운동,http://openapi.kspo.or.kr/web/video/,우울증을 예방하기 위한 댄스운동프로그램,55578372,우울증 예방 (댄스운동 편),29.97,515,1920*1080,,공통,8353,0AUDLJ08S_00044_SC_00137.jpeg,2021,,371,한국어,레그 컬/박수,20221014,,우울증 예방 운동프로그램(댄스운동 편),278.711,mp4,0AUDLJ08S_00044.mp4,http://openapi.kspo.or.kr/web/image/0AUDLJ08S_00044/,76,동영상,
본 운동,http://openapi.kspo.or.kr/web/video/,우울증을 예방하기 위한 댄스운동프로그램,55578372,우울증 예방 (댄스운동 편),29.97,516,1920*1080,,공통,8556,0AUDLJ08S_00044_SC_00139.jpeg,2021,1인 이상,371,한국어,네로우 스쿼트/팔 벌리기,20221013,근력/근지구력,우울증 예방 운동프로그램(댄스운동 편),285.485,mp4,0AUDLJ08S_00044.mp4,http://openapi.kspo.or.kr/web/image/0AUDLJ08S_00044/,77,동영상,몸통
본 운동,http://openapi.kspo.or.kr/web/video/,우울증을 예방하기 위한 댄스운동프로그램,55578372,우울증 예방 (댄스운동 편),29.97,517,1920*1080,,공통,8672,0AUDLJ08S_00044_SC_00140.jpeg,2021,,371,한국어,네로우 스쿼트/팔 벌리기,20221014,,우울증 예방 운동프로그램(댄스운동 편),289.355,mp4,0AUDLJ08S_00044.mp4,http://openapi.kspo.or.kr/web/image/0AUDLJ08S_00044/,78,동영상,
본 운동,http://openapi.kspo.or.kr/web/video/,우울증을 예방하기 위한 댄스운동프로그램,55578372,우울증 예방 (댄스운동 편),29.97,518,1920*1080,,공통,8701,0AUDLJ08S_00044_SC_00141.jpeg,2021,,371,한국어,네로우 스쿼트/팔 벌리기,20221014,,우울증 예방 운동프로그램(댄스운동 편),290.323,mp4,0AUDLJ08S_00044.mp4,http://openapi.kspo.or.kr/web/image/0AUDLJ08S_00044/,79,동영상,
본 운동,http://openapi.kspo.or.kr/web/video/,우울증을 예방하기 위한 댄스운동프로그램,55578372,우울증 예방 (댄스운동 편),29.97,519,1920*1080,,공통,8730,0AUDLJ08S_00044_SC_00142.jpeg,2021,,371,한국어,네로우 스쿼트/팔 벌리기,20221014,,우울증 예방 운동프로그램(댄스운동 편),291.291,mp4,0AUDLJ08S_00044.mp4,http://openapi.kspo.or.kr/web/image/0AUDLJ08S_00044/,80,동영상,
본 운동,http://openapi.kspo.or.kr/web/video/,우울증을 예방하기 위한 댄스운동프로그램,55578372,우울증 예방 (댄스운동 편),29.97,520,1920*1080,,공통,8788,0AUDLJ08S_00044_SC_00143.jpeg,2021,,371,한국어,네로우 스쿼트/팔 벌리기,20221014,,우울증 예방 운동프로그램(댄스운동 편),293.226,mp4,0AUDLJ08S_00044.mp4,http://openapi.kspo.or.kr/web/image/0AUDLJ08S_00044/,81,동영상,
본 운동,http://openapi.kspo.or.kr/web/video/,우울증을 예방하기 위한 댄스운동프로그램,55578372,우울증 예방 (댄스운동 편),29.97,521,1920*1080,,공통,8817,0AUDLJ08S_00044_SC_00144.jpeg,2021,,371,한국어,네로우 스쿼트/팔 벌리기,20221014,,우울증 예방 운동프로그램(댄스운동 편),294.193,mp4,0AUDLJ08S_00044.mp4,http://openapi.kspo.or.kr/web/image/0AUDLJ08S_00044/,82,동영상,
본 운동,http://openapi.kspo.or.kr/web/video/,우울증을 예방하기 위한 댄스운동프로그램,55578372,우울증 예방 (댄스운동 편),29.97,522,1920*1080,,공통,8846,0AUDLJ08S_00044_SC_00145.jpeg,2021,,371,한국어,X니킥,20221014,,우울증 예방 운동프로그램(댄스운동 편),295.161,mp4,0AUDLJ08S_00044.mp4,http://openapi.kspo.or.kr/web/image/0AUDLJ08S_00044/,83,동영상,
본 운동,http://openapi.kspo.or.kr/web/video/,우울증을 예방하기 위한 댄스운동프로그램,55578372,우울증 예방 (댄스운동 편),29.97,523,1920*1080,,공통,8875,0AUDLJ08S_00044_SC_00146.jpeg,2021,,371,한국어,X니킥,20221014,,우울증 예방 운동프로그램(댄스운동 편),296.129,mp4,0AUDLJ08S_00044.mp4,http://openapi.kspo.or.kr/web/image/0AUDLJ08S_00044/,84,동영상,
본 운동,http://openapi.kspo.or.kr/web/video/,우울증을 예방하기 위한 댄스운동프로그램,55578372,우울증 예방 (댄스운동 편),29.97,524,1920*1080,,공통,8904,0AUDLJ08S_00044_SC_00147.jpeg,2021,,371,한국어,X니킥,20221014,,우울증 예방 운동프로그램(댄스운동 편),297.096,mp4,0AUDLJ08S_00044.mp4,http://openapi.kspo.or.kr/web/image/0AUDLJ08S_00044/,85,동영상,
본 운동,http://openapi.kspo.or.kr/web/video/,우울증을 예방하기 위한 댄스운동프로그램,55578372,우울증 예방 (댄스운동 편),29.97,525,1920*1080,,공통,8933,0AUDLJ08S_00044_SC_00148.jpeg,2021,,371,한국어,X니킥,20221014,,우울증 예방 운동프로그램(댄스운동 편),298.064,mp4,0AUDLJ08S_00044.mp4,http://openapi.kspo.or.kr/web/image/0AUDLJ08S_00044/,86,동영상,
본 운동,http://openapi.kspo.or.kr/web/video/,우울증을 예방하기 위한 댄스운동프로그램,55578372,우울증 예방 (댄스운동 편),29.97,526,1920*1080,,공통,8962,0AUDLJ08S_00044_SC_00149.jpeg,2021,,371,한국어,X니킥,20221014,,우울증 예방 운동프로그램(댄스운동 편),299.032,mp4,0AUDLJ08S_00044.mp4,http://openapi.kspo.or.kr/web/image/0AUDLJ08S_00044/,87,동영상,
본 운동,http://openapi.kspo.or.kr/web/video/,우울증을 예방하기 위한 댄스운동프로그램,55578372,우울증 예방 (댄스운동 편),29.97,527,1920*1080,,공통,8991,0AUDLJ08S_00044_SC_00150.jpeg,2021,,371,한국어,X니킥,20221014,,우울증 예방 운동프로그램(댄스운동 편),299.999,mp4,0AUDLJ08S_00044.mp4,http://openapi.kspo.or.kr/web/image/0AUDLJ08S_00044/,88,동영상,
본 운동,http://openapi.kspo.or.kr/web/video/,우울증을 예방하기 위한 댄스운동프로그램,55578372,우울증 예방 (댄스운동 편),29.97,528,1920*1080,,공통,9020,0AUDLJ08S_00044_SC_00151.jpeg,2021,,371,한국어,X니킥,20221014,,우울증 예방 운동프로그램(댄스운동 편),300.967,mp4,0AUDLJ08S_00044.mp4,http://openapi.kspo.or.kr/web/image/0AUDLJ08S_00044/,89,동영상,
본 운동,http://openapi.kspo.or.kr/web/video/,우울증을 예방하기 위한 댄스운동프로그램,55578372,우울증 예방 (댄스운동 편),29.97,529,1920*1080,,공통,9049,0AUDLJ08S_00044_SC_00152.jpeg,2021,,371,한국어,X니킥,20221014,,우울증 예방 운동프로그램(댄스운동 편),301.934,mp4,0AUDLJ08S_00044.mp4,http://openapi.kspo.or.kr/web/image/0AUDLJ08S_00044/,90,동영상,
본 운동,http://openapi.kspo.or.kr/web/video/,우울증을 예방하기 위한 댄스운동프로그램,55578372,우울증 예방 (댄스운동 편),29.97,530,1920*1080,,공통,9165,0AUDLJ08S_00044_SC_00153.jpeg,2021,,371,한국어,X니킥,20221014,,우울증 예방 운동프로그램(댄스운동 편),305.805,mp4,0AUDLJ08S_00044.mp4,http://openapi.kspo.or.kr/web/image/0AUDLJ08S_00044/,91,동영상,
본 운동,http://openapi.kspo.or.kr/web/video/,우울증을 예방하기 위한 댄스운동프로그램,55578372,우울증 예방 (댄스운동 편),29.97,531,1920*1080,,공통,9194,0AUDLJ08S_00044_SC_00154.jpeg,2021,,371,한국어,X니킥,20221014,,우울증 예방 운동프로그램(댄스운동 편),306.773,mp4,0AUDLJ08S_00044.mp4,http://openapi.kspo.or.kr/web/image/0AUDLJ08S_00044/,92,동영상,
본 운동,http://openapi.kspo.or.kr/web/video/,우울증을 예방하기 위한 댄스운동프로그램,55578372,우울증 예방 (댄스운동 편),29.97,532,1920*1080,,공통,9281,0AUDLJ08S_00044_SC_00157.jpeg,2021,1인 이상,371,한국어,레그 컬/박수,20221013,근력/근지구력,우울증 예방 운동프로그램(댄스운동 편),309.676,mp4,0AUDLJ08S_00044.mp4,http://openapi.kspo.or.kr/web/image/0AUDLJ08S_00044/,93,동영상,몸통
본 운동,http://openapi.kspo.or.kr/web/video/,우울증을 예방하기 위한 댄스운동프로그램,55578372,우울증 예방 (댄스운동 편),29.97,533,1920*1080,,공통,9310,0AUDLJ08S_00044_SC_00158.jpeg,2021,,371,한국어,레그 컬/박수,20221014,,우울증 예방 운동프로그램(댄스운동 편),310.643,mp4,0AUDLJ08S_00044.mp4,http://openapi.kspo.or.kr/web/image/0AUDLJ08S_00044/,94,동영상,
본 운동,http://openapi.kspo.or.kr/web/video/,우울증을 예방하기 위한 댄스운동프로그램,55578372,우울증 예방 (댄스운동 편),29.97,534,1920*1080,,공통,9339,0AUDLJ08S_00044_SC_00159.jpeg,2021,,371,한국어,레그 컬/박수,20221014,,우울증 예방 운동프로그램(댄스운동 편),311.611,mp4,0AUDLJ08S_00044.mp4,http://openapi.kspo.or.kr/web/image/0AUDLJ08S_00044/,95,동영상,
본 운동,http://openapi.kspo.or.kr/web/video/,우울증을 예방하기 위한 댄스운동프로그램,55578372,우울증 예방 (댄스운동 편),29.97,535,1920*1080,,공통,9455,0AUDLJ08S_00044_SC_00160.jpeg,2021,,371,한국어,레그 컬/박수,20221014,,우울증 예방 운동프로그램(댄스운동 편),315.481,mp4,0AUDLJ08S_00044.mp4,http://openapi.kspo.or.kr/web/image/0AUDLJ08S_00044/,96,동영상,
본 운동,http://openapi.kspo.or.kr/web/video/,우울증을 예방하기 위한 댄스운동프로그램,55578372,우울증 예방 (댄스운동 편),29.97,536,1920*1080,,공통,9600,0AUDLJ08S_00044_SC_00161.jpeg,2021,,371,한국어,레그 컬/박수,20221014,,우울증 예방 운동프로그램(댄스운동 편),320.32,mp4,0AUDLJ08S_00044.mp4,http://openapi.kspo.or.kr/web/image/0AUDLJ08S_00044/,97,동영상,
본 운동,http://openapi.kspo.or.kr/web/video/,우울증을 예방하기 위한 댄스운동프로그램,55578372,우울증 예방 (댄스운동 편),29.97,537,1920*1080,,공통,9861,0AUDLJ08S_00044_SC_00164.jpeg,2021,,371,한국어,목 돌리기,20221014,,우울증 예방 운동프로그램(댄스운동 편),329.028,mp4,0AUDLJ08S_00044.mp4,http://openapi.kspo.or.kr/web/image/0AUDLJ08S_00044/,98,동영상,
본 운동,http://openapi.kspo.or.kr/web/video/,우울증을 예방하기 위한 댄스운동프로그램,55578372,우울증 예방 (댄스운동 편),29.97,538,1920*1080,,공통,10035,0AUDLJ08S_00044_SC_00166.jpeg,2021,1인 이상,371,한국어,트위스트 니킥,20221013,근력/근지구력,우울증 예방 운동프로그램(댄스운동 편),334.834,mp4,0AUDLJ08S_00044.mp4,http://openapi.kspo.or.kr/web/image/0AUDLJ08S_00044/,99,동영상,몸통
본 운동,http://openapi.kspo.or.kr/web/video/,우울증을 예방하기 위한 댄스운동프로그램,55578372,우울증 예방 (댄스운동 편),29.97,539,1920*1080,,공통,10151,0AUDLJ08S_00044_SC_00167.jpeg,2021,,371,한국어,트위스트 니킥,20221014,,우울증 예방 운동프로그램(댄스운동 편),338.705,mp4,0AUDLJ08S_00044.mp4,http://openapi.kspo.or.kr/web/image/0AUDLJ08S_00044/,100,동영상,
본 운동,http://openapi.kspo.or.kr/web/video/,우울증을 예방하기 위한 댄스운동프로그램,55578372,우울증 예방 (댄스운동 편),29.97,540,1920*1080,,공통,10180,0AUDLJ08S_00044_SC_00168.jpeg,2021,,371,한국어,트위스트 니킥,20221014,,우울증 예방 운동프로그램(댄스운동 편),339.672,mp4,0AUDLJ08S_00044.mp4,http://openapi.kspo.or.kr/web/image/0AUDLJ08S_00044/,101,동영상,
본 운동,http://openapi.kspo.or.kr/web/video/,우울증을 예방하기 위한 댄스운동프로그램,55578372,우울증 예방 (댄스운동 편),29.97,541,1920*1080,,공통,10209,0AUDLJ08S_00044_SC_00169.jpeg,2021,,371,한국어,트위스트 니킥,20221014,,우울증 예방 운동프로그램(댄스운동 편),340.64,mp4,0AUDLJ08S_00044.mp4,http://openapi.kspo.or.kr/web/image/0AUDLJ08S_00044/,102,동영상,
본 운동,http://openapi.kspo.or.kr/web/video/,우울증을 예방하기 위한 댄스운동프로그램,55578372,우울증 예방 (댄스운동 편),29.97,542,1920*1080,,공통,10238,0AUDLJ08S_00044_SC_00170.jpeg,2021,,371,한국어,트위스트 니킥,20221014,,우울증 예방 운동프로그램(댄스운동 편),341.607,mp4,0AUDLJ08S_00044.mp4,http://openapi.kspo.or.kr/web/image/0AUDLJ08S_00044/,103,동영상,
본 운동,http://openapi.kspo.or.kr/web/video/,우울증을 예방하기 위한 댄스운동프로그램,55578372,우울증 예방 (댄스운동 편),29.97,543,1920*1080,,공통,10267,0AUDLJ08S_00044_SC_00171.jpeg,2021,,371,한국어,트위스트 니킥,20221014,,우울증 예방 운동프로그램(댄스운동 편),342.575,mp4,0AUDLJ08S_00044.mp4,http://openapi.kspo.or.kr/web/image/0AUDLJ08S_00044/,104,동영상,
본 운동,http://openapi.kspo.or.kr/web/video/,우울증을 예방하기 위한 댄스운동프로그램,55578372,우울증 예방 (댄스운동 편),29.97,544,1920*1080,,공통,10441,0AUDLJ08S_00044_SC_00174.jpeg,2021,1인 이상,371,한국어,워드 런지/숄더 프레스,20221013,근력/근지구력,우울증 예방 운동프로그램(댄스운동 편),348.381,mp4,0AUDLJ08S_00044.mp4,http://openapi.kspo.or.kr/web/image/0AUDLJ08S_00044/,105,동영상,몸통
본 운동,http://openapi.kspo.or.kr/web/video/,우울증을 예방하기 위한 댄스운동프로그램,55578372,우울증 예방 (댄스운동 편),29.97,545,1920*1080,,공통,10557,0AUDLJ08S_00044_SC_00175.jpeg,2021,,371,한국어,워드 런지/숄더 프레스,20221014,,우울증 예방 운동프로그램(댄스운동 편),352.251,mp4,0AUDLJ08S_00044.mp4,http://openapi.kspo.or.kr/web/image/0AUDLJ08S_00044/,106,동영상,
본 운동,http://openapi.kspo.or.kr/web/video/,우울증을 예방하기 위한 댄스운동프로그램,55578372,우울증 예방 (댄스운동 편),29.97,546,1920*1080,,공통,10586,0AUDLJ08S_00044_SC_00176.jpeg,2021,,371,한국어,워드 런지/숄더 프레스,20221014,,우울증 예방 운동프로그램(댄스운동 편),353.219,mp4,0AUDLJ08S_00044.mp4,http://openapi.kspo.or.kr/web/image/0AUDLJ08S_00044/,107,동영상,
본 운동,http://openapi.kspo.or.kr/web/video/,우울증을 예방하기 위한 댄스운동프로그램,55578372,우울증 예방 (댄스운동 편),29.97,547,1920*1080,,공통,10615,0AUDLJ08S_00044_SC_00177.jpeg,2021,,371,한국어,워드 런지/숄더 프레스,20221014,,우울증 예방 운동프로그램(댄스운동 편),354.187,mp4,0AUDLJ08S_00044.mp4,http://openapi.kspo.or.kr/web/image/0AUDLJ08S_00044/,108,동영상,
본 운동,http://openapi.kspo.or.kr/web/video/,우울증을 예방하기 위한 댄스운동프로그램,55578372,우울증 예방 (댄스운동 편),29.97,548,1920*1080,,공통,10644,0AUDLJ08S_00044_SC_00178.jpeg,2021,,371,한국어,워드 런지/숄더 프레스,20221014,,우울증 예방 운동프로그램(댄스운동 편),355.154,mp4,0AUDLJ08S_00044.mp4,http://openapi.kspo.or.kr/web/image/0AUDLJ08S_00044/,109,동영상,
본 운동,http://openapi.kspo.or.kr/web/video/,우울증을 예방하기 위한 댄스운동프로그램,55578372,우울증 예방 (댄스운동 편),29.97,549,1920*1080,,공통,10731,0AUDLJ08S_00044_SC_00179.jpeg,2021,,371,한국어,워드 런지/숄더 프레스,20221014,,우울증 예방 운동프로그램(댄스운동 편),358.057,mp4,0AUDLJ08S_00044.mp4,http://openapi.kspo.or.kr/web/image/0AUDLJ08S_00044/,110,동영상,
정리 운동,http://openapi.kspo.or.kr/web/video/,우울증을 예방하기 위한 댄스운동프로그램,55578372,우울증 예방 (댄스운동 편),29.97,550,1920*1080,,공통,10847,0AUDLJ08S_00044_SC_00180.jpeg,2021,1인 이상,371,한국어,스트레칭,20221013,유연성,우울증 예방 운동프로그램(댄스운동 편),361.928,mp4,0AUDLJ08S_00044.mp4,http://openapi.kspo.or.kr/web/image/0AUDLJ08S_00044/,111,동영상,전신
,http://openapi.kspo.or.kr/web/video/,고혈압을 예방하기 위한 운동프로그램,340667976,고혈압 예방,29.96,551,1920*1080,짐볼,공통,59,0AUDLJ08S_00045_SC_00001.jpeg,2021,1인 이상,2056,한국어,,20221006,,고혈압 예방 운동프로그램,1.968,mp4,0AUDLJ08S_00045.mp4,http://openapi.kspo.or.kr/web/image/0AUDLJ08S_00045/,1,동영상,
,http://openapi.kspo.or.kr/web/video/,고혈압을 예방하기 위한 운동프로그램,340667976,고혈압 예방,29.96,552,1920*1080,짐볼,공통,88,0AUDLJ08S_00045_SC_00002.jpeg,2021,1인 이상,2056,한국어,,20221006,,고혈압 예방 운동프로그램,2.936,mp4,0AUDLJ08S_00045.mp4,http://openapi.kspo.or.kr/web/image/0AUDLJ08S_00045/,2,동영상,
,http://openapi.kspo.or.kr/web/video/,고혈압을 예방하기 위한 운동프로그램,340667976,고혈압 예방,29.96,553,1920*1080,매트,공통,117,0AUDLJ08S_00045_SC_00003.jpeg,2021,1인 이상,2056,한국어,,20221006,,고혈압 예방 운동프로그램,3.903,mp4,0AUDLJ08S_00045.mp4,http://openapi.kspo.or.kr/web/image/0AUDLJ08S_00045/,3,동영상,
,http://openapi.kspo.or.kr/web/video/,고혈압을 예방하기 위한 운동프로그램,340667976,고혈압 예방,29.96,554,1920*1080,매트,공통,175,0AUDLJ08S_00045_SC_00004.jpeg,2021,1인 이상,2056,한국어,,20221006,,고혈압 예방 운동프로그램,5.839,mp4,0AUDLJ08S_00045.mp4,http://openapi.kspo.or.kr/web/image/0AUDLJ08S_00045/,4,동영상,
,http://openapi.kspo.or.kr/web/video/,고혈압을 예방하기 위한 운동프로그램,340667976,고혈압 예방,29.96,555,1920*1080,매트,공통,349,0AUDLJ08S_00045_SC_00006.jpeg,2021,1인 이상,2056,한국어,,20221006,,고혈압 예방 운동프로그램,11.644,mp4,0AUDLJ08S_00045.mp4,http://openapi.kspo.or.kr/web/image/0AUDLJ08S_00045/,5,동영상,
,http://openapi.kspo.or.kr/web/video/,고혈압을 예방하기 위한 운동프로그램,340667976,고혈압 예방,29.96,556,1920*1080,매트,공통,610,0AUDLJ08S_00045_SC_00007.jpeg,2021,1인 이상,2056,한국어,,20221006,,고혈압 예방 운동프로그램,20.353,mp4,0AUDLJ08S_00045.mp4,http://openapi.kspo.or.kr/web/image/0AUDLJ08S_00045/,6,동영상,
,http://openapi.kspo.or.kr/web/video/,고혈압을 예방하기 위한 운동프로그램,340667976,고혈압 예방,29.96,557,1920*1080,매트,공통,726,0AUDLJ08S_00045_SC_00008.jpeg,2021,1인 이상,2056,한국어,,20221006,,고혈압 예방 운동프로그램,24.224,mp4,0AUDLJ08S_00045.mp4,http://openapi.kspo.or.kr/web/image/0AUDLJ08S_00045/,7,동영상,
준비 운동,http://openapi.kspo.or.kr/web/video/,고혈압을 예방하기 위한 운동프로그램,340667976,고혈압 예방,29.96,558,1920*1080,,공통,987,0AUDLJ08S_00045_SC_00010.jpeg,2021,,2056,한국어,,20221112,,고혈압 예방 운동프로그램,32.932,mp4,0AUDLJ08S_00045.mp4,http://openapi.kspo.or.kr/web/image/0AUDLJ08S_00045/,8,동영상,
준비 운동,http://openapi.kspo.or.kr/web/video/,고혈압을 예방하기 위한 운동프로그램,340667976,고혈압 예방,29.96,559,1920*1080,매트,공통,1132,0AUDLJ08S_00045_SC_00011.jpeg,2021,1인 이상,2056,한국어,깍지 끼고 팔 위로 뻗어 전신 늘리기,20221006,유연성,고혈압 예방 운동프로그램,37.771,mp4,0AUDLJ08S_00045.mp4,http://openapi.kspo.or.kr/web/image/0AUDLJ08S_00045/,9,동영상,어깨
준비 운동,http://openapi.kspo.or.kr/web/video/,고혈압을 예방하기 위한 운동프로그램,340667976,고혈압 예방,29.96,560,1920*1080,매트,공통,1277,0AUDLJ08S_00045_SC_00012.jpeg,2021,1인 이상,2056,한국어,깍지 끼고 팔 위로 뻗어 전신 늘리기,20221006,유연성,고혈압 예방 운동프로그램,42.609,mp4,0AUDLJ08S_00045.mp4,http://openapi.kspo.or.kr/web/image/0AUDLJ08S_00045/,10,동영상,어깨
준비 운동,http://openapi.kspo.or.kr/web/video/,고혈압을 예방하기 위한 운동프로그램,340667976,고혈압 예방,29.96,561,1920*1080,매트,공통,1422,0AUDLJ08S_00045_SC_00013.jpeg,2021,1인 이상,2056,한국어,깍지 끼고 팔 위로 뻗어 전신 늘리기,20221006,유연성,고혈압 예방 운동프로그램,47.447,mp4,0AUDLJ08S_00045.mp4,http://openapi.kspo.or.kr/web/image/0AUDLJ08S_00045/,11,동영상,어깨
준비 운동,http://openapi.kspo.or.kr/web/video/,고혈압을 예방하기 위한 운동프로그램,340667976,고혈압 예방,29.96,562,1920*1080,매트,공통,1625,0AUDLJ08S_00045_SC_00014.jpeg,2021,1인 이상,2056,한국어,깍지 끼고 팔 위로 뻗어 전신 늘리기,20221006,유연성,고혈압 예방 운동프로그램,54.22,mp4,0AUDLJ08S_00045.mp4,http://openapi.kspo.or.kr/web/image/0AUDLJ08S_00045/,12,동영상,어깨
준비 운동,http://openapi.kspo.or.kr/web/video/,고혈압을 예방하기 위한 운동프로그램,340667976,고혈압 예방,29.96,563,1920*1080,매트,공통,2466,0AUDLJ08S_00045_SC_00015.jpeg,2021,1인 이상,2056,한국어,팔꿈치 구부려 옆구리 늘려주기,20221006,유연성,고혈압 예방 운동프로그램,82.282,mp4,0AUDLJ08S_00045.mp4,http://openapi.kspo.or.kr/web/image/0AUDLJ08S_00045/,13,동영상,옆구리
준비 운동,http://openapi.kspo.or.kr/web/video/,고혈압을 예방하기 위한 운동프로그램,340667976,고혈압 예방,29.96,564,1920*1080,매트,공통,2669,0AUDLJ08S_00045_SC_00016.jpeg,2021,1인 이상,2056,한국어,팔꿈치 구부려 옆구리 늘려주기,20221006,유연성,고혈압 예방 운동프로그램,89.055,mp4,0AUDLJ08S_00045.mp4,http://openapi.kspo.or.kr/web/image/0AUDLJ08S_00045/,14,동영상,옆구리
준비 운동,http://openapi.kspo.or.kr/web/video/,고혈압을 예방하기 위한 운동프로그램,340667976,고혈압 예방,29.96,565,1920*1080,매트,공통,2872,0AUDLJ08S_00045_SC_00017.jpeg,2021,1인 이상,2056,한국어,팔꿈치 구부려 옆구리 늘려주기,20221006,유연성,고혈압 예방 운동프로그램,95.829,mp4,0AUDLJ08S_00045.mp4,http://openapi.kspo.or.kr/web/image/0AUDLJ08S_00045/,15,동영상,옆구리
준비 운동,http://openapi.kspo.or.kr/web/video/,고혈압을 예방하기 위한 운동프로그램,340667976,고혈압 예방,29.96,566,1920*1080,매트,공통,3307,0AUDLJ08S_00045_SC_00018.jpeg,2021,1인 이상,2056,한국어,팔꿈치 구부려 옆구리 늘려주기,20221006,유연성,고혈압 예방 운동프로그램,110.343,mp4,0AUDLJ08S_00045.mp4,http://openapi.kspo.or.kr/web/image/0AUDLJ08S_00045/,16,동영상,옆구리
준비 운동,http://openapi.kspo.or.kr/web/video/,고혈압을 예방하기 위한 운동프로그램,340667976,고혈압 예방,29.96,567,1920*1080,매트,공통,3568,0AUDLJ08S_00045_SC_00019.jpeg,2021,1인 이상,2056,한국어,팔꿈치 구부려 옆구리 늘려주기,20221006,유연성,고혈압 예방 운동프로그램,119.052,mp4,0AUDLJ08S_00045.mp4,http://openapi.kspo.or.kr/web/image/0AUDLJ08S_00045/,17,동영상,옆구리
준비 운동,http://openapi.kspo.or.kr/web/video/,고혈압을 예방하기 위한 운동프로그램,340667976,고혈압 예방,29.96,568,1920*1080,매트,공통,3597,0AUDLJ08S_00045_SC_00020.jpeg,2021,1인 이상,2056,한국어,팔꿈치 구부려 옆구리 늘려주기,20221006,유연성,고혈압 예방 운동프로그램,120.02,mp4,0AUDLJ08S_00045.mp4,http://openapi.kspo.or.kr/web/image/0AUDLJ08S_00045/,18,동영상,옆구리
준비 운동,http://openapi.kspo.or.kr/web/video/,고혈압을 예방하기 위한 운동프로그램,340667976,고혈압 예방,29.96,569,1920*1080,매트,공통,3916,0AUDLJ08S_00045_SC_00021.jpeg,2021,1인 이상,2056,한국어,팔꿈치 구부려 옆구리 늘려주기,20221006,유연성,고혈압 예방 운동프로그램,130.663,mp4,0AUDLJ08S_00045.mp4,http://openapi.kspo.or.kr/web/image/0AUDLJ08S_00045/,19,동영상,옆구리
준비 운동,http://openapi.kspo.or.kr/web/video/,고혈압을 예방하기 위한 운동프로그램,340667976,고혈압 예방,29.96,570,1920*1080,매트,공통,4322,0AUDLJ08S_00045_SC_00022.jpeg,2021,1인 이상,2056,한국어,팔 교차하여 당기기,20221006,유연성,고혈압 예방 운동프로그램,144.21,mp4,0AUDLJ08S_00045.mp4,http://openapi.kspo.or.kr/web/image/0AUDLJ08S_00045/,20,동영상,어깨
준비 운동,http://openapi.kspo.or.kr/web/video/,고혈압을 예방하기 위한 운동프로그램,340667976,고혈압 예방,29.96,571,1920*1080,매트,공통,4496,0AUDLJ08S_00045_SC_00023.jpeg,2021,1인 이상,2056,한국어,팔 교차하여 당기기,20221006,유연성,고혈압 예방 운동프로그램,150.016,mp4,0AUDLJ08S_00045.mp4,http://openapi.kspo.or.kr/web/image/0AUDLJ08S_00045/,21,동영상,어깨
준비 운동,http://openapi.kspo.or.kr/web/video/,고혈압을 예방하기 위한 운동프로그램,340667976,고혈압 예방,29.96,572,1920*1080,매트,공통,4699,0AUDLJ08S_00045_SC_00024.jpeg,2021,1인 이상,2056,한국어,팔 교차하여 당기기,20221006,유연성,고혈압 예방 운동프로그램,156.79,mp4,0AUDLJ08S_00045.mp4,http://openapi.kspo.or.kr/web/image/0AUDLJ08S_00045/,22,동영상,어깨
준비 운동,http://openapi.kspo.or.kr/web/video/,고혈압을 예방하기 위한 운동프로그램,340667976,고혈압 예방,29.96,573,1920*1080,매트,공통,4902,0AUDLJ08S_00045_SC_00025.jpeg,2021,1인 이상,2056,한국어,팔 교차하여 당기기,20221006,유연성,고혈압 예방 운동프로그램,163.563,mp4,0AUDLJ08S_00045.mp4,http://openapi.kspo.or.kr/web/image/0AUDLJ08S_00045/,23,동영상,어깨
준비 운동,http://openapi.kspo.or.kr/web/video/,고혈압을 예방하기 위한 운동프로그램,340667976,고혈압 예방,29.96,574,1920*1080,매트,공통,5250,0AUDLJ08S_00045_SC_00026.jpeg,2021,1인 이상,2056,한국어,팔 교차하여 당기기,20221006,유연성,고혈압 예방 운동프로그램,175.175,mp4,0AUDLJ08S_00045.mp4,http://openapi.kspo.or.kr/web/image/0AUDLJ08S_00045/,24,동영상,어깨
준비 운동,http://openapi.kspo.or.kr/web/video/,고혈압을 예방하기 위한 운동프로그램,340667976,고혈압 예방,29.96,575,1920*1080,매트,공통,5279,0AUDLJ08S_00045_SC_00027.jpeg,2021,1인 이상,2056,한국어,팔 교차하여 당기기,20221006,유연성,고혈압 예방 운동프로그램,176.142,mp4,0AUDLJ08S_00045.mp4,http://openapi.kspo.or.kr/web/image/0AUDLJ08S_00045/,25,동영상,어깨
준비 운동,http://openapi.kspo.or.kr/web/video/,고혈압을 예방하기 위한 운동프로그램,340667976,고혈압 예방,29.96,576,1920*1080,매트,공통,5337,0AUDLJ08S_00045_SC_00028.jpeg,2021,1인 이상,2056,한국어,팔 교차하여 당기기,20221006,유연성,고혈압 예방 운동프로그램,178.078,mp4,0AUDLJ08S_00045.mp4,http://openapi.kspo.or.kr/web/image/0AUDLJ08S_00045/,26,동영상,어깨
준비 운동,http://openapi.kspo.or.kr/web/video/,고혈압을 예방하기 위한 운동프로그램,340667976,고혈압 예방,29.96,577,1920*1080,매트,공통,5656,0AUDLJ08S_00045_SC_00029.jpeg,2021,1인 이상,2056,한국어,팔 교차하여 당기기,20221006,유연성,고혈압 예방 운동프로그램,188.722,mp4,0AUDLJ08S_00045.mp4,http://openapi.kspo.or.kr/web/image/0AUDLJ08S_00045/,27,동영상,어깨
준비 운동,http://openapi.kspo.or.kr/web/video/,고혈압을 예방하기 위한 운동프로그램,340667976,고혈압 예방,29.96,578,1920*1080,매트,공통,5801,0AUDLJ08S_00045_SC_00030.jpeg,2021,1인 이상,2056,한국어,손깍지 끼고 가슴 펴주기,20221006,유연성,고혈압 예방 운동프로그램,193.56,mp4,0AUDLJ08S_00045.mp4,http://openapi.kspo.or.kr/web/image/0AUDLJ08S_00045/,28,동영상,가슴
준비 운동,http://openapi.kspo.or.kr/web/video/,고혈압을 예방하기 위한 운동프로그램,340667976,고혈압 예방,29.96,579,1920*1080,매트,공통,6004,0AUDLJ08S_00045_SC_00031.jpeg,2021,1인 이상,2056,한국어,손깍지 끼고 가슴 펴주기,20221006,유연성,고혈압 예방 운동프로그램,200.333,mp4,0AUDLJ08S_00045.mp4,http://openapi.kspo.or.kr/web/image/0AUDLJ08S_00045/,29,동영상,가슴
준비 운동,http://openapi.kspo.or.kr/web/video/,고혈압을 예방하기 위한 운동프로그램,340667976,고혈압 예방,29.96,580,1920*1080,매트,공통,6091,0AUDLJ08S_00045_SC_00032.jpeg,2021,1인 이상,2056,한국어,손깍지 끼고 가슴 펴주기,20221006,유연성,고혈압 예방 운동프로그램,203.236,mp4,0AUDLJ08S_00045.mp4,http://openapi.kspo.or.kr/web/image/0AUDLJ08S_00045/,30,동영상,가슴
준비 운동,http://openapi.kspo.or.kr/web/video/,고혈압을 예방하기 위한 운동프로그램,340667976,고혈압 예방,29.96,581,1920*1080,매트,공통,6207,0AUDLJ08S_00045_SC_00033.jpeg,2021,1인 이상,2056,한국어,손깍지 끼고 가슴 펴주기,20221006,유연성,고혈압 예방 운동프로그램,207.107,mp4,0AUDLJ08S_00045.mp4,http://openapi.kspo.or.kr/web/image/0AUDLJ08S_00045/,31,동영상,가슴
준비 운동,http://openapi.kspo.or.kr/web/video/,고혈압을 예방하기 위한 운동프로그램,340667976,고혈압 예방,29.96,582,1920*1080,매트,공통,6265,0AUDLJ08S_00045_SC_00034.jpeg,2021,1인 이상,2056,한국어,손깍지 끼고 가슴 펴주기,20221006,유연성,고혈압 예방 운동프로그램,209.042,mp4,0AUDLJ08S_00045.mp4,http://openapi.kspo.or.kr/web/image/0AUDLJ08S_00045/,32,동영상,가슴
준비 운동,http://openapi.kspo.or.kr/web/video/,고혈압을 예방하기 위한 운동프로그램,340667976,고혈압 예방,29.96,583,1920*1080,매트,공통,6410,0AUDLJ08S_00045_SC_00037.jpeg,2021,1인 이상,2056,한국어,손깍지 끼고 가슴 펴주기,20221006,유연성,고혈압 예방 운동프로그램,213.88,mp4,0AUDLJ08S_00045.mp4,http://openapi.kspo.or.kr/web/image/0AUDLJ08S_00045/,33,동영상,가슴
준비 운동,http://openapi.kspo.or.kr/web/video/,고혈압을 예방하기 위한 운동프로그램,340667976,고혈압 예방,29.96,584,1920*1080,매트,공통,6584,0AUDLJ08S_00045_SC_00038.jpeg,2021,1인 이상,2056,한국어,손깍지 끼고 가슴 펴주기,20221006,유연성,고혈압 예방 운동프로그램,219.686,mp4,0AUDLJ08S_00045.mp4,http://openapi.kspo.or.kr/web/image/0AUDLJ08S_00045/,34,동영상,가슴
준비 운동,http://openapi.kspo.or.kr/web/video/,고혈압을 예방하기 위한 운동프로그램,340667976,고혈압 예방,29.96,585,1920*1080,매트,공통,6671,0AUDLJ08S_00045_SC_00039.jpeg,2021,1인 이상,2056,한국어,손깍지 끼고 가슴 펴주기,20221006,유연성,고혈압 예방 운동프로그램,222.589,mp4,0AUDLJ08S_00045.mp4,http://openapi.kspo.or.kr/web/image/0AUDLJ08S_00045/,35,동영상,가슴
준비 운동,http://openapi.kspo.or.kr/web/video/,고혈압을 예방하기 위한 운동프로그램,340667976,고혈압 예방,29.96,586,1920*1080,매트,공통,6787,0AUDLJ08S_00045_SC_00040.jpeg,2021,1인 이상,2056,한국어,손깍지 끼고 가슴 펴주기,20221006,유연성,고혈압 예방 운동프로그램,226.459,mp4,0AUDLJ08S_00045.mp4,http://openapi.kspo.or.kr/web/image/0AUDLJ08S_00045/,36,동영상,가슴
준비 운동,http://openapi.kspo.or.kr/web/video/,고혈압을 예방하기 위한 운동프로그램,340667976,고혈압 예방,29.96,587,1920*1080,매트,공통,7251,0AUDLJ08S_00045_SC_00041.jpeg,2021,1인 이상,2056,한국어,손바닥 쪽으로 손목 굽혀 당기기,20221006,유연성,고혈압 예방 운동프로그램,241.941,mp4,0AUDLJ08S_00045.mp4,http://openapi.kspo.or.kr/web/image/0AUDLJ08S_00045/,37,동영상,팔
준비 운동,http://openapi.kspo.or.kr/web/video/,고혈압을 예방하기 위한 운동프로그램,340667976,고혈압 예방,29.96,588,1920*1080,매트,공통,7309,0AUDLJ08S_00045_SC_00042.jpeg,2021,1인 이상,2056,한국어,손바닥 쪽으로 손목 굽혀 당기기,20221006,유연성,고혈압 예방 운동프로그램,243.877,mp4,0AUDLJ08S_00045.mp4,http://openapi.kspo.or.kr/web/image/0AUDLJ08S_00045/,38,동영상,팔
준비 운동,http://openapi.kspo.or.kr/web/video/,고혈압을 예방하기 위한 운동프로그램,340667976,고혈압 예방,29.96,589,1920*1080,매트,공통,7367,0AUDLJ08S_00045_SC_00043.jpeg,2021,1인 이상,2056,한국어,손바닥 쪽으로 손목 굽혀 당기기,20221006,유연성,고혈압 예방 운동프로그램,245.812,mp4,0AUDLJ08S_00045.mp4,http://openapi.kspo.or.kr/web/image/0AUDLJ08S_00045/,39,동영상,팔
준비 운동,http://openapi.kspo.or.kr/web/video/,고혈압을 예방하기 위한 운동프로그램,340667976,고혈압 예방,29.96,590,1920*1080,매트,공통,7483,0AUDLJ08S_00045_SC_00044.jpeg,2021,1인 이상,2056,한국어,손바닥 쪽으로 손목 굽혀 당기기,20221006,유연성,고혈압 예방 운동프로그램,249.683,mp4,0AUDLJ08S_00045.mp4,http://openapi.kspo.or.kr/web/image/0AUDLJ08S_00045/,40,동영상,팔
준비 운동,http://openapi.kspo.or.kr/web/video/,고혈압을 예방하기 위한 운동프로그램,340667976,고혈압 예방,29.96,591,1920*1080,매트,공통,7599,0AUDLJ08S_00045_SC_00045.jpeg,2021,1인 이상,2056,한국어,손바닥 쪽으로 손목 굽혀 당기기,20221006,유연성,고혈압 예방 운동프로그램,253.553,mp4,0AUDLJ08S_00045.mp4,http://openapi.kspo.or.kr/web/image/0AUDLJ08S_00045/,41,동영상,팔
준비 운동,http://openapi.kspo.or.kr/web/video/,고혈압을 예방하기 위한 운동프로그램,340667976,고혈압 예방,29.96,592,1920*1080,매트,공통,8585,0AUDLJ08S_00045_SC_00053.jpeg,2021,1인 이상,2056,한국어,손등 쪽으로 손목 굽혀 당기기,20221006,유연성,고혈압 예방 운동프로그램,286.453,mp4,0AUDLJ08S_00045.mp4,http://openapi.kspo.or.kr/web/image/0AUDLJ08S_00045/,42,동영상,팔
준비 운동,http://openapi.kspo.or.kr/web/video/,고혈압을 예방하기 위한 운동프로그램,340667976,고혈압 예방,29.96,593,1920*1080,매트,공통,8672,0AUDLJ08S_00045_SC_00054.jpeg,2021,1인 이상,2056,한국어,손등 쪽으로 손목 굽혀 당기기,20221006,유연성,고혈압 예방 운동프로그램,289.356,mp4,0AUDLJ08S_00045.mp4,http://openapi.kspo.or.kr/web/image/0AUDLJ08S_00045/,43,동영상,팔
준비 운동,http://openapi.kspo.or.kr/web/video/,고혈압을 예방하기 위한 운동프로그램,340667976,고혈압 예방,29.96,594,1920*1080,매트,공통,8701,0AUDLJ08S_00045_SC_00055.jpeg,2021,1인 이상,2056,한국어,손등 쪽으로 손목 굽혀 당기기,20221006,유연성,고혈압 예방 운동프로그램,290.323,mp4,0AUDLJ08S_00045.mp4,http://openapi.kspo.or.kr/web/image/0AUDLJ08S_00045/,44,동영상,팔
준비 운동,http://openapi.kspo.or.kr/web/video/,고혈압을 예방하기 위한 운동프로그램,340667976,고혈압 예방,29.96,595,1920*1080,매트,공통,8817,0AUDLJ08S_00045_SC_00056.jpeg,2021,1인 이상,2056,한국어,손등 쪽으로 손목 굽혀 당기기,20221006,유연성,고혈압 예방 운동프로그램,294.194,mp4,0AUDLJ08S_00045.mp4,http://openapi.kspo.or.kr/web/image/0AUDLJ08S_00045/,45,동영상,팔
준비 운동,http://openapi.kspo.or.kr/web/video/,고혈압을 예방하기 위한 운동프로그램,340667976,고혈압 예방,29.96,596,1920*1080,매트,공통,8875,0AUDLJ08S_00045_SC_00057.jpeg,2021,1인 이상,2056,한국어,손등 쪽으로 손목 굽혀 당기기,20221006,유연성,고혈압 예방 운동프로그램,296.129,mp4,0AUDLJ08S_00045.mp4,http://openapi.kspo.or.kr/web/image/0AUDLJ08S_00045/,46,동영상,팔
준비 운동,http://openapi.kspo.or.kr/web/video/,고혈압을 예방하기 위한 운동프로그램,340667976,고혈압 예방,29.96,597,1920*1080,매트,공통,8904,0AUDLJ08S_00045_SC_00058.jpeg,2021,1인 이상,2056,한국어,손등 쪽으로 손목 굽혀 당기기,20221006,유연성,고혈압 예방 운동프로그램,297.097,mp4,0AUDLJ08S_00045.mp4,http://openapi.kspo.or.kr/web/image/0AUDLJ08S_00045/,47,동영상,팔
준비 운동,http://openapi.kspo.or.kr/web/video/,고혈압을 예방하기 위한 운동프로그램,340667976,고혈압 예방,29.96,598,1920*1080,매트,공통,8991,0AUDLJ08S_00045_SC_00060.jpeg,2021,1인 이상,2056,한국어,손등 쪽으로 손목 굽혀 당기기,20221006,유연성,고혈압 예방 운동프로그램,300,mp4,0AUDLJ08S_00045.mp4,http://openapi.kspo.or.kr/web/image/0AUDLJ08S_00045/,48,동영상,팔
준비 운동,http://openapi.kspo.or.kr/web/video/,고혈압을 예방하기 위한 운동프로그램,340667976,고혈압 예방,29.96,599,1920*1080,매트,공통,10035,0AUDLJ08S_00045_SC_00070.jpeg,2021,1인 이상,2056,한국어,다리 벌려 늘려주기,20221006,유연성,고혈압 예방 운동프로그램,334.834,mp4,0AUDLJ08S_00045.mp4,http://openapi.kspo.or.kr/web/image/0AUDLJ08S_00045/,49,동영상,종아리
준비 운동,http://openapi.kspo.or.kr/web/video/,고혈압을 예방하기 위한 운동프로그램,340667976,고혈압 예방,29.96,600,1920*1080,매트,공통,10122,0AUDLJ08S_00045_SC_00071.jpeg,2021,1인 이상,2056,한국어,다리 벌려 늘려주기,20221006,유연성,고혈압 예방 운동프로그램,337.737,mp4,0AUDLJ08S_00045.mp4,http://openapi.kspo.or.kr/web/image/0AUDLJ08S_00045/,50,동영상,종아리
준비 운동,http://openapi.kspo.or.kr/web/video/,고혈압을 예방하기 위한 운동프로그램,340667976,고혈압 예방,29.96,601,1920*1080,매트,공통,10209,0AUDLJ08S_00045_SC_00072.jpeg,2021,1인 이상,2056,한국어,다리 벌려 늘려주기,20221006,유연성,고혈압 예방 운동프로그램,340.64,mp4,0AUDLJ08S_00045.mp4,http://openapi.kspo.or.kr/web/image/0AUDLJ08S_00045/,51,동영상,종아리
준비 운동,http://openapi.kspo.or.kr/web/video/,고혈압을 예방하기 위한 운동프로그램,340667976,고혈압 예방,29.96,602,1920*1080,매트,공통,10325,0AUDLJ08S_00045_SC_00075.jpeg,2021,1인 이상,2056,한국어,다리 벌려 늘려주기,20221006,유연성,고혈압 예방 운동프로그램,344.511,mp4,0AUDLJ08S_00045.mp4,http://openapi.kspo.or.kr/web/image/0AUDLJ08S_00045/,52,동영상,종아리
준비 운동,http://openapi.kspo.or.kr/web/video/,고혈압을 예방하기 위한 운동프로그램,340667976,고혈압 예방,29.96,603,1920*1080,매트,공통,10470,0AUDLJ08S_00045_SC_00077.jpeg,2021,1인 이상,2056,한국어,다리 벌려 늘려주기,20221006,유연성,고혈압 예방 운동프로그램,349.349,mp4,0AUDLJ08S_00045.mp4,http://openapi.kspo.or.kr/web/image/0AUDLJ08S_00045/,53,동영상,종아리
준비 운동,http://openapi.kspo.or.kr/web/video/,고혈압을 예방하기 위한 운동프로그램,340667976,고혈압 예방,29.96,604,1920*1080,매트,공통,10615,0AUDLJ08S_00045_SC_00078.jpeg,2021,1인 이상,2056,한국어,다리 벌려 늘려주기,20221006,유연성,고혈압 예방 운동프로그램,354.187,mp4,0AUDLJ08S_00045.mp4,http://openapi.kspo.or.kr/web/image/0AUDLJ08S_00045/,54,동영상,종아리
준비 운동,http://openapi.kspo.or.kr/web/video/,고혈압을 예방하기 위한 운동프로그램,340667976,고혈압 예방,29.96,605,1920*1080,매트,공통,10731,0AUDLJ08S_00045_SC_00081.jpeg,2021,1인 이상,2056,한국어,다리 벌려 늘려주기,20221006,유연성,고혈압 예방 운동프로그램,358.058,mp4,0AUDLJ08S_00045.mp4,http://openapi.kspo.or.kr/web/image/0AUDLJ08S_00045/,55,동영상,종아리
준비 운동,http://openapi.kspo.or.kr/web/video/,고혈압을 예방하기 위한 운동프로그램,340667976,고혈압 예방,29.96,606,1920*1080,매트,공통,10760,0AUDLJ08S_00045_SC_00082.jpeg,2021,1인 이상,2056,한국어,다리 벌려 늘려주기,20221006,유연성,고혈압 예방 운동프로그램,359.025,mp4,0AUDLJ08S_00045.mp4,http://openapi.kspo.or.kr/web/image/0AUDLJ08S_00045/,56,동영상,종아리
준비 운동,http://openapi.kspo.or.kr/web/video/,고혈압을 예방하기 위한 운동프로그램,340667976,고혈압 예방,29.96,607,1920*1080,매트,공통,10818,0AUDLJ08S_00045_SC_00083.jpeg,2021,1인 이상,2056,한국어,다리 벌려 늘려주기,20221006,유연성,고혈압 예방 운동프로그램,360.96,mp4,0AUDLJ08S_00045.mp4,http://openapi.kspo.or.kr/web/image/0AUDLJ08S_00045/,57,동영상,종아리
준비 운동,http://openapi.kspo.or.kr/web/video/,고혈압을 예방하기 위한 운동프로그램,340667976,고혈압 예방,29.96,608,1920*1080,매트,공통,10905,0AUDLJ08S_00045_SC_00084.jpeg,2021,1인 이상,2056,한국어,다리 벌려 늘려주기,20221006,유연성,고혈압 예방 운동프로그램,363.863,mp4,0AUDLJ08S_00045.mp4,http://openapi.kspo.or.kr/web/image/0AUDLJ08S_00045/,58,동영상,종아리
준비 운동,http://openapi.kspo.or.kr/web/video/,고혈압을 예방하기 위한 운동프로그램,340667976,고혈압 예방,29.96,609,1920*1080,매트,공통,10963,0AUDLJ08S_00045_SC_00085.jpeg,2021,1인 이상,2056,한국어,다리 벌려 늘려주기,20221006,유연성,고혈압 예방 운동프로그램,365.799,mp4,0AUDLJ08S_00045.mp4,http://openapi.kspo.or.kr/web/image/0AUDLJ08S_00045/,59,동영상,종아리
준비 운동,http://openapi.kspo.or.kr/web/video/,고혈압을 예방하기 위한 운동프로그램,340667976,고혈압 예방,29.96,610,1920*1080,매트,공통,11079,0AUDLJ08S_00045_SC_00086.jpeg,2021,1인 이상,2056,한국어,다리 벌려 늘려주기,20221006,유연성,고혈압 예방 운동프로그램,369.669,mp4,0AUDLJ08S_00045.mp4,http://openapi.kspo.or.kr/web/image/0AUDLJ08S_00045/,60,동영상,종아리
준비 운동,http://openapi.kspo.or.kr/web/video/,고혈압을 예방하기 위한 운동프로그램,340667976,고혈압 예방,29.96,611,1920*1080,매트,공통,11572,0AUDLJ08S_00045_SC_00087.jpeg,2021,1인 이상,2056,한국어,넙다리 앞 늘리기,20221006,유연성,고혈압 예방 운동프로그램,386.119,mp4,0AUDLJ08S_00045.mp4,http://openapi.kspo.or.kr/web/image/0AUDLJ08S_00045/,61,동영상,대퇴사두근
준비 운동,http://openapi.kspo.or.kr/web/video/,고혈압을 예방하기 위한 운동프로그램,340667976,고혈압 예방,29.96,612,1920*1080,매트,공통,11717,0AUDLJ08S_00045_SC_00091.jpeg,2021,1인 이상,2056,한국어,넙다리 앞 늘리기,20221006,유연성,고혈압 예방 운동프로그램,390.957,mp4,0AUDLJ08S_00045.mp4,http://openapi.kspo.or.kr/web/image/0AUDLJ08S_00045/,62,동영상,대퇴사두근
준비 운동,http://openapi.kspo.or.kr/web/video/,고혈압을 예방하기 위한 운동프로그램,340667976,고혈압 예방,29.96,613,1920*1080,매트,공통,11775,0AUDLJ08S_00045_SC_00092.jpeg,2021,1인 이상,2056,한국어,넙다리 앞 늘리기,20221006,유연성,고혈압 예방 운동프로그램,392.892,mp4,0AUDLJ08S_00045.mp4,http://openapi.kspo.or.kr/web/image/0AUDLJ08S_00045/,63,동영상,대퇴사두근
준비 운동,http://openapi.kspo.or.kr/web/video/,고혈압을 예방하기 위한 운동프로그램,340667976,고혈압 예방,29.96,614,1920*1080,매트,공통,11949,0AUDLJ08S_00045_SC_00095.jpeg,2021,1인 이상,2056,한국어,넙다리 앞 늘리기,20221006,유연성,고혈압 예방 운동프로그램,398.698,mp4,0AUDLJ08S_00045.mp4,http://openapi.kspo.or.kr/web/image/0AUDLJ08S_00045/,64,동영상,대퇴사두근
준비 운동,http://openapi.kspo.or.kr/web/video/,고혈압을 예방하기 위한 운동프로그램,340667976,고혈압 예방,29.96,615,1920*1080,매트,공통,12442,0AUDLJ08S_00045_SC_00100.jpeg,2021,1인 이상,2056,한국어,넙다리 앞 늘리기,20221006,유연성,고혈압 예방 운동프로그램,415.148,mp4,0AUDLJ08S_00045.mp4,http://openapi.kspo.or.kr/web/image/0AUDLJ08S_00045/,65,동영상,대퇴사두근
준비 운동,http://openapi.kspo.or.kr/web/video/,고혈압을 예방하기 위한 운동프로그램,340667976,고혈압 예방,29.96,616,1920*1080,매트,공통,12471,0AUDLJ08S_00045_SC_00101.jpeg,2021,1인 이상,2056,한국어,넙다리 앞 늘리기,20221006,유연성,고혈압 예방 운동프로그램,416.116,mp4,0AUDLJ08S_00045.mp4,http://openapi.kspo.or.kr/web/image/0AUDLJ08S_00045/,66,동영상,대퇴사두근
준비 운동,http://openapi.kspo.or.kr/web/video/,고혈압을 예방하기 위한 운동프로그램,340667976,고혈압 예방,29.96,617,1920*1080,매트,공통,12500,0AUDLJ08S_00045_SC_00102.jpeg,2021,1인 이상,2056,한국어,넙다리 앞 늘리기,20221006,유연성,고혈압 예방 운동프로그램,417.083,mp4,0AUDLJ08S_00045.mp4,http://openapi.kspo.or.kr/web/image/0AUDLJ08S_00045/,67,동영상,대퇴사두근
준비 운동,http://openapi.kspo.or.kr/web/video/,고혈압을 예방하기 위한 운동프로그램,340667976,고혈압 예방,29.96,618,1920*1080,매트,공통,12529,0AUDLJ08S_00045_SC_00103.jpeg,2021,1인 이상,2056,한국어,넙다리 앞 늘리기,20221006,유연성,고혈압 예방 운동프로그램,418.051,mp4,0AUDLJ08S_00045.mp4,http://openapi.kspo.or.kr/web/image/0AUDLJ08S_00045/,68,동영상,대퇴사두근
준비 운동,http://openapi.kspo.or.kr/web/video/,고혈압을 예방하기 위한 운동프로그램,340667976,고혈압 예방,29.96,619,1920*1080,매트,공통,12587,0AUDLJ08S_00045_SC_00104.jpeg,2021,1인 이상,2056,한국어,넙다리 앞 늘리기,20221006,유연성,고혈압 예방 운동프로그램,419.986,mp4,0AUDLJ08S_00045.mp4,http://openapi.kspo.or.kr/web/image/0AUDLJ08S_00045/,69,동영상,대퇴사두근
준비 운동,http://openapi.kspo.or.kr/web/video/,고혈압을 예방하기 위한 운동프로그램,340667976,고혈압 예방,29.96,620,1920*1080,매트,공통,12616,0AUDLJ08S_00045_SC_00105.jpeg,2021,1인 이상,2056,한국어,넙다리 앞 늘리기,20221006,유연성,고혈압 예방 운동프로그램,420.954,mp4,0AUDLJ08S_00045.mp4,http://openapi.kspo.or.kr/web/image/0AUDLJ08S_00045/,70,동영상,대퇴사두근
준비 운동,http://openapi.kspo.or.kr/web/video/,고혈압을 예방하기 위한 운동프로그램,340667976,고혈압 예방,29.96,621,1920*1080,매트,공통,13254,0AUDLJ08S_00045_SC_00106.jpeg,2021,1인 이상,2056,한국어,옆구리와 다리 옆 늘리기,20221006,유연성,고혈압 예방 운동프로그램,442.242,mp4,0AUDLJ08S_00045.mp4,http://openapi.kspo.or.kr/web/image/0AUDLJ08S_00045/,71,동영상,몸통
준비 운동,http://openapi.kspo.or.kr/web/video/,고혈압을 예방하기 위한 운동프로그램,340667976,고혈압 예방,29.96,622,1920*1080,매트,공통,13515,0AUDLJ08S_00045_SC_00107.jpeg,2021,1인 이상,2056,한국어,옆구리와 다리 옆 늘리기,20221006,유연성,고혈압 예방 운동프로그램,450.95,mp4,0AUDLJ08S_00045.mp4,http://openapi.kspo.or.kr/web/image/0AUDLJ08S_00045/,72,동영상,몸통
준비 운동,http://openapi.kspo.or.kr/web/video/,고혈압을 예방하기 위한 운동프로그램,340667976,고혈압 예방,29.96,623,1920*1080,매트,공통,14037,0AUDLJ08S_00045_SC_00114.jpeg,2021,1인 이상,2056,한국어,옆구리와 다리 옆 늘리기,20221006,유연성,고혈압 예방 운동프로그램,468.368,mp4,0AUDLJ08S_00045.mp4,http://openapi.kspo.or.kr/web/image/0AUDLJ08S_00045/,73,동영상,몸통
준비 운동,http://openapi.kspo.or.kr/web/video/,고혈압을 예방하기 위한 운동프로그램,340667976,고혈압 예방,29.96,624,1920*1080,매트,공통,14211,0AUDLJ08S_00045_SC_00115.jpeg,2021,1인 이상,2056,한국어,옆구리와 다리 옆 늘리기,20221006,유연성,고혈압 예방 운동프로그램,474.174,mp4,0AUDLJ08S_00045.mp4,http://openapi.kspo.or.kr/web/image/0AUDLJ08S_00045/,74,동영상,몸통
준비 운동,http://openapi.kspo.or.kr/web/video/,고혈압을 예방하기 위한 운동프로그램,340667976,고혈압 예방,29.96,625,1920*1080,매트,공통,14559,0AUDLJ08S_00045_SC_00116.jpeg,2021,1인 이상,2056,한국어,옆구리와 다리 옆 늘리기,20221006,유연성,고혈압 예방 운동프로그램,485.785,mp4,0AUDLJ08S_00045.mp4,http://openapi.kspo.or.kr/web/image/0AUDLJ08S_00045/,75,동영상,몸통
준비 운동,http://openapi.kspo.or.kr/web/video/,고혈압을 예방하기 위한 운동프로그램,340667976,고혈압 예방,29.96,626,1920*1080,매트,공통,14762,0AUDLJ08S_00045_SC_00122.jpeg,2021,1인 이상,2056,한국어,옆구리와 다리 옆 늘리기,20221006,유연성,고혈압 예방 운동프로그램,492.559,mp4,0AUDLJ08S_00045.mp4,http://openapi.kspo.or.kr/web/image/0AUDLJ08S_00045/,76,동영상,몸통
준비 운동,http://openapi.kspo.or.kr/web/video/,고혈압을 예방하기 위한 운동프로그램,340667976,고혈압 예방,29.96,627,1920*1080,매트,공통,14878,0AUDLJ08S_00045_SC_00123.jpeg,2021,1인 이상,2056,한국어,전신 늘이기,20221006,유연성,고혈압 예방 운동프로그램,496.429,mp4,0AUDLJ08S_00045.mp4,http://openapi.kspo.or.kr/web/image/0AUDLJ08S_00045/,77,동영상,전신
준비 운동,http://openapi.kspo.or.kr/web/video/,고혈압을 예방하기 위한 운동프로그램,340667976,고혈압 예방,29.96,628,1920*1080,매트,공통,15110,0AUDLJ08S_00045_SC_00124.jpeg,2021,1인 이상,2056,한국어,전신 늘이기,20221006,유연성,고혈압 예방 운동프로그램,504.17,mp4,0AUDLJ08S_00045.mp4,http://openapi.kspo.or.kr/web/image/0AUDLJ08S_00045/,78,동영상,전신
준비 운동,http://openapi.kspo.or.kr/web/video/,고혈압을 예방하기 위한 운동프로그램,340667976,고혈압 예방,29.96,629,1920*1080,매트,공통,15168,0AUDLJ08S_00045_SC_00125.jpeg,2021,1인 이상,2056,한국어,전신 늘이기,20221006,유연성,고혈압 예방 운동프로그램,506.106,mp4,0AUDLJ08S_00045.mp4,http://openapi.kspo.or.kr/web/image/0AUDLJ08S_00045/,79,동영상,전신
준비 운동,http://openapi.kspo.or.kr/web/video/,고혈압을 예방하기 위한 운동프로그램,340667976,고혈압 예방,29.96,630,1920*1080,매트,공통,15284,0AUDLJ08S_00045_SC_00126.jpeg,2021,1인 이상,2056,한국어,전신 늘이기,20221006,유연성,고혈압 예방 운동프로그램,509.976,mp4,0AUDLJ08S_00045.mp4,http://openapi.kspo.or.kr/web/image/0AUDLJ08S_00045/,80,동영상,전신
준비 운동,http://openapi.kspo.or.kr/web/video/,고혈압을 예방하기 위한 운동프로그램,340667976,고혈압 예방,29.96,631,1920*1080,매트,공통,15342,0AUDLJ08S_00045_SC_00127.jpeg,2021,1인 이상,2056,한국어,전신 늘이기,20221006,유연성,고혈압 예방 운동프로그램,511.911,mp4,0AUDLJ08S_00045.mp4,http://openapi.kspo.or.kr/web/image/0AUDLJ08S_00045/,81,동영상,전신
준비 운동,http://openapi.kspo.or.kr/web/video/,고혈압을 예방하기 위한 운동프로그램,340667976,고혈압 예방,29.96,632,1920*1080,매트,공통,15487,0AUDLJ08S_00045_SC_00128.jpeg,2021,1인 이상,2056,한국어,전신 늘이기,20221006,유연성,고혈압 예방 운동프로그램,516.75,mp4,0AUDLJ08S_00045.mp4,http://openapi.kspo.or.kr/web/image/0AUDLJ08S_00045/,82,동영상,전신
준비 운동,http://openapi.kspo.or.kr/web/video/,고혈압을 예방하기 위한 운동프로그램,340667976,고혈압 예방,29.96,633,1920*1080,매트,공통,15632,0AUDLJ08S_00045_SC_00129.jpeg,2021,1인 이상,2056,한국어,전신 늘이기,20221006,유연성,고혈압 예방 운동프로그램,521.588,mp4,0AUDLJ08S_00045.mp4,http://openapi.kspo.or.kr/web/image/0AUDLJ08S_00045/,83,동영상,전신
,http://openapi.kspo.or.kr/web/video/,고혈압을 예방하기 위한 운동프로그램,340667976,고혈압 예방,29.96,634,1920*1080,,공통,15835,0AUDLJ08S_00045_SC_00131.jpeg,2021,,2056,한국어,,20221006,,고혈압 예방 운동프로그램,528.361,mp4,0AUDLJ08S_00045.mp4,http://openapi.kspo.or.kr/web/image/0AUDLJ08S_00045/,84,동영상,
본 운동(순환식 근력 운동),http://openapi.kspo.or.kr/web/video/,고혈압을 예방하기 위한 운동프로그램,340667976,고혈압 예방,29.96,635,1920*1080,밴드,공통,16125,0AUDLJ08S_00045_SC_00132.jpeg,2021,1인 이상,2056,한국어,의자에 앉아 밴드로 다리 들어올리기,20221006,근력/근지구력,고혈압 예방 운동프로그램,538.038,mp4,0AUDLJ08S_00045.mp4,http://openapi.kspo.or.kr/web/image/0AUDLJ08S_00045/,85,동영상,대퇴사두근
본 운동(순환식 근력 운동),http://openapi.kspo.or.kr/web/video/,고혈압을 예방하기 위한 운동프로그램,340667976,고혈압 예방,29.96,636,1920*1080,밴드,공통,16241,0AUDLJ08S_00045_SC_00133.jpeg,2021,1인 이상,2056,한국어,의자에 앉아 밴드로 다리 들어올리기,20221006,근력/근지구력,고혈압 예방 운동프로그램,541.908,mp4,0AUDLJ08S_00045.mp4,http://openapi.kspo.or.kr/web/image/0AUDLJ08S_00045/,86,동영상,대퇴사두근
본 운동(순환식 근력 운동),http://openapi.kspo.or.kr/web/video/,고혈압을 예방하기 위한 운동프로그램,340667976,고혈압 예방,29.96,637,1920*1080,밴드,공통,16357,0AUDLJ08S_00045_SC_00134.jpeg,2021,1인 이상,2056,한국어,의자에 앉아 밴드로 다리 들어올리기,20221006,근력/근지구력,고혈압 예방 운동프로그램,545.779,mp4,0AUDLJ08S_00045.mp4,http://openapi.kspo.or.kr/web/image/0AUDLJ08S_00045/,87,동영상,대퇴사두근
본 운동(순환식 근력 운동),http://openapi.kspo.or.kr/web/video/,고혈압을 예방하기 위한 운동프로그램,340667976,고혈압 예방,29.96,638,1920*1080,밴드,공통,16560,0AUDLJ08S_00045_SC_00135.jpeg,2021,1인 이상,2056,한국어,의자에 앉아 밴드로 다리 들어올리기,20221006,근력/근지구력,고혈압 예방 운동프로그램,552.552,mp4,0AUDLJ08S_00045.mp4,http://openapi.kspo.or.kr/web/image/0AUDLJ08S_00045/,88,동영상,대퇴사두근
본 운동(순환식 근력 운동),http://openapi.kspo.or.kr/web/video/,고혈압을 예방하기 위한 운동프로그램,340667976,고혈압 예방,29.96,639,1920*1080,밴드,공통,16705,0AUDLJ08S_00045_SC_00136.jpeg,2021,1인 이상,2056,한국어,의자에 앉아 밴드로 다리 들어올리기,20221006,근력/근지구력,고혈압 예방 운동프로그램,557.39,mp4,0AUDLJ08S_00045.mp4,http://openapi.kspo.or.kr/web/image/0AUDLJ08S_00045/,89,동영상,대퇴사두근
본 운동(순환식 근력 운동),http://openapi.kspo.or.kr/web/video/,고혈압을 예방하기 위한 운동프로그램,340667976,고혈압 예방,29.96,640,1920*1080,밴드,공통,16821,0AUDLJ08S_00045_SC_00137.jpeg,2021,1인 이상,2056,한국어,의자에 앉아 밴드로 다리 들어올리기,20221006,근력/근지구력,고혈압 예방 운동프로그램,561.261,mp4,0AUDLJ08S_00045.mp4,http://openapi.kspo.or.kr/web/image/0AUDLJ08S_00045/,90,동영상,대퇴사두근
본 운동(순환식 근력 운동),http://openapi.kspo.or.kr/web/video/,고혈압을 예방하기 위한 운동프로그램,340667976,고혈압 예방,29.96,641,1920*1080,밴드,공통,17372,0AUDLJ08S_00045_SC_00138.jpeg,2021,1인 이상,2056,한국어,의자에 앉아 밴드로 다리 들어올리기,20221006,근력/근지구력,고혈압 예방 운동프로그램,579.646,mp4,0AUDLJ08S_00045.mp4,http://openapi.kspo.or.kr/web/image/0AUDLJ08S_00045/,91,동영상,대퇴사두근
본 운동(순환식 근력 운동),http://openapi.kspo.or.kr/web/video/,고혈압을 예방하기 위한 운동프로그램,340667976,고혈압 예방,29.96,642,1920*1080,밴드,공통,17778,0AUDLJ08S_00045_SC_00139.jpeg,2021,1인 이상,2056,한국어,의자에 앉아 밴드로 다리 들어올리기,20221006,근력/근지구력,고혈압 예방 운동프로그램,593.193,mp4,0AUDLJ08S_00045.mp4,http://openapi.kspo.or.kr/web/image/0AUDLJ08S_00045/,92,동영상,대퇴사두근
본 운동(순환식 근력 운동),http://openapi.kspo.or.kr/web/video/,고혈압을 예방하기 위한 운동프로그램,340667976,고혈압 예방,29.96,643,1920*1080,밴드,공통,17923,0AUDLJ08S_00045_SC_00140.jpeg,2021,1인 이상,2056,한국어,의자에 앉아 밴드로 다리 들어올리기,20221006,근력/근지구력,고혈압 예방 운동프로그램,598.031,mp4,0AUDLJ08S_00045.mp4,http://openapi.kspo.or.kr/web/image/0AUDLJ08S_00045/,93,동영상,대퇴사두근
본 운동(순환식 근력 운동),http://openapi.kspo.or.kr/web/video/,고혈압을 예방하기 위한 운동프로그램,340667976,고혈압 예방,29.96,644,1920*1080,밴드,공통,18677,0AUDLJ08S_00045_SC_00143.jpeg,2021,1인 이상,2056,한국어,의자에 밴드 걸고 서서 다리 뒤로 당기기,20221006,근력/근지구력,고혈압 예방 운동프로그램,623.189,mp4,0AUDLJ08S_00045.mp4,http://openapi.kspo.or.kr/web/image/0AUDLJ08S_00045/,94,동영상,대퇴이두근
본 운동(순환식 근력 운동),http://openapi.kspo.or.kr/web/video/,고혈압을 예방하기 위한 운동프로그램,340667976,고혈압 예방,29.96,645,1920*1080,밴드,공통,18880,0AUDLJ08S_00045_SC_00144.jpeg,2021,1인 이상,2056,한국어,의자에 밴드 걸고 서서 다리 뒤로 당기기,20221006,근력/근지구력,고혈압 예방 운동프로그램,629.963,mp4,0AUDLJ08S_00045.mp4,http://openapi.kspo.or.kr/web/image/0AUDLJ08S_00045/,95,동영상,대퇴이두근
본 운동(순환식 근력 운동),http://openapi.kspo.or.kr/web/video/,고혈압을 예방하기 위한 운동프로그램,340667976,고혈압 예방,29.96,646,1920*1080,밴드,공통,18967,0AUDLJ08S_00045_SC_00145.jpeg,2021,1인 이상,2056,한국어,의자에 밴드 걸고 서서 다리 뒤로 당기기,20221006,근력/근지구력,고혈압 예방 운동프로그램,632.866,mp4,0AUDLJ08S_00045.mp4,http://openapi.kspo.or.kr/web/image/0AUDLJ08S_00045/,96,동영상,대퇴이두근
본 운동(순환식 근력 운동),http://openapi.kspo.or.kr/web/video/,고혈압을 예방하기 위한 운동프로그램,340667976,고혈압 예방,29.96,647,1920*1080,밴드,공통,19025,0AUDLJ08S_00045_SC_00146.jpeg,2021,1인 이상,2056,한국어,의자에 밴드 걸고 서서 다리 뒤로 당기기,20221006,근력/근지구력,고혈압 예방 운동프로그램,634.801,mp4,0AUDLJ08S_00045.mp4,http://openapi.kspo.or.kr/web/image/0AUDLJ08S_00045/,97,동영상,대퇴이두근
본 운동(순환식 근력 운동),http://openapi.kspo.or.kr/web/video/,고혈압을 예방하기 위한 운동프로그램,340667976,고혈압 예방,29.96,648,1920*1080,밴드,공통,19286,0AUDLJ08S_00045_SC_00147.jpeg,2021,1인 이상,2056,한국어,의자에 밴드 걸고 서서 다리 뒤로 당기기,20221006,근력/근지구력,고혈압 예방 운동프로그램,643.51,mp4,0AUDLJ08S_00045.mp4,http://openapi.kspo.or.kr/web/image/0AUDLJ08S_00045/,98,동영상,대퇴이두근
본 운동(순환식 근력 운동),http://openapi.kspo.or.kr/web/video/,고혈압을 예방하기 위한 운동프로그램,340667976,고혈압 예방,29.96,649,1920*1080,밴드,공통,19460,0AUDLJ08S_00045_SC_00148.jpeg,2021,1인 이상,2056,한국어,의자에 밴드 걸고 서서 다리 뒤로 당기기,20221006,근력/근지구력,고혈압 예방 운동프로그램,649.315,mp4,0AUDLJ08S_00045.mp4,http://openapi.kspo.or.kr/web/image/0AUDLJ08S_00045/,99,동영상,대퇴이두근
본 운동(순환식 근력 운동),http://openapi.kspo.or.kr/web/video/,고혈압을 예방하기 위한 운동프로그램,340667976,고혈압 예방,29.96,650,1920*1080,밴드,공통,19605,0AUDLJ08S_00045_SC_00152.jpeg,2021,1인 이상,2056,한국어,의자에 밴드 걸고 서서 다리 뒤로 당기기,20221006,근력/근지구력,고혈압 예방 운동프로그램,654.154,mp4,0AUDLJ08S_00045.mp4,http://openapi.kspo.or.kr/web/image/0AUDLJ08S_00045/,100,동영상,대퇴이두근
본 운동(순환식 근력 운동),http://openapi.kspo.or.kr/web/video/,고혈압을 예방하기 위한 운동프로그램,340667976,고혈압 예방,29.96,651,1920*1080,밴드,공통,19634,0AUDLJ08S_00045_SC_00153.jpeg,2021,1인 이상,2056,한국어,의자에 밴드 걸고 서서 다리 뒤로 당기기,20221006,근력/근지구력,고혈압 예방 운동프로그램,655.121,mp4,0AUDLJ08S_00045.mp4,http://openapi.kspo.or.kr/web/image/0AUDLJ08S_00045/,101,동영상,대퇴이두근
본 운동(순환식 근력 운동),http://openapi.kspo.or.kr/web/video/,고혈압을 예방하기 위한 운동프로그램,340667976,고혈압 예방,29.96,652,1920*1080,밴드,공통,19779,0AUDLJ08S_00045_SC_00154.jpeg,2021,1인 이상,2056,한국어,의자에 밴드 걸고 서서 다리 뒤로 당기기,20221006,근력/근지구력,고혈압 예방 운동프로그램,659.959,mp4,0AUDLJ08S_00045.mp4,http://openapi.kspo.or.kr/web/image/0AUDLJ08S_00045/,102,동영상,대퇴이두근
본 운동(순환식 근력 운동),http://openapi.kspo.or.kr/web/video/,고혈압을 예방하기 위한 운동프로그램,340667976,고혈압 예방,29.96,653,1920*1080,밴드,공통,19837,0AUDLJ08S_00045_SC_00155.jpeg,2021,1인 이상,2056,한국어,의자에 밴드 걸고 서서 다리 뒤로 당기기,20221006,근력/근지구력,고혈압 예방 운동프로그램,661.895,mp4,0AUDLJ08S_00045.mp4,http://openapi.kspo.or.kr/web/image/0AUDLJ08S_00045/,103,동영상,대퇴이두근
본 운동(순환식 근력 운동),http://openapi.kspo.or.kr/web/video/,고혈압을 예방하기 위한 운동프로그램,340667976,고혈압 예방,29.96,654,1920*1080,밴드,공통,20040,0AUDLJ08S_00045_SC_00156.jpeg,2021,1인 이상,2056,한국어,의자에 밴드 걸고 서서 다리 뒤로 당기기,20221006,근력/근지구력,고혈압 예방 운동프로그램,668.668,mp4,0AUDLJ08S_00045.mp4,http://openapi.kspo.or.kr/web/image/0AUDLJ08S_00045/,104,동영상,대퇴이두근
본 운동(순환식 근력 운동),http://openapi.kspo.or.kr/web/video/,고혈압을 예방하기 위한 운동프로그램,340667976,고혈압 예방,29.96,655,1920*1080,밴드,공통,20127,0AUDLJ08S_00045_SC_00157.jpeg,2021,1인 이상,2056,한국어,의자에 밴드 걸고 서서 다리 뒤로 당기기,20221006,근력/근지구력,고혈압 예방 운동프로그램,671.571,mp4,0AUDLJ08S_00045.mp4,http://openapi.kspo.or.kr/web/image/0AUDLJ08S_00045/,105,동영상,대퇴이두근
본 운동(순환식 근력 운동),http://openapi.kspo.or.kr/web/video/,고혈압을 예방하기 위한 운동프로그램,340667976,고혈압 예방,29.96,656,1920*1080,밴드,공통,21287,0AUDLJ08S_00045_SC_00170.jpeg,2021,1인 이상,2056,한국어,밴드 걸고 옆으로 누워 다리 올리기,20221006,근력/근지구력,고혈압 예방 운동프로그램,710.276,mp4,0AUDLJ08S_00045.mp4,http://openapi.kspo.or.kr/web/image/0AUDLJ08S_00045/,106,동영상,둔부
본 운동(순환식 근력 운동),http://openapi.kspo.or.kr/web/video/,고혈압을 예방하기 위한 운동프로그램,340667976,고혈압 예방,29.96,657,1920*1080,밴드,공통,21722,0AUDLJ08S_00045_SC_00171.jpeg,2021,1인 이상,2056,한국어,밴드 걸고 옆으로 누워 다리 올리기,20221006,근력/근지구력,고혈압 예방 운동프로그램,724.791,mp4,0AUDLJ08S_00045.mp4,http://openapi.kspo.or.kr/web/image/0AUDLJ08S_00045/,107,동영상,둔부
본 운동(순환식 근력 운동),http://openapi.kspo.or.kr/web/video/,고혈압을 예방하기 위한 운동프로그램,340667976,고혈압 예방,29.96,658,1920*1080,밴드,공통,21780,0AUDLJ08S_00045_SC_00172.jpeg,2021,1인 이상,2056,한국어,밴드 걸고 옆으로 누워 다리 올리기,20221006,근력/근지구력,고혈압 예방 운동프로그램,726.726,mp4,0AUDLJ08S_00045.mp4,http://openapi.kspo.or.kr/web/image/0AUDLJ08S_00045/,108,동영상,둔부
본 운동(순환식 근력 운동),http://openapi.kspo.or.kr/web/video/,고혈압을 예방하기 위한 운동프로그램,340667976,고혈압 예방,29.96,659,1920*1080,밴드,공통,21809,0AUDLJ08S_00045_SC_00173.jpeg,2021,1인 이상,2056,한국어,밴드 걸고 옆으로 누워 다리 올리기,20221006,근력/근지구력,고혈압 예방 운동프로그램,727.694,mp4,0AUDLJ08S_00045.mp4,http://openapi.kspo.or.kr/web/image/0AUDLJ08S_00045/,109,동영상,둔부
본 운동(순환식 근력 운동),http://openapi.kspo.or.kr/web/video/,고혈압을 예방하기 위한 운동프로그램,340667976,고혈압 예방,29.96,660,1920*1080,밴드,공통,22012,0AUDLJ08S_00045_SC_00174.jpeg,2021,1인 이상,2056,한국어,밴드 걸고 옆으로 누워 다리 올리기,20221006,근력/근지구력,고혈압 예방 운동프로그램,734.467,mp4,0AUDLJ08S_00045.mp4,http://openapi.kspo.or.kr/web/image/0AUDLJ08S_00045/,110,동영상,둔부
본 운동(순환식 근력 운동),http://openapi.kspo.or.kr/web/video/,고혈압을 예방하기 위한 운동프로그램,340667976,고혈압 예방,29.96,661,1920*1080,밴드,공통,23549,0AUDLJ08S_00045_SC_00193.jpeg,2021,1인 이상,2056,한국어,밴드 걸고 옆으로 누워 다리 올리기,20221006,근력/근지구력,고혈압 예방 운동프로그램,785.752,mp4,0AUDLJ08S_00045.mp4,http://openapi.kspo.or.kr/web/image/0AUDLJ08S_00045/,111,동영상,둔부
본 운동(순환식 근력 운동),http://openapi.kspo.or.kr/web/video/,고혈압을 예방하기 위한 운동프로그램,340667976,고혈압 예방,29.96,662,1920*1080,밴드,공통,24042,0AUDLJ08S_00045_SC_00194.jpeg,2021,1인 이상,2056,한국어,밴드 걸고 옆으로 누워 다리 올리기,20221006,근력/근지구력,고혈압 예방 운동프로그램,802.202,mp4,0AUDLJ08S_00045.mp4,http://openapi.kspo.or.kr/web/image/0AUDLJ08S_00045/,112,동영상,둔부
본 운동(순환식 근력 운동),http://openapi.kspo.or.kr/web/video/,고혈압을 예방하기 위한 운동프로그램,340667976,고혈압 예방,29.96,663,1920*1080,밴드,공통,24361,0AUDLJ08S_00045_SC_00196.jpeg,2021,1인 이상,2056,한국어,밴드 걸고 옆으로 누워 다리 올리기,20221006,근력/근지구력,고혈압 예방 운동프로그램,812.846,mp4,0AUDLJ08S_00045.mp4,http://openapi.kspo.or.kr/web/image/0AUDLJ08S_00045/,113,동영상,둔부
본 운동(순환식 근력 운동),http://openapi.kspo.or.kr/web/video/,고혈압을 예방하기 위한 운동프로그램,340667976,고혈압 예방,29.96,664,1920*1080,밴드,공통,24390,0AUDLJ08S_00045_SC_00197.jpeg,2021,1인 이상,2056,한국어,밴드 걸고 옆으로 누워 다리 올리기,20221006,근력/근지구력,고혈압 예방 운동프로그램,813.813,mp4,0AUDLJ08S_00045.mp4,http://openapi.kspo.or.kr/web/image/0AUDLJ08S_00045/,114,동영상,둔부
본 운동(순환식 근력 운동),http://openapi.kspo.or.kr/web/video/,고혈압을 예방하기 위한 운동프로그램,340667976,고혈압 예방,29.96,665,1920*1080,밴드,공통,24419,0AUDLJ08S_00045_SC_00198.jpeg,2021,1인 이상,2056,한국어,밴드 걸고 옆으로 누워 다리 올리기,20221006,근력/근지구력,고혈압 예방 운동프로그램,814.781,mp4,0AUDLJ08S_00045.mp4,http://openapi.kspo.or.kr/web/image/0AUDLJ08S_00045/,115,동영상,둔부
본 운동(순환식 근력 운동),http://openapi.kspo.or.kr/web/video/,고혈압을 예방하기 위한 운동프로그램,340667976,고혈압 예방,29.96,666,1920*1080,밴드,공통,24448,0AUDLJ08S_00045_SC_00199.jpeg,2021,1인 이상,2056,한국어,밴드 걸고 옆으로 누워 다리 올리기,20221006,근력/근지구력,고혈압 예방 운동프로그램,815.749,mp4,0AUDLJ08S_00045.mp4,http://openapi.kspo.or.kr/web/image/0AUDLJ08S_00045/,116,동영상,둔부
본 운동(순환식 근력 운동),http://openapi.kspo.or.kr/web/video/,고혈압을 예방하기 위한 운동프로그램,340667976,고혈압 예방,29.96,667,1920*1080,밴드,공통,24477,0AUDLJ08S_00045_SC_00200.jpeg,2021,1인 이상,2056,한국어,밴드 걸고 옆으로 누워 다리 올리기,20221006,근력/근지구력,고혈압 예방 운동프로그램,816.716,mp4,0AUDLJ08S_00045.mp4,http://openapi.kspo.or.kr/web/image/0AUDLJ08S_00045/,117,동영상,둔부
본 운동(순환식 근력 운동),http://openapi.kspo.or.kr/web/video/,고혈압을 예방하기 위한 운동프로그램,340667976,고혈압 예방,29.96,668,1920*1080,밴드,공통,24535,0AUDLJ08S_00045_SC_00202.jpeg,2021,1인 이상,2056,한국어,밴드 걸고 옆으로 누워 다리 올리기,20221006,근력/근지구력,고혈압 예방 운동프로그램,818.651,mp4,0AUDLJ08S_00045.mp4,http://openapi.kspo.or.kr/web/image/0AUDLJ08S_00045/,118,동영상,둔부
본 운동(순환식 근력 운동),http://openapi.kspo.or.kr/web/video/,고혈압을 예방하기 위한 운동프로그램,340667976,고혈압 예방,29.96,669,1920*1080,밴드,공통,25057,0AUDLJ08S_00045_SC_00203.jpeg,2021,1인 이상,2056,한국어,밴드 걸고 옆으로 누워 다리 올리기,20221006,근력/근지구력,고혈압 예방 운동프로그램,836.069,mp4,0AUDLJ08S_00045.mp4,http://openapi.kspo.or.kr/web/image/0AUDLJ08S_00045/,119,동영상,둔부
본 운동(순환식 근력 운동),http://openapi.kspo.or.kr/web/video/,고혈압을 예방하기 위한 운동프로그램,340667976,고혈압 예방,29.96,670,1920*1080,밴드,공통,25608,0AUDLJ08S_00045_SC_00205.jpeg,2021,1인 이상,2056,한국어,밴드 걸고 한발 끌어당기기,20221006,근력/근지구력,고혈압 예방 운동프로그램,854.454,mp4,0AUDLJ08S_00045.mp4,http://openapi.kspo.or.kr/web/image/0AUDLJ08S_00045/,120,동영상,내전근
본 운동(순환식 근력 운동),http://openapi.kspo.or.kr/web/video/,고혈압을 예방하기 위한 운동프로그램,340667976,고혈압 예방,29.96,671,1920*1080,밴드,공통,25666,0AUDLJ08S_00045_SC_00206.jpeg,2021,1인 이상,2056,한국어,밴드 걸고 한발 끌어당기기,20221006,근력/근지구력,고혈압 예방 운동프로그램,856.389,mp4,0AUDLJ08S_00045.mp4,http://openapi.kspo.or.kr/web/image/0AUDLJ08S_00045/,121,동영상,내전근
본 운동(순환식 근력 운동),http://openapi.kspo.or.kr/web/video/,고혈압을 예방하기 위한 운동프로그램,340667976,고혈압 예방,29.96,672,1920*1080,밴드,공통,25782,0AUDLJ08S_00045_SC_00207.jpeg,2021,1인 이상,2056,한국어,밴드 걸고 한발 끌어당기기,20221006,근력/근지구력,고혈압 예방 운동프로그램,860.26,mp4,0AUDLJ08S_00045.mp4,http://openapi.kspo.or.kr/web/image/0AUDLJ08S_00045/,122,동영상,내전근
본 운동(순환식 근력 운동),http://openapi.kspo.or.kr/web/video/,고혈압을 예방하기 위한 운동프로그램,340667976,고혈압 예방,29.96,673,1920*1080,밴드,공통,25956,0AUDLJ08S_00045_SC_00208.jpeg,2021,1인 이상,2056,한국어,밴드 걸고 한발 끌어당기기,20221006,근력/근지구력,고혈압 예방 운동프로그램,866.066,mp4,0AUDLJ08S_00045.mp4,http://openapi.kspo.or.kr/web/image/0AUDLJ08S_00045/,123,동영상,내전근
본 운동(순환식 근력 운동),http://openapi.kspo.or.kr/web/video/,고혈압을 예방하기 위한 운동프로그램,340667976,고혈압 예방,29.96,674,1920*1080,밴드,공통,26072,0AUDLJ08S_00045_SC_00209.jpeg,2021,1인 이상,2056,한국어,밴드 걸고 한발 끌어당기기,20221006,근력/근지구력,고혈압 예방 운동프로그램,869.936,mp4,0AUDLJ08S_00045.mp4,http://openapi.kspo.or.kr/web/image/0AUDLJ08S_00045/,124,동영상,내전근
본 운동(순환식 근력 운동),http://openapi.kspo.or.kr/web/video/,고혈압을 예방하기 위한 운동프로그램,340667976,고혈압 예방,29.96,675,1920*1080,밴드,공통,26420,0AUDLJ08S_00045_SC_00214.jpeg,2021,1인 이상,2056,한국어,밴드 걸고 한발 끌어당기기,20221006,근력/근지구력,고혈압 예방 운동프로그램,881.548,mp4,0AUDLJ08S_00045.mp4,http://openapi.kspo.or.kr/web/image/0AUDLJ08S_00045/,125,동영상,내전근
본 운동(순환식 근력 운동),http://openapi.kspo.or.kr/web/video/,고혈압을 예방하기 위한 운동프로그램,340667976,고혈압 예방,29.96,676,1920*1080,밴드,공통,26449,0AUDLJ08S_00045_SC_00215.jpeg,2021,1인 이상,2056,한국어,밴드 걸고 한발 끌어당기기,20221006,근력/근지구력,고혈압 예방 운동프로그램,882.515,mp4,0AUDLJ08S_00045.mp4,http://openapi.kspo.or.kr/web/image/0AUDLJ08S_00045/,126,동영상,내전근
본 운동(순환식 근력 운동),http://openapi.kspo.or.kr/web/video/,고혈압을 예방하기 위한 운동프로그램,340667976,고혈압 예방,29.96,677,1920*1080,밴드,공통,26478,0AUDLJ08S_00045_SC_00216.jpeg,2021,1인 이상,2056,한국어,밴드 걸고 한발 끌어당기기,20221006,근력/근지구력,고혈압 예방 운동프로그램,883.483,mp4,0AUDLJ08S_00045.mp4,http://openapi.kspo.or.kr/web/image/0AUDLJ08S_00045/,127,동영상,내전근
정리 운동,http://openapi.kspo.or.kr/web/video/,고혈압을 예방하기 위한 운동프로그램,340667976,고혈압 예방,29.96,678,1920*1080,매트,공통,45647,0AUDLJ08S_00045_SC_00318.jpeg,2021,1인 이상,2056,한국어,팔꿈치 구부려 옆구리 늘려주기,20221006,유연성,고혈압 예방 운동프로그램,1523.089,mp4,0AUDLJ08S_00045.mp4,http://openapi.kspo.or.kr/web/image/0AUDLJ08S_00045/,193,동영상,옆구리
본 운동(순환식 근력 운동),http://openapi.kspo.or.kr/web/video/,고혈압을 예방하기 위한 운동프로그램,340667976,고혈압 예방,29.96,679,1920*1080,밴드,공통,26652,0AUDLJ08S_00045_SC_00217.jpeg,2021,1인 이상,2056,한국어,밴드 걸고 한발 끌어당기기,20221006,근력/근지구력,고혈압 예방 운동프로그램,889.289,mp4,0AUDLJ08S_00045.mp4,http://openapi.kspo.or.kr/web/image/0AUDLJ08S_00045/,128,동영상,내전근
본 운동(순환식 근력 운동),http://openapi.kspo.or.kr/web/video/,고혈압을 예방하기 위한 운동프로그램,340667976,고혈압 예방,29.96,680,1920*1080,밴드,공통,26768,0AUDLJ08S_00045_SC_00218.jpeg,2021,1인 이상,2056,한국어,밴드 걸고 한발 끌어당기기,20221006,근력/근지구력,고혈압 예방 운동프로그램,893.159,mp4,0AUDLJ08S_00045.mp4,http://openapi.kspo.or.kr/web/image/0AUDLJ08S_00045/,129,동영상,내전근
본 운동(순환식 근력 운동),http://openapi.kspo.or.kr/web/video/,고혈압을 예방하기 위한 운동프로그램,340667976,고혈압 예방,29.96,681,1920*1080,밴드,공통,28102,0AUDLJ08S_00045_SC_00230.jpeg,2021,1인 이상,2056,한국어,앉아서 뒤로 당기기,20221027,근력/근지구력,고혈압 예방 운동프로그램,937.671,mp4,0AUDLJ08S_00045.mp4,http://openapi.kspo.or.kr/web/image/0AUDLJ08S_00045/,130,동영상,어깨/등
본 운동(순환식 근력 운동),http://openapi.kspo.or.kr/web/video/,고혈압을 예방하기 위한 운동프로그램,340667976,고혈압 예방,29.96,682,1920*1080,밴드,공통,28276,0AUDLJ08S_00045_SC_00231.jpeg,2021,1인 이상,2056,한국어,앉아서 뒤로 당기기,20221027,근력/근지구력,고혈압 예방 운동프로그램,943.476,mp4,0AUDLJ08S_00045.mp4,http://openapi.kspo.or.kr/web/image/0AUDLJ08S_00045/,131,동영상,어깨/등
본 운동(순환식 근력 운동),http://openapi.kspo.or.kr/web/video/,고혈압을 예방하기 위한 운동프로그램,340667976,고혈압 예방,29.96,683,1920*1080,밴드,공통,28450,0AUDLJ08S_00045_SC_00233.jpeg,2021,1인 이상,2056,한국어,앉아서 뒤로 당기기,20221027,근력/근지구력,고혈압 예방 운동프로그램,949.282,mp4,0AUDLJ08S_00045.mp4,http://openapi.kspo.or.kr/web/image/0AUDLJ08S_00045/,132,동영상,어깨/등
본 운동(순환식 근력 운동),http://openapi.kspo.or.kr/web/video/,고혈압을 예방하기 위한 운동프로그램,340667976,고혈압 예방,29.96,684,1920*1080,밴드,공통,28595,0AUDLJ08S_00045_SC_00234.jpeg,2021,1인 이상,2056,한국어,앉아서 뒤로 당기기,20221027,근력/근지구력,고혈압 예방 운동프로그램,954.12,mp4,0AUDLJ08S_00045.mp4,http://openapi.kspo.or.kr/web/image/0AUDLJ08S_00045/,133,동영상,어깨/등
본 운동(순환식 근력 운동),http://openapi.kspo.or.kr/web/video/,고혈압을 예방하기 위한 운동프로그램,340667976,고혈압 예방,29.96,685,1920*1080,밴드,공통,28827,0AUDLJ08S_00045_SC_00236.jpeg,2021,1인 이상,2056,한국어,앉아서 뒤로 당기기,20221027,근력/근지구력,고혈압 예방 운동프로그램,961.861,mp4,0AUDLJ08S_00045.mp4,http://openapi.kspo.or.kr/web/image/0AUDLJ08S_00045/,134,동영상,어깨/등
본 운동(순환식 근력 운동),http://openapi.kspo.or.kr/web/video/,고혈압을 예방하기 위한 운동프로그램,340667976,고혈압 예방,29.96,686,1920*1080,밴드,공통,29059,0AUDLJ08S_00045_SC_00237.jpeg,2021,1인 이상,2056,한국어,앉아서 뒤로 당기기,20221006,근력/근지구력,고혈압 예방 운동프로그램,969.602,mp4,0AUDLJ08S_00045.mp4,http://openapi.kspo.or.kr/web/image/0AUDLJ08S_00045/,135,동영상,어깨/등
본 운동(순환식 근력 운동),http://openapi.kspo.or.kr/web/video/,고혈압을 예방하기 위한 운동프로그램,340667976,고혈압 예방,29.96,687,1920*1080,밴드,공통,29204,0AUDLJ08S_00045_SC_00238.jpeg,2021,1인 이상,2056,한국어,앉아서 뒤로 당기기,20221006,근력/근지구력,고혈압 예방 운동프로그램,974.441,mp4,0AUDLJ08S_00045.mp4,http://openapi.kspo.or.kr/web/image/0AUDLJ08S_00045/,136,동영상,어깨/등
본 운동(순환식 근력 운동),http://openapi.kspo.or.kr/web/video/,고혈압을 예방하기 위한 운동프로그램,340667976,고혈압 예방,29.96,688,1920*1080,밴드,공통,29378,0AUDLJ08S_00045_SC_00239.jpeg,2021,1인 이상,2056,한국어,앉아서 뒤로 당기기,20221006,근력/근지구력,고혈압 예방 운동프로그램,980.246,mp4,0AUDLJ08S_00045.mp4,http://openapi.kspo.or.kr/web/image/0AUDLJ08S_00045/,137,동영상,어깨/등
본 운동(순환식 근력 운동),http://openapi.kspo.or.kr/web/video/,고혈압을 예방하기 위한 운동프로그램,340667976,고혈압 예방,29.96,689,1920*1080,밴드,공통,29929,0AUDLJ08S_00045_SC_00240.jpeg,2021,1인 이상,2056,한국어,누워서 가슴밀기,20221006,근력/근지구력,고혈압 예방 운동프로그램,998.631,mp4,0AUDLJ08S_00045.mp4,http://openapi.kspo.or.kr/web/image/0AUDLJ08S_00045/,138,동영상,가슴
본 운동(순환식 근력 운동),http://openapi.kspo.or.kr/web/video/,고혈압을 예방하기 위한 운동프로그램,340667976,고혈압 예방,29.96,690,1920*1080,밴드,공통,30016,0AUDLJ08S_00045_SC_00241.jpeg,2021,1인 이상,2056,한국어,누워서 가슴밀기,20221006,근력/근지구력,고혈압 예방 운동프로그램,1001.534,mp4,0AUDLJ08S_00045.mp4,http://openapi.kspo.or.kr/web/image/0AUDLJ08S_00045/,139,동영상,가슴
본 운동(순환식 근력 운동),http://openapi.kspo.or.kr/web/video/,고혈압을 예방하기 위한 운동프로그램,340667976,고혈압 예방,29.96,691,1920*1080,밴드,공통,30364,0AUDLJ08S_00045_SC_00242.jpeg,2021,1인 이상,2056,한국어,누워서 가슴밀기,20221006,근력/근지구력,고혈압 예방 운동프로그램,1013.146,mp4,0AUDLJ08S_00045.mp4,http://openapi.kspo.or.kr/web/image/0AUDLJ08S_00045/,140,동영상,가슴
본 운동(순환식 근력 운동),http://openapi.kspo.or.kr/web/video/,고혈압을 예방하기 위한 운동프로그램,340667976,고혈압 예방,29.96,692,1920*1080,밴드,공통,30451,0AUDLJ08S_00045_SC_00243.jpeg,2021,1인 이상,2056,한국어,누워서 가슴밀기,20221006,근력/근지구력,고혈압 예방 운동프로그램,1016.049,mp4,0AUDLJ08S_00045.mp4,http://openapi.kspo.or.kr/web/image/0AUDLJ08S_00045/,141,동영상,가슴
본 운동(순환식 근력 운동),http://openapi.kspo.or.kr/web/video/,고혈압을 예방하기 위한 운동프로그램,340667976,고혈압 예방,29.96,693,1920*1080,밴드,공통,30509,0AUDLJ08S_00045_SC_00244.jpeg,2021,1인 이상,2056,한국어,누워서 가슴밀기,20221006,근력/근지구력,고혈압 예방 운동프로그램,1017.984,mp4,0AUDLJ08S_00045.mp4,http://openapi.kspo.or.kr/web/image/0AUDLJ08S_00045/,142,동영상,가슴
본 운동(순환식 근력 운동),http://openapi.kspo.or.kr/web/video/,고혈압을 예방하기 위한 운동프로그램,340667976,고혈압 예방,29.96,694,1920*1080,밴드,공통,30654,0AUDLJ08S_00045_SC_00245.jpeg,2021,1인 이상,2056,한국어,누워서 가슴밀기,20221006,근력/근지구력,고혈압 예방 운동프로그램,1022.822,mp4,0AUDLJ08S_00045.mp4,http://openapi.kspo.or.kr/web/image/0AUDLJ08S_00045/,143,동영상,가슴
본 운동(순환식 근력 운동),http://openapi.kspo.or.kr/web/video/,고혈압을 예방하기 위한 운동프로그램,340667976,고혈압 예방,29.96,695,1920*1080,밴드,공통,31698,0AUDLJ08S_00045_SC_00247.jpeg,2021,1인 이상,2056,한국어,앉아서 가슴밀기,20221006,근력/근지구력,고혈압 예방 운동프로그램,1057.657,mp4,0AUDLJ08S_00045.mp4,http://openapi.kspo.or.kr/web/image/0AUDLJ08S_00045/,144,동영상,가슴
본 운동(순환식 근력 운동),http://openapi.kspo.or.kr/web/video/,고혈압을 예방하기 위한 운동프로그램,340667976,고혈압 예방,29.96,696,1920*1080,밴드,공통,31843,0AUDLJ08S_00045_SC_00248.jpeg,2021,1인 이상,2056,한국어,앉아서 가슴밀기,20221006,근력/근지구력,고혈압 예방 운동프로그램,1062.495,mp4,0AUDLJ08S_00045.mp4,http://openapi.kspo.or.kr/web/image/0AUDLJ08S_00045/,145,동영상,가슴
본 운동(순환식 근력 운동),http://openapi.kspo.or.kr/web/video/,고혈압을 예방하기 위한 운동프로그램,340667976,고혈압 예방,29.96,697,1920*1080,밴드,공통,31959,0AUDLJ08S_00045_SC_00249.jpeg,2021,1인 이상,2056,한국어,앉아서 가슴밀기,20221006,근력/근지구력,고혈압 예방 운동프로그램,1066.366,mp4,0AUDLJ08S_00045.mp4,http://openapi.kspo.or.kr/web/image/0AUDLJ08S_00045/,146,동영상,가슴
본 운동(순환식 근력 운동),http://openapi.kspo.or.kr/web/video/,고혈압을 예방하기 위한 운동프로그램,340667976,고혈압 예방,29.96,698,1920*1080,밴드,공통,32162,0AUDLJ08S_00045_SC_00250.jpeg,2021,1인 이상,2056,한국어,앉아서 가슴밀기,20221006,근력/근지구력,고혈압 예방 운동프로그램,1073.139,mp4,0AUDLJ08S_00045.mp4,http://openapi.kspo.or.kr/web/image/0AUDLJ08S_00045/,147,동영상,가슴
본 운동(순환식 근력 운동),http://openapi.kspo.or.kr/web/video/,고혈압을 예방하기 위한 운동프로그램,340667976,고혈압 예방,29.96,699,1920*1080,밴드,공통,33206,0AUDLJ08S_00045_SC_00252.jpeg,2021,1인 이상,2056,한국어,의자에 앉아서 몸통 구부리기,20221006,근력/근지구력,고혈압 예방 운동프로그램,1107.974,mp4,0AUDLJ08S_00045.mp4,http://openapi.kspo.or.kr/web/image/0AUDLJ08S_00045/,148,동영상,복근
본 운동(순환식 근력 운동),http://openapi.kspo.or.kr/web/video/,고혈압을 예방하기 위한 운동프로그램,340667976,고혈압 예방,29.96,700,1920*1080,밴드,공통,33409,0AUDLJ08S_00045_SC_00253.jpeg,2021,1인 이상,2056,한국어,의자에 앉아서 몸통 구부리기,20221006,근력/근지구력,고혈압 예방 운동프로그램,1114.748,mp4,0AUDLJ08S_00045.mp4,http://openapi.kspo.or.kr/web/image/0AUDLJ08S_00045/,149,동영상,복근
본 운동(순환식 근력 운동),http://openapi.kspo.or.kr/web/video/,고혈압을 예방하기 위한 운동프로그램,340667976,고혈압 예방,29.96,701,1920*1080,밴드,공통,33496,0AUDLJ08S_00045_SC_00254.jpeg,2021,1인 이상,2056,한국어,의자에 앉아서 몸통 구부리기,20221006,근력/근지구력,고혈압 예방 운동프로그램,1117.65,mp4,0AUDLJ08S_00045.mp4,http://openapi.kspo.or.kr/web/image/0AUDLJ08S_00045/,150,동영상,복근
본 운동(순환식 근력 운동),http://openapi.kspo.or.kr/web/video/,고혈압을 예방하기 위한 운동프로그램,340667976,고혈압 예방,29.96,702,1920*1080,밴드,공통,33583,0AUDLJ08S_00045_SC_00255.jpeg,2021,1인 이상,2056,한국어,의자에 앉아서 몸통 구부리기,20221006,근력/근지구력,고혈압 예방 운동프로그램,1120.553,mp4,0AUDLJ08S_00045.mp4,http://openapi.kspo.or.kr/web/image/0AUDLJ08S_00045/,151,동영상,복근
본 운동(순환식 근력 운동),http://openapi.kspo.or.kr/web/video/,고혈압을 예방하기 위한 운동프로그램,340667976,고혈압 예방,29.96,703,1920*1080,밴드,공통,34946,0AUDLJ08S_00045_SC_00262.jpeg,2021,1인 이상,2056,한국어,의자에 앉아서 몸통 구부리기,20221006,근력/근지구력,고혈압 예방 운동프로그램,1166.032,mp4,0AUDLJ08S_00045.mp4,http://openapi.kspo.or.kr/web/image/0AUDLJ08S_00045/,152,동영상,복근
본 운동(순환식 근력 운동),http://openapi.kspo.or.kr/web/video/,고혈압을 예방하기 위한 운동프로그램,340667976,고혈압 예방,29.96,704,1920*1080,밴드,공통,35265,0AUDLJ08S_00045_SC_00263.jpeg,2021,1인 이상,2056,한국어,의자에 앉아서 몸통 구부리기,20221006,근력/근지구력,고혈압 예방 운동프로그램,1176.676,mp4,0AUDLJ08S_00045.mp4,http://openapi.kspo.or.kr/web/image/0AUDLJ08S_00045/,153,동영상,복근
본 운동(순환식 근력 운동),http://openapi.kspo.or.kr/web/video/,고혈압을 예방하기 위한 운동프로그램,340667976,고혈압 예방,29.96,705,1920*1080,밴드,공통,35497,0AUDLJ08S_00045_SC_00264.jpeg,2021,1인 이상,2056,한국어,팔꿈치 굽히기,20221006,근력/근지구력,고혈압 예방 운동프로그램,1184.417,mp4,0AUDLJ08S_00045.mp4,http://openapi.kspo.or.kr/web/image/0AUDLJ08S_00045/,154,동영상,팔/어깨
본 운동(순환식 근력 운동),http://openapi.kspo.or.kr/web/video/,고혈압을 예방하기 위한 운동프로그램,340667976,고혈압 예방,29.96,706,1920*1080,밴드,공통,35584,0AUDLJ08S_00045_SC_00265.jpeg,2021,1인 이상,2056,한국어,팔꿈치 굽히기,20221006,근력/근지구력,고혈압 예방 운동프로그램,1187.32,mp4,0AUDLJ08S_00045.mp4,http://openapi.kspo.or.kr/web/image/0AUDLJ08S_00045/,155,동영상,팔/어깨
본 운동(순환식 근력 운동),http://openapi.kspo.or.kr/web/video/,고혈압을 예방하기 위한 운동프로그램,340667976,고혈압 예방,29.96,707,1920*1080,밴드,공통,35642,0AUDLJ08S_00045_SC_00266.jpeg,2021,1인 이상,2056,한국어,팔꿈치 굽히기,20221006,근력/근지구력,고혈압 예방 운동프로그램,1189.255,mp4,0AUDLJ08S_00045.mp4,http://openapi.kspo.or.kr/web/image/0AUDLJ08S_00045/,156,동영상,팔/어깨
본 운동(순환식 근력 운동),http://openapi.kspo.or.kr/web/video/,고혈압을 예방하기 위한 운동프로그램,340667976,고혈압 예방,29.96,708,1920*1080,밴드,공통,35874,0AUDLJ08S_00045_SC_00267.jpeg,2021,1인 이상,2056,한국어,팔꿈치 굽히기,20221006,근력/근지구력,고혈압 예방 운동프로그램,1196.996,mp4,0AUDLJ08S_00045.mp4,http://openapi.kspo.or.kr/web/image/0AUDLJ08S_00045/,157,동영상,팔/어깨
본 운동(순환식 근력 운동),http://openapi.kspo.or.kr/web/video/,고혈압을 예방하기 위한 운동프로그램,340667976,고혈압 예방,29.96,709,1920*1080,밴드,공통,35990,0AUDLJ08S_00045_SC_00268.jpeg,2021,1인 이상,2056,한국어,팔꿈치 굽히기,20221006,근력/근지구력,고혈압 예방 운동프로그램,1200.867,mp4,0AUDLJ08S_00045.mp4,http://openapi.kspo.or.kr/web/image/0AUDLJ08S_00045/,158,동영상,팔/어깨
본 운동(순환식 근력 운동),http://openapi.kspo.or.kr/web/video/,고혈압을 예방하기 위한 운동프로그램,340667976,고혈압 예방,29.96,710,1920*1080,밴드,공통,36019,0AUDLJ08S_00045_SC_00269.jpeg,2021,1인 이상,2056,한국어,팔꿈치 굽히기,20221006,근력/근지구력,고혈압 예방 운동프로그램,1201.835,mp4,0AUDLJ08S_00045.mp4,http://openapi.kspo.or.kr/web/image/0AUDLJ08S_00045/,159,동영상,팔/어깨
본 운동(순환식 근력 운동),http://openapi.kspo.or.kr/web/video/,고혈압을 예방하기 위한 운동프로그램,340667976,고혈압 예방,29.96,711,1920*1080,밴드,공통,36048,0AUDLJ08S_00045_SC_00270.jpeg,2021,1인 이상,2056,한국어,팔꿈치 굽히기,20221006,근력/근지구력,고혈압 예방 운동프로그램,1202.802,mp4,0AUDLJ08S_00045.mp4,http://openapi.kspo.or.kr/web/image/0AUDLJ08S_00045/,160,동영상,팔/어깨
본 운동(순환식 근력 운동),http://openapi.kspo.or.kr/web/video/,고혈압을 예방하기 위한 운동프로그램,340667976,고혈압 예방,29.96,712,1920*1080,밴드,공통,37295,0AUDLJ08S_00045_SC_00282.jpeg,2021,1인 이상,2056,한국어,팔꿈치 굽히기1,20221006,근력/근지구력,고혈압 예방 운동프로그램,1244.411,mp4,0AUDLJ08S_00045.mp4,http://openapi.kspo.or.kr/web/image/0AUDLJ08S_00045/,161,동영상,팔/어깨
본 운동(순환식 근력 운동),http://openapi.kspo.or.kr/web/video/,고혈압을 예방하기 위한 운동프로그램,340667976,고혈압 예방,29.96,713,1920*1080,밴드,공통,37353,0AUDLJ08S_00045_SC_00283.jpeg,2021,1인 이상,2056,한국어,팔꿈치 굽히기1,20221006,근력/근지구력,고혈압 예방 운동프로그램,1246.346,mp4,0AUDLJ08S_00045.mp4,http://openapi.kspo.or.kr/web/image/0AUDLJ08S_00045/,162,동영상,팔/어깨
본 운동(순환식 근력 운동),http://openapi.kspo.or.kr/web/video/,고혈압을 예방하기 위한 운동프로그램,340667976,고혈압 예방,29.96,714,1920*1080,밴드,공통,37498,0AUDLJ08S_00045_SC_00284.jpeg,2021,1인 이상,2056,한국어,팔꿈치 굽히기1,20221006,근력/근지구력,고혈압 예방 운동프로그램,1251.184,mp4,0AUDLJ08S_00045.mp4,http://openapi.kspo.or.kr/web/image/0AUDLJ08S_00045/,163,동영상,팔/어깨
본 운동(순환식 근력 운동),http://openapi.kspo.or.kr/web/video/,고혈압을 예방하기 위한 운동프로그램,340667976,고혈압 예방,29.96,715,1920*1080,밴드,공통,37933,0AUDLJ08S_00045_SC_00285.jpeg,2021,1인 이상,2056,한국어,팔꿈치 굽히기1,20221006,근력/근지구력,고혈압 예방 운동프로그램,1265.699,mp4,0AUDLJ08S_00045.mp4,http://openapi.kspo.or.kr/web/image/0AUDLJ08S_00045/,164,동영상,팔/어깨
본 운동(순환식 근력 운동),http://openapi.kspo.or.kr/web/video/,고혈압을 예방하기 위한 운동프로그램,340667976,고혈압 예방,29.96,716,1920*1080,밴드,공통,38049,0AUDLJ08S_00045_SC_00286.jpeg,2021,1인 이상,2056,한국어,팔꿈치 굽히기1,20221006,근력/근지구력,고혈압 예방 운동프로그램,1269.569,mp4,0AUDLJ08S_00045.mp4,http://openapi.kspo.or.kr/web/image/0AUDLJ08S_00045/,165,동영상,팔/어깨
본 운동(순환식 근력 운동),http://openapi.kspo.or.kr/web/video/,고혈압을 예방하기 위한 운동프로그램,340667976,고혈압 예방,29.96,717,1920*1080,밴드,공통,38078,0AUDLJ08S_00045_SC_00287.jpeg,2021,1인 이상,2056,한국어,팔꿈치 굽히기1,20221006,근력/근지구력,고혈압 예방 운동프로그램,1270.537,mp4,0AUDLJ08S_00045.mp4,http://openapi.kspo.or.kr/web/image/0AUDLJ08S_00045/,166,동영상,팔/어깨
본 운동(순환식 근력 운동),http://openapi.kspo.or.kr/web/video/,고혈압을 예방하기 위한 운동프로그램,340667976,고혈압 예방,29.96,718,1920*1080,밴드,공통,38194,0AUDLJ08S_00045_SC_00288.jpeg,2021,1인 이상,2056,한국어,팔꿈치 굽히기1,20221006,근력/근지구력,고혈압 예방 운동프로그램,1274.407,mp4,0AUDLJ08S_00045.mp4,http://openapi.kspo.or.kr/web/image/0AUDLJ08S_00045/,167,동영상,팔/어깨
본 운동(순환식 근력 운동),http://openapi.kspo.or.kr/web/video/,고혈압을 예방하기 위한 운동프로그램,340667976,고혈압 예방,29.96,719,1920*1080,밴드,공통,38426,0AUDLJ08S_00045_SC_00289.jpeg,2021,1인 이상,2056,한국어,밴드 머리 뒤로 들어올리기,20221006,근력/근지구력,고혈압 예방 운동프로그램,1282.148,mp4,0AUDLJ08S_00045.mp4,http://openapi.kspo.or.kr/web/image/0AUDLJ08S_00045/,168,동영상,팔/어깨
본 운동(순환식 근력 운동),http://openapi.kspo.or.kr/web/video/,고혈압을 예방하기 위한 운동프로그램,340667976,고혈압 예방,29.96,720,1920*1080,밴드,공통,38542,0AUDLJ08S_00045_SC_00290.jpeg,2021,1인 이상,2056,한국어,밴드 머리 뒤로 들어올리기,20221006,근력/근지구력,고혈압 예방 운동프로그램,1286.019,mp4,0AUDLJ08S_00045.mp4,http://openapi.kspo.or.kr/web/image/0AUDLJ08S_00045/,169,동영상,팔/어깨
본 운동(순환식 근력 운동),http://openapi.kspo.or.kr/web/video/,고혈압을 예방하기 위한 운동프로그램,340667976,고혈압 예방,29.96,721,1920*1080,밴드,공통,38571,0AUDLJ08S_00045_SC_00291.jpeg,2021,1인 이상,2056,한국어,밴드 머리 뒤로 들어올리기,20221006,근력/근지구력,고혈압 예방 운동프로그램,1286.986,mp4,0AUDLJ08S_00045.mp4,http://openapi.kspo.or.kr/web/image/0AUDLJ08S_00045/,170,동영상,팔/어깨
본 운동(순환식 근력 운동),http://openapi.kspo.or.kr/web/video/,고혈압을 예방하기 위한 운동프로그램,340667976,고혈압 예방,29.96,722,1920*1080,밴드,공통,38600,0AUDLJ08S_00045_SC_00292.jpeg,2021,1인 이상,2056,한국어,밴드 머리 뒤로 들어올리기,20221006,근력/근지구력,고혈압 예방 운동프로그램,1287.954,mp4,0AUDLJ08S_00045.mp4,http://openapi.kspo.or.kr/web/image/0AUDLJ08S_00045/,171,동영상,팔/어깨
정리 운동,http://openapi.kspo.or.kr/web/video/,고혈압을 예방하기 위한 운동프로그램,340667976,고혈압 예방,29.96,723,1920*1080,의자,공통,49591,0AUDLJ08S_00045_SC_00346.jpeg,2021,1인 이상,2056,한국어,발 뒤로 당기기,20221006,유연성,고혈압 예방 운동프로그램,1654.688,mp4,0AUDLJ08S_00045.mp4,http://openapi.kspo.or.kr/web/image/0AUDLJ08S_00045/,205,동영상,허벅지
본 운동(순환식 근력 운동),http://openapi.kspo.or.kr/web/video/,고혈압을 예방하기 위한 운동프로그램,340667976,고혈압 예방,29.96,724,1920*1080,밴드,공통,38658,0AUDLJ08S_00045_SC_00293.jpeg,2021,1인 이상,2056,한국어,밴드 머리 뒤로 들어올리기,20221006,근력/근지구력,고혈압 예방 운동프로그램,1289.889,mp4,0AUDLJ08S_00045.mp4,http://openapi.kspo.or.kr/web/image/0AUDLJ08S_00045/,172,동영상,팔/어깨
본 운동(순환식 근력 운동),http://openapi.kspo.or.kr/web/video/,고혈압을 예방하기 위한 운동프로그램,340667976,고혈압 예방,29.96,725,1920*1080,밴드,공통,38832,0AUDLJ08S_00045_SC_00294.jpeg,2021,1인 이상,2056,한국어,밴드 머리 뒤로 들어올리기,20221006,근력/근지구력,고혈압 예방 운동프로그램,1295.695,mp4,0AUDLJ08S_00045.mp4,http://openapi.kspo.or.kr/web/image/0AUDLJ08S_00045/,173,동영상,팔/어깨
본 운동(순환식 근력 운동),http://openapi.kspo.or.kr/web/video/,고혈압을 예방하기 위한 운동프로그램,340667976,고혈압 예방,29.96,726,1920*1080,밴드,공통,39006,0AUDLJ08S_00045_SC_00295.jpeg,2021,1인 이상,2056,한국어,밴드 머리 뒤로 들어올리기,20221006,근력/근지구력,고혈압 예방 운동프로그램,1301.501,mp4,0AUDLJ08S_00045.mp4,http://openapi.kspo.or.kr/web/image/0AUDLJ08S_00045/,174,동영상,팔/어깨
본 운동(순환식 근력 운동),http://openapi.kspo.or.kr/web/video/,고혈압을 예방하기 위한 운동프로그램,340667976,고혈압 예방,29.96,727,1920*1080,밴드,공통,39180,0AUDLJ08S_00045_SC_00296.jpeg,2021,1인 이상,2056,한국어,밴드 머리 뒤로 들어올리기,20221006,근력/근지구력,고혈압 예방 운동프로그램,1307.307,mp4,0AUDLJ08S_00045.mp4,http://openapi.kspo.or.kr/web/image/0AUDLJ08S_00045/,175,동영상,팔/어깨
본 운동(순환식 근력 운동),http://openapi.kspo.or.kr/web/video/,고혈압을 예방하기 위한 운동프로그램,340667976,고혈압 예방,29.96,728,1920*1080,밴드,공통,39354,0AUDLJ08S_00045_SC_00297.jpeg,2021,1인 이상,2056,한국어,밴드 머리 뒤로 들어올리기,20221006,근력/근지구력,고혈압 예방 운동프로그램,1313.113,mp4,0AUDLJ08S_00045.mp4,http://openapi.kspo.or.kr/web/image/0AUDLJ08S_00045/,176,동영상,팔/어깨
본 운동(순환식 근력 운동),http://openapi.kspo.or.kr/web/video/,고혈압을 예방하기 위한 운동프로그램,340667976,고혈압 예방,29.96,729,1920*1080,밴드,공통,40108,0AUDLJ08S_00045_SC_00299.jpeg,2021,1인 이상,2056,한국어,허리 굽혀 팔 뒤로 들기,20221006,근력/근지구력,고혈압 예방 운동프로그램,1338.271,mp4,0AUDLJ08S_00045.mp4,http://openapi.kspo.or.kr/web/image/0AUDLJ08S_00045/,177,동영상,팔/어깨
본 운동(순환식 근력 운동),http://openapi.kspo.or.kr/web/video/,고혈압을 예방하기 위한 운동프로그램,340667976,고혈압 예방,29.96,730,1920*1080,밴드,공통,40137,0AUDLJ08S_00045_SC_00300.jpeg,2021,1인 이상,2056,한국어,허리 굽혀 팔 뒤로 들기,20221006,근력/근지구력,고혈압 예방 운동프로그램,1339.239,mp4,0AUDLJ08S_00045.mp4,http://openapi.kspo.or.kr/web/image/0AUDLJ08S_00045/,178,동영상,팔/어깨
본 운동(순환식 근력 운동),http://openapi.kspo.or.kr/web/video/,고혈압을 예방하기 위한 운동프로그램,340667976,고혈압 예방,29.96,731,1920*1080,밴드,공통,40166,0AUDLJ08S_00045_SC_00301.jpeg,2021,1인 이상,2056,한국어,허리 굽혀 팔 뒤로 들기,20221006,근력/근지구력,고혈압 예방 운동프로그램,1340.206,mp4,0AUDLJ08S_00045.mp4,http://openapi.kspo.or.kr/web/image/0AUDLJ08S_00045/,179,동영상,팔/어깨
본 운동(순환식 근력 운동),http://openapi.kspo.or.kr/web/video/,고혈압을 예방하기 위한 운동프로그램,340667976,고혈압 예방,29.96,732,1920*1080,밴드,공통,40195,0AUDLJ08S_00045_SC_00302.jpeg,2021,1인 이상,2056,한국어,허리 굽혀 팔 뒤로 들기,20221006,근력/근지구력,고혈압 예방 운동프로그램,1341.174,mp4,0AUDLJ08S_00045.mp4,http://openapi.kspo.or.kr/web/image/0AUDLJ08S_00045/,180,동영상,팔/어깨
,http://openapi.kspo.or.kr/web/video/,고혈압을 예방하기 위한 운동프로그램,340667976,고혈압 예방,29.96,733,1920*1080,,공통,42254,0AUDLJ08S_00045_SC_00305.jpeg,2021,,2056,한국어,,20221006,,고혈압 예방 운동프로그램,1409.876,mp4,0AUDLJ08S_00045.mp4,http://openapi.kspo.or.kr/web/image/0AUDLJ08S_00045/,181,동영상,
,http://openapi.kspo.or.kr/web/video/,고혈압을 예방하기 위한 운동프로그램,340667976,고혈압 예방,29.96,734,1920*1080,,공통,42283,0AUDLJ08S_00045_SC_00306.jpeg,2021,,2056,한국어,,20221006,,고혈압 예방 운동프로그램,1410.844,mp4,0AUDLJ08S_00045.mp4,http://openapi.kspo.or.kr/web/image/0AUDLJ08S_00045/,182,동영상,
정리 운동,http://openapi.kspo.or.kr/web/video/,고혈압을 예방하기 위한 운동프로그램,340667976,고혈압 예방,29.96,735,1920*1080,매트,공통,42863,0AUDLJ08S_00045_SC_00307.jpeg,2021,1인 이상,2056,한국어,깍지 끼고 팔 위로 뻗어 전신 늘리기,20221006,유연성,고혈압 예방 운동프로그램,1430.196,mp4,0AUDLJ08S_00045.mp4,http://openapi.kspo.or.kr/web/image/0AUDLJ08S_00045/,183,동영상,전신
정리 운동,http://openapi.kspo.or.kr/web/video/,고혈압을 예방하기 위한 운동프로그램,340667976,고혈압 예방,29.96,736,1920*1080,매트,공통,43008,0AUDLJ08S_00045_SC_00308.jpeg,2021,1인 이상,2056,한국어,깍지 끼고 팔 위로 뻗어 전신 늘리기,20221006,유연성,고혈압 예방 운동프로그램,1435.035,mp4,0AUDLJ08S_00045.mp4,http://openapi.kspo.or.kr/web/image/0AUDLJ08S_00045/,184,동영상,전신
정리 운동,http://openapi.kspo.or.kr/web/video/,고혈압을 예방하기 위한 운동프로그램,340667976,고혈압 예방,29.96,737,1920*1080,매트,공통,43153,0AUDLJ08S_00045_SC_00309.jpeg,2021,1인 이상,2056,한국어,깍지 끼고 팔 위로 뻗어 전신 늘리기,20221006,유연성,고혈압 예방 운동프로그램,1439.873,mp4,0AUDLJ08S_00045.mp4,http://openapi.kspo.or.kr/web/image/0AUDLJ08S_00045/,185,동영상,전신
정리 운동,http://openapi.kspo.or.kr/web/video/,고혈압을 예방하기 위한 운동프로그램,340667976,고혈압 예방,29.96,738,1920*1080,매트,공통,43356,0AUDLJ08S_00045_SC_00310.jpeg,2021,1인 이상,2056,한국어,깍지 끼고 팔 위로 뻗어 전신 늘리기,20221006,유연성,고혈압 예방 운동프로그램,1446.646,mp4,0AUDLJ08S_00045.mp4,http://openapi.kspo.or.kr/web/image/0AUDLJ08S_00045/,186,동영상,전신
정리 운동,http://openapi.kspo.or.kr/web/video/,고혈압을 예방하기 위한 운동프로그램,340667976,고혈압 예방,29.96,739,1920*1080,매트,공통,43965,0AUDLJ08S_00045_SC_00312.jpeg,2021,1인 이상,2056,한국어,팔꿈치 구부려 옆구리 늘려주기,20221006,유연성,고혈압 예방 운동프로그램,1466.966,mp4,0AUDLJ08S_00045.mp4,http://openapi.kspo.or.kr/web/image/0AUDLJ08S_00045/,187,동영상,옆구리
정리 운동,http://openapi.kspo.or.kr/web/video/,고혈압을 예방하기 위한 운동프로그램,340667976,고혈압 예방,29.96,740,1920*1080,매트,공통,44197,0AUDLJ08S_00045_SC_00313.jpeg,2021,1인 이상,2056,한국어,팔꿈치 구부려 옆구리 늘려주기,20221006,유연성,고혈압 예방 운동프로그램,1474.708,mp4,0AUDLJ08S_00045.mp4,http://openapi.kspo.or.kr/web/image/0AUDLJ08S_00045/,188,동영상,옆구리
정리 운동,http://openapi.kspo.or.kr/web/video/,고혈압을 예방하기 위한 운동프로그램,340667976,고혈압 예방,29.96,741,1920*1080,매트,공통,44400,0AUDLJ08S_00045_SC_00314.jpeg,2021,1인 이상,2056,한국어,팔꿈치 구부려 옆구리 늘려주기,20221006,유연성,고혈압 예방 운동프로그램,1481.481,mp4,0AUDLJ08S_00045.mp4,http://openapi.kspo.or.kr/web/image/0AUDLJ08S_00045/,189,동영상,옆구리
정리 운동,http://openapi.kspo.or.kr/web/video/,고혈압을 예방하기 위한 운동프로그램,340667976,고혈압 예방,29.96,742,1920*1080,매트,공통,44603,0AUDLJ08S_00045_SC_00315.jpeg,2021,1인 이상,2056,한국어,팔꿈치 구부려 옆구리 늘려주기,20221006,유연성,고혈압 예방 운동프로그램,1488.254,mp4,0AUDLJ08S_00045.mp4,http://openapi.kspo.or.kr/web/image/0AUDLJ08S_00045/,190,동영상,옆구리
정리 운동,http://openapi.kspo.or.kr/web/video/,고혈압을 예방하기 위한 운동프로그램,340667976,고혈압 예방,29.96,743,1920*1080,매트,공통,45038,0AUDLJ08S_00045_SC_00316.jpeg,2021,1인 이상,2056,한국어,팔꿈치 구부려 옆구리 늘려주기,20221006,유연성,고혈압 예방 운동프로그램,1502.769,mp4,0AUDLJ08S_00045.mp4,http://openapi.kspo.or.kr/web/image/0AUDLJ08S_00045/,191,동영상,옆구리
정리 운동,http://openapi.kspo.or.kr/web/video/,고혈압을 예방하기 위한 운동프로그램,340667976,고혈압 예방,29.96,744,1920*1080,매트,공통,45357,0AUDLJ08S_00045_SC_00317.jpeg,2021,1인 이상,2056,한국어,팔꿈치 구부려 옆구리 늘려주기,20221006,유연성,고혈압 예방 운동프로그램,1513.413,mp4,0AUDLJ08S_00045.mp4,http://openapi.kspo.or.kr/web/image/0AUDLJ08S_00045/,192,동영상,옆구리
정리 운동,http://openapi.kspo.or.kr/web/video/,고혈압을 예방하기 위한 운동프로그램,340667976,고혈압 예방,29.96,745,1920*1080,매트,공통,46053,0AUDLJ08S_00045_SC_00319.jpeg,2021,1인 이상,2056,한국어,팔 교차하여 당기기,20221006,유연성,고혈압 예방 운동프로그램,1536.636,mp4,0AUDLJ08S_00045.mp4,http://openapi.kspo.or.kr/web/image/0AUDLJ08S_00045/,194,동영상,팔
정리 운동,http://openapi.kspo.or.kr/web/video/,고혈압을 예방하기 위한 운동프로그램,340667976,고혈압 예방,29.96,746,1920*1080,매트,공통,46256,0AUDLJ08S_00045_SC_00320.jpeg,2021,1인 이상,2056,한국어,팔 교차하여 당기기,20221006,유연성,고혈압 예방 운동프로그램,1543.41,mp4,0AUDLJ08S_00045.mp4,http://openapi.kspo.or.kr/web/image/0AUDLJ08S_00045/,195,동영상,팔
정리 운동,http://openapi.kspo.or.kr/web/video/,고혈압을 예방하기 위한 운동프로그램,340667976,고혈압 예방,29.96,747,1920*1080,매트,공통,46430,0AUDLJ08S_00045_SC_00321.jpeg,2021,1인 이상,2056,한국어,팔 교차하여 당기기,20221006,유연성,고혈압 예방 운동프로그램,1549.215,mp4,0AUDLJ08S_00045.mp4,http://openapi.kspo.or.kr/web/image/0AUDLJ08S_00045/,196,동영상,팔
정리 운동,http://openapi.kspo.or.kr/web/video/,고혈압을 예방하기 위한 운동프로그램,340667976,고혈압 예방,29.96,748,1920*1080,매트,공통,47532,0AUDLJ08S_00045_SC_00327.jpeg,2021,1인 이상,2056,한국어,손깍지 끼고 가슴 펴주기,20221006,유연성,고혈압 예방 운동프로그램,1585.985,mp4,0AUDLJ08S_00045.mp4,http://openapi.kspo.or.kr/web/image/0AUDLJ08S_00045/,197,동영상,가슴
정리 운동,http://openapi.kspo.or.kr/web/video/,고혈압을 예방하기 위한 운동프로그램,340667976,고혈압 예방,29.96,749,1920*1080,매트,공통,47735,0AUDLJ08S_00045_SC_00328.jpeg,2021,1인 이상,2056,한국어,손깍지 끼고 가슴 펴주기,20221006,유연성,고혈압 예방 운동프로그램,1592.759,mp4,0AUDLJ08S_00045.mp4,http://openapi.kspo.or.kr/web/image/0AUDLJ08S_00045/,198,동영상,가슴
정리 운동,http://openapi.kspo.or.kr/web/video/,고혈압을 예방하기 위한 운동프로그램,340667976,고혈압 예방,29.96,750,1920*1080,매트,공통,47822,0AUDLJ08S_00045_SC_00329.jpeg,2021,1인 이상,2056,한국어,손깍지 끼고 가슴 펴주기,20221006,유연성,고혈압 예방 운동프로그램,1595.662,mp4,0AUDLJ08S_00045.mp4,http://openapi.kspo.or.kr/web/image/0AUDLJ08S_00045/,199,동영상,가슴
정리 운동,http://openapi.kspo.or.kr/web/video/,고혈압을 예방하기 위한 운동프로그램,340667976,고혈압 예방,29.96,751,1920*1080,매트,공통,47938,0AUDLJ08S_00045_SC_00330.jpeg,2021,1인 이상,2056,한국어,손깍지 끼고 가슴 펴주기,20221006,유연성,고혈압 예방 운동프로그램,1599.532,mp4,0AUDLJ08S_00045.mp4,http://openapi.kspo.or.kr/web/image/0AUDLJ08S_00045/,200,동영상,가슴
정리 운동,http://openapi.kspo.or.kr/web/video/,고혈압을 예방하기 위한 운동프로그램,340667976,고혈압 예방,29.96,752,1920*1080,매트,공통,48518,0AUDLJ08S_00045_SC_00338.jpeg,2021,1인 이상,2056,한국어,손깍지 끼고 가슴 펴주기,20221006,유연성,고혈압 예방 운동프로그램,1618.885,mp4,0AUDLJ08S_00045.mp4,http://openapi.kspo.or.kr/web/image/0AUDLJ08S_00045/,201,동영상,가슴
정리 운동,http://openapi.kspo.or.kr/web/video/,고혈압을 예방하기 위한 운동프로그램,340667976,고혈압 예방,29.96,753,1920*1080,의자,공통,48837,0AUDLJ08S_00045_SC_00339.jpeg,2021,1인 이상,2056,한국어,발 뒤로 당기기,20221006,유연성,고혈압 예방 운동프로그램,1629.529,mp4,0AUDLJ08S_00045.mp4,http://openapi.kspo.or.kr/web/image/0AUDLJ08S_00045/,202,동영상,허벅지
정리 운동,http://openapi.kspo.or.kr/web/video/,고혈압을 예방하기 위한 운동프로그램,340667976,고혈압 예방,29.96,754,1920*1080,의자,공통,49098,0AUDLJ08S_00045_SC_00340.jpeg,2021,1인 이상,2056,한국어,발 뒤로 당기기,20221006,유연성,고혈압 예방 운동프로그램,1638.238,mp4,0AUDLJ08S_00045.mp4,http://openapi.kspo.or.kr/web/image/0AUDLJ08S_00045/,203,동영상,허벅지
정리 운동,http://openapi.kspo.or.kr/web/video/,고혈압을 예방하기 위한 운동프로그램,340667976,고혈압 예방,29.96,755,1920*1080,매트,공통,49504,0AUDLJ08S_00045_SC_00345.jpeg,2021,1인 이상,2056,한국어,발 뒤로 당기기,20221006,유연성,고혈압 예방 운동프로그램,1651.785,mp4,0AUDLJ08S_00045.mp4,http://openapi.kspo.or.kr/web/image/0AUDLJ08S_00045/,204,동영상,허벅지
정리 운동,http://openapi.kspo.or.kr/web/video/,고혈압을 예방하기 위한 운동프로그램,340667976,고혈압 예방,29.96,756,1920*1080,매트,공통,50345,0AUDLJ08S_00045_SC_00347.jpeg,2021,1인 이상,2056,한국어,허리 숙여 발목잡기,20221006,유연성,고혈압 예방 운동프로그램,1679.846,mp4,0AUDLJ08S_00045.mp4,http://openapi.kspo.or.kr/web/image/0AUDLJ08S_00045/,206,동영상,등/하체
정리 운동,http://openapi.kspo.or.kr/web/video/,고혈압을 예방하기 위한 운동프로그램,340667976,고혈압 예방,29.96,757,1920*1080,매트,공통,50432,0AUDLJ08S_00045_SC_00348.jpeg,2021,1인 이상,2056,한국어,허리 숙여 발목잡기,20221006,유연성,고혈압 예방 운동프로그램,1682.749,mp4,0AUDLJ08S_00045.mp4,http://openapi.kspo.or.kr/web/image/0AUDLJ08S_00045/,207,동영상,등/하체
정리 운동,http://openapi.kspo.or.kr/web/video/,고혈압을 예방하기 위한 운동프로그램,340667976,고혈압 예방,29.96,758,1920*1080,매트,공통,50606,0AUDLJ08S_00045_SC_00349.jpeg,2021,1인 이상,2056,한국어,허리 숙여 발목잡기,20221006,유연성,고혈압 예방 운동프로그램,1688.555,mp4,0AUDLJ08S_00045.mp4,http://openapi.kspo.or.kr/web/image/0AUDLJ08S_00045/,208,동영상,등/하체
정리 운동,http://openapi.kspo.or.kr/web/video/,고혈압을 예방하기 위한 운동프로그램,340667976,고혈압 예방,29.96,759,1920*1080,매트,공통,50693,0AUDLJ08S_00045_SC_00350.jpeg,2021,1인 이상,2056,한국어,허리 숙여 발목잡기,20221006,유연성,고혈압 예방 운동프로그램,1691.458,mp4,0AUDLJ08S_00045.mp4,http://openapi.kspo.or.kr/web/image/0AUDLJ08S_00045/,209,동영상,등/하체
정리 운동,http://openapi.kspo.or.kr/web/video/,고혈압을 예방하기 위한 운동프로그램,340667976,고혈압 예방,29.96,760,1920*1080,매트,공통,50722,0AUDLJ08S_00045_SC_00351.jpeg,2021,1인 이상,2056,한국어,허리 숙여 발목잡기,20221006,유연성,고혈압 예방 운동프로그램,1692.425,mp4,0AUDLJ08S_00045.mp4,http://openapi.kspo.or.kr/web/image/0AUDLJ08S_00045/,210,동영상,등/하체
정리 운동,http://openapi.kspo.or.kr/web/video/,고혈압을 예방하기 위한 운동프로그램,340667976,고혈압 예방,29.96,761,1920*1080,매트,공통,50896,0AUDLJ08S_00045_SC_00352.jpeg,2021,1인 이상,2056,한국어,허리 숙여 발목잡기,20221006,유연성,고혈압 예방 운동프로그램,1698.231,mp4,0AUDLJ08S_00045.mp4,http://openapi.kspo.or.kr/web/image/0AUDLJ08S_00045/,211,동영상,등/하체
정리 운동,http://openapi.kspo.or.kr/web/video/,고혈압을 예방하기 위한 운동프로그램,340667976,고혈압 예방,29.96,762,1920*1080,매트,공통,51099,0AUDLJ08S_00045_SC_00353.jpeg,2021,1인 이상,2056,한국어,허리 숙여 발목잡기,20221006,유연성,고혈압 예방 운동프로그램,1705.005,mp4,0AUDLJ08S_00045.mp4,http://openapi.kspo.or.kr/web/image/0AUDLJ08S_00045/,212,동영상,등/하체
정리 운동,http://openapi.kspo.or.kr/web/video/,고혈압을 예방하기 위한 운동프로그램,340667976,고혈압 예방,29.96,763,1920*1080,매트,공통,52317,0AUDLJ08S_00045_SC_00354.jpeg,2021,1인 이상,2056,한국어,양 무릎 펴고 허리 숙여 발목잡기,20221006,유연성,고혈압 예방 운동프로그램,1745.645,mp4,0AUDLJ08S_00045.mp4,http://openapi.kspo.or.kr/web/image/0AUDLJ08S_00045/,213,동영상,등/하체
정리 운동,http://openapi.kspo.or.kr/web/video/,고혈압을 예방하기 위한 운동프로그램,340667976,고혈압 예방,29.96,764,1920*1080,매트,공통,52462,0AUDLJ08S_00045_SC_00355.jpeg,2021,1인 이상,2056,한국어,양 무릎 펴고 허리 숙여 발목잡기,20221006,유연성,고혈압 예방 운동프로그램,1750.483,mp4,0AUDLJ08S_00045.mp4,http://openapi.kspo.or.kr/web/image/0AUDLJ08S_00045/,214,동영상,등/하체
정리 운동,http://openapi.kspo.or.kr/web/video/,고혈압을 예방하기 위한 운동프로그램,340667976,고혈압 예방,29.96,765,1920*1080,매트,공통,52520,0AUDLJ08S_00045_SC_00356.jpeg,2021,1인 이상,2056,한국어,양 무릎 펴고 허리 숙여 발목잡기,20221006,유연성,고혈압 예방 운동프로그램,1752.419,mp4,0AUDLJ08S_00045.mp4,http://openapi.kspo.or.kr/web/image/0AUDLJ08S_00045/,215,동영상,등/하체
정리 운동,http://openapi.kspo.or.kr/web/video/,고혈압을 예방하기 위한 운동프로그램,340667976,고혈압 예방,29.96,766,1920*1080,매트,공통,52578,0AUDLJ08S_00045_SC_00357.jpeg,2021,1인 이상,2056,한국어,양 무릎 펴고 허리 숙여 발목잡기,20221006,유연성,고혈압 예방 운동프로그램,1754.354,mp4,0AUDLJ08S_00045.mp4,http://openapi.kspo.or.kr/web/image/0AUDLJ08S_00045/,216,동영상,등/하체
정리 운동,http://openapi.kspo.or.kr/web/video/,고혈압을 예방하기 위한 운동프로그램,340667976,고혈압 예방,29.96,767,1920*1080,매트,공통,52607,0AUDLJ08S_00045_SC_00358.jpeg,2021,1인 이상,2056,한국어,양 무릎 펴고 허리 숙여 발목잡기,20221006,유연성,고혈압 예방 운동프로그램,1755.321,mp4,0AUDLJ08S_00045.mp4,http://openapi.kspo.or.kr/web/image/0AUDLJ08S_00045/,217,동영상,등/하체
정리 운동,http://openapi.kspo.or.kr/web/video/,고혈압을 예방하기 위한 운동프로그램,340667976,고혈압 예방,29.96,768,1920*1080,매트,공통,52926,0AUDLJ08S_00045_SC_00359.jpeg,2021,1인 이상,2056,한국어,양 무릎 펴고 허리 숙여 발목잡기,20221006,유연성,고혈압 예방 운동프로그램,1765.965,mp4,0AUDLJ08S_00045.mp4,http://openapi.kspo.or.kr/web/image/0AUDLJ08S_00045/,218,동영상,등/하체
정리 운동,http://openapi.kspo.or.kr/web/video/,고혈압을 예방하기 위한 운동프로그램,340667976,고혈압 예방,29.96,769,1920*1080,매트,공통,53216,0AUDLJ08S_00045_SC_00360.jpeg,2021,1인 이상,2056,한국어,양 무릎 펴고 허리 숙여 발목잡기,20221006,유연성,고혈압 예방 운동프로그램,1775.642,mp4,0AUDLJ08S_00045.mp4,http://openapi.kspo.or.kr/web/image/0AUDLJ08S_00045/,219,동영상,등/하체
정리 운동,http://openapi.kspo.or.kr/web/video/,고혈압을 예방하기 위한 운동프로그램,340667976,고혈압 예방,29.96,770,1920*1080,매트,공통,53506,0AUDLJ08S_00045_SC_00361.jpeg,2021,1인 이상,2056,한국어,옆으로 다리 벌려 몸 숙이기,20221006,유연성,고혈압 예방 운동프로그램,1785.318,mp4,0AUDLJ08S_00045.mp4,http://openapi.kspo.or.kr/web/image/0AUDLJ08S_00045/,220,동영상,하체/복근
정리 운동,http://openapi.kspo.or.kr/web/video/,고혈압을 예방하기 위한 운동프로그램,340667976,고혈압 예방,29.96,771,1920*1080,매트,공통,53622,0AUDLJ08S_00045_SC_00362.jpeg,2021,1인 이상,2056,한국어,옆으로 다리 벌려 몸 숙이기,20221006,유연성,고혈압 예방 운동프로그램,1789.189,mp4,0AUDLJ08S_00045.mp4,http://openapi.kspo.or.kr/web/image/0AUDLJ08S_00045/,221,동영상,하체/복근
정리 운동,http://openapi.kspo.or.kr/web/video/,고혈압을 예방하기 위한 운동프로그램,340667976,고혈압 예방,29.96,772,1920*1080,매트,공통,53796,0AUDLJ08S_00045_SC_00363.jpeg,2021,1인 이상,2056,한국어,옆으로 다리 벌려 몸 숙이기,20221006,유연성,고혈압 예방 운동프로그램,1794.994,mp4,0AUDLJ08S_00045.mp4,http://openapi.kspo.or.kr/web/image/0AUDLJ08S_00045/,222,동영상,하체/복근
정리 운동,http://openapi.kspo.or.kr/web/video/,고혈압을 예방하기 위한 운동프로그램,340667976,고혈압 예방,29.96,773,1920*1080,매트,공통,53883,0AUDLJ08S_00045_SC_00364.jpeg,2021,1인 이상,2056,한국어,옆으로 다리 벌려 몸 숙이기,20221006,유연성,고혈압 예방 운동프로그램,1797.897,mp4,0AUDLJ08S_00045.mp4,http://openapi.kspo.or.kr/web/image/0AUDLJ08S_00045/,223,동영상,하체/복근
정리 운동,http://openapi.kspo.or.kr/web/video/,고혈압을 예방하기 위한 운동프로그램,340667976,고혈압 예방,29.96,774,1920*1080,매트,공통,53941,0AUDLJ08S_00045_SC_00365.jpeg,2021,1인 이상,2056,한국어,옆으로 다리 벌려 몸 숙이기,20221006,유연성,고혈압 예방 운동프로그램,1799.833,mp4,0AUDLJ08S_00045.mp4,http://openapi.kspo.or.kr/web/image/0AUDLJ08S_00045/,224,동영상,하체/복근
정리 운동,http://openapi.kspo.or.kr/web/video/,고혈압을 예방하기 위한 운동프로그램,340667976,고혈압 예방,29.96,775,1920*1080,매트,공통,54115,0AUDLJ08S_00045_SC_00368.jpeg,2021,1인 이상,2056,한국어,옆으로 다리 벌려 몸 숙이기,20221006,유연성,고혈압 예방 운동프로그램,1805.638,mp4,0AUDLJ08S_00045.mp4,http://openapi.kspo.or.kr/web/image/0AUDLJ08S_00045/,225,동영상,하체/복근
정리 운동,http://openapi.kspo.or.kr/web/video/,고혈압을 예방하기 위한 운동프로그램,340667976,고혈압 예방,29.96,776,1920*1080,매트,공통,54521,0AUDLJ08S_00045_SC_00369.jpeg,2021,1인 이상,2056,한국어,옆으로 다리 벌려 몸 숙이기,20221006,유연성,고혈압 예방 운동프로그램,1819.185,mp4,0AUDLJ08S_00045.mp4,http://openapi.kspo.or.kr/web/image/0AUDLJ08S_00045/,226,동영상,하체/복근
정리 운동,http://openapi.kspo.or.kr/web/video/,고혈압을 예방하기 위한 운동프로그램,340667976,고혈압 예방,29.96,777,1920*1080,매트,공통,55072,0AUDLJ08S_00045_SC_00370.jpeg,2021,1인 이상,2056,한국어,엎드려서 상체 들어올리기,20221006,유연성,고혈압 예방 운동프로그램,1837.57,mp4,0AUDLJ08S_00045.mp4,http://openapi.kspo.or.kr/web/image/0AUDLJ08S_00045/,227,동영상,허리
정리 운동,http://openapi.kspo.or.kr/web/video/,고혈압을 예방하기 위한 운동프로그램,340667976,고혈압 예방,29.96,778,1920*1080,매트,공통,55101,0AUDLJ08S_00045_SC_00371.jpeg,2021,1인 이상,2056,한국어,엎드려서 상체 들어올리기,20221006,유연성,고혈압 예방 운동프로그램,1838.538,mp4,0AUDLJ08S_00045.mp4,http://openapi.kspo.or.kr/web/image/0AUDLJ08S_00045/,228,동영상,허리
정리 운동,http://openapi.kspo.or.kr/web/video/,고혈압을 예방하기 위한 운동프로그램,340667976,고혈압 예방,29.96,779,1920*1080,매트,공통,55130,0AUDLJ08S_00045_SC_00372.jpeg,2021,1인 이상,2056,한국어,엎드려서 상체 들어올리기,20221006,유연성,고혈압 예방 운동프로그램,1839.506,mp4,0AUDLJ08S_00045.mp4,http://openapi.kspo.or.kr/web/image/0AUDLJ08S_00045/,229,동영상,허리
정리 운동,http://openapi.kspo.or.kr/web/video/,고혈압을 예방하기 위한 운동프로그램,340667976,고혈압 예방,29.96,780,1920*1080,매트,공통,55188,0AUDLJ08S_00045_SC_00373.jpeg,2021,1인 이상,2056,한국어,엎드려서 상체 들어올리기,20221006,유연성,고혈압 예방 운동프로그램,1841.441,mp4,0AUDLJ08S_00045.mp4,http://openapi.kspo.or.kr/web/image/0AUDLJ08S_00045/,230,동영상,허리
정리 운동,http://openapi.kspo.or.kr/web/video/,고혈압을 예방하기 위한 운동프로그램,340667976,고혈압 예방,29.96,781,1920*1080,매트,공통,55362,0AUDLJ08S_00045_SC_00374.jpeg,2021,1인 이상,2056,한국어,엎드려서 상체 들어올리기,20221006,유연성,고혈압 예방 운동프로그램,1847.247,mp4,0AUDLJ08S_00045.mp4,http://openapi.kspo.or.kr/web/image/0AUDLJ08S_00045/,231,동영상,허리
정리 운동,http://openapi.kspo.or.kr/web/video/,고혈압을 예방하기 위한 운동프로그램,340667976,고혈압 예방,29.96,782,1920*1080,매트,공통,55478,0AUDLJ08S_00045_SC_00375.jpeg,2021,1인 이상,2056,한국어,엎드려서 상체 들어올리기,20221006,유연성,고혈압 예방 운동프로그램,1851.117,mp4,0AUDLJ08S_00045.mp4,http://openapi.kspo.or.kr/web/image/0AUDLJ08S_00045/,232,동영상,허리
정리 운동,http://openapi.kspo.or.kr/web/video/,고혈압을 예방하기 위한 운동프로그램,340667976,고혈압 예방,29.96,783,1920*1080,매트,공통,55507,0AUDLJ08S_00045_SC_00376.jpeg,2021,1인 이상,2056,한국어,엎드려서 상체 들어올리기,20221006,유연성,고혈압 예방 운동프로그램,1852.085,mp4,0AUDLJ08S_00045.mp4,http://openapi.kspo.or.kr/web/image/0AUDLJ08S_00045/,233,동영상,허리
정리 운동,http://openapi.kspo.or.kr/web/video/,고혈압을 예방하기 위한 운동프로그램,340667976,고혈압 예방,29.96,784,1920*1080,매트,공통,55826,0AUDLJ08S_00045_SC_00377.jpeg,2021,1인 이상,2056,한국어,엎드려서 상체 들어올리기,20221006,유연성,고혈압 예방 운동프로그램,1862.729,mp4,0AUDLJ08S_00045.mp4,http://openapi.kspo.or.kr/web/image/0AUDLJ08S_00045/,234,동영상,허리
정리 운동,http://openapi.kspo.or.kr/web/video/,고혈압을 예방하기 위한 운동프로그램,340667976,고혈압 예방,29.96,785,1920*1080,매트,공통,55971,0AUDLJ08S_00045_SC_00378.jpeg,2021,1인 이상,2056,한국어,엎드려서 상체 들어올리기,20221006,유연성,고혈압 예방 운동프로그램,1867.567,mp4,0AUDLJ08S_00045.mp4,http://openapi.kspo.or.kr/web/image/0AUDLJ08S_00045/,235,동영상,허리
정리 운동,http://openapi.kspo.or.kr/web/video/,고혈압을 예방하기 위한 운동프로그램,340667976,고혈압 예방,29.96,786,1920*1080,매트,공통,56087,0AUDLJ08S_00045_SC_00379.jpeg,2021,1인 이상,2056,한국어,엎드려서 상체 들어올리기,20221006,유연성,고혈압 예방 운동프로그램,1871.438,mp4,0AUDLJ08S_00045.mp4,http://openapi.kspo.or.kr/web/image/0AUDLJ08S_00045/,236,동영상,허리
정리 운동,http://openapi.kspo.or.kr/web/video/,고혈압을 예방하기 위한 운동프로그램,340667976,고혈압 예방,29.96,787,1920*1080,매트,공통,56319,0AUDLJ08S_00045_SC_00381.jpeg,2021,1인 이상,2056,한국어,누워서 무릎 구부려 당기기,20221006,유연성,고혈압 예방 운동프로그램,1879.179,mp4,0AUDLJ08S_00045.mp4,http://openapi.kspo.or.kr/web/image/0AUDLJ08S_00045/,237,동영상,둔부
정리 운동,http://openapi.kspo.or.kr/web/video/,고혈압을 예방하기 위한 운동프로그램,340667976,고혈압 예방,29.96,788,1920*1080,매트,공통,56754,0AUDLJ08S_00045_SC_00390.jpeg,2021,1인 이상,2056,한국어,누워서 무릎 구부려 당기기,20221006,유연성,고혈압 예방 운동프로그램,1893.693,mp4,0AUDLJ08S_00045.mp4,http://openapi.kspo.or.kr/web/image/0AUDLJ08S_00045/,238,동영상,둔부
정리 운동,http://openapi.kspo.or.kr/web/video/,고혈압을 예방하기 위한 운동프로그램,340667976,고혈압 예방,29.96,789,1920*1080,매트,공통,56870,0AUDLJ08S_00045_SC_00391.jpeg,2021,1인 이상,2056,한국어,누워서 무릎 구부려 당기기,20221006,유연성,고혈압 예방 운동프로그램,1897.564,mp4,0AUDLJ08S_00045.mp4,http://openapi.kspo.or.kr/web/image/0AUDLJ08S_00045/,239,동영상,둔부
정리 운동,http://openapi.kspo.or.kr/web/video/,고혈압을 예방하기 위한 운동프로그램,340667976,고혈압 예방,29.96,790,1920*1080,매트,공통,58001,0AUDLJ08S_00045_SC_00392.jpeg,2021,1인 이상,2056,한국어,다리 교차하여 몸 쪽으로 당기기,20221006,유연성,고혈압 예방 운동프로그램,1935.301,mp4,0AUDLJ08S_00045.mp4,http://openapi.kspo.or.kr/web/image/0AUDLJ08S_00045/,240,동영상,둔부
정리 운동,http://openapi.kspo.or.kr/web/video/,고혈압을 예방하기 위한 운동프로그램,340667976,고혈압 예방,29.96,791,1920*1080,매트,공통,58059,0AUDLJ08S_00045_SC_00393.jpeg,2021,1인 이상,2056,한국어,다리 교차하여 몸 쪽으로 당기기,20221006,유연성,고혈압 예방 운동프로그램,1937.237,mp4,0AUDLJ08S_00045.mp4,http://openapi.kspo.or.kr/web/image/0AUDLJ08S_00045/,241,동영상,둔부
정리 운동,http://openapi.kspo.or.kr/web/video/,고혈압을 예방하기 위한 운동프로그램,340667976,고혈압 예방,29.96,792,1920*1080,매트,공통,58117,0AUDLJ08S_00045_SC_00394.jpeg,2021,1인 이상,2056,한국어,다리 교차하여 몸 쪽으로 당기기,20221006,유연성,고혈압 예방 운동프로그램,1939.172,mp4,0AUDLJ08S_00045.mp4,http://openapi.kspo.or.kr/web/image/0AUDLJ08S_00045/,242,동영상,둔부
정리 운동,http://openapi.kspo.or.kr/web/video/,고혈압을 예방하기 위한 운동프로그램,340667976,고혈압 예방,29.96,793,1920*1080,매트,공통,58378,0AUDLJ08S_00045_SC_00395.jpeg,2021,1인 이상,2056,한국어,다리 교차하여 몸 쪽으로 당기기,20221006,유연성,고혈압 예방 운동프로그램,1947.881,mp4,0AUDLJ08S_00045.mp4,http://openapi.kspo.or.kr/web/image/0AUDLJ08S_00045/,243,동영상,둔부
정리 운동,http://openapi.kspo.or.kr/web/video/,고혈압을 예방하기 위한 운동프로그램,340667976,고혈압 예방,29.96,794,1920*1080,매트,공통,58494,0AUDLJ08S_00045_SC_00398.jpeg,2021,1인 이상,2056,한국어,다리 교차하여 몸 쪽으로 당기기,20221006,유연성,고혈압 예방 운동프로그램,1951.751,mp4,0AUDLJ08S_00045.mp4,http://openapi.kspo.or.kr/web/image/0AUDLJ08S_00045/,244,동영상,둔부
정리 운동,http://openapi.kspo.or.kr/web/video/,고혈압을 예방하기 위한 운동프로그램,340667976,고혈압 예방,29.96,795,1920*1080,매트,공통,58639,0AUDLJ08S_00045_SC_00399.jpeg,2021,1인 이상,2056,한국어,다리 교차하여 몸 쪽으로 당기기,20221006,유연성,고혈압 예방 운동프로그램,1956.589,mp4,0AUDLJ08S_00045.mp4,http://openapi.kspo.or.kr/web/image/0AUDLJ08S_00045/,245,동영상,둔부
정리 운동,http://openapi.kspo.or.kr/web/video/,고혈압을 예방하기 위한 운동프로그램,340667976,고혈압 예방,29.96,796,1920*1080,매트,공통,59509,0AUDLJ08S_00045_SC_00400.jpeg,2021,1인 이상,2056,한국어,다리 교차하여 몸 쪽으로 당기기,20221006,유연성,고혈압 예방 운동프로그램,1985.618,mp4,0AUDLJ08S_00045.mp4,http://openapi.kspo.or.kr/web/image/0AUDLJ08S_00045/,246,동영상,둔부
정리 운동,http://openapi.kspo.or.kr/web/video/,고혈압을 예방하기 위한 운동프로그램,340667976,고혈압 예방,29.96,797,1920*1080,매트,공통,59944,0AUDLJ08S_00045_SC_00401.jpeg,2021,1인 이상,2056,한국어,전신 늘이기,20221006,유연성,고혈압 예방 운동프로그램,2000.133,mp4,0AUDLJ08S_00045.mp4,http://openapi.kspo.or.kr/web/image/0AUDLJ08S_00045/,247,동영상,전신
정리 운동,http://openapi.kspo.or.kr/web/video/,고혈압을 예방하기 위한 운동프로그램,340667976,고혈압 예방,29.96,798,1920*1080,매트,공통,60176,0AUDLJ08S_00045_SC_00402.jpeg,2021,1인 이상,2056,한국어,전신 늘이기,20221006,유연성,고혈압 예방 운동프로그램,2007.874,mp4,0AUDLJ08S_00045.mp4,http://openapi.kspo.or.kr/web/image/0AUDLJ08S_00045/,248,동영상,전신
정리 운동,http://openapi.kspo.or.kr/web/video/,고혈압을 예방하기 위한 운동프로그램,340667976,고혈압 예방,29.96,799,1920*1080,매트,공통,60263,0AUDLJ08S_00045_SC_00403.jpeg,2021,1인 이상,2056,한국어,전신 늘이기,20221006,유연성,고혈압 예방 운동프로그램,2010.777,mp4,0AUDLJ08S_00045.mp4,http://openapi.kspo.or.kr/web/image/0AUDLJ08S_00045/,249,동영상,전신
정리 운동,http://openapi.kspo.or.kr/web/video/,고혈압을 예방하기 위한 운동프로그램,340667976,고혈압 예방,29.96,800,1920*1080,매트,공통,60350,0AUDLJ08S_00045_SC_00404.jpeg,2021,1인 이상,2056,한국어,전신 늘이기,20221006,유연성,고혈압 예방 운동프로그램,2013.68,mp4,0AUDLJ08S_00045.mp4,http://openapi.kspo.or.kr/web/image/0AUDLJ08S_00045/,250,동영상,전신
정리 운동,http://openapi.kspo.or.kr/web/video/,고혈압을 예방하기 위한 운동프로그램,340667976,고혈압 예방,29.96,801,1920*1080,매트,공통,60408,0AUDLJ08S_00045_SC_00405.jpeg,2021,1인 이상,2056,한국어,전신 늘이기,20221006,유연성,고혈압 예방 운동프로그램,2015.615,mp4,0AUDLJ08S_00045.mp4,http://openapi.kspo.or.kr/web/image/0AUDLJ08S_00045/,251,동영상,전신
,http://openapi.kspo.or.kr/web/video/,고혈압을 예방하기 위한 운동프로그램,340667976,고혈압 예방,29.96,802,1920*1080,,공통,60901,0AUDLJ08S_00045_SC_00408.jpeg,2021,,2056,한국어,,20221006,,고혈압 예방 운동프로그램,2032.065,mp4,0AUDLJ08S_00045.mp4,http://openapi.kspo.or.kr/web/image/0AUDLJ08S_00045/,252,동영상,
,http://openapi.kspo.or.kr/web/video/,고혈압을 예방하기 위한 운동프로그램,340667976,고혈압 예방,29.96,803,1920*1080,,공통,61191,0AUDLJ08S_00045_SC_00409.jpeg,2021,,2056,한국어,,20221006,,고혈압 예방 운동프로그램,2041.741,mp4,0AUDLJ08S_00045.mp4,http://openapi.kspo.or.kr/web/image/0AUDLJ08S_00045/,253,동영상,
공통,http://openapi.kspo.or.kr/web/video/,당뇨병을 예방하기 위한 운동프로그램,184045522,당뇨병 예방,29.97,804,1920*1080,매트,공통,180,0AUDLJ08S_00046_FR_00003.jpeg,2021,1인 이상,1098,한국어,,20221027,근력/근지구력,당뇨병 예방 운동프로그램,6.006,mp4,0AUDLJ08S_00046.mp4,http://openapi.kspo.or.kr/web/image/0AUDLJ08S_00046/,1,동영상,
공통,http://openapi.kspo.or.kr/web/video/,당뇨병을 예방하기 위한 운동프로그램,184045522,당뇨병 예방,29.97,805,1920*1080,매트,공통,21635,0AUDLJ08S_00046_SC_00202.jpeg,2021,1인 이상,1098,한국어,업독,20221027,유연성,당뇨병 예방 운동프로그램,721.887,mp4,0AUDLJ08S_00046.mp4,http://openapi.kspo.or.kr/web/image/0AUDLJ08S_00046/,37,동영상,복근
공통,http://openapi.kspo.or.kr/web/video/,당뇨병을 예방하기 위한 운동프로그램,184045522,당뇨병 예방,29.97,806,1920*1080,매트,공통,21925,0AUDLJ08S_00046_SC_00204.jpeg,2021,1인 이상,1098,한국어,업독,20221027,유연성,당뇨병 예방 운동프로그램,731.564,mp4,0AUDLJ08S_00046.mp4,http://openapi.kspo.or.kr/web/image/0AUDLJ08S_00046/,38,동영상,복근
공통,http://openapi.kspo.or.kr/web/video/,당뇨병을 예방하기 위한 운동프로그램,184045522,당뇨병 예방,29.97,807,1920*1080,매트,공통,5627,0AUDLJ08S_00046_SC_00051.jpeg,2021,1인 이상,1098,한국어,드롭스쿼트,20221027,근력/근지구력,당뇨병 예방 운동프로그램,187.754,mp4,0AUDLJ08S_00046.mp4,http://openapi.kspo.or.kr/web/image/0AUDLJ08S_00046/,9,동영상,하체
공통,http://openapi.kspo.or.kr/web/video/,당뇨병을 예방하기 위한 운동프로그램,184045522,당뇨병 예방,29.97,808,1920*1080,매트,공통,1944,0AUDLJ08S_00046_SC_00017.jpeg,2021,1인 이상,1098,한국어,점핑잭,20221027,근력/근지구력,당뇨병 예방 운동프로그램,64.864,mp4,0AUDLJ08S_00046.mp4,http://openapi.kspo.or.kr/web/image/0AUDLJ08S_00046/,2,동영상,하체/어깨
공통,http://openapi.kspo.or.kr/web/video/,당뇨병을 예방하기 위한 운동프로그램,184045522,당뇨병 예방,29.97,809,1920*1080,매트,공통,2408,0AUDLJ08S_00046_SC_00021.jpeg,2021,1인 이상,1098,한국어,점핑잭,20221027,근력/근지구력,당뇨병 예방 운동프로그램,80.346,mp4,0AUDLJ08S_00046.mp4,http://openapi.kspo.or.kr/web/image/0AUDLJ08S_00046/,3,동영상,하체/어깨
공통,http://openapi.kspo.or.kr/web/video/,당뇨병을 예방하기 위한 운동프로그램,184045522,당뇨병 예방,29.97,810,1920*1080,매트,공통,3423,0AUDLJ08S_00046_SC_00031.jpeg,2021,1인 이상,1098,한국어,러버스런지/토터치,20221027,근력/근지구력,당뇨병 예방 운동프로그램,114.214,mp4,0AUDLJ08S_00046.mp4,http://openapi.kspo.or.kr/web/image/0AUDLJ08S_00046/,4,동영상,하체
공통,http://openapi.kspo.or.kr/web/video/,당뇨병을 예방하기 위한 운동프로그램,184045522,당뇨병 예방,29.97,811,1920*1080,매트,공통,3829,0AUDLJ08S_00046_SC_00033.jpeg,2021,1인 이상,1098,한국어,러버스런지/토터치,20221027,근력/근지구력,당뇨병 예방 운동프로그램,127.76,mp4,0AUDLJ08S_00046.mp4,http://openapi.kspo.or.kr/web/image/0AUDLJ08S_00046/,5,동영상,하체
공통,http://openapi.kspo.or.kr/web/video/,당뇨병을 예방하기 위한 운동프로그램,184045522,당뇨병 예방,29.97,812,1920*1080,매트,공통,4177,0AUDLJ08S_00046_SC_00037.jpeg,2021,1인 이상,1098,한국어,러버스런지/토터치,20221027,근력/근지구력,당뇨병 예방 운동프로그램,139.372,mp4,0AUDLJ08S_00046.mp4,http://openapi.kspo.or.kr/web/image/0AUDLJ08S_00046/,6,동영상,하체
공통,http://openapi.kspo.or.kr/web/video/,당뇨병을 예방하기 위한 운동프로그램,184045522,당뇨병 예방,29.97,813,1920*1080,매트,공통,5163,0AUDLJ08S_00046_SC_00044.jpeg,2021,1인 이상,1098,한국어,드롭스쿼트,20221027,근력/근지구력,당뇨병 예방 운동프로그램,172.272,mp4,0AUDLJ08S_00046.mp4,http://openapi.kspo.or.kr/web/image/0AUDLJ08S_00046/,7,동영상,하체
공통,http://openapi.kspo.or.kr/web/video/,당뇨병을 예방하기 위한 운동프로그램,184045522,당뇨병 예방,29.97,814,1920*1080,매트,공통,5482,0AUDLJ08S_00046_SC_00050.jpeg,2021,1인 이상,1098,한국어,드롭스쿼트,20221027,근력/근지구력,당뇨병 예방 운동프로그램,182.916,mp4,0AUDLJ08S_00046.mp4,http://openapi.kspo.or.kr/web/image/0AUDLJ08S_00046/,8,동영상,하체
공통,http://openapi.kspo.or.kr/web/video/,당뇨병을 예방하기 위한 운동프로그램,184045522,당뇨병 예방,29.97,815,1920*1080,매트,공통,6744,0AUDLJ08S_00046_FR_00076.jpeg,2021,1인 이상,1098,한국어,암워킹/숄더터치,20221027,근력/근지구력,당뇨병 예방 운동프로그램,225.024,mp4,0AUDLJ08S_00046.mp4,http://openapi.kspo.or.kr/web/image/0AUDLJ08S_00046/,10,동영상,전신
공통,http://openapi.kspo.or.kr/web/video/,당뇨병을 예방하기 위한 운동프로그램,184045522,당뇨병 예방,29.97,816,1920*1080,매트,공통,6903,0AUDLJ08S_00046_SC_00063.jpeg,2021,1인 이상,1098,한국어,암워킹/숄더터치,20221027,근력/근지구력,당뇨병 예방 운동프로그램,230.33,mp4,0AUDLJ08S_00046.mp4,http://openapi.kspo.or.kr/web/image/0AUDLJ08S_00046/,11,동영상,전신
공통,http://openapi.kspo.or.kr/web/video/,당뇨병을 예방하기 위한 운동프로그램,184045522,당뇨병 예방,29.97,817,1920*1080,매트,공통,7013,0AUDLJ08S_00046_FR_00079.jpeg,2021,1인 이상,1098,한국어,암워킹/숄더터치,20221027,근력/근지구력,당뇨병 예방 운동프로그램,234,mp4,0AUDLJ08S_00046.mp4,http://openapi.kspo.or.kr/web/image/0AUDLJ08S_00046/,12,동영상,전신
공통,http://openapi.kspo.or.kr/web/video/,당뇨병을 예방하기 위한 운동프로그램,184045522,당뇨병 예방,29.97,818,1920*1080,매트,공통,7251,0AUDLJ08S_00046_SC_00065.jpeg,2021,1인 이상,1098,한국어,암워킹/숄더터치,20221027,근력/근지구력,당뇨병 예방 운동프로그램,241.941,mp4,0AUDLJ08S_00046.mp4,http://openapi.kspo.or.kr/web/image/0AUDLJ08S_00046/,13,동영상,전신
공통,http://openapi.kspo.or.kr/web/video/,당뇨병을 예방하기 위한 운동프로그램,184045522,당뇨병 예방,29.97,819,1920*1080,매트,공통,7367,0AUDLJ08S_00046_SC_00067.jpeg,2021,1인 이상,1098,한국어,암워킹/숄더터치,20221027,근력/근지구력,당뇨병 예방 운동프로그램,245.812,mp4,0AUDLJ08S_00046.mp4,http://openapi.kspo.or.kr/web/image/0AUDLJ08S_00046/,14,동영상,전신
공통,http://openapi.kspo.or.kr/web/video/,당뇨병을 예방하기 위한 운동프로그램,184045522,당뇨병 예방,29.97,820,1920*1080,매트,공통,8788,0AUDLJ08S_00046_SC_00080.jpeg,2021,1인 이상,1098,한국어,플랭크/레그리프트,20221027,근력/근지구력,당뇨병 예방 운동프로그램,293.226,mp4,0AUDLJ08S_00046.mp4,http://openapi.kspo.or.kr/web/image/0AUDLJ08S_00046/,15,동영상,코어
공통,http://openapi.kspo.or.kr/web/video/,당뇨병을 예방하기 위한 운동프로그램,184045522,당뇨병 예방,29.97,821,1920*1080,매트,공통,9107,0AUDLJ08S_00046_SC_00083.jpeg,2021,1인 이상,1098,한국어,플랭크/레그리프트,20221027,근력/근지구력,당뇨병 예방 운동프로그램,303.87,mp4,0AUDLJ08S_00046.mp4,http://openapi.kspo.or.kr/web/image/0AUDLJ08S_00046/,16,동영상,코어
공통,http://openapi.kspo.or.kr/web/video/,당뇨병을 예방하기 위한 운동프로그램,184045522,당뇨병 예방,29.97,822,1920*1080,매트,공통,9891,0AUDLJ08S_00046_FR_00111.jpeg,2021,1인 이상,1098,한국어,버드독,20221027,근력/근지구력,당뇨병 예방 운동프로그램,330.029,mp4,0AUDLJ08S_00046.mp4,http://openapi.kspo.or.kr/web/image/0AUDLJ08S_00046/,17,동영상,코어
공통,http://openapi.kspo.or.kr/web/video/,당뇨병을 예방하기 위한 운동프로그램,184045522,당뇨병 예방,29.97,823,1920*1080,매트,공통,10238,0AUDLJ08S_00046_SC_00096.jpeg,2021,1인 이상,1098,한국어,버드독,20221027,근력/근지구력,당뇨병 예방 운동프로그램,341.607,mp4,0AUDLJ08S_00046.mp4,http://openapi.kspo.or.kr/web/image/0AUDLJ08S_00046/,18,동영상,코어
공통,http://openapi.kspo.or.kr/web/video/,당뇨병을 예방하기 위한 운동프로그램,184045522,당뇨병 예방,29.97,824,1920*1080,매트,공통,10354,0AUDLJ08S_00046_SC_00097.jpeg,2021,1인 이상,1098,한국어,버드독,20221027,근력/근지구력,당뇨병 예방 운동프로그램,345.478,mp4,0AUDLJ08S_00046.mp4,http://openapi.kspo.or.kr/web/image/0AUDLJ08S_00046/,19,동영상,코어
공통,http://openapi.kspo.or.kr/web/video/,당뇨병을 예방하기 위한 운동프로그램,184045522,당뇨병 예방,29.97,825,1920*1080,매트,공통,10412,0AUDLJ08S_00046_SC_00099.jpeg,2021,1인 이상,1098,한국어,버드독,20221027,근력/근지구력,당뇨병 예방 운동프로그램,347.413,mp4,0AUDLJ08S_00046.mp4,http://openapi.kspo.or.kr/web/image/0AUDLJ08S_00046/,20,동영상,코어
공통,http://openapi.kspo.or.kr/web/video/,당뇨병을 예방하기 위한 운동프로그램,184045522,당뇨병 예방,29.97,826,1920*1080,매트,공통,12239,0AUDLJ08S_00046_SC_00121.jpeg,2021,1인 이상,1098,한국어,데드버그,20221027,근력/근지구력,당뇨병 예방 운동프로그램,408.374,mp4,0AUDLJ08S_00046.mp4,http://openapi.kspo.or.kr/web/image/0AUDLJ08S_00046/,21,동영상,코어
공통,http://openapi.kspo.or.kr/web/video/,당뇨병을 예방하기 위한 운동프로그램,184045522,당뇨병 예방,29.97,827,1920*1080,매트,공통,12408,0AUDLJ08S_00046_FR_00139.jpeg,2021,1인 이상,1098,한국어,데드버그,20221027,근력/근지구력,당뇨병 예방 운동프로그램,414.013,mp4,0AUDLJ08S_00046.mp4,http://openapi.kspo.or.kr/web/image/0AUDLJ08S_00046/,22,동영상,코어
공통,http://openapi.kspo.or.kr/web/video/,당뇨병을 예방하기 위한 운동프로그램,184045522,당뇨병 예방,29.97,828,1920*1080,매트,공통,12703,0AUDLJ08S_00046_SC_00122.jpeg,2021,1인 이상,1098,한국어,데드버그,20221027,근력/근지구력,당뇨병 예방 운동프로그램,423.856,mp4,0AUDLJ08S_00046.mp4,http://openapi.kspo.or.kr/web/image/0AUDLJ08S_00046/,23,동영상,코어
공통,http://openapi.kspo.or.kr/web/video/,당뇨병을 예방하기 위한 운동프로그램,184045522,당뇨병 예방,29.97,829,1920*1080,매트,공통,12964,0AUDLJ08S_00046_SC_00124.jpeg,2021,1인 이상,1098,한국어,데드버그,20221027,근력/근지구력,당뇨병 예방 운동프로그램,432.565,mp4,0AUDLJ08S_00046.mp4,http://openapi.kspo.or.kr/web/image/0AUDLJ08S_00046/,24,동영상,코어
공통,http://openapi.kspo.or.kr/web/video/,당뇨병을 예방하기 위한 운동프로그램,184045522,당뇨병 예방,29.97,830,1920*1080,매트,공통,14066,0AUDLJ08S_00046_SC_00140.jpeg,2021,1인 이상,1098,한국어,플르터킥,20221027,근력/근지구력,당뇨병 예방 운동프로그램,469.335,mp4,0AUDLJ08S_00046.mp4,http://openapi.kspo.or.kr/web/image/0AUDLJ08S_00046/,25,동영상,코어
공통,http://openapi.kspo.or.kr/web/video/,당뇨병을 예방하기 위한 운동프로그램,184045522,당뇨병 예방,29.97,831,1920*1080,매트,공통,14298,0AUDLJ08S_00046_SC_00142.jpeg,2021,1인 이상,1098,한국어,플르터킥,20221027,근력/근지구력,당뇨병 예방 운동프로그램,477.076,mp4,0AUDLJ08S_00046.mp4,http://openapi.kspo.or.kr/web/image/0AUDLJ08S_00046/,26,동영상,코어
공통,http://openapi.kspo.or.kr/web/video/,당뇨병을 예방하기 위한 운동프로그램,184045522,당뇨병 예방,29.97,832,1920*1080,매트,공통,14472,0AUDLJ08S_00046_SC_00146.jpeg,2021,1인 이상,1098,한국어,플르터킥,20221027,근력/근지구력,당뇨병 예방 운동프로그램,482.882,mp4,0AUDLJ08S_00046.mp4,http://openapi.kspo.or.kr/web/image/0AUDLJ08S_00046/,27,동영상,코어
공통,http://openapi.kspo.or.kr/web/video/,당뇨병을 예방하기 위한 운동프로그램,184045522,당뇨병 예방,29.97,833,1920*1080,매트,공통,15458,0AUDLJ08S_00046_SC_00156.jpeg,2021,1인 이상,1098,한국어,중든근 운동(클램셸),20221027,근력/근지구력,당뇨병 예방 운동프로그램,515.781,mp4,0AUDLJ08S_00046.mp4,http://openapi.kspo.or.kr/web/image/0AUDLJ08S_00046/,28,동영상,둔부
공통,http://openapi.kspo.or.kr/web/video/,당뇨병을 예방하기 위한 운동프로그램,184045522,당뇨병 예방,29.97,834,1920*1080,매트,공통,15735,0AUDLJ08S_00046_FR_00176.jpeg,2021,1인 이상,1098,한국어,중든근 운동(클램셸),20221027,근력/근지구력,당뇨병 예방 운동프로그램,525.024,mp4,0AUDLJ08S_00046.mp4,http://openapi.kspo.or.kr/web/image/0AUDLJ08S_00046/,29,동영상,둔부
공통,http://openapi.kspo.or.kr/web/video/,당뇨병을 예방하기 위한 운동프로그램,184045522,당뇨병 예방,29.97,835,1920*1080,매트,공통,15825,0AUDLJ08S_00046_FR_00177.jpeg,2021,1인 이상,1098,한국어,중든근 운동(클램셸),20221027,근력/근지구력,당뇨병 예방 운동프로그램,528.027,mp4,0AUDLJ08S_00046.mp4,http://openapi.kspo.or.kr/web/image/0AUDLJ08S_00046/,30,동영상,둔부
공통,http://openapi.kspo.or.kr/web/video/,당뇨병을 예방하기 위한 운동프로그램,184045522,당뇨병 예방,29.97,836,1920*1080,매트,공통,16038,0AUDLJ08S_00046_SC_00159.jpeg,2021,1인 이상,1098,한국어,중든근 운동(클램셸),20221027,근력/근지구력,당뇨병 예방 운동프로그램,535.134,mp4,0AUDLJ08S_00046.mp4,http://openapi.kspo.or.kr/web/image/0AUDLJ08S_00046/,31,동영상,둔부
공통,http://openapi.kspo.or.kr/web/video/,당뇨병을 예방하기 위한 운동프로그램,184045522,당뇨병 예방,29.97,837,1920*1080,매트,공통,18126,0AUDLJ08S_00046_SC_00178.jpeg,2021,1인 이상,1098,한국어,힙리프트,20221027,근력/근지구력,당뇨병 예방 운동프로그램,604.804,mp4,0AUDLJ08S_00046.mp4,http://openapi.kspo.or.kr/web/image/0AUDLJ08S_00046/,32,동영상,둔부
공통,http://openapi.kspo.or.kr/web/video/,당뇨병을 예방하기 위한 운동프로그램,184045522,당뇨병 예방,29.97,838,1920*1080,매트,공통,18445,0AUDLJ08S_00046_SC_00179.jpeg,2021,1인 이상,1098,한국어,힙리프트,20221027,근력/근지구력,당뇨병 예방 운동프로그램,615.448,mp4,0AUDLJ08S_00046.mp4,http://openapi.kspo.or.kr/web/image/0AUDLJ08S_00046/,33,동영상,둔부
공통,http://openapi.kspo.or.kr/web/video/,당뇨병을 예방하기 위한 운동프로그램,184045522,당뇨병 예방,29.97,839,1920*1080,매트,공통,19489,0AUDLJ08S_00046_SC_00189.jpeg,2021,1인 이상,1098,한국어,힙리프트,20221027,근력/근지구력,당뇨병 예방 운동프로그램,650.282,mp4,0AUDLJ08S_00046.mp4,http://openapi.kspo.or.kr/web/image/0AUDLJ08S_00046/,34,동영상,팔/어깨
공통,http://openapi.kspo.or.kr/web/video/,당뇨병을 예방하기 위한 운동프로그램,184045522,당뇨병 예방,29.97,840,1920*1080,매트,공통,19750,0AUDLJ08S_00046_SC_00191.jpeg,2021,1인 이상,1098,한국어,힙리프트,20221027,근력/근지구력,당뇨병 예방 운동프로그램,658.991,mp4,0AUDLJ08S_00046.mp4,http://openapi.kspo.or.kr/web/image/0AUDLJ08S_00046/,35,동영상,팔/어깨
공통,http://openapi.kspo.or.kr/web/video/,당뇨병을 예방하기 위한 운동프로그램,184045522,당뇨병 예방,29.97,841,1920*1080,매트,공통,19895,0AUDLJ08S_00046_SC_00192.jpeg,2021,1인 이상,1098,한국어,힙리프트,20221027,근력/근지구력,당뇨병 예방 운동프로그램,663.829,mp4,0AUDLJ08S_00046.mp4,http://openapi.kspo.or.kr/web/image/0AUDLJ08S_00046/,36,동영상,팔/어깨
공통,http://openapi.kspo.or.kr/web/video/,당뇨병을 예방하기 위한 운동프로그램,184045522,당뇨병 예방,29.97,842,1920*1080,매트,공통,22928,0AUDLJ08S_00046_FR_00256.jpeg,2021,1인 이상,1098,한국어,쿼드로커,20221027,유연성,당뇨병 예방 운동프로그램,765.03,mp4,0AUDLJ08S_00046.mp4,http://openapi.kspo.or.kr/web/image/0AUDLJ08S_00046/,39,동영상,골반
공통,http://openapi.kspo.or.kr/web/video/,당뇨병을 예방하기 위한 운동프로그램,184045522,당뇨병 예방,29.97,843,1920*1080,매트,공통,23107,0AUDLJ08S_00046_FR_00258.jpeg,2021,1인 이상,1098,한국어,쿼드로커,20221027,유연성,당뇨병 예방 운동프로그램,771.003,mp4,0AUDLJ08S_00046.mp4,http://openapi.kspo.or.kr/web/image/0AUDLJ08S_00046/,40,동영상,골반
공통,http://openapi.kspo.or.kr/web/video/,당뇨병을 예방하기 위한 운동프로그램,184045522,당뇨병 예방,29.97,844,1920*1080,매트,공통,23404,0AUDLJ08S_00046_SC_00218.jpeg,2021,1인 이상,1098,한국어,쿼드로커,20221027,유연성,당뇨병 예방 운동프로그램,780.913,mp4,0AUDLJ08S_00046.mp4,http://openapi.kspo.or.kr/web/image/0AUDLJ08S_00046/,41,동영상,골반
공통,http://openapi.kspo.or.kr/web/video/,당뇨병을 예방하기 위한 운동프로그램,184045522,당뇨병 예방,29.97,845,1920*1080,매트,공통,24187,0AUDLJ08S_00046_SC_00227.jpeg,2021,1인 이상,1098,한국어,장요근 스트레칭,20221027,유연성,당뇨병 예방 운동프로그램,807.039,mp4,0AUDLJ08S_00046.mp4,http://openapi.kspo.or.kr/web/image/0AUDLJ08S_00046/,42,동영상,골반
공통,http://openapi.kspo.or.kr/web/video/,당뇨병을 예방하기 위한 운동프로그램,184045522,당뇨병 예방,29.97,846,1920*1080,매트,공통,24680,0AUDLJ08S_00046_SC_00231.jpeg,2021,1인 이상,1098,한국어,장요근 스트레칭,20221027,유연성,당뇨병 예방 운동프로그램,823.489,mp4,0AUDLJ08S_00046.mp4,http://openapi.kspo.or.kr/web/image/0AUDLJ08S_00046/,43,동영상,골반
공통,http://openapi.kspo.or.kr/web/video/,당뇨병을 예방하기 위한 운동프로그램,184045522,당뇨병 예방,29.97,847,1920*1080,매트,공통,24767,0AUDLJ08S_00046_SC_00234.jpeg,2021,1인 이상,1098,한국어,장요근 스트레칭,20221027,유연성,당뇨병 예방 운동프로그램,826.392,mp4,0AUDLJ08S_00046.mp4,http://openapi.kspo.or.kr/web/image/0AUDLJ08S_00046/,44,동영상,골반
공통,http://openapi.kspo.or.kr/web/video/,당뇨병을 예방하기 위한 운동프로그램,184045522,당뇨병 예방,29.97,848,1920*1080,매트,공통,27145,0AUDLJ08S_00046_SC_00263.jpeg,2021,1인 이상,1098,한국어,햄스트링 스트레칭,20221027,유연성,당뇨병 예방 운동프로그램,905.738,mp4,0AUDLJ08S_00046.mp4,http://openapi.kspo.or.kr/web/image/0AUDLJ08S_00046/,45,동영상,대퇴이두근
공통,http://openapi.kspo.or.kr/web/video/,당뇨병을 예방하기 위한 운동프로그램,184045522,당뇨병 예방,29.97,849,1920*1080,매트,공통,29262,0AUDLJ08S_00046_SC_00279.jpeg,2021,1인 이상,1098,한국어,이상근 스트레칭,20221027,유연성,당뇨병 예방 운동프로그램,976.375,mp4,0AUDLJ08S_00046.mp4,http://openapi.kspo.or.kr/web/image/0AUDLJ08S_00046/,46,동영상,이상근
공통,http://openapi.kspo.or.kr/web/video/,당뇨병을 예방하기 위한 운동프로그램,184045522,당뇨병 예방,29.97,850,1920*1080,매트,공통,29407,0AUDLJ08S_00046_SC_00281.jpeg,2021,1인 이상,1098,한국어,이상근 스트레칭,20221027,유연성,당뇨병 예방 운동프로그램,981.213,mp4,0AUDLJ08S_00046.mp4,http://openapi.kspo.or.kr/web/image/0AUDLJ08S_00046/,47,동영상,이상근
공통,http://openapi.kspo.or.kr/web/video/,당뇨병을 예방하기 위한 운동프로그램,184045522,당뇨병 예방,29.97,851,1920*1080,매트,공통,29668,0AUDLJ08S_00046_SC_00286.jpeg,2021,1인 이상,1098,한국어,이상근 스트레칭,20221027,유연성,당뇨병 예방 운동프로그램,989.922,mp4,0AUDLJ08S_00046.mp4,http://openapi.kspo.or.kr/web/image/0AUDLJ08S_00046/,48,동영상,이상근
공통,http://openapi.kspo.or.kr/web/video/,당뇨병을 예방하기 위한 운동프로그램,184045522,당뇨병 예방,29.97,852,1920*1080,매트,공통,31495,0AUDLJ08S_00046_SC_00315.jpeg,2021,1인 이상,1098,한국어,힙트위스트,20221027,유연성,당뇨병 예방 운동프로그램,1050.883,mp4,0AUDLJ08S_00046.mp4,http://openapi.kspo.or.kr/web/image/0AUDLJ08S_00046/,49,동영상,둔부
공통,http://openapi.kspo.or.kr/web/video/,당뇨병을 예방하기 위한 운동프로그램,184045522,당뇨병 예방,29.97,853,1920*1080,매트,공통,31698,0AUDLJ08S_00046_SC_00318.jpeg,2021,1인 이상,1098,한국어,힙트위스트,20221027,유연성,당뇨병 예방 운동프로그램,1057.656,mp4,0AUDLJ08S_00046.mp4,http://openapi.kspo.or.kr/web/image/0AUDLJ08S_00046/,50,동영상,둔부
공통,http://openapi.kspo.or.kr/web/video/,골다공증을 예방하기 위한 골밀도 강화 운동프로그램,137122976,골다공증 예방,29.96,854,1920*1080,짐볼,공통,88,0AUDLJ08S_00047_SC_00002.jpeg,2021,1인 이상,830,한국어,,20221006,,골다공증 예방 운동프로그램,2.936,mp4,0AUDLJ08S_00047.mp4,http://openapi.kspo.or.kr/web/image/0AUDLJ08S_00047/,1,동영상,
공통,http://openapi.kspo.or.kr/web/video/,골다공증을 예방하기 위한 골밀도 강화 운동프로그램,137122976,골다공증 예방,29.96,855,1920*1080,매트,공통,117,0AUDLJ08S_00047_SC_00003.jpeg,2021,1인 이상,830,한국어,플랭크,20221006,근력/근지구력,골다공증 예방 운동프로그램,3.903,mp4,0AUDLJ08S_00047.mp4,http://openapi.kspo.or.kr/web/image/0AUDLJ08S_00047/,2,동영상,전신
,http://openapi.kspo.or.kr/web/video/,골다공증을 예방하기 위한 골밀도 강화 운동프로그램,137122976,골다공증 예방,29.96,856,1920*1080,,공통,175,0AUDLJ08S_00047_SC_00004.jpeg,2021,,830,한국어,,20221006,,골다공증 예방 운동프로그램,5.839,mp4,0AUDLJ08S_00047.mp4,http://openapi.kspo.or.kr/web/image/0AUDLJ08S_00047/,3,동영상,
,http://openapi.kspo.or.kr/web/video/,골다공증을 예방하기 위한 골밀도 강화 운동프로그램,137122976,골다공증 예방,29.96,857,1920*1080,,공통,349,0AUDLJ08S_00047_SC_00006.jpeg,2021,,830,한국어,,20221006,,골다공증 예방 운동프로그램,11.644,mp4,0AUDLJ08S_00047.mp4,http://openapi.kspo.or.kr/web/image/0AUDLJ08S_00047/,4,동영상,
,http://openapi.kspo.or.kr/web/video/,골다공증을 예방하기 위한 골밀도 강화 운동프로그램,137122976,골다공증 예방,29.96,858,1920*1080,,공통,465,0AUDLJ08S_00047_SC_00007.jpeg,2021,,830,한국어,,20221006,,골다공증 예방 운동프로그램,15.515,mp4,0AUDLJ08S_00047.mp4,http://openapi.kspo.or.kr/web/image/0AUDLJ08S_00047/,5,동영상,
,http://openapi.kspo.or.kr/web/video/,골다공증을 예방하기 위한 골밀도 강화 운동프로그램,137122976,골다공증 예방,29.96,859,1920*1080,,공통,726,0AUDLJ08S_00047_SC_00008.jpeg,2021,,830,한국어,,20221006,,골다공증 예방 운동프로그램,24.224,mp4,0AUDLJ08S_00047.mp4,http://openapi.kspo.or.kr/web/image/0AUDLJ08S_00047/,6,동영상,
,http://openapi.kspo.or.kr/web/video/,골다공증을 예방하기 위한 골밀도 강화 운동프로그램,137122976,골다공증 예방,29.96,860,1920*1080,,공통,842,0AUDLJ08S_00047_SC_00009.jpeg,2021,,830,한국어,,20221006,,골다공증 예방 운동프로그램,28.094,mp4,0AUDLJ08S_00047.mp4,http://openapi.kspo.or.kr/web/image/0AUDLJ08S_00047/,7,동영상,
공통,http://openapi.kspo.or.kr/web/video/,골다공증을 예방하기 위한 골밀도 강화 운동프로그램,137122976,골다공증 예방,29.96,861,1920*1080,매트,공통,2872,0AUDLJ08S_00047_SC_00040.jpeg,2021,1인 이상,830,한국어,엎드려 양발 벌려 뛰기,20221006,근력/근지구력,골다공증 예방 운동프로그램,95.829,mp4,0AUDLJ08S_00047.mp4,http://openapi.kspo.or.kr/web/image/0AUDLJ08S_00047/,8,동영상,전신
공통,http://openapi.kspo.or.kr/web/video/,골다공증을 예방하기 위한 골밀도 강화 운동프로그램,137122976,골다공증 예방,29.96,862,1920*1080,매트,공통,3017,0AUDLJ08S_00047_SC_00041.jpeg,2021,1인 이상,830,한국어,엎드려 양발 벌려 뛰기,20221006,근력/근지구력,골다공증 예방 운동프로그램,100.667,mp4,0AUDLJ08S_00047.mp4,http://openapi.kspo.or.kr/web/image/0AUDLJ08S_00047/,9,동영상,전신
공통,http://openapi.kspo.or.kr/web/video/,골다공증을 예방하기 위한 골밀도 강화 운동프로그램,137122976,골다공증 예방,29.96,863,1920*1080,매트,공통,3191,0AUDLJ08S_00047_SC_00042.jpeg,2021,1인 이상,830,한국어,엎드려 양발 벌려 뛰기,20221006,근력/근지구력,골다공증 예방 운동프로그램,106.473,mp4,0AUDLJ08S_00047.mp4,http://openapi.kspo.or.kr/web/image/0AUDLJ08S_00047/,10,동영상,전신
공통,http://openapi.kspo.or.kr/web/video/,골다공증을 예방하기 위한 골밀도 강화 운동프로그램,137122976,골다공증 예방,29.96,864,1920*1080,매트,공통,3220,0AUDLJ08S_00047_SC_00043.jpeg,2021,1인 이상,830,한국어,엎드려 양발 벌려 뛰기,20221006,근력/근지구력,골다공증 예방 운동프로그램,107.44,mp4,0AUDLJ08S_00047.mp4,http://openapi.kspo.or.kr/web/image/0AUDLJ08S_00047/,11,동영상,전신
공통,http://openapi.kspo.or.kr/web/video/,골다공증을 예방하기 위한 골밀도 강화 운동프로그램,137122976,골다공증 예방,29.96,865,1920*1080,매트,공통,3336,0AUDLJ08S_00047_SC_00044.jpeg,2021,1인 이상,830,한국어,엎드려 양발 벌려 뛰기,20221006,근력/근지구력,골다공증 예방 운동프로그램,111.311,mp4,0AUDLJ08S_00047.mp4,http://openapi.kspo.or.kr/web/image/0AUDLJ08S_00047/,12,동영상,전신
공통,http://openapi.kspo.or.kr/web/video/,골다공증을 예방하기 위한 골밀도 강화 운동프로그램,137122976,골다공증 예방,29.96,866,1920*1080,매트,공통,3452,0AUDLJ08S_00047_SC_00045.jpeg,2021,1인 이상,830,한국어,엎드려 양발 벌려 뛰기,20221006,근력/근지구력,골다공증 예방 운동프로그램,115.181,mp4,0AUDLJ08S_00047.mp4,http://openapi.kspo.or.kr/web/image/0AUDLJ08S_00047/,13,동영상,전신
공통,http://openapi.kspo.or.kr/web/video/,골다공증을 예방하기 위한 골밀도 강화 운동프로그램,137122976,골다공증 예방,29.96,867,1920*1080,,공통,4699,0AUDLJ08S_00047_SC_00056.jpeg,2021,1인 이상,830,한국어,중간 승모근 풀어주기 운동,20221006,근력/근지구력,골다공증 예방 운동프로그램,156.79,mp4,0AUDLJ08S_00047.mp4,http://openapi.kspo.or.kr/web/image/0AUDLJ08S_00047/,14,동영상,어깨/등
공통,http://openapi.kspo.or.kr/web/video/,골다공증을 예방하기 위한 골밀도 강화 운동프로그램,137122976,골다공증 예방,29.96,868,1920*1080,,공통,4815,0AUDLJ08S_00047_SC_00057.jpeg,2021,1인 이상,830,한국어,중간 승모근 풀어주기 운동,20221006,근력/근지구력,골다공증 예방 운동프로그램,160.66,mp4,0AUDLJ08S_00047.mp4,http://openapi.kspo.or.kr/web/image/0AUDLJ08S_00047/,15,동영상,어깨/등
공통,http://openapi.kspo.or.kr/web/video/,골다공증을 예방하기 위한 골밀도 강화 운동프로그램,137122976,골다공증 예방,29.96,869,1920*1080,,공통,4844,0AUDLJ08S_00047_SC_00058.jpeg,2021,1인 이상,830,한국어,중간 승모근 풀어주기 운동,20221006,근력/근지구력,골다공증 예방 운동프로그램,161.628,mp4,0AUDLJ08S_00047.mp4,http://openapi.kspo.or.kr/web/image/0AUDLJ08S_00047/,16,동영상,어깨/등
공통,http://openapi.kspo.or.kr/web/video/,골다공증을 예방하기 위한 골밀도 강화 운동프로그램,137122976,골다공증 예방,29.96,870,1920*1080,,공통,5076,0AUDLJ08S_00047_SC_00059.jpeg,2021,1인 이상,830,한국어,중간 승모근 풀어주기 운동,20221006,근력/근지구력,골다공증 예방 운동프로그램,169.369,mp4,0AUDLJ08S_00047.mp4,http://openapi.kspo.or.kr/web/image/0AUDLJ08S_00047/,17,동영상,어깨/등
공통,http://openapi.kspo.or.kr/web/video/,골다공증을 예방하기 위한 골밀도 강화 운동프로그램,137122976,골다공증 예방,29.96,871,1920*1080,,공통,5308,0AUDLJ08S_00047_SC_00060.jpeg,2021,1인 이상,830,한국어,중간 승모근 풀어주기 운동,20221006,근력/근지구력,골다공증 예방 운동프로그램,177.11,mp4,0AUDLJ08S_00047.mp4,http://openapi.kspo.or.kr/web/image/0AUDLJ08S_00047/,18,동영상,어깨/등
공통,http://openapi.kspo.or.kr/web/video/,골다공증을 예방하기 위한 골밀도 강화 운동프로그램,137122976,골다공증 예방,29.96,872,1920*1080,,공통,5395,0AUDLJ08S_00047_SC_00061.jpeg,2021,1인 이상,830,한국어,중간 승모근 풀어주기 운동,20221006,근력/근지구력,골다공증 예방 운동프로그램,180.013,mp4,0AUDLJ08S_00047.mp4,http://openapi.kspo.or.kr/web/image/0AUDLJ08S_00047/,19,동영상,어깨/등
공통,http://openapi.kspo.or.kr/web/video/,골다공증을 예방하기 위한 골밀도 강화 운동프로그램,137122976,골다공증 예방,29.96,873,1920*1080,밴드,공통,6439,0AUDLJ08S_00047_SC_00067.jpeg,2021,1인 이상,830,한국어,앉아서 밴드 룽풀 로우(양손),20221006,근력/근지구력,골다공증 예방 운동프로그램,214.848,mp4,0AUDLJ08S_00047.mp4,http://openapi.kspo.or.kr/web/image/0AUDLJ08S_00047/,20,동영상,어깨/등
공통,http://openapi.kspo.or.kr/web/video/,골다공증을 예방하기 위한 골밀도 강화 운동프로그램,137122976,골다공증 예방,29.96,874,1920*1080,밴드,공통,6700,0AUDLJ08S_00047_SC_00068.jpeg,2021,1인 이상,830,한국어,앉아서 밴드 룽풀 로우(양손),20221006,근력/근지구력,골다공증 예방 운동프로그램,223.556,mp4,0AUDLJ08S_00047.mp4,http://openapi.kspo.or.kr/web/image/0AUDLJ08S_00047/,21,동영상,어깨/등
공통,http://openapi.kspo.or.kr/web/video/,골다공증을 예방하기 위한 골밀도 강화 운동프로그램,137122976,골다공증 예방,29.96,875,1920*1080,밴드,공통,6816,0AUDLJ08S_00047_SC_00069.jpeg,2021,1인 이상,830,한국어,앉아서 밴드 룽풀 로우(양손),20221006,근력/근지구력,골다공증 예방 운동프로그램,227.427,mp4,0AUDLJ08S_00047.mp4,http://openapi.kspo.or.kr/web/image/0AUDLJ08S_00047/,22,동영상,어깨/등
공통,http://openapi.kspo.or.kr/web/video/,골다공증을 예방하기 위한 골밀도 강화 운동프로그램,137122976,골다공증 예방,29.96,876,1920*1080,밴드,공통,6874,0AUDLJ08S_00047_SC_00070.jpeg,2021,1인 이상,830,한국어,앉아서 밴드 룽풀 로우(양손),20221006,근력/근지구력,골다공증 예방 운동프로그램,229.362,mp4,0AUDLJ08S_00047.mp4,http://openapi.kspo.or.kr/web/image/0AUDLJ08S_00047/,23,동영상,어깨/등
공통,http://openapi.kspo.or.kr/web/video/,골다공증을 예방하기 위한 골밀도 강화 운동프로그램,137122976,골다공증 예방,29.96,877,1920*1080,밴드,공통,6990,0AUDLJ08S_00047_SC_00074.jpeg,2021,1인 이상,830,한국어,앉아서 밴드 룽풀 로우(양손),20221006,근력/근지구력,골다공증 예방 운동프로그램,233.233,mp4,0AUDLJ08S_00047.mp4,http://openapi.kspo.or.kr/web/image/0AUDLJ08S_00047/,24,동영상,어깨/등
공통,http://openapi.kspo.or.kr/web/video/,골다공증을 예방하기 위한 골밀도 강화 운동프로그램,137122976,골다공증 예방,29.96,878,1920*1080,밴드,공통,7019,0AUDLJ08S_00047_SC_00075.jpeg,2021,1인 이상,830,한국어,앉아서 밴드 룽풀 로우(양손),20221006,근력/근지구력,골다공증 예방 운동프로그램,234.2,mp4,0AUDLJ08S_00047.mp4,http://openapi.kspo.or.kr/web/image/0AUDLJ08S_00047/,25,동영상,어깨/등
공통,http://openapi.kspo.or.kr/web/video/,골다공증을 예방하기 위한 골밀도 강화 운동프로그램,137122976,골다공증 예방,29.96,879,1920*1080,밴드,공통,7077,0AUDLJ08S_00047_SC_00076.jpeg,2021,1인 이상,830,한국어,앉아서 밴드 룽풀 로우(양손),20221006,근력/근지구력,골다공증 예방 운동프로그램,236.136,mp4,0AUDLJ08S_00047.mp4,http://openapi.kspo.or.kr/web/image/0AUDLJ08S_00047/,26,동영상,어깨/등
공통,http://openapi.kspo.or.kr/web/video/,골다공증을 예방하기 위한 골밀도 강화 운동프로그램,137122976,골다공증 예방,29.96,880,1920*1080,밴드,공통,7135,0AUDLJ08S_00047_SC_00077.jpeg,2021,1인 이상,830,한국어,앉아서 밴드 룽풀 로우(양손),20221006,근력/근지구력,골다공증 예방 운동프로그램,238.071,mp4,0AUDLJ08S_00047.mp4,http://openapi.kspo.or.kr/web/image/0AUDLJ08S_00047/,27,동영상,어깨/등
공통,http://openapi.kspo.or.kr/web/video/,골다공증을 예방하기 위한 골밀도 강화 운동프로그램,137122976,골다공증 예방,29.96,881,1920*1080,밴드,공통,7367,0AUDLJ08S_00047_SC_00078.jpeg,2021,1인 이상,830,한국어,앉아서 밴드 룽풀 로우(양손),20221006,근력/근지구력,골다공증 예방 운동프로그램,245.812,mp4,0AUDLJ08S_00047.mp4,http://openapi.kspo.or.kr/web/image/0AUDLJ08S_00047/,28,동영상,어깨/등
공통,http://openapi.kspo.or.kr/web/video/,골다공증을 예방하기 위한 골밀도 강화 운동프로그램,137122976,골다공증 예방,29.96,882,1920*1080,밴드,공통,7802,0AUDLJ08S_00047_SC_00079.jpeg,2021,1인 이상,830,한국어,앉아서 밴드 룽풀 로우(양손),20221006,근력/근지구력,골다공증 예방 운동프로그램,260.326,mp4,0AUDLJ08S_00047.mp4,http://openapi.kspo.or.kr/web/image/0AUDLJ08S_00047/,29,동영상,어깨/등
공통,http://openapi.kspo.or.kr/web/video/,골다공증을 예방하기 위한 골밀도 강화 운동프로그램,137122976,골다공증 예방,29.96,883,1920*1080,밴드,공통,8469,0AUDLJ08S_00047_SC_00089.jpeg,2021,1인 이상,830,한국어,서서 밴드 벤트오버 로우(양손),20221006,근력/근지구력,골다공증 예방 운동프로그램,282.582,mp4,0AUDLJ08S_00047.mp4,http://openapi.kspo.or.kr/web/image/0AUDLJ08S_00047/,30,동영상,어깨/등
공통,http://openapi.kspo.or.kr/web/video/,골다공증을 예방하기 위한 골밀도 강화 운동프로그램,137122976,골다공증 예방,29.96,884,1920*1080,밴드,공통,8730,0AUDLJ08S_00047_SC_00091.jpeg,2021,1인 이상,830,한국어,서서 밴드 벤트오버 로우(양손),20221006,근력/근지구력,골다공증 예방 운동프로그램,291.291,mp4,0AUDLJ08S_00047.mp4,http://openapi.kspo.or.kr/web/image/0AUDLJ08S_00047/,31,동영상,어깨/등
공통,http://openapi.kspo.or.kr/web/video/,골다공증을 예방하기 위한 골밀도 강화 운동프로그램,137122976,골다공증 예방,29.96,885,1920*1080,밴드,공통,8904,0AUDLJ08S_00047_SC_00092.jpeg,2021,1인 이상,830,한국어,서서 밴드 벤트오버 로우(양손),20221006,근력/근지구력,골다공증 예방 운동프로그램,297.097,mp4,0AUDLJ08S_00047.mp4,http://openapi.kspo.or.kr/web/image/0AUDLJ08S_00047/,32,동영상,어깨/등
공통,http://openapi.kspo.or.kr/web/video/,골다공증을 예방하기 위한 골밀도 강화 운동프로그램,137122976,골다공증 예방,29.96,886,1920*1080,밴드,공통,9020,0AUDLJ08S_00047_SC_00093.jpeg,2021,1인 이상,830,한국어,서서 밴드 벤트오버 로우(양손),20221006,근력/근지구력,골다공증 예방 운동프로그램,300.967,mp4,0AUDLJ08S_00047.mp4,http://openapi.kspo.or.kr/web/image/0AUDLJ08S_00047/,33,동영상,어깨/등
공통,http://openapi.kspo.or.kr/web/video/,골다공증을 예방하기 위한 골밀도 강화 운동프로그램,137122976,골다공증 예방,29.96,887,1920*1080,밴드,공통,9107,0AUDLJ08S_00047_SC_00094.jpeg,2021,1인 이상,830,한국어,서서 밴드 벤트오버 로우(양손),20221006,근력/근지구력,골다공증 예방 운동프로그램,303.87,mp4,0AUDLJ08S_00047.mp4,http://openapi.kspo.or.kr/web/image/0AUDLJ08S_00047/,34,동영상,어깨/등
공통,http://openapi.kspo.or.kr/web/video/,골다공증을 예방하기 위한 골밀도 강화 운동프로그램,137122976,골다공증 예방,29.96,888,1920*1080,밴드,공통,9136,0AUDLJ08S_00047_SC_00095.jpeg,2021,1인 이상,830,한국어,서서 밴드 벤트오버 로우(양손),20221006,근력/근지구력,골다공증 예방 운동프로그램,304.838,mp4,0AUDLJ08S_00047.mp4,http://openapi.kspo.or.kr/web/image/0AUDLJ08S_00047/,35,동영상,어깨/등
공통,http://openapi.kspo.or.kr/web/video/,골다공증을 예방하기 위한 골밀도 강화 운동프로그램,137122976,골다공증 예방,29.96,889,1920*1080,밴드,공통,9165,0AUDLJ08S_00047_SC_00096.jpeg,2021,1인 이상,830,한국어,서서 밴드 벤트오버 로우(양손),20221006,근력/근지구력,골다공증 예방 운동프로그램,305.805,mp4,0AUDLJ08S_00047.mp4,http://openapi.kspo.or.kr/web/image/0AUDLJ08S_00047/,36,동영상,어깨/등
공통,http://openapi.kspo.or.kr/web/video/,골다공증을 예방하기 위한 골밀도 강화 운동프로그램,137122976,골다공증 예방,29.96,890,1920*1080,밴드,공통,9368,0AUDLJ08S_00047_SC_00099.jpeg,2021,1인 이상,830,한국어,서서 밴드 벤트오버 로우(양손),20221006,근력/근지구력,골다공증 예방 운동프로그램,312.579,mp4,0AUDLJ08S_00047.mp4,http://openapi.kspo.or.kr/web/image/0AUDLJ08S_00047/,37,동영상,어깨/등
공통,http://openapi.kspo.or.kr/web/video/,골다공증을 예방하기 위한 골밀도 강화 운동프로그램,137122976,골다공증 예방,29.96,891,1920*1080,밴드,공통,9542,0AUDLJ08S_00047_SC_00100.jpeg,2021,1인 이상,830,한국어,서서 밴드 벤트오버 로우(양손),20221006,근력/근지구력,골다공증 예방 운동프로그램,318.385,mp4,0AUDLJ08S_00047.mp4,http://openapi.kspo.or.kr/web/image/0AUDLJ08S_00047/,38,동영상,어깨/등
공통,http://openapi.kspo.or.kr/web/video/,골다공증을 예방하기 위한 골밀도 강화 운동프로그램,137122976,골다공증 예방,29.96,892,1920*1080,밴드,공통,9745,0AUDLJ08S_00047_SC_00101.jpeg,2021,1인 이상,830,한국어,서서 밴드 벤트오버 로우(양손),20221006,근력/근지구력,골다공증 예방 운동프로그램,325.158,mp4,0AUDLJ08S_00047.mp4,http://openapi.kspo.or.kr/web/image/0AUDLJ08S_00047/,39,동영상,어깨/등
공통,http://openapi.kspo.or.kr/web/video/,골다공증을 예방하기 위한 골밀도 강화 운동프로그램,137122976,골다공증 예방,29.96,893,1920*1080,밴드,공통,9948,0AUDLJ08S_00047_SC_00102.jpeg,2021,1인 이상,830,한국어,서서 밴드 벤트오버 로우(양손),20221006,근력/근지구력,골다공증 예방 운동프로그램,331.931,mp4,0AUDLJ08S_00047.mp4,http://openapi.kspo.or.kr/web/image/0AUDLJ08S_00047/,40,동영상,어깨/등
공통,http://openapi.kspo.or.kr/web/video/,골다공증을 예방하기 위한 골밀도 강화 운동프로그램,137122976,골다공증 예방,29.96,894,1920*1080,밴드,공통,10035,0AUDLJ08S_00047_SC_00103.jpeg,2021,1인 이상,830,한국어,서서 밴드 벤트오버 로우(양손),20221006,근력/근지구력,골다공증 예방 운동프로그램,334.834,mp4,0AUDLJ08S_00047.mp4,http://openapi.kspo.or.kr/web/image/0AUDLJ08S_00047/,41,동영상,어깨/등
공통,http://openapi.kspo.or.kr/web/video/,골다공증을 예방하기 위한 골밀도 강화 운동프로그램,137122976,골다공증 예방,29.96,895,1920*1080,밴드,공통,10064,0AUDLJ08S_00047_SC_00104.jpeg,2021,1인 이상,830,한국어,서서 밴드 벤트오버 로우(양손),20221006,근력/근지구력,골다공증 예방 운동프로그램,335.802,mp4,0AUDLJ08S_00047.mp4,http://openapi.kspo.or.kr/web/image/0AUDLJ08S_00047/,42,동영상,어깨/등
공통,http://openapi.kspo.or.kr/web/video/,골다공증을 예방하기 위한 골밀도 강화 운동프로그램,137122976,골다공증 예방,29.96,896,1920*1080,,공통,10441,0AUDLJ08S_00047_SC_00110.jpeg,2021,1인 이상,830,한국어,팔 벌려 뛰기,20221006,근력/근지구력,골다공증 예방 운동프로그램,348.381,mp4,0AUDLJ08S_00047.mp4,http://openapi.kspo.or.kr/web/image/0AUDLJ08S_00047/,43,동영상,전신
공통,http://openapi.kspo.or.kr/web/video/,골다공증을 예방하기 위한 골밀도 강화 운동프로그램,137122976,골다공증 예방,29.96,897,1920*1080,,공통,10615,0AUDLJ08S_00047_SC_00111.jpeg,2021,1인 이상,830,한국어,팔 벌려 뛰기,20221006,근력/근지구력,골다공증 예방 운동프로그램,354.187,mp4,0AUDLJ08S_00047.mp4,http://openapi.kspo.or.kr/web/image/0AUDLJ08S_00047/,44,동영상,전신
공통,http://openapi.kspo.or.kr/web/video/,골다공증을 예방하기 위한 골밀도 강화 운동프로그램,137122976,골다공증 예방,29.96,898,1920*1080,,공통,10673,0AUDLJ08S_00047_SC_00112.jpeg,2021,1인 이상,830,한국어,팔 벌려 뛰기,20221006,근력/근지구력,골다공증 예방 운동프로그램,356.122,mp4,0AUDLJ08S_00047.mp4,http://openapi.kspo.or.kr/web/image/0AUDLJ08S_00047/,45,동영상,전신
공통,http://openapi.kspo.or.kr/web/video/,골다공증을 예방하기 위한 골밀도 강화 운동프로그램,137122976,골다공증 예방,29.96,899,1920*1080,,공통,10702,0AUDLJ08S_00047_SC_00113.jpeg,2021,1인 이상,830,한국어,팔 벌려 뛰기,20221006,근력/근지구력,골다공증 예방 운동프로그램,357.09,mp4,0AUDLJ08S_00047.mp4,http://openapi.kspo.or.kr/web/image/0AUDLJ08S_00047/,46,동영상,전신
공통,http://openapi.kspo.or.kr/web/video/,골다공증을 예방하기 위한 골밀도 강화 운동프로그램,137122976,골다공증 예방,29.96,900,1920*1080,,공통,10731,0AUDLJ08S_00047_SC_00114.jpeg,2021,1인 이상,830,한국어,팔 벌려 뛰기,20221006,근력/근지구력,골다공증 예방 운동프로그램,358.058,mp4,0AUDLJ08S_00047.mp4,http://openapi.kspo.or.kr/web/image/0AUDLJ08S_00047/,47,동영상,전신
공통,http://openapi.kspo.or.kr/web/video/,골다공증을 예방하기 위한 골밀도 강화 운동프로그램,137122976,골다공증 예방,29.96,901,1920*1080,,공통,10760,0AUDLJ08S_00047_SC_00115.jpeg,2021,1인 이상,830,한국어,팔 벌려 뛰기,20221006,근력/근지구력,골다공증 예방 운동프로그램,359.025,mp4,0AUDLJ08S_00047.mp4,http://openapi.kspo.or.kr/web/image/0AUDLJ08S_00047/,48,동영상,전신
공통,http://openapi.kspo.or.kr/web/video/,골다공증을 예방하기 위한 골밀도 강화 운동프로그램,137122976,골다공증 예방,29.96,902,1920*1080,,공통,10818,0AUDLJ08S_00047_SC_00116.jpeg,2021,1인 이상,830,한국어,팔 벌려 뛰기,20221006,근력/근지구력,골다공증 예방 운동프로그램,360.96,mp4,0AUDLJ08S_00047.mp4,http://openapi.kspo.or.kr/web/image/0AUDLJ08S_00047/,49,동영상,전신
공통,http://openapi.kspo.or.kr/web/video/,골다공증을 예방하기 위한 골밀도 강화 운동프로그램,137122976,골다공증 예방,29.96,903,1920*1080,,공통,10847,0AUDLJ08S_00047_SC_00117.jpeg,2021,1인 이상,830,한국어,팔 벌려 뛰기,20221006,근력/근지구력,골다공증 예방 운동프로그램,361.928,mp4,0AUDLJ08S_00047.mp4,http://openapi.kspo.or.kr/web/image/0AUDLJ08S_00047/,50,동영상,전신
공통,http://openapi.kspo.or.kr/web/video/,골다공증을 예방하기 위한 골밀도 강화 운동프로그램,137122976,골다공증 예방,29.96,904,1920*1080,,공통,10905,0AUDLJ08S_00047_SC_00118.jpeg,2021,1인 이상,830,한국어,팔 벌려 뛰기,20221006,근력/근지구력,골다공증 예방 운동프로그램,363.863,mp4,0AUDLJ08S_00047.mp4,http://openapi.kspo.or.kr/web/image/0AUDLJ08S_00047/,51,동영상,전신
공통,http://openapi.kspo.or.kr/web/video/,골다공증을 예방하기 위한 골밀도 강화 운동프로그램,137122976,골다공증 예방,29.96,905,1920*1080,,공통,10963,0AUDLJ08S_00047_SC_00119.jpeg,2021,1인 이상,830,한국어,팔 벌려 뛰기,20221006,근력/근지구력,골다공증 예방 운동프로그램,365.799,mp4,0AUDLJ08S_00047.mp4,http://openapi.kspo.or.kr/web/image/0AUDLJ08S_00047/,52,동영상,전신
공통,http://openapi.kspo.or.kr/web/video/,골다공증을 예방하기 위한 골밀도 강화 운동프로그램,137122976,골다공증 예방,29.96,906,1920*1080,,공통,10992,0AUDLJ08S_00047_SC_00120.jpeg,2021,1인 이상,830,한국어,팔 벌려 뛰기,20221006,근력/근지구력,골다공증 예방 운동프로그램,366.766,mp4,0AUDLJ08S_00047.mp4,http://openapi.kspo.or.kr/web/image/0AUDLJ08S_00047/,53,동영상,전신
공통,http://openapi.kspo.or.kr/web/video/,골다공증을 예방하기 위한 골밀도 강화 운동프로그램,137122976,골다공증 예방,29.96,907,1920*1080,,공통,11021,0AUDLJ08S_00047_SC_00121.jpeg,2021,1인 이상,830,한국어,팔 벌려 뛰기,20221006,근력/근지구력,골다공증 예방 운동프로그램,367.734,mp4,0AUDLJ08S_00047.mp4,http://openapi.kspo.or.kr/web/image/0AUDLJ08S_00047/,54,동영상,전신
공통,http://openapi.kspo.or.kr/web/video/,골다공증을 예방하기 위한 골밀도 강화 운동프로그램,137122976,골다공증 예방,29.96,908,1920*1080,밴드,공통,12152,0AUDLJ08S_00047_SC_00139.jpeg,2021,1인 이상,830,한국어,앉아서 밴드 룽풀 로우(한손),20221006,근력/근지구력,골다공증 예방 운동프로그램,405.472,mp4,0AUDLJ08S_00047.mp4,http://openapi.kspo.or.kr/web/image/0AUDLJ08S_00047/,55,동영상,어깨/등
공통,http://openapi.kspo.or.kr/web/video/,골다공증을 예방하기 위한 골밀도 강화 운동프로그램,137122976,골다공증 예방,29.96,909,1920*1080,밴드,공통,12442,0AUDLJ08S_00047_SC_00140.jpeg,2021,1인 이상,830,한국어,앉아서 밴드 룽풀 로우(한손),20221006,근력/근지구력,골다공증 예방 운동프로그램,415.148,mp4,0AUDLJ08S_00047.mp4,http://openapi.kspo.or.kr/web/image/0AUDLJ08S_00047/,56,동영상,어깨/등
공통,http://openapi.kspo.or.kr/web/video/,골다공증을 예방하기 위한 골밀도 강화 운동프로그램,137122976,골다공증 예방,29.96,910,1920*1080,밴드,공통,12529,0AUDLJ08S_00047_SC_00141.jpeg,2021,1인 이상,830,한국어,앉아서 밴드 룽풀 로우(한손),20221006,근력/근지구력,골다공증 예방 운동프로그램,418.051,mp4,0AUDLJ08S_00047.mp4,http://openapi.kspo.or.kr/web/image/0AUDLJ08S_00047/,57,동영상,어깨/등
공통,http://openapi.kspo.or.kr/web/video/,골다공증을 예방하기 위한 골밀도 강화 운동프로그램,137122976,골다공증 예방,29.96,911,1920*1080,밴드,공통,12645,0AUDLJ08S_00047_SC_00145.jpeg,2021,1인 이상,830,한국어,앉아서 밴드 룽풀 로우(한손),20221006,근력/근지구력,골다공증 예방 운동프로그램,421.921,mp4,0AUDLJ08S_00047.mp4,http://openapi.kspo.or.kr/web/image/0AUDLJ08S_00047/,58,동영상,어깨/등
공통,http://openapi.kspo.or.kr/web/video/,골다공증을 예방하기 위한 골밀도 강화 운동프로그램,137122976,골다공증 예방,29.96,912,1920*1080,밴드,공통,12703,0AUDLJ08S_00047_SC_00147.jpeg,2021,1인 이상,830,한국어,앉아서 밴드 룽풀 로우(한손),20221006,근력/근지구력,골다공증 예방 운동프로그램,423.857,mp4,0AUDLJ08S_00047.mp4,http://openapi.kspo.or.kr/web/image/0AUDLJ08S_00047/,59,동영상,어깨/등
공통,http://openapi.kspo.or.kr/web/video/,골다공증을 예방하기 위한 골밀도 강화 운동프로그램,137122976,골다공증 예방,29.96,913,1920*1080,밴드,공통,12732,0AUDLJ08S_00047_SC_00148.jpeg,2021,1인 이상,830,한국어,앉아서 밴드 룽풀 로우(한손),20221006,근력/근지구력,골다공증 예방 운동프로그램,424.824,mp4,0AUDLJ08S_00047.mp4,http://openapi.kspo.or.kr/web/image/0AUDLJ08S_00047/,60,동영상,어깨/등
공통,http://openapi.kspo.or.kr/web/video/,골다공증을 예방하기 위한 골밀도 강화 운동프로그램,137122976,골다공증 예방,29.96,914,1920*1080,매트,공통,16038,0AUDLJ08S_00047_SC_00182.jpeg,2021,1인 이상,830,한국어,플랭크,20221006,근력/근지구력,골다공증 예방 운동프로그램,535.135,mp4,0AUDLJ08S_00047.mp4,http://openapi.kspo.or.kr/web/image/0AUDLJ08S_00047/,77,동영상,전신
공통,http://openapi.kspo.or.kr/web/video/,골다공증을 예방하기 위한 골밀도 강화 운동프로그램,137122976,골다공증 예방,29.96,915,1920*1080,밴드,공통,12761,0AUDLJ08S_00047_SC_00149.jpeg,2021,1인 이상,830,한국어,앉아서 밴드 룽풀 로우(한손),20221006,근력/근지구력,골다공증 예방 운동프로그램,425.792,mp4,0AUDLJ08S_00047.mp4,http://openapi.kspo.or.kr/web/image/0AUDLJ08S_00047/,61,동영상,어깨/등
공통,http://openapi.kspo.or.kr/web/video/,골다공증을 예방하기 위한 골밀도 강화 운동프로그램,137122976,골다공증 예방,29.96,916,1920*1080,밴드,공통,12848,0AUDLJ08S_00047_SC_00150.jpeg,2021,1인 이상,830,한국어,앉아서 밴드 룽풀 로우(한손),20221006,근력/근지구력,골다공증 예방 운동프로그램,428.695,mp4,0AUDLJ08S_00047.mp4,http://openapi.kspo.or.kr/web/image/0AUDLJ08S_00047/,62,동영상,어깨/등
공통,http://openapi.kspo.or.kr/web/video/,골다공증을 예방하기 위한 골밀도 강화 운동프로그램,137122976,골다공증 예방,29.96,917,1920*1080,밴드,공통,13109,0AUDLJ08S_00047_SC_00151.jpeg,2021,1인 이상,830,한국어,앉아서 밴드 룽풀 로우(한손),20221006,근력/근지구력,골다공증 예방 운동프로그램,437.404,mp4,0AUDLJ08S_00047.mp4,http://openapi.kspo.or.kr/web/image/0AUDLJ08S_00047/,63,동영상,어깨/등
공통,http://openapi.kspo.or.kr/web/video/,골다공증을 예방하기 위한 골밀도 강화 운동프로그램,137122976,골다공증 예방,29.96,918,1920*1080,밴드,공통,13312,0AUDLJ08S_00047_SC_00153.jpeg,2021,1인 이상,830,한국어,앉아서 밴드 룽풀 로우(한손),20221006,근력/근지구력,골다공증 예방 운동프로그램,444.177,mp4,0AUDLJ08S_00047.mp4,http://openapi.kspo.or.kr/web/image/0AUDLJ08S_00047/,64,동영상,어깨/등
공통,http://openapi.kspo.or.kr/web/video/,골다공증을 예방하기 위한 골밀도 강화 운동프로그램,137122976,골다공증 예방,29.96,919,1920*1080,밴드,공통,13718,0AUDLJ08S_00047_SC_00160.jpeg,2021,1인 이상,830,한국어,앉아서 밴드 룽풀 로우(한손),20221006,근력/근지구력,골다공증 예방 운동프로그램,457.724,mp4,0AUDLJ08S_00047.mp4,http://openapi.kspo.or.kr/web/image/0AUDLJ08S_00047/,65,동영상,어깨/등
공통,http://openapi.kspo.or.kr/web/video/,골다공증을 예방하기 위한 골밀도 강화 운동프로그램,137122976,골다공증 예방,29.96,920,1920*1080,밴드,공통,13834,0AUDLJ08S_00047_SC_00164.jpeg,2021,1인 이상,830,한국어,앉아서 밴드 룽풀 로우(한손),20221006,근력/근지구력,골다공증 예방 운동프로그램,461.594,mp4,0AUDLJ08S_00047.mp4,http://openapi.kspo.or.kr/web/image/0AUDLJ08S_00047/,66,동영상,어깨/등
공통,http://openapi.kspo.or.kr/web/video/,골다공증을 예방하기 위한 골밀도 강화 운동프로그램,137122976,골다공증 예방,29.96,921,1920*1080,밴드,공통,14153,0AUDLJ08S_00047_SC_00165.jpeg,2021,1인 이상,830,한국어,서서 밴드 벤트오버 로우(한손),20221006,근력/근지구력,골다공증 예방 운동프로그램,472.238,mp4,0AUDLJ08S_00047.mp4,http://openapi.kspo.or.kr/web/image/0AUDLJ08S_00047/,67,동영상,어깨/등
공통,http://openapi.kspo.or.kr/web/video/,골다공증을 예방하기 위한 골밀도 강화 운동프로그램,137122976,골다공증 예방,29.96,922,1920*1080,밴드,공통,14356,0AUDLJ08S_00047_SC_00166.jpeg,2021,1인 이상,830,한국어,서서 밴드 벤트오버 로우(한손),20221006,근력/근지구력,골다공증 예방 운동프로그램,479.012,mp4,0AUDLJ08S_00047.mp4,http://openapi.kspo.or.kr/web/image/0AUDLJ08S_00047/,68,동영상,어깨/등
공통,http://openapi.kspo.or.kr/web/video/,골다공증을 예방하기 위한 골밀도 강화 운동프로그램,137122976,골다공증 예방,29.96,923,1920*1080,밴드,공통,14443,0AUDLJ08S_00047_SC_00167.jpeg,2021,1인 이상,830,한국어,서서 밴드 벤트오버 로우(한손),20221006,근력/근지구력,골다공증 예방 운동프로그램,481.915,mp4,0AUDLJ08S_00047.mp4,http://openapi.kspo.or.kr/web/image/0AUDLJ08S_00047/,69,동영상,어깨/등
공통,http://openapi.kspo.or.kr/web/video/,골다공증을 예방하기 위한 골밀도 강화 운동프로그램,137122976,골다공증 예방,29.96,924,1920*1080,밴드,공통,14530,0AUDLJ08S_00047_SC_00168.jpeg,2021,1인 이상,830,한국어,서서 밴드 벤트오버 로우(한손),20221006,근력/근지구력,골다공증 예방 운동프로그램,484.818,mp4,0AUDLJ08S_00047.mp4,http://openapi.kspo.or.kr/web/image/0AUDLJ08S_00047/,70,동영상,어깨/등
공통,http://openapi.kspo.or.kr/web/video/,골다공증을 예방하기 위한 골밀도 강화 운동프로그램,137122976,골다공증 예방,29.96,925,1920*1080,매트,공통,15603,0AUDLJ08S_00047_SC_00174.jpeg,2021,1인 이상,830,한국어,플랭크,20221006,근력/근지구력,골다공증 예방 운동프로그램,520.62,mp4,0AUDLJ08S_00047.mp4,http://openapi.kspo.or.kr/web/image/0AUDLJ08S_00047/,71,동영상,전신
공통,http://openapi.kspo.or.kr/web/video/,골다공증을 예방하기 위한 골밀도 강화 운동프로그램,137122976,골다공증 예방,29.96,926,1920*1080,매트,공통,15835,0AUDLJ08S_00047_SC_00177.jpeg,2021,1인 이상,830,한국어,플랭크,20221006,근력/근지구력,골다공증 예방 운동프로그램,528.361,mp4,0AUDLJ08S_00047.mp4,http://openapi.kspo.or.kr/web/image/0AUDLJ08S_00047/,72,동영상,전신
공통,http://openapi.kspo.or.kr/web/video/,골다공증을 예방하기 위한 골밀도 강화 운동프로그램,137122976,골다공증 예방,29.96,927,1920*1080,매트,공통,15864,0AUDLJ08S_00047_SC_00178.jpeg,2021,1인 이상,830,한국어,플랭크,20221006,근력/근지구력,골다공증 예방 운동프로그램,529.329,mp4,0AUDLJ08S_00047.mp4,http://openapi.kspo.or.kr/web/image/0AUDLJ08S_00047/,73,동영상,전신
공통,http://openapi.kspo.or.kr/web/video/,골다공증을 예방하기 위한 골밀도 강화 운동프로그램,137122976,골다공증 예방,29.96,928,1920*1080,매트,공통,15893,0AUDLJ08S_00047_SC_00179.jpeg,2021,1인 이상,830,한국어,플랭크,20221006,근력/근지구력,골다공증 예방 운동프로그램,530.296,mp4,0AUDLJ08S_00047.mp4,http://openapi.kspo.or.kr/web/image/0AUDLJ08S_00047/,74,동영상,전신
공통,http://openapi.kspo.or.kr/web/video/,골다공증을 예방하기 위한 골밀도 강화 운동프로그램,137122976,골다공증 예방,29.96,929,1920*1080,매트,공통,15922,0AUDLJ08S_00047_SC_00180.jpeg,2021,1인 이상,830,한국어,플랭크,20221006,근력/근지구력,골다공증 예방 운동프로그램,531.264,mp4,0AUDLJ08S_00047.mp4,http://openapi.kspo.or.kr/web/image/0AUDLJ08S_00047/,75,동영상,전신
공통,http://openapi.kspo.or.kr/web/video/,골다공증을 예방하기 위한 골밀도 강화 운동프로그램,137122976,골다공증 예방,29.96,930,1920*1080,매트,공통,16009,0AUDLJ08S_00047_SC_00181.jpeg,2021,1인 이상,830,한국어,플랭크,20221006,근력/근지구력,골다공증 예방 운동프로그램,534.167,mp4,0AUDLJ08S_00047.mp4,http://openapi.kspo.or.kr/web/image/0AUDLJ08S_00047/,76,동영상,전신
공통,http://openapi.kspo.or.kr/web/video/,골다공증을 예방하기 위한 골밀도 강화 운동프로그램,137122976,골다공증 예방,29.96,931,1920*1080,매트,공통,16415,0AUDLJ08S_00047_SC_00189.jpeg,2021,1인 이상,830,한국어,플랭크,20221006,근력/근지구력,골다공증 예방 운동프로그램,547.714,mp4,0AUDLJ08S_00047.mp4,http://openapi.kspo.or.kr/web/image/0AUDLJ08S_00047/,78,동영상,전신
공통,http://openapi.kspo.or.kr/web/video/,골다공증을 예방하기 위한 골밀도 강화 운동프로그램,137122976,골다공증 예방,29.96,932,1920*1080,매트,공통,16560,0AUDLJ08S_00047_SC_00190.jpeg,2021,1인 이상,830,한국어,플랭크,20221006,근력/근지구력,골다공증 예방 운동프로그램,552.552,mp4,0AUDLJ08S_00047.mp4,http://openapi.kspo.or.kr/web/image/0AUDLJ08S_00047/,79,동영상,전신
공통,http://openapi.kspo.or.kr/web/video/,골다공증을 예방하기 위한 골밀도 강화 운동프로그램,137122976,골다공증 예방,29.96,933,1920*1080,매트,공통,16937,0AUDLJ08S_00047_SC_00191.jpeg,2021,1인 이상,830,한국어,플랭크,20221006,근력/근지구력,골다공증 예방 운동프로그램,565.131,mp4,0AUDLJ08S_00047.mp4,http://openapi.kspo.or.kr/web/image/0AUDLJ08S_00047/,80,동영상,전신
공통,http://openapi.kspo.or.kr/web/video/,골다공증을 예방하기 위한 골밀도 강화 운동프로그램,137122976,골다공증 예방,29.96,934,1920*1080,매트,공통,17314,0AUDLJ08S_00047_SC_00197.jpeg,2021,1인 이상,830,한국어,플랭크,20221006,근력/근지구력,골다공증 예방 운동프로그램,577.711,mp4,0AUDLJ08S_00047.mp4,http://openapi.kspo.or.kr/web/image/0AUDLJ08S_00047/,81,동영상,전신
공통,http://openapi.kspo.or.kr/web/video/,골다공증을 예방하기 위한 골밀도 강화 운동프로그램,137122976,골다공증 예방,29.96,935,1920*1080,매트,공통,17517,0AUDLJ08S_00047_SC_00198.jpeg,2021,1인 이상,830,한국어,플랭크,20221006,근력/근지구력,골다공증 예방 운동프로그램,584.484,mp4,0AUDLJ08S_00047.mp4,http://openapi.kspo.or.kr/web/image/0AUDLJ08S_00047/,82,동영상,전신
공통,http://openapi.kspo.or.kr/web/video/,골다공증을 예방하기 위한 골밀도 강화 운동프로그램,137122976,골다공증 예방,29.96,936,1920*1080,매트,공통,17836,0AUDLJ08S_00047_SC_00199.jpeg,2021,1인 이상,830,한국어,엎드려 무릎 올리기,20221006,근력/근지구력,골다공증 예방 운동프로그램,595.128,mp4,0AUDLJ08S_00047.mp4,http://openapi.kspo.or.kr/web/image/0AUDLJ08S_00047/,83,동영상,전신
공통,http://openapi.kspo.or.kr/web/video/,골다공증을 예방하기 위한 골밀도 강화 운동프로그램,137122976,골다공증 예방,29.96,937,1920*1080,매트,공통,17952,0AUDLJ08S_00047_SC_00201.jpeg,2021,1인 이상,830,한국어,엎드려 무릎 올리기,20221006,근력/근지구력,골다공증 예방 운동프로그램,598.998,mp4,0AUDLJ08S_00047.mp4,http://openapi.kspo.or.kr/web/image/0AUDLJ08S_00047/,84,동영상,전신
공통,http://openapi.kspo.or.kr/web/video/,골다공증을 예방하기 위한 골밀도 강화 운동프로그램,137122976,골다공증 예방,29.96,938,1920*1080,매트,공통,17981,0AUDLJ08S_00047_SC_00202.jpeg,2021,1인 이상,830,한국어,엎드려 무릎 올리기,20221006,근력/근지구력,골다공증 예방 운동프로그램,599.966,mp4,0AUDLJ08S_00047.mp4,http://openapi.kspo.or.kr/web/image/0AUDLJ08S_00047/,85,동영상,전신
공통,http://openapi.kspo.or.kr/web/video/,골다공증을 예방하기 위한 골밀도 강화 운동프로그램,137122976,골다공증 예방,29.96,939,1920*1080,매트,공통,18445,0AUDLJ08S_00047_SC_00210.jpeg,2021,1인 이상,830,한국어,엎드려 무릎 올리기,20221006,근력/근지구력,골다공증 예방 운동프로그램,615.448,mp4,0AUDLJ08S_00047.mp4,http://openapi.kspo.or.kr/web/image/0AUDLJ08S_00047/,86,동영상,전신
공통,http://openapi.kspo.or.kr/web/video/,골다공증을 예방하기 위한 골밀도 강화 운동프로그램,137122976,골다공증 예방,29.96,940,1920*1080,,공통,19663,0AUDLJ08S_00047_SC_00227.jpeg,2021,1인 이상,830,한국어,스쿼트,20221006,근력/근지구력,골다공증 예방 운동프로그램,656.089,mp4,0AUDLJ08S_00047.mp4,http://openapi.kspo.or.kr/web/image/0AUDLJ08S_00047/,87,동영상,하체/복근
공통,http://openapi.kspo.or.kr/web/video/,골다공증을 예방하기 위한 골밀도 강화 운동프로그램,137122976,골다공증 예방,29.96,941,1920*1080,,공통,19924,0AUDLJ08S_00047_SC_00228.jpeg,2021,1인 이상,830,한국어,스쿼트,20221007,근력/근지구력,골다공증 예방 운동프로그램,664.798,mp4,0AUDLJ08S_00047.mp4,http://openapi.kspo.or.kr/web/image/0AUDLJ08S_00047/,88,동영상,하체/복근
공통,http://openapi.kspo.or.kr/web/video/,골다공증을 예방하기 위한 골밀도 강화 운동프로그램,137122976,골다공증 예방,29.96,942,1920*1080,,공통,19982,0AUDLJ08S_00047_SC_00229.jpeg,2021,1인 이상,830,한국어,스쿼트,20221007,근력/근지구력,골다공증 예방 운동프로그램,666.733,mp4,0AUDLJ08S_00047.mp4,http://openapi.kspo.or.kr/web/image/0AUDLJ08S_00047/,89,동영상,하체/복근
공통,http://openapi.kspo.or.kr/web/video/,골다공증을 예방하기 위한 골밀도 강화 운동프로그램,137122976,골다공증 예방,29.96,943,1920*1080,,공통,20185,0AUDLJ08S_00047_SC_00234.jpeg,2021,1인 이상,830,한국어,스쿼트,20221007,근력/근지구력,골다공증 예방 운동프로그램,673.506,mp4,0AUDLJ08S_00047.mp4,http://openapi.kspo.or.kr/web/image/0AUDLJ08S_00047/,90,동영상,하체/복근
공통,http://openapi.kspo.or.kr/web/video/,골다공증을 예방하기 위한 골밀도 강화 운동프로그램,137122976,골다공증 예방,29.96,944,1920*1080,,공통,20214,0AUDLJ08S_00047_SC_00235.jpeg,2021,1인 이상,830,한국어,스쿼트,20221007,근력/근지구력,골다공증 예방 운동프로그램,674.474,mp4,0AUDLJ08S_00047.mp4,http://openapi.kspo.or.kr/web/image/0AUDLJ08S_00047/,91,동영상,하체/복근
공통,http://openapi.kspo.or.kr/web/video/,골다공증을 예방하기 위한 골밀도 강화 운동프로그램,137122976,골다공증 예방,29.96,945,1920*1080,,공통,20272,0AUDLJ08S_00047_SC_00236.jpeg,2021,1인 이상,830,한국어,스쿼트,20221007,근력/근지구력,골다공증 예방 운동프로그램,676.409,mp4,0AUDLJ08S_00047.mp4,http://openapi.kspo.or.kr/web/image/0AUDLJ08S_00047/,92,동영상,하체/복근
공통,http://openapi.kspo.or.kr/web/video/,골다공증을 예방하기 위한 골밀도 강화 운동프로그램,137122976,골다공증 예방,29.96,946,1920*1080,,공통,20301,0AUDLJ08S_00047_SC_00237.jpeg,2021,1인 이상,830,한국어,스쿼트,20221007,근력/근지구력,골다공증 예방 운동프로그램,677.377,mp4,0AUDLJ08S_00047.mp4,http://openapi.kspo.or.kr/web/image/0AUDLJ08S_00047/,93,동영상,하체/복근
공통,http://openapi.kspo.or.kr/web/video/,골다공증을 예방하기 위한 골밀도 강화 운동프로그램,137122976,골다공증 예방,29.96,947,1920*1080,,공통,20359,0AUDLJ08S_00047_SC_00238.jpeg,2021,1인 이상,830,한국어,스쿼트,20221007,근력/근지구력,골다공증 예방 운동프로그램,679.312,mp4,0AUDLJ08S_00047.mp4,http://openapi.kspo.or.kr/web/image/0AUDLJ08S_00047/,94,동영상,하체/복근
공통,http://openapi.kspo.or.kr/web/video/,골다공증을 예방하기 위한 골밀도 강화 운동프로그램,137122976,골다공증 예방,29.96,948,1920*1080,,공통,20620,0AUDLJ08S_00047_SC_00239.jpeg,2021,1인 이상,830,한국어,스쿼트,20221007,근력/근지구력,골다공증 예방 운동프로그램,688.021,mp4,0AUDLJ08S_00047.mp4,http://openapi.kspo.or.kr/web/image/0AUDLJ08S_00047/,95,동영상,하체/복근
공통,http://openapi.kspo.or.kr/web/video/,골다공증을 예방하기 위한 골밀도 강화 운동프로그램,137122976,골다공증 예방,29.96,949,1920*1080,,공통,21925,0AUDLJ08S_00047_SC_00252.jpeg,2021,1인 이상,830,한국어,제자리 달리기,20221007,근력/근지구력,골다공증 예방 운동프로그램,731.564,mp4,0AUDLJ08S_00047.mp4,http://openapi.kspo.or.kr/web/image/0AUDLJ08S_00047/,96,동영상,전신
공통,http://openapi.kspo.or.kr/web/video/,골다공증을 예방하기 위한 골밀도 강화 운동프로그램,137122976,골다공증 예방,29.96,950,1920*1080,,공통,22099,0AUDLJ08S_00047_SC_00253.jpeg,2021,1인 이상,830,한국어,제자리 달리기,20221007,근력/근지구력,골다공증 예방 운동프로그램,737.37,mp4,0AUDLJ08S_00047.mp4,http://openapi.kspo.or.kr/web/image/0AUDLJ08S_00047/,97,동영상,전신
공통,http://openapi.kspo.or.kr/web/video/,골다공증을 예방하기 위한 골밀도 강화 운동프로그램,137122976,골다공증 예방,29.96,951,1920*1080,,공통,22157,0AUDLJ08S_00047_SC_00254.jpeg,2021,1인 이상,830,한국어,제자리 달리기,20221007,근력/근지구력,골다공증 예방 운동프로그램,739.305,mp4,0AUDLJ08S_00047.mp4,http://openapi.kspo.or.kr/web/image/0AUDLJ08S_00047/,98,동영상,전신
공통,http://openapi.kspo.or.kr/web/video/,골다공증을 예방하기 위한 골밀도 강화 운동프로그램,137122976,골다공증 예방,29.96,952,1920*1080,,공통,22186,0AUDLJ08S_00047_SC_00255.jpeg,2021,1인 이상,830,한국어,제자리 달리기,20221007,근력/근지구력,골다공증 예방 운동프로그램,740.273,mp4,0AUDLJ08S_00047.mp4,http://openapi.kspo.or.kr/web/image/0AUDLJ08S_00047/,99,동영상,전신
,http://openapi.kspo.or.kr/web/video/,골다공증을 예방하기 위한 골밀도 강화 운동프로그램,137122976,골다공증 예방,29.96,953,1920*1080,,공통,23607,0AUDLJ08S_00047_SC_00274.jpeg,2021,1인 이상,830,한국어,,20221007,,골다공증 예방 운동프로그램,787.687,mp4,0AUDLJ08S_00047.mp4,http://openapi.kspo.or.kr/web/image/0AUDLJ08S_00047/,100,동영상,
,http://openapi.kspo.or.kr/web/video/,골다공증을 예방하기 위한 골밀도 강화 운동프로그램,137122976,골다공증 예방,29.96,954,1920*1080,,공통,23665,0AUDLJ08S_00047_SC_00275.jpeg,2021,1인 이상,830,한국어,,20221007,,골다공증 예방 운동프로그램,789.622,mp4,0AUDLJ08S_00047.mp4,http://openapi.kspo.or.kr/web/image/0AUDLJ08S_00047/,101,동영상,
,http://openapi.kspo.or.kr/web/video/,골다공증을 예방하기 위한 골밀도 강화 운동프로그램,137122976,골다공증 예방,29.96,955,1920*1080,,공통,23868,0AUDLJ08S_00047_SC_00276.jpeg,2021,1인 이상,830,한국어,,20221007,,골다공증 예방 운동프로그램,796.396,mp4,0AUDLJ08S_00047.mp4,http://openapi.kspo.or.kr/web/image/0AUDLJ08S_00047/,102,동영상,
,http://openapi.kspo.or.kr/web/video/,골다공증을 예방하기 위한 골밀도 강화 운동프로그램,137122976,골다공증 예방,29.96,956,1920*1080,,공통,24535,0AUDLJ08S_00047_SC_00280.jpeg,2021,1인 이상,830,한국어,,20221007,,골다공증 예방 운동프로그램,818.651,mp4,0AUDLJ08S_00047.mp4,http://openapi.kspo.or.kr/web/image/0AUDLJ08S_00047/,103,동영상,
,http://openapi.kspo.or.kr/web/video/,골다공증을 예방하기 위한 골밀도 강화 운동프로그램,137122976,골다공증 예방,29.96,957,1920*1080,,공통,24564,0AUDLJ08S_00047_SC_00281.jpeg,2021,,830,한국어,,20221007,,골다공증 예방 운동프로그램,819.619,mp4,0AUDLJ08S_00047.mp4,http://openapi.kspo.or.kr/web/image/0AUDLJ08S_00047/,104,동영상,
공통,http://openapi.kspo.or.kr/web/video/,인지노쇠를 예방하기 위한 운동프로그램,195338635,인지노쇠 예방,29.96,958,1920*1080,,공통,88,0AUDLJ08S_00048_SC_00002.jpeg,2021,,1175,한국어,,20221014,,인지노쇠 예방 운동프로그램,2.936,mp4,0AUDLJ08S_00048.mp4,http://openapi.kspo.or.kr/web/image/0AUDLJ08S_00048/,1,동영상,
공통,http://openapi.kspo.or.kr/web/video/,인지노쇠를 예방하기 위한 운동프로그램,195338635,인지노쇠 예방,29.96,959,1920*1080,,공통,180,0AUDLJ08S_00048_FR_00003.jpeg,2021,,1175,한국어,,20221014,,인지노쇠 예방 운동프로그램,6.006,mp4,0AUDLJ08S_00048.mp4,http://openapi.kspo.or.kr/web/image/0AUDLJ08S_00048/,2,동영상,
공통,http://openapi.kspo.or.kr/web/video/,인지노쇠를 예방하기 위한 운동프로그램,195338635,인지노쇠 예방,29.96,960,1920*1080,,공통,1538,0AUDLJ08S_00048_SC_00013.jpeg,2021,1인 이상,1175,한국어,박수 치기,20221014,근력/근지구력,인지노쇠 예방 운동프로그램,51.317,mp4,0AUDLJ08S_00048.mp4,http://openapi.kspo.or.kr/web/image/0AUDLJ08S_00048/,3,동영상,팔/어깨
공통,http://openapi.kspo.or.kr/web/video/,인지노쇠를 예방하기 위한 운동프로그램,195338635,인지노쇠 예방,29.96,961,1920*1080,,공통,1654,0AUDLJ08S_00048_SC_00014.jpeg,2021,1인 이상,1175,한국어,박수 치기,20221014,근력/근지구력,인지노쇠 예방 운동프로그램,55.188,mp4,0AUDLJ08S_00048.mp4,http://openapi.kspo.or.kr/web/image/0AUDLJ08S_00048/,4,동영상,팔/어깨
공통,http://openapi.kspo.or.kr/web/video/,인지노쇠를 예방하기 위한 운동프로그램,195338635,인지노쇠 예방,29.96,962,1920*1080,,공통,1973,0AUDLJ08S_00048_SC_00016.jpeg,2021,1인 이상,1175,한국어,전신 자극하기,20221014,근력/근지구력,인지노쇠 예방 운동프로그램,65.832,mp4,0AUDLJ08S_00048.mp4,http://openapi.kspo.or.kr/web/image/0AUDLJ08S_00048/,5,동영상,전신
공통,http://openapi.kspo.or.kr/web/video/,인지노쇠를 예방하기 위한 운동프로그램,195338635,인지노쇠 예방,29.96,963,1920*1080,,공통,2408,0AUDLJ08S_00048_SC_00017.jpeg,2021,1인 이상,1175,한국어,전신 자극하기,20221014,근력/근지구력,인지노쇠 예방 운동프로그램,80.347,mp4,0AUDLJ08S_00048.mp4,http://openapi.kspo.or.kr/web/image/0AUDLJ08S_00048/,6,동영상,전신
공통,http://openapi.kspo.or.kr/web/video/,인지노쇠를 예방하기 위한 운동프로그램,195338635,인지노쇠 예방,29.96,964,1920*1080,,공통,2698,0AUDLJ08S_00048_SC_00018.jpeg,2021,1인 이상,1175,한국어,무릎 올려 박수 치기,20221014,근력/근지구력,인지노쇠 예방 운동프로그램,90.023,mp4,0AUDLJ08S_00048.mp4,http://openapi.kspo.or.kr/web/image/0AUDLJ08S_00048/,7,동영상,전신
공통,http://openapi.kspo.or.kr/web/video/,인지노쇠를 예방하기 위한 운동프로그램,195338635,인지노쇠 예방,29.96,965,1920*1080,,공통,2872,0AUDLJ08S_00048_SC_00019.jpeg,2021,1인 이상,1175,한국어,무릎 올려 박수 치기,20221014,근력/근지구력,인지노쇠 예방 운동프로그램,95.829,mp4,0AUDLJ08S_00048.mp4,http://openapi.kspo.or.kr/web/image/0AUDLJ08S_00048/,8,동영상,전신
공통,http://openapi.kspo.or.kr/web/video/,인지노쇠를 예방하기 위한 운동프로그램,195338635,인지노쇠 예방,29.96,966,1920*1080,,공통,3017,0AUDLJ08S_00048_SC_00020.jpeg,2021,1인 이상,1175,한국어,무릎 올려 박수 치기,20221014,근력/근지구력,인지노쇠 예방 운동프로그램,100.667,mp4,0AUDLJ08S_00048.mp4,http://openapi.kspo.or.kr/web/image/0AUDLJ08S_00048/,9,동영상,전신
공통,http://openapi.kspo.or.kr/web/video/,인지노쇠를 예방하기 위한 운동프로그램,195338635,인지노쇠 예방,29.96,967,1920*1080,,공통,3481,0AUDLJ08S_00048_SC_00022.jpeg,2021,1인 이상,1175,한국어,발바닥 치기,20221014,근력/근지구력,인지노쇠 예방 운동프로그램,116.149,mp4,0AUDLJ08S_00048.mp4,http://openapi.kspo.or.kr/web/image/0AUDLJ08S_00048/,10,동영상,하체
공통,http://openapi.kspo.or.kr/web/video/,인지노쇠를 예방하기 위한 운동프로그램,195338635,인지노쇠 예방,29.96,968,1920*1080,,공통,3771,0AUDLJ08S_00048_SC_00023.jpeg,2021,1인 이상,1175,한국어,발바닥 치기,20221014,근력/근지구력,인지노쇠 예방 운동프로그램,125.825,mp4,0AUDLJ08S_00048.mp4,http://openapi.kspo.or.kr/web/image/0AUDLJ08S_00048/,11,동영상,하체
공통,http://openapi.kspo.or.kr/web/video/,인지노쇠를 예방하기 위한 운동프로그램,195338635,인지노쇠 예방,29.96,969,1920*1080,,공통,4032,0AUDLJ08S_00048_SC_00027.jpeg,2021,1인 이상,1175,한국어,발바닥 치기,20221014,근력/근지구력,인지노쇠 예방 운동프로그램,134.534,mp4,0AUDLJ08S_00048.mp4,http://openapi.kspo.or.kr/web/image/0AUDLJ08S_00048/,12,동영상,하체
공통,http://openapi.kspo.or.kr/web/video/,인지노쇠를 예방하기 위한 운동프로그램,195338635,인지노쇠 예방,29.96,970,1920*1080,,공통,4235,0AUDLJ08S_00048_SC_00029.jpeg,2021,1인 이상,1175,한국어,팔다리 들기,20221014,근력/근지구력,인지노쇠 예방 운동프로그램,141.307,mp4,0AUDLJ08S_00048.mp4,http://openapi.kspo.or.kr/web/image/0AUDLJ08S_00048/,13,동영상,전신
공통,http://openapi.kspo.or.kr/web/video/,인지노쇠를 예방하기 위한 운동프로그램,195338635,인지노쇠 예방,29.96,971,1920*1080,,공통,4728,0AUDLJ08S_00048_SC_00031.jpeg,2021,1인 이상,1175,한국어,팔다리 들기,20221014,근력/근지구력,인지노쇠 예방 운동프로그램,157.757,mp4,0AUDLJ08S_00048.mp4,http://openapi.kspo.or.kr/web/image/0AUDLJ08S_00048/,14,동영상,전신
공통,http://openapi.kspo.or.kr/web/video/,인지노쇠를 예방하기 위한 운동프로그램,195338635,인지노쇠 예방,29.96,972,1920*1080,,공통,5337,0AUDLJ08S_00048_SC_00034.jpeg,2021,1인 이상,1175,한국어,팔 벌려 걷기,20221014,근력/근지구력,인지노쇠 예방 운동프로그램,178.078,mp4,0AUDLJ08S_00048.mp4,http://openapi.kspo.or.kr/web/image/0AUDLJ08S_00048/,15,동영상,전신
공통,http://openapi.kspo.or.kr/web/video/,인지노쇠를 예방하기 위한 운동프로그램,195338635,인지노쇠 예방,29.96,973,1920*1080,,공통,5569,0AUDLJ08S_00048_SC_00037.jpeg,2021,1인 이상,1175,한국어,팔 벌려 걷기,20221014,근력/근지구력,인지노쇠 예방 운동프로그램,185.819,mp4,0AUDLJ08S_00048.mp4,http://openapi.kspo.or.kr/web/image/0AUDLJ08S_00048/,16,동영상,전신
공통,http://openapi.kspo.or.kr/web/video/,인지노쇠를 예방하기 위한 운동프로그램,195338635,인지노쇠 예방,29.96,974,1920*1080,,공통,6323,0AUDLJ08S_00048_SC_00042.jpeg,2021,1인 이상,1175,한국어,스윙,20221014,근력/근지구력,인지노쇠 예방 운동프로그램,210.977,mp4,0AUDLJ08S_00048.mp4,http://openapi.kspo.or.kr/web/image/0AUDLJ08S_00048/,17,동영상,전신
공통,http://openapi.kspo.or.kr/web/video/,인지노쇠를 예방하기 위한 운동프로그램,195338635,인지노쇠 예방,29.96,975,1920*1080,,공통,6352,0AUDLJ08S_00048_SC_00043.jpeg,2021,1인 이상,1175,한국어,스윙,20221014,근력/근지구력,인지노쇠 예방 운동프로그램,211.945,mp4,0AUDLJ08S_00048.mp4,http://openapi.kspo.or.kr/web/image/0AUDLJ08S_00048/,18,동영상,전신
공통,http://openapi.kspo.or.kr/web/video/,인지노쇠를 예방하기 위한 운동프로그램,195338635,인지노쇠 예방,29.96,976,1920*1080,,공통,6584,0AUDLJ08S_00048_SC_00046.jpeg,2021,1인 이상,1175,한국어,스윙,20221014,근력/근지구력,인지노쇠 예방 운동프로그램,219.686,mp4,0AUDLJ08S_00048.mp4,http://openapi.kspo.or.kr/web/image/0AUDLJ08S_00048/,19,동영상,전신
공통,http://openapi.kspo.or.kr/web/video/,인지노쇠를 예방하기 위한 운동프로그램,195338635,인지노쇠 예방,29.96,977,1920*1080,,공통,7367,0AUDLJ08S_00048_SC_00049.jpeg,2021,1인 이상,1175,한국어,가슴 펴기,20221014,근력/근지구력,인지노쇠 예방 운동프로그램,245.812,mp4,0AUDLJ08S_00048.mp4,http://openapi.kspo.or.kr/web/image/0AUDLJ08S_00048/,20,동영상,전신
공통,http://openapi.kspo.or.kr/web/video/,인지노쇠를 예방하기 위한 운동프로그램,195338635,인지노쇠 예방,29.96,978,1920*1080,,공통,7483,0AUDLJ08S_00048_SC_00050.jpeg,2021,1인 이상,1175,한국어,가슴 펴기,20221014,근력/근지구력,인지노쇠 예방 운동프로그램,249.683,mp4,0AUDLJ08S_00048.mp4,http://openapi.kspo.or.kr/web/image/0AUDLJ08S_00048/,21,동영상,전신
공통,http://openapi.kspo.or.kr/web/video/,인지노쇠를 예방하기 위한 운동프로그램,195338635,인지노쇠 예방,29.96,979,1920*1080,,공통,7802,0AUDLJ08S_00048_SC_00052.jpeg,2021,1인 이상,1175,한국어,옆구리 뻗기,20221014,근력/근지구력,인지노쇠 예방 운동프로그램,260.326,mp4,0AUDLJ08S_00048.mp4,http://openapi.kspo.or.kr/web/image/0AUDLJ08S_00048/,22,동영상,전신
공통,http://openapi.kspo.or.kr/web/video/,인지노쇠를 예방하기 위한 운동프로그램,195338635,인지노쇠 예방,29.96,980,1920*1080,,공통,7976,0AUDLJ08S_00048_SC_00053.jpeg,2021,1인 이상,1175,한국어,옆구리 뻗기,20221014,근력/근지구력,인지노쇠 예방 운동프로그램,266.132,mp4,0AUDLJ08S_00048.mp4,http://openapi.kspo.or.kr/web/image/0AUDLJ08S_00048/,23,동영상,전신
공통,http://openapi.kspo.or.kr/web/video/,인지노쇠를 예방하기 위한 운동프로그램,195338635,인지노쇠 예방,29.96,981,1920*1080,,공통,8324,0AUDLJ08S_00048_SC_00055.jpeg,2021,1인 이상,1175,한국어,옆구리 뻗기,20221014,근력/근지구력,인지노쇠 예방 운동프로그램,277.744,mp4,0AUDLJ08S_00048.mp4,http://openapi.kspo.or.kr/web/image/0AUDLJ08S_00048/,24,동영상,전신
공통,http://openapi.kspo.or.kr/web/video/,인지노쇠를 예방하기 위한 운동프로그램,195338635,인지노쇠 예방,29.96,982,1920*1080,,공통,8730,0AUDLJ08S_00048_SC_00056.jpeg,2021,1인 이상,1175,한국어,팔/어깨 강화 운동,20221014,근력/근지구력,인지노쇠 예방 운동프로그램,291.291,mp4,0AUDLJ08S_00048.mp4,http://openapi.kspo.or.kr/web/image/0AUDLJ08S_00048/,25,동영상,팔/어깨
공통,http://openapi.kspo.or.kr/web/video/,인지노쇠를 예방하기 위한 운동프로그램,195338635,인지노쇠 예방,29.96,983,1920*1080,,공통,9049,0AUDLJ08S_00048_SC_00057.jpeg,2021,1인 이상,1175,한국어,팔/어깨 강화 운동,20221014,근력/근지구력,인지노쇠 예방 운동프로그램,301.935,mp4,0AUDLJ08S_00048.mp4,http://openapi.kspo.or.kr/web/image/0AUDLJ08S_00048/,26,동영상,팔/어깨
공통,http://openapi.kspo.or.kr/web/video/,인지노쇠를 예방하기 위한 운동프로그램,195338635,인지노쇠 예방,29.96,984,1920*1080,,공통,9368,0AUDLJ08S_00048_SC_00059.jpeg,2021,1인 이상,1175,한국어,노 젓기 운동,20221014,근력/근지구력,인지노쇠 예방 운동프로그램,312.579,mp4,0AUDLJ08S_00048.mp4,http://openapi.kspo.or.kr/web/image/0AUDLJ08S_00048/,27,동영상,전신
공통,http://openapi.kspo.or.kr/web/video/,인지노쇠를 예방하기 위한 운동프로그램,195338635,인지노쇠 예방,29.96,985,1920*1080,,공통,9571,0AUDLJ08S_00048_SC_00060.jpeg,2021,1인 이상,1175,한국어,노 젓기 운동,20221014,근력/근지구력,인지노쇠 예방 운동프로그램,319.352,mp4,0AUDLJ08S_00048.mp4,http://openapi.kspo.or.kr/web/image/0AUDLJ08S_00048/,28,동영상,전신
공통,http://openapi.kspo.or.kr/web/video/,인지노쇠를 예방하기 위한 운동프로그램,195338635,인지노쇠 예방,29.96,986,1920*1080,,공통,9774,0AUDLJ08S_00048_SC_00061.jpeg,2021,1인 이상,1175,한국어,노 젓기 운동,20221014,근력/근지구력,인지노쇠 예방 운동프로그램,326.126,mp4,0AUDLJ08S_00048.mp4,http://openapi.kspo.or.kr/web/image/0AUDLJ08S_00048/,29,동영상,전신
공통,http://openapi.kspo.or.kr/web/video/,인지노쇠를 예방하기 위한 운동프로그램,195338635,인지노쇠 예방,29.96,987,1920*1080,,공통,10093,0AUDLJ08S_00048_SC_00062.jpeg,2021,1인 이상,1175,한국어,기지개 켜기,20221014,유연성,인지노쇠 예방 운동프로그램,336.77,mp4,0AUDLJ08S_00048.mp4,http://openapi.kspo.or.kr/web/image/0AUDLJ08S_00048/,30,동영상,팔/어깨
공통,http://openapi.kspo.or.kr/web/video/,인지노쇠를 예방하기 위한 운동프로그램,195338635,인지노쇠 예방,29.96,988,1920*1080,,공통,10499,0AUDLJ08S_00048_SC_00064.jpeg,2021,1인 이상,1175,한국어,기지개 켜기,20221014,유연성,인지노쇠 예방 운동프로그램,350.316,mp4,0AUDLJ08S_00048.mp4,http://openapi.kspo.or.kr/web/image/0AUDLJ08S_00048/,31,동영상,팔/어깨
공통,http://openapi.kspo.or.kr/web/video/,인지노쇠를 예방하기 위한 운동프로그램,195338635,인지노쇠 예방,29.96,989,1920*1080,,공통,10905,0AUDLJ08S_00048_SC_00065.jpeg,2021,1인 이상,1175,한국어,발 뒤로 뻗기,20221014,근력/근지구력,인지노쇠 예방 운동프로그램,363.863,mp4,0AUDLJ08S_00048.mp4,http://openapi.kspo.or.kr/web/image/0AUDLJ08S_00048/,32,동영상,하체
공통,http://openapi.kspo.or.kr/web/video/,인지노쇠를 예방하기 위한 운동프로그램,195338635,인지노쇠 예방,29.96,990,1920*1080,,공통,11079,0AUDLJ08S_00048_SC_00066.jpeg,2021,1인 이상,1175,한국어,발 뒤로 뻗기,20221014,근력/근지구력,인지노쇠 예방 운동프로그램,369.669,mp4,0AUDLJ08S_00048.mp4,http://openapi.kspo.or.kr/web/image/0AUDLJ08S_00048/,33,동영상,하체
공통,http://openapi.kspo.or.kr/web/video/,인지노쇠를 예방하기 위한 운동프로그램,195338635,인지노쇠 예방,29.96,991,1920*1080,,공통,11195,0AUDLJ08S_00048_SC_00067.jpeg,2021,1인 이상,1175,한국어,발 뒤로 뻗기,20221014,근력/근지구력,인지노쇠 예방 운동프로그램,373.54,mp4,0AUDLJ08S_00048.mp4,http://openapi.kspo.or.kr/web/image/0AUDLJ08S_00048/,34,동영상,하체
공통,http://openapi.kspo.or.kr/web/video/,인지노쇠를 예방하기 위한 운동프로그램,195338635,인지노쇠 예방,29.96,992,1920*1080,공,공통,12152,0AUDLJ08S_00048_SC_00071.jpeg,2021,1인 이상,1175,한국어,공 던지고 받기,20221014,근력/근지구력,인지노쇠 예방 운동프로그램,405.472,mp4,0AUDLJ08S_00048.mp4,http://openapi.kspo.or.kr/web/image/0AUDLJ08S_00048/,35,동영상,팔/어깨
공통,http://openapi.kspo.or.kr/web/video/,인지노쇠를 예방하기 위한 운동프로그램,195338635,인지노쇠 예방,29.96,993,1920*1080,공,공통,12326,0AUDLJ08S_00048_SC_00072.jpeg,2021,1인 이상,1175,한국어,공 던지고 받기,20221014,근력/근지구력,인지노쇠 예방 운동프로그램,411.277,mp4,0AUDLJ08S_00048.mp4,http://openapi.kspo.or.kr/web/image/0AUDLJ08S_00048/,36,동영상,팔/어깨
공통,http://openapi.kspo.or.kr/web/video/,인지노쇠를 예방하기 위한 운동프로그램,195338635,인지노쇠 예방,29.96,994,1920*1080,공,공통,12790,0AUDLJ08S_00048_SC_00075.jpeg,2021,1인 이상,1175,한국어,8자 그리기,20221014,근력/근지구력,인지노쇠 예방 운동프로그램,426.76,mp4,0AUDLJ08S_00048.mp4,http://openapi.kspo.or.kr/web/image/0AUDLJ08S_00048/,37,동영상,팔/어깨
공통,http://openapi.kspo.or.kr/web/video/,인지노쇠를 예방하기 위한 운동프로그램,195338635,인지노쇠 예방,29.96,995,1920*1080,공,공통,13109,0AUDLJ08S_00048_SC_00077.jpeg,2021,1인 이상,1175,한국어,8자 그리기,20221014,근력/근지구력,인지노쇠 예방 운동프로그램,437.404,mp4,0AUDLJ08S_00048.mp4,http://openapi.kspo.or.kr/web/image/0AUDLJ08S_00048/,38,동영상,팔/어깨
공통,http://openapi.kspo.or.kr/web/video/,인지노쇠를 예방하기 위한 운동프로그램,195338635,인지노쇠 예방,29.96,996,1920*1080,공,공통,13370,0AUDLJ08S_00048_SC_00078.jpeg,2021,1인 이상,1175,한국어,8자 그리기,20221014,근력/근지구력,인지노쇠 예방 운동프로그램,446.112,mp4,0AUDLJ08S_00048.mp4,http://openapi.kspo.or.kr/web/image/0AUDLJ08S_00048/,39,동영상,팔/어깨
공통,http://openapi.kspo.or.kr/web/video/,인지노쇠를 예방하기 위한 운동프로그램,195338635,인지노쇠 예방,29.96,997,1920*1080,공,공통,13776,0AUDLJ08S_00048_SC_00079.jpeg,2021,1인 이상,1175,한국어,손바닥으로 공 누르기,20221014,근력/근지구력,인지노쇠 예방 운동프로그램,459.659,mp4,0AUDLJ08S_00048.mp4,http://openapi.kspo.or.kr/web/image/0AUDLJ08S_00048/,40,동영상,팔/어깨
공통,http://openapi.kspo.or.kr/web/video/,인지노쇠를 예방하기 위한 운동프로그램,195338635,인지노쇠 예방,29.96,998,1920*1080,공,공통,14675,0AUDLJ08S_00048_SC_00081.jpeg,2021,1인 이상,1175,한국어,공 앞으로 뻗기,20221014,근력/근지구력,인지노쇠 예방 운동프로그램,489.656,mp4,0AUDLJ08S_00048.mp4,http://openapi.kspo.or.kr/web/image/0AUDLJ08S_00048/,41,동영상,팔/어깨
공통,http://openapi.kspo.or.kr/web/video/,인지노쇠를 예방하기 위한 운동프로그램,195338635,인지노쇠 예방,29.96,999,1920*1080,공,공통,14791,0AUDLJ08S_00048_SC_00082.jpeg,2021,1인 이상,1175,한국어,공 앞으로 뻗기,20221014,근력/근지구력,인지노쇠 예방 운동프로그램,493.526,mp4,0AUDLJ08S_00048.mp4,http://openapi.kspo.or.kr/web/image/0AUDLJ08S_00048/,42,동영상,팔/어깨
공통,http://openapi.kspo.or.kr/web/video/,인지노쇠를 예방하기 위한 운동프로그램,195338635,인지노쇠 예방,29.96,1000,1920*1080,공,공통,15081,0AUDLJ08S_00048_SC_00083.jpeg,2021,1인 이상,1175,한국어,공 앞으로 뻗기,20221014,근력/근지구력,인지노쇠 예방 운동프로그램,503.203,mp4,0AUDLJ08S_00048.mp4,http://openapi.kspo.or.kr/web/image/0AUDLJ08S_00048/,43,동영상,팔/어깨
공통,http://openapi.kspo.or.kr/web/video/,인지노쇠를 예방하기 위한 운동프로그램,195338635,인지노쇠 예방,29.96,1001,1920*1080,공,공통,16009,0AUDLJ08S_00048_SC_00085.jpeg,2021,1인 이상,1175,한국어,공 전달하기,20221014,근력/근지구력,인지노쇠 예방 운동프로그램,534.167,mp4,0AUDLJ08S_00048.mp4,http://openapi.kspo.or.kr/web/image/0AUDLJ08S_00048/,44,동영상,팔/어깨
공통,http://openapi.kspo.or.kr/web/video/,인지노쇠를 예방하기 위한 운동프로그램,195338635,인지노쇠 예방,29.96,1002,1920*1080,공,공통,16183,0AUDLJ08S_00048_SC_00086.jpeg,2021,1인 이상,1175,한국어,공 전달하기,20221014,근력/근지구력,인지노쇠 예방 운동프로그램,539.973,mp4,0AUDLJ08S_00048.mp4,http://openapi.kspo.or.kr/web/image/0AUDLJ08S_00048/,45,동영상,팔/어깨
공통,http://openapi.kspo.or.kr/web/video/,인지노쇠를 예방하기 위한 운동프로그램,195338635,인지노쇠 예방,29.96,1003,1920*1080,공,공통,16357,0AUDLJ08S_00048_SC_00087.jpeg,2021,1인 이상,1175,한국어,공 전달하기,20221014,근력/근지구력,인지노쇠 예방 운동프로그램,545.779,mp4,0AUDLJ08S_00048.mp4,http://openapi.kspo.or.kr/web/image/0AUDLJ08S_00048/,46,동영상,팔/어깨
공통,http://openapi.kspo.or.kr/web/video/,인지노쇠를 예방하기 위한 운동프로그램,195338635,인지노쇠 예방,29.96,1004,1920*1080,공,공통,16676,0AUDLJ08S_00048_SC_00088.jpeg,2021,1인 이상,1175,한국어,공 전달하기,20221014,근력/근지구력,인지노쇠 예방 운동프로그램,556.423,mp4,0AUDLJ08S_00048.mp4,http://openapi.kspo.or.kr/web/image/0AUDLJ08S_00048/,47,동영상,팔/어깨
공통,http://openapi.kspo.or.kr/web/video/,인지노쇠를 예방하기 위한 운동프로그램,195338635,인지노쇠 예방,29.96,1005,1920*1080,공,공통,17285,0AUDLJ08S_00048_SC_00090.jpeg,2021,1인 이상,1175,한국어,공 들기,20221014,근력/근지구력,인지노쇠 예방 운동프로그램,576.743,mp4,0AUDLJ08S_00048.mp4,http://openapi.kspo.or.kr/web/image/0AUDLJ08S_00048/,48,동영상,팔/어깨
,http://openapi.kspo.or.kr/web/video/,낙상을 예방하기 위한 운동프로그램,162334041,낙상 예방,29.97,1006,1920*1080,,공통,28421,0AUDLJ08S_00042_SC_00220.jpeg,2021,1인 이상,981,한국어,,20221007,,낙상 예방 운동프로그램,948.314,mp4,0AUDLJ08S_00042.mp4,http://openapi.kspo.or.kr/web/image/0AUDLJ08S_00042/,212,동영상,
공통,http://openapi.kspo.or.kr/web/video/,인지노쇠를 예방하기 위한 운동프로그램,195338635,인지노쇠 예방,29.96,1007,1920*1080,공,공통,18162,0AUDLJ08S_00048_FR_00203.jpeg,2021,1인 이상,1175,한국어,공 들기,20221014,근력/근지구력,인지노쇠 예방 운동프로그램,606.006,mp4,0AUDLJ08S_00048.mp4,http://openapi.kspo.or.kr/web/image/0AUDLJ08S_00048/,49,동영상,팔/어깨
공통,http://openapi.kspo.or.kr/web/video/,인지노쇠를 예방하기 위한 운동프로그램,195338635,인지노쇠 예방,29.96,1008,1920*1080,공,공통,18561,0AUDLJ08S_00048_SC_00092.jpeg,2021,1인 이상,1175,한국어,공 전달하기,20221014,근력/근지구력,인지노쇠 예방 운동프로그램,619.319,mp4,0AUDLJ08S_00048.mp4,http://openapi.kspo.or.kr/web/image/0AUDLJ08S_00048/,50,동영상,팔/어깨
공통,http://openapi.kspo.or.kr/web/video/,인지노쇠를 예방하기 위한 운동프로그램,195338635,인지노쇠 예방,29.96,1009,1920*1080,공,공통,19605,0AUDLJ08S_00048_SC_00096.jpeg,2021,1인 이상,1175,한국어,공 조이기,20221014,근력/근지구력,인지노쇠 예방 운동프로그램,654.154,mp4,0AUDLJ08S_00048.mp4,http://openapi.kspo.or.kr/web/image/0AUDLJ08S_00048/,51,동영상,하체
공통,http://openapi.kspo.or.kr/web/video/,인지노쇠를 예방하기 위한 운동프로그램,195338635,인지노쇠 예방,29.96,1010,1920*1080,공,공통,20243,0AUDLJ08S_00048_SC_00098.jpeg,2021,1인 이상,1175,한국어,공 조이기,20221014,근력/근지구력,인지노쇠 예방 운동프로그램,675.442,mp4,0AUDLJ08S_00048.mp4,http://openapi.kspo.or.kr/web/image/0AUDLJ08S_00048/,52,동영상,하체
공통,http://openapi.kspo.or.kr/web/video/,인지노쇠를 예방하기 위한 운동프로그램,195338635,인지노쇠 예방,29.96,1011,1920*1080,공,공통,20446,0AUDLJ08S_00048_SC_00099.jpeg,2021,1인 이상,1175,한국어,공 조이기,20221014,근력/근지구력,인지노쇠 예방 운동프로그램,682.215,mp4,0AUDLJ08S_00048.mp4,http://openapi.kspo.or.kr/web/image/0AUDLJ08S_00048/,53,동영상,하체
공통,http://openapi.kspo.or.kr/web/video/,인지노쇠를 예방하기 위한 운동프로그램,195338635,인지노쇠 예방,29.96,1012,1920*1080,공,공통,20910,0AUDLJ08S_00048_SC_00103.jpeg,2021,1인 이상,1175,한국어,다리 올리기,20221014,근력/근지구력,인지노쇠 예방 운동프로그램,697.697,mp4,0AUDLJ08S_00048.mp4,http://openapi.kspo.or.kr/web/image/0AUDLJ08S_00048/,54,동영상,대퇴이두근
공통,http://openapi.kspo.or.kr/web/video/,인지노쇠를 예방하기 위한 운동프로그램,195338635,인지노쇠 예방,29.96,1013,1920*1080,공,공통,21432,0AUDLJ08S_00048_SC_00107.jpeg,2021,1인 이상,1175,한국어,다리 올리기,20221014,근력/근지구력,인지노쇠 예방 운동프로그램,715.115,mp4,0AUDLJ08S_00048.mp4,http://openapi.kspo.or.kr/web/image/0AUDLJ08S_00048/,55,동영상,대퇴이두근
공통,http://openapi.kspo.or.kr/web/video/,인지노쇠를 예방하기 위한 운동프로그램,195338635,인지노쇠 예방,29.96,1014,1920*1080,공,공통,21490,0AUDLJ08S_00048_SC_00108.jpeg,2021,1인 이상,1175,한국어,다리 올리기,20221014,근력/근지구력,인지노쇠 예방 운동프로그램,717.05,mp4,0AUDLJ08S_00048.mp4,http://openapi.kspo.or.kr/web/image/0AUDLJ08S_00048/,56,동영상,대퇴이두근
공통,http://openapi.kspo.or.kr/web/video/,인지노쇠를 예방하기 위한 운동프로그램,195338635,인지노쇠 예방,29.96,1015,1920*1080,공,공통,21925,0AUDLJ08S_00048_SC_00116.jpeg,2021,1인 이상,1175,한국어,발 뒤꿈치 들기,20221014,근력/근지구력,인지노쇠 예방 운동프로그램,731.564,mp4,0AUDLJ08S_00048.mp4,http://openapi.kspo.or.kr/web/image/0AUDLJ08S_00048/,57,동영상,종아리
공통,http://openapi.kspo.or.kr/web/video/,인지노쇠를 예방하기 위한 운동프로그램,195338635,인지노쇠 예방,29.96,1016,1920*1080,공,공통,22041,0AUDLJ08S_00048_SC_00117.jpeg,2021,1인 이상,1175,한국어,발 뒤꿈치 들기,20221014,근력/근지구력,인지노쇠 예방 운동프로그램,735.435,mp4,0AUDLJ08S_00048.mp4,http://openapi.kspo.or.kr/web/image/0AUDLJ08S_00048/,58,동영상,종아리
공통,http://openapi.kspo.or.kr/web/video/,인지노쇠를 예방하기 위한 운동프로그램,195338635,인지노쇠 예방,29.96,1017,1920*1080,공,공통,22766,0AUDLJ08S_00048_SC_00120.jpeg,2021,1인 이상,1175,한국어,발 뒤꿈치 들기,20221014,근력/근지구력,인지노쇠 예방 운동프로그램,759.626,mp4,0AUDLJ08S_00048.mp4,http://openapi.kspo.or.kr/web/image/0AUDLJ08S_00048/,59,동영상,종아리
공통,http://openapi.kspo.or.kr/web/video/,인지노쇠를 예방하기 위한 운동프로그램,195338635,인지노쇠 예방,29.96,1018,1920*1080,공,공통,23230,0AUDLJ08S_00048_SC_00124.jpeg,2021,1인 이상,1175,한국어,발 앞꿈치 들기,20221014,근력/근지구력,인지노쇠 예방 운동프로그램,775.108,mp4,0AUDLJ08S_00048.mp4,http://openapi.kspo.or.kr/web/image/0AUDLJ08S_00048/,60,동영상,종아리
공통,http://openapi.kspo.or.kr/web/video/,인지노쇠를 예방하기 위한 운동프로그램,195338635,인지노쇠 예방,29.96,1019,1920*1080,공,공통,23549,0AUDLJ08S_00048_SC_00125.jpeg,2021,1인 이상,1175,한국어,발 앞꿈치 들기,20221014,근력/근지구력,인지노쇠 예방 운동프로그램,785.752,mp4,0AUDLJ08S_00048.mp4,http://openapi.kspo.or.kr/web/image/0AUDLJ08S_00048/,61,동영상,종아리
공통,http://openapi.kspo.or.kr/web/video/,인지노쇠를 예방하기 위한 운동프로그램,195338635,인지노쇠 예방,29.96,1020,1920*1080,공,공통,23839,0AUDLJ08S_00048_SC_00126.jpeg,2021,1인 이상,1175,한국어,발 앞꿈치 들기,20221014,근력/근지구력,인지노쇠 예방 운동프로그램,795.428,mp4,0AUDLJ08S_00048.mp4,http://openapi.kspo.or.kr/web/image/0AUDLJ08S_00048/,62,동영상,종아리
공통,http://openapi.kspo.or.kr/web/video/,인지노쇠를 예방하기 위한 운동프로그램,195338635,인지노쇠 예방,29.96,1021,1920*1080,공,공통,24366,0AUDLJ08S_00048_FR_00272.jpeg,2021,1인 이상,1175,한국어,무릎 올리기,20221014,근력/근지구력,인지노쇠 예방 운동프로그램,813.013,mp4,0AUDLJ08S_00048.mp4,http://openapi.kspo.or.kr/web/image/0AUDLJ08S_00048/,63,동영상,코어
공통,http://openapi.kspo.or.kr/web/video/,인지노쇠를 예방하기 위한 운동프로그램,195338635,인지노쇠 예방,29.96,1022,1920*1080,공,공통,24593,0AUDLJ08S_00048_SC_00128.jpeg,2021,1인 이상,1175,한국어,무릎 올리기,20221014,근력/근지구력,인지노쇠 예방 운동프로그램,820.587,mp4,0AUDLJ08S_00048.mp4,http://openapi.kspo.or.kr/web/image/0AUDLJ08S_00048/,64,동영상,코어
공통,http://openapi.kspo.or.kr/web/video/,인지노쇠를 예방하기 위한 운동프로그램,195338635,인지노쇠 예방,29.96,1023,1920*1080,공,공통,25625,0AUDLJ08S_00048_FR_00286.jpeg,2021,1인 이상,1175,한국어,두발 올리기,20221014,근력/근지구력,인지노쇠 예방 운동프로그램,855.021,mp4,0AUDLJ08S_00048.mp4,http://openapi.kspo.or.kr/web/image/0AUDLJ08S_00048/,65,동영상,대퇴이두근
공통,http://openapi.kspo.or.kr/web/video/,인지노쇠를 예방하기 위한 운동프로그램,195338635,인지노쇠 예방,29.96,1024,1920*1080,공,공통,25805,0AUDLJ08S_00048_FR_00288.jpeg,2021,1인 이상,1175,한국어,두발 올리기,20221014,근력/근지구력,인지노쇠 예방 운동프로그램,861.027,mp4,0AUDLJ08S_00048.mp4,http://openapi.kspo.or.kr/web/image/0AUDLJ08S_00048/,66,동영상,대퇴이두근
공통,http://openapi.kspo.or.kr/web/video/,인지노쇠를 예방하기 위한 운동프로그램,195338635,인지노쇠 예방,29.96,1025,1920*1080,공,공통,26014,0AUDLJ08S_00048_SC_00132.jpeg,2021,1인 이상,1175,한국어,두발 올리기,20221014,근력/근지구력,인지노쇠 예방 운동프로그램,868.001,mp4,0AUDLJ08S_00048.mp4,http://openapi.kspo.or.kr/web/image/0AUDLJ08S_00048/,67,동영상,대퇴이두근
공통,http://openapi.kspo.or.kr/web/video/,인지노쇠를 예방하기 위한 운동프로그램,195338635,인지노쇠 예방,29.96,1026,1920*1080,공,공통,27290,0AUDLJ08S_00048_SC_00137.jpeg,2021,1인 이상,1175,한국어,공 굴리기(앞/뒤/원/옆),20221014,근력/근지구력,인지노쇠 예방 운동프로그램,910.577,mp4,0AUDLJ08S_00048.mp4,http://openapi.kspo.or.kr/web/image/0AUDLJ08S_00048/,68,동영상,발목
공통,http://openapi.kspo.or.kr/web/video/,인지노쇠를 예방하기 위한 운동프로그램,195338635,인지노쇠 예방,29.96,1027,1920*1080,공,공통,27319,0AUDLJ08S_00048_SC_00138.jpeg,2021,1인 이상,1175,한국어,공 굴리기(앞/뒤/원/옆),20221014,근력/근지구력,인지노쇠 예방 운동프로그램,911.544,mp4,0AUDLJ08S_00048.mp4,http://openapi.kspo.or.kr/web/image/0AUDLJ08S_00048/,69,동영상,발목
공통,http://openapi.kspo.or.kr/web/video/,인지노쇠를 예방하기 위한 운동프로그램,195338635,인지노쇠 예방,29.96,1028,1920*1080,공,공통,27667,0AUDLJ08S_00048_SC_00139.jpeg,2021,1인 이상,1175,한국어,공 굴리기(앞/뒤/원/옆),20221014,근력/근지구력,인지노쇠 예방 운동프로그램,923.156,mp4,0AUDLJ08S_00048.mp4,http://openapi.kspo.or.kr/web/image/0AUDLJ08S_00048/,70,동영상,발목
공통,http://openapi.kspo.or.kr/web/video/,인지노쇠를 예방하기 위한 운동프로그램,195338635,인지노쇠 예방,29.96,1029,1920*1080,공,공통,28334,0AUDLJ08S_00048_SC_00140.jpeg,2021,1인 이상,1175,한국어,공 굴리기(앞/뒤/원/옆),20221014,근력/근지구력,인지노쇠 예방 운동프로그램,945.412,mp4,0AUDLJ08S_00048.mp4,http://openapi.kspo.or.kr/web/image/0AUDLJ08S_00048/,71,동영상,발목
공통,http://openapi.kspo.or.kr/web/video/,인지노쇠를 예방하기 위한 운동프로그램,195338635,인지노쇠 예방,29.96,1030,1920*1080,공,공통,29784,0AUDLJ08S_00048_SC_00146.jpeg,2021,1인 이상,1175,한국어,공 누르며 한발 들기,20221014,근력/근지구력,인지노쇠 예방 운동프로그램,993.793,mp4,0AUDLJ08S_00048.mp4,http://openapi.kspo.or.kr/web/image/0AUDLJ08S_00048/,72,동영상,하체
공통,http://openapi.kspo.or.kr/web/video/,인지노쇠를 예방하기 위한 운동프로그램,195338635,인지노쇠 예방,29.96,1031,1920*1080,공,공통,30480,0AUDLJ08S_00048_SC_00147.jpeg,2021,1인 이상,1175,한국어,공 누르며 한발 들기,20221014,근력/근지구력,인지노쇠 예방 운동프로그램,1017.017,mp4,0AUDLJ08S_00048.mp4,http://openapi.kspo.or.kr/web/image/0AUDLJ08S_00048/,73,동영상,하체
공통,http://openapi.kspo.or.kr/web/video/,인지노쇠를 예방하기 위한 운동프로그램,195338635,인지노쇠 예방,29.96,1032,1920*1080,공,공통,31176,0AUDLJ08S_00048_SC_00148.jpeg,2021,1인 이상,1175,한국어,공 누르며 한발 들기,20221014,근력/근지구력,인지노쇠 예방 운동프로그램,1040.24,mp4,0AUDLJ08S_00048.mp4,http://openapi.kspo.or.kr/web/image/0AUDLJ08S_00048/,74,동영상,하체
공통,http://openapi.kspo.or.kr/web/video/,인지노쇠를 예방하기 위한 운동프로그램,195338635,인지노쇠 예방,29.96,1033,1920*1080,공,공통,32008,0AUDLJ08S_00048_FR_00357.jpeg,2021,1인 이상,1175,한국어,공 전달하기,20221014,근력/근지구력,인지노쇠 예방 운동프로그램,1068.001,mp4,0AUDLJ08S_00048.mp4,http://openapi.kspo.or.kr/web/image/0AUDLJ08S_00048/,75,동영상,하체
공통,http://openapi.kspo.or.kr/web/video/,인지노쇠를 예방하기 위한 운동프로그램,195338635,인지노쇠 예방,29.96,1034,1920*1080,공,공통,32394,0AUDLJ08S_00048_SC_00152.jpeg,2021,1인 이상,1175,한국어,공 전달하기,20221014,근력/근지구력,인지노쇠 예방 운동프로그램,1080.88,mp4,0AUDLJ08S_00048.mp4,http://openapi.kspo.or.kr/web/image/0AUDLJ08S_00048/,76,동영상,하체
공통,http://openapi.kspo.or.kr/web/video/,인지노쇠를 예방하기 위한 운동프로그램,195338635,인지노쇠 예방,29.96,1035,1920*1080,공,공통,32539,0AUDLJ08S_00048_SC_00156.jpeg,2021,1인 이상,1175,한국어,공 전달하기,20221014,근력/근지구력,인지노쇠 예방 운동프로그램,1085.719,mp4,0AUDLJ08S_00048.mp4,http://openapi.kspo.or.kr/web/image/0AUDLJ08S_00048/,77,동영상,하체
공통,http://openapi.kspo.or.kr/web/video/,인지노쇠를 예방하기 위한 운동프로그램,195338635,인지노쇠 예방,29.96,1036,1920*1080,공,공통,32771,0AUDLJ08S_00048_SC_00160.jpeg,2021,1인 이상,1175,한국어,공 굴리기,20221014,근력/근지구력,인지노쇠 예방 운동프로그램,1093.46,mp4,0AUDLJ08S_00048.mp4,http://openapi.kspo.or.kr/web/image/0AUDLJ08S_00048/,78,동영상,하체
공통,http://openapi.kspo.or.kr/web/video/,인지노쇠를 예방하기 위한 운동프로그램,195338635,인지노쇠 예방,29.96,1037,1920*1080,공,공통,33090,0AUDLJ08S_00048_SC_00162.jpeg,2021,1인 이상,1175,한국어,공 굴리기,20221014,근력/근지구력,인지노쇠 예방 운동프로그램,1104.104,mp4,0AUDLJ08S_00048.mp4,http://openapi.kspo.or.kr/web/image/0AUDLJ08S_00048/,79,동영상,하체
공통,http://openapi.kspo.or.kr/web/video/,인지노쇠를 예방하기 위한 운동프로그램,195338635,인지노쇠 예방,29.96,1038,1920*1080,공,공통,33641,0AUDLJ08S_00048_SC_00168.jpeg,2021,1인 이상,1175,한국어,공 굴리기,20221014,근력/근지구력,인지노쇠 예방 운동프로그램,1122.489,mp4,0AUDLJ08S_00048.mp4,http://openapi.kspo.or.kr/web/image/0AUDLJ08S_00048/,80,동영상,하체
공통,http://openapi.kspo.or.kr/web/video/,인지노쇠를 예방하기 위한 운동프로그램,195338635,인지노쇠 예방,29.96,1039,1920*1080,공,공통,33786,0AUDLJ08S_00048_SC_00170.jpeg,2021,1인 이상,1175,한국어,공 굴리기,20221014,근력/근지구력,인지노쇠 예방 운동프로그램,1127.327,mp4,0AUDLJ08S_00048.mp4,http://openapi.kspo.or.kr/web/image/0AUDLJ08S_00048/,81,동영상,하체
스트레칭(짐볼),http://openapi.kspo.or.kr/web/video/,짐볼을 활용한 유연성 운동 프로그램,140302235,스트레칭,29.97,1040,1920*1080,짐볼,공통,88,0AUDLJ08S_00049_SC_00002.jpeg,2021,1인 이상,841,한국어,,20221028,,짐볼을 활용한 스트레칭 프로그램,2.936,mp4,0AUDLJ08S_00049.mp4,http://openapi.kspo.or.kr/web/image/0AUDLJ08S_00049/,1,동영상,
스트레칭(짐볼),http://openapi.kspo.or.kr/web/video/,짐볼을 활용한 유연성 운동 프로그램,140302235,스트레칭,29.97,1041,1920*1080,짐볼,공통,146,0AUDLJ08S_00049_SC_00004.jpeg,2021,1인 이상,841,한국어,,20221028,,짐볼을 활용한 스트레칭 프로그램,4.871,mp4,0AUDLJ08S_00049.mp4,http://openapi.kspo.or.kr/web/image/0AUDLJ08S_00049/,2,동영상,
스트레칭(짐볼),http://openapi.kspo.or.kr/web/video/,짐볼을 활용한 유연성 운동 프로그램,140302235,스트레칭,29.97,1042,1920*1080,짐볼,공통,720,0AUDLJ08S_00049_FR_00009.jpeg,2021,1인 이상,841,한국어,몸통 늘리기,20221028,유연성,짐볼을 활용한 스트레칭 프로그램,24.024,mp4,0AUDLJ08S_00049.mp4,http://openapi.kspo.or.kr/web/image/0AUDLJ08S_00049/,3,동영상,전신
스트레칭(짐볼),http://openapi.kspo.or.kr/web/video/,짐볼을 활용한 유연성 운동 프로그램,140302235,스트레칭,29.97,1043,1920*1080,짐볼,공통,900,0AUDLJ08S_00049_SC_00011.jpeg,2021,1인 이상,841,한국어,몸통 늘리기,20221028,유연성,짐볼을 활용한 스트레칭 프로그램,30.03,mp4,0AUDLJ08S_00049.mp4,http://openapi.kspo.or.kr/web/image/0AUDLJ08S_00049/,4,동영상,전신
스트레칭(짐볼),http://openapi.kspo.or.kr/web/video/,짐볼을 활용한 유연성 운동 프로그램,140302235,스트레칭,29.97,1044,1920*1080,짐볼,공통,987,0AUDLJ08S_00049_SC_00012.jpeg,2021,1인 이상,841,한국어,몸통 늘리기,20221028,유연성,짐볼을 활용한 스트레칭 프로그램,32.932,mp4,0AUDLJ08S_00049.mp4,http://openapi.kspo.or.kr/web/image/0AUDLJ08S_00049/,5,동영상,전신
스트레칭(짐볼),http://openapi.kspo.or.kr/web/video/,짐볼을 활용한 유연성 운동 프로그램,140302235,스트레칭,29.97,1045,1920*1080,짐볼,공통,1596,0AUDLJ08S_00049_SC_00017.jpeg,2021,1인 이상,841,한국어,몸통 측면 늘리기,20221028,유연성,짐볼을 활용한 스트레칭 프로그램,53.253,mp4,0AUDLJ08S_00049.mp4,http://openapi.kspo.or.kr/web/image/0AUDLJ08S_00049/,6,동영상,등/옆구리
스트레칭(짐볼),http://openapi.kspo.or.kr/web/video/,짐볼을 활용한 유연성 운동 프로그램,140302235,스트레칭,29.97,1046,1920*1080,짐볼,공통,1712,0AUDLJ08S_00049_SC_00018.jpeg,2021,1인 이상,841,한국어,몸통 측면 늘리기,20221028,유연성,짐볼을 활용한 스트레칭 프로그램,57.123,mp4,0AUDLJ08S_00049.mp4,http://openapi.kspo.or.kr/web/image/0AUDLJ08S_00049/,7,동영상,등/옆구리
스트레칭(짐볼),http://openapi.kspo.or.kr/web/video/,짐볼을 활용한 유연성 운동 프로그램,140302235,스트레칭,29.97,1047,1920*1080,짐볼,공통,2756,0AUDLJ08S_00049_SC_00025.jpeg,2021,1인 이상,841,한국어,몸통 측면 돌려 늘리기,20221028,유연성,짐볼을 활용한 스트레칭 프로그램,91.958,mp4,0AUDLJ08S_00049.mp4,http://openapi.kspo.or.kr/web/image/0AUDLJ08S_00049/,8,동영상,등/옆구리
스트레칭(짐볼),http://openapi.kspo.or.kr/web/video/,짐볼을 활용한 유연성 운동 프로그램,140302235,스트레칭,29.97,1048,1920*1080,짐볼,공통,3858,0AUDLJ08S_00049_SC_00038.jpeg,2021,1인 이상,841,한국어,하지 스트레칭,20221028,유연성,짐볼을 활용한 스트레칭 프로그램,128.728,mp4,0AUDLJ08S_00049.mp4,http://openapi.kspo.or.kr/web/image/0AUDLJ08S_00049/,9,동영상,하체
스트레칭(짐볼),http://openapi.kspo.or.kr/web/video/,짐볼을 활용한 유연성 운동 프로그램,140302235,스트레칭,29.97,1049,1920*1080,짐볼,공통,4728,0AUDLJ08S_00049_SC_00051.jpeg,2021,1인 이상,841,한국어,다리 넓게 벌려 하지 스트레칭,20221028,유연성,짐볼을 활용한 스트레칭 프로그램,157.757,mp4,0AUDLJ08S_00049.mp4,http://openapi.kspo.or.kr/web/image/0AUDLJ08S_00049/,10,동영상,내전근
스트레칭(짐볼),http://openapi.kspo.or.kr/web/video/,짐볼을 활용한 유연성 운동 프로그램,140302235,스트레칭,29.97,1050,1920*1080,짐볼,공통,5685,0AUDLJ08S_00049_SC_00063.jpeg,2021,1인 이상,841,한국어,원 그리기,20221028,유연성,짐볼을 활용한 스트레칭 프로그램,189.689,mp4,0AUDLJ08S_00049.mp4,http://openapi.kspo.or.kr/web/image/0AUDLJ08S_00049/,11,동영상,전신
스트레칭(짐볼),http://openapi.kspo.or.kr/web/video/,짐볼을 활용한 유연성 운동 프로그램,140302235,스트레칭,29.97,1051,1920*1080,짐볼,공통,5830,0AUDLJ08S_00049_SC_00067.jpeg,2021,1인 이상,841,한국어,원 그리기,20221028,유연성,짐볼을 활용한 스트레칭 프로그램,194.527,mp4,0AUDLJ08S_00049.mp4,http://openapi.kspo.or.kr/web/image/0AUDLJ08S_00049/,12,동영상,전신
스트레칭(짐볼),http://openapi.kspo.or.kr/web/video/,짐볼을 활용한 유연성 운동 프로그램,140302235,스트레칭,29.97,1052,1920*1080,짐볼,공통,6468,0AUDLJ08S_00049_SC_00072.jpeg,2021,1인 이상,841,한국어,짐볼에 앉아 정렬하기,20221028,유연성,짐볼을 활용한 스트레칭 프로그램,215.815,mp4,0AUDLJ08S_00049.mp4,http://openapi.kspo.or.kr/web/image/0AUDLJ08S_00049/,13,동영상,몸통
스트레칭(짐볼),http://openapi.kspo.or.kr/web/video/,짐볼을 활용한 유연성 운동 프로그램,140302235,스트레칭,29.97,1053,1920*1080,짐볼,공통,6642,0AUDLJ08S_00049_SC_00073.jpeg,2021,1인 이상,841,한국어,짐볼에 앉아 정렬하기,20221028,유연성,짐볼을 활용한 스트레칭 프로그램,221.621,mp4,0AUDLJ08S_00049.mp4,http://openapi.kspo.or.kr/web/image/0AUDLJ08S_00049/,14,동영상,몸통
스트레칭(짐볼),http://openapi.kspo.or.kr/web/video/,짐볼을 활용한 유연성 운동 프로그램,140302235,스트레칭,29.97,1054,1920*1080,짐볼,공통,7019,0AUDLJ08S_00049_SC_00079.jpeg,2021,1인 이상,841,한국어,짐볼에 앉아 정렬하기,20221028,유연성,짐볼을 활용한 스트레칭 프로그램,234.2,mp4,0AUDLJ08S_00049.mp4,http://openapi.kspo.or.kr/web/image/0AUDLJ08S_00049/,15,동영상,몸통
스트레칭(짐볼),http://openapi.kspo.or.kr/web/video/,짐볼을 활용한 유연성 운동 프로그램,140302235,스트레칭,29.97,1055,1920*1080,짐볼,공통,7570,0AUDLJ08S_00049_SC_00085.jpeg,2021,1인 이상,841,한국어,골반 좌/우/앞/뒤로 보내기,20221028,유연성,짐볼을 활용한 스트레칭 프로그램,252.585,mp4,0AUDLJ08S_00049.mp4,http://openapi.kspo.or.kr/web/image/0AUDLJ08S_00049/,16,동영상,골반
스트레칭(짐볼),http://openapi.kspo.or.kr/web/video/,짐볼을 활용한 유연성 운동 프로그램,140302235,스트레칭,29.97,1056,1920*1080,짐볼,공통,7831,0AUDLJ08S_00049_SC_00086.jpeg,2021,1인 이상,841,한국어,골반 좌/우/앞/뒤로 보내기,20221028,유연성,짐볼을 활용한 스트레칭 프로그램,261.294,mp4,0AUDLJ08S_00049.mp4,http://openapi.kspo.or.kr/web/image/0AUDLJ08S_00049/,17,동영상,골반
스트레칭(짐볼),http://openapi.kspo.or.kr/web/video/,짐볼을 활용한 유연성 운동 프로그램,140302235,스트레칭,29.97,1057,1920*1080,짐볼,공통,8788,0AUDLJ08S_00049_SC_00093.jpeg,2021,1인 이상,841,한국어,하지 스트레칭,20221028,유연성,짐볼을 활용한 스트레칭 프로그램,293.226,mp4,0AUDLJ08S_00049.mp4,http://openapi.kspo.or.kr/web/image/0AUDLJ08S_00049/,18,동영상,하체
스트레칭(짐볼),http://openapi.kspo.or.kr/web/video/,짐볼을 활용한 유연성 운동 프로그램,140302235,스트레칭,29.97,1058,1920*1080,짐볼,공통,8962,0AUDLJ08S_00049_SC_00094.jpeg,2021,1인 이상,841,한국어,하지 스트레칭,20221028,유연성,짐볼을 활용한 스트레칭 프로그램,299.032,mp4,0AUDLJ08S_00049.mp4,http://openapi.kspo.or.kr/web/image/0AUDLJ08S_00049/,19,동영상,하체
스트레칭(짐볼),http://openapi.kspo.or.kr/web/video/,짐볼을 활용한 유연성 운동 프로그램,140302235,스트레칭,29.97,1059,1920*1080,짐볼,공통,9107,0AUDLJ08S_00049_SC_00096.jpeg,2021,1인 이상,841,한국어,하지 스트레칭,20221028,유연성,짐볼을 활용한 스트레칭 프로그램,303.87,mp4,0AUDLJ08S_00049.mp4,http://openapi.kspo.or.kr/web/image/0AUDLJ08S_00049/,20,동영상,하체
스트레칭(짐볼),http://openapi.kspo.or.kr/web/video/,짐볼을 활용한 유연성 운동 프로그램,140302235,스트레칭,29.97,1060,1920*1080,짐볼,공통,9774,0AUDLJ08S_00049_SC_00103.jpeg,2021,1인 이상,841,한국어,몸통 측면과 하지 스트레칭,20221028,유연성,짐볼을 활용한 스트레칭 프로그램,326.125,mp4,0AUDLJ08S_00049.mp4,http://openapi.kspo.or.kr/web/image/0AUDLJ08S_00049/,21,동영상,하체/복근
스트레칭(짐볼),http://openapi.kspo.or.kr/web/video/,짐볼을 활용한 유연성 운동 프로그램,140302235,스트레칭,29.97,1061,1920*1080,짐볼,공통,9977,0AUDLJ08S_00049_SC_00106.jpeg,2021,1인 이상,841,한국어,몸통 측면과 하지 스트레칭,20221028,유연성,짐볼을 활용한 스트레칭 프로그램,332.899,mp4,0AUDLJ08S_00049.mp4,http://openapi.kspo.or.kr/web/image/0AUDLJ08S_00049/,22,동영상,하체/복근
스트레칭(짐볼),http://openapi.kspo.or.kr/web/video/,짐볼을 활용한 유연성 운동 프로그램,140302235,스트레칭,29.97,1062,1920*1080,짐볼,공통,10180,0AUDLJ08S_00049_SC_00108.jpeg,2021,1인 이상,841,한국어,몸통 측면과 하지 스트레칭,20221028,유연성,짐볼을 활용한 스트레칭 프로그램,339.672,mp4,0AUDLJ08S_00049.mp4,http://openapi.kspo.or.kr/web/image/0AUDLJ08S_00049/,23,동영상,하체/복근
스트레칭(짐볼),http://openapi.kspo.or.kr/web/video/,짐볼을 활용한 유연성 운동 프로그램,140302235,스트레칭,29.97,1063,1920*1080,짐볼,공통,11688,0AUDLJ08S_00049_SC_00125.jpeg,2021,1인 이상,841,한국어,엉덩이 스트레칭,20221028,유연성,짐볼을 활용한 스트레칭 프로그램,389.989,mp4,0AUDLJ08S_00049.mp4,http://openapi.kspo.or.kr/web/image/0AUDLJ08S_00049/,24,동영상,엉덩이
스트레칭(짐볼),http://openapi.kspo.or.kr/web/video/,짐볼을 활용한 유연성 운동 프로그램,140302235,스트레칭,29.97,1064,1920*1080,짐볼,공통,12848,0AUDLJ08S_00049_SC_00131.jpeg,2021,1인 이상,841,한국어,엉덩이 대퇴전면 스트레칭,20221028,유연성,짐볼을 활용한 스트레칭 프로그램,428.694,mp4,0AUDLJ08S_00049.mp4,http://openapi.kspo.or.kr/web/image/0AUDLJ08S_00049/,25,동영상,엉덩이
스트레칭(짐볼),http://openapi.kspo.or.kr/web/video/,짐볼을 활용한 유연성 운동 프로그램,140302235,스트레칭,29.97,1065,1920*1080,짐볼,공통,13109,0AUDLJ08S_00049_SC_00133.jpeg,2021,1인 이상,841,한국어,엉덩이 대퇴전면 스트레칭,20221028,유연성,짐볼을 활용한 스트레칭 프로그램,437.403,mp4,0AUDLJ08S_00049.mp4,http://openapi.kspo.or.kr/web/image/0AUDLJ08S_00049/,26,동영상,엉덩이
스트레칭(짐볼),http://openapi.kspo.or.kr/web/video/,짐볼을 활용한 유연성 운동 프로그램,140302235,스트레칭,29.97,1066,1920*1080,짐볼,공통,13428,0AUDLJ08S_00049_SC_00135.jpeg,2021,1인 이상,841,한국어,엉덩이 대퇴전면 스트레칭,20221028,유연성,짐볼을 활용한 스트레칭 프로그램,448.047,mp4,0AUDLJ08S_00049.mp4,http://openapi.kspo.or.kr/web/image/0AUDLJ08S_00049/,27,동영상,엉덩이
스트레칭(짐볼),http://openapi.kspo.or.kr/web/video/,짐볼을 활용한 유연성 운동 프로그램,140302235,스트레칭,29.97,1067,1920*1080,짐볼,공통,14617,0AUDLJ08S_00049_SC_00148.jpeg,2021,1인 이상,841,한국어,가슴 전면 스트레칭,20221028,유연성,짐볼을 활용한 스트레칭 프로그램,487.72,mp4,0AUDLJ08S_00049.mp4,http://openapi.kspo.or.kr/web/image/0AUDLJ08S_00049/,28,동영상,가슴
스트레칭(짐볼),http://openapi.kspo.or.kr/web/video/,짐볼을 활용한 유연성 운동 프로그램,140302235,스트레칭,29.97,1068,1920*1080,짐볼,공통,14791,0AUDLJ08S_00049_SC_00149.jpeg,2021,1인 이상,841,한국어,가슴 전면 스트레칭,20221028,유연성,짐볼을 활용한 스트레칭 프로그램,493.526,mp4,0AUDLJ08S_00049.mp4,http://openapi.kspo.or.kr/web/image/0AUDLJ08S_00049/,29,동영상,가슴
스트레칭(짐볼),http://openapi.kspo.or.kr/web/video/,짐볼을 활용한 유연성 운동 프로그램,140302235,스트레칭,29.97,1069,1920*1080,짐볼,공통,15661,0AUDLJ08S_00049_SC_00155.jpeg,2021,1인 이상,841,한국어,다리 펴고 하지 스트레칭,20221028,유연성,짐볼을 활용한 스트레칭 프로그램,522.555,mp4,0AUDLJ08S_00049.mp4,http://openapi.kspo.or.kr/web/image/0AUDLJ08S_00049/,30,동영상,하체
스트레칭(짐볼),http://openapi.kspo.or.kr/web/video/,짐볼을 활용한 유연성 운동 프로그램,140302235,스트레칭,29.97,1070,1920*1080,짐볼,공통,16038,0AUDLJ08S_00049_SC_00159.jpeg,2021,1인 이상,841,한국어,다리 펴고 하지 스트레칭,20221028,유연성,짐볼을 활용한 스트레칭 프로그램,535.134,mp4,0AUDLJ08S_00049.mp4,http://openapi.kspo.or.kr/web/image/0AUDLJ08S_00049/,31,동영상,하체
스트레칭(짐볼),http://openapi.kspo.or.kr/web/video/,짐볼을 활용한 유연성 운동 프로그램,140302235,스트레칭,29.97,1071,1920*1080,짐볼,공통,16821,0AUDLJ08S_00049_SC_00167.jpeg,2021,1인 이상,841,한국어,한쪽 다리 접어 하지 스트레칭,20221028,유연성,짐볼을 활용한 스트레칭 프로그램,561.26,mp4,0AUDLJ08S_00049.mp4,http://openapi.kspo.or.kr/web/image/0AUDLJ08S_00049/,32,동영상,하체
준비 운동,http://openapi.kspo.or.kr/web/video/,요통을 예방하기 위한 운동프로그램,383566029,요통 예방,29.96,1072,1920*1080,,공통,929,0AUDLJ08S_00041_SC_00011.jpeg,2021,1인 이상,2299,한국어,,20221028,유연성,요통 예방 운동프로그램,30.997,mp4,0AUDLJ08S_00041.mp4,http://openapi.kspo.or.kr/web/image/0AUDLJ08S_00041/,3,동영상,
스트레칭(짐볼),http://openapi.kspo.or.kr/web/video/,짐볼을 활용한 유연성 운동 프로그램,140302235,스트레칭,29.97,1073,1920*1080,짐볼,공통,16966,0AUDLJ08S_00049_SC_00168.jpeg,2021,1인 이상,841,한국어,한쪽 다리 접어 하지 스트레칭,20221028,유연성,짐볼을 활용한 스트레칭 프로그램,566.098,mp4,0AUDLJ08S_00049.mp4,http://openapi.kspo.or.kr/web/image/0AUDLJ08S_00049/,33,동영상,하체
스트레칭(짐볼),http://openapi.kspo.or.kr/web/video/,짐볼을 활용한 유연성 운동 프로그램,140302235,스트레칭,29.97,1074,1920*1080,짐볼,공통,18184,0AUDLJ08S_00049_SC_00183.jpeg,2021,1인 이상,841,한국어,양쪽으로 다리 벌려 하지 스트레칭,20221028,유연성,짐볼을 활용한 스트레칭 프로그램,606.739,mp4,0AUDLJ08S_00049.mp4,http://openapi.kspo.or.kr/web/image/0AUDLJ08S_00049/,34,동영상,하체
스트레칭(짐볼),http://openapi.kspo.or.kr/web/video/,짐볼을 활용한 유연성 운동 프로그램,140302235,스트레칭,29.97,1075,1920*1080,짐볼,공통,18445,0AUDLJ08S_00049_SC_00186.jpeg,2021,1인 이상,841,한국어,양쪽으로 다리 벌려 하지 스트레칭,20221028,유연성,짐볼을 활용한 스트레칭 프로그램,615.448,mp4,0AUDLJ08S_00049.mp4,http://openapi.kspo.or.kr/web/image/0AUDLJ08S_00049/,35,동영상,하체
스트레칭(짐볼),http://openapi.kspo.or.kr/web/video/,짐볼을 활용한 유연성 운동 프로그램,140302235,스트레칭,29.97,1076,1920*1080,짐볼,공통,19982,0AUDLJ08S_00049_SC_00201.jpeg,2021,1인 이상,841,한국어,발바닥 붙이고 하지 스트레칭,20221028,유연성,짐볼을 활용한 스트레칭 프로그램,666.732,mp4,0AUDLJ08S_00049.mp4,http://openapi.kspo.or.kr/web/image/0AUDLJ08S_00049/,36,동영상,하체
스트레칭(짐볼),http://openapi.kspo.or.kr/web/video/,짐볼을 활용한 유연성 운동 프로그램,140302235,스트레칭,29.97,1077,1920*1080,짐볼,공통,20243,0AUDLJ08S_00049_SC_00207.jpeg,2021,1인 이상,841,한국어,발바닥 붙이고 하지 스트레칭,20221028,유연성,짐볼을 활용한 스트레칭 프로그램,675.441,mp4,0AUDLJ08S_00049.mp4,http://openapi.kspo.or.kr/web/image/0AUDLJ08S_00049/,37,동영상,하체
스트레칭(짐볼),http://openapi.kspo.or.kr/web/video/,짐볼을 활용한 유연성 운동 프로그램,140302235,스트레칭,29.97,1078,1920*1080,짐볼,공통,21142,0AUDLJ08S_00049_SC_00218.jpeg,2021,1인 이상,841,한국어,어깨 스트레칭,20221028,유연성,짐볼을 활용한 스트레칭 프로그램,705.438,mp4,0AUDLJ08S_00049.mp4,http://openapi.kspo.or.kr/web/image/0AUDLJ08S_00049/,38,동영상,어깨
스트레칭(짐볼),http://openapi.kspo.or.kr/web/video/,짐볼을 활용한 유연성 운동 프로그램,140302235,스트레칭,29.97,1079,1920*1080,짐볼,공통,21722,0AUDLJ08S_00049_SC_00228.jpeg,2021,1인 이상,841,한국어,어깨 스트레칭,20221028,유연성,짐볼을 활용한 스트레칭 프로그램,724.79,mp4,0AUDLJ08S_00049.mp4,http://openapi.kspo.or.kr/web/image/0AUDLJ08S_00049/,39,동영상,어깨
스트레칭(짐볼),http://openapi.kspo.or.kr/web/video/,짐볼을 활용한 유연성 운동 프로그램,140302235,스트레칭,29.97,1080,1920*1080,짐볼,공통,21809,0AUDLJ08S_00049_SC_00230.jpeg,2021,1인 이상,841,한국어,어깨 스트레칭,20221028,유연성,짐볼을 활용한 스트레칭 프로그램,727.693,mp4,0AUDLJ08S_00049.mp4,http://openapi.kspo.or.kr/web/image/0AUDLJ08S_00049/,40,동영상,어깨
스트레칭(짐볼),http://openapi.kspo.or.kr/web/video/,짐볼을 활용한 유연성 운동 프로그램,140302235,스트레칭,29.97,1081,1920*1080,짐볼,공통,22824,0AUDLJ08S_00049_SC_00240.jpeg,2021,1인 이상,841,한국어,몸통 측면 스트레칭,20221028,유연성,짐볼을 활용한 스트레칭 프로그램,761.56,mp4,0AUDLJ08S_00049.mp4,http://openapi.kspo.or.kr/web/image/0AUDLJ08S_00049/,41,동영상,옆구리
스트레칭(짐볼),http://openapi.kspo.or.kr/web/video/,짐볼을 활용한 유연성 운동 프로그램,140302235,스트레칭,29.97,1082,1920*1080,짐볼,공통,22969,0AUDLJ08S_00049_SC_00242.jpeg,2021,1인 이상,841,한국어,몸통 측면 스트레칭,20221028,유연성,짐볼을 활용한 스트레칭 프로그램,766.398,mp4,0AUDLJ08S_00049.mp4,http://openapi.kspo.or.kr/web/image/0AUDLJ08S_00049/,42,동영상,옆구리
스트레칭(짐볼),http://openapi.kspo.or.kr/web/video/,짐볼을 활용한 유연성 운동 프로그램,140302235,스트레칭,29.97,1083,1920*1080,짐볼,공통,23201,0AUDLJ08S_00049_SC_00249.jpeg,2021,1인 이상,841,한국어,몸통 측면 스트레칭,20221028,유연성,짐볼을 활용한 스트레칭 프로그램,774.14,mp4,0AUDLJ08S_00049.mp4,http://openapi.kspo.or.kr/web/image/0AUDLJ08S_00049/,43,동영상,옆구리
스트레칭(짐볼),http://openapi.kspo.or.kr/web/video/,짐볼을 활용한 유연성 운동 프로그램,140302235,스트레칭,29.97,1084,1920*1080,짐볼,공통,23404,0AUDLJ08S_00049_SC_00251.jpeg,2021,1인 이상,841,한국어,몸통 측면 스트레칭,20221028,유연성,짐볼을 활용한 스트레칭 프로그램,780.913,mp4,0AUDLJ08S_00049.mp4,http://openapi.kspo.or.kr/web/image/0AUDLJ08S_00049/,44,동영상,옆구리
스트레칭(짐볼),http://openapi.kspo.or.kr/web/video/,짐볼을 활용한 유연성 운동 프로그램,140302235,스트레칭,29.97,1085,1920*1080,짐볼,공통,24274,0AUDLJ08S_00049_SC_00261.jpeg,2021,1인 이상,841,한국어,몸통 돌려 스트레칭,20221028,유연성,짐볼을 활용한 스트레칭 프로그램,809.942,mp4,0AUDLJ08S_00049.mp4,http://openapi.kspo.or.kr/web/image/0AUDLJ08S_00049/,45,동영상,허리
스트레칭(짐볼),http://openapi.kspo.or.kr/web/video/,짐볼을 활용한 유연성 운동 프로그램,140302235,스트레칭,29.97,1086,1920*1080,짐볼,공통,24680,0AUDLJ08S_00049_SC_00264.jpeg,2021,1인 이상,841,한국어,몸통 돌려 스트레칭,20221028,유연성,짐볼을 활용한 스트레칭 프로그램,823.489,mp4,0AUDLJ08S_00049.mp4,http://openapi.kspo.or.kr/web/image/0AUDLJ08S_00049/,46,동영상,허리
근력 운동(짐볼),http://openapi.kspo.or.kr/web/video/,짐볼을 활용한 근력운동 프로그램,203502619,근력운동,29.97,1087,1920*1080,짐볼,공통,59,0AUDLJ08S_00050_SC_00001.jpeg,2021,1인 이상,1224,한국어,,20221007,근력/근지구력,짐볼을 활용한 근력운동 프로그램,1.968,mp4,0AUDLJ08S_00050.mp4,http://openapi.kspo.or.kr/web/image/0AUDLJ08S_00050/,1,동영상,
근력 운동(짐볼),http://openapi.kspo.or.kr/web/video/,짐볼을 활용한 근력운동 프로그램,203502619,근력운동,29.97,1088,1920*1080,짐볼,공통,88,0AUDLJ08S_00050_SC_00002.jpeg,2021,1인 이상,1224,한국어,,20221007,근력/근지구력,짐볼을 활용한 근력운동 프로그램,2.936,mp4,0AUDLJ08S_00050.mp4,http://openapi.kspo.or.kr/web/image/0AUDLJ08S_00050/,2,동영상,
근력 운동(짐볼),http://openapi.kspo.or.kr/web/video/,짐볼을 활용한 근력운동 프로그램,203502619,근력운동,29.97,1089,1920*1080,짐볼,공통,146,0AUDLJ08S_00050_SC_00004.jpeg,2021,1인 이상,1224,한국어,,20221007,근력/근지구력,짐볼을 활용한 근력운동 프로그램,4.871,mp4,0AUDLJ08S_00050.mp4,http://openapi.kspo.or.kr/web/image/0AUDLJ08S_00050/,3,동영상,
근력 운동(짐볼),http://openapi.kspo.or.kr/web/video/,짐볼을 활용한 근력운동 프로그램,203502619,근력운동,29.97,1090,1920*1080,짐볼,공통,320,0AUDLJ08S_00050_SC_00006.jpeg,2021,1인 이상,1224,한국어,,20221007,근력/근지구력,짐볼을 활용한 근력운동 프로그램,10.677,mp4,0AUDLJ08S_00050.mp4,http://openapi.kspo.or.kr/web/image/0AUDLJ08S_00050/,4,동영상,
근력 운동(짐볼),http://openapi.kspo.or.kr/web/video/,짐볼을 활용한 근력운동 프로그램,203502619,근력운동,29.97,1091,1920*1080,짐볼,공통,552,0AUDLJ08S_00050_SC_00007.jpeg,2021,1인 이상,1224,한국어,,20221007,근력/근지구력,짐볼을 활용한 근력운동 프로그램,18.418,mp4,0AUDLJ08S_00050.mp4,http://openapi.kspo.or.kr/web/image/0AUDLJ08S_00050/,5,동영상,
근력 운동(짐볼),http://openapi.kspo.or.kr/web/video/,짐볼을 활용한 근력운동 프로그램,203502619,근력운동,29.97,1092,1920*1080,짐볼,공통,639,0AUDLJ08S_00050_SC_00008.jpeg,2021,1인 이상,1224,한국어,,20221007,근력/근지구력,짐볼을 활용한 근력운동 프로그램,21.321,mp4,0AUDLJ08S_00050.mp4,http://openapi.kspo.or.kr/web/image/0AUDLJ08S_00050/,6,동영상,
근력 운동(짐볼),http://openapi.kspo.or.kr/web/video/,짐볼을 활용한 근력운동 프로그램,203502619,근력운동,29.97,1093,1920*1080,짐볼,공통,726,0AUDLJ08S_00050_SC_00010.jpeg,2021,1인 이상,1224,한국어,앞으로 팔 들기,20221007,근력/근지구력,짐볼을 활용한 근력운동 프로그램,24.224,mp4,0AUDLJ08S_00050.mp4,http://openapi.kspo.or.kr/web/image/0AUDLJ08S_00050/,7,동영상,팔/어깨
근력 운동(짐볼),http://openapi.kspo.or.kr/web/video/,짐볼을 활용한 근력운동 프로그램,203502619,근력운동,29.97,1094,1920*1080,짐볼,공통,871,0AUDLJ08S_00050_SC_00011.jpeg,2021,1인 이상,1224,한국어,앞으로 팔 들기,20221007,근력/근지구력,짐볼을 활용한 근력운동 프로그램,29.062,mp4,0AUDLJ08S_00050.mp4,http://openapi.kspo.or.kr/web/image/0AUDLJ08S_00050/,8,동영상,팔/어깨
근력 운동(짐볼),http://openapi.kspo.or.kr/web/video/,짐볼을 활용한 근력운동 프로그램,203502619,근력운동,29.97,1095,1920*1080,짐볼,공통,929,0AUDLJ08S_00050_SC_00012.jpeg,2021,1인 이상,1224,한국어,앞으로 팔 들기,20221007,근력/근지구력,짐볼을 활용한 근력운동 프로그램,30.997,mp4,0AUDLJ08S_00050.mp4,http://openapi.kspo.or.kr/web/image/0AUDLJ08S_00050/,9,동영상,팔/어깨
근력 운동(짐볼),http://openapi.kspo.or.kr/web/video/,짐볼을 활용한 근력운동 프로그램,203502619,근력운동,29.97,1096,1920*1080,짐볼,공통,1016,0AUDLJ08S_00050_SC_00013.jpeg,2021,1인 이상,1224,한국어,앞으로 팔 들기,20221007,근력/근지구력,짐볼을 활용한 근력운동 프로그램,33.9,mp4,0AUDLJ08S_00050.mp4,http://openapi.kspo.or.kr/web/image/0AUDLJ08S_00050/,10,동영상,팔/어깨
근력 운동(짐볼),http://openapi.kspo.or.kr/web/video/,짐볼을 활용한 근력운동 프로그램,203502619,근력운동,29.97,1097,1920*1080,짐볼,공통,1045,0AUDLJ08S_00050_SC_00014.jpeg,2021,1인 이상,1224,한국어,앞으로 팔 들기,20221007,근력/근지구력,짐볼을 활용한 근력운동 프로그램,34.868,mp4,0AUDLJ08S_00050.mp4,http://openapi.kspo.or.kr/web/image/0AUDLJ08S_00050/,11,동영상,팔/어깨
근력 운동(짐볼),http://openapi.kspo.or.kr/web/video/,짐볼을 활용한 근력운동 프로그램,203502619,근력운동,29.97,1098,1920*1080,짐볼,공통,1132,0AUDLJ08S_00050_SC_00015.jpeg,2021,1인 이상,1224,한국어,앞으로 팔 들기,20221007,근력/근지구력,짐볼을 활용한 근력운동 프로그램,37.771,mp4,0AUDLJ08S_00050.mp4,http://openapi.kspo.or.kr/web/image/0AUDLJ08S_00050/,12,동영상,팔/어깨
근력 운동(짐볼),http://openapi.kspo.or.kr/web/video/,짐볼을 활용한 근력운동 프로그램,203502619,근력운동,29.97,1099,1920*1080,짐볼,공통,1277,0AUDLJ08S_00050_SC_00016.jpeg,2021,1인 이상,1224,한국어,앞으로 팔 들기,20221007,근력/근지구력,짐볼을 활용한 근력운동 프로그램,42.609,mp4,0AUDLJ08S_00050.mp4,http://openapi.kspo.or.kr/web/image/0AUDLJ08S_00050/,13,동영상,팔/어깨
근력 운동(짐볼),http://openapi.kspo.or.kr/web/video/,짐볼을 활용한 근력운동 프로그램,203502619,근력운동,29.97,1100,1920*1080,짐볼,공통,1451,0AUDLJ08S_00050_SC_00017.jpeg,2021,1인 이상,1224,한국어,공 머리 위로 들기,20221007,근력/근지구력,짐볼을 활용한 근력운동 프로그램,48.415,mp4,0AUDLJ08S_00050.mp4,http://openapi.kspo.or.kr/web/image/0AUDLJ08S_00050/,14,동영상,팔/어깨
근력 운동(짐볼),http://openapi.kspo.or.kr/web/video/,짐볼을 활용한 근력운동 프로그램,203502619,근력운동,29.97,1101,1920*1080,짐볼,공통,1654,0AUDLJ08S_00050_SC_00018.jpeg,2021,1인 이상,1224,한국어,공 머리 위로 들기,20221007,근력/근지구력,짐볼을 활용한 근력운동 프로그램,55.188,mp4,0AUDLJ08S_00050.mp4,http://openapi.kspo.or.kr/web/image/0AUDLJ08S_00050/,15,동영상,팔/어깨
근력 운동(짐볼),http://openapi.kspo.or.kr/web/video/,짐볼을 활용한 근력운동 프로그램,203502619,근력운동,29.97,1102,1920*1080,짐볼,공통,1828,0AUDLJ08S_00050_SC_00019.jpeg,2021,1인 이상,1224,한국어,공 머리 위로 들기,20221007,근력/근지구력,짐볼을 활용한 근력운동 프로그램,60.994,mp4,0AUDLJ08S_00050.mp4,http://openapi.kspo.or.kr/web/image/0AUDLJ08S_00050/,16,동영상,팔/어깨
근력 운동(짐볼),http://openapi.kspo.or.kr/web/video/,짐볼을 활용한 근력운동 프로그램,203502619,근력운동,29.97,1103,1920*1080,짐볼,공통,1973,0AUDLJ08S_00050_SC_00020.jpeg,2021,1인 이상,1224,한국어,공 머리 위로 들기,20221007,근력/근지구력,짐볼을 활용한 근력운동 프로그램,65.832,mp4,0AUDLJ08S_00050.mp4,http://openapi.kspo.or.kr/web/image/0AUDLJ08S_00050/,17,동영상,팔/어깨
근력 운동(짐볼),http://openapi.kspo.or.kr/web/video/,짐볼을 활용한 근력운동 프로그램,203502619,근력운동,29.97,1104,1920*1080,짐볼,공통,2089,0AUDLJ08S_00050_SC_00021.jpeg,2021,1인 이상,1224,한국어,공 머리 위로 들기,20221007,근력/근지구력,짐볼을 활용한 근력운동 프로그램,69.702,mp4,0AUDLJ08S_00050.mp4,http://openapi.kspo.or.kr/web/image/0AUDLJ08S_00050/,18,동영상,팔/어깨
근력 운동(짐볼),http://openapi.kspo.or.kr/web/video/,짐볼을 활용한 근력운동 프로그램,203502619,근력운동,29.97,1105,1920*1080,짐볼,공통,2205,0AUDLJ08S_00050_SC_00022.jpeg,2021,1인 이상,1224,한국어,공 머리 위로 들기,20221007,근력/근지구력,짐볼을 활용한 근력운동 프로그램,73.573,mp4,0AUDLJ08S_00050.mp4,http://openapi.kspo.or.kr/web/image/0AUDLJ08S_00050/,19,동영상,팔/어깨
근력 운동(짐볼),http://openapi.kspo.or.kr/web/video/,짐볼을 활용한 근력운동 프로그램,203502619,근력운동,29.97,1106,1920*1080,짐볼,공통,2495,0AUDLJ08S_00050_SC_00023.jpeg,2021,1인 이상,1224,한국어,상체 숙여 팔 들어 올리기,20221007,근력/근지구력,짐볼을 활용한 근력운동 프로그램,83.249,mp4,0AUDLJ08S_00050.mp4,http://openapi.kspo.or.kr/web/image/0AUDLJ08S_00050/,20,동영상,전신
근력 운동(짐볼),http://openapi.kspo.or.kr/web/video/,짐볼을 활용한 근력운동 프로그램,203502619,근력운동,29.97,1107,1920*1080,짐볼,공통,2611,0AUDLJ08S_00050_SC_00024.jpeg,2021,1인 이상,1224,한국어,상체 숙여 팔 들어 올리기,20221007,근력/근지구력,짐볼을 활용한 근력운동 프로그램,87.12,mp4,0AUDLJ08S_00050.mp4,http://openapi.kspo.or.kr/web/image/0AUDLJ08S_00050/,21,동영상,전신
근력 운동(짐볼),http://openapi.kspo.or.kr/web/video/,짐볼을 활용한 근력운동 프로그램,203502619,근력운동,29.97,1108,1920*1080,짐볼,공통,2756,0AUDLJ08S_00050_SC_00025.jpeg,2021,1인 이상,1224,한국어,상체 숙여 팔 들어 올리기,20221007,근력/근지구력,짐볼을 활용한 근력운동 프로그램,91.958,mp4,0AUDLJ08S_00050.mp4,http://openapi.kspo.or.kr/web/image/0AUDLJ08S_00050/,22,동영상,전신
근력 운동(짐볼),http://openapi.kspo.or.kr/web/video/,짐볼을 활용한 근력운동 프로그램,203502619,근력운동,29.97,1109,1920*1080,짐볼,공통,2901,0AUDLJ08S_00050_SC_00026.jpeg,2021,1인 이상,1224,한국어,상체 숙여 팔 들어 올리기,20221007,근력/근지구력,짐볼을 활용한 근력운동 프로그램,96.796,mp4,0AUDLJ08S_00050.mp4,http://openapi.kspo.or.kr/web/image/0AUDLJ08S_00050/,23,동영상,전신
근력 운동(짐볼),http://openapi.kspo.or.kr/web/video/,짐볼을 활용한 근력운동 프로그램,203502619,근력운동,29.97,1110,1920*1080,짐볼,공통,3394,0AUDLJ08S_00050_SC_00027.jpeg,2021,1인 이상,1224,한국어,상체 옆으로 숙여 일어나기,20221007,근력/근지구력,짐볼을 활용한 근력운동 프로그램,113.246,mp4,0AUDLJ08S_00050.mp4,http://openapi.kspo.or.kr/web/image/0AUDLJ08S_00050/,24,동영상,옆구리
근력 운동(짐볼),http://openapi.kspo.or.kr/web/video/,짐볼을 활용한 근력운동 프로그램,203502619,근력운동,29.97,1111,1920*1080,짐볼,공통,3626,0AUDLJ08S_00050_SC_00028.jpeg,2021,1인 이상,1224,한국어,상체 옆으로 숙여 일어나기,20221007,근력/근지구력,짐볼을 활용한 근력운동 프로그램,120.987,mp4,0AUDLJ08S_00050.mp4,http://openapi.kspo.or.kr/web/image/0AUDLJ08S_00050/,25,동영상,옆구리
근력 운동(짐볼),http://openapi.kspo.or.kr/web/video/,짐볼을 활용한 근력운동 프로그램,203502619,근력운동,29.97,1112,1920*1080,짐볼,공통,3742,0AUDLJ08S_00050_SC_00029.jpeg,2021,1인 이상,1224,한국어,상체 옆으로 숙여 일어나기,20221007,근력/근지구력,짐볼을 활용한 근력운동 프로그램,124.858,mp4,0AUDLJ08S_00050.mp4,http://openapi.kspo.or.kr/web/image/0AUDLJ08S_00050/,26,동영상,옆구리
근력 운동(짐볼),http://openapi.kspo.or.kr/web/video/,짐볼을 활용한 근력운동 프로그램,203502619,근력운동,29.97,1113,1920*1080,짐볼,공통,3974,0AUDLJ08S_00050_SC_00030.jpeg,2021,1인 이상,1224,한국어,무릎 들어올리기,20221007,근력/근지구력,짐볼을 활용한 근력운동 프로그램,132.599,mp4,0AUDLJ08S_00050.mp4,http://openapi.kspo.or.kr/web/image/0AUDLJ08S_00050/,27,동영상,하체/복근
근력 운동(짐볼),http://openapi.kspo.or.kr/web/video/,짐볼을 활용한 근력운동 프로그램,203502619,근력운동,29.97,1114,1920*1080,짐볼,공통,4119,0AUDLJ08S_00050_SC_00031.jpeg,2021,1인 이상,1224,한국어,무릎 들어올리기,20221007,근력/근지구력,짐볼을 활용한 근력운동 프로그램,137.437,mp4,0AUDLJ08S_00050.mp4,http://openapi.kspo.or.kr/web/image/0AUDLJ08S_00050/,28,동영상,하체/복근
근력 운동(짐볼),http://openapi.kspo.or.kr/web/video/,짐볼을 활용한 근력운동 프로그램,203502619,근력운동,29.97,1115,1920*1080,짐볼,공통,4177,0AUDLJ08S_00050_SC_00032.jpeg,2021,1인 이상,1224,한국어,무릎 들어올리기,20221007,근력/근지구력,짐볼을 활용한 근력운동 프로그램,139.372,mp4,0AUDLJ08S_00050.mp4,http://openapi.kspo.or.kr/web/image/0AUDLJ08S_00050/,29,동영상,하체/복근
근력 운동(짐볼),http://openapi.kspo.or.kr/web/video/,짐볼을 활용한 근력운동 프로그램,203502619,근력운동,29.97,1116,1920*1080,짐볼,공통,4322,0AUDLJ08S_00050_SC_00033.jpeg,2021,1인 이상,1224,한국어,무릎 들어올리기,20221007,근력/근지구력,짐볼을 활용한 근력운동 프로그램,144.21,mp4,0AUDLJ08S_00050.mp4,http://openapi.kspo.or.kr/web/image/0AUDLJ08S_00050/,30,동영상,하체/복근
근력 운동(짐볼),http://openapi.kspo.or.kr/web/video/,짐볼을 활용한 근력운동 프로그램,203502619,근력운동,29.97,1117,1920*1080,짐볼,공통,4409,0AUDLJ08S_00050_SC_00034.jpeg,2021,1인 이상,1224,한국어,무릎 들어올리기,20221007,근력/근지구력,짐볼을 활용한 근력운동 프로그램,147.113,mp4,0AUDLJ08S_00050.mp4,http://openapi.kspo.or.kr/web/image/0AUDLJ08S_00050/,31,동영상,하체/복근
근력 운동(짐볼),http://openapi.kspo.or.kr/web/video/,짐볼을 활용한 근력운동 프로그램,203502619,근력운동,29.97,1118,1920*1080,짐볼,공통,4554,0AUDLJ08S_00050_SC_00035.jpeg,2021,1인 이상,1224,한국어,다리 들어올리기,20221007,근력/근지구력,짐볼을 활용한 근력운동 프로그램,151.951,mp4,0AUDLJ08S_00050.mp4,http://openapi.kspo.or.kr/web/image/0AUDLJ08S_00050/,32,동영상,하체/복근
근력 운동(짐볼),http://openapi.kspo.or.kr/web/video/,짐볼을 활용한 근력운동 프로그램,203502619,근력운동,29.97,1119,1920*1080,짐볼,공통,4670,0AUDLJ08S_00050_SC_00036.jpeg,2021,1인 이상,1224,한국어,다리 들어올리기,20221007,근력/근지구력,짐볼을 활용한 근력운동 프로그램,155.822,mp4,0AUDLJ08S_00050.mp4,http://openapi.kspo.or.kr/web/image/0AUDLJ08S_00050/,33,동영상,하체/복근
근력 운동(짐볼),http://openapi.kspo.or.kr/web/video/,짐볼을 활용한 근력운동 프로그램,203502619,근력운동,29.97,1120,1920*1080,짐볼,공통,4757,0AUDLJ08S_00050_SC_00037.jpeg,2021,1인 이상,1224,한국어,다리 들어올리기,20221007,근력/근지구력,짐볼을 활용한 근력운동 프로그램,158.725,mp4,0AUDLJ08S_00050.mp4,http://openapi.kspo.or.kr/web/image/0AUDLJ08S_00050/,34,동영상,하체/복근
근력 운동(짐볼),http://openapi.kspo.or.kr/web/video/,짐볼을 활용한 근력운동 프로그램,203502619,근력운동,29.97,1121,1920*1080,짐볼,공통,4873,0AUDLJ08S_00050_SC_00038.jpeg,2021,1인 이상,1224,한국어,다리 들어올리기,20221007,근력/근지구력,짐볼을 활용한 근력운동 프로그램,162.595,mp4,0AUDLJ08S_00050.mp4,http://openapi.kspo.or.kr/web/image/0AUDLJ08S_00050/,35,동영상,하체/복근
근력 운동(짐볼),http://openapi.kspo.or.kr/web/video/,짐볼을 활용한 근력운동 프로그램,203502619,근력운동,29.97,1122,1920*1080,짐볼,공통,4960,0AUDLJ08S_00050_SC_00039.jpeg,2021,1인 이상,1224,한국어,다리 들어올리기,20221007,근력/근지구력,짐볼을 활용한 근력운동 프로그램,165.498,mp4,0AUDLJ08S_00050.mp4,http://openapi.kspo.or.kr/web/image/0AUDLJ08S_00050/,36,동영상,하체/복근
근력 운동(짐볼),http://openapi.kspo.or.kr/web/video/,짐볼을 활용한 근력운동 프로그램,203502619,근력운동,29.97,1123,1920*1080,짐볼,공통,5047,0AUDLJ08S_00050_SC_00040.jpeg,2021,1인 이상,1224,한국어,다리 들어올리기,20221007,근력/근지구력,짐볼을 활용한 근력운동 프로그램,168.401,mp4,0AUDLJ08S_00050.mp4,http://openapi.kspo.or.kr/web/image/0AUDLJ08S_00050/,37,동영상,하체/복근
근력 운동(짐볼),http://openapi.kspo.or.kr/web/video/,짐볼을 활용한 근력운동 프로그램,203502619,근력운동,29.97,1124,1920*1080,짐볼,공통,5250,0AUDLJ08S_00050_SC_00041.jpeg,2021,1인 이상,1224,한국어,데드리프트,20221007,근력/근지구력,짐볼을 활용한 근력운동 프로그램,175.175,mp4,0AUDLJ08S_00050.mp4,http://openapi.kspo.or.kr/web/image/0AUDLJ08S_00050/,38,동영상,등/하체
근력 운동(짐볼),http://openapi.kspo.or.kr/web/video/,짐볼을 활용한 근력운동 프로그램,203502619,근력운동,29.97,1125,1920*1080,짐볼,공통,5453,0AUDLJ08S_00050_SC_00042.jpeg,2021,1인 이상,1224,한국어,데드리프트,20221007,근력/근지구력,짐볼을 활용한 근력운동 프로그램,181.948,mp4,0AUDLJ08S_00050.mp4,http://openapi.kspo.or.kr/web/image/0AUDLJ08S_00050/,39,동영상,등/하체
근력 운동(짐볼),http://openapi.kspo.or.kr/web/video/,짐볼을 활용한 근력운동 프로그램,203502619,근력운동,29.97,1126,1920*1080,짐볼,공통,5540,0AUDLJ08S_00050_SC_00043.jpeg,2021,1인 이상,1224,한국어,데드리프트,20221007,근력/근지구력,짐볼을 활용한 근력운동 프로그램,184.851,mp4,0AUDLJ08S_00050.mp4,http://openapi.kspo.or.kr/web/image/0AUDLJ08S_00050/,40,동영상,등/하체
근력 운동(짐볼),http://openapi.kspo.or.kr/web/video/,짐볼을 활용한 근력운동 프로그램,203502619,근력운동,29.97,1127,1920*1080,짐볼,공통,5569,0AUDLJ08S_00050_SC_00044.jpeg,2021,1인 이상,1224,한국어,데드리프트,20221007,근력/근지구력,짐볼을 활용한 근력운동 프로그램,185.818,mp4,0AUDLJ08S_00050.mp4,http://openapi.kspo.or.kr/web/image/0AUDLJ08S_00050/,41,동영상,등/하체
근력 운동(짐볼),http://openapi.kspo.or.kr/web/video/,짐볼을 활용한 근력운동 프로그램,203502619,근력운동,29.97,1128,1920*1080,짐볼,공통,5627,0AUDLJ08S_00050_SC_00045.jpeg,2021,1인 이상,1224,한국어,데드리프트,20221007,근력/근지구력,짐볼을 활용한 근력운동 프로그램,187.754,mp4,0AUDLJ08S_00050.mp4,http://openapi.kspo.or.kr/web/image/0AUDLJ08S_00050/,42,동영상,등/하체
근력 운동(짐볼),http://openapi.kspo.or.kr/web/video/,짐볼을 활용한 근력운동 프로그램,203502619,근력운동,29.97,1129,1920*1080,짐볼,공통,5656,0AUDLJ08S_00050_SC_00046.jpeg,2021,1인 이상,1224,한국어,데드리프트,20221007,근력/근지구력,짐볼을 활용한 근력운동 프로그램,188.721,mp4,0AUDLJ08S_00050.mp4,http://openapi.kspo.or.kr/web/image/0AUDLJ08S_00050/,43,동영상,등/하체
근력 운동(짐볼),http://openapi.kspo.or.kr/web/video/,짐볼을 활용한 근력운동 프로그램,203502619,근력운동,29.97,1130,1920*1080,짐볼,공통,5946,0AUDLJ08S_00050_SC_00047.jpeg,2021,1인 이상,1224,한국어,데드리프트,20221007,근력/근지구력,짐볼을 활용한 근력운동 프로그램,198.398,mp4,0AUDLJ08S_00050.mp4,http://openapi.kspo.or.kr/web/image/0AUDLJ08S_00050/,44,동영상,등/하체
근력 운동(짐볼),http://openapi.kspo.or.kr/web/video/,짐볼을 활용한 근력운동 프로그램,203502619,근력운동,29.97,1131,1920*1080,짐볼,공통,6236,0AUDLJ08S_00050_SC_00048.jpeg,2021,1인 이상,1224,한국어,뒤로 다리 들어올리기,20221007,근력/근지구력,짐볼을 활용한 근력운동 프로그램,208.074,mp4,0AUDLJ08S_00050.mp4,http://openapi.kspo.or.kr/web/image/0AUDLJ08S_00050/,45,동영상,등/하체
근력 운동(짐볼),http://openapi.kspo.or.kr/web/video/,짐볼을 활용한 근력운동 프로그램,203502619,근력운동,29.97,1132,1920*1080,짐볼,공통,6323,0AUDLJ08S_00050_SC_00049.jpeg,2021,1인 이상,1224,한국어,뒤로 다리 들어올리기,20221007,근력/근지구력,짐볼을 활용한 근력운동 프로그램,210.977,mp4,0AUDLJ08S_00050.mp4,http://openapi.kspo.or.kr/web/image/0AUDLJ08S_00050/,46,동영상,등/하체
근력 운동(짐볼),http://openapi.kspo.or.kr/web/video/,짐볼을 활용한 근력운동 프로그램,203502619,근력운동,29.97,1133,1920*1080,짐볼,공통,6439,0AUDLJ08S_00050_SC_00050.jpeg,2021,1인 이상,1224,한국어,뒤로 다리 들어올리기,20221007,근력/근지구력,짐볼을 활용한 근력운동 프로그램,214.847,mp4,0AUDLJ08S_00050.mp4,http://openapi.kspo.or.kr/web/image/0AUDLJ08S_00050/,47,동영상,등/하체
근력 운동(짐볼),http://openapi.kspo.or.kr/web/video/,짐볼을 활용한 근력운동 프로그램,203502619,근력운동,29.97,1134,1920*1080,짐볼,공통,6526,0AUDLJ08S_00050_SC_00051.jpeg,2021,1인 이상,1224,한국어,뒤로 다리 들어올리기,20221007,근력/근지구력,짐볼을 활용한 근력운동 프로그램,217.75,mp4,0AUDLJ08S_00050.mp4,http://openapi.kspo.or.kr/web/image/0AUDLJ08S_00050/,48,동영상,등/하체
근력 운동(짐볼),http://openapi.kspo.or.kr/web/video/,짐볼을 활용한 근력운동 프로그램,203502619,근력운동,29.97,1135,1920*1080,짐볼,공통,6584,0AUDLJ08S_00050_SC_00052.jpeg,2021,1인 이상,1224,한국어,뒤로 다리 들어올리기,20221007,근력/근지구력,짐볼을 활용한 근력운동 프로그램,219.686,mp4,0AUDLJ08S_00050.mp4,http://openapi.kspo.or.kr/web/image/0AUDLJ08S_00050/,49,동영상,등/하체
근력 운동(짐볼),http://openapi.kspo.or.kr/web/video/,짐볼을 활용한 근력운동 프로그램,203502619,근력운동,29.97,1136,1920*1080,짐볼,공통,6642,0AUDLJ08S_00050_SC_00053.jpeg,2021,1인 이상,1224,한국어,뒤로 다리 들어올리기,20221007,근력/근지구력,짐볼을 활용한 근력운동 프로그램,221.621,mp4,0AUDLJ08S_00050.mp4,http://openapi.kspo.or.kr/web/image/0AUDLJ08S_00050/,50,동영상,등/하체
근력 운동(짐볼),http://openapi.kspo.or.kr/web/video/,짐볼을 활용한 근력운동 프로그램,203502619,근력운동,29.97,1137,1920*1080,짐볼,공통,6729,0AUDLJ08S_00050_SC_00054.jpeg,2021,1인 이상,1224,한국어,뒤로 다리 들어올리기,20221007,근력/근지구력,짐볼을 활용한 근력운동 프로그램,224.524,mp4,0AUDLJ08S_00050.mp4,http://openapi.kspo.or.kr/web/image/0AUDLJ08S_00050/,51,동영상,등/하체
근력 운동(짐볼),http://openapi.kspo.or.kr/web/video/,짐볼을 활용한 근력운동 프로그램,203502619,근력운동,29.97,1138,1920*1080,짐볼,공통,7048,0AUDLJ08S_00050_SC_00055.jpeg,2021,1인 이상,1224,한국어,뒤로 다리 들어올리기,20221007,근력/근지구력,짐볼을 활용한 근력운동 프로그램,235.168,mp4,0AUDLJ08S_00050.mp4,http://openapi.kspo.or.kr/web/image/0AUDLJ08S_00050/,52,동영상,등/하체
근력 운동(짐볼),http://openapi.kspo.or.kr/web/video/,짐볼을 활용한 근력운동 프로그램,203502619,근력운동,29.97,1139,1920*1080,짐볼,공통,7164,0AUDLJ08S_00050_SC_00056.jpeg,2021,1인 이상,1224,한국어,뒤로 다리 들어올리기,20221007,근력/근지구력,짐볼을 활용한 근력운동 프로그램,239.038,mp4,0AUDLJ08S_00050.mp4,http://openapi.kspo.or.kr/web/image/0AUDLJ08S_00050/,53,동영상,등/하체
근력 운동(짐볼),http://openapi.kspo.or.kr/web/video/,짐볼을 활용한 근력운동 프로그램,203502619,근력운동,29.97,1140,1920*1080,짐볼,공통,7309,0AUDLJ08S_00050_SC_00057.jpeg,2021,1인 이상,1224,한국어,뒤로 다리 들어올리기,20221007,근력/근지구력,짐볼을 활용한 근력운동 프로그램,243.876,mp4,0AUDLJ08S_00050.mp4,http://openapi.kspo.or.kr/web/image/0AUDLJ08S_00050/,54,동영상,등/하체
근력 운동(짐볼),http://openapi.kspo.or.kr/web/video/,짐볼을 활용한 근력운동 프로그램,203502619,근력운동,29.97,1141,1920*1080,짐볼,공통,7512,0AUDLJ08S_00050_SC_00058.jpeg,2021,1인 이상,1224,한국어,벽에 기대서 앉았다 일어서기,20221007,근력/근지구력,짐볼을 활용한 근력운동 프로그램,250.65,mp4,0AUDLJ08S_00050.mp4,http://openapi.kspo.or.kr/web/image/0AUDLJ08S_00050/,55,동영상,하체
근력 운동(짐볼),http://openapi.kspo.or.kr/web/video/,짐볼을 활용한 근력운동 프로그램,203502619,근력운동,29.97,1142,1920*1080,짐볼,공통,7628,0AUDLJ08S_00050_SC_00059.jpeg,2021,1인 이상,1224,한국어,벽에 기대서 앉았다 일어서기,20221007,근력/근지구력,짐볼을 활용한 근력운동 프로그램,254.52,mp4,0AUDLJ08S_00050.mp4,http://openapi.kspo.or.kr/web/image/0AUDLJ08S_00050/,56,동영상,하체
근력 운동(짐볼),http://openapi.kspo.or.kr/web/video/,짐볼을 활용한 근력운동 프로그램,203502619,근력운동,29.97,1143,1920*1080,짐볼,공통,7715,0AUDLJ08S_00050_SC_00060.jpeg,2021,1인 이상,1224,한국어,벽에 기대서 앉았다 일어서기,20221007,근력/근지구력,짐볼을 활용한 근력운동 프로그램,257.423,mp4,0AUDLJ08S_00050.mp4,http://openapi.kspo.or.kr/web/image/0AUDLJ08S_00050/,57,동영상,하체
근력 운동(짐볼),http://openapi.kspo.or.kr/web/video/,짐볼을 활용한 근력운동 프로그램,203502619,근력운동,29.97,1144,1920*1080,짐볼,공통,7918,0AUDLJ08S_00050_SC_00061.jpeg,2021,1인 이상,1224,한국어,벽에 기대서 앉았다 일어서기,20221007,근력/근지구력,짐볼을 활용한 근력운동 프로그램,264.197,mp4,0AUDLJ08S_00050.mp4,http://openapi.kspo.or.kr/web/image/0AUDLJ08S_00050/,58,동영상,하체
근력 운동(짐볼),http://openapi.kspo.or.kr/web/video/,짐볼을 활용한 근력운동 프로그램,203502619,근력운동,29.97,1145,1920*1080,짐볼,공통,8121,0AUDLJ08S_00050_SC_00062.jpeg,2021,1인 이상,1224,한국어,벽에 기대서 앉았다 일어서기,20221007,근력/근지구력,짐볼을 활용한 근력운동 프로그램,270.97,mp4,0AUDLJ08S_00050.mp4,http://openapi.kspo.or.kr/web/image/0AUDLJ08S_00050/,59,동영상,하체
근력 운동(짐볼),http://openapi.kspo.or.kr/web/video/,짐볼을 활용한 근력운동 프로그램,203502619,근력운동,29.97,1146,1920*1080,짐볼,공통,8179,0AUDLJ08S_00050_SC_00063.jpeg,2021,1인 이상,1224,한국어,벽에 기대서 앉았다 일어서기,20221007,근력/근지구력,짐볼을 활용한 근력운동 프로그램,272.905,mp4,0AUDLJ08S_00050.mp4,http://openapi.kspo.or.kr/web/image/0AUDLJ08S_00050/,60,동영상,하체
근력 운동(짐볼),http://openapi.kspo.or.kr/web/video/,짐볼을 활용한 근력운동 프로그램,203502619,근력운동,29.97,1147,1920*1080,짐볼,공통,8208,0AUDLJ08S_00050_SC_00064.jpeg,2021,1인 이상,1224,한국어,벽에 기대서 앉았다 일어서기,20221007,근력/근지구력,짐볼을 활용한 근력운동 프로그램,273.873,mp4,0AUDLJ08S_00050.mp4,http://openapi.kspo.or.kr/web/image/0AUDLJ08S_00050/,61,동영상,하체
근력 운동(짐볼),http://openapi.kspo.or.kr/web/video/,짐볼을 활용한 근력운동 프로그램,203502619,근력운동,29.97,1148,1920*1080,짐볼,공통,8237,0AUDLJ08S_00050_SC_00065.jpeg,2021,1인 이상,1224,한국어,벽에 기대서 앉았다 일어서기,20221007,근력/근지구력,짐볼을 활용한 근력운동 프로그램,274.841,mp4,0AUDLJ08S_00050.mp4,http://openapi.kspo.or.kr/web/image/0AUDLJ08S_00050/,62,동영상,하체
근력 운동(짐볼),http://openapi.kspo.or.kr/web/video/,짐볼을 활용한 근력운동 프로그램,203502619,근력운동,29.97,1149,1920*1080,짐볼,공통,8266,0AUDLJ08S_00050_SC_00066.jpeg,2021,1인 이상,1224,한국어,벽에 기대서 앉았다 일어서기,20221007,근력/근지구력,짐볼을 활용한 근력운동 프로그램,275.808,mp4,0AUDLJ08S_00050.mp4,http://openapi.kspo.or.kr/web/image/0AUDLJ08S_00050/,63,동영상,하체
근력 운동(짐볼),http://openapi.kspo.or.kr/web/video/,짐볼을 활용한 근력운동 프로그램,203502619,근력운동,29.97,1150,1920*1080,짐볼,공통,8295,0AUDLJ08S_00050_SC_00067.jpeg,2021,1인 이상,1224,한국어,벽에 기대서 앉았다 일어서기,20221007,근력/근지구력,짐볼을 활용한 근력운동 프로그램,276.776,mp4,0AUDLJ08S_00050.mp4,http://openapi.kspo.or.kr/web/image/0AUDLJ08S_00050/,64,동영상,하체
근력 운동(짐볼),http://openapi.kspo.or.kr/web/video/,짐볼을 활용한 근력운동 프로그램,203502619,근력운동,29.97,1151,1920*1080,짐볼,공통,8324,0AUDLJ08S_00050_SC_00068.jpeg,2021,1인 이상,1224,한국어,벽에 기대서 앉았다 일어서기,20221007,근력/근지구력,짐볼을 활용한 근력운동 프로그램,277.744,mp4,0AUDLJ08S_00050.mp4,http://openapi.kspo.or.kr/web/image/0AUDLJ08S_00050/,65,동영상,하체
근력 운동(짐볼),http://openapi.kspo.or.kr/web/video/,짐볼을 활용한 근력운동 프로그램,203502619,근력운동,29.97,1152,1920*1080,짐볼,공통,8353,0AUDLJ08S_00050_SC_00069.jpeg,2021,1인 이상,1224,한국어,벽에 기대서 앉았다 일어서기,20221007,근력/근지구력,짐볼을 활용한 근력운동 프로그램,278.711,mp4,0AUDLJ08S_00050.mp4,http://openapi.kspo.or.kr/web/image/0AUDLJ08S_00050/,66,동영상,하체
근력 운동(짐볼),http://openapi.kspo.or.kr/web/video/,짐볼을 활용한 근력운동 프로그램,203502619,근력운동,29.97,1153,1920*1080,짐볼,공통,8382,0AUDLJ08S_00050_SC_00070.jpeg,2021,1인 이상,1224,한국어,벽에 기대서 앉았다 일어서기,20221007,근력/근지구력,짐볼을 활용한 근력운동 프로그램,279.679,mp4,0AUDLJ08S_00050.mp4,http://openapi.kspo.or.kr/web/image/0AUDLJ08S_00050/,67,동영상,하체
근력 운동(짐볼),http://openapi.kspo.or.kr/web/video/,짐볼을 활용한 근력운동 프로그램,203502619,근력운동,29.97,1154,1920*1080,짐볼,공통,8440,0AUDLJ08S_00050_SC_00071.jpeg,2021,1인 이상,1224,한국어,벽에 기대서 앉았다 일어서기,20221007,근력/근지구력,짐볼을 활용한 근력운동 프로그램,281.614,mp4,0AUDLJ08S_00050.mp4,http://openapi.kspo.or.kr/web/image/0AUDLJ08S_00050/,68,동영상,하체
근력 운동(짐볼),http://openapi.kspo.or.kr/web/video/,짐볼을 활용한 근력운동 프로그램,203502619,근력운동,29.97,1155,1920*1080,짐볼,공통,8469,0AUDLJ08S_00050_SC_00072.jpeg,2021,1인 이상,1224,한국어,벽에 기대서 앉았다 일어서기,20221007,근력/근지구력,짐볼을 활용한 근력운동 프로그램,282.582,mp4,0AUDLJ08S_00050.mp4,http://openapi.kspo.or.kr/web/image/0AUDLJ08S_00050/,69,동영상,하체
근력 운동(짐볼),http://openapi.kspo.or.kr/web/video/,짐볼을 활용한 근력운동 프로그램,203502619,근력운동,29.97,1156,1920*1080,짐볼,공통,8701,0AUDLJ08S_00050_SC_00073.jpeg,2021,1인 이상,1224,한국어,공 위로 한발 올리고 앉았다 일어서기,20221007,근력/근지구력,짐볼을 활용한 근력운동 프로그램,290.323,mp4,0AUDLJ08S_00050.mp4,http://openapi.kspo.or.kr/web/image/0AUDLJ08S_00050/,70,동영상,하체
근력 운동(짐볼),http://openapi.kspo.or.kr/web/video/,짐볼을 활용한 근력운동 프로그램,203502619,근력운동,29.97,1157,1920*1080,짐볼,공통,8846,0AUDLJ08S_00050_SC_00074.jpeg,2021,1인 이상,1224,한국어,공 위로 한발 올리고 앉았다 일어서기,20221007,근력/근지구력,짐볼을 활용한 근력운동 프로그램,295.161,mp4,0AUDLJ08S_00050.mp4,http://openapi.kspo.or.kr/web/image/0AUDLJ08S_00050/,71,동영상,하체
근력 운동(짐볼),http://openapi.kspo.or.kr/web/video/,짐볼을 활용한 근력운동 프로그램,203502619,근력운동,29.97,1158,1920*1080,짐볼,공통,9020,0AUDLJ08S_00050_SC_00075.jpeg,2021,1인 이상,1224,한국어,공 위로 한발 올리고 앉았다 일어서기,20221007,근력/근지구력,짐볼을 활용한 근력운동 프로그램,300.967,mp4,0AUDLJ08S_00050.mp4,http://openapi.kspo.or.kr/web/image/0AUDLJ08S_00050/,72,동영상,하체
근력 운동(짐볼),http://openapi.kspo.or.kr/web/video/,짐볼을 활용한 근력운동 프로그램,203502619,근력운동,29.97,1159,1920*1080,짐볼,공통,9078,0AUDLJ08S_00050_SC_00076.jpeg,2021,1인 이상,1224,한국어,공 위로 한발 올리고 앉았다 일어서기,20221007,근력/근지구력,짐볼을 활용한 근력운동 프로그램,302.902,mp4,0AUDLJ08S_00050.mp4,http://openapi.kspo.or.kr/web/image/0AUDLJ08S_00050/,73,동영상,하체
근력 운동(짐볼),http://openapi.kspo.or.kr/web/video/,짐볼을 활용한 근력운동 프로그램,203502619,근력운동,29.97,1160,1920*1080,짐볼,공통,9165,0AUDLJ08S_00050_SC_00077.jpeg,2021,1인 이상,1224,한국어,공 위로 한발 올리고 앉았다 일어서기,20221007,근력/근지구력,짐볼을 활용한 근력운동 프로그램,305.805,mp4,0AUDLJ08S_00050.mp4,http://openapi.kspo.or.kr/web/image/0AUDLJ08S_00050/,74,동영상,하체
근력 운동(짐볼),http://openapi.kspo.or.kr/web/video/,짐볼을 활용한 근력운동 프로그램,203502619,근력운동,29.97,1161,1920*1080,짐볼,공통,9310,0AUDLJ08S_00050_SC_00078.jpeg,2021,1인 이상,1224,한국어,공 위로 한발 올리고 앉았다 일어서기,20221007,근력/근지구력,짐볼을 활용한 근력운동 프로그램,310.643,mp4,0AUDLJ08S_00050.mp4,http://openapi.kspo.or.kr/web/image/0AUDLJ08S_00050/,75,동영상,하체
근력 운동(짐볼),http://openapi.kspo.or.kr/web/video/,짐볼을 활용한 근력운동 프로그램,203502619,근력운동,29.97,1162,1920*1080,짐볼,공통,9339,0AUDLJ08S_00050_SC_00079.jpeg,2021,1인 이상,1224,한국어,공 위로 한발 올리고 앉았다 일어서기,20221007,근력/근지구력,짐볼을 활용한 근력운동 프로그램,311.611,mp4,0AUDLJ08S_00050.mp4,http://openapi.kspo.or.kr/web/image/0AUDLJ08S_00050/,76,동영상,하체
근력 운동(짐볼),http://openapi.kspo.or.kr/web/video/,짐볼을 활용한 근력운동 프로그램,203502619,근력운동,29.97,1163,1920*1080,짐볼,공통,9368,0AUDLJ08S_00050_SC_00080.jpeg,2021,1인 이상,1224,한국어,공 위로 한발 올리고 앉았다 일어서기,20221007,근력/근지구력,짐볼을 활용한 근력운동 프로그램,312.578,mp4,0AUDLJ08S_00050.mp4,http://openapi.kspo.or.kr/web/image/0AUDLJ08S_00050/,77,동영상,하체
근력 운동(짐볼),http://openapi.kspo.or.kr/web/video/,짐볼을 활용한 근력운동 프로그램,203502619,근력운동,29.97,1164,1920*1080,짐볼,공통,9397,0AUDLJ08S_00050_SC_00081.jpeg,2021,1인 이상,1224,한국어,공 위로 한발 올리고 앉았다 일어서기,20221007,근력/근지구력,짐볼을 활용한 근력운동 프로그램,313.546,mp4,0AUDLJ08S_00050.mp4,http://openapi.kspo.or.kr/web/image/0AUDLJ08S_00050/,78,동영상,하체
근력 운동(짐볼),http://openapi.kspo.or.kr/web/video/,짐볼을 활용한 근력운동 프로그램,203502619,근력운동,29.97,1165,1920*1080,짐볼,공통,9426,0AUDLJ08S_00050_SC_00082.jpeg,2021,1인 이상,1224,한국어,공 위로 한발 올리고 앉았다 일어서기,20221007,근력/근지구력,짐볼을 활용한 근력운동 프로그램,314.514,mp4,0AUDLJ08S_00050.mp4,http://openapi.kspo.or.kr/web/image/0AUDLJ08S_00050/,79,동영상,하체
근력 운동(짐볼),http://openapi.kspo.or.kr/web/video/,짐볼을 활용한 근력운동 프로그램,203502619,근력운동,29.97,1166,1920*1080,짐볼,공통,9484,0AUDLJ08S_00050_SC_00083.jpeg,2021,1인 이상,1224,한국어,공 위로 한발 올리고 앉았다 일어서기,20221007,근력/근지구력,짐볼을 활용한 근력운동 프로그램,316.449,mp4,0AUDLJ08S_00050.mp4,http://openapi.kspo.or.kr/web/image/0AUDLJ08S_00050/,80,동영상,하체
근력 운동(짐볼),http://openapi.kspo.or.kr/web/video/,짐볼을 활용한 근력운동 프로그램,203502619,근력운동,29.97,1167,1920*1080,짐볼,공통,9571,0AUDLJ08S_00050_SC_00084.jpeg,2021,1인 이상,1224,한국어,공 위로 한발 올리고 앉았다 일어서기,20221007,근력/근지구력,짐볼을 활용한 근력운동 프로그램,319.352,mp4,0AUDLJ08S_00050.mp4,http://openapi.kspo.or.kr/web/image/0AUDLJ08S_00050/,81,동영상,하체
근력 운동(짐볼),http://openapi.kspo.or.kr/web/video/,짐볼을 활용한 근력운동 프로그램,203502619,근력운동,29.97,1168,1920*1080,짐볼,공통,9861,0AUDLJ08S_00050_SC_00085.jpeg,2021,1인 이상,1224,한국어,다리 사이에 공 끼우고 안쪽 조여주기,20221007,근력/근지구력,짐볼을 활용한 근력운동 프로그램,329.028,mp4,0AUDLJ08S_00050.mp4,http://openapi.kspo.or.kr/web/image/0AUDLJ08S_00050/,82,동영상,내전근
근력 운동(짐볼),http://openapi.kspo.or.kr/web/video/,짐볼을 활용한 근력운동 프로그램,203502619,근력운동,29.97,1169,1920*1080,짐볼,공통,9977,0AUDLJ08S_00050_SC_00086.jpeg,2021,1인 이상,1224,한국어,다리 사이에 공 끼우고 안쪽 조여주기,20221007,근력/근지구력,짐볼을 활용한 근력운동 프로그램,332.899,mp4,0AUDLJ08S_00050.mp4,http://openapi.kspo.or.kr/web/image/0AUDLJ08S_00050/,83,동영상,내전근
근력 운동(짐볼),http://openapi.kspo.or.kr/web/video/,짐볼을 활용한 근력운동 프로그램,203502619,근력운동,29.97,1170,1920*1080,짐볼,공통,10209,0AUDLJ08S_00050_SC_00087.jpeg,2021,1인 이상,1224,한국어,다리 사이에 공 끼우고 안쪽 조여주기,20221007,근력/근지구력,짐볼을 활용한 근력운동 프로그램,340.64,mp4,0AUDLJ08S_00050.mp4,http://openapi.kspo.or.kr/web/image/0AUDLJ08S_00050/,84,동영상,내전근
근력 운동(짐볼),http://openapi.kspo.or.kr/web/video/,짐볼을 활용한 근력운동 프로그램,203502619,근력운동,29.97,1171,1920*1080,짐볼,공통,10412,0AUDLJ08S_00050_SC_00088.jpeg,2021,1인 이상,1224,한국어,다리 사이에 공 끼우고 안쪽 조여주기,20221007,근력/근지구력,짐볼을 활용한 근력운동 프로그램,347.413,mp4,0AUDLJ08S_00050.mp4,http://openapi.kspo.or.kr/web/image/0AUDLJ08S_00050/,85,동영상,내전근
근력 운동(짐볼),http://openapi.kspo.or.kr/web/video/,짐볼을 활용한 근력운동 프로그램,203502619,근력운동,29.97,1172,1920*1080,짐볼,공통,10615,0AUDLJ08S_00050_SC_00089.jpeg,2021,1인 이상,1224,한국어,다리 사이에 공 끼우고 안쪽 조여주기,20221007,근력/근지구력,짐볼을 활용한 근력운동 프로그램,354.187,mp4,0AUDLJ08S_00050.mp4,http://openapi.kspo.or.kr/web/image/0AUDLJ08S_00050/,86,동영상,내전근
근력 운동(짐볼),http://openapi.kspo.or.kr/web/video/,짐볼을 활용한 근력운동 프로그램,203502619,근력운동,29.97,1173,1920*1080,짐볼,공통,10789,0AUDLJ08S_00050_SC_00090.jpeg,2021,1인 이상,1224,한국어,다리 사이에 공 끼우고 안쪽 조여주기,20221007,근력/근지구력,짐볼을 활용한 근력운동 프로그램,359.992,mp4,0AUDLJ08S_00050.mp4,http://openapi.kspo.or.kr/web/image/0AUDLJ08S_00050/,87,동영상,내전근
근력 운동(짐볼),http://openapi.kspo.or.kr/web/video/,짐볼을 활용한 근력운동 프로그램,203502619,근력운동,29.97,1174,1920*1080,짐볼,공통,10876,0AUDLJ08S_00050_SC_00091.jpeg,2021,1인 이상,1224,한국어,다리 사이에 공 끼우고 안쪽 조여주기,20221007,근력/근지구력,짐볼을 활용한 근력운동 프로그램,362.895,mp4,0AUDLJ08S_00050.mp4,http://openapi.kspo.or.kr/web/image/0AUDLJ08S_00050/,88,동영상,내전근
근력 운동(짐볼),http://openapi.kspo.or.kr/web/video/,짐볼을 활용한 근력운동 프로그램,203502619,근력운동,29.97,1175,1920*1080,짐볼,공통,10905,0AUDLJ08S_00050_SC_00092.jpeg,2021,1인 이상,1224,한국어,다리 사이에 공 끼우고 안쪽 조여주기,20221007,근력/근지구력,짐볼을 활용한 근력운동 프로그램,363.863,mp4,0AUDLJ08S_00050.mp4,http://openapi.kspo.or.kr/web/image/0AUDLJ08S_00050/,89,동영상,내전근
근력 운동(짐볼),http://openapi.kspo.or.kr/web/video/,짐볼을 활용한 근력운동 프로그램,203502619,근력운동,29.97,1176,1920*1080,짐볼,공통,11050,0AUDLJ08S_00050_SC_00093.jpeg,2021,1인 이상,1224,한국어,다리 사이에 공 끼우고 안쪽 조여주기,20221007,근력/근지구력,짐볼을 활용한 근력운동 프로그램,368.701,mp4,0AUDLJ08S_00050.mp4,http://openapi.kspo.or.kr/web/image/0AUDLJ08S_00050/,90,동영상,내전근
근력 운동(짐볼),http://openapi.kspo.or.kr/web/video/,짐볼을 활용한 근력운동 프로그램,203502619,근력운동,29.97,1177,1920*1080,짐볼,공통,11224,0AUDLJ08S_00050_SC_00094.jpeg,2021,1인 이상,1224,한국어,다리 벌려 앉았다 일어서기,20221007,근력/근지구력,짐볼을 활용한 근력운동 프로그램,374.507,mp4,0AUDLJ08S_00050.mp4,http://openapi.kspo.or.kr/web/image/0AUDLJ08S_00050/,91,동영상,하체
근력 운동(짐볼),http://openapi.kspo.or.kr/web/video/,짐볼을 활용한 근력운동 프로그램,203502619,근력운동,29.97,1178,1920*1080,짐볼,공통,11282,0AUDLJ08S_00050_SC_00095.jpeg,2021,1인 이상,1224,한국어,다리 벌려 앉았다 일어서기,20221007,근력/근지구력,짐볼을 활용한 근력운동 프로그램,376.442,mp4,0AUDLJ08S_00050.mp4,http://openapi.kspo.or.kr/web/image/0AUDLJ08S_00050/,92,동영상,하체
근력 운동(짐볼),http://openapi.kspo.or.kr/web/video/,짐볼을 활용한 근력운동 프로그램,203502619,근력운동,29.97,1179,1920*1080,짐볼,공통,11485,0AUDLJ08S_00050_SC_00096.jpeg,2021,1인 이상,1224,한국어,다리 벌려 앉았다 일어서기,20221007,근력/근지구력,짐볼을 활용한 근력운동 프로그램,383.216,mp4,0AUDLJ08S_00050.mp4,http://openapi.kspo.or.kr/web/image/0AUDLJ08S_00050/,93,동영상,하체
근력 운동(짐볼),http://openapi.kspo.or.kr/web/video/,짐볼을 활용한 근력운동 프로그램,203502619,근력운동,29.97,1180,1920*1080,짐볼,공통,11717,0AUDLJ08S_00050_SC_00097.jpeg,2021,1인 이상,1224,한국어,다리 벌려 앉았다 일어서기,20221007,근력/근지구력,짐볼을 활용한 근력운동 프로그램,390.957,mp4,0AUDLJ08S_00050.mp4,http://openapi.kspo.or.kr/web/image/0AUDLJ08S_00050/,94,동영상,하체
근력 운동(짐볼),http://openapi.kspo.or.kr/web/video/,짐볼을 활용한 근력운동 프로그램,203502619,근력운동,29.97,1181,1920*1080,짐볼,공통,11746,0AUDLJ08S_00050_SC_00098.jpeg,2021,1인 이상,1224,한국어,다리 벌려 앉았다 일어서기,20221007,근력/근지구력,짐볼을 활용한 근력운동 프로그램,391.924,mp4,0AUDLJ08S_00050.mp4,http://openapi.kspo.or.kr/web/image/0AUDLJ08S_00050/,95,동영상,하체
근력 운동(짐볼),http://openapi.kspo.or.kr/web/video/,짐볼을 활용한 근력운동 프로그램,203502619,근력운동,29.97,1182,1920*1080,짐볼,공통,11775,0AUDLJ08S_00050_SC_00099.jpeg,2021,1인 이상,1224,한국어,다리 벌려 앉았다 일어서기,20221007,근력/근지구력,짐볼을 활용한 근력운동 프로그램,392.892,mp4,0AUDLJ08S_00050.mp4,http://openapi.kspo.or.kr/web/image/0AUDLJ08S_00050/,96,동영상,하체
,http://openapi.kspo.or.kr/web/video/,낙상을 예방하기 위한 운동프로그램,162334041,낙상 예방,29.97,1183,1920*1080,,공통,28624,0AUDLJ08S_00042_SC_00221.jpeg,2021,1인 이상,981,한국어,,20221007,,낙상 예방 운동프로그램,955.087,mp4,0AUDLJ08S_00042.mp4,http://openapi.kspo.or.kr/web/image/0AUDLJ08S_00042/,213,동영상,
근력 운동(짐볼),http://openapi.kspo.or.kr/web/video/,짐볼을 활용한 근력운동 프로그램,203502619,근력운동,29.97,1184,1920*1080,짐볼,공통,11804,0AUDLJ08S_00050_SC_00100.jpeg,2021,1인 이상,1224,한국어,다리 벌려 앉았다 일어서기,20221007,근력/근지구력,짐볼을 활용한 근력운동 프로그램,393.86,mp4,0AUDLJ08S_00050.mp4,http://openapi.kspo.or.kr/web/image/0AUDLJ08S_00050/,97,동영상,하체
근력 운동(짐볼),http://openapi.kspo.or.kr/web/video/,짐볼을 활용한 근력운동 프로그램,203502619,근력운동,29.97,1185,1920*1080,짐볼,공통,11833,0AUDLJ08S_00050_SC_00101.jpeg,2021,1인 이상,1224,한국어,다리 벌려 앉았다 일어서기,20221007,근력/근지구력,짐볼을 활용한 근력운동 프로그램,394.827,mp4,0AUDLJ08S_00050.mp4,http://openapi.kspo.or.kr/web/image/0AUDLJ08S_00050/,98,동영상,하체
근력 운동(짐볼),http://openapi.kspo.or.kr/web/video/,짐볼을 활용한 근력운동 프로그램,203502619,근력운동,29.97,1186,1920*1080,짐볼,공통,11862,0AUDLJ08S_00050_SC_00102.jpeg,2021,1인 이상,1224,한국어,다리 벌려 앉았다 일어서기,20221007,근력/근지구력,짐볼을 활용한 근력운동 프로그램,395.795,mp4,0AUDLJ08S_00050.mp4,http://openapi.kspo.or.kr/web/image/0AUDLJ08S_00050/,99,동영상,하체
근력 운동(짐볼),http://openapi.kspo.or.kr/web/video/,짐볼을 활용한 근력운동 프로그램,203502619,근력운동,29.97,1187,1920*1080,짐볼,공통,11891,0AUDLJ08S_00050_SC_00103.jpeg,2021,1인 이상,1224,한국어,다리 벌려 앉았다 일어서기,20221007,근력/근지구력,짐볼을 활용한 근력운동 프로그램,396.763,mp4,0AUDLJ08S_00050.mp4,http://openapi.kspo.or.kr/web/image/0AUDLJ08S_00050/,100,동영상,하체
근력 운동(짐볼),http://openapi.kspo.or.kr/web/video/,짐볼을 활용한 근력운동 프로그램,203502619,근력운동,29.97,1188,1920*1080,짐볼,공통,11920,0AUDLJ08S_00050_SC_00104.jpeg,2021,1인 이상,1224,한국어,다리 벌려 앉았다 일어서기,20221007,근력/근지구력,짐볼을 활용한 근력운동 프로그램,397.73,mp4,0AUDLJ08S_00050.mp4,http://openapi.kspo.or.kr/web/image/0AUDLJ08S_00050/,101,동영상,하체
근력 운동(짐볼),http://openapi.kspo.or.kr/web/video/,짐볼을 활용한 근력운동 프로그램,203502619,근력운동,29.97,1189,1920*1080,짐볼,공통,12123,0AUDLJ08S_00050_SC_00105.jpeg,2021,1인 이상,1224,한국어,다리 벌려 앉았다 일어서기,20221007,근력/근지구력,짐볼을 활용한 근력운동 프로그램,404.504,mp4,0AUDLJ08S_00050.mp4,http://openapi.kspo.or.kr/web/image/0AUDLJ08S_00050/,102,동영상,하체
근력 운동(짐볼),http://openapi.kspo.or.kr/web/video/,짐볼을 활용한 근력운동 프로그램,203502619,근력운동,29.97,1190,1920*1080,짐볼,공통,12152,0AUDLJ08S_00050_SC_00106.jpeg,2021,1인 이상,1224,한국어,다리 벌려 앉았다 일어서기,20221007,근력/근지구력,짐볼을 활용한 근력운동 프로그램,405.471,mp4,0AUDLJ08S_00050.mp4,http://openapi.kspo.or.kr/web/image/0AUDLJ08S_00050/,103,동영상,하체
근력 운동(짐볼),http://openapi.kspo.or.kr/web/video/,짐볼을 활용한 근력운동 프로그램,203502619,근력운동,29.97,1191,1920*1080,짐볼,공통,12210,0AUDLJ08S_00050_SC_00107.jpeg,2021,1인 이상,1224,한국어,다리 벌려 앉았다 일어서기,20221007,근력/근지구력,짐볼을 활용한 근력운동 프로그램,407.407,mp4,0AUDLJ08S_00050.mp4,http://openapi.kspo.or.kr/web/image/0AUDLJ08S_00050/,104,동영상,하체
근력 운동(짐볼),http://openapi.kspo.or.kr/web/video/,짐볼을 활용한 근력운동 프로그램,203502619,근력운동,29.97,1192,1920*1080,짐볼,공통,12268,0AUDLJ08S_00050_SC_00108.jpeg,2021,1인 이상,1224,한국어,다리 벌려 앉았다 일어서기,20221007,근력/근지구력,짐볼을 활용한 근력운동 프로그램,409.342,mp4,0AUDLJ08S_00050.mp4,http://openapi.kspo.or.kr/web/image/0AUDLJ08S_00050/,105,동영상,하체
근력 운동(짐볼),http://openapi.kspo.or.kr/web/video/,짐볼을 활용한 근력운동 프로그램,203502619,근력운동,29.97,1193,1920*1080,짐볼,공통,12297,0AUDLJ08S_00050_SC_00109.jpeg,2021,1인 이상,1224,한국어,다리 벌려 앉았다 일어서기,20221007,근력/근지구력,짐볼을 활용한 근력운동 프로그램,410.309,mp4,0AUDLJ08S_00050.mp4,http://openapi.kspo.or.kr/web/image/0AUDLJ08S_00050/,106,동영상,하체
근력 운동(짐볼),http://openapi.kspo.or.kr/web/video/,짐볼을 활용한 근력운동 프로그램,203502619,근력운동,29.97,1194,1920*1080,짐볼,공통,12326,0AUDLJ08S_00050_SC_00110.jpeg,2021,1인 이상,1224,한국어,다리 벌려 앉았다 일어서기,20221007,근력/근지구력,짐볼을 활용한 근력운동 프로그램,411.277,mp4,0AUDLJ08S_00050.mp4,http://openapi.kspo.or.kr/web/image/0AUDLJ08S_00050/,107,동영상,하체
근력 운동(짐볼),http://openapi.kspo.or.kr/web/video/,짐볼을 활용한 근력운동 프로그램,203502619,근력운동,29.97,1195,1920*1080,짐볼,공통,12587,0AUDLJ08S_00050_SC_00111.jpeg,2021,1인 이상,1224,한국어,무릎 들어올리기2,20221007,근력/근지구력,짐볼을 활용한 근력운동 프로그램,419.986,mp4,0AUDLJ08S_00050.mp4,http://openapi.kspo.or.kr/web/image/0AUDLJ08S_00050/,108,동영상,복근
근력 운동(짐볼),http://openapi.kspo.or.kr/web/video/,짐볼을 활용한 근력운동 프로그램,203502619,근력운동,29.97,1196,1920*1080,짐볼,공통,12674,0AUDLJ08S_00050_SC_00112.jpeg,2021,1인 이상,1224,한국어,무릎 들어올리기2,20221007,근력/근지구력,짐볼을 활용한 근력운동 프로그램,422.889,mp4,0AUDLJ08S_00050.mp4,http://openapi.kspo.or.kr/web/image/0AUDLJ08S_00050/,109,동영상,복근
근력 운동(짐볼),http://openapi.kspo.or.kr/web/video/,짐볼을 활용한 근력운동 프로그램,203502619,근력운동,29.97,1197,1920*1080,짐볼,공통,12732,0AUDLJ08S_00050_SC_00113.jpeg,2021,1인 이상,1224,한국어,무릎 들어올리기2,20221007,근력/근지구력,짐볼을 활용한 근력운동 프로그램,424.824,mp4,0AUDLJ08S_00050.mp4,http://openapi.kspo.or.kr/web/image/0AUDLJ08S_00050/,110,동영상,복근
근력 운동(짐볼),http://openapi.kspo.or.kr/web/video/,짐볼을 활용한 근력운동 프로그램,203502619,근력운동,29.97,1198,1920*1080,짐볼,공통,12848,0AUDLJ08S_00050_SC_00114.jpeg,2021,1인 이상,1224,한국어,무릎 들어올리기2,20221007,근력/근지구력,짐볼을 활용한 근력운동 프로그램,428.694,mp4,0AUDLJ08S_00050.mp4,http://openapi.kspo.or.kr/web/image/0AUDLJ08S_00050/,111,동영상,복근
근력 운동(짐볼),http://openapi.kspo.or.kr/web/video/,짐볼을 활용한 근력운동 프로그램,203502619,근력운동,29.97,1199,1920*1080,짐볼,공통,12964,0AUDLJ08S_00050_SC_00115.jpeg,2021,1인 이상,1224,한국어,무릎 들어올리기2,20221007,근력/근지구력,짐볼을 활용한 근력운동 프로그램,432.565,mp4,0AUDLJ08S_00050.mp4,http://openapi.kspo.or.kr/web/image/0AUDLJ08S_00050/,112,동영상,복근
근력 운동(짐볼),http://openapi.kspo.or.kr/web/video/,짐볼을 활용한 근력운동 프로그램,203502619,근력운동,29.97,1200,1920*1080,짐볼,공통,13051,0AUDLJ08S_00050_SC_00116.jpeg,2021,1인 이상,1224,한국어,무릎 들어올리기2,20221007,근력/근지구력,짐볼을 활용한 근력운동 프로그램,435.468,mp4,0AUDLJ08S_00050.mp4,http://openapi.kspo.or.kr/web/image/0AUDLJ08S_00050/,113,동영상,복근
근력 운동(짐볼),http://openapi.kspo.or.kr/web/video/,짐볼을 활용한 근력운동 프로그램,203502619,근력운동,29.97,1201,1920*1080,짐볼,공통,13080,0AUDLJ08S_00050_SC_00117.jpeg,2021,1인 이상,1224,한국어,무릎 들어올리기2,20221007,근력/근지구력,짐볼을 활용한 근력운동 프로그램,436.436,mp4,0AUDLJ08S_00050.mp4,http://openapi.kspo.or.kr/web/image/0AUDLJ08S_00050/,114,동영상,복근
근력 운동(짐볼),http://openapi.kspo.or.kr/web/video/,짐볼을 활용한 근력운동 프로그램,203502619,근력운동,29.97,1202,1920*1080,짐볼,공통,13109,0AUDLJ08S_00050_SC_00118.jpeg,2021,1인 이상,1224,한국어,무릎 들어올리기2,20221007,근력/근지구력,짐볼을 활용한 근력운동 프로그램,437.403,mp4,0AUDLJ08S_00050.mp4,http://openapi.kspo.or.kr/web/image/0AUDLJ08S_00050/,115,동영상,복근
근력 운동(짐볼),http://openapi.kspo.or.kr/web/video/,짐볼을 활용한 근력운동 프로그램,203502619,근력운동,29.97,1203,1920*1080,짐볼,공통,13138,0AUDLJ08S_00050_SC_00119.jpeg,2021,1인 이상,1224,한국어,무릎 들어올리기2,20221007,근력/근지구력,짐볼을 활용한 근력운동 프로그램,438.371,mp4,0AUDLJ08S_00050.mp4,http://openapi.kspo.or.kr/web/image/0AUDLJ08S_00050/,116,동영상,복근
근력 운동(짐볼),http://openapi.kspo.or.kr/web/video/,짐볼을 활용한 근력운동 프로그램,203502619,근력운동,29.97,1204,1920*1080,짐볼,공통,13167,0AUDLJ08S_00050_SC_00120.jpeg,2021,1인 이상,1224,한국어,무릎 들어올리기2,20221007,근력/근지구력,짐볼을 활용한 근력운동 프로그램,439.338,mp4,0AUDLJ08S_00050.mp4,http://openapi.kspo.or.kr/web/image/0AUDLJ08S_00050/,117,동영상,복근
근력 운동(짐볼),http://openapi.kspo.or.kr/web/video/,짐볼을 활용한 근력운동 프로그램,203502619,근력운동,29.97,1205,1920*1080,짐볼,공통,13254,0AUDLJ08S_00050_SC_00121.jpeg,2021,1인 이상,1224,한국어,무릎 들어올리기2,20221007,근력/근지구력,짐볼을 활용한 근력운동 프로그램,442.241,mp4,0AUDLJ08S_00050.mp4,http://openapi.kspo.or.kr/web/image/0AUDLJ08S_00050/,118,동영상,복근
근력 운동(짐볼),http://openapi.kspo.or.kr/web/video/,짐볼을 활용한 근력운동 프로그램,203502619,근력운동,29.97,1206,1920*1080,짐볼,공통,13341,0AUDLJ08S_00050_SC_00122.jpeg,2021,1인 이상,1224,한국어,무릎 들어올리기2,20221007,근력/근지구력,짐볼을 활용한 근력운동 프로그램,445.144,mp4,0AUDLJ08S_00050.mp4,http://openapi.kspo.or.kr/web/image/0AUDLJ08S_00050/,119,동영상,복근
근력 운동(짐볼),http://openapi.kspo.or.kr/web/video/,짐볼을 활용한 근력운동 프로그램,203502619,근력운동,29.97,1207,1920*1080,짐볼,공통,13486,0AUDLJ08S_00050_SC_00123.jpeg,2021,1인 이상,1224,한국어,무릎 들어올리기2,20221007,근력/근지구력,짐볼을 활용한 근력운동 프로그램,449.982,mp4,0AUDLJ08S_00050.mp4,http://openapi.kspo.or.kr/web/image/0AUDLJ08S_00050/,120,동영상,복근
근력 운동(짐볼),http://openapi.kspo.or.kr/web/video/,짐볼을 활용한 근력운동 프로그램,203502619,근력운동,29.97,1208,1920*1080,짐볼,공통,13515,0AUDLJ08S_00050_SC_00124.jpeg,2021,1인 이상,1224,한국어,무릎 들어올리기2,20221007,근력/근지구력,짐볼을 활용한 근력운동 프로그램,450.95,mp4,0AUDLJ08S_00050.mp4,http://openapi.kspo.or.kr/web/image/0AUDLJ08S_00050/,121,동영상,복근
근력 운동(짐볼),http://openapi.kspo.or.kr/web/video/,짐볼을 활용한 근력운동 프로그램,203502619,근력운동,29.97,1209,1920*1080,짐볼,공통,13544,0AUDLJ08S_00050_SC_00125.jpeg,2021,1인 이상,1224,한국어,무릎 들어올리기2,20221007,근력/근지구력,짐볼을 활용한 근력운동 프로그램,451.918,mp4,0AUDLJ08S_00050.mp4,http://openapi.kspo.or.kr/web/image/0AUDLJ08S_00050/,122,동영상,복근
근력 운동(짐볼),http://openapi.kspo.or.kr/web/video/,짐볼을 활용한 근력운동 프로그램,203502619,근력운동,29.97,1210,1920*1080,짐볼,공통,13602,0AUDLJ08S_00050_SC_00126.jpeg,2021,1인 이상,1224,한국어,무릎 들어올리기2,20221007,근력/근지구력,짐볼을 활용한 근력운동 프로그램,453.853,mp4,0AUDLJ08S_00050.mp4,http://openapi.kspo.or.kr/web/image/0AUDLJ08S_00050/,123,동영상,복근
근력 운동(짐볼),http://openapi.kspo.or.kr/web/video/,짐볼을 활용한 근력운동 프로그램,203502619,근력운동,29.97,1211,1920*1080,짐볼,공통,13863,0AUDLJ08S_00050_SC_00127.jpeg,2021,1인 이상,1224,한국어,무릎 펴고 들어올리기,20221007,근력/근지구력,짐볼을 활용한 근력운동 프로그램,462.562,mp4,0AUDLJ08S_00050.mp4,http://openapi.kspo.or.kr/web/image/0AUDLJ08S_00050/,124,동영상,복근
근력 운동(짐볼),http://openapi.kspo.or.kr/web/video/,짐볼을 활용한 근력운동 프로그램,203502619,근력운동,29.97,1212,1920*1080,짐볼,공통,13921,0AUDLJ08S_00050_SC_00128.jpeg,2021,1인 이상,1224,한국어,무릎 펴고 들어올리기,20221007,근력/근지구력,짐볼을 활용한 근력운동 프로그램,464.497,mp4,0AUDLJ08S_00050.mp4,http://openapi.kspo.or.kr/web/image/0AUDLJ08S_00050/,125,동영상,복근
근력 운동(짐볼),http://openapi.kspo.or.kr/web/video/,짐볼을 활용한 근력운동 프로그램,203502619,근력운동,29.97,1213,1920*1080,짐볼,공통,14008,0AUDLJ08S_00050_SC_00129.jpeg,2021,1인 이상,1224,한국어,무릎 펴고 들어올리기,20221007,근력/근지구력,짐볼을 활용한 근력운동 프로그램,467.4,mp4,0AUDLJ08S_00050.mp4,http://openapi.kspo.or.kr/web/image/0AUDLJ08S_00050/,126,동영상,복근
근력 운동(짐볼),http://openapi.kspo.or.kr/web/video/,짐볼을 활용한 근력운동 프로그램,203502619,근력운동,29.97,1214,1920*1080,짐볼,공통,14095,0AUDLJ08S_00050_SC_00130.jpeg,2021,1인 이상,1224,한국어,무릎 펴고 들어올리기,20221007,근력/근지구력,짐볼을 활용한 근력운동 프로그램,470.303,mp4,0AUDLJ08S_00050.mp4,http://openapi.kspo.or.kr/web/image/0AUDLJ08S_00050/,127,동영상,복근
근력 운동(짐볼),http://openapi.kspo.or.kr/web/video/,짐볼을 활용한 근력운동 프로그램,203502619,근력운동,29.97,1215,1920*1080,짐볼,공통,14211,0AUDLJ08S_00050_SC_00131.jpeg,2021,1인 이상,1224,한국어,무릎 펴고 들어올리기,20221007,근력/근지구력,짐볼을 활용한 근력운동 프로그램,474.173,mp4,0AUDLJ08S_00050.mp4,http://openapi.kspo.or.kr/web/image/0AUDLJ08S_00050/,128,동영상,복근
근력 운동(짐볼),http://openapi.kspo.or.kr/web/video/,짐볼을 활용한 근력운동 프로그램,203502619,근력운동,29.97,1216,1920*1080,짐볼,공통,14269,0AUDLJ08S_00050_SC_00132.jpeg,2021,1인 이상,1224,한국어,무릎 펴고 들어올리기,20221007,근력/근지구력,짐볼을 활용한 근력운동 프로그램,476.108,mp4,0AUDLJ08S_00050.mp4,http://openapi.kspo.or.kr/web/image/0AUDLJ08S_00050/,129,동영상,복근
근력 운동(짐볼),http://openapi.kspo.or.kr/web/video/,짐볼을 활용한 근력운동 프로그램,203502619,근력운동,29.97,1217,1920*1080,짐볼,공통,14414,0AUDLJ08S_00050_SC_00133.jpeg,2021,1인 이상,1224,한국어,무릎 펴고 들어올리기,20221007,근력/근지구력,짐볼을 활용한 근력운동 프로그램,480.947,mp4,0AUDLJ08S_00050.mp4,http://openapi.kspo.or.kr/web/image/0AUDLJ08S_00050/,130,동영상,복근
근력 운동(짐볼),http://openapi.kspo.or.kr/web/video/,짐볼을 활용한 근력운동 프로그램,203502619,근력운동,29.97,1218,1920*1080,짐볼,공통,14443,0AUDLJ08S_00050_SC_00134.jpeg,2021,1인 이상,1224,한국어,무릎 펴고 들어올리기,20221007,근력/근지구력,짐볼을 활용한 근력운동 프로그램,481.914,mp4,0AUDLJ08S_00050.mp4,http://openapi.kspo.or.kr/web/image/0AUDLJ08S_00050/,131,동영상,복근
근력 운동(짐볼),http://openapi.kspo.or.kr/web/video/,짐볼을 활용한 근력운동 프로그램,203502619,근력운동,29.97,1219,1920*1080,짐볼,공통,14530,0AUDLJ08S_00050_SC_00135.jpeg,2021,1인 이상,1224,한국어,무릎 펴고 들어올리기,20221007,근력/근지구력,짐볼을 활용한 근력운동 프로그램,484.817,mp4,0AUDLJ08S_00050.mp4,http://openapi.kspo.or.kr/web/image/0AUDLJ08S_00050/,132,동영상,복근
근력 운동(짐볼),http://openapi.kspo.or.kr/web/video/,짐볼을 활용한 근력운동 프로그램,203502619,근력운동,29.97,1220,1920*1080,짐볼,공통,14675,0AUDLJ08S_00050_SC_00136.jpeg,2021,1인 이상,1224,한국어,상체 옆으로 들어올리기,20221007,근력/근지구력,짐볼을 활용한 근력운동 프로그램,489.655,mp4,0AUDLJ08S_00050.mp4,http://openapi.kspo.or.kr/web/image/0AUDLJ08S_00050/,133,동영상,복근
근력 운동(짐볼),http://openapi.kspo.or.kr/web/video/,짐볼을 활용한 근력운동 프로그램,203502619,근력운동,29.97,1221,1920*1080,짐볼,공통,14733,0AUDLJ08S_00050_SC_00137.jpeg,2021,1인 이상,1224,한국어,상체 옆으로 들어올리기,20221007,근력/근지구력,짐볼을 활용한 근력운동 프로그램,491.591,mp4,0AUDLJ08S_00050.mp4,http://openapi.kspo.or.kr/web/image/0AUDLJ08S_00050/,134,동영상,복근
근력 운동(짐볼),http://openapi.kspo.or.kr/web/video/,짐볼을 활용한 근력운동 프로그램,203502619,근력운동,29.97,1222,1920*1080,짐볼,공통,14820,0AUDLJ08S_00050_SC_00138.jpeg,2021,1인 이상,1224,한국어,상체 옆으로 들어올리기,20221007,근력/근지구력,짐볼을 활용한 근력운동 프로그램,494.494,mp4,0AUDLJ08S_00050.mp4,http://openapi.kspo.or.kr/web/image/0AUDLJ08S_00050/,135,동영상,복근
근력 운동(짐볼),http://openapi.kspo.or.kr/web/video/,짐볼을 활용한 근력운동 프로그램,203502619,근력운동,29.97,1223,1920*1080,짐볼,공통,14936,0AUDLJ08S_00050_SC_00139.jpeg,2021,1인 이상,1224,한국어,상체 옆으로 들어올리기,20221007,근력/근지구력,짐볼을 활용한 근력운동 프로그램,498.364,mp4,0AUDLJ08S_00050.mp4,http://openapi.kspo.or.kr/web/image/0AUDLJ08S_00050/,136,동영상,복근
근력 운동(짐볼),http://openapi.kspo.or.kr/web/video/,짐볼을 활용한 근력운동 프로그램,203502619,근력운동,29.97,1224,1920*1080,짐볼,공통,15110,0AUDLJ08S_00050_SC_00140.jpeg,2021,1인 이상,1224,한국어,상체 옆으로 들어올리기,20221007,근력/근지구력,짐볼을 활용한 근력운동 프로그램,504.17,mp4,0AUDLJ08S_00050.mp4,http://openapi.kspo.or.kr/web/image/0AUDLJ08S_00050/,137,동영상,복근
근력 운동(짐볼),http://openapi.kspo.or.kr/web/video/,짐볼을 활용한 근력운동 프로그램,203502619,근력운동,29.97,1225,1920*1080,짐볼,공통,15226,0AUDLJ08S_00050_SC_00141.jpeg,2021,1인 이상,1224,한국어,상체 옆으로 들어올리기,20221007,근력/근지구력,짐볼을 활용한 근력운동 프로그램,508.04,mp4,0AUDLJ08S_00050.mp4,http://openapi.kspo.or.kr/web/image/0AUDLJ08S_00050/,138,동영상,복근
근력 운동(짐볼),http://openapi.kspo.or.kr/web/video/,짐볼을 활용한 근력운동 프로그램,203502619,근력운동,29.97,1226,1920*1080,짐볼,공통,15255,0AUDLJ08S_00050_SC_00142.jpeg,2021,1인 이상,1224,한국어,상체 옆으로 들어올리기,20221007,근력/근지구력,짐볼을 활용한 근력운동 프로그램,509.008,mp4,0AUDLJ08S_00050.mp4,http://openapi.kspo.or.kr/web/image/0AUDLJ08S_00050/,139,동영상,복근
근력 운동(짐볼),http://openapi.kspo.or.kr/web/video/,짐볼을 활용한 근력운동 프로그램,203502619,근력운동,29.97,1227,1920*1080,짐볼,공통,15284,0AUDLJ08S_00050_SC_00143.jpeg,2021,1인 이상,1224,한국어,상체 옆으로 들어올리기,20221007,근력/근지구력,짐볼을 활용한 근력운동 프로그램,509.976,mp4,0AUDLJ08S_00050.mp4,http://openapi.kspo.or.kr/web/image/0AUDLJ08S_00050/,140,동영상,복근
근력 운동(짐볼),http://openapi.kspo.or.kr/web/video/,짐볼을 활용한 근력운동 프로그램,203502619,근력운동,29.97,1228,1920*1080,짐볼,공통,15400,0AUDLJ08S_00050_SC_00144.jpeg,2021,1인 이상,1224,한국어,상체 옆으로 들어올리기,20221007,근력/근지구력,짐볼을 활용한 근력운동 프로그램,513.846,mp4,0AUDLJ08S_00050.mp4,http://openapi.kspo.or.kr/web/image/0AUDLJ08S_00050/,141,동영상,복근
근력 운동(짐볼),http://openapi.kspo.or.kr/web/video/,짐볼을 활용한 근력운동 프로그램,203502619,근력운동,29.97,1229,1920*1080,짐볼,공통,15429,0AUDLJ08S_00050_SC_00145.jpeg,2021,1인 이상,1224,한국어,상체 옆으로 들어올리기,20221007,근력/근지구력,짐볼을 활용한 근력운동 프로그램,514.814,mp4,0AUDLJ08S_00050.mp4,http://openapi.kspo.or.kr/web/image/0AUDLJ08S_00050/,142,동영상,복근
근력 운동(짐볼),http://openapi.kspo.or.kr/web/video/,짐볼을 활용한 근력운동 프로그램,203502619,근력운동,29.97,1230,1920*1080,짐볼,공통,15458,0AUDLJ08S_00050_SC_00146.jpeg,2021,1인 이상,1224,한국어,상체 옆으로 들어올리기,20221007,근력/근지구력,짐볼을 활용한 근력운동 프로그램,515.781,mp4,0AUDLJ08S_00050.mp4,http://openapi.kspo.or.kr/web/image/0AUDLJ08S_00050/,143,동영상,복근
근력 운동(짐볼),http://openapi.kspo.or.kr/web/video/,짐볼을 활용한 근력운동 프로그램,203502619,근력운동,29.97,1231,1920*1080,짐볼,공통,15487,0AUDLJ08S_00050_SC_00147.jpeg,2021,1인 이상,1224,한국어,상체 옆으로 들어올리기,20221007,근력/근지구력,짐볼을 활용한 근력운동 프로그램,516.749,mp4,0AUDLJ08S_00050.mp4,http://openapi.kspo.or.kr/web/image/0AUDLJ08S_00050/,144,동영상,복근
근력 운동(짐볼),http://openapi.kspo.or.kr/web/video/,짐볼을 활용한 근력운동 프로그램,203502619,근력운동,29.97,1232,1920*1080,짐볼,공통,15516,0AUDLJ08S_00050_SC_00148.jpeg,2021,1인 이상,1224,한국어,상체 옆으로 들어올리기,20221007,근력/근지구력,짐볼을 활용한 근력운동 프로그램,517.717,mp4,0AUDLJ08S_00050.mp4,http://openapi.kspo.or.kr/web/image/0AUDLJ08S_00050/,145,동영상,복근
근력 운동(짐볼),http://openapi.kspo.or.kr/web/video/,짐볼을 활용한 근력운동 프로그램,203502619,근력운동,29.97,1233,1920*1080,짐볼,공통,15603,0AUDLJ08S_00050_SC_00149.jpeg,2021,1인 이상,1224,한국어,상체 옆으로 들어올리기,20221007,근력/근지구력,짐볼을 활용한 근력운동 프로그램,520.62,mp4,0AUDLJ08S_00050.mp4,http://openapi.kspo.or.kr/web/image/0AUDLJ08S_00050/,146,동영상,복근
근력 운동(짐볼),http://openapi.kspo.or.kr/web/video/,짐볼을 활용한 근력운동 프로그램,203502619,근력운동,29.97,1234,1920*1080,짐볼,공통,15719,0AUDLJ08S_00050_SC_00150.jpeg,2021,1인 이상,1224,한국어,상체 옆으로 들어올리기,20221007,근력/근지구력,짐볼을 활용한 근력운동 프로그램,524.49,mp4,0AUDLJ08S_00050.mp4,http://openapi.kspo.or.kr/web/image/0AUDLJ08S_00050/,147,동영상,복근
근력 운동(짐볼),http://openapi.kspo.or.kr/web/video/,짐볼을 활용한 근력운동 프로그램,203502619,근력운동,29.97,1235,1920*1080,짐볼,공통,15777,0AUDLJ08S_00050_SC_00151.jpeg,2021,1인 이상,1224,한국어,상체 옆으로 들어올리기,20221007,근력/근지구력,짐볼을 활용한 근력운동 프로그램,526.425,mp4,0AUDLJ08S_00050.mp4,http://openapi.kspo.or.kr/web/image/0AUDLJ08S_00050/,148,동영상,복근
근력 운동(짐볼),http://openapi.kspo.or.kr/web/video/,짐볼을 활용한 근력운동 프로그램,203502619,근력운동,29.97,1236,1920*1080,짐볼,공통,15835,0AUDLJ08S_00050_SC_00152.jpeg,2021,1인 이상,1224,한국어,상체 옆으로 들어올리기,20221007,근력/근지구력,짐볼을 활용한 근력운동 프로그램,528.361,mp4,0AUDLJ08S_00050.mp4,http://openapi.kspo.or.kr/web/image/0AUDLJ08S_00050/,149,동영상,복근
근력 운동(짐볼),http://openapi.kspo.or.kr/web/video/,짐볼을 활용한 근력운동 프로그램,203502619,근력운동,29.97,1237,1920*1080,짐볼,공통,16067,0AUDLJ08S_00050_SC_00153.jpeg,2021,1인 이상,1224,한국어,옆으로 누워 다리 옆으로 들기,20221007,근력/근지구력,짐볼을 활용한 근력운동 프로그램,536.102,mp4,0AUDLJ08S_00050.mp4,http://openapi.kspo.or.kr/web/image/0AUDLJ08S_00050/,150,동영상,하체/복근
근력 운동(짐볼),http://openapi.kspo.or.kr/web/video/,짐볼을 활용한 근력운동 프로그램,203502619,근력운동,29.97,1238,1920*1080,짐볼,공통,16183,0AUDLJ08S_00050_SC_00154.jpeg,2021,1인 이상,1224,한국어,옆으로 누워 다리 옆으로 들기,20221007,근력/근지구력,짐볼을 활용한 근력운동 프로그램,539.972,mp4,0AUDLJ08S_00050.mp4,http://openapi.kspo.or.kr/web/image/0AUDLJ08S_00050/,151,동영상,하체/복근
근력 운동(짐볼),http://openapi.kspo.or.kr/web/video/,짐볼을 활용한 근력운동 프로그램,203502619,근력운동,29.97,1239,1920*1080,짐볼,공통,16328,0AUDLJ08S_00050_SC_00155.jpeg,2021,1인 이상,1224,한국어,옆으로 누워 다리 옆으로 들기,20221007,근력/근지구력,짐볼을 활용한 근력운동 프로그램,544.81,mp4,0AUDLJ08S_00050.mp4,http://openapi.kspo.or.kr/web/image/0AUDLJ08S_00050/,152,동영상,하체/복근
근력 운동(짐볼),http://openapi.kspo.or.kr/web/video/,짐볼을 활용한 근력운동 프로그램,203502619,근력운동,29.97,1240,1920*1080,짐볼,공통,16357,0AUDLJ08S_00050_SC_00156.jpeg,2021,1인 이상,1224,한국어,옆으로 누워 다리 옆으로 들기,20221007,근력/근지구력,짐볼을 활용한 근력운동 프로그램,545.778,mp4,0AUDLJ08S_00050.mp4,http://openapi.kspo.or.kr/web/image/0AUDLJ08S_00050/,153,동영상,하체/복근
근력 운동(짐볼),http://openapi.kspo.or.kr/web/video/,짐볼을 활용한 근력운동 프로그램,203502619,근력운동,29.97,1241,1920*1080,짐볼,공통,16386,0AUDLJ08S_00050_SC_00157.jpeg,2021,1인 이상,1224,한국어,옆으로 누워 다리 옆으로 들기,20221007,근력/근지구력,짐볼을 활용한 근력운동 프로그램,546.746,mp4,0AUDLJ08S_00050.mp4,http://openapi.kspo.or.kr/web/image/0AUDLJ08S_00050/,154,동영상,하체/복근
근력 운동(짐볼),http://openapi.kspo.or.kr/web/video/,짐볼을 활용한 근력운동 프로그램,203502619,근력운동,29.97,1242,1920*1080,짐볼,공통,16415,0AUDLJ08S_00050_SC_00158.jpeg,2021,1인 이상,1224,한국어,옆으로 누워 다리 옆으로 들기,20221007,근력/근지구력,짐볼을 활용한 근력운동 프로그램,547.713,mp4,0AUDLJ08S_00050.mp4,http://openapi.kspo.or.kr/web/image/0AUDLJ08S_00050/,155,동영상,하체/복근
근력 운동(짐볼),http://openapi.kspo.or.kr/web/video/,짐볼을 활용한 근력운동 프로그램,203502619,근력운동,29.97,1243,1920*1080,짐볼,공통,16444,0AUDLJ08S_00050_SC_00159.jpeg,2021,1인 이상,1224,한국어,옆으로 누워 다리 옆으로 들기,20221007,근력/근지구력,짐볼을 활용한 근력운동 프로그램,548.681,mp4,0AUDLJ08S_00050.mp4,http://openapi.kspo.or.kr/web/image/0AUDLJ08S_00050/,156,동영상,하체/복근
근력 운동(짐볼),http://openapi.kspo.or.kr/web/video/,짐볼을 활용한 근력운동 프로그램,203502619,근력운동,29.97,1244,1920*1080,짐볼,공통,16560,0AUDLJ08S_00050_SC_00160.jpeg,2021,1인 이상,1224,한국어,옆으로 누워 다리 옆으로 들기,20221007,근력/근지구력,짐볼을 활용한 근력운동 프로그램,552.552,mp4,0AUDLJ08S_00050.mp4,http://openapi.kspo.or.kr/web/image/0AUDLJ08S_00050/,157,동영상,하체/복근
근력 운동(짐볼),http://openapi.kspo.or.kr/web/video/,짐볼을 활용한 근력운동 프로그램,203502619,근력운동,29.97,1245,1920*1080,짐볼,공통,16705,0AUDLJ08S_00050_SC_00161.jpeg,2021,1인 이상,1224,한국어,옆으로 누워 다리 옆으로 들기,20221007,근력/근지구력,짐볼을 활용한 근력운동 프로그램,557.39,mp4,0AUDLJ08S_00050.mp4,http://openapi.kspo.or.kr/web/image/0AUDLJ08S_00050/,158,동영상,하체/복근
근력 운동(짐볼),http://openapi.kspo.or.kr/web/video/,짐볼을 활용한 근력운동 프로그램,203502619,근력운동,29.97,1246,1920*1080,짐볼,공통,16734,0AUDLJ08S_00050_SC_00162.jpeg,2021,1인 이상,1224,한국어,옆으로 누워 다리 옆으로 들기,20221007,근력/근지구력,짐볼을 활용한 근력운동 프로그램,558.357,mp4,0AUDLJ08S_00050.mp4,http://openapi.kspo.or.kr/web/image/0AUDLJ08S_00050/,159,동영상,하체/복근
근력 운동(짐볼),http://openapi.kspo.or.kr/web/video/,짐볼을 활용한 근력운동 프로그램,203502619,근력운동,29.97,1247,1920*1080,짐볼,공통,16763,0AUDLJ08S_00050_SC_00163.jpeg,2021,1인 이상,1224,한국어,옆으로 누워 다리 옆으로 들기,20221007,근력/근지구력,짐볼을 활용한 근력운동 프로그램,559.325,mp4,0AUDLJ08S_00050.mp4,http://openapi.kspo.or.kr/web/image/0AUDLJ08S_00050/,160,동영상,하체/복근
근력 운동(짐볼),http://openapi.kspo.or.kr/web/video/,짐볼을 활용한 근력운동 프로그램,203502619,근력운동,29.97,1248,1920*1080,짐볼,공통,16821,0AUDLJ08S_00050_SC_00164.jpeg,2021,1인 이상,1224,한국어,옆으로 누워 다리 옆으로 들기,20221007,근력/근지구력,짐볼을 활용한 근력운동 프로그램,561.26,mp4,0AUDLJ08S_00050.mp4,http://openapi.kspo.or.kr/web/image/0AUDLJ08S_00050/,161,동영상,하체/복근
근력 운동(짐볼),http://openapi.kspo.or.kr/web/video/,짐볼을 활용한 근력운동 프로그램,203502619,근력운동,29.97,1249,1920*1080,짐볼,공통,16937,0AUDLJ08S_00050_SC_00165.jpeg,2021,1인 이상,1224,한국어,옆으로 누워 다리 옆으로 들기,20221007,근력/근지구력,짐볼을 활용한 근력운동 프로그램,565.131,mp4,0AUDLJ08S_00050.mp4,http://openapi.kspo.or.kr/web/image/0AUDLJ08S_00050/,162,동영상,하체/복근
근력 운동(짐볼),http://openapi.kspo.or.kr/web/video/,짐볼을 활용한 근력운동 프로그램,203502619,근력운동,29.97,1250,1920*1080,짐볼,공통,17082,0AUDLJ08S_00050_SC_00166.jpeg,2021,1인 이상,1224,한국어,옆으로 누워 다리 옆으로 들기,20221007,근력/근지구력,짐볼을 활용한 근력운동 프로그램,569.969,mp4,0AUDLJ08S_00050.mp4,http://openapi.kspo.or.kr/web/image/0AUDLJ08S_00050/,163,동영상,하체/복근
근력 운동(짐볼),http://openapi.kspo.or.kr/web/video/,짐볼을 활용한 근력운동 프로그램,203502619,근력운동,29.97,1251,1920*1080,짐볼,공통,17111,0AUDLJ08S_00050_SC_00167.jpeg,2021,1인 이상,1224,한국어,옆으로 누워 다리 옆으로 들기,20221007,근력/근지구력,짐볼을 활용한 근력운동 프로그램,570.937,mp4,0AUDLJ08S_00050.mp4,http://openapi.kspo.or.kr/web/image/0AUDLJ08S_00050/,164,동영상,하체/복근
근력 운동(짐볼),http://openapi.kspo.or.kr/web/video/,짐볼을 활용한 근력운동 프로그램,203502619,근력운동,29.97,1252,1920*1080,짐볼,공통,17140,0AUDLJ08S_00050_SC_00168.jpeg,2021,1인 이상,1224,한국어,옆으로 누워 다리 옆으로 들기,20221007,근력/근지구력,짐볼을 활용한 근력운동 프로그램,571.904,mp4,0AUDLJ08S_00050.mp4,http://openapi.kspo.or.kr/web/image/0AUDLJ08S_00050/,165,동영상,하체/복근
근력 운동(짐볼),http://openapi.kspo.or.kr/web/video/,짐볼을 활용한 근력운동 프로그램,203502619,근력운동,29.97,1253,1920*1080,짐볼,공통,17169,0AUDLJ08S_00050_SC_00169.jpeg,2021,1인 이상,1224,한국어,옆으로 누워 다리 옆으로 들기,20221007,근력/근지구력,짐볼을 활용한 근력운동 프로그램,572.872,mp4,0AUDLJ08S_00050.mp4,http://openapi.kspo.or.kr/web/image/0AUDLJ08S_00050/,166,동영상,하체/복근
근력 운동(짐볼),http://openapi.kspo.or.kr/web/video/,짐볼을 활용한 근력운동 프로그램,203502619,근력운동,29.97,1254,1920*1080,짐볼,공통,17198,0AUDLJ08S_00050_SC_00170.jpeg,2021,1인 이상,1224,한국어,옆으로 누워 다리 옆으로 들기,20221007,근력/근지구력,짐볼을 활용한 근력운동 프로그램,573.839,mp4,0AUDLJ08S_00050.mp4,http://openapi.kspo.or.kr/web/image/0AUDLJ08S_00050/,167,동영상,하체/복근
근력 운동(짐볼),http://openapi.kspo.or.kr/web/video/,짐볼을 활용한 근력운동 프로그램,203502619,근력운동,29.97,1255,1920*1080,짐볼,공통,17314,0AUDLJ08S_00050_SC_00171.jpeg,2021,1인 이상,1224,한국어,옆으로 누워 다리 옆으로 들기,20221007,근력/근지구력,짐볼을 활용한 근력운동 프로그램,577.71,mp4,0AUDLJ08S_00050.mp4,http://openapi.kspo.or.kr/web/image/0AUDLJ08S_00050/,168,동영상,하체/복근
근력 운동(짐볼),http://openapi.kspo.or.kr/web/video/,짐볼을 활용한 근력운동 프로그램,203502619,근력운동,29.97,1256,1920*1080,짐볼,공통,17546,0AUDLJ08S_00050_SC_00172.jpeg,2021,1인 이상,1224,한국어,윗몸 말아 올라오기,20221007,근력/근지구력,짐볼을 활용한 근력운동 프로그램,585.451,mp4,0AUDLJ08S_00050.mp4,http://openapi.kspo.or.kr/web/image/0AUDLJ08S_00050/,169,동영상,복근
근력 운동(짐볼),http://openapi.kspo.or.kr/web/video/,짐볼을 활용한 근력운동 프로그램,203502619,근력운동,29.97,1257,1920*1080,짐볼,공통,17604,0AUDLJ08S_00050_SC_00173.jpeg,2021,1인 이상,1224,한국어,윗몸 말아 올라오기,20221007,근력/근지구력,짐볼을 활용한 근력운동 프로그램,587.386,mp4,0AUDLJ08S_00050.mp4,http://openapi.kspo.or.kr/web/image/0AUDLJ08S_00050/,170,동영상,복근
근력 운동(짐볼),http://openapi.kspo.or.kr/web/video/,짐볼을 활용한 근력운동 프로그램,203502619,근력운동,29.97,1258,1920*1080,짐볼,공통,17778,0AUDLJ08S_00050_SC_00174.jpeg,2021,1인 이상,1224,한국어,윗몸 말아 올라오기,20221007,근력/근지구력,짐볼을 활용한 근력운동 프로그램,593.192,mp4,0AUDLJ08S_00050.mp4,http://openapi.kspo.or.kr/web/image/0AUDLJ08S_00050/,171,동영상,복근
근력 운동(짐볼),http://openapi.kspo.or.kr/web/video/,짐볼을 활용한 근력운동 프로그램,203502619,근력운동,29.97,1259,1920*1080,짐볼,공통,17923,0AUDLJ08S_00050_SC_00175.jpeg,2021,1인 이상,1224,한국어,윗몸 말아 올라오기,20221007,근력/근지구력,짐볼을 활용한 근력운동 프로그램,598.03,mp4,0AUDLJ08S_00050.mp4,http://openapi.kspo.or.kr/web/image/0AUDLJ08S_00050/,172,동영상,복근
근력 운동(짐볼),http://openapi.kspo.or.kr/web/video/,짐볼을 활용한 근력운동 프로그램,203502619,근력운동,29.97,1260,1920*1080,짐볼,공통,17952,0AUDLJ08S_00050_SC_00176.jpeg,2021,1인 이상,1224,한국어,윗몸 말아 올라오기,20221007,근력/근지구력,짐볼을 활용한 근력운동 프로그램,598.998,mp4,0AUDLJ08S_00050.mp4,http://openapi.kspo.or.kr/web/image/0AUDLJ08S_00050/,173,동영상,복근
근력 운동(짐볼),http://openapi.kspo.or.kr/web/video/,짐볼을 활용한 근력운동 프로그램,203502619,근력운동,29.97,1261,1920*1080,짐볼,공통,18126,0AUDLJ08S_00050_SC_00177.jpeg,2021,1인 이상,1224,한국어,윗몸 말아 올라오기,20221007,근력/근지구력,짐볼을 활용한 근력운동 프로그램,604.804,mp4,0AUDLJ08S_00050.mp4,http://openapi.kspo.or.kr/web/image/0AUDLJ08S_00050/,174,동영상,복근
근력 운동(짐볼),http://openapi.kspo.or.kr/web/video/,짐볼을 활용한 근력운동 프로그램,203502619,근력운동,29.97,1262,1920*1080,짐볼,공통,18474,0AUDLJ08S_00050_SC_00178.jpeg,2021,1인 이상,1224,한국어,엉덩이 들어올리기,20221007,근력/근지구력,짐볼을 활용한 근력운동 프로그램,616.415,mp4,0AUDLJ08S_00050.mp4,http://openapi.kspo.or.kr/web/image/0AUDLJ08S_00050/,175,동영상,엉덩이
근력 운동(짐볼),http://openapi.kspo.or.kr/web/video/,짐볼을 활용한 근력운동 프로그램,203502619,근력운동,29.97,1263,1920*1080,짐볼,공통,18677,0AUDLJ08S_00050_SC_00179.jpeg,2021,1인 이상,1224,한국어,엉덩이 들어올리기,20221007,근력/근지구력,짐볼을 활용한 근력운동 프로그램,623.189,mp4,0AUDLJ08S_00050.mp4,http://openapi.kspo.or.kr/web/image/0AUDLJ08S_00050/,176,동영상,엉덩이
근력 운동(짐볼),http://openapi.kspo.or.kr/web/video/,짐볼을 활용한 근력운동 프로그램,203502619,근력운동,29.97,1264,1920*1080,짐볼,공통,18706,0AUDLJ08S_00050_SC_00180.jpeg,2021,1인 이상,1224,한국어,엉덩이 들어올리기,20221007,근력/근지구력,짐볼을 활용한 근력운동 프로그램,624.156,mp4,0AUDLJ08S_00050.mp4,http://openapi.kspo.or.kr/web/image/0AUDLJ08S_00050/,177,동영상,엉덩이
근력 운동(짐볼),http://openapi.kspo.or.kr/web/video/,짐볼을 활용한 근력운동 프로그램,203502619,근력운동,29.97,1265,1920*1080,짐볼,공통,18764,0AUDLJ08S_00050_SC_00181.jpeg,2021,1인 이상,1224,한국어,엉덩이 들어올리기,20221007,근력/근지구력,짐볼을 활용한 근력운동 프로그램,626.092,mp4,0AUDLJ08S_00050.mp4,http://openapi.kspo.or.kr/web/image/0AUDLJ08S_00050/,178,동영상,엉덩이
근력 운동(짐볼),http://openapi.kspo.or.kr/web/video/,짐볼을 활용한 근력운동 프로그램,203502619,근력운동,29.97,1266,1920*1080,짐볼,공통,18793,0AUDLJ08S_00050_SC_00182.jpeg,2021,1인 이상,1224,한국어,엉덩이 들어올리기,20221007,근력/근지구력,짐볼을 활용한 근력운동 프로그램,627.059,mp4,0AUDLJ08S_00050.mp4,http://openapi.kspo.or.kr/web/image/0AUDLJ08S_00050/,179,동영상,엉덩이
근력 운동(짐볼),http://openapi.kspo.or.kr/web/video/,짐볼을 활용한 근력운동 프로그램,203502619,근력운동,29.97,1267,1920*1080,짐볼,공통,18851,0AUDLJ08S_00050_SC_00183.jpeg,2021,1인 이상,1224,한국어,엉덩이 들어올리기,20221007,근력/근지구력,짐볼을 활용한 근력운동 프로그램,628.995,mp4,0AUDLJ08S_00050.mp4,http://openapi.kspo.or.kr/web/image/0AUDLJ08S_00050/,180,동영상,엉덩이
근력 운동(짐볼),http://openapi.kspo.or.kr/web/video/,짐볼을 활용한 근력운동 프로그램,203502619,근력운동,29.97,1268,1920*1080,짐볼,공통,18880,0AUDLJ08S_00050_SC_00184.jpeg,2021,1인 이상,1224,한국어,엉덩이 들어올리기,20221007,근력/근지구력,짐볼을 활용한 근력운동 프로그램,629.962,mp4,0AUDLJ08S_00050.mp4,http://openapi.kspo.or.kr/web/image/0AUDLJ08S_00050/,181,동영상,엉덩이
근력 운동(짐볼),http://openapi.kspo.or.kr/web/video/,짐볼을 활용한 근력운동 프로그램,203502619,근력운동,29.97,1269,1920*1080,짐볼,공통,19083,0AUDLJ08S_00050_SC_00185.jpeg,2021,1인 이상,1224,한국어,엉덩이 들어올리기,20221007,근력/근지구력,짐볼을 활용한 근력운동 프로그램,636.736,mp4,0AUDLJ08S_00050.mp4,http://openapi.kspo.or.kr/web/image/0AUDLJ08S_00050/,182,동영상,엉덩이
근력 운동(짐볼),http://openapi.kspo.or.kr/web/video/,짐볼을 활용한 근력운동 프로그램,203502619,근력운동,29.97,1270,1920*1080,짐볼,공통,19547,0AUDLJ08S_00050_SC_00186.jpeg,2021,1인 이상,1224,한국어,엉덩이 들어 올린 상태에서 양손 모아 좌우로 넘기기,20221007,근력/근지구력,짐볼을 활용한 근력운동 프로그램,652.218,mp4,0AUDLJ08S_00050.mp4,http://openapi.kspo.or.kr/web/image/0AUDLJ08S_00050/,183,동영상,하체/복근
근력 운동(짐볼),http://openapi.kspo.or.kr/web/video/,짐볼을 활용한 근력운동 프로그램,203502619,근력운동,29.97,1271,1920*1080,짐볼,공통,19605,0AUDLJ08S_00050_SC_00187.jpeg,2021,1인 이상,1224,한국어,엉덩이 들어 올린 상태에서 양손 모아 좌우로 넘기기,20221007,근력/근지구력,짐볼을 활용한 근력운동 프로그램,654.153,mp4,0AUDLJ08S_00050.mp4,http://openapi.kspo.or.kr/web/image/0AUDLJ08S_00050/,184,동영상,하체/복근
근력 운동(짐볼),http://openapi.kspo.or.kr/web/video/,짐볼을 활용한 근력운동 프로그램,203502619,근력운동,29.97,1272,1920*1080,짐볼,공통,19692,0AUDLJ08S_00050_SC_00188.jpeg,2021,1인 이상,1224,한국어,엉덩이 들어 올린 상태에서 양손 모아 좌우로 넘기기,20221007,근력/근지구력,짐볼을 활용한 근력운동 프로그램,657.056,mp4,0AUDLJ08S_00050.mp4,http://openapi.kspo.or.kr/web/image/0AUDLJ08S_00050/,185,동영상,하체/복근
근력 운동(짐볼),http://openapi.kspo.or.kr/web/video/,짐볼을 활용한 근력운동 프로그램,203502619,근력운동,29.97,1273,1920*1080,짐볼,공통,19721,0AUDLJ08S_00050_SC_00189.jpeg,2021,1인 이상,1224,한국어,엉덩이 들어 올린 상태에서 양손 모아 좌우로 넘기기,20221007,근력/근지구력,짐볼을 활용한 근력운동 프로그램,658.024,mp4,0AUDLJ08S_00050.mp4,http://openapi.kspo.or.kr/web/image/0AUDLJ08S_00050/,186,동영상,하체/복근
근력 운동(짐볼),http://openapi.kspo.or.kr/web/video/,짐볼을 활용한 근력운동 프로그램,203502619,근력운동,29.97,1274,1920*1080,짐볼,공통,19837,0AUDLJ08S_00050_SC_00190.jpeg,2021,1인 이상,1224,한국어,엉덩이 들어 올린 상태에서 양손 모아 좌우로 넘기기,20221007,근력/근지구력,짐볼을 활용한 근력운동 프로그램,661.894,mp4,0AUDLJ08S_00050.mp4,http://openapi.kspo.or.kr/web/image/0AUDLJ08S_00050/,187,동영상,하체/복근
근력 운동(짐볼),http://openapi.kspo.or.kr/web/video/,짐볼을 활용한 근력운동 프로그램,203502619,근력운동,29.97,1275,1920*1080,짐볼,공통,19866,0AUDLJ08S_00050_SC_00191.jpeg,2021,1인 이상,1224,한국어,엉덩이 들어 올린 상태에서 양손 모아 좌우로 넘기기,20221007,근력/근지구력,짐볼을 활용한 근력운동 프로그램,662.862,mp4,0AUDLJ08S_00050.mp4,http://openapi.kspo.or.kr/web/image/0AUDLJ08S_00050/,188,동영상,하체/복근
근력 운동(짐볼),http://openapi.kspo.or.kr/web/video/,짐볼을 활용한 근력운동 프로그램,203502619,근력운동,29.97,1276,1920*1080,짐볼,공통,19982,0AUDLJ08S_00050_SC_00192.jpeg,2021,1인 이상,1224,한국어,엉덩이 들어 올린 상태에서 양손 모아 좌우로 넘기기,20221007,근력/근지구력,짐볼을 활용한 근력운동 프로그램,666.732,mp4,0AUDLJ08S_00050.mp4,http://openapi.kspo.or.kr/web/image/0AUDLJ08S_00050/,189,동영상,하체/복근
근력 운동(짐볼),http://openapi.kspo.or.kr/web/video/,짐볼을 활용한 근력운동 프로그램,203502619,근력운동,29.97,1277,1920*1080,짐볼,공통,20040,0AUDLJ08S_00050_SC_00193.jpeg,2021,1인 이상,1224,한국어,엉덩이 들어 올린 상태에서 양손 모아 좌우로 넘기기,20221007,근력/근지구력,짐볼을 활용한 근력운동 프로그램,668.668,mp4,0AUDLJ08S_00050.mp4,http://openapi.kspo.or.kr/web/image/0AUDLJ08S_00050/,190,동영상,하체/복근
근력 운동(짐볼),http://openapi.kspo.or.kr/web/video/,짐볼을 활용한 근력운동 프로그램,203502619,근력운동,29.97,1278,1920*1080,짐볼,공통,20098,0AUDLJ08S_00050_SC_00194.jpeg,2021,1인 이상,1224,한국어,엉덩이 들어 올린 상태에서 양손 모아 좌우로 넘기기,20221007,근력/근지구력,짐볼을 활용한 근력운동 프로그램,670.603,mp4,0AUDLJ08S_00050.mp4,http://openapi.kspo.or.kr/web/image/0AUDLJ08S_00050/,191,동영상,하체/복근
근력 운동(짐볼),http://openapi.kspo.or.kr/web/video/,짐볼을 활용한 근력운동 프로그램,203502619,근력운동,29.97,1279,1920*1080,짐볼,공통,20156,0AUDLJ08S_00050_SC_00195.jpeg,2021,1인 이상,1224,한국어,엉덩이 들어 올린 상태에서 양손 모아 좌우로 넘기기,20221007,근력/근지구력,짐볼을 활용한 근력운동 프로그램,672.538,mp4,0AUDLJ08S_00050.mp4,http://openapi.kspo.or.kr/web/image/0AUDLJ08S_00050/,192,동영상,하체/복근
근력 운동(짐볼),http://openapi.kspo.or.kr/web/video/,짐볼을 활용한 근력운동 프로그램,203502619,근력운동,29.97,1280,1920*1080,짐볼,공통,20214,0AUDLJ08S_00050_SC_00196.jpeg,2021,1인 이상,1224,한국어,엉덩이 들어 올린 상태에서 양손 모아 좌우로 넘기기,20221007,근력/근지구력,짐볼을 활용한 근력운동 프로그램,674.473,mp4,0AUDLJ08S_00050.mp4,http://openapi.kspo.or.kr/web/image/0AUDLJ08S_00050/,193,동영상,하체/복근
근력 운동(짐볼),http://openapi.kspo.or.kr/web/video/,짐볼을 활용한 근력운동 프로그램,203502619,근력운동,29.97,1281,1920*1080,짐볼,공통,20301,0AUDLJ08S_00050_SC_00197.jpeg,2021,1인 이상,1224,한국어,엉덩이 들어 올린 상태에서 양손 모아 좌우로 넘기기,20221007,근력/근지구력,짐볼을 활용한 근력운동 프로그램,677.376,mp4,0AUDLJ08S_00050.mp4,http://openapi.kspo.or.kr/web/image/0AUDLJ08S_00050/,194,동영상,하체/복근
근력 운동(짐볼),http://openapi.kspo.or.kr/web/video/,짐볼을 활용한 근력운동 프로그램,203502619,근력운동,29.97,1282,1920*1080,짐볼,공통,20388,0AUDLJ08S_00050_SC_00198.jpeg,2021,1인 이상,1224,한국어,엉덩이 들어 올린 상태에서 양손 모아 좌우로 넘기기,20221007,근력/근지구력,짐볼을 활용한 근력운동 프로그램,680.279,mp4,0AUDLJ08S_00050.mp4,http://openapi.kspo.or.kr/web/image/0AUDLJ08S_00050/,195,동영상,하체/복근
근력 운동(짐볼),http://openapi.kspo.or.kr/web/video/,짐볼을 활용한 근력운동 프로그램,203502619,근력운동,29.97,1283,1920*1080,짐볼,공통,20678,0AUDLJ08S_00050_SC_00199.jpeg,2021,1인 이상,1224,한국어,윗몸 말아 올라오기,20221007,근력/근지구력,짐볼을 활용한 근력운동 프로그램,689.955,mp4,0AUDLJ08S_00050.mp4,http://openapi.kspo.or.kr/web/image/0AUDLJ08S_00050/,196,동영상,복근
근력 운동(짐볼),http://openapi.kspo.or.kr/web/video/,짐볼을 활용한 근력운동 프로그램,203502619,근력운동,29.97,1284,1920*1080,짐볼,공통,20736,0AUDLJ08S_00050_SC_00200.jpeg,2021,1인 이상,1224,한국어,윗몸 말아 올라오기,20221007,근력/근지구력,짐볼을 활용한 근력운동 프로그램,691.891,mp4,0AUDLJ08S_00050.mp4,http://openapi.kspo.or.kr/web/image/0AUDLJ08S_00050/,197,동영상,복근
근력 운동(짐볼),http://openapi.kspo.or.kr/web/video/,짐볼을 활용한 근력운동 프로그램,203502619,근력운동,29.97,1285,1920*1080,짐볼,공통,20852,0AUDLJ08S_00050_SC_00201.jpeg,2021,1인 이상,1224,한국어,윗몸 말아 올라오기,20221007,근력/근지구력,짐볼을 활용한 근력운동 프로그램,695.761,mp4,0AUDLJ08S_00050.mp4,http://openapi.kspo.or.kr/web/image/0AUDLJ08S_00050/,198,동영상,복근
근력 운동(짐볼),http://openapi.kspo.or.kr/web/video/,짐볼을 활용한 근력운동 프로그램,203502619,근력운동,29.97,1286,1920*1080,짐볼,공통,20997,0AUDLJ08S_00050_SC_00202.jpeg,2021,1인 이상,1224,한국어,윗몸 말아 올라오기,20221007,근력/근지구력,짐볼을 활용한 근력운동 프로그램,700.599,mp4,0AUDLJ08S_00050.mp4,http://openapi.kspo.or.kr/web/image/0AUDLJ08S_00050/,199,동영상,복근
근력 운동(짐볼),http://openapi.kspo.or.kr/web/video/,짐볼을 활용한 근력운동 프로그램,203502619,근력운동,29.97,1287,1920*1080,짐볼,공통,21200,0AUDLJ08S_00050_SC_00203.jpeg,2021,1인 이상,1224,한국어,윗몸 말아 올라오기,20221007,근력/근지구력,짐볼을 활용한 근력운동 프로그램,707.373,mp4,0AUDLJ08S_00050.mp4,http://openapi.kspo.or.kr/web/image/0AUDLJ08S_00050/,200,동영상,복근
근력 운동(짐볼),http://openapi.kspo.or.kr/web/video/,짐볼을 활용한 근력운동 프로그램,203502619,근력운동,29.97,1288,1920*1080,짐볼,공통,21287,0AUDLJ08S_00050_SC_00204.jpeg,2021,1인 이상,1224,한국어,윗몸 말아 올라오기,20221007,근력/근지구력,짐볼을 활용한 근력운동 프로그램,710.276,mp4,0AUDLJ08S_00050.mp4,http://openapi.kspo.or.kr/web/image/0AUDLJ08S_00050/,201,동영상,복근
근력 운동(짐볼),http://openapi.kspo.or.kr/web/video/,짐볼을 활용한 근력운동 프로그램,203502619,근력운동,29.97,1289,1920*1080,짐볼,공통,21519,0AUDLJ08S_00050_SC_00205.jpeg,2021,1인 이상,1224,한국어,윗몸 말아 올라오기,20221007,근력/근지구력,짐볼을 활용한 근력운동 프로그램,718.017,mp4,0AUDLJ08S_00050.mp4,http://openapi.kspo.or.kr/web/image/0AUDLJ08S_00050/,202,동영상,복근
근력 운동(짐볼),http://openapi.kspo.or.kr/web/video/,짐볼을 활용한 근력운동 프로그램,203502619,근력운동,29.97,1290,1920*1080,짐볼,공통,21751,0AUDLJ08S_00050_SC_00207.jpeg,2021,1인 이상,1224,한국어,하체 좌우로 돌리기,20221007,근력/근지구력,짐볼을 활용한 근력운동 프로그램,725.758,mp4,0AUDLJ08S_00050.mp4,http://openapi.kspo.or.kr/web/image/0AUDLJ08S_00050/,203,동영상,복근
근력 운동(짐볼),http://openapi.kspo.or.kr/web/video/,짐볼을 활용한 근력운동 프로그램,203502619,근력운동,29.97,1291,1920*1080,짐볼,공통,21809,0AUDLJ08S_00050_SC_00208.jpeg,2021,1인 이상,1224,한국어,하체 좌우로 돌리기,20221007,근력/근지구력,짐볼을 활용한 근력운동 프로그램,727.693,mp4,0AUDLJ08S_00050.mp4,http://openapi.kspo.or.kr/web/image/0AUDLJ08S_00050/,204,동영상,복근
근력 운동(짐볼),http://openapi.kspo.or.kr/web/video/,짐볼을 활용한 근력운동 프로그램,203502619,근력운동,29.97,1292,1920*1080,짐볼,공통,21925,0AUDLJ08S_00050_SC_00209.jpeg,2021,1인 이상,1224,한국어,하체 좌우로 돌리기,20221007,근력/근지구력,짐볼을 활용한 근력운동 프로그램,731.564,mp4,0AUDLJ08S_00050.mp4,http://openapi.kspo.or.kr/web/image/0AUDLJ08S_00050/,205,동영상,복근
근력 운동(짐볼),http://openapi.kspo.or.kr/web/video/,짐볼을 활용한 근력운동 프로그램,203502619,근력운동,29.97,1293,1920*1080,짐볼,공통,22070,0AUDLJ08S_00050_SC_00210.jpeg,2021,1인 이상,1224,한국어,하체 좌우로 돌리기,20221007,근력/근지구력,짐볼을 활용한 근력운동 프로그램,736.402,mp4,0AUDLJ08S_00050.mp4,http://openapi.kspo.or.kr/web/image/0AUDLJ08S_00050/,206,동영상,복근
근력 운동(짐볼),http://openapi.kspo.or.kr/web/video/,짐볼을 활용한 근력운동 프로그램,203502619,근력운동,29.97,1294,1920*1080,짐볼,공통,22331,0AUDLJ08S_00050_SC_00211.jpeg,2021,1인 이상,1224,한국어,하체 좌우로 돌리기,20221007,근력/근지구력,짐볼을 활용한 근력운동 프로그램,745.111,mp4,0AUDLJ08S_00050.mp4,http://openapi.kspo.or.kr/web/image/0AUDLJ08S_00050/,207,동영상,복근
근력 운동(짐볼),http://openapi.kspo.or.kr/web/video/,짐볼을 활용한 근력운동 프로그램,203502619,근력운동,29.97,1295,1920*1080,짐볼,공통,22447,0AUDLJ08S_00050_SC_00212.jpeg,2021,1인 이상,1224,한국어,하체 좌우로 돌리기,20221007,근력/근지구력,짐볼을 활용한 근력운동 프로그램,748.981,mp4,0AUDLJ08S_00050.mp4,http://openapi.kspo.or.kr/web/image/0AUDLJ08S_00050/,208,동영상,복근
근력 운동(짐볼),http://openapi.kspo.or.kr/web/video/,짐볼을 활용한 근력운동 프로그램,203502619,근력운동,29.97,1296,1920*1080,짐볼,공통,22476,0AUDLJ08S_00050_SC_00213.jpeg,2021,1인 이상,1224,한국어,하체 좌우로 돌리기,20221007,근력/근지구력,짐볼을 활용한 근력운동 프로그램,749.949,mp4,0AUDLJ08S_00050.mp4,http://openapi.kspo.or.kr/web/image/0AUDLJ08S_00050/,209,동영상,복근
근력 운동(짐볼),http://openapi.kspo.or.kr/web/video/,짐볼을 활용한 근력운동 프로그램,203502619,근력운동,29.97,1297,1920*1080,짐볼,공통,22534,0AUDLJ08S_00050_SC_00214.jpeg,2021,1인 이상,1224,한국어,하체 좌우로 돌리기,20221007,근력/근지구력,짐볼을 활용한 근력운동 프로그램,751.884,mp4,0AUDLJ08S_00050.mp4,http://openapi.kspo.or.kr/web/image/0AUDLJ08S_00050/,210,동영상,복근
근력 운동(짐볼),http://openapi.kspo.or.kr/web/video/,짐볼을 활용한 근력운동 프로그램,203502619,근력운동,29.97,1298,1920*1080,짐볼,공통,22563,0AUDLJ08S_00050_SC_00215.jpeg,2021,1인 이상,1224,한국어,하체 좌우로 돌리기,20221007,근력/근지구력,짐볼을 활용한 근력운동 프로그램,752.852,mp4,0AUDLJ08S_00050.mp4,http://openapi.kspo.or.kr/web/image/0AUDLJ08S_00050/,211,동영상,복근
근력 운동(짐볼),http://openapi.kspo.or.kr/web/video/,짐볼을 활용한 근력운동 프로그램,203502619,근력운동,29.97,1299,1920*1080,짐볼,공통,22679,0AUDLJ08S_00050_SC_00216.jpeg,2021,1인 이상,1224,한국어,하체 좌우로 돌리기,20221007,근력/근지구력,짐볼을 활용한 근력운동 프로그램,756.722,mp4,0AUDLJ08S_00050.mp4,http://openapi.kspo.or.kr/web/image/0AUDLJ08S_00050/,212,동영상,복근
근력 운동(짐볼),http://openapi.kspo.or.kr/web/video/,짐볼을 활용한 근력운동 프로그램,203502619,근력운동,29.97,1300,1920*1080,짐볼,공통,22853,0AUDLJ08S_00050_SC_00217.jpeg,2021,1인 이상,1224,한국어,하체 좌우로 돌리기,20221007,근력/근지구력,짐볼을 활용한 근력운동 프로그램,762.528,mp4,0AUDLJ08S_00050.mp4,http://openapi.kspo.or.kr/web/image/0AUDLJ08S_00050/,213,동영상,복근
근력 운동(짐볼),http://openapi.kspo.or.kr/web/video/,짐볼을 활용한 근력운동 프로그램,203502619,근력운동,29.97,1301,1920*1080,짐볼,공통,22911,0AUDLJ08S_00050_SC_00218.jpeg,2021,1인 이상,1224,한국어,하체 좌우로 돌리기,20221007,근력/근지구력,짐볼을 활용한 근력운동 프로그램,764.463,mp4,0AUDLJ08S_00050.mp4,http://openapi.kspo.or.kr/web/image/0AUDLJ08S_00050/,214,동영상,복근
근력 운동(짐볼),http://openapi.kspo.or.kr/web/video/,짐볼을 활용한 근력운동 프로그램,203502619,근력운동,29.97,1302,1920*1080,짐볼,공통,22940,0AUDLJ08S_00050_SC_00219.jpeg,2021,1인 이상,1224,한국어,하체 좌우로 돌리기,20221007,근력/근지구력,짐볼을 활용한 근력운동 프로그램,765.431,mp4,0AUDLJ08S_00050.mp4,http://openapi.kspo.or.kr/web/image/0AUDLJ08S_00050/,215,동영상,복근
근력 운동(짐볼),http://openapi.kspo.or.kr/web/video/,짐볼을 활용한 근력운동 프로그램,203502619,근력운동,29.97,1303,1920*1080,짐볼,공통,22998,0AUDLJ08S_00050_SC_00220.jpeg,2021,1인 이상,1224,한국어,하체 좌우로 돌리기,20221007,근력/근지구력,짐볼을 활용한 근력운동 프로그램,767.366,mp4,0AUDLJ08S_00050.mp4,http://openapi.kspo.or.kr/web/image/0AUDLJ08S_00050/,216,동영상,복근
근력 운동(짐볼),http://openapi.kspo.or.kr/web/video/,짐볼을 활용한 근력운동 프로그램,203502619,근력운동,29.97,1304,1920*1080,짐볼,공통,23433,0AUDLJ08S_00050_SC_00221.jpeg,2021,1인 이상,1224,한국어,다리 교차하기,20221007,근력/근지구력,짐볼을 활용한 근력운동 프로그램,781.881,mp4,0AUDLJ08S_00050.mp4,http://openapi.kspo.or.kr/web/image/0AUDLJ08S_00050/,217,동영상,복근
근력 운동(짐볼),http://openapi.kspo.or.kr/web/video/,짐볼을 활용한 근력운동 프로그램,203502619,근력운동,29.97,1305,1920*1080,짐볼,공통,23462,0AUDLJ08S_00050_SC_00222.jpeg,2021,1인 이상,1224,한국어,다리 교차하기,20221007,근력/근지구력,짐볼을 활용한 근력운동 프로그램,782.848,mp4,0AUDLJ08S_00050.mp4,http://openapi.kspo.or.kr/web/image/0AUDLJ08S_00050/,218,동영상,복근
근력 운동(짐볼),http://openapi.kspo.or.kr/web/video/,짐볼을 활용한 근력운동 프로그램,203502619,근력운동,29.97,1306,1920*1080,짐볼,공통,23520,0AUDLJ08S_00050_SC_00223.jpeg,2021,1인 이상,1224,한국어,다리 교차하기,20221007,근력/근지구력,짐볼을 활용한 근력운동 프로그램,784.784,mp4,0AUDLJ08S_00050.mp4,http://openapi.kspo.or.kr/web/image/0AUDLJ08S_00050/,219,동영상,복근
근력 운동(짐볼),http://openapi.kspo.or.kr/web/video/,짐볼을 활용한 근력운동 프로그램,203502619,근력운동,29.97,1307,1920*1080,짐볼,공통,23549,0AUDLJ08S_00050_SC_00224.jpeg,2021,1인 이상,1224,한국어,다리 교차하기,20221007,근력/근지구력,짐볼을 활용한 근력운동 프로그램,785.751,mp4,0AUDLJ08S_00050.mp4,http://openapi.kspo.or.kr/web/image/0AUDLJ08S_00050/,220,동영상,복근
근력 운동(짐볼),http://openapi.kspo.or.kr/web/video/,짐볼을 활용한 근력운동 프로그램,203502619,근력운동,29.97,1308,1920*1080,짐볼,공통,23723,0AUDLJ08S_00050_SC_00225.jpeg,2021,1인 이상,1224,한국어,다리 교차하기,20221007,근력/근지구력,짐볼을 활용한 근력운동 프로그램,791.557,mp4,0AUDLJ08S_00050.mp4,http://openapi.kspo.or.kr/web/image/0AUDLJ08S_00050/,221,동영상,복근
근력 운동(짐볼),http://openapi.kspo.or.kr/web/video/,짐볼을 활용한 근력운동 프로그램,203502619,근력운동,29.97,1309,1920*1080,짐볼,공통,23781,0AUDLJ08S_00050_SC_00226.jpeg,2021,1인 이상,1224,한국어,다리 교차하기,20221007,근력/근지구력,짐볼을 활용한 근력운동 프로그램,793.492,mp4,0AUDLJ08S_00050.mp4,http://openapi.kspo.or.kr/web/image/0AUDLJ08S_00050/,222,동영상,복근
근력 운동(짐볼),http://openapi.kspo.or.kr/web/video/,짐볼을 활용한 근력운동 프로그램,203502619,근력운동,29.97,1310,1920*1080,짐볼,공통,23810,0AUDLJ08S_00050_SC_00227.jpeg,2021,1인 이상,1224,한국어,다리 교차하기,20221007,근력/근지구력,짐볼을 활용한 근력운동 프로그램,794.46,mp4,0AUDLJ08S_00050.mp4,http://openapi.kspo.or.kr/web/image/0AUDLJ08S_00050/,223,동영상,복근
근력 운동(짐볼),http://openapi.kspo.or.kr/web/video/,짐볼을 활용한 근력운동 프로그램,203502619,근력운동,29.97,1311,1920*1080,짐볼,공통,23839,0AUDLJ08S_00050_SC_00228.jpeg,2021,1인 이상,1224,한국어,다리 교차하기,20221007,근력/근지구력,짐볼을 활용한 근력운동 프로그램,795.427,mp4,0AUDLJ08S_00050.mp4,http://openapi.kspo.or.kr/web/image/0AUDLJ08S_00050/,224,동영상,복근
근력 운동(짐볼),http://openapi.kspo.or.kr/web/video/,짐볼을 활용한 근력운동 프로그램,203502619,근력운동,29.97,1312,1920*1080,짐볼,공통,23868,0AUDLJ08S_00050_SC_00229.jpeg,2021,1인 이상,1224,한국어,다리 교차하기,20221007,근력/근지구력,짐볼을 활용한 근력운동 프로그램,796.395,mp4,0AUDLJ08S_00050.mp4,http://openapi.kspo.or.kr/web/image/0AUDLJ08S_00050/,225,동영상,복근
근력 운동(짐볼),http://openapi.kspo.or.kr/web/video/,짐볼을 활용한 근력운동 프로그램,203502619,근력운동,29.97,1313,1920*1080,짐볼,공통,23926,0AUDLJ08S_00050_SC_00230.jpeg,2021,1인 이상,1224,한국어,다리 교차하기,20221007,근력/근지구력,짐볼을 활용한 근력운동 프로그램,798.33,mp4,0AUDLJ08S_00050.mp4,http://openapi.kspo.or.kr/web/image/0AUDLJ08S_00050/,226,동영상,복근
근력 운동(짐볼),http://openapi.kspo.or.kr/web/video/,짐볼을 활용한 근력운동 프로그램,203502619,근력운동,29.97,1314,1920*1080,짐볼,공통,23984,0AUDLJ08S_00050_SC_00231.jpeg,2021,1인 이상,1224,한국어,다리 교차하기,20221007,근력/근지구력,짐볼을 활용한 근력운동 프로그램,800.266,mp4,0AUDLJ08S_00050.mp4,http://openapi.kspo.or.kr/web/image/0AUDLJ08S_00050/,227,동영상,복근
근력 운동(짐볼),http://openapi.kspo.or.kr/web/video/,짐볼을 활용한 근력운동 프로그램,203502619,근력운동,29.97,1315,1920*1080,짐볼,공통,24129,0AUDLJ08S_00050_SC_00232.jpeg,2021,1인 이상,1224,한국어,다리 교차하기,20221007,근력/근지구력,짐볼을 활용한 근력운동 프로그램,805.104,mp4,0AUDLJ08S_00050.mp4,http://openapi.kspo.or.kr/web/image/0AUDLJ08S_00050/,228,동영상,복근
근력 운동(짐볼),http://openapi.kspo.or.kr/web/video/,짐볼을 활용한 근력운동 프로그램,203502619,근력운동,29.97,1316,1920*1080,짐볼,공통,24361,0AUDLJ08S_00050_SC_00233.jpeg,2021,1인 이상,1224,한국어,하체 말아 올리기,20221007,근력/근지구력,짐볼을 활용한 근력운동 프로그램,812.845,mp4,0AUDLJ08S_00050.mp4,http://openapi.kspo.or.kr/web/image/0AUDLJ08S_00050/,229,동영상,하체/복근
근력 운동(짐볼),http://openapi.kspo.or.kr/web/video/,짐볼을 활용한 근력운동 프로그램,203502619,근력운동,29.97,1317,1920*1080,짐볼,공통,24477,0AUDLJ08S_00050_SC_00234.jpeg,2021,1인 이상,1224,한국어,하체 말아 올리기,20221007,근력/근지구력,짐볼을 활용한 근력운동 프로그램,816.715,mp4,0AUDLJ08S_00050.mp4,http://openapi.kspo.or.kr/web/image/0AUDLJ08S_00050/,230,동영상,하체/복근
근력 운동(짐볼),http://openapi.kspo.or.kr/web/video/,짐볼을 활용한 근력운동 프로그램,203502619,근력운동,29.97,1318,1920*1080,짐볼,공통,24651,0AUDLJ08S_00050_SC_00235.jpeg,2021,1인 이상,1224,한국어,하체 말아 올리기,20221007,근력/근지구력,짐볼을 활용한 근력운동 프로그램,822.521,mp4,0AUDLJ08S_00050.mp4,http://openapi.kspo.or.kr/web/image/0AUDLJ08S_00050/,231,동영상,하체/복근
근력 운동(짐볼),http://openapi.kspo.or.kr/web/video/,짐볼을 활용한 근력운동 프로그램,203502619,근력운동,29.97,1319,1920*1080,짐볼,공통,24680,0AUDLJ08S_00050_SC_00236.jpeg,2021,1인 이상,1224,한국어,하체 말아 올리기,20221007,근력/근지구력,짐볼을 활용한 근력운동 프로그램,823.489,mp4,0AUDLJ08S_00050.mp4,http://openapi.kspo.or.kr/web/image/0AUDLJ08S_00050/,232,동영상,하체/복근
근력 운동(짐볼),http://openapi.kspo.or.kr/web/video/,짐볼을 활용한 근력운동 프로그램,203502619,근력운동,29.97,1320,1920*1080,짐볼,공통,24709,0AUDLJ08S_00050_SC_00237.jpeg,2021,1인 이상,1224,한국어,하체 말아 올리기,20221007,근력/근지구력,짐볼을 활용한 근력운동 프로그램,824.456,mp4,0AUDLJ08S_00050.mp4,http://openapi.kspo.or.kr/web/image/0AUDLJ08S_00050/,233,동영상,하체/복근
근력 운동(짐볼),http://openapi.kspo.or.kr/web/video/,짐볼을 활용한 근력운동 프로그램,203502619,근력운동,29.97,1321,1920*1080,짐볼,공통,24738,0AUDLJ08S_00050_SC_00238.jpeg,2021,1인 이상,1224,한국어,하체 말아 올리기,20221007,근력/근지구력,짐볼을 활용한 근력운동 프로그램,825.424,mp4,0AUDLJ08S_00050.mp4,http://openapi.kspo.or.kr/web/image/0AUDLJ08S_00050/,234,동영상,하체/복근
근력 운동(짐볼),http://openapi.kspo.or.kr/web/video/,짐볼을 활용한 근력운동 프로그램,203502619,근력운동,29.97,1322,1920*1080,짐볼,공통,24767,0AUDLJ08S_00050_SC_00239.jpeg,2021,1인 이상,1224,한국어,하체 말아 올리기,20221007,근력/근지구력,짐볼을 활용한 근력운동 프로그램,826.392,mp4,0AUDLJ08S_00050.mp4,http://openapi.kspo.or.kr/web/image/0AUDLJ08S_00050/,235,동영상,하체/복근
근력 운동(짐볼),http://openapi.kspo.or.kr/web/video/,짐볼을 활용한 근력운동 프로그램,203502619,근력운동,29.97,1323,1920*1080,짐볼,공통,24796,0AUDLJ08S_00050_SC_00240.jpeg,2021,1인 이상,1224,한국어,하체 말아 올리기,20221007,근력/근지구력,짐볼을 활용한 근력운동 프로그램,827.359,mp4,0AUDLJ08S_00050.mp4,http://openapi.kspo.or.kr/web/image/0AUDLJ08S_00050/,236,동영상,하체/복근
근력 운동(짐볼),http://openapi.kspo.or.kr/web/video/,짐볼을 활용한 근력운동 프로그램,203502619,근력운동,29.97,1324,1920*1080,짐볼,공통,24825,0AUDLJ08S_00050_SC_00241.jpeg,2021,1인 이상,1224,한국어,하체 말아 올리기,20221007,근력/근지구력,짐볼을 활용한 근력운동 프로그램,828.327,mp4,0AUDLJ08S_00050.mp4,http://openapi.kspo.or.kr/web/image/0AUDLJ08S_00050/,237,동영상,하체/복근
근력 운동(짐볼),http://openapi.kspo.or.kr/web/video/,짐볼을 활용한 근력운동 프로그램,203502619,근력운동,29.97,1325,1920*1080,짐볼,공통,24854,0AUDLJ08S_00050_SC_00242.jpeg,2021,1인 이상,1224,한국어,하체 말아 올리기,20221007,근력/근지구력,짐볼을 활용한 근력운동 프로그램,829.295,mp4,0AUDLJ08S_00050.mp4,http://openapi.kspo.or.kr/web/image/0AUDLJ08S_00050/,238,동영상,하체/복근
근력 운동(짐볼),http://openapi.kspo.or.kr/web/video/,짐볼을 활용한 근력운동 프로그램,203502619,근력운동,29.97,1326,1920*1080,짐볼,공통,24883,0AUDLJ08S_00050_SC_00243.jpeg,2021,1인 이상,1224,한국어,하체 말아 올리기,20221007,근력/근지구력,짐볼을 활용한 근력운동 프로그램,830.262,mp4,0AUDLJ08S_00050.mp4,http://openapi.kspo.or.kr/web/image/0AUDLJ08S_00050/,239,동영상,하체/복근
근력 운동(짐볼),http://openapi.kspo.or.kr/web/video/,짐볼을 활용한 근력운동 프로그램,203502619,근력운동,29.97,1327,1920*1080,짐볼,공통,24912,0AUDLJ08S_00050_SC_00244.jpeg,2021,1인 이상,1224,한국어,하체 말아 올리기,20221007,근력/근지구력,짐볼을 활용한 근력운동 프로그램,831.23,mp4,0AUDLJ08S_00050.mp4,http://openapi.kspo.or.kr/web/image/0AUDLJ08S_00050/,240,동영상,하체/복근
근력 운동(짐볼),http://openapi.kspo.or.kr/web/video/,짐볼을 활용한 근력운동 프로그램,203502619,근력운동,29.97,1328,1920*1080,짐볼,공통,24970,0AUDLJ08S_00050_SC_00245.jpeg,2021,1인 이상,1224,한국어,하체 말아 올리기,20221007,근력/근지구력,짐볼을 활용한 근력운동 프로그램,833.165,mp4,0AUDLJ08S_00050.mp4,http://openapi.kspo.or.kr/web/image/0AUDLJ08S_00050/,241,동영상,하체/복근
근력 운동(짐볼),http://openapi.kspo.or.kr/web/video/,짐볼을 활용한 근력운동 프로그램,203502619,근력운동,29.97,1329,1920*1080,짐볼,공통,24999,0AUDLJ08S_00050_SC_00246.jpeg,2021,1인 이상,1224,한국어,하체 말아 올리기,20221007,근력/근지구력,짐볼을 활용한 근력운동 프로그램,834.133,mp4,0AUDLJ08S_00050.mp4,http://openapi.kspo.or.kr/web/image/0AUDLJ08S_00050/,242,동영상,하체/복근
근력 운동(짐볼),http://openapi.kspo.or.kr/web/video/,짐볼을 활용한 근력운동 프로그램,203502619,근력운동,29.97,1330,1920*1080,짐볼,공통,25028,0AUDLJ08S_00050_SC_00247.jpeg,2021,1인 이상,1224,한국어,하체 말아 올리기,20221007,근력/근지구력,짐볼을 활용한 근력운동 프로그램,835.1,mp4,0AUDLJ08S_00050.mp4,http://openapi.kspo.or.kr/web/image/0AUDLJ08S_00050/,243,동영상,하체/복근
근력 운동(짐볼),http://openapi.kspo.or.kr/web/video/,짐볼을 활용한 근력운동 프로그램,203502619,근력운동,29.97,1331,1920*1080,짐볼,공통,25173,0AUDLJ08S_00050_SC_00248.jpeg,2021,1인 이상,1224,한국어,하체 말아 올리기,20221007,근력/근지구력,짐볼을 활용한 근력운동 프로그램,839.939,mp4,0AUDLJ08S_00050.mp4,http://openapi.kspo.or.kr/web/image/0AUDLJ08S_00050/,244,동영상,하체/복근
근력 운동(짐볼),http://openapi.kspo.or.kr/web/video/,짐볼을 활용한 근력운동 프로그램,203502619,근력운동,29.97,1332,1920*1080,짐볼,공통,25202,0AUDLJ08S_00050_SC_00249.jpeg,2021,1인 이상,1224,한국어,엉덩이 들기,20221007,근력/근지구력,짐볼을 활용한 근력운동 프로그램,840.906,mp4,0AUDLJ08S_00050.mp4,http://openapi.kspo.or.kr/web/image/0AUDLJ08S_00050/,245,동영상,엉덩이
근력 운동(짐볼),http://openapi.kspo.or.kr/web/video/,짐볼을 활용한 근력운동 프로그램,203502619,근력운동,29.97,1333,1920*1080,짐볼,공통,25318,0AUDLJ08S_00050_SC_00250.jpeg,2021,1인 이상,1224,한국어,엉덩이 들기,20221007,근력/근지구력,짐볼을 활용한 근력운동 프로그램,844.777,mp4,0AUDLJ08S_00050.mp4,http://openapi.kspo.or.kr/web/image/0AUDLJ08S_00050/,246,동영상,엉덩이
근력 운동(짐볼),http://openapi.kspo.or.kr/web/video/,짐볼을 활용한 근력운동 프로그램,203502619,근력운동,29.97,1334,1920*1080,짐볼,공통,25434,0AUDLJ08S_00050_SC_00251.jpeg,2021,1인 이상,1224,한국어,엉덩이 들기,20221007,근력/근지구력,짐볼을 활용한 근력운동 프로그램,848.647,mp4,0AUDLJ08S_00050.mp4,http://openapi.kspo.or.kr/web/image/0AUDLJ08S_00050/,247,동영상,엉덩이
근력 운동(짐볼),http://openapi.kspo.or.kr/web/video/,짐볼을 활용한 근력운동 프로그램,203502619,근력운동,29.97,1335,1920*1080,짐볼,공통,25521,0AUDLJ08S_00050_SC_00252.jpeg,2021,1인 이상,1224,한국어,엉덩이 들기,20221007,근력/근지구력,짐볼을 활용한 근력운동 프로그램,851.55,mp4,0AUDLJ08S_00050.mp4,http://openapi.kspo.or.kr/web/image/0AUDLJ08S_00050/,248,동영상,엉덩이
근력 운동(짐볼),http://openapi.kspo.or.kr/web/video/,짐볼을 활용한 근력운동 프로그램,203502619,근력운동,29.97,1336,1920*1080,짐볼,공통,25637,0AUDLJ08S_00050_SC_00253.jpeg,2021,1인 이상,1224,한국어,엉덩이 들기,20221007,근력/근지구력,짐볼을 활용한 근력운동 프로그램,855.421,mp4,0AUDLJ08S_00050.mp4,http://openapi.kspo.or.kr/web/image/0AUDLJ08S_00050/,249,동영상,엉덩이
근력 운동(짐볼),http://openapi.kspo.or.kr/web/video/,짐볼을 활용한 근력운동 프로그램,203502619,근력운동,29.97,1337,1920*1080,짐볼,공통,25869,0AUDLJ08S_00050_SC_00254.jpeg,2021,1인 이상,1224,한국어,데드버그,20221007,근력/근지구력,짐볼을 활용한 근력운동 프로그램,863.162,mp4,0AUDLJ08S_00050.mp4,http://openapi.kspo.or.kr/web/image/0AUDLJ08S_00050/,250,동영상,코어
근력 운동(짐볼),http://openapi.kspo.or.kr/web/video/,짐볼을 활용한 근력운동 프로그램,203502619,근력운동,29.97,1338,1920*1080,짐볼,공통,25898,0AUDLJ08S_00050_SC_00255.jpeg,2021,1인 이상,1224,한국어,데드버그,20221007,근력/근지구력,짐볼을 활용한 근력운동 프로그램,864.129,mp4,0AUDLJ08S_00050.mp4,http://openapi.kspo.or.kr/web/image/0AUDLJ08S_00050/,251,동영상,코어
근력 운동(짐볼),http://openapi.kspo.or.kr/web/video/,짐볼을 활용한 근력운동 프로그램,203502619,근력운동,29.97,1339,1920*1080,짐볼,공통,26072,0AUDLJ08S_00050_SC_00256.jpeg,2021,1인 이상,1224,한국어,데드버그,20221007,근력/근지구력,짐볼을 활용한 근력운동 프로그램,869.935,mp4,0AUDLJ08S_00050.mp4,http://openapi.kspo.or.kr/web/image/0AUDLJ08S_00050/,252,동영상,코어
근력 운동(짐볼),http://openapi.kspo.or.kr/web/video/,짐볼을 활용한 근력운동 프로그램,203502619,근력운동,29.97,1340,1920*1080,짐볼,공통,26159,0AUDLJ08S_00050_SC_00257.jpeg,2021,1인 이상,1224,한국어,데드버그,20221007,근력/근지구력,짐볼을 활용한 근력운동 프로그램,872.838,mp4,0AUDLJ08S_00050.mp4,http://openapi.kspo.or.kr/web/image/0AUDLJ08S_00050/,253,동영상,코어
근력 운동(짐볼),http://openapi.kspo.or.kr/web/video/,짐볼을 활용한 근력운동 프로그램,203502619,근력운동,29.97,1341,1920*1080,짐볼,공통,26217,0AUDLJ08S_00050_SC_00258.jpeg,2021,1인 이상,1224,한국어,데드버그,20221007,근력/근지구력,짐볼을 활용한 근력운동 프로그램,874.773,mp4,0AUDLJ08S_00050.mp4,http://openapi.kspo.or.kr/web/image/0AUDLJ08S_00050/,254,동영상,코어
근력 운동(짐볼),http://openapi.kspo.or.kr/web/video/,짐볼을 활용한 근력운동 프로그램,203502619,근력운동,29.97,1342,1920*1080,짐볼,공통,26304,0AUDLJ08S_00050_SC_00259.jpeg,2021,1인 이상,1224,한국어,데드버그,20221007,근력/근지구력,짐볼을 활용한 근력운동 프로그램,877.676,mp4,0AUDLJ08S_00050.mp4,http://openapi.kspo.or.kr/web/image/0AUDLJ08S_00050/,255,동영상,코어
근력 운동(짐볼),http://openapi.kspo.or.kr/web/video/,짐볼을 활용한 근력운동 프로그램,203502619,근력운동,29.97,1343,1920*1080,짐볼,공통,26362,0AUDLJ08S_00050_SC_00260.jpeg,2021,1인 이상,1224,한국어,데드버그,20221007,근력/근지구력,짐볼을 활용한 근력운동 프로그램,879.612,mp4,0AUDLJ08S_00050.mp4,http://openapi.kspo.or.kr/web/image/0AUDLJ08S_00050/,256,동영상,코어
근력 운동(짐볼),http://openapi.kspo.or.kr/web/video/,짐볼을 활용한 근력운동 프로그램,203502619,근력운동,29.97,1344,1920*1080,짐볼,공통,26536,0AUDLJ08S_00050_SC_00261.jpeg,2021,1인 이상,1224,한국어,데드버그,20221007,근력/근지구력,짐볼을 활용한 근력운동 프로그램,885.417,mp4,0AUDLJ08S_00050.mp4,http://openapi.kspo.or.kr/web/image/0AUDLJ08S_00050/,257,동영상,코어
근력 운동(짐볼),http://openapi.kspo.or.kr/web/video/,짐볼을 활용한 근력운동 프로그램,203502619,근력운동,29.97,1345,1920*1080,짐볼,공통,26681,0AUDLJ08S_00050_SC_00262.jpeg,2021,1인 이상,1224,한국어,엇갈려 다리 들기,20221007,근력/근지구력,짐볼을 활용한 근력운동 프로그램,890.256,mp4,0AUDLJ08S_00050.mp4,http://openapi.kspo.or.kr/web/image/0AUDLJ08S_00050/,258,동영상,코어
근력 운동(짐볼),http://openapi.kspo.or.kr/web/video/,짐볼을 활용한 근력운동 프로그램,203502619,근력운동,29.97,1346,1920*1080,짐볼,공통,26826,0AUDLJ08S_00050_SC_00263.jpeg,2021,1인 이상,1224,한국어,엇갈려 다리 들기,20221007,근력/근지구력,짐볼을 활용한 근력운동 프로그램,895.094,mp4,0AUDLJ08S_00050.mp4,http://openapi.kspo.or.kr/web/image/0AUDLJ08S_00050/,259,동영상,코어
근력 운동(짐볼),http://openapi.kspo.or.kr/web/video/,짐볼을 활용한 근력운동 프로그램,203502619,근력운동,29.97,1347,1920*1080,짐볼,공통,26971,0AUDLJ08S_00050_SC_00264.jpeg,2021,1인 이상,1224,한국어,엇갈려 다리 들기,20221007,근력/근지구력,짐볼을 활용한 근력운동 프로그램,899.932,mp4,0AUDLJ08S_00050.mp4,http://openapi.kspo.or.kr/web/image/0AUDLJ08S_00050/,260,동영상,코어
근력 운동(짐볼),http://openapi.kspo.or.kr/web/video/,짐볼을 활용한 근력운동 프로그램,203502619,근력운동,29.97,1348,1920*1080,짐볼,공통,27087,0AUDLJ08S_00050_SC_00265.jpeg,2021,1인 이상,1224,한국어,엇갈려 다리 들기,20221007,근력/근지구력,짐볼을 활용한 근력운동 프로그램,903.802,mp4,0AUDLJ08S_00050.mp4,http://openapi.kspo.or.kr/web/image/0AUDLJ08S_00050/,261,동영상,코어
근력 운동(짐볼),http://openapi.kspo.or.kr/web/video/,짐볼을 활용한 근력운동 프로그램,203502619,근력운동,29.97,1349,1920*1080,짐볼,공통,27145,0AUDLJ08S_00050_SC_00266.jpeg,2021,1인 이상,1224,한국어,엇갈려 다리 들기,20221007,근력/근지구력,짐볼을 활용한 근력운동 프로그램,905.738,mp4,0AUDLJ08S_00050.mp4,http://openapi.kspo.or.kr/web/image/0AUDLJ08S_00050/,262,동영상,코어
근력 운동(짐볼),http://openapi.kspo.or.kr/web/video/,짐볼을 활용한 근력운동 프로그램,203502619,근력운동,29.97,1350,1920*1080,짐볼,공통,27290,0AUDLJ08S_00050_SC_00267.jpeg,2021,1인 이상,1224,한국어,엇갈려 다리 들기,20221007,근력/근지구력,짐볼을 활용한 근력운동 프로그램,910.576,mp4,0AUDLJ08S_00050.mp4,http://openapi.kspo.or.kr/web/image/0AUDLJ08S_00050/,263,동영상,코어
근력 운동(짐볼),http://openapi.kspo.or.kr/web/video/,짐볼을 활용한 근력운동 프로그램,203502619,근력운동,29.97,1351,1920*1080,짐볼,공통,27464,0AUDLJ08S_00050_SC_00269.jpeg,2021,1인 이상,1224,한국어,상체 앞으로 들기,20221007,근력/근지구력,짐볼을 활용한 근력운동 프로그램,916.382,mp4,0AUDLJ08S_00050.mp4,http://openapi.kspo.or.kr/web/image/0AUDLJ08S_00050/,264,동영상,어깨/등
근력 운동(짐볼),http://openapi.kspo.or.kr/web/video/,짐볼을 활용한 근력운동 프로그램,203502619,근력운동,29.97,1352,1920*1080,짐볼,공통,27551,0AUDLJ08S_00050_SC_00270.jpeg,2021,1인 이상,1224,한국어,상체 앞으로 들기,20221007,근력/근지구력,짐볼을 활용한 근력운동 프로그램,919.285,mp4,0AUDLJ08S_00050.mp4,http://openapi.kspo.or.kr/web/image/0AUDLJ08S_00050/,265,동영상,어깨/등
근력 운동(짐볼),http://openapi.kspo.or.kr/web/video/,짐볼을 활용한 근력운동 프로그램,203502619,근력운동,29.97,1353,1920*1080,짐볼,공통,27638,0AUDLJ08S_00050_SC_00271.jpeg,2021,1인 이상,1224,한국어,상체 앞으로 들기,20221007,근력/근지구력,짐볼을 활용한 근력운동 프로그램,922.187,mp4,0AUDLJ08S_00050.mp4,http://openapi.kspo.or.kr/web/image/0AUDLJ08S_00050/,266,동영상,어깨/등
근력 운동(짐볼),http://openapi.kspo.or.kr/web/video/,짐볼을 활용한 근력운동 프로그램,203502619,근력운동,29.97,1354,1920*1080,짐볼,공통,27667,0AUDLJ08S_00050_SC_00272.jpeg,2021,1인 이상,1224,한국어,상체 앞으로 들기,20221007,근력/근지구력,짐볼을 활용한 근력운동 프로그램,923.155,mp4,0AUDLJ08S_00050.mp4,http://openapi.kspo.or.kr/web/image/0AUDLJ08S_00050/,267,동영상,어깨/등
근력 운동(짐볼),http://openapi.kspo.or.kr/web/video/,짐볼을 활용한 근력운동 프로그램,203502619,근력운동,29.97,1355,1920*1080,짐볼,공통,27725,0AUDLJ08S_00050_SC_00273.jpeg,2021,1인 이상,1224,한국어,상체 앞으로 들기,20221007,근력/근지구력,짐볼을 활용한 근력운동 프로그램,925.09,mp4,0AUDLJ08S_00050.mp4,http://openapi.kspo.or.kr/web/image/0AUDLJ08S_00050/,268,동영상,어깨/등
근력 운동(짐볼),http://openapi.kspo.or.kr/web/video/,짐볼을 활용한 근력운동 프로그램,203502619,근력운동,29.97,1356,1920*1080,짐볼,공통,27754,0AUDLJ08S_00050_SC_00274.jpeg,2021,1인 이상,1224,한국어,상체 앞으로 들기,20221007,근력/근지구력,짐볼을 활용한 근력운동 프로그램,926.058,mp4,0AUDLJ08S_00050.mp4,http://openapi.kspo.or.kr/web/image/0AUDLJ08S_00050/,269,동영상,어깨/등
,http://openapi.kspo.or.kr/web/video/,낙상을 예방하기 위한 운동프로그램,162334041,낙상 예방,29.97,1357,1920*1080,,공통,28769,0AUDLJ08S_00042_SC_00222.jpeg,2021,1인 이상,981,한국어,,20221007,,낙상 예방 운동프로그램,959.925,mp4,0AUDLJ08S_00042.mp4,http://openapi.kspo.or.kr/web/image/0AUDLJ08S_00042/,214,동영상,
근력 운동(짐볼),http://openapi.kspo.or.kr/web/video/,짐볼을 활용한 근력운동 프로그램,203502619,근력운동,29.97,1358,1920*1080,짐볼,공통,27870,0AUDLJ08S_00050_SC_00275.jpeg,2021,1인 이상,1224,한국어,상체 앞으로 들기,20221007,근력/근지구력,짐볼을 활용한 근력운동 프로그램,929.929,mp4,0AUDLJ08S_00050.mp4,http://openapi.kspo.or.kr/web/image/0AUDLJ08S_00050/,270,동영상,어깨/등
근력 운동(짐볼),http://openapi.kspo.or.kr/web/video/,짐볼을 활용한 근력운동 프로그램,203502619,근력운동,29.97,1359,1920*1080,짐볼,공통,28015,0AUDLJ08S_00050_SC_00276.jpeg,2021,1인 이상,1224,한국어,상체 앞으로 들기,20221007,근력/근지구력,짐볼을 활용한 근력운동 프로그램,934.767,mp4,0AUDLJ08S_00050.mp4,http://openapi.kspo.or.kr/web/image/0AUDLJ08S_00050/,271,동영상,어깨/등
근력 운동(짐볼),http://openapi.kspo.or.kr/web/video/,짐볼을 활용한 근력운동 프로그램,203502619,근력운동,29.97,1360,1920*1080,짐볼,공통,28044,0AUDLJ08S_00050_SC_00277.jpeg,2021,1인 이상,1224,한국어,상체 앞으로 들기,20221007,근력/근지구력,짐볼을 활용한 근력운동 프로그램,935.734,mp4,0AUDLJ08S_00050.mp4,http://openapi.kspo.or.kr/web/image/0AUDLJ08S_00050/,272,동영상,어깨/등
근력 운동(짐볼),http://openapi.kspo.or.kr/web/video/,짐볼을 활용한 근력운동 프로그램,203502619,근력운동,29.97,1361,1920*1080,짐볼,공통,28073,0AUDLJ08S_00050_SC_00278.jpeg,2021,1인 이상,1224,한국어,상체 앞으로 들기,20221007,근력/근지구력,짐볼을 활용한 근력운동 프로그램,936.702,mp4,0AUDLJ08S_00050.mp4,http://openapi.kspo.or.kr/web/image/0AUDLJ08S_00050/,273,동영상,어깨/등
근력 운동(짐볼),http://openapi.kspo.or.kr/web/video/,짐볼을 활용한 근력운동 프로그램,203502619,근력운동,29.97,1362,1920*1080,짐볼,공통,28102,0AUDLJ08S_00050_SC_00279.jpeg,2021,1인 이상,1224,한국어,상체 앞으로 들기,20221007,근력/근지구력,짐볼을 활용한 근력운동 프로그램,937.67,mp4,0AUDLJ08S_00050.mp4,http://openapi.kspo.or.kr/web/image/0AUDLJ08S_00050/,274,동영상,어깨/등
근력 운동(짐볼),http://openapi.kspo.or.kr/web/video/,짐볼을 활용한 근력운동 프로그램,203502619,근력운동,29.97,1363,1920*1080,짐볼,공통,28131,0AUDLJ08S_00050_SC_00280.jpeg,2021,1인 이상,1224,한국어,상체 앞으로 들기,20221007,근력/근지구력,짐볼을 활용한 근력운동 프로그램,938.637,mp4,0AUDLJ08S_00050.mp4,http://openapi.kspo.or.kr/web/image/0AUDLJ08S_00050/,275,동영상,어깨/등
근력 운동(짐볼),http://openapi.kspo.or.kr/web/video/,짐볼을 활용한 근력운동 프로그램,203502619,근력운동,29.97,1364,1920*1080,짐볼,공통,28160,0AUDLJ08S_00050_SC_00281.jpeg,2021,1인 이상,1224,한국어,상체 앞으로 들기,20221007,근력/근지구력,짐볼을 활용한 근력운동 프로그램,939.605,mp4,0AUDLJ08S_00050.mp4,http://openapi.kspo.or.kr/web/image/0AUDLJ08S_00050/,276,동영상,어깨/등
근력 운동(짐볼),http://openapi.kspo.or.kr/web/video/,짐볼을 활용한 근력운동 프로그램,203502619,근력운동,29.97,1365,1920*1080,짐볼,공통,28537,0AUDLJ08S_00050_SC_00282.jpeg,2021,1인 이상,1224,한국어,팔을 위/옆/뒤로 들기,20221007,근력/근지구력,짐볼을 활용한 근력운동 프로그램,952.184,mp4,0AUDLJ08S_00050.mp4,http://openapi.kspo.or.kr/web/image/0AUDLJ08S_00050/,277,동영상,어깨/등
근력 운동(짐볼),http://openapi.kspo.or.kr/web/video/,짐볼을 활용한 근력운동 프로그램,203502619,근력운동,29.97,1366,1920*1080,짐볼,공통,28740,0AUDLJ08S_00050_SC_00283.jpeg,2021,1인 이상,1224,한국어,팔을 위/옆/뒤로 들기,20221007,근력/근지구력,짐볼을 활용한 근력운동 프로그램,958.958,mp4,0AUDLJ08S_00050.mp4,http://openapi.kspo.or.kr/web/image/0AUDLJ08S_00050/,278,동영상,어깨/등
근력 운동(짐볼),http://openapi.kspo.or.kr/web/video/,짐볼을 활용한 근력운동 프로그램,203502619,근력운동,29.97,1367,1920*1080,짐볼,공통,28972,0AUDLJ08S_00050_SC_00284.jpeg,2021,1인 이상,1224,한국어,팔을 위/옆/뒤로 들기,20221007,근력/근지구력,짐볼을 활용한 근력운동 프로그램,966.699,mp4,0AUDLJ08S_00050.mp4,http://openapi.kspo.or.kr/web/image/0AUDLJ08S_00050/,279,동영상,어깨/등
근력 운동(짐볼),http://openapi.kspo.or.kr/web/video/,짐볼을 활용한 근력운동 프로그램,203502619,근력운동,29.97,1368,1920*1080,짐볼,공통,29059,0AUDLJ08S_00050_SC_00285.jpeg,2021,1인 이상,1224,한국어,팔을 위/옆/뒤로 들기,20221007,근력/근지구력,짐볼을 활용한 근력운동 프로그램,969.601,mp4,0AUDLJ08S_00050.mp4,http://openapi.kspo.or.kr/web/image/0AUDLJ08S_00050/,280,동영상,어깨/등
근력 운동(짐볼),http://openapi.kspo.or.kr/web/video/,짐볼을 활용한 근력운동 프로그램,203502619,근력운동,29.97,1369,1920*1080,짐볼,공통,29088,0AUDLJ08S_00050_SC_00286.jpeg,2021,1인 이상,1224,한국어,팔을 위/옆/뒤로 들기,20221007,근력/근지구력,짐볼을 활용한 근력운동 프로그램,970.569,mp4,0AUDLJ08S_00050.mp4,http://openapi.kspo.or.kr/web/image/0AUDLJ08S_00050/,281,동영상,어깨/등
근력 운동(짐볼),http://openapi.kspo.or.kr/web/video/,짐볼을 활용한 근력운동 프로그램,203502619,근력운동,29.97,1370,1920*1080,짐볼,공통,29146,0AUDLJ08S_00050_SC_00287.jpeg,2021,1인 이상,1224,한국어,팔을 위/옆/뒤로 들기,20221007,근력/근지구력,짐볼을 활용한 근력운동 프로그램,972.504,mp4,0AUDLJ08S_00050.mp4,http://openapi.kspo.or.kr/web/image/0AUDLJ08S_00050/,282,동영상,어깨/등
근력 운동(짐볼),http://openapi.kspo.or.kr/web/video/,짐볼을 활용한 근력운동 프로그램,203502619,근력운동,29.97,1371,1920*1080,짐볼,공통,29407,0AUDLJ08S_00050_SC_00288.jpeg,2021,1인 이상,1224,한국어,팔 굽혀 펴기,20221007,근력/근지구력,짐볼을 활용한 근력운동 프로그램,981.213,mp4,0AUDLJ08S_00050.mp4,http://openapi.kspo.or.kr/web/image/0AUDLJ08S_00050/,283,동영상,가슴
근력 운동(짐볼),http://openapi.kspo.or.kr/web/video/,짐볼을 활용한 근력운동 프로그램,203502619,근력운동,29.97,1372,1920*1080,짐볼,공통,29494,0AUDLJ08S_00050_SC_00289.jpeg,2021,1인 이상,1224,한국어,팔 굽혀 펴기,20221007,근력/근지구력,짐볼을 활용한 근력운동 프로그램,984.116,mp4,0AUDLJ08S_00050.mp4,http://openapi.kspo.or.kr/web/image/0AUDLJ08S_00050/,284,동영상,가슴
근력 운동(짐볼),http://openapi.kspo.or.kr/web/video/,짐볼을 활용한 근력운동 프로그램,203502619,근력운동,29.97,1373,1920*1080,짐볼,공통,29523,0AUDLJ08S_00050_SC_00290.jpeg,2021,1인 이상,1224,한국어,팔 굽혀 펴기,20221007,근력/근지구력,짐볼을 활용한 근력운동 프로그램,985.084,mp4,0AUDLJ08S_00050.mp4,http://openapi.kspo.or.kr/web/image/0AUDLJ08S_00050/,285,동영상,가슴
근력 운동(짐볼),http://openapi.kspo.or.kr/web/video/,짐볼을 활용한 근력운동 프로그램,203502619,근력운동,29.97,1374,1920*1080,짐볼,공통,29552,0AUDLJ08S_00050_SC_00291.jpeg,2021,1인 이상,1224,한국어,팔 굽혀 펴기,20221007,근력/근지구력,짐볼을 활용한 근력운동 프로그램,986.051,mp4,0AUDLJ08S_00050.mp4,http://openapi.kspo.or.kr/web/image/0AUDLJ08S_00050/,286,동영상,가슴
근력 운동(짐볼),http://openapi.kspo.or.kr/web/video/,짐볼을 활용한 근력운동 프로그램,203502619,근력운동,29.97,1375,1920*1080,짐볼,공통,29581,0AUDLJ08S_00050_SC_00292.jpeg,2021,1인 이상,1224,한국어,팔 굽혀 펴기,20221007,근력/근지구력,짐볼을 활용한 근력운동 프로그램,987.019,mp4,0AUDLJ08S_00050.mp4,http://openapi.kspo.or.kr/web/image/0AUDLJ08S_00050/,287,동영상,가슴
근력 운동(짐볼),http://openapi.kspo.or.kr/web/video/,짐볼을 활용한 근력운동 프로그램,203502619,근력운동,29.97,1376,1920*1080,짐볼,공통,29610,0AUDLJ08S_00050_SC_00293.jpeg,2021,1인 이상,1224,한국어,팔 굽혀 펴기,20221007,근력/근지구력,짐볼을 활용한 근력운동 프로그램,987.987,mp4,0AUDLJ08S_00050.mp4,http://openapi.kspo.or.kr/web/image/0AUDLJ08S_00050/,288,동영상,가슴
근력 운동(짐볼),http://openapi.kspo.or.kr/web/video/,짐볼을 활용한 근력운동 프로그램,203502619,근력운동,29.97,1377,1920*1080,짐볼,공통,29639,0AUDLJ08S_00050_SC_00294.jpeg,2021,1인 이상,1224,한국어,팔 굽혀 펴기,20221007,근력/근지구력,짐볼을 활용한 근력운동 프로그램,988.954,mp4,0AUDLJ08S_00050.mp4,http://openapi.kspo.or.kr/web/image/0AUDLJ08S_00050/,289,동영상,가슴
근력 운동(짐볼),http://openapi.kspo.or.kr/web/video/,짐볼을 활용한 근력운동 프로그램,203502619,근력운동,29.97,1378,1920*1080,짐볼,공통,29668,0AUDLJ08S_00050_SC_00295.jpeg,2021,1인 이상,1224,한국어,팔 굽혀 펴기,20221007,근력/근지구력,짐볼을 활용한 근력운동 프로그램,989.922,mp4,0AUDLJ08S_00050.mp4,http://openapi.kspo.or.kr/web/image/0AUDLJ08S_00050/,290,동영상,가슴
근력 운동(짐볼),http://openapi.kspo.or.kr/web/video/,짐볼을 활용한 근력운동 프로그램,203502619,근력운동,29.97,1379,1920*1080,짐볼,공통,29784,0AUDLJ08S_00050_SC_00296.jpeg,2021,1인 이상,1224,한국어,팔 굽혀 펴기,20221007,근력/근지구력,짐볼을 활용한 근력운동 프로그램,993.792,mp4,0AUDLJ08S_00050.mp4,http://openapi.kspo.or.kr/web/image/0AUDLJ08S_00050/,291,동영상,가슴
근력 운동(짐볼),http://openapi.kspo.or.kr/web/video/,짐볼을 활용한 근력운동 프로그램,203502619,근력운동,29.97,1380,1920*1080,짐볼,공통,29958,0AUDLJ08S_00050_SC_00298.jpeg,2021,1인 이상,1224,한국어,다리 위로 들기,20221007,근력/근지구력,짐볼을 활용한 근력운동 프로그램,999.598,mp4,0AUDLJ08S_00050.mp4,http://openapi.kspo.or.kr/web/image/0AUDLJ08S_00050/,292,동영상,엉덩이
근력 운동(짐볼),http://openapi.kspo.or.kr/web/video/,짐볼을 활용한 근력운동 프로그램,203502619,근력운동,29.97,1381,1920*1080,짐볼,공통,30045,0AUDLJ08S_00050_SC_00299.jpeg,2021,1인 이상,1224,한국어,다리 위로 들기,20221007,근력/근지구력,짐볼을 활용한 근력운동 프로그램,1002.501,mp4,0AUDLJ08S_00050.mp4,http://openapi.kspo.or.kr/web/image/0AUDLJ08S_00050/,293,동영상,엉덩이
근력 운동(짐볼),http://openapi.kspo.or.kr/web/video/,짐볼을 활용한 근력운동 프로그램,203502619,근력운동,29.97,1382,1920*1080,짐볼,공통,30103,0AUDLJ08S_00050_SC_00300.jpeg,2021,1인 이상,1224,한국어,다리 위로 들기,20221007,근력/근지구력,짐볼을 활용한 근력운동 프로그램,1004.436,mp4,0AUDLJ08S_00050.mp4,http://openapi.kspo.or.kr/web/image/0AUDLJ08S_00050/,294,동영상,엉덩이
근력 운동(짐볼),http://openapi.kspo.or.kr/web/video/,짐볼을 활용한 근력운동 프로그램,203502619,근력운동,29.97,1383,1920*1080,짐볼,공통,30248,0AUDLJ08S_00050_SC_00301.jpeg,2021,1인 이상,1224,한국어,다리 위로 들기,20221007,근력/근지구력,짐볼을 활용한 근력운동 프로그램,1009.274,mp4,0AUDLJ08S_00050.mp4,http://openapi.kspo.or.kr/web/image/0AUDLJ08S_00050/,295,동영상,엉덩이
근력 운동(짐볼),http://openapi.kspo.or.kr/web/video/,짐볼을 활용한 근력운동 프로그램,203502619,근력운동,29.97,1384,1920*1080,짐볼,공통,30335,0AUDLJ08S_00050_SC_00302.jpeg,2021,1인 이상,1224,한국어,다리 위로 들기,20221007,근력/근지구력,짐볼을 활용한 근력운동 프로그램,1012.177,mp4,0AUDLJ08S_00050.mp4,http://openapi.kspo.or.kr/web/image/0AUDLJ08S_00050/,296,동영상,엉덩이
근력 운동(짐볼),http://openapi.kspo.or.kr/web/video/,짐볼을 활용한 근력운동 프로그램,203502619,근력운동,29.97,1385,1920*1080,짐볼,공통,30364,0AUDLJ08S_00050_SC_00303.jpeg,2021,1인 이상,1224,한국어,다리 위로 들기,20221007,근력/근지구력,짐볼을 활용한 근력운동 프로그램,1013.145,mp4,0AUDLJ08S_00050.mp4,http://openapi.kspo.or.kr/web/image/0AUDLJ08S_00050/,297,동영상,엉덩이
근력 운동(짐볼),http://openapi.kspo.or.kr/web/video/,짐볼을 활용한 근력운동 프로그램,203502619,근력운동,29.97,1386,1920*1080,짐볼,공통,30393,0AUDLJ08S_00050_SC_00304.jpeg,2021,1인 이상,1224,한국어,다리 위로 들기,20221007,근력/근지구력,짐볼을 활용한 근력운동 프로그램,1014.113,mp4,0AUDLJ08S_00050.mp4,http://openapi.kspo.or.kr/web/image/0AUDLJ08S_00050/,298,동영상,엉덩이
근력 운동(짐볼),http://openapi.kspo.or.kr/web/video/,짐볼을 활용한 근력운동 프로그램,203502619,근력운동,29.97,1387,1920*1080,짐볼,공통,30422,0AUDLJ08S_00050_SC_00305.jpeg,2021,1인 이상,1224,한국어,다리 위로 들기,20221007,근력/근지구력,짐볼을 활용한 근력운동 프로그램,1015.08,mp4,0AUDLJ08S_00050.mp4,http://openapi.kspo.or.kr/web/image/0AUDLJ08S_00050/,299,동영상,엉덩이
근력 운동(짐볼),http://openapi.kspo.or.kr/web/video/,짐볼을 활용한 근력운동 프로그램,203502619,근력운동,29.97,1388,1920*1080,짐볼,공통,30451,0AUDLJ08S_00050_SC_00306.jpeg,2021,1인 이상,1224,한국어,다리 위로 들기,20221007,근력/근지구력,짐볼을 활용한 근력운동 프로그램,1016.048,mp4,0AUDLJ08S_00050.mp4,http://openapi.kspo.or.kr/web/image/0AUDLJ08S_00050/,300,동영상,엉덩이
근력 운동(짐볼),http://openapi.kspo.or.kr/web/video/,짐볼을 활용한 근력운동 프로그램,203502619,근력운동,29.97,1389,1920*1080,짐볼,공통,30480,0AUDLJ08S_00050_SC_00307.jpeg,2021,1인 이상,1224,한국어,다리 위로 들기,20221007,근력/근지구력,짐볼을 활용한 근력운동 프로그램,1017.016,mp4,0AUDLJ08S_00050.mp4,http://openapi.kspo.or.kr/web/image/0AUDLJ08S_00050/,301,동영상,엉덩이
근력 운동(짐볼),http://openapi.kspo.or.kr/web/video/,짐볼을 활용한 근력운동 프로그램,203502619,근력운동,29.97,1390,1920*1080,짐볼,공통,30509,0AUDLJ08S_00050_SC_00308.jpeg,2021,1인 이상,1224,한국어,다리 위로 들기,20221007,근력/근지구력,짐볼을 활용한 근력운동 프로그램,1017.983,mp4,0AUDLJ08S_00050.mp4,http://openapi.kspo.or.kr/web/image/0AUDLJ08S_00050/,302,동영상,엉덩이
근력 운동(짐볼),http://openapi.kspo.or.kr/web/video/,짐볼을 활용한 근력운동 프로그램,203502619,근력운동,29.97,1391,1920*1080,짐볼,공통,30538,0AUDLJ08S_00050_SC_00309.jpeg,2021,1인 이상,1224,한국어,다리 위로 들기,20221007,근력/근지구력,짐볼을 활용한 근력운동 프로그램,1018.951,mp4,0AUDLJ08S_00050.mp4,http://openapi.kspo.or.kr/web/image/0AUDLJ08S_00050/,303,동영상,엉덩이
근력 운동(짐볼),http://openapi.kspo.or.kr/web/video/,짐볼을 활용한 근력운동 프로그램,203502619,근력운동,29.97,1392,1920*1080,짐볼,공통,30567,0AUDLJ08S_00050_SC_00310.jpeg,2021,1인 이상,1224,한국어,다리 위로 들기,20221007,근력/근지구력,짐볼을 활용한 근력운동 프로그램,1019.918,mp4,0AUDLJ08S_00050.mp4,http://openapi.kspo.or.kr/web/image/0AUDLJ08S_00050/,304,동영상,엉덩이
근력 운동(짐볼),http://openapi.kspo.or.kr/web/video/,짐볼을 활용한 근력운동 프로그램,203502619,근력운동,29.97,1393,1920*1080,짐볼,공통,30654,0AUDLJ08S_00050_SC_00311.jpeg,2021,1인 이상,1224,한국어,다리 위로 들기,20221007,근력/근지구력,짐볼을 활용한 근력운동 프로그램,1022.821,mp4,0AUDLJ08S_00050.mp4,http://openapi.kspo.or.kr/web/image/0AUDLJ08S_00050/,305,동영상,엉덩이
근력 운동(짐볼),http://openapi.kspo.or.kr/web/video/,짐볼을 활용한 근력운동 프로그램,203502619,근력운동,29.97,1394,1920*1080,짐볼,공통,30915,0AUDLJ08S_00050_SC_00312.jpeg,2021,1인 이상,1224,한국어,공 위에서 다리 접기,20221007,근력/근지구력,짐볼을 활용한 근력운동 프로그램,1031.53,mp4,0AUDLJ08S_00050.mp4,http://openapi.kspo.or.kr/web/image/0AUDLJ08S_00050/,306,동영상,복근
근력 운동(짐볼),http://openapi.kspo.or.kr/web/video/,짐볼을 활용한 근력운동 프로그램,203502619,근력운동,29.97,1395,1920*1080,짐볼,공통,30973,0AUDLJ08S_00050_SC_00313.jpeg,2021,1인 이상,1224,한국어,공 위에서 다리 접기,20221007,근력/근지구력,짐볼을 활용한 근력운동 프로그램,1033.465,mp4,0AUDLJ08S_00050.mp4,http://openapi.kspo.or.kr/web/image/0AUDLJ08S_00050/,307,동영상,복근
근력 운동(짐볼),http://openapi.kspo.or.kr/web/video/,짐볼을 활용한 근력운동 프로그램,203502619,근력운동,29.97,1396,1920*1080,짐볼,공통,31147,0AUDLJ08S_00050_SC_00314.jpeg,2021,1인 이상,1224,한국어,공 위에서 다리 접기,20221007,근력/근지구력,짐볼을 활용한 근력운동 프로그램,1039.271,mp4,0AUDLJ08S_00050.mp4,http://openapi.kspo.or.kr/web/image/0AUDLJ08S_00050/,308,동영상,복근
근력 운동(짐볼),http://openapi.kspo.or.kr/web/video/,짐볼을 활용한 근력운동 프로그램,203502619,근력운동,29.97,1397,1920*1080,짐볼,공통,31234,0AUDLJ08S_00050_SC_00315.jpeg,2021,1인 이상,1224,한국어,공 위에서 다리 접기,20221007,근력/근지구력,짐볼을 활용한 근력운동 프로그램,1042.174,mp4,0AUDLJ08S_00050.mp4,http://openapi.kspo.or.kr/web/image/0AUDLJ08S_00050/,309,동영상,복근
근력 운동(짐볼),http://openapi.kspo.or.kr/web/video/,짐볼을 활용한 근력운동 프로그램,203502619,근력운동,29.97,1398,1920*1080,짐볼,공통,31263,0AUDLJ08S_00050_SC_00316.jpeg,2021,1인 이상,1224,한국어,공 위에서 다리 접기,20221007,근력/근지구력,짐볼을 활용한 근력운동 프로그램,1043.142,mp4,0AUDLJ08S_00050.mp4,http://openapi.kspo.or.kr/web/image/0AUDLJ08S_00050/,310,동영상,복근
근력 운동(짐볼),http://openapi.kspo.or.kr/web/video/,짐볼을 활용한 근력운동 프로그램,203502619,근력운동,29.97,1399,1920*1080,짐볼,공통,31292,0AUDLJ08S_00050_SC_00317.jpeg,2021,1인 이상,1224,한국어,공 위에서 다리 접기,20221007,근력/근지구력,짐볼을 활용한 근력운동 프로그램,1044.109,mp4,0AUDLJ08S_00050.mp4,http://openapi.kspo.or.kr/web/image/0AUDLJ08S_00050/,311,동영상,복근
근력 운동(짐볼),http://openapi.kspo.or.kr/web/video/,짐볼을 활용한 근력운동 프로그램,203502619,근력운동,29.97,1400,1920*1080,짐볼,공통,31321,0AUDLJ08S_00050_SC_00318.jpeg,2021,1인 이상,1224,한국어,공 위에서 다리 접기,20221007,근력/근지구력,짐볼을 활용한 근력운동 프로그램,1045.077,mp4,0AUDLJ08S_00050.mp4,http://openapi.kspo.or.kr/web/image/0AUDLJ08S_00050/,312,동영상,복근
근력 운동(짐볼),http://openapi.kspo.or.kr/web/video/,짐볼을 활용한 근력운동 프로그램,203502619,근력운동,29.97,1401,1920*1080,짐볼,공통,31350,0AUDLJ08S_00050_SC_00319.jpeg,2021,1인 이상,1224,한국어,공 위에서 다리 접기,20221007,근력/근지구력,짐볼을 활용한 근력운동 프로그램,1046.045,mp4,0AUDLJ08S_00050.mp4,http://openapi.kspo.or.kr/web/image/0AUDLJ08S_00050/,313,동영상,복근
근력 운동(짐볼),http://openapi.kspo.or.kr/web/video/,짐볼을 활용한 근력운동 프로그램,203502619,근력운동,29.97,1402,1920*1080,짐볼,공통,31379,0AUDLJ08S_00050_SC_00320.jpeg,2021,1인 이상,1224,한국어,공 위에서 다리 접기,20221007,근력/근지구력,짐볼을 활용한 근력운동 프로그램,1047.012,mp4,0AUDLJ08S_00050.mp4,http://openapi.kspo.or.kr/web/image/0AUDLJ08S_00050/,314,동영상,복근
근력 운동(짐볼),http://openapi.kspo.or.kr/web/video/,짐볼을 활용한 근력운동 프로그램,203502619,근력운동,29.97,1403,1920*1080,짐볼,공통,31408,0AUDLJ08S_00050_SC_00321.jpeg,2021,1인 이상,1224,한국어,공 위에서 다리 접기,20221007,근력/근지구력,짐볼을 활용한 근력운동 프로그램,1047.98,mp4,0AUDLJ08S_00050.mp4,http://openapi.kspo.or.kr/web/image/0AUDLJ08S_00050/,315,동영상,복근
근력 운동(짐볼),http://openapi.kspo.or.kr/web/video/,짐볼을 활용한 근력운동 프로그램,203502619,근력운동,29.97,1404,1920*1080,짐볼,공통,31437,0AUDLJ08S_00050_SC_00322.jpeg,2021,1인 이상,1224,한국어,공 위에서 다리 접기,20221007,근력/근지구력,짐볼을 활용한 근력운동 프로그램,1048.947,mp4,0AUDLJ08S_00050.mp4,http://openapi.kspo.or.kr/web/image/0AUDLJ08S_00050/,316,동영상,복근
근력 운동(짐볼),http://openapi.kspo.or.kr/web/video/,짐볼을 활용한 근력운동 프로그램,203502619,근력운동,29.97,1405,1920*1080,짐볼,공통,31466,0AUDLJ08S_00050_SC_00323.jpeg,2021,1인 이상,1224,한국어,공 위에서 다리 접기,20221007,근력/근지구력,짐볼을 활용한 근력운동 프로그램,1049.915,mp4,0AUDLJ08S_00050.mp4,http://openapi.kspo.or.kr/web/image/0AUDLJ08S_00050/,317,동영상,복근
근력 운동(짐볼),http://openapi.kspo.or.kr/web/video/,짐볼을 활용한 근력운동 프로그램,203502619,근력운동,29.97,1406,1920*1080,짐볼,공통,31495,0AUDLJ08S_00050_SC_00324.jpeg,2021,1인 이상,1224,한국어,공 위에서 다리 접기,20221007,근력/근지구력,짐볼을 활용한 근력운동 프로그램,1050.883,mp4,0AUDLJ08S_00050.mp4,http://openapi.kspo.or.kr/web/image/0AUDLJ08S_00050/,318,동영상,복근
근력 운동(짐볼),http://openapi.kspo.or.kr/web/video/,짐볼을 활용한 근력운동 프로그램,203502619,근력운동,29.97,1407,1920*1080,짐볼,공통,31524,0AUDLJ08S_00050_SC_00325.jpeg,2021,1인 이상,1224,한국어,공 위에서 다리 접기,20221007,근력/근지구력,짐볼을 활용한 근력운동 프로그램,1051.85,mp4,0AUDLJ08S_00050.mp4,http://openapi.kspo.or.kr/web/image/0AUDLJ08S_00050/,319,동영상,복근
근력 운동(짐볼),http://openapi.kspo.or.kr/web/video/,짐볼을 활용한 근력운동 프로그램,203502619,근력운동,29.97,1408,1920*1080,짐볼,공통,31727,0AUDLJ08S_00050_SC_00326.jpeg,2021,1인 이상,1224,한국어,공 위에서 다리 접기,20221007,근력/근지구력,짐볼을 활용한 근력운동 프로그램,1058.624,mp4,0AUDLJ08S_00050.mp4,http://openapi.kspo.or.kr/web/image/0AUDLJ08S_00050/,320,동영상,복근
근력 운동(짐볼),http://openapi.kspo.or.kr/web/video/,짐볼을 활용한 근력운동 프로그램,203502619,근력운동,29.97,1409,1920*1080,짐볼,공통,31901,0AUDLJ08S_00050_SC_00327.jpeg,2021,1인 이상,1224,한국어,한쪽 무릎과 엉덩이 펴기,20221007,근력/근지구력,짐볼을 활용한 근력운동 프로그램,1064.43,mp4,0AUDLJ08S_00050.mp4,http://openapi.kspo.or.kr/web/image/0AUDLJ08S_00050/,321,동영상,엉덩이
근력 운동(짐볼),http://openapi.kspo.or.kr/web/video/,짐볼을 활용한 근력운동 프로그램,203502619,근력운동,29.97,1410,1920*1080,짐볼,공통,32046,0AUDLJ08S_00050_SC_00328.jpeg,2021,1인 이상,1224,한국어,한쪽 무릎과 엉덩이 펴기,20221007,근력/근지구력,짐볼을 활용한 근력운동 프로그램,1069.268,mp4,0AUDLJ08S_00050.mp4,http://openapi.kspo.or.kr/web/image/0AUDLJ08S_00050/,322,동영상,엉덩이
근력 운동(짐볼),http://openapi.kspo.or.kr/web/video/,짐볼을 활용한 근력운동 프로그램,203502619,근력운동,29.97,1411,1920*1080,짐볼,공통,32249,0AUDLJ08S_00050_SC_00329.jpeg,2021,1인 이상,1224,한국어,한쪽 무릎과 엉덩이 펴기,20221007,근력/근지구력,짐볼을 활용한 근력운동 프로그램,1076.041,mp4,0AUDLJ08S_00050.mp4,http://openapi.kspo.or.kr/web/image/0AUDLJ08S_00050/,323,동영상,엉덩이
근력 운동(짐볼),http://openapi.kspo.or.kr/web/video/,짐볼을 활용한 근력운동 프로그램,203502619,근력운동,29.97,1412,1920*1080,짐볼,공통,32423,0AUDLJ08S_00050_SC_00330.jpeg,2021,1인 이상,1224,한국어,한쪽 무릎과 엉덩이 펴기,20221007,근력/근지구력,짐볼을 활용한 근력운동 프로그램,1081.847,mp4,0AUDLJ08S_00050.mp4,http://openapi.kspo.or.kr/web/image/0AUDLJ08S_00050/,324,동영상,엉덩이
근력 운동(짐볼),http://openapi.kspo.or.kr/web/video/,짐볼을 활용한 근력운동 프로그램,203502619,근력운동,29.97,1413,1920*1080,짐볼,공통,32684,0AUDLJ08S_00050_SC_00331.jpeg,2021,1인 이상,1224,한국어,한쪽 무릎과 엉덩이 펴기,20221007,근력/근지구력,짐볼을 활용한 근력운동 프로그램,1090.556,mp4,0AUDLJ08S_00050.mp4,http://openapi.kspo.or.kr/web/image/0AUDLJ08S_00050/,325,동영상,엉덩이
근력 운동(짐볼),http://openapi.kspo.or.kr/web/video/,짐볼을 활용한 근력운동 프로그램,203502619,근력운동,29.97,1414,1920*1080,짐볼,공통,32974,0AUDLJ08S_00050_SC_00332.jpeg,2021,1인 이상,1224,한국어,한쪽 무릎과 엉덩이 펴기,20221007,근력/근지구력,짐볼을 활용한 근력운동 프로그램,1100.232,mp4,0AUDLJ08S_00050.mp4,http://openapi.kspo.or.kr/web/image/0AUDLJ08S_00050/,326,동영상,엉덩이
근력 운동(짐볼),http://openapi.kspo.or.kr/web/video/,짐볼을 활용한 근력운동 프로그램,203502619,근력운동,29.97,1415,1920*1080,짐볼,공통,33148,0AUDLJ08S_00050_SC_00333.jpeg,2021,1인 이상,1224,한국어,한쪽 무릎과 엉덩이 펴기,20221007,근력/근지구력,짐볼을 활용한 근력운동 프로그램,1106.038,mp4,0AUDLJ08S_00050.mp4,http://openapi.kspo.or.kr/web/image/0AUDLJ08S_00050/,327,동영상,엉덩이
근력 운동(짐볼),http://openapi.kspo.or.kr/web/video/,짐볼을 활용한 근력운동 프로그램,203502619,근력운동,29.97,1416,1920*1080,짐볼,공통,33293,0AUDLJ08S_00050_SC_00334.jpeg,2021,1인 이상,1224,한국어,한쪽 무릎과 엉덩이 펴기,20221007,근력/근지구력,짐볼을 활용한 근력운동 프로그램,1110.876,mp4,0AUDLJ08S_00050.mp4,http://openapi.kspo.or.kr/web/image/0AUDLJ08S_00050/,328,동영상,엉덩이
근력 운동(짐볼),http://openapi.kspo.or.kr/web/video/,짐볼을 활용한 근력운동 프로그램,203502619,근력운동,29.97,1417,1920*1080,짐볼,공통,33322,0AUDLJ08S_00050_SC_00335.jpeg,2021,1인 이상,1224,한국어,한쪽 무릎과 엉덩이 펴기,20221007,근력/근지구력,짐볼을 활용한 근력운동 프로그램,1111.844,mp4,0AUDLJ08S_00050.mp4,http://openapi.kspo.or.kr/web/image/0AUDLJ08S_00050/,329,동영상,엉덩이
근력 운동(짐볼),http://openapi.kspo.or.kr/web/video/,짐볼을 활용한 근력운동 프로그램,203502619,근력운동,29.97,1418,1920*1080,짐볼,공통,33583,0AUDLJ08S_00050_SC_00336.jpeg,2021,1인 이상,1224,한국어,한쪽 무릎과 엉덩이 펴기,20221007,근력/근지구력,짐볼을 활용한 근력운동 프로그램,1120.552,mp4,0AUDLJ08S_00050.mp4,http://openapi.kspo.or.kr/web/image/0AUDLJ08S_00050/,330,동영상,엉덩이
근력 운동(짐볼),http://openapi.kspo.or.kr/web/video/,짐볼을 활용한 근력운동 프로그램,203502619,근력운동,29.97,1419,1920*1080,짐볼,공통,33902,0AUDLJ08S_00050_SC_00337.jpeg,2021,1인 이상,1224,한국어,한쪽 무릎과 엉덩이 펴기,20221007,근력/근지구력,짐볼을 활용한 근력운동 프로그램,1131.196,mp4,0AUDLJ08S_00050.mp4,http://openapi.kspo.or.kr/web/image/0AUDLJ08S_00050/,331,동영상,엉덩이
근력 운동(짐볼),http://openapi.kspo.or.kr/web/video/,짐볼을 활용한 근력운동 프로그램,203502619,근력운동,29.97,1420,1920*1080,짐볼,공통,34076,0AUDLJ08S_00050_SC_00338.jpeg,2021,1인 이상,1224,한국어,한쪽 무릎과 엉덩이 펴기,20221007,근력/근지구력,짐볼을 활용한 근력운동 프로그램,1137.002,mp4,0AUDLJ08S_00050.mp4,http://openapi.kspo.or.kr/web/image/0AUDLJ08S_00050/,332,동영상,엉덩이
근력 운동(짐볼),http://openapi.kspo.or.kr/web/video/,짐볼을 활용한 근력운동 프로그램,203502619,근력운동,29.97,1421,1920*1080,짐볼,공통,34221,0AUDLJ08S_00050_SC_00339.jpeg,2021,1인 이상,1224,한국어,한쪽 무릎과 엉덩이 펴기,20221007,근력/근지구력,짐볼을 활용한 근력운동 프로그램,1141.84,mp4,0AUDLJ08S_00050.mp4,http://openapi.kspo.or.kr/web/image/0AUDLJ08S_00050/,333,동영상,엉덩이
근력 운동(짐볼),http://openapi.kspo.or.kr/web/video/,짐볼을 활용한 근력운동 프로그램,203502619,근력운동,29.97,1422,1920*1080,짐볼,공통,34395,0AUDLJ08S_00050_SC_00340.jpeg,2021,1인 이상,1224,한국어,한쪽 무릎과 엉덩이 펴기,20221007,근력/근지구력,짐볼을 활용한 근력운동 프로그램,1147.646,mp4,0AUDLJ08S_00050.mp4,http://openapi.kspo.or.kr/web/image/0AUDLJ08S_00050/,334,동영상,엉덩이
근력 운동(짐볼),http://openapi.kspo.or.kr/web/video/,짐볼을 활용한 근력운동 프로그램,203502619,근력운동,29.97,1423,1920*1080,짐볼,공통,34743,0AUDLJ08S_00050_SC_00341.jpeg,2021,1인 이상,1224,한국어,무릎 굽혔다 펴기,20221007,근력/근지구력,짐볼을 활용한 근력운동 프로그램,1159.258,mp4,0AUDLJ08S_00050.mp4,http://openapi.kspo.or.kr/web/image/0AUDLJ08S_00050/,335,동영상,대퇴이두근
근력 운동(짐볼),http://openapi.kspo.or.kr/web/video/,짐볼을 활용한 근력운동 프로그램,203502619,근력운동,29.97,1424,1920*1080,짐볼,공통,34917,0AUDLJ08S_00050_SC_00342.jpeg,2021,1인 이상,1224,한국어,무릎 굽혔다 펴기,20221007,근력/근지구력,짐볼을 활용한 근력운동 프로그램,1165.063,mp4,0AUDLJ08S_00050.mp4,http://openapi.kspo.or.kr/web/image/0AUDLJ08S_00050/,336,동영상,대퇴이두근
근력 운동(짐볼),http://openapi.kspo.or.kr/web/video/,짐볼을 활용한 근력운동 프로그램,203502619,근력운동,29.97,1425,1920*1080,짐볼,공통,35033,0AUDLJ08S_00050_SC_00343.jpeg,2021,1인 이상,1224,한국어,무릎 굽혔다 펴기,20221007,근력/근지구력,짐볼을 활용한 근력운동 프로그램,1168.934,mp4,0AUDLJ08S_00050.mp4,http://openapi.kspo.or.kr/web/image/0AUDLJ08S_00050/,337,동영상,대퇴이두근
근력 운동(짐볼),http://openapi.kspo.or.kr/web/video/,짐볼을 활용한 근력운동 프로그램,203502619,근력운동,29.97,1426,1920*1080,짐볼,공통,35062,0AUDLJ08S_00050_SC_00344.jpeg,2021,1인 이상,1224,한국어,무릎 굽혔다 펴기,20221007,근력/근지구력,짐볼을 활용한 근력운동 프로그램,1169.902,mp4,0AUDLJ08S_00050.mp4,http://openapi.kspo.or.kr/web/image/0AUDLJ08S_00050/,338,동영상,대퇴이두근
근력 운동(짐볼),http://openapi.kspo.or.kr/web/video/,짐볼을 활용한 근력운동 프로그램,203502619,근력운동,29.97,1427,1920*1080,짐볼,공통,35207,0AUDLJ08S_00050_SC_00345.jpeg,2021,1인 이상,1224,한국어,무릎 굽혔다 펴기,20221007,근력/근지구력,짐볼을 활용한 근력운동 프로그램,1174.74,mp4,0AUDLJ08S_00050.mp4,http://openapi.kspo.or.kr/web/image/0AUDLJ08S_00050/,339,동영상,대퇴이두근
근력 운동(짐볼),http://openapi.kspo.or.kr/web/video/,짐볼을 활용한 근력운동 프로그램,203502619,근력운동,29.97,1428,1920*1080,짐볼,공통,35555,0AUDLJ08S_00050_SC_00346.jpeg,2021,1인 이상,1224,한국어,무릎 펴고 들어올리기,20221007,근력/근지구력,짐볼을 활용한 근력운동 프로그램,1186.351,mp4,0AUDLJ08S_00050.mp4,http://openapi.kspo.or.kr/web/image/0AUDLJ08S_00050/,340,동영상,엉덩이
근력 운동(짐볼),http://openapi.kspo.or.kr/web/video/,짐볼을 활용한 근력운동 프로그램,203502619,근력운동,29.97,1429,1920*1080,짐볼,공통,35700,0AUDLJ08S_00050_SC_00347.jpeg,2021,1인 이상,1224,한국어,무릎 펴고 들어올리기,20221007,근력/근지구력,짐볼을 활용한 근력운동 프로그램,1191.19,mp4,0AUDLJ08S_00050.mp4,http://openapi.kspo.or.kr/web/image/0AUDLJ08S_00050/,341,동영상,엉덩이
근력 운동(짐볼),http://openapi.kspo.or.kr/web/video/,짐볼을 활용한 근력운동 프로그램,203502619,근력운동,29.97,1430,1920*1080,짐볼,공통,35874,0AUDLJ08S_00050_SC_00348.jpeg,2021,1인 이상,1224,한국어,무릎 펴고 들어올리기,20221007,근력/근지구력,짐볼을 활용한 근력운동 프로그램,1196.995,mp4,0AUDLJ08S_00050.mp4,http://openapi.kspo.or.kr/web/image/0AUDLJ08S_00050/,342,동영상,엉덩이
근력 운동(짐볼),http://openapi.kspo.or.kr/web/video/,짐볼을 활용한 근력운동 프로그램,203502619,근력운동,29.97,1431,1920*1080,짐볼,공통,36019,0AUDLJ08S_00050_SC_00349.jpeg,2021,1인 이상,1224,한국어,무릎 펴고 들어올리기,20221007,근력/근지구력,짐볼을 활용한 근력운동 프로그램,1201.833,mp4,0AUDLJ08S_00050.mp4,http://openapi.kspo.or.kr/web/image/0AUDLJ08S_00050/,343,동영상,엉덩이
근력 운동(짐볼),http://openapi.kspo.or.kr/web/video/,짐볼을 활용한 근력운동 프로그램,203502619,근력운동,29.97,1432,1920*1080,짐볼,공통,36222,0AUDLJ08S_00050_SC_00350.jpeg,2021,1인 이상,1224,한국어,,20221007,근력/근지구력,짐볼을 활용한 근력운동 프로그램,1208.607,mp4,0AUDLJ08S_00050.mp4,http://openapi.kspo.or.kr/web/image/0AUDLJ08S_00050/,344,동영상,
근력 운동(짐볼),http://openapi.kspo.or.kr/web/video/,짐볼을 활용한 근력운동 프로그램,203502619,근력운동,29.97,1433,1920*1080,짐볼,공통,36338,0AUDLJ08S_00050_SC_00351.jpeg,2021,1인 이상,1224,한국어,,20221007,근력/근지구력,짐볼을 활용한 근력운동 프로그램,1212.477,mp4,0AUDLJ08S_00050.mp4,http://openapi.kspo.or.kr/web/image/0AUDLJ08S_00050/,345,동영상,
근력 운동(짐볼),http://openapi.kspo.or.kr/web/video/,짐볼을 활용한 근력운동 프로그램,203502619,근력운동,29.97,1434,1920*1080,짐볼,공통,36483,0AUDLJ08S_00050_SC_00352.jpeg,2021,1인 이상,1224,한국어,,20221007,근력/근지구력,짐볼을 활용한 근력운동 프로그램,1217.316,mp4,0AUDLJ08S_00050.mp4,http://openapi.kspo.or.kr/web/image/0AUDLJ08S_00050/,346,동영상,
스트레칭(폼롤러),http://openapi.kspo.or.kr/web/video/,품롤러를 활용한 자가근막이완 및 스트레칭 프로그램,208893648,스트레칭,29.96,1435,1920*1080,,공통,88,0AUDLJ08S_00051_SC_00002.jpeg,2021,,1239,한국어,,20221028,,품롤러를 활용한 스트레칭 프로그램,2.936,mp4,0AUDLJ08S_00051.mp4,http://openapi.kspo.or.kr/web/image/0AUDLJ08S_00051/,1,동영상,
스트레칭(폼롤러),http://openapi.kspo.or.kr/web/video/,품롤러를 활용한 자가근막이완 및 스트레칭 프로그램,208893648,스트레칭,29.96,1436,1920*1080,폼롤러,공통,180,0AUDLJ08S_00051_FR_00003.jpeg,2021,,1239,한국어,,20221028,,품롤러를 활용한 스트레칭 프로그램,6.006,mp4,0AUDLJ08S_00051.mp4,http://openapi.kspo.or.kr/web/image/0AUDLJ08S_00051/,2,동영상,
스트레칭(폼롤러),http://openapi.kspo.or.kr/web/video/,품롤러를 활용한 자가근막이완 및 스트레칭 프로그램,208893648,스트레칭,29.96,1437,1920*1080,폼롤러,공통,1219,0AUDLJ08S_00051_SC_00011.jpeg,2021,1인 이상,1239,한국어,후두부 마사지,20221028,유연성,품롤러를 활용한 스트레칭 프로그램,40.674,mp4,0AUDLJ08S_00051.mp4,http://openapi.kspo.or.kr/web/image/0AUDLJ08S_00051/,3,동영상,후두부
스트레칭(폼롤러),http://openapi.kspo.or.kr/web/video/,품롤러를 활용한 자가근막이완 및 스트레칭 프로그램,208893648,스트레칭,29.96,1438,1920*1080,폼롤러,공통,2147,0AUDLJ08S_00051_SC_00016.jpeg,2021,1인 이상,1239,한국어,후두부 스트레칭,20221028,유연성,품롤러를 활용한 스트레칭 프로그램,71.638,mp4,0AUDLJ08S_00051.mp4,http://openapi.kspo.or.kr/web/image/0AUDLJ08S_00051/,4,동영상,후두부
스트레칭(폼롤러),http://openapi.kspo.or.kr/web/video/,품롤러를 활용한 자가근막이완 및 스트레칭 프로그램,208893648,스트레칭,29.96,1439,1920*1080,폼롤러,공통,3365,0AUDLJ08S_00051_SC_00021.jpeg,2021,1인 이상,1239,한국어,흉추 마사지,20221028,유연성,품롤러를 활용한 스트레칭 프로그램,112.278,mp4,0AUDLJ08S_00051.mp4,http://openapi.kspo.or.kr/web/image/0AUDLJ08S_00051/,5,동영상,흉추
스트레칭(폼롤러),http://openapi.kspo.or.kr/web/video/,품롤러를 활용한 자가근막이완 및 스트레칭 프로그램,208893648,스트레칭,29.96,1440,1920*1080,폼롤러,공통,4554,0AUDLJ08S_00051_SC_00032.jpeg,2021,1인 이상,1239,한국어,흉추 스트레칭,20221028,유연성,품롤러를 활용한 스트레칭 프로그램,151.951,mp4,0AUDLJ08S_00051.mp4,http://openapi.kspo.or.kr/web/image/0AUDLJ08S_00051/,6,동영상,흉추
스트레칭(폼롤러),http://openapi.kspo.or.kr/web/video/,품롤러를 활용한 자가근막이완 및 스트레칭 프로그램,208893648,스트레칭,29.96,1441,1920*1080,폼롤러,공통,4844,0AUDLJ08S_00051_SC_00033.jpeg,2021,1인 이상,1239,한국어,흉추 스트레칭,20221028,유연성,품롤러를 활용한 스트레칭 프로그램,161.628,mp4,0AUDLJ08S_00051.mp4,http://openapi.kspo.or.kr/web/image/0AUDLJ08S_00051/,7,동영상,흉추
스트레칭(폼롤러),http://openapi.kspo.or.kr/web/video/,품롤러를 활용한 자가근막이완 및 스트레칭 프로그램,208893648,스트레칭,29.96,1442,1920*1080,폼롤러,공통,6114,0AUDLJ08S_00051_FR_00069.jpeg,2021,1인 이상,1239,한국어,소흉근 마사지,20221028,유연성,품롤러를 활용한 스트레칭 프로그램,204.004,mp4,0AUDLJ08S_00051.mp4,http://openapi.kspo.or.kr/web/image/0AUDLJ08S_00051/,8,동영상,소흉근
스트레칭(폼롤러),http://openapi.kspo.or.kr/web/video/,품롤러를 활용한 자가근막이완 및 스트레칭 프로그램,208893648,스트레칭,29.96,1443,1920*1080,폼롤러,공통,7823,0AUDLJ08S_00051_FR_00088.jpeg,2021,1인 이상,1239,한국어,소흉근 스트레칭,20221028,유연성,품롤러를 활용한 스트레칭 프로그램,261.027,mp4,0AUDLJ08S_00051.mp4,http://openapi.kspo.or.kr/web/image/0AUDLJ08S_00051/,9,동영상,소흉근
스트레칭(폼롤러),http://openapi.kspo.or.kr/web/video/,품롤러를 활용한 자가근막이완 및 스트레칭 프로그램,208893648,스트레칭,29.96,1444,1920*1080,폼롤러,공통,7947,0AUDLJ08S_00051_SC_00040.jpeg,2021,1인 이상,1239,한국어,소흉근 스트레칭,20221028,유연성,품롤러를 활용한 스트레칭 프로그램,265.165,mp4,0AUDLJ08S_00051.mp4,http://openapi.kspo.or.kr/web/image/0AUDLJ08S_00051/,10,동영상,소흉근
스트레칭(폼롤러),http://openapi.kspo.or.kr/web/video/,품롤러를 활용한 자가근막이완 및 스트레칭 프로그램,208893648,스트레칭,29.96,1445,1920*1080,폼롤러,공통,8237,0AUDLJ08S_00051_SC_00041.jpeg,2021,1인 이상,1239,한국어,소흉근 스트레칭,20221028,유연성,품롤러를 활용한 스트레칭 프로그램,274.841,mp4,0AUDLJ08S_00051.mp4,http://openapi.kspo.or.kr/web/image/0AUDLJ08S_00051/,11,동영상,소흉근
스트레칭(폼롤러),http://openapi.kspo.or.kr/web/video/,품롤러를 활용한 자가근막이완 및 스트레칭 프로그램,208893648,스트레칭,29.96,1446,1920*1080,폼롤러,공통,9252,0AUDLJ08S_00051_SC_00046.jpeg,2021,1인 이상,1239,한국어,견갑하근 마사지,20221028,유연성,품롤러를 활용한 스트레칭 프로그램,308.708,mp4,0AUDLJ08S_00051.mp4,http://openapi.kspo.or.kr/web/image/0AUDLJ08S_00051/,12,동영상,견갑하근
스트레칭(폼롤러),http://openapi.kspo.or.kr/web/video/,품롤러를 활용한 자가근막이완 및 스트레칭 프로그램,208893648,스트레칭,29.96,1447,1920*1080,폼롤러,공통,11253,0AUDLJ08S_00051_SC_00051.jpeg,2021,1인 이상,1239,한국어,견갑하근 스트레칭,20221028,유연성,품롤러를 활용한 스트레칭 프로그램,375.475,mp4,0AUDLJ08S_00051.mp4,http://openapi.kspo.or.kr/web/image/0AUDLJ08S_00051/,13,동영상,견갑하근
스트레칭(폼롤러),http://openapi.kspo.or.kr/web/video/,품롤러를 활용한 자가근막이완 및 스트레칭 프로그램,208893648,스트레칭,29.96,1448,1920*1080,폼롤러,공통,11419,0AUDLJ08S_00051_FR_00128.jpeg,2021,1인 이상,1239,한국어,견갑하근 스트레칭,20221028,유연성,품롤러를 활용한 스트레칭 프로그램,381.014,mp4,0AUDLJ08S_00051.mp4,http://openapi.kspo.or.kr/web/image/0AUDLJ08S_00051/,14,동영상,견갑하근
스트레칭(폼롤러),http://openapi.kspo.or.kr/web/video/,품롤러를 활용한 자가근막이완 및 스트레칭 프로그램,208893648,스트레칭,29.96,1449,1920*1080,폼롤러,공통,12210,0AUDLJ08S_00051_SC_00055.jpeg,2021,1인 이상,1239,한국어,광배근 마사지,20221028,유연성,품롤러를 활용한 스트레칭 프로그램,407.407,mp4,0AUDLJ08S_00051.mp4,http://openapi.kspo.or.kr/web/image/0AUDLJ08S_00051/,15,동영상,광배근
스트레칭(폼롤러),http://openapi.kspo.or.kr/web/video/,품롤러를 활용한 자가근막이완 및 스트레칭 프로그램,208893648,스트레칭,29.96,1450,1920*1080,폼롤러,공통,13283,0AUDLJ08S_00051_SC_00061.jpeg,2021,1인 이상,1239,한국어,광배근 스트레칭,20221028,유연성,품롤러를 활용한 스트레칭 프로그램,443.209,mp4,0AUDLJ08S_00051.mp4,http://openapi.kspo.or.kr/web/image/0AUDLJ08S_00051/,16,동영상,광배근
스트레칭(폼롤러),http://openapi.kspo.or.kr/web/video/,품롤러를 활용한 자가근막이완 및 스트레칭 프로그램,208893648,스트레칭,29.96,1451,1920*1080,폼롤러,공통,14153,0AUDLJ08S_00051_SC_00065.jpeg,2021,1인 이상,1239,한국어,이상근 마사지,20221028,유연성,품롤러를 활용한 스트레칭 프로그램,472.238,mp4,0AUDLJ08S_00051.mp4,http://openapi.kspo.or.kr/web/image/0AUDLJ08S_00051/,17,동영상,이상근
스트레칭(폼롤러),http://openapi.kspo.or.kr/web/video/,품롤러를 활용한 자가근막이완 및 스트레칭 프로그램,208893648,스트레칭,29.96,1452,1920*1080,폼롤러,공통,14559,0AUDLJ08S_00051_SC_00075.jpeg,2021,1인 이상,1239,한국어,이상근 마사지,20221028,유연성,품롤러를 활용한 스트레칭 프로그램,485.785,mp4,0AUDLJ08S_00051.mp4,http://openapi.kspo.or.kr/web/image/0AUDLJ08S_00051/,18,동영상,이상근
스트레칭(폼롤러),http://openapi.kspo.or.kr/web/video/,품롤러를 활용한 자가근막이완 및 스트레칭 프로그램,208893648,스트레칭,29.96,1453,1920*1080,폼롤러,공통,16094,0AUDLJ08S_00051_FR_00180.jpeg,2021,1인 이상,1239,한국어,이상근 스트레칭,20221028,유연성,품롤러를 활용한 스트레칭 프로그램,537.003,mp4,0AUDLJ08S_00051.mp4,http://openapi.kspo.or.kr/web/image/0AUDLJ08S_00051/,19,동영상,이상근
스트레칭(폼롤러),http://openapi.kspo.or.kr/web/video/,품롤러를 활용한 자가근막이완 및 스트레칭 프로그램,208893648,스트레칭,29.96,1454,1920*1080,폼롤러,공통,17691,0AUDLJ08S_00051_SC_00097.jpeg,2021,1인 이상,1239,한국어,대퇴사두근 마사지,20221028,유연성,품롤러를 활용한 스트레칭 프로그램,590.29,mp4,0AUDLJ08S_00051.mp4,http://openapi.kspo.or.kr/web/image/0AUDLJ08S_00051/,20,동영상,대퇴사두근
스트레칭(폼롤러),http://openapi.kspo.or.kr/web/video/,품롤러를 활용한 자가근막이완 및 스트레칭 프로그램,208893648,스트레칭,29.96,1455,1920*1080,폼롤러,공통,17749,0AUDLJ08S_00051_SC_00098.jpeg,2021,1인 이상,1239,한국어,대퇴사두근 마사지,20221028,유연성,품롤러를 활용한 스트레칭 프로그램,592.225,mp4,0AUDLJ08S_00051.mp4,http://openapi.kspo.or.kr/web/image/0AUDLJ08S_00051/,21,동영상,대퇴사두근
스트레칭(폼롤러),http://openapi.kspo.or.kr/web/video/,품롤러를 활용한 자가근막이완 및 스트레칭 프로그램,208893648,스트레칭,29.96,1456,1920*1080,폼롤러,공통,19331,0AUDLJ08S_00051_FR_00216.jpeg,2021,1인 이상,1239,한국어,대퇴사두근 스트레칭,20221028,유연성,품롤러를 활용한 스트레칭 프로그램,645.011,mp4,0AUDLJ08S_00051.mp4,http://openapi.kspo.or.kr/web/image/0AUDLJ08S_00051/,22,동영상,대퇴사두근
스트레칭(폼롤러),http://openapi.kspo.or.kr/web/video/,품롤러를 활용한 자가근막이완 및 스트레칭 프로그램,208893648,스트레칭,29.96,1457,1920*1080,폼롤러,공통,20301,0AUDLJ08S_00051_SC_00111.jpeg,2021,1인 이상,1239,한국어,대퇴이두근 마사지,20221028,유연성,품롤러를 활용한 스트레칭 프로그램,677.377,mp4,0AUDLJ08S_00051.mp4,http://openapi.kspo.or.kr/web/image/0AUDLJ08S_00051/,23,동영상,대퇴이두근
스트레칭(폼롤러),http://openapi.kspo.or.kr/web/video/,품롤러를 활용한 자가근막이완 및 스트레칭 프로그램,208893648,스트레칭,29.96,1458,1920*1080,폼롤러,공통,21490,0AUDLJ08S_00051_SC_00121.jpeg,2021,1인 이상,1239,한국어,대퇴이두근 스트레칭,20221028,유연성,품롤러를 활용한 스트레칭 프로그램,717.05,mp4,0AUDLJ08S_00051.mp4,http://openapi.kspo.or.kr/web/image/0AUDLJ08S_00051/,24,동영상,대퇴이두근
스트레칭(폼롤러),http://openapi.kspo.or.kr/web/video/,품롤러를 활용한 자가근막이완 및 스트레칭 프로그램,208893648,스트레칭,29.96,1459,1920*1080,폼롤러,공통,22650,0AUDLJ08S_00051_SC_00126.jpeg,2021,1인 이상,1239,한국어,대퇴근막장근/장경인대 마사지,20221028,유연성,품롤러를 활용한 스트레칭 프로그램,755.755,mp4,0AUDLJ08S_00051.mp4,http://openapi.kspo.or.kr/web/image/0AUDLJ08S_00051/,25,동영상,대퇴근막장근
스트레칭(폼롤러),http://openapi.kspo.or.kr/web/video/,품롤러를 활용한 자가근막이완 및 스트레칭 프로그램,208893648,스트레칭,29.96,1460,1920*1080,폼롤러,공통,22911,0AUDLJ08S_00051_SC_00134.jpeg,2021,1인 이상,1239,한국어,대퇴근막장근/장경인대 마사지,20221028,유연성,품롤러를 활용한 스트레칭 프로그램,764.464,mp4,0AUDLJ08S_00051.mp4,http://openapi.kspo.or.kr/web/image/0AUDLJ08S_00051/,26,동영상,대퇴근막장근
스트레칭(폼롤러),http://openapi.kspo.or.kr/web/video/,품롤러를 활용한 자가근막이완 및 스트레칭 프로그램,208893648,스트레칭,29.96,1461,1920*1080,폼롤러,공통,24622,0AUDLJ08S_00051_SC_00149.jpeg,2021,1인 이상,1239,한국어,대퇴근막장근/장경인대 스트레칭,20221028,유연성,품롤러를 활용한 스트레칭 프로그램,821.554,mp4,0AUDLJ08S_00051.mp4,http://openapi.kspo.or.kr/web/image/0AUDLJ08S_00051/,27,동영상,대퇴근막장근
스트레칭(폼롤러),http://openapi.kspo.or.kr/web/video/,품롤러를 활용한 자가근막이완 및 스트레칭 프로그램,208893648,스트레칭,29.96,1462,1920*1080,폼롤러,공통,26188,0AUDLJ08S_00051_SC_00166.jpeg,2021,1인 이상,1239,한국어,내전근 마사지,20221028,유연성,품롤러를 활용한 스트레칭 프로그램,873.807,mp4,0AUDLJ08S_00051.mp4,http://openapi.kspo.or.kr/web/image/0AUDLJ08S_00051/,28,동영상,내전근
스트레칭(폼롤러),http://openapi.kspo.or.kr/web/video/,품롤러를 활용한 자가근막이완 및 스트레칭 프로그램,208893648,스트레칭,29.96,1463,1920*1080,폼롤러,공통,27203,0AUDLJ08S_00051_SC_00171.jpeg,2021,1인 이상,1239,한국어,내전근 스트레칭,20221028,유연성,품롤러를 활용한 스트레칭 프로그램,907.674,mp4,0AUDLJ08S_00051.mp4,http://openapi.kspo.or.kr/web/image/0AUDLJ08S_00051/,29,동영상,내전근
스트레칭(폼롤러),http://openapi.kspo.or.kr/web/video/,품롤러를 활용한 자가근막이완 및 스트레칭 프로그램,208893648,스트레칭,29.96,1464,1920*1080,폼롤러,공통,27957,0AUDLJ08S_00051_SC_00177.jpeg,2021,1인 이상,1239,한국어,비복근 마사지,20221028,유연성,품롤러를 활용한 스트레칭 프로그램,932.832,mp4,0AUDLJ08S_00051.mp4,http://openapi.kspo.or.kr/web/image/0AUDLJ08S_00051/,30,동영상,비복근
스트레칭(폼롤러),http://openapi.kspo.or.kr/web/video/,품롤러를 활용한 자가근막이완 및 스트레칭 프로그램,208893648,스트레칭,29.96,1465,1920*1080,폼롤러,공통,28772,0AUDLJ08S_00051_FR_00321.jpeg,2021,1인 이상,1239,한국어,비복근 스트레칭,20221028,유연성,품롤러를 활용한 스트레칭 프로그램,960.026,mp4,0AUDLJ08S_00051.mp4,http://openapi.kspo.or.kr/web/image/0AUDLJ08S_00051/,31,동영상,비복근
,http://openapi.kspo.or.kr/web/video/,낙상을 예방하기 위한 운동프로그램,162334041,낙상 예방,29.97,1466,1920*1080,,공통,28856,0AUDLJ08S_00042_SC_00223.jpeg,2021,1인 이상,981,한국어,,20221007,,낙상 예방 운동프로그램,962.828,mp4,0AUDLJ08S_00042.mp4,http://openapi.kspo.or.kr/web/image/0AUDLJ08S_00042/,215,동영상,
스트레칭(폼롤러),http://openapi.kspo.or.kr/web/video/,품롤러를 활용한 자가근막이완 및 스트레칭 프로그램,208893648,스트레칭,29.96,1467,1920*1080,폼롤러,공통,29001,0AUDLJ08S_00051_SC_00185.jpeg,2021,1인 이상,1239,한국어,비복근 스트레칭,20221028,유연성,품롤러를 활용한 스트레칭 프로그램,967.667,mp4,0AUDLJ08S_00051.mp4,http://openapi.kspo.or.kr/web/image/0AUDLJ08S_00051/,32,동영상,비복근
스트레칭(폼롤러),http://openapi.kspo.or.kr/web/video/,품롤러를 활용한 자가근막이완 및 스트레칭 프로그램,208893648,스트레칭,29.96,1468,1920*1080,폼롤러,공통,29755,0AUDLJ08S_00051_SC_00188.jpeg,2021,1인 이상,1239,한국어,골반/엉덩이 마사지,20221028,유연성,품롤러를 활용한 스트레칭 프로그램,992.826,mp4,0AUDLJ08S_00051.mp4,http://openapi.kspo.or.kr/web/image/0AUDLJ08S_00051/,33,동영상,골반
스트레칭(폼롤러),http://openapi.kspo.or.kr/web/video/,품롤러를 활용한 자가근막이완 및 스트레칭 프로그램,208893648,스트레칭,29.96,1469,1920*1080,폼롤러,공통,29987,0AUDLJ08S_00051_SC_00189.jpeg,2021,1인 이상,1239,한국어,골반/엉덩이 마사지,20221028,유연성,품롤러를 활용한 스트레칭 프로그램,1000.567,mp4,0AUDLJ08S_00051.mp4,http://openapi.kspo.or.kr/web/image/0AUDLJ08S_00051/,34,동영상,골반
스트레칭(폼롤러),http://openapi.kspo.or.kr/web/video/,품롤러를 활용한 자가근막이완 및 스트레칭 프로그램,208893648,스트레칭,29.96,1470,1920*1080,폼롤러,공통,31408,0AUDLJ08S_00051_SC_00193.jpeg,2021,1인 이상,1239,한국어,장요근 마사지,20221028,유연성,품롤러를 활용한 스트레칭 프로그램,1047.981,mp4,0AUDLJ08S_00051.mp4,http://openapi.kspo.or.kr/web/image/0AUDLJ08S_00051/,35,동영상,장요근
스트레칭(폼롤러),http://openapi.kspo.or.kr/web/video/,품롤러를 활용한 자가근막이완 및 스트레칭 프로그램,208893648,스트레칭,29.96,1471,1920*1080,폼롤러,공통,32458,0AUDLJ08S_00051_FR_00362.jpeg,2021,1인 이상,1239,한국어,장요근 스트레칭,20221028,유연성,품롤러를 활용한 스트레칭 프로그램,1083.016,mp4,0AUDLJ08S_00051.mp4,http://openapi.kspo.or.kr/web/image/0AUDLJ08S_00051/,36,동영상,장요근
스트레칭(폼롤러),http://openapi.kspo.or.kr/web/video/,품롤러를 활용한 자가근막이완 및 스트레칭 프로그램,208893648,스트레칭,29.96,1472,1920*1080,폼롤러,공통,32684,0AUDLJ08S_00051_SC_00200.jpeg,2021,1인 이상,1239,한국어,장요근 스트레칭,20221028,유연성,품롤러를 활용한 스트레칭 프로그램,1090.557,mp4,0AUDLJ08S_00051.mp4,http://openapi.kspo.or.kr/web/image/0AUDLJ08S_00051/,37,동영상,장요근
스트레칭(폼롤러),http://openapi.kspo.or.kr/web/video/,품롤러를 활용한 자가근막이완 및 스트레칭 프로그램,208893648,스트레칭,29.96,1473,1920*1080,폼롤러,공통,33699,0AUDLJ08S_00051_SC_00207.jpeg,2021,1인 이상,1239,한국어,정강이 마사지,20221028,유연성,품롤러를 활용한 스트레칭 프로그램,1124.424,mp4,0AUDLJ08S_00051.mp4,http://openapi.kspo.or.kr/web/image/0AUDLJ08S_00051/,38,동영상,정강이
스트레칭(폼롤러),http://openapi.kspo.or.kr/web/video/,품롤러를 활용한 자가근막이완 및 스트레칭 프로그램,208893648,스트레칭,29.96,1474,1920*1080,폼롤러,공통,34743,0AUDLJ08S_00051_SC_00221.jpeg,2021,1인 이상,1239,한국어,발목 스트레칭,20221028,유연성,품롤러를 활용한 스트레칭 프로그램,1159.259,mp4,0AUDLJ08S_00051.mp4,http://openapi.kspo.or.kr/web/image/0AUDLJ08S_00051/,39,동영상,발목
스트레칭(폼롤러),http://openapi.kspo.or.kr/web/video/,품롤러를 활용한 자가근막이완 및 스트레칭 프로그램,208893648,스트레칭,29.96,1475,1920*1080,폼롤러,공통,34801,0AUDLJ08S_00051_SC_00223.jpeg,2021,1인 이상,1239,한국어,발목 스트레칭,20221028,유연성,품롤러를 활용한 스트레칭 프로그램,1161.194,mp4,0AUDLJ08S_00051.mp4,http://openapi.kspo.or.kr/web/image/0AUDLJ08S_00051/,40,동영상,발목
스트레칭(폼롤러),http://openapi.kspo.or.kr/web/video/,품롤러를 활용한 자가근막이완 및 스트레칭 프로그램,208893648,스트레칭,29.96,1476,1920*1080,폼롤러,공통,35642,0AUDLJ08S_00051_SC_00235.jpeg,2021,1인 이상,1239,한국어,발바닥 마사지,20221028,유연성,품롤러를 활용한 스트레칭 프로그램,1189.255,mp4,0AUDLJ08S_00051.mp4,http://openapi.kspo.or.kr/web/image/0AUDLJ08S_00051/,41,동영상,발바닥
근력 운동(폼롤러),http://openapi.kspo.or.kr/web/video/,품롤러를 활용한 근력운동 프로그램,144105646,근력운동,29.96,1477,1920*1080,폼롤러,공통,180,0AUDLJ08S_00052_FR_00003.jpeg,2021,1인 이상,865,한국어,,20221021,,품롤러를 활용한 근력운동 프로그램,6.006,mp4,0AUDLJ08S_00052.mp4,http://openapi.kspo.or.kr/web/image/0AUDLJ08S_00052/,1,동영상,
근력 운동(폼롤러),http://openapi.kspo.or.kr/web/video/,품롤러를 활용한 근력운동 프로그램,144105646,근력운동,29.96,1478,1920*1080,폼롤러,공통,1161,0AUDLJ08S_00052_SC_00009.jpeg,2021,1인 이상,865,한국어,푸쉬 업(상체),20221021,근력/근지구력,품롤러를 활용한 근력운동 프로그램,38.738,mp4,0AUDLJ08S_00052.mp4,http://openapi.kspo.or.kr/web/image/0AUDLJ08S_00052/,2,동영상,상체
근력 운동(폼롤러),http://openapi.kspo.or.kr/web/video/,품롤러를 활용한 근력운동 프로그램,144105646,근력운동,29.96,1479,1920*1080,폼롤러,공통,1509,0AUDLJ08S_00052_SC_00014.jpeg,2021,1인 이상,865,한국어,푸쉬 업(상체),20221021,근력/근지구력,품롤러를 활용한 근력운동 프로그램,50.35,mp4,0AUDLJ08S_00052.mp4,http://openapi.kspo.or.kr/web/image/0AUDLJ08S_00052/,3,동영상,상체
근력 운동(폼롤러),http://openapi.kspo.or.kr/web/video/,품롤러를 활용한 근력운동 프로그램,144105646,근력운동,29.96,1480,1920*1080,폼롤러,공통,2248,0AUDLJ08S_00052_FR_00026.jpeg,2021,1인 이상,865,한국어,백 익스텐션(상체),20221021,근력/근지구력,품롤러를 활용한 근력운동 프로그램,75.008,mp4,0AUDLJ08S_00052.mp4,http://openapi.kspo.or.kr/web/image/0AUDLJ08S_00052/,4,동영상,상체
근력 운동(폼롤러),http://openapi.kspo.or.kr/web/video/,품롤러를 활용한 근력운동 프로그램,144105646,근력운동,29.96,1481,1920*1080,폼롤러,공통,2408,0AUDLJ08S_00052_SC_00022.jpeg,2021,1인 이상,865,한국어,백 익스텐션(상체),20221021,근력/근지구력,품롤러를 활용한 근력운동 프로그램,80.347,mp4,0AUDLJ08S_00052.mp4,http://openapi.kspo.or.kr/web/image/0AUDLJ08S_00052/,5,동영상,상체
근력 운동(폼롤러),http://openapi.kspo.or.kr/web/video/,품롤러를 활용한 근력운동 프로그램,144105646,근력운동,29.96,1482,1920*1080,폼롤러,공통,4148,0AUDLJ08S_00052_SC_00028.jpeg,2021,1인 이상,865,한국어,싱글레그 데드 리프트(상체),20221021,근력/근지구력,품롤러를 활용한 근력운동 프로그램,138.405,mp4,0AUDLJ08S_00052.mp4,http://openapi.kspo.or.kr/web/image/0AUDLJ08S_00052/,6,동영상,상체
근력 운동(폼롤러),http://openapi.kspo.or.kr/web/video/,품롤러를 활용한 근력운동 프로그램,144105646,근력운동,29.96,1483,1920*1080,폼롤러,공통,4316,0AUDLJ08S_00052_FR_00049.jpeg,2021,1인 이상,865,한국어,싱글레그 데드 리프트(상체),20221021,근력/근지구력,품롤러를 활용한 근력운동 프로그램,144.01,mp4,0AUDLJ08S_00052.mp4,http://openapi.kspo.or.kr/web/image/0AUDLJ08S_00052/,7,동영상,상체
근력 운동(폼롤러),http://openapi.kspo.or.kr/web/video/,품롤러를 활용한 근력운동 프로그램,144105646,근력운동,29.96,1484,1920*1080,폼롤러,공통,5845,0AUDLJ08S_00052_FR_00066.jpeg,2021,1인 이상,865,한국어,스쿼트(하체),20221021,근력/근지구력,품롤러를 활용한 근력운동 프로그램,195.028,mp4,0AUDLJ08S_00052.mp4,http://openapi.kspo.or.kr/web/image/0AUDLJ08S_00052/,8,동영상,하체
근력 운동(폼롤러),http://openapi.kspo.or.kr/web/video/,품롤러를 활용한 근력운동 프로그램,144105646,근력운동,29.96,1485,1920*1080,폼롤러,공통,6033,0AUDLJ08S_00052_SC_00038.jpeg,2021,1인 이상,865,한국어,스쿼트(하체),20221021,근력/근지구력,품롤러를 활용한 근력운동 프로그램,201.301,mp4,0AUDLJ08S_00052.mp4,http://openapi.kspo.or.kr/web/image/0AUDLJ08S_00052/,9,동영상,하체
근력 운동(폼롤러),http://openapi.kspo.or.kr/web/video/,품롤러를 활용한 근력운동 프로그램,144105646,근력운동,29.96,1486,1920*1080,폼롤러,공통,7193,0AUDLJ08S_00052_FR_00081.jpeg,2021,1인 이상,865,한국어,오버헤드 스쿼트(하체),20221021,근력/근지구력,품롤러를 활용한 근력운동 프로그램,240.006,mp4,0AUDLJ08S_00052.mp4,http://openapi.kspo.or.kr/web/image/0AUDLJ08S_00052/,10,동영상,하체
근력 운동(폼롤러),http://openapi.kspo.or.kr/web/video/,품롤러를 활용한 근력운동 프로그램,144105646,근력운동,29.96,1487,1920*1080,폼롤러,공통,7553,0AUDLJ08S_00052_FR_00085.jpeg,2021,1인 이상,865,한국어,오버헤드 스쿼트(하체),20221021,근력/근지구력,품롤러를 활용한 근력운동 프로그램,252.018,mp4,0AUDLJ08S_00052.mp4,http://openapi.kspo.or.kr/web/image/0AUDLJ08S_00052/,11,동영상,하체
근력 운동(폼롤러),http://openapi.kspo.or.kr/web/video/,품롤러를 활용한 근력운동 프로그램,144105646,근력운동,29.96,1488,1920*1080,폼롤러,공통,8643,0AUDLJ08S_00052_SC_00050.jpeg,2021,1인 이상,865,한국어,런지(하체),20221021,근력/근지구력,품롤러를 활용한 근력운동 프로그램,288.388,mp4,0AUDLJ08S_00052.mp4,http://openapi.kspo.or.kr/web/image/0AUDLJ08S_00052/,12,동영상,하체
근력 운동(폼롤러),http://openapi.kspo.or.kr/web/video/,품롤러를 활용한 근력운동 프로그램,144105646,근력운동,29.96,1489,1920*1080,폼롤러,공통,8962,0AUDLJ08S_00052_SC_00054.jpeg,2021,1인 이상,865,한국어,런지(하체),20221021,근력/근지구력,품롤러를 활용한 근력운동 프로그램,299.032,mp4,0AUDLJ08S_00052.mp4,http://openapi.kspo.or.kr/web/image/0AUDLJ08S_00052/,13,동영상,하체
근력 운동(폼롤러),http://openapi.kspo.or.kr/web/video/,품롤러를 활용한 근력운동 프로그램,144105646,근력운동,29.96,1490,1920*1080,폼롤러,공통,9223,0AUDLJ08S_00052_SC_00058.jpeg,2021,1인 이상,865,한국어,런지(하체),20221021,근력/근지구력,품롤러를 활용한 근력운동 프로그램,307.741,mp4,0AUDLJ08S_00052.mp4,http://openapi.kspo.or.kr/web/image/0AUDLJ08S_00052/,14,동영상,하체
근력 운동(폼롤러),http://openapi.kspo.or.kr/web/video/,품롤러를 활용한 근력운동 프로그램,144105646,근력운동,29.96,1491,1920*1080,폼롤러,공통,10160,0AUDLJ08S_00052_FR_00114.jpeg,2021,1인 이상,865,한국어,사이드 레그레이즈(하체),20221021,근력/근지구력,품롤러를 활용한 근력운동 프로그램,339.005,mp4,0AUDLJ08S_00052.mp4,http://openapi.kspo.or.kr/web/image/0AUDLJ08S_00052/,15,동영상,하체
근력 운동(폼롤러),http://openapi.kspo.or.kr/web/video/,품롤러를 활용한 근력운동 프로그램,144105646,근력운동,29.96,1492,1920*1080,폼롤러,공통,10430,0AUDLJ08S_00052_FR_00117.jpeg,2021,1인 이상,865,한국어,사이드 레그레이즈(하체),20221021,근력/근지구력,품롤러를 활용한 근력운동 프로그램,348.014,mp4,0AUDLJ08S_00052.mp4,http://openapi.kspo.or.kr/web/image/0AUDLJ08S_00052/,16,동영상,하체
근력 운동(폼롤러),http://openapi.kspo.or.kr/web/video/,품롤러를 활용한 근력운동 프로그램,144105646,근력운동,29.96,1493,1920*1080,폼롤러,공통,11419,0AUDLJ08S_00052_FR_00128.jpeg,2021,1인 이상,865,한국어,햄스트링 컬(하체),20221021,근력/근지구력,품롤러를 활용한 근력운동 프로그램,381.014,mp4,0AUDLJ08S_00052.mp4,http://openapi.kspo.or.kr/web/image/0AUDLJ08S_00052/,17,동영상,하체
근력 운동(폼롤러),http://openapi.kspo.or.kr/web/video/,품롤러를 활용한 근력운동 프로그램,144105646,근력운동,29.96,1494,1920*1080,폼롤러,공통,11509,0AUDLJ08S_00052_FR_00129.jpeg,2021,1인 이상,865,한국어,햄스트링 컬(하체),20221021,근력/근지구력,품롤러를 활용한 근력운동 프로그램,384.017,mp4,0AUDLJ08S_00052.mp4,http://openapi.kspo.or.kr/web/image/0AUDLJ08S_00052/,18,동영상,하체
근력 운동(폼롤러),http://openapi.kspo.or.kr/web/video/,품롤러를 활용한 근력운동 프로그램,144105646,근력운동,29.96,1495,1920*1080,폼롤러,공통,11630,0AUDLJ08S_00052_SC_00071.jpeg,2021,1인 이상,865,한국어,햄스트링 컬(하체),20221021,근력/근지구력,품롤러를 활용한 근력운동 프로그램,388.054,mp4,0AUDLJ08S_00052.mp4,http://openapi.kspo.or.kr/web/image/0AUDLJ08S_00052/,19,동영상,하체
근력 운동(폼롤러),http://openapi.kspo.or.kr/web/video/,품롤러를 활용한 근력운동 프로그램,144105646,근력운동,29.96,1496,1920*1080,폼롤러,공통,12935,0AUDLJ08S_00052_SC_00079.jpeg,2021,1인 이상,865,한국어,브릿지(코어),20221021,근력/근지구력,품롤러를 활용한 근력운동 프로그램,431.598,mp4,0AUDLJ08S_00052.mp4,http://openapi.kspo.or.kr/web/image/0AUDLJ08S_00052/,20,동영상,코어
근력 운동(폼롤러),http://openapi.kspo.or.kr/web/video/,품롤러를 활용한 근력운동 프로그램,144105646,근력운동,29.96,1497,1920*1080,폼롤러,공통,12964,0AUDLJ08S_00052_SC_00080.jpeg,2021,1인 이상,865,한국어,브릿지(코어),20221021,근력/근지구력,품롤러를 활용한 근력운동 프로그램,432.565,mp4,0AUDLJ08S_00052.mp4,http://openapi.kspo.or.kr/web/image/0AUDLJ08S_00052/,21,동영상,코어
근력 운동(폼롤러),http://openapi.kspo.or.kr/web/video/,품롤러를 활용한 근력운동 프로그램,144105646,근력운동,29.96,1498,1920*1080,폼롤러,공통,13138,0AUDLJ08S_00052_SC_00083.jpeg,2021,1인 이상,865,한국어,브릿지(코어),20221021,근력/근지구력,품롤러를 활용한 근력운동 프로그램,438.371,mp4,0AUDLJ08S_00052.mp4,http://openapi.kspo.or.kr/web/image/0AUDLJ08S_00052/,22,동영상,코어
근력 운동(폼롤러),http://openapi.kspo.or.kr/web/video/,품롤러를 활용한 근력운동 프로그램,144105646,근력운동,29.96,1499,1920*1080,폼롤러,공통,14116,0AUDLJ08S_00052_FR_00158.jpeg,2021,1인 이상,865,한국어,플랭크(코어),20221021,근력/근지구력,품롤러를 활용한 근력운동 프로그램,471.004,mp4,0AUDLJ08S_00052.mp4,http://openapi.kspo.or.kr/web/image/0AUDLJ08S_00052/,23,동영상,코어
근력 운동(폼롤러),http://openapi.kspo.or.kr/web/video/,품롤러를 활용한 근력운동 프로그램,144105646,근력운동,29.96,1500,1920*1080,폼롤러,공통,14385,0AUDLJ08S_00052_SC_00092.jpeg,2021,1인 이상,865,한국어,플랭크(코어),20221021,근력/근지구력,품롤러를 활용한 근력운동 프로그램,479.979,mp4,0AUDLJ08S_00052.mp4,http://openapi.kspo.or.kr/web/image/0AUDLJ08S_00052/,24,동영상,코어
근력 운동(폼롤러),http://openapi.kspo.or.kr/web/video/,품롤러를 활용한 근력운동 프로그램,144105646,근력운동,29.96,1501,1920*1080,폼롤러,공통,15465,0AUDLJ08S_00052_FR_00173.jpeg,2021,1인 이상,865,한국어,사이드 플랭크(코어),20221021,근력/근지구력,품롤러를 활용한 근력운동 프로그램,516.016,mp4,0AUDLJ08S_00052.mp4,http://openapi.kspo.or.kr/web/image/0AUDLJ08S_00052/,25,동영상,코어
근력 운동(폼롤러),http://openapi.kspo.or.kr/web/video/,품롤러를 활용한 근력운동 프로그램,144105646,근력운동,29.96,1502,1920*1080,폼롤러,공통,15748,0AUDLJ08S_00052_SC_00099.jpeg,2021,1인 이상,865,한국어,사이드 플랭크(코어),20221021,근력/근지구력,품롤러를 활용한 근력운동 프로그램,525.458,mp4,0AUDLJ08S_00052.mp4,http://openapi.kspo.or.kr/web/image/0AUDLJ08S_00052/,26,동영상,코어
근력 운동(폼롤러),http://openapi.kspo.or.kr/web/video/,품롤러를 활용한 근력운동 프로그램,144105646,근력운동,29.96,1503,1920*1080,폼롤러,공통,16647,0AUDLJ08S_00052_SC_00106.jpeg,2021,1인 이상,865,한국어,크런치(코어),20221021,근력/근지구력,품롤러를 활용한 근력운동 프로그램,555.455,mp4,0AUDLJ08S_00052.mp4,http://openapi.kspo.or.kr/web/image/0AUDLJ08S_00052/,27,동영상,코어
근력 운동(폼롤러),http://openapi.kspo.or.kr/web/video/,품롤러를 활용한 근력운동 프로그램,144105646,근력운동,29.96,1504,1920*1080,폼롤러,공통,16850,0AUDLJ08S_00052_SC_00107.jpeg,2021,1인 이상,865,한국어,크런치(코어),20221021,근력/근지구력,품롤러를 활용한 근력운동 프로그램,562.228,mp4,0AUDLJ08S_00052.mp4,http://openapi.kspo.or.kr/web/image/0AUDLJ08S_00052/,28,동영상,코어
근력 운동(폼롤러),http://openapi.kspo.or.kr/web/video/,품롤러를 활용한 근력운동 프로그램,144105646,근력운동,29.96,1505,1920*1080,폼롤러,공통,18072,0AUDLJ08S_00052_FR_00202.jpeg,2021,1인 이상,865,한국어,리버스 크런치(코어),20221021,근력/근지구력,품롤러를 활용한 근력운동 프로그램,603.003,mp4,0AUDLJ08S_00052.mp4,http://openapi.kspo.or.kr/web/image/0AUDLJ08S_00052/,29,동영상,코어
근력 운동(폼롤러),http://openapi.kspo.or.kr/web/video/,품롤러를 활용한 근력운동 프로그램,144105646,근력운동,29.96,1506,1920*1080,폼롤러,공통,18387,0AUDLJ08S_00052_SC_00119.jpeg,2021,1인 이상,865,한국어,리버스 크런치(코어),20221021,근력/근지구력,품롤러를 활용한 근력운동 프로그램,613.513,mp4,0AUDLJ08S_00052.mp4,http://openapi.kspo.or.kr/web/image/0AUDLJ08S_00052/,30,동영상,코어
근력 운동(폼롤러),http://openapi.kspo.or.kr/web/video/,품롤러를 활용한 근력운동 프로그램,144105646,근력운동,29.96,1507,1920*1080,폼롤러,공통,18648,0AUDLJ08S_00052_SC_00126.jpeg,2021,1인 이상,865,한국어,리버스 크런치(코어),20221021,근력/근지구력,품롤러를 활용한 근력운동 프로그램,622.222,mp4,0AUDLJ08S_00052.mp4,http://openapi.kspo.or.kr/web/image/0AUDLJ08S_00052/,31,동영상,코어
근력 운동(폼롤러),http://openapi.kspo.or.kr/web/video/,품롤러를 활용한 근력운동 프로그램,144105646,근력운동,29.96,1508,1920*1080,폼롤러,공통,19781,0AUDLJ08S_00052_FR_00221.jpeg,2021,1인 이상,865,한국어,버드독(코어),20221021,근력/근지구력,품롤러를 활용한 근력운동 프로그램,660.026,mp4,0AUDLJ08S_00052.mp4,http://openapi.kspo.or.kr/web/image/0AUDLJ08S_00052/,32,동영상,코어
근력 운동(폼롤러),http://openapi.kspo.or.kr/web/video/,품롤러를 활용한 근력운동 프로그램,144105646,근력운동,29.96,1509,1920*1080,폼롤러,공통,19924,0AUDLJ08S_00052_SC_00134.jpeg,2021,1인 이상,865,한국어,버드독(코어),20221021,근력/근지구력,품롤러를 활용한 근력운동 프로그램,664.798,mp4,0AUDLJ08S_00052.mp4,http://openapi.kspo.or.kr/web/image/0AUDLJ08S_00052/,33,동영상,코어
근력 운동(폼롤러),http://openapi.kspo.or.kr/web/video/,품롤러를 활용한 근력운동 프로그램,144105646,근력운동,29.96,1510,1920*1080,폼롤러,공통,20185,0AUDLJ08S_00052_SC_00140.jpeg,2021,1인 이상,865,한국어,버드독(코어),20221021,근력/근지구력,품롤러를 활용한 근력운동 프로그램,673.506,mp4,0AUDLJ08S_00052.mp4,http://openapi.kspo.or.kr/web/image/0AUDLJ08S_00052/,34,동영상,코어
근력 운동(폼롤러),http://openapi.kspo.or.kr/web/video/,품롤러를 활용한 근력운동 프로그램,144105646,근력운동,29.96,1511,1920*1080,폼롤러,공통,21309,0AUDLJ08S_00052_FR_00238.jpeg,2021,1인 이상,865,한국어,데드버그(코어),20221021,근력/근지구력,품롤러를 활용한 근력운동 프로그램,711.011,mp4,0AUDLJ08S_00052.mp4,http://openapi.kspo.or.kr/web/image/0AUDLJ08S_00052/,35,동영상,코어
근력 운동(폼롤러),http://openapi.kspo.or.kr/web/video/,품롤러를 활용한 근력운동 프로그램,144105646,근력운동,29.96,1512,1920*1080,폼롤러,공통,21432,0AUDLJ08S_00052_SC_00144.jpeg,2021,1인 이상,865,한국어,데드버그(코어),20221021,근력/근지구력,품롤러를 활용한 근력운동 프로그램,715.115,mp4,0AUDLJ08S_00052.mp4,http://openapi.kspo.or.kr/web/image/0AUDLJ08S_00052/,36,동영상,코어
,http://openapi.kspo.or.kr/web/video/,낙상을 예방하기 위한 운동프로그램,162334041,낙상 예방,29.97,1513,1920*1080,,공통,29117,0AUDLJ08S_00042_SC_00225.jpeg,2021,1인 이상,981,한국어,,20221007,,낙상 예방 운동프로그램,971.537,mp4,0AUDLJ08S_00042.mp4,http://openapi.kspo.or.kr/web/image/0AUDLJ08S_00042/,216,동영상,
근력 운동(폼롤러),http://openapi.kspo.or.kr/web/video/,품롤러를 활용한 근력운동 프로그램,144105646,근력운동,29.96,1514,1920*1080,폼롤러,공통,21577,0AUDLJ08S_00052_SC_00146.jpeg,2021,1인 이상,865,한국어,데드버그(코어),20221021,근력/근지구력,품롤러를 활용한 근력운동 프로그램,719.953,mp4,0AUDLJ08S_00052.mp4,http://openapi.kspo.or.kr/web/image/0AUDLJ08S_00052/,37,동영상,코어
근력 운동(폼롤러),http://openapi.kspo.or.kr/web/video/,품롤러를 활용한 근력운동 프로그램,144105646,근력운동,29.96,1515,1920*1080,폼롤러,공통,23017,0AUDLJ08S_00052_FR_00257.jpeg,2021,1인 이상,865,한국어,롤링(코어),20221021,근력/근지구력,품롤러를 활용한 근력운동 프로그램,768.001,mp4,0AUDLJ08S_00052.mp4,http://openapi.kspo.or.kr/web/image/0AUDLJ08S_00052/,38,동영상,코어
근력 운동(폼롤러),http://openapi.kspo.or.kr/web/video/,품롤러를 활용한 근력운동 프로그램,144105646,근력운동,29.96,1516,1920*1080,폼롤러,공통,23288,0AUDLJ08S_00052_SC_00152.jpeg,2021,1인 이상,865,한국어,롤링(코어),20221021,근력/근지구력,품롤러를 활용한 근력운동 프로그램,777.043,mp4,0AUDLJ08S_00052.mp4,http://openapi.kspo.or.kr/web/image/0AUDLJ08S_00052/,39,동영상,코어
근력 운동(폼롤러),http://openapi.kspo.or.kr/web/video/,품롤러를 활용한 근력운동 프로그램,144105646,근력운동,29.96,1517,1920*1080,폼롤러,공통,24506,0AUDLJ08S_00052_SC_00160.jpeg,2021,1인 이상,865,한국어,슈퍼맨(코어),20221021,근력/근지구력,품롤러를 활용한 근력운동 프로그램,817.684,mp4,0AUDLJ08S_00052.mp4,http://openapi.kspo.or.kr/web/image/0AUDLJ08S_00052/,40,동영상,코어
근력 운동(폼롤러),http://openapi.kspo.or.kr/web/video/,품롤러를 활용한 근력운동 프로그램,144105646,근력운동,29.96,1518,1920*1080,폼롤러,공통,24593,0AUDLJ08S_00052_SC_00161.jpeg,2021,1인 이상,865,한국어,슈퍼맨(코어),20221021,근력/근지구력,품롤러를 활용한 근력운동 프로그램,820.587,mp4,0AUDLJ08S_00052.mp4,http://openapi.kspo.or.kr/web/image/0AUDLJ08S_00052/,41,동영상,코어
근력 운동(폼롤러),http://openapi.kspo.or.kr/web/video/,품롤러를 활용한 근력운동 프로그램,144105646,근력운동,29.96,1519,1920*1080,폼롤러,공통,24906,0AUDLJ08S_00052_FR_00278.jpeg,2021,1인 이상,865,한국어,슈퍼맨(코어),20221021,근력/근지구력,품롤러를 활용한 근력운동 프로그램,831.031,mp4,0AUDLJ08S_00052.mp4,http://openapi.kspo.or.kr/web/image/0AUDLJ08S_00052/,42,동영상,코어
학생건강체력평가제도(유연성),http://openapi.kspo.or.kr/web/video/,청소년 체력증진을 위한 유연성 향상 프로그램,218378586,PAPS 4-5등급 학생 체력증진,29.97,1520,1920*1080,,청소년,88,0AUDLJ08S_00053_SC_00002.jpeg,2021,1인 이상,1315,한국어,,20221114,유연성,PAPS 4-5등급 학생 체력증진 프로그램 1편(유연성 향상 편),2.936,mp4,0AUDLJ08S_00053.mp4,http://openapi.kspo.or.kr/web/image/0AUDLJ08S_00053/,1,동영상,전신
학생건강체력평가제도(유연성),http://openapi.kspo.or.kr/web/video/,청소년 체력증진을 위한 유연성 향상 프로그램,218378586,PAPS 4-5등급 학생 체력증진,29.97,1521,1920*1080,,청소년,1451,0AUDLJ08S_00053_SC_00010.jpeg,2021,1인 이상,1315,한국어,목 돌리기,20221007,유연성,PAPS 4-5등급 학생 체력증진 프로그램 1편(유연성 향상 편),48.415,mp4,0AUDLJ08S_00053.mp4,http://openapi.kspo.or.kr/web/image/0AUDLJ08S_00053/,2,동영상,목
학생건강체력평가제도(유연성),http://openapi.kspo.or.kr/web/video/,청소년 체력증진을 위한 유연성 향상 프로그램,218378586,PAPS 4-5등급 학생 체력증진,29.97,1522,1920*1080,,청소년,1596,0AUDLJ08S_00053_SC_00011.jpeg,2021,1인 이상,1315,한국어,목 돌리기,20221007,유연성,PAPS 4-5등급 학생 체력증진 프로그램 1편(유연성 향상 편),53.253,mp4,0AUDLJ08S_00053.mp4,http://openapi.kspo.or.kr/web/image/0AUDLJ08S_00053/,3,동영상,목
학생건강체력평가제도(유연성),http://openapi.kspo.or.kr/web/video/,청소년 체력증진을 위한 유연성 향상 프로그램,218378586,PAPS 4-5등급 학생 체력증진,29.97,1523,1920*1080,,청소년,2176,0AUDLJ08S_00053_SC_00016.jpeg,2021,1인 이상,1315,한국어,목 돌리기,20221007,유연성,PAPS 4-5등급 학생 체력증진 프로그램 1편(유연성 향상 편),72.605,mp4,0AUDLJ08S_00053.mp4,http://openapi.kspo.or.kr/web/image/0AUDLJ08S_00053/,4,동영상,목
학생건강체력평가제도(유연성),http://openapi.kspo.or.kr/web/video/,청소년 체력증진을 위한 유연성 향상 프로그램,218378586,PAPS 4-5등급 학생 체력증진,29.97,1524,1920*1080,,청소년,2640,0AUDLJ08S_00053_SC_00018.jpeg,2021,1인 이상,1315,한국어,목 스트레칭(좌/우/앞/뒤),20221007,유연성,PAPS 4-5등급 학생 체력증진 프로그램 1편(유연성 향상 편),88.088,mp4,0AUDLJ08S_00053.mp4,http://openapi.kspo.or.kr/web/image/0AUDLJ08S_00053/,5,동영상,목
학생건강체력평가제도(유연성),http://openapi.kspo.or.kr/web/video/,청소년 체력증진을 위한 유연성 향상 프로그램,218378586,PAPS 4-5등급 학생 체력증진,29.97,1525,1920*1080,,청소년,2785,0AUDLJ08S_00053_SC_00019.jpeg,2021,1인 이상,1315,한국어,목 스트레칭(좌/우/앞/뒤),20221007,유연성,PAPS 4-5등급 학생 체력증진 프로그램 1편(유연성 향상 편),92.926,mp4,0AUDLJ08S_00053.mp4,http://openapi.kspo.or.kr/web/image/0AUDLJ08S_00053/,6,동영상,목
학생건강체력평가제도(유연성),http://openapi.kspo.or.kr/web/video/,청소년 체력증진을 위한 유연성 향상 프로그램,218378586,PAPS 4-5등급 학생 체력증진,29.97,1526,1920*1080,,청소년,2872,0AUDLJ08S_00053_SC_00020.jpeg,2021,1인 이상,1315,한국어,목 스트레칭(좌/우/앞/뒤),20221007,유연성,PAPS 4-5등급 학생 체력증진 프로그램 1편(유연성 향상 편),95.829,mp4,0AUDLJ08S_00053.mp4,http://openapi.kspo.or.kr/web/image/0AUDLJ08S_00053/,7,동영상,목
학생건강체력평가제도(유연성),http://openapi.kspo.or.kr/web/video/,청소년 체력증진을 위한 유연성 향상 프로그램,218378586,PAPS 4-5등급 학생 체력증진,29.97,1527,1920*1080,,청소년,3046,0AUDLJ08S_00053_SC_00021.jpeg,2021,1인 이상,1315,한국어,목 스트레칭(좌/우/앞/뒤),20221007,유연성,PAPS 4-5등급 학생 체력증진 프로그램 1편(유연성 향상 편),101.634,mp4,0AUDLJ08S_00053.mp4,http://openapi.kspo.or.kr/web/image/0AUDLJ08S_00053/,8,동영상,목
학생건강체력평가제도(유연성),http://openapi.kspo.or.kr/web/video/,청소년 체력증진을 위한 유연성 향상 프로그램,218378586,PAPS 4-5등급 학생 체력증진,29.97,1528,1920*1080,,청소년,3423,0AUDLJ08S_00053_SC_00022.jpeg,2021,1인 이상,1315,한국어,목 스트레칭(좌/우/앞/뒤),20221007,유연성,PAPS 4-5등급 학생 체력증진 프로그램 1편(유연성 향상 편),114.214,mp4,0AUDLJ08S_00053.mp4,http://openapi.kspo.or.kr/web/image/0AUDLJ08S_00053/,9,동영상,목
학생건강체력평가제도(유연성),http://openapi.kspo.or.kr/web/video/,청소년 체력증진을 위한 유연성 향상 프로그램,218378586,PAPS 4-5등급 학생 체력증진,29.97,1529,1920*1080,,청소년,5163,0AUDLJ08S_00053_SC_00035.jpeg,2021,1인 이상,1315,한국어,차렷 자세에서 어깨 돌리기,20221007,유연성,PAPS 4-5등급 학생 체력증진 프로그램 1편(유연성 향상 편),172.272,mp4,0AUDLJ08S_00053.mp4,http://openapi.kspo.or.kr/web/image/0AUDLJ08S_00053/,10,동영상,어깨
학생건강체력평가제도(유연성),http://openapi.kspo.or.kr/web/video/,청소년 체력증진을 위한 유연성 향상 프로그램,218378586,PAPS 4-5등급 학생 체력증진,29.97,1530,1920*1080,,청소년,5366,0AUDLJ08S_00053_SC_00036.jpeg,2021,1인 이상,1315,한국어,차렷 자세에서 어깨 돌리기,20221007,유연성,PAPS 4-5등급 학생 체력증진 프로그램 1편(유연성 향상 편),179.045,mp4,0AUDLJ08S_00053.mp4,http://openapi.kspo.or.kr/web/image/0AUDLJ08S_00053/,11,동영상,어깨
학생건강체력평가제도(유연성),http://openapi.kspo.or.kr/web/video/,청소년 체력증진을 위한 유연성 향상 프로그램,218378586,PAPS 4-5등급 학생 체력증진,29.97,1531,1920*1080,,청소년,5656,0AUDLJ08S_00053_SC_00037.jpeg,2021,1인 이상,1315,한국어,차렷 자세에서 어깨 돌리기,20221007,유연성,PAPS 4-5등급 학생 체력증진 프로그램 1편(유연성 향상 편),188.721,mp4,0AUDLJ08S_00053.mp4,http://openapi.kspo.or.kr/web/image/0AUDLJ08S_00053/,12,동영상,어깨
학생건강체력평가제도(유연성),http://openapi.kspo.or.kr/web/video/,청소년 체력증진을 위한 유연성 향상 프로그램,218378586,PAPS 4-5등급 학생 체력증진,29.97,1532,1920*1080,,청소년,6555,0AUDLJ08S_00053_SC_00038.jpeg,2021,1인 이상,1315,한국어,팔 벌려 돌리기(작게/크게),20221114,유연성,PAPS 4-5등급 학생 체력증진 프로그램 1편(유연성 향상 편),218.718,mp4,0AUDLJ08S_00053.mp4,http://openapi.kspo.or.kr/web/image/0AUDLJ08S_00053/,13,동영상,몸통
학생건강체력평가제도(유연성),http://openapi.kspo.or.kr/web/video/,청소년 체력증진을 위한 유연성 향상 프로그램,218378586,PAPS 4-5등급 학생 체력증진,29.97,1533,1920*1080,,청소년,6729,0AUDLJ08S_00053_SC_00039.jpeg,2021,1인 이상,1315,한국어,팔 벌려 돌리기(작게/크게),20221114,유연성,PAPS 4-5등급 학생 체력증진 프로그램 1편(유연성 향상 편),224.524,mp4,0AUDLJ08S_00053.mp4,http://openapi.kspo.or.kr/web/image/0AUDLJ08S_00053/,14,동영상,몸통
학생건강체력평가제도(유연성),http://openapi.kspo.or.kr/web/video/,청소년 체력증진을 위한 유연성 향상 프로그램,218378586,PAPS 4-5등급 학생 체력증진,29.97,1534,1920*1080,,청소년,8324,0AUDLJ08S_00053_SC_00042.jpeg,2021,1인 이상,1315,한국어,깍지끼고 뻗기(앞/뒤),20221007,유연성,PAPS 4-5등급 학생 체력증진 프로그램 1편(유연성 향상 편),277.744,mp4,0AUDLJ08S_00053.mp4,http://openapi.kspo.or.kr/web/image/0AUDLJ08S_00053/,15,동영상,몸통
학생건강체력평가제도(유연성),http://openapi.kspo.or.kr/web/video/,청소년 체력증진을 위한 유연성 향상 프로그램,218378586,PAPS 4-5등급 학생 체력증진,29.97,1535,1920*1080,,청소년,8411,0AUDLJ08S_00053_SC_00043.jpeg,2021,1인 이상,1315,한국어,깍지끼고 뻗기(앞/뒤),20221007,유연성,PAPS 4-5등급 학생 체력증진 프로그램 1편(유연성 향상 편),280.647,mp4,0AUDLJ08S_00053.mp4,http://openapi.kspo.or.kr/web/image/0AUDLJ08S_00053/,16,동영상,몸통
학생건강체력평가제도(유연성),http://openapi.kspo.or.kr/web/video/,청소년 체력증진을 위한 유연성 향상 프로그램,218378586,PAPS 4-5등급 학생 체력증진,29.97,1536,1920*1080,,청소년,8527,0AUDLJ08S_00053_SC_00044.jpeg,2021,1인 이상,1315,한국어,깍지끼고 뻗기(앞/뒤),20221007,유연성,PAPS 4-5등급 학생 체력증진 프로그램 1편(유연성 향상 편),284.517,mp4,0AUDLJ08S_00053.mp4,http://openapi.kspo.or.kr/web/image/0AUDLJ08S_00053/,17,동영상,몸통
학생건강체력평가제도(유연성),http://openapi.kspo.or.kr/web/video/,청소년 체력증진을 위한 유연성 향상 프로그램,218378586,PAPS 4-5등급 학생 체력증진,29.97,1537,1920*1080,,청소년,8643,0AUDLJ08S_00053_SC_00045.jpeg,2021,1인 이상,1315,한국어,깍지끼고 뻗기(앞/뒤),20221007,유연성,PAPS 4-5등급 학생 체력증진 프로그램 1편(유연성 향상 편),288.388,mp4,0AUDLJ08S_00053.mp4,http://openapi.kspo.or.kr/web/image/0AUDLJ08S_00053/,18,동영상,몸통
학생건강체력평가제도(유연성),http://openapi.kspo.or.kr/web/video/,청소년 체력증진을 위한 유연성 향상 프로그램,218378586,PAPS 4-5등급 학생 체력증진,29.97,1538,1920*1080,,청소년,8817,0AUDLJ08S_00053_SC_00046.jpeg,2021,1인 이상,1315,한국어,깍지끼고 뻗기(앞/뒤),20221007,유연성,PAPS 4-5등급 학생 체력증진 프로그램 1편(유연성 향상 편),294.193,mp4,0AUDLJ08S_00053.mp4,http://openapi.kspo.or.kr/web/image/0AUDLJ08S_00053/,19,동영상,몸통
학생건강체력평가제도(유연성),http://openapi.kspo.or.kr/web/video/,청소년 체력증진을 위한 유연성 향상 프로그램,218378586,PAPS 4-5등급 학생 체력증진,29.97,1539,1920*1080,,청소년,8904,0AUDLJ08S_00053_SC_00047.jpeg,2021,1인 이상,1315,한국어,깍지끼고 뻗기(앞/뒤),20221007,유연성,PAPS 4-5등급 학생 체력증진 프로그램 1편(유연성 향상 편),297.096,mp4,0AUDLJ08S_00053.mp4,http://openapi.kspo.or.kr/web/image/0AUDLJ08S_00053/,20,동영상,몸통
학생건강체력평가제도(유연성),http://openapi.kspo.or.kr/web/video/,청소년 체력증진을 위한 유연성 향상 프로그램,218378586,PAPS 4-5등급 학생 체력증진,29.97,1540,1920*1080,,청소년,9020,0AUDLJ08S_00053_SC_00048.jpeg,2021,1인 이상,1315,한국어,깍지끼고 뻗기(앞/뒤),20221007,유연성,PAPS 4-5등급 학생 체력증진 프로그램 1편(유연성 향상 편),300.967,mp4,0AUDLJ08S_00053.mp4,http://openapi.kspo.or.kr/web/image/0AUDLJ08S_00053/,21,동영상,몸통
학생건강체력평가제도(유연성),http://openapi.kspo.or.kr/web/video/,청소년 체력증진을 위한 유연성 향상 프로그램,218378586,PAPS 4-5등급 학생 체력증진,29.97,1541,1920*1080,,청소년,10093,0AUDLJ08S_00053_SC_00054.jpeg,2021,1인 이상,1315,한국어,팔꿈치 밀고 당기기,20221007,유연성,PAPS 4-5등급 학생 체력증진 프로그램 1편(유연성 향상 편),336.769,mp4,0AUDLJ08S_00053.mp4,http://openapi.kspo.or.kr/web/image/0AUDLJ08S_00053/,22,동영상,몸통
학생건강체력평가제도(유연성),http://openapi.kspo.or.kr/web/video/,청소년 체력증진을 위한 유연성 향상 프로그램,218378586,PAPS 4-5등급 학생 체력증진,29.97,1542,1920*1080,,청소년,10180,0AUDLJ08S_00053_SC_00055.jpeg,2021,1인 이상,1315,한국어,팔꿈치 밀고 당기기,20221007,유연성,PAPS 4-5등급 학생 체력증진 프로그램 1편(유연성 향상 편),339.672,mp4,0AUDLJ08S_00053.mp4,http://openapi.kspo.or.kr/web/image/0AUDLJ08S_00053/,23,동영상,몸통
학생건강체력평가제도(유연성),http://openapi.kspo.or.kr/web/video/,청소년 체력증진을 위한 유연성 향상 프로그램,218378586,PAPS 4-5등급 학생 체력증진,29.97,1543,1920*1080,,청소년,10296,0AUDLJ08S_00053_SC_00056.jpeg,2021,1인 이상,1315,한국어,팔꿈치 밀고 당기기,20221007,유연성,PAPS 4-5등급 학생 체력증진 프로그램 1편(유연성 향상 편),343.543,mp4,0AUDLJ08S_00053.mp4,http://openapi.kspo.or.kr/web/image/0AUDLJ08S_00053/,24,동영상,몸통
학생건강체력평가제도(유연성),http://openapi.kspo.or.kr/web/video/,청소년 체력증진을 위한 유연성 향상 프로그램,218378586,PAPS 4-5등급 학생 체력증진,29.97,1544,1920*1080,,청소년,10383,0AUDLJ08S_00053_SC_00057.jpeg,2021,1인 이상,1315,한국어,팔꿈치 밀고 당기기,20221007,유연성,PAPS 4-5등급 학생 체력증진 프로그램 1편(유연성 향상 편),346.446,mp4,0AUDLJ08S_00053.mp4,http://openapi.kspo.or.kr/web/image/0AUDLJ08S_00053/,25,동영상,몸통
학생건강체력평가제도(유연성),http://openapi.kspo.or.kr/web/video/,청소년 체력증진을 위한 유연성 향상 프로그램,218378586,PAPS 4-5등급 학생 체력증진,29.97,1545,1920*1080,,청소년,10499,0AUDLJ08S_00053_SC_00058.jpeg,2021,1인 이상,1315,한국어,팔꿈치 밀고 당기기,20221007,유연성,PAPS 4-5등급 학생 체력증진 프로그램 1편(유연성 향상 편),350.316,mp4,0AUDLJ08S_00053.mp4,http://openapi.kspo.or.kr/web/image/0AUDLJ08S_00053/,26,동영상,몸통
학생건강체력평가제도(유연성),http://openapi.kspo.or.kr/web/video/,청소년 체력증진을 위한 유연성 향상 프로그램,218378586,PAPS 4-5등급 학생 체력증진,29.97,1546,1920*1080,,청소년,10586,0AUDLJ08S_00053_SC_00059.jpeg,2021,1인 이상,1315,한국어,팔꿈치 밀고 당기기,20221007,유연성,PAPS 4-5등급 학생 체력증진 프로그램 1편(유연성 향상 편),353.219,mp4,0AUDLJ08S_00053.mp4,http://openapi.kspo.or.kr/web/image/0AUDLJ08S_00053/,27,동영상,몸통
학생건강체력평가제도(유연성),http://openapi.kspo.or.kr/web/video/,청소년 체력증진을 위한 유연성 향상 프로그램,218378586,PAPS 4-5등급 학생 체력증진,29.97,1547,1920*1080,,청소년,11282,0AUDLJ08S_00053_SC_00063.jpeg,2021,1인 이상,1315,한국어,팔 벌려 교차하기,20221007,유연성,PAPS 4-5등급 학생 체력증진 프로그램 1편(유연성 향상 편),376.442,mp4,0AUDLJ08S_00053.mp4,http://openapi.kspo.or.kr/web/image/0AUDLJ08S_00053/,28,동영상,가슴
학생건강체력평가제도(유연성),http://openapi.kspo.or.kr/web/video/,청소년 체력증진을 위한 유연성 향상 프로그램,218378586,PAPS 4-5등급 학생 체력증진,29.97,1548,1920*1080,,청소년,11398,0AUDLJ08S_00053_SC_00064.jpeg,2021,1인 이상,1315,한국어,팔 벌려 교차하기,20221007,유연성,PAPS 4-5등급 학생 체력증진 프로그램 1편(유연성 향상 편),380.313,mp4,0AUDLJ08S_00053.mp4,http://openapi.kspo.or.kr/web/image/0AUDLJ08S_00053/,29,동영상,가슴
학생건강체력평가제도(유연성),http://openapi.kspo.or.kr/web/video/,청소년 체력증진을 위한 유연성 향상 프로그램,218378586,PAPS 4-5등급 학생 체력증진,29.97,1549,1920*1080,,청소년,11485,0AUDLJ08S_00053_SC_00065.jpeg,2021,1인 이상,1315,한국어,팔 벌려 교차하기,20221007,유연성,PAPS 4-5등급 학생 체력증진 프로그램 1편(유연성 향상 편),383.216,mp4,0AUDLJ08S_00053.mp4,http://openapi.kspo.or.kr/web/image/0AUDLJ08S_00053/,30,동영상,가슴
학생건강체력평가제도(유연성),http://openapi.kspo.or.kr/web/video/,청소년 체력증진을 위한 유연성 향상 프로그램,218378586,PAPS 4-5등급 학생 체력증진,29.97,1550,1920*1080,,청소년,12065,0AUDLJ08S_00053_SC_00067.jpeg,2021,1인 이상,1315,한국어,양 팔 위로 들고 내리기,20221007,유연성,PAPS 4-5등급 학생 체력증진 프로그램 1편(유연성 향상 편),402.568,mp4,0AUDLJ08S_00053.mp4,http://openapi.kspo.or.kr/web/image/0AUDLJ08S_00053/,31,동영상,어깨
학생건강체력평가제도(유연성),http://openapi.kspo.or.kr/web/video/,청소년 체력증진을 위한 유연성 향상 프로그램,218378586,PAPS 4-5등급 학생 체력증진,29.97,1551,1920*1080,,청소년,12210,0AUDLJ08S_00053_SC_00068.jpeg,2021,1인 이상,1315,한국어,양 팔 위로 들고 내리기,20221007,유연성,PAPS 4-5등급 학생 체력증진 프로그램 1편(유연성 향상 편),407.407,mp4,0AUDLJ08S_00053.mp4,http://openapi.kspo.or.kr/web/image/0AUDLJ08S_00053/,32,동영상,어깨
학생건강체력평가제도(유연성),http://openapi.kspo.or.kr/web/video/,청소년 체력증진을 위한 유연성 향상 프로그램,218378586,PAPS 4-5등급 학생 체력증진,29.97,1552,1920*1080,,청소년,12326,0AUDLJ08S_00053_SC_00069.jpeg,2021,1인 이상,1315,한국어,양 팔 위로 들고 내리기,20221007,유연성,PAPS 4-5등급 학생 체력증진 프로그램 1편(유연성 향상 편),411.277,mp4,0AUDLJ08S_00053.mp4,http://openapi.kspo.or.kr/web/image/0AUDLJ08S_00053/,33,동영상,어깨
학생건강체력평가제도(유연성),http://openapi.kspo.or.kr/web/video/,청소년 체력증진을 위한 유연성 향상 프로그램,218378586,PAPS 4-5등급 학생 체력증진,29.97,1553,1920*1080,,청소년,13022,0AUDLJ08S_00053_SC_00071.jpeg,2021,1인 이상,1315,한국어,제자리 가볍게 뛰기,20221114,유연성,PAPS 4-5등급 학생 체력증진 프로그램 1편(유연성 향상 편),434.5,mp4,0AUDLJ08S_00053.mp4,http://openapi.kspo.or.kr/web/image/0AUDLJ08S_00053/,34,동영상,다리
학생건강체력평가제도(유연성),http://openapi.kspo.or.kr/web/video/,청소년 체력증진을 위한 유연성 향상 프로그램,218378586,PAPS 4-5등급 학생 체력증진,29.97,1554,1920*1080,,청소년,13428,0AUDLJ08S_00053_SC_00074.jpeg,2021,1인 이상,1315,한국어,무릎 들어올리기(앞/옆),20221007,근력/근지구력,PAPS 4-5등급 학생 체력증진 프로그램 1편(유연성 향상 편),448.047,mp4,0AUDLJ08S_00053.mp4,http://openapi.kspo.or.kr/web/image/0AUDLJ08S_00053/,35,동영상,다리
학생건강체력평가제도(유연성),http://openapi.kspo.or.kr/web/video/,청소년 체력증진을 위한 유연성 향상 프로그램,218378586,PAPS 4-5등급 학생 체력증진,29.97,1555,1920*1080,,청소년,13631,0AUDLJ08S_00053_SC_00075.jpeg,2021,1인 이상,1315,한국어,무릎 들어올리기(앞/옆),20221007,근력/근지구력,PAPS 4-5등급 학생 체력증진 프로그램 1편(유연성 향상 편),454.821,mp4,0AUDLJ08S_00053.mp4,http://openapi.kspo.or.kr/web/image/0AUDLJ08S_00053/,36,동영상,다리
학생건강체력평가제도(유연성),http://openapi.kspo.or.kr/web/video/,청소년 체력증진을 위한 유연성 향상 프로그램,218378586,PAPS 4-5등급 학생 체력증진,29.97,1556,1920*1080,,청소년,13689,0AUDLJ08S_00053_SC_00076.jpeg,2021,1인 이상,1315,한국어,무릎 들어올리기(앞/옆),20221007,근력/근지구력,PAPS 4-5등급 학생 체력증진 프로그램 1편(유연성 향상 편),456.756,mp4,0AUDLJ08S_00053.mp4,http://openapi.kspo.or.kr/web/image/0AUDLJ08S_00053/,37,동영상,다리
학생건강체력평가제도(유연성),http://openapi.kspo.or.kr/web/video/,청소년 체력증진을 위한 유연성 향상 프로그램,218378586,PAPS 4-5등급 학생 체력증진,29.97,1557,1920*1080,,청소년,13718,0AUDLJ08S_00053_SC_00077.jpeg,2021,1인 이상,1315,한국어,무릎 들어올리기(앞/옆),20221007,근력/근지구력,PAPS 4-5등급 학생 체력증진 프로그램 1편(유연성 향상 편),457.723,mp4,0AUDLJ08S_00053.mp4,http://openapi.kspo.or.kr/web/image/0AUDLJ08S_00053/,38,동영상,다리
학생건강체력평가제도(유연성),http://openapi.kspo.or.kr/web/video/,청소년 체력증진을 위한 유연성 향상 프로그램,218378586,PAPS 4-5등급 학생 체력증진,29.97,1558,1920*1080,,청소년,14356,0AUDLJ08S_00053_SC_00080.jpeg,2021,1인 이상,1315,한국어,다리 뻗어 들어올리기(앞/옆),20221114,민첩성/순발력,PAPS 4-5등급 학생 체력증진 프로그램 1편(유연성 향상 편),479.011,mp4,0AUDLJ08S_00053.mp4,http://openapi.kspo.or.kr/web/image/0AUDLJ08S_00053/,39,동영상,다리
학생건강체력평가제도(유연성),http://openapi.kspo.or.kr/web/video/,청소년 체력증진을 위한 유연성 향상 프로그램,218378586,PAPS 4-5등급 학생 체력증진,29.97,1559,1920*1080,,청소년,14472,0AUDLJ08S_00053_SC_00081.jpeg,2021,1인 이상,1315,한국어,다리 뻗어 들어올리기(앞/옆),20221114,민첩성/순발력,PAPS 4-5등급 학생 체력증진 프로그램 1편(유연성 향상 편),482.882,mp4,0AUDLJ08S_00053.mp4,http://openapi.kspo.or.kr/web/image/0AUDLJ08S_00053/,40,동영상,다리
학생건강체력평가제도(유연성),http://openapi.kspo.or.kr/web/video/,청소년 체력증진을 위한 유연성 향상 프로그램,218378586,PAPS 4-5등급 학생 체력증진,29.97,1560,1920*1080,,청소년,15226,0AUDLJ08S_00053_SC_00084.jpeg,2021,1인 이상,1315,한국어,제기차기(앞/뒤),20221114,민첩성/순발력,PAPS 4-5등급 학생 체력증진 프로그램 1편(유연성 향상 편),508.04,mp4,0AUDLJ08S_00053.mp4,http://openapi.kspo.or.kr/web/image/0AUDLJ08S_00053/,41,동영상,다리
학생건강체력평가제도(유연성),http://openapi.kspo.or.kr/web/video/,청소년 체력증진을 위한 유연성 향상 프로그램,218378586,PAPS 4-5등급 학생 체력증진,29.97,1561,1920*1080,,청소년,15284,0AUDLJ08S_00053_SC_00085.jpeg,2021,1인 이상,1315,한국어,제기차기(앞/뒤),20221114,민첩성/순발력,PAPS 4-5등급 학생 체력증진 프로그램 1편(유연성 향상 편),509.976,mp4,0AUDLJ08S_00053.mp4,http://openapi.kspo.or.kr/web/image/0AUDLJ08S_00053/,42,동영상,다리
학생건강체력평가제도(유연성),http://openapi.kspo.or.kr/web/video/,청소년 체력증진을 위한 유연성 향상 프로그램,218378586,PAPS 4-5등급 학생 체력증진,29.97,1562,1920*1080,,청소년,15922,0AUDLJ08S_00053_SC_00091.jpeg,2021,1인 이상,1315,한국어,허리 돌리기,20221007,유연성,PAPS 4-5등급 학생 체력증진 프로그램 1편(유연성 향상 편),531.264,mp4,0AUDLJ08S_00053.mp4,http://openapi.kspo.or.kr/web/image/0AUDLJ08S_00053/,43,동영상,허리
학생건강체력평가제도(유연성),http://openapi.kspo.or.kr/web/video/,청소년 체력증진을 위한 유연성 향상 프로그램,218378586,PAPS 4-5등급 학생 체력증진,29.97,1563,1920*1080,,청소년,16125,0AUDLJ08S_00053_SC_00092.jpeg,2021,1인 이상,1315,한국어,허리 돌리기,20221007,유연성,PAPS 4-5등급 학생 체력증진 프로그램 1편(유연성 향상 편),538.037,mp4,0AUDLJ08S_00053.mp4,http://openapi.kspo.or.kr/web/image/0AUDLJ08S_00053/,44,동영상,허리
학생건강체력평가제도(유연성),http://openapi.kspo.or.kr/web/video/,청소년 체력증진을 위한 유연성 향상 프로그램,218378586,PAPS 4-5등급 학생 체력증진,29.97,1564,1920*1080,,청소년,16328,0AUDLJ08S_00053_SC_00093.jpeg,2021,1인 이상,1315,한국어,허리 돌리기,20221007,유연성,PAPS 4-5등급 학생 체력증진 프로그램 1편(유연성 향상 편),544.81,mp4,0AUDLJ08S_00053.mp4,http://openapi.kspo.or.kr/web/image/0AUDLJ08S_00053/,45,동영상,허리
학생건강체력평가제도(유연성),http://openapi.kspo.or.kr/web/video/,청소년 체력증진을 위한 유연성 향상 프로그램,218378586,PAPS 4-5등급 학생 체력증진,29.97,1565,1920*1080,,청소년,17256,0AUDLJ08S_00053_SC_00096.jpeg,2021,1인 이상,1315,한국어,허리 숙여 몸통 비틀기,20221114,유연성,PAPS 4-5등급 학생 체력증진 프로그램 1편(유연성 향상 편),575.775,mp4,0AUDLJ08S_00053.mp4,http://openapi.kspo.or.kr/web/image/0AUDLJ08S_00053/,46,동영상,몸통
학생건강체력평가제도(유연성),http://openapi.kspo.or.kr/web/video/,청소년 체력증진을 위한 유연성 향상 프로그램,218378586,PAPS 4-5등급 학생 체력증진,29.97,1566,1920*1080,,청소년,17285,0AUDLJ08S_00053_SC_00097.jpeg,2021,1인 이상,1315,한국어,허리 숙여 몸통 비틀기,20221114,유연성,PAPS 4-5등급 학생 체력증진 프로그램 1편(유연성 향상 편),576.742,mp4,0AUDLJ08S_00053.mp4,http://openapi.kspo.or.kr/web/image/0AUDLJ08S_00053/,47,동영상,몸통
학생건강체력평가제도(유연성),http://openapi.kspo.or.kr/web/video/,청소년 체력증진을 위한 유연성 향상 프로그램,218378586,PAPS 4-5등급 학생 체력증진,29.97,1567,1920*1080,,청소년,17343,0AUDLJ08S_00053_SC_00098.jpeg,2021,1인 이상,1315,한국어,허리 숙여 몸통 비틀기,20221007,유연성,PAPS 4-5등급 학생 체력증진 프로그램 1편(유연성 향상 편),578.678,mp4,0AUDLJ08S_00053.mp4,http://openapi.kspo.or.kr/web/image/0AUDLJ08S_00053/,48,동영상,몸통
학생건강체력평가제도(유연성),http://openapi.kspo.or.kr/web/video/,청소년 체력증진을 위한 유연성 향상 프로그램,218378586,PAPS 4-5등급 학생 체력증진,29.97,1568,1920*1080,,청소년,17430,0AUDLJ08S_00053_SC_00099.jpeg,2021,1인 이상,1315,한국어,허리 숙여 몸통 비틀기,20221007,유연성,PAPS 4-5등급 학생 체력증진 프로그램 1편(유연성 향상 편),581.581,mp4,0AUDLJ08S_00053.mp4,http://openapi.kspo.or.kr/web/image/0AUDLJ08S_00053/,49,동영상,몸통
학생건강체력평가제도(유연성),http://openapi.kspo.or.kr/web/video/,청소년 체력증진을 위한 유연성 향상 프로그램,218378586,PAPS 4-5등급 학생 체력증진,29.97,1569,1920*1080,매트,청소년,17952,0AUDLJ08S_00053_SC_00101.jpeg,2021,1인 이상,1315,한국어,눕기(이완),20221007,,PAPS 4-5등급 학생 체력증진 프로그램 1편(유연성 향상 편),598.998,mp4,0AUDLJ08S_00053.mp4,http://openapi.kspo.or.kr/web/image/0AUDLJ08S_00053/,50,동영상,전신
학생건강체력평가제도(유연성),http://openapi.kspo.or.kr/web/video/,청소년 체력증진을 위한 유연성 향상 프로그램,218378586,PAPS 4-5등급 학생 체력증진,29.97,1570,1920*1080,매트,청소년,18126,0AUDLJ08S_00053_SC_00102.jpeg,2021,1인 이상,1315,한국어,눕기(이완),20221007,,PAPS 4-5등급 학생 체력증진 프로그램 1편(유연성 향상 편),604.804,mp4,0AUDLJ08S_00053.mp4,http://openapi.kspo.or.kr/web/image/0AUDLJ08S_00053/,51,동영상,전신
학생건강체력평가제도(유연성),http://openapi.kspo.or.kr/web/video/,청소년 체력증진을 위한 유연성 향상 프로그램,218378586,PAPS 4-5등급 학생 체력증진,29.97,1571,1920*1080,매트,청소년,18271,0AUDLJ08S_00053_SC_00103.jpeg,2021,1인 이상,1315,한국어,눕기(이완),20221007,,PAPS 4-5등급 학생 체력증진 프로그램 1편(유연성 향상 편),609.642,mp4,0AUDLJ08S_00053.mp4,http://openapi.kspo.or.kr/web/image/0AUDLJ08S_00053/,52,동영상,전신
학생건강체력평가제도(유연성),http://openapi.kspo.or.kr/web/video/,청소년 체력증진을 위한 유연성 향상 프로그램,218378586,PAPS 4-5등급 학생 체력증진,29.97,1572,1920*1080,매트,청소년,18416,0AUDLJ08S_00053_SC_00104.jpeg,2021,1인 이상,1315,한국어,눕기(이완),20221007,,PAPS 4-5등급 학생 체력증진 프로그램 1편(유연성 향상 편),614.48,mp4,0AUDLJ08S_00053.mp4,http://openapi.kspo.or.kr/web/image/0AUDLJ08S_00053/,53,동영상,전신
학생건강체력평가제도(유연성),http://openapi.kspo.or.kr/web/video/,청소년 체력증진을 위한 유연성 향상 프로그램,218378586,PAPS 4-5등급 학생 체력증진,29.97,1573,1920*1080,매트,청소년,19112,0AUDLJ08S_00053_SC_00106.jpeg,2021,1인 이상,1315,한국어,온몸 위아래로 늘리기,20221007,유연성,PAPS 4-5등급 학생 체력증진 프로그램 1편(유연성 향상 편),637.703,mp4,0AUDLJ08S_00053.mp4,http://openapi.kspo.or.kr/web/image/0AUDLJ08S_00053/,54,동영상,전신
학생건강체력평가제도(유연성),http://openapi.kspo.or.kr/web/video/,청소년 체력증진을 위한 유연성 향상 프로그램,218378586,PAPS 4-5등급 학생 체력증진,29.97,1574,1920*1080,매트,청소년,19257,0AUDLJ08S_00053_SC_00107.jpeg,2021,1인 이상,1315,한국어,온몸 위아래로 늘리기,20221007,유연성,PAPS 4-5등급 학생 체력증진 프로그램 1편(유연성 향상 편),642.541,mp4,0AUDLJ08S_00053.mp4,http://openapi.kspo.or.kr/web/image/0AUDLJ08S_00053/,55,동영상,전신
학생건강체력평가제도(유연성),http://openapi.kspo.or.kr/web/video/,청소년 체력증진을 위한 유연성 향상 프로그램,218378586,PAPS 4-5등급 학생 체력증진,29.97,1575,1920*1080,매트,청소년,19402,0AUDLJ08S_00053_SC_00108.jpeg,2021,1인 이상,1315,한국어,온몸 위아래로 늘리기,20221007,유연성,PAPS 4-5등급 학생 체력증진 프로그램 1편(유연성 향상 편),647.38,mp4,0AUDLJ08S_00053.mp4,http://openapi.kspo.or.kr/web/image/0AUDLJ08S_00053/,56,동영상,전신
학생건강체력평가제도(유연성),http://openapi.kspo.or.kr/web/video/,청소년 체력증진을 위한 유연성 향상 프로그램,218378586,PAPS 4-5등급 학생 체력증진,29.97,1576,1920*1080,매트,청소년,19489,0AUDLJ08S_00053_SC_00109.jpeg,2021,1인 이상,1315,한국어,온몸 위아래로 늘리기,20221007,유연성,PAPS 4-5등급 학생 체력증진 프로그램 1편(유연성 향상 편),650.282,mp4,0AUDLJ08S_00053.mp4,http://openapi.kspo.or.kr/web/image/0AUDLJ08S_00053/,57,동영상,전신
학생건강체력평가제도(유연성),http://openapi.kspo.or.kr/web/video/,청소년 체력증진을 위한 유연성 향상 프로그램,218378586,PAPS 4-5등급 학생 체력증진,29.97,1577,1920*1080,매트,청소년,20127,0AUDLJ08S_00053_SC_00115.jpeg,2021,1인 이상,1315,한국어,무릎 당기기,20221007,유연성,PAPS 4-5등급 학생 체력증진 프로그램 1편(유연성 향상 편),671.57,mp4,0AUDLJ08S_00053.mp4,http://openapi.kspo.or.kr/web/image/0AUDLJ08S_00053/,58,동영상,다리
학생건강체력평가제도(유연성),http://openapi.kspo.or.kr/web/video/,청소년 체력증진을 위한 유연성 향상 프로그램,218378586,PAPS 4-5등급 학생 체력증진,29.97,1578,1920*1080,매트,청소년,20301,0AUDLJ08S_00053_SC_00116.jpeg,2021,1인 이상,1315,한국어,무릎 당기기,20221007,유연성,PAPS 4-5등급 학생 체력증진 프로그램 1편(유연성 향상 편),677.376,mp4,0AUDLJ08S_00053.mp4,http://openapi.kspo.or.kr/web/image/0AUDLJ08S_00053/,59,동영상,다리
학생건강체력평가제도(유연성),http://openapi.kspo.or.kr/web/video/,청소년 체력증진을 위한 유연성 향상 프로그램,218378586,PAPS 4-5등급 학생 체력증진,29.97,1579,1920*1080,매트,청소년,20562,0AUDLJ08S_00053_SC_00117.jpeg,2021,1인 이상,1315,한국어,무릎 당기기,20221007,유연성,PAPS 4-5등급 학생 체력증진 프로그램 1편(유연성 향상 편),686.085,mp4,0AUDLJ08S_00053.mp4,http://openapi.kspo.or.kr/web/image/0AUDLJ08S_00053/,60,동영상,다리
학생건강체력평가제도(유연성),http://openapi.kspo.or.kr/web/video/,청소년 체력증진을 위한 유연성 향상 프로그램,218378586,PAPS 4-5등급 학생 체력증진,29.97,1580,1920*1080,매트,청소년,20794,0AUDLJ08S_00053_SC_00118.jpeg,2021,1인 이상,1315,한국어,무릎 당기기,20221114,유연성,PAPS 4-5등급 학생 체력증진 프로그램 1편(유연성 향상 편),693.826,mp4,0AUDLJ08S_00053.mp4,http://openapi.kspo.or.kr/web/image/0AUDLJ08S_00053/,61,동영상,다리
학생건강체력평가제도(유연성),http://openapi.kspo.or.kr/web/video/,청소년 체력증진을 위한 유연성 향상 프로그램,218378586,PAPS 4-5등급 학생 체력증진,29.97,1581,1920*1080,매트,청소년,21055,0AUDLJ08S_00053_SC_00119.jpeg,2021,1인 이상,1315,한국어,무릎 당기기,20221114,유연성,PAPS 4-5등급 학생 체력증진 프로그램 1편(유연성 향상 편),702.535,mp4,0AUDLJ08S_00053.mp4,http://openapi.kspo.or.kr/web/image/0AUDLJ08S_00053/,62,동영상,다리
학생건강체력평가제도(유연성),http://openapi.kspo.or.kr/web/video/,청소년 체력증진을 위한 유연성 향상 프로그램,218378586,PAPS 4-5등급 학생 체력증진,29.97,1582,1920*1080,매트,청소년,23665,0AUDLJ08S_00053_SC_00136.jpeg,2021,1인 이상,1315,한국어,누워서 몸통 비틀기,20221007,유연성,PAPS 4-5등급 학생 체력증진 프로그램 1편(유연성 향상 편),789.622,mp4,0AUDLJ08S_00053.mp4,http://openapi.kspo.or.kr/web/image/0AUDLJ08S_00053/,63,동영상,몸통
학생건강체력평가제도(유연성),http://openapi.kspo.or.kr/web/video/,청소년 체력증진을 위한 유연성 향상 프로그램,218378586,PAPS 4-5등급 학생 체력증진,29.97,1583,1920*1080,매트,청소년,23868,0AUDLJ08S_00053_SC_00137.jpeg,2021,1인 이상,1315,한국어,누워서 몸통 비틀기,20221007,유연성,PAPS 4-5등급 학생 체력증진 프로그램 1편(유연성 향상 편),796.395,mp4,0AUDLJ08S_00053.mp4,http://openapi.kspo.or.kr/web/image/0AUDLJ08S_00053/,64,동영상,몸통
학생건강체력평가제도(유연성),http://openapi.kspo.or.kr/web/video/,청소년 체력증진을 위한 유연성 향상 프로그램,218378586,PAPS 4-5등급 학생 체력증진,29.97,1584,1920*1080,매트,청소년,24013,0AUDLJ08S_00053_SC_00138.jpeg,2021,1인 이상,1315,한국어,누워서 몸통 비틀기,20221007,유연성,PAPS 4-5등급 학생 체력증진 프로그램 1편(유연성 향상 편),801.233,mp4,0AUDLJ08S_00053.mp4,http://openapi.kspo.or.kr/web/image/0AUDLJ08S_00053/,65,동영상,몸통
학생건강체력평가제도(유연성),http://openapi.kspo.or.kr/web/video/,청소년 체력증진을 위한 유연성 향상 프로그램,218378586,PAPS 4-5등급 학생 체력증진,29.97,1585,1920*1080,매트,청소년,24216,0AUDLJ08S_00053_SC_00139.jpeg,2021,1인 이상,1315,한국어,누워서 몸통 비틀기,20221007,유연성,PAPS 4-5등급 학생 체력증진 프로그램 1편(유연성 향상 편),808.007,mp4,0AUDLJ08S_00053.mp4,http://openapi.kspo.or.kr/web/image/0AUDLJ08S_00053/,66,동영상,몸통
학생건강체력평가제도(유연성),http://openapi.kspo.or.kr/web/video/,청소년 체력증진을 위한 유연성 향상 프로그램,218378586,PAPS 4-5등급 학생 체력증진,29.97,1586,1920*1080,매트,청소년,24361,0AUDLJ08S_00053_SC_00140.jpeg,2021,1인 이상,1315,한국어,누워서 몸통 비틀기,20221007,유연성,PAPS 4-5등급 학생 체력증진 프로그램 1편(유연성 향상 편),812.845,mp4,0AUDLJ08S_00053.mp4,http://openapi.kspo.or.kr/web/image/0AUDLJ08S_00053/,67,동영상,몸통
학생건강체력평가제도(유연성),http://openapi.kspo.or.kr/web/video/,청소년 체력증진을 위한 유연성 향상 프로그램,218378586,PAPS 4-5등급 학생 체력증진,29.97,1587,1920*1080,매트,청소년,24477,0AUDLJ08S_00053_SC_00141.jpeg,2021,1인 이상,1315,한국어,누워서 몸통 비틀기,20221007,유연성,PAPS 4-5등급 학생 체력증진 프로그램 1편(유연성 향상 편),816.715,mp4,0AUDLJ08S_00053.mp4,http://openapi.kspo.or.kr/web/image/0AUDLJ08S_00053/,68,동영상,몸통
학생건강체력평가제도(유연성),http://openapi.kspo.or.kr/web/video/,청소년 체력증진을 위한 유연성 향상 프로그램,218378586,PAPS 4-5등급 학생 체력증진,29.97,1588,1920*1080,매트,청소년,24593,0AUDLJ08S_00053_SC_00142.jpeg,2021,1인 이상,1315,한국어,누워서 몸통 비틀기,20221007,유연성,PAPS 4-5등급 학생 체력증진 프로그램 1편(유연성 향상 편),820.586,mp4,0AUDLJ08S_00053.mp4,http://openapi.kspo.or.kr/web/image/0AUDLJ08S_00053/,69,동영상,몸통
학생건강체력평가제도(유연성),http://openapi.kspo.or.kr/web/video/,청소년 체력증진을 위한 유연성 향상 프로그램,218378586,PAPS 4-5등급 학생 체력증진,29.97,1589,1920*1080,매트,청소년,24709,0AUDLJ08S_00053_SC_00143.jpeg,2021,1인 이상,1315,한국어,누워서 몸통 비틀기,20221007,유연성,PAPS 4-5등급 학생 체력증진 프로그램 1편(유연성 향상 편),824.456,mp4,0AUDLJ08S_00053.mp4,http://openapi.kspo.or.kr/web/image/0AUDLJ08S_00053/,70,동영상,몸통
학생건강체력평가제도(유연성),http://openapi.kspo.or.kr/web/video/,청소년 체력증진을 위한 유연성 향상 프로그램,218378586,PAPS 4-5등급 학생 체력증진,29.97,1590,1920*1080,매트,청소년,24854,0AUDLJ08S_00053_SC_00144.jpeg,2021,1인 이상,1315,한국어,누워서 몸통 비틀기,20221007,유연성,PAPS 4-5등급 학생 체력증진 프로그램 1편(유연성 향상 편),829.295,mp4,0AUDLJ08S_00053.mp4,http://openapi.kspo.or.kr/web/image/0AUDLJ08S_00053/,71,동영상,몸통
학생건강체력평가제도(유연성),http://openapi.kspo.or.kr/web/video/,청소년 체력증진을 위한 유연성 향상 프로그램,218378586,PAPS 4-5등급 학생 체력증진,29.97,1591,1920*1080,매트,청소년,25434,0AUDLJ08S_00053_SC_00149.jpeg,2021,1인 이상,1315,한국어,무릎펴고 다리 들기(좌/우),20221007,유연성,PAPS 4-5등급 학생 체력증진 프로그램 1편(유연성 향상 편),848.647,mp4,0AUDLJ08S_00053.mp4,http://openapi.kspo.or.kr/web/image/0AUDLJ08S_00053/,72,동영상,다리
학생건강체력평가제도(유연성),http://openapi.kspo.or.kr/web/video/,청소년 체력증진을 위한 유연성 향상 프로그램,218378586,PAPS 4-5등급 학생 체력증진,29.97,1592,1920*1080,매트,청소년,25695,0AUDLJ08S_00053_SC_00150.jpeg,2021,1인 이상,1315,한국어,무릎펴고 다리 들기(좌/우),20221007,유연성,PAPS 4-5등급 학생 체력증진 프로그램 1편(유연성 향상 편),857.356,mp4,0AUDLJ08S_00053.mp4,http://openapi.kspo.or.kr/web/image/0AUDLJ08S_00053/,73,동영상,다리
학생건강체력평가제도(유연성),http://openapi.kspo.or.kr/web/video/,청소년 체력증진을 위한 유연성 향상 프로그램,218378586,PAPS 4-5등급 학생 체력증진,29.97,1593,1920*1080,매트,청소년,25840,0AUDLJ08S_00053_SC_00151.jpeg,2021,1인 이상,1315,한국어,무릎펴고 다리 들기(좌/우),20221007,유연성,PAPS 4-5등급 학생 체력증진 프로그램 1편(유연성 향상 편),862.194,mp4,0AUDLJ08S_00053.mp4,http://openapi.kspo.or.kr/web/image/0AUDLJ08S_00053/,74,동영상,다리
학생건강체력평가제도(유연성),http://openapi.kspo.or.kr/web/video/,청소년 체력증진을 위한 유연성 향상 프로그램,218378586,PAPS 4-5등급 학생 체력증진,29.97,1594,1920*1080,매트,청소년,25927,0AUDLJ08S_00053_SC_00152.jpeg,2021,1인 이상,1315,한국어,무릎펴고 다리 들기(좌/우),20221007,유연성,PAPS 4-5등급 학생 체력증진 프로그램 1편(유연성 향상 편),865.097,mp4,0AUDLJ08S_00053.mp4,http://openapi.kspo.or.kr/web/image/0AUDLJ08S_00053/,75,동영상,다리
학생건강체력평가제도(유연성),http://openapi.kspo.or.kr/web/video/,청소년 체력증진을 위한 유연성 향상 프로그램,218378586,PAPS 4-5등급 학생 체력증진,29.97,1595,1920*1080,매트,청소년,26130,0AUDLJ08S_00053_SC_00153.jpeg,2021,1인 이상,1315,한국어,무릎펴고 다리 들기(좌/우),20221007,유연성,PAPS 4-5등급 학생 체력증진 프로그램 1편(유연성 향상 편),871.871,mp4,0AUDLJ08S_00053.mp4,http://openapi.kspo.or.kr/web/image/0AUDLJ08S_00053/,76,동영상,다리
학생건강체력평가제도(유연성),http://openapi.kspo.or.kr/web/video/,청소년 체력증진을 위한 유연성 향상 프로그램,218378586,PAPS 4-5등급 학생 체력증진,29.97,1596,1920*1080,매트,청소년,26942,0AUDLJ08S_00053_SC_00157.jpeg,2021,1인 이상,1315,한국어,엉덩이 스트레칭,20221007,유연성,PAPS 4-5등급 학생 체력증진 프로그램 1편(유연성 향상 편),898.964,mp4,0AUDLJ08S_00053.mp4,http://openapi.kspo.or.kr/web/image/0AUDLJ08S_00053/,77,동영상,엉덩이
학생건강체력평가제도(유연성),http://openapi.kspo.or.kr/web/video/,청소년 체력증진을 위한 유연성 향상 프로그램,218378586,PAPS 4-5등급 학생 체력증진,29.97,1597,1920*1080,매트,청소년,27203,0AUDLJ08S_00053_SC_00158.jpeg,2021,1인 이상,1315,한국어,엉덩이 스트레칭,20221007,유연성,PAPS 4-5등급 학생 체력증진 프로그램 1편(유연성 향상 편),907.673,mp4,0AUDLJ08S_00053.mp4,http://openapi.kspo.or.kr/web/image/0AUDLJ08S_00053/,78,동영상,엉덩이
학생건강체력평가제도(유연성),http://openapi.kspo.or.kr/web/video/,청소년 체력증진을 위한 유연성 향상 프로그램,218378586,PAPS 4-5등급 학생 체력증진,29.97,1598,1920*1080,매트,청소년,27377,0AUDLJ08S_00053_SC_00159.jpeg,2021,1인 이상,1315,한국어,엉덩이 스트레칭,20221007,유연성,PAPS 4-5등급 학생 체력증진 프로그램 1편(유연성 향상 편),913.479,mp4,0AUDLJ08S_00053.mp4,http://openapi.kspo.or.kr/web/image/0AUDLJ08S_00053/,79,동영상,엉덩이
학생건강체력평가제도(유연성),http://openapi.kspo.or.kr/web/video/,청소년 체력증진을 위한 유연성 향상 프로그램,218378586,PAPS 4-5등급 학생 체력증진,29.97,1599,1920*1080,매트,청소년,27522,0AUDLJ08S_00053_SC_00160.jpeg,2021,1인 이상,1315,한국어,엉덩이 스트레칭,20221007,유연성,PAPS 4-5등급 학생 체력증진 프로그램 1편(유연성 향상 편),918.317,mp4,0AUDLJ08S_00053.mp4,http://openapi.kspo.or.kr/web/image/0AUDLJ08S_00053/,80,동영상,엉덩이
학생건강체력평가제도(유연성),http://openapi.kspo.or.kr/web/video/,청소년 체력증진을 위한 유연성 향상 프로그램,218378586,PAPS 4-5등급 학생 체력증진,29.97,1600,1920*1080,매트,청소년,27667,0AUDLJ08S_00053_SC_00161.jpeg,2021,1인 이상,1315,한국어,엉덩이 스트레칭,20221007,유연성,PAPS 4-5등급 학생 체력증진 프로그램 1편(유연성 향상 편),923.155,mp4,0AUDLJ08S_00053.mp4,http://openapi.kspo.or.kr/web/image/0AUDLJ08S_00053/,81,동영상,엉덩이
학생건강체력평가제도(유연성),http://openapi.kspo.or.kr/web/video/,청소년 체력증진을 위한 유연성 향상 프로그램,218378586,PAPS 4-5등급 학생 체력증진,29.97,1601,1920*1080,매트,청소년,27928,0AUDLJ08S_00053_SC_00162.jpeg,2021,1인 이상,1315,한국어,엉덩이 스트레칭,20221007,유연성,PAPS 4-5등급 학생 체력증진 프로그램 1편(유연성 향상 편),931.864,mp4,0AUDLJ08S_00053.mp4,http://openapi.kspo.or.kr/web/image/0AUDLJ08S_00053/,82,동영상,엉덩이
학생건강체력평가제도(유연성),http://openapi.kspo.or.kr/web/video/,청소년 체력증진을 위한 유연성 향상 프로그램,218378586,PAPS 4-5등급 학생 체력증진,29.97,1602,1920*1080,매트,청소년,29175,0AUDLJ08S_00053_SC_00167.jpeg,2021,1인 이상,1315,한국어,엎드려 발목 당기기(좌/우),20221007,유연성,PAPS 4-5등급 학생 체력증진 프로그램 1편(유연성 향상 편),973.472,mp4,0AUDLJ08S_00053.mp4,http://openapi.kspo.or.kr/web/image/0AUDLJ08S_00053/,83,동영상,다리
학생건강체력평가제도(유연성),http://openapi.kspo.or.kr/web/video/,청소년 체력증진을 위한 유연성 향상 프로그램,218378586,PAPS 4-5등급 학생 체력증진,29.97,1603,1920*1080,매트,청소년,29262,0AUDLJ08S_00053_SC_00168.jpeg,2021,1인 이상,1315,한국어,엎드려 발목 당기기(좌/우),20221007,유연성,PAPS 4-5등급 학생 체력증진 프로그램 1편(유연성 향상 편),976.375,mp4,0AUDLJ08S_00053.mp4,http://openapi.kspo.or.kr/web/image/0AUDLJ08S_00053/,84,동영상,다리
학생건강체력평가제도(유연성),http://openapi.kspo.or.kr/web/video/,청소년 체력증진을 위한 유연성 향상 프로그램,218378586,PAPS 4-5등급 학생 체력증진,29.97,1604,1920*1080,매트,청소년,29436,0AUDLJ08S_00053_SC_00169.jpeg,2021,1인 이상,1315,한국어,엎드려 발목 당기기(좌/우),20221007,유연성,PAPS 4-5등급 학생 체력증진 프로그램 1편(유연성 향상 편),982.181,mp4,0AUDLJ08S_00053.mp4,http://openapi.kspo.or.kr/web/image/0AUDLJ08S_00053/,85,동영상,다리
학생건강체력평가제도(유연성),http://openapi.kspo.or.kr/web/video/,청소년 체력증진을 위한 유연성 향상 프로그램,218378586,PAPS 4-5등급 학생 체력증진,29.97,1605,1920*1080,매트,청소년,29668,0AUDLJ08S_00053_SC_00170.jpeg,2021,1인 이상,1315,한국어,엎드려 발목 당기기(좌/우),20221007,유연성,PAPS 4-5등급 학생 체력증진 프로그램 1편(유연성 향상 편),989.922,mp4,0AUDLJ08S_00053.mp4,http://openapi.kspo.or.kr/web/image/0AUDLJ08S_00053/,86,동영상,다리
학생건강체력평가제도(유연성),http://openapi.kspo.or.kr/web/video/,청소년 체력증진을 위한 유연성 향상 프로그램,218378586,PAPS 4-5등급 학생 체력증진,29.97,1606,1920*1080,매트,청소년,29784,0AUDLJ08S_00053_SC_00171.jpeg,2021,1인 이상,1315,한국어,엎드려 발목 당기기(좌/우),20221007,유연성,PAPS 4-5등급 학생 체력증진 프로그램 1편(유연성 향상 편),993.792,mp4,0AUDLJ08S_00053.mp4,http://openapi.kspo.or.kr/web/image/0AUDLJ08S_00053/,87,동영상,다리
학생건강체력평가제도(유연성),http://openapi.kspo.or.kr/web/video/,청소년 체력증진을 위한 유연성 향상 프로그램,218378586,PAPS 4-5등급 학생 체력증진,29.97,1607,1920*1080,매트,청소년,30625,0AUDLJ08S_00053_SC_00176.jpeg,2021,1인 이상,1315,한국어,코브라 자세,20221007,유연성,PAPS 4-5등급 학생 체력증진 프로그램 1편(유연성 향상 편),1021.854,mp4,0AUDLJ08S_00053.mp4,http://openapi.kspo.or.kr/web/image/0AUDLJ08S_00053/,88,동영상,상체
학생건강체력평가제도(유연성),http://openapi.kspo.or.kr/web/video/,청소년 체력증진을 위한 유연성 향상 프로그램,218378586,PAPS 4-5등급 학생 체력증진,29.97,1608,1920*1080,매트,청소년,30886,0AUDLJ08S_00053_SC_00177.jpeg,2021,1인 이상,1315,한국어,코브라 자세,20221007,유연성,PAPS 4-5등급 학생 체력증진 프로그램 1편(유연성 향상 편),1030.562,mp4,0AUDLJ08S_00053.mp4,http://openapi.kspo.or.kr/web/image/0AUDLJ08S_00053/,89,동영상,상체
학생건강체력평가제도(유연성),http://openapi.kspo.or.kr/web/video/,청소년 체력증진을 위한 유연성 향상 프로그램,218378586,PAPS 4-5등급 학생 체력증진,29.97,1609,1920*1080,매트,청소년,31031,0AUDLJ08S_00053_SC_00178.jpeg,2021,1인 이상,1315,한국어,코브라 자세,20221007,유연성,PAPS 4-5등급 학생 체력증진 프로그램 1편(유연성 향상 편),1035.401,mp4,0AUDLJ08S_00053.mp4,http://openapi.kspo.or.kr/web/image/0AUDLJ08S_00053/,90,동영상,상체
학생건강체력평가제도(유연성),http://openapi.kspo.or.kr/web/video/,청소년 체력증진을 위한 유연성 향상 프로그램,218378586,PAPS 4-5등급 학생 체력증진,29.97,1610,1920*1080,매트,청소년,31205,0AUDLJ08S_00053_SC_00179.jpeg,2021,1인 이상,1315,한국어,코브라 자세,20221007,유연성,PAPS 4-5등급 학생 체력증진 프로그램 1편(유연성 향상 편),1041.206,mp4,0AUDLJ08S_00053.mp4,http://openapi.kspo.or.kr/web/image/0AUDLJ08S_00053/,91,동영상,상체
학생건강체력평가제도(유연성),http://openapi.kspo.or.kr/web/video/,청소년 체력증진을 위한 유연성 향상 프로그램,218378586,PAPS 4-5등급 학생 체력증진,29.97,1611,1920*1080,매트,청소년,31698,0AUDLJ08S_00053_SC_00181.jpeg,2021,1인 이상,1315,한국어,고양이 자세,20221007,유연성,PAPS 4-5등급 학생 체력증진 프로그램 1편(유연성 향상 편),1057.656,mp4,0AUDLJ08S_00053.mp4,http://openapi.kspo.or.kr/web/image/0AUDLJ08S_00053/,92,동영상,상체
학생건강체력평가제도(유연성),http://openapi.kspo.or.kr/web/video/,청소년 체력증진을 위한 유연성 향상 프로그램,218378586,PAPS 4-5등급 학생 체력증진,29.97,1612,1920*1080,매트,청소년,31843,0AUDLJ08S_00053_SC_00182.jpeg,2021,1인 이상,1315,한국어,고양이 자세,20221007,유연성,PAPS 4-5등급 학생 체력증진 프로그램 1편(유연성 향상 편),1062.494,mp4,0AUDLJ08S_00053.mp4,http://openapi.kspo.or.kr/web/image/0AUDLJ08S_00053/,93,동영상,상체
학생건강체력평가제도(유연성),http://openapi.kspo.or.kr/web/video/,청소년 체력증진을 위한 유연성 향상 프로그램,218378586,PAPS 4-5등급 학생 체력증진,29.97,1613,1920*1080,매트,청소년,32017,0AUDLJ08S_00053_SC_00183.jpeg,2021,1인 이상,1315,한국어,고양이 자세,20221007,유연성,PAPS 4-5등급 학생 체력증진 프로그램 1편(유연성 향상 편),1068.3,mp4,0AUDLJ08S_00053.mp4,http://openapi.kspo.or.kr/web/image/0AUDLJ08S_00053/,94,동영상,상체
학생건강체력평가제도(유연성),http://openapi.kspo.or.kr/web/video/,청소년 체력증진을 위한 유연성 향상 프로그램,218378586,PAPS 4-5등급 학생 체력증진,29.97,1614,1920*1080,매트,청소년,32104,0AUDLJ08S_00053_SC_00184.jpeg,2021,1인 이상,1315,한국어,고양이 자세,20221007,유연성,PAPS 4-5등급 학생 체력증진 프로그램 1편(유연성 향상 편),1071.203,mp4,0AUDLJ08S_00053.mp4,http://openapi.kspo.or.kr/web/image/0AUDLJ08S_00053/,95,동영상,상체
학생건강체력평가제도(유연성),http://openapi.kspo.or.kr/web/video/,청소년 체력증진을 위한 유연성 향상 프로그램,218378586,PAPS 4-5등급 학생 체력증진,29.97,1615,1920*1080,매트,청소년,32336,0AUDLJ08S_00053_SC_00185.jpeg,2021,1인 이상,1315,한국어,고양이 자세,20221007,유연성,PAPS 4-5등급 학생 체력증진 프로그램 1편(유연성 향상 편),1078.944,mp4,0AUDLJ08S_00053.mp4,http://openapi.kspo.or.kr/web/image/0AUDLJ08S_00053/,96,동영상,상체
학생건강체력평가제도(유연성),http://openapi.kspo.or.kr/web/video/,청소년 체력증진을 위한 유연성 향상 프로그램,218378586,PAPS 4-5등급 학생 체력증진,29.97,1616,1920*1080,매트,청소년,33496,0AUDLJ08S_00053_SC_00190.jpeg,2021,1인 이상,1315,한국어,어깨 눌러주기,20221007,유연성,PAPS 4-5등급 학생 체력증진 프로그램 1편(유연성 향상 편),1117.649,mp4,0AUDLJ08S_00053.mp4,http://openapi.kspo.or.kr/web/image/0AUDLJ08S_00053/,97,동영상,어깨
학생건강체력평가제도(유연성),http://openapi.kspo.or.kr/web/video/,청소년 체력증진을 위한 유연성 향상 프로그램,218378586,PAPS 4-5등급 학생 체력증진,29.97,1617,1920*1080,매트,청소년,33757,0AUDLJ08S_00053_SC_00191.jpeg,2021,1인 이상,1315,한국어,어깨 눌러주기,20221007,유연성,PAPS 4-5등급 학생 체력증진 프로그램 1편(유연성 향상 편),1126.358,mp4,0AUDLJ08S_00053.mp4,http://openapi.kspo.or.kr/web/image/0AUDLJ08S_00053/,98,동영상,어깨
학생건강체력평가제도(유연성),http://openapi.kspo.or.kr/web/video/,청소년 체력증진을 위한 유연성 향상 프로그램,218378586,PAPS 4-5등급 학생 체력증진,29.97,1618,1920*1080,매트,청소년,33931,0AUDLJ08S_00053_SC_00192.jpeg,2021,1인 이상,1315,한국어,어깨 눌러주기,20221007,유연성,PAPS 4-5등급 학생 체력증진 프로그램 1편(유연성 향상 편),1132.164,mp4,0AUDLJ08S_00053.mp4,http://openapi.kspo.or.kr/web/image/0AUDLJ08S_00053/,99,동영상,어깨
학생건강체력평가제도(유연성),http://openapi.kspo.or.kr/web/video/,청소년 체력증진을 위한 유연성 향상 프로그램,218378586,PAPS 4-5등급 학생 체력증진,29.97,1619,1920*1080,매트,청소년,34714,0AUDLJ08S_00053_SC_00193.jpeg,2021,1인 이상,1315,한국어,옆구리/허벅지 뒤쪽 늘이기(좌/우),20221114,유연성,PAPS 4-5등급 학생 체력증진 프로그램 1편(유연성 향상 편),1158.29,mp4,0AUDLJ08S_00053.mp4,http://openapi.kspo.or.kr/web/image/0AUDLJ08S_00053/,100,동영상,허리
학생건강체력평가제도(유연성),http://openapi.kspo.or.kr/web/video/,청소년 체력증진을 위한 유연성 향상 프로그램,218378586,PAPS 4-5등급 학생 체력증진,29.97,1620,1920*1080,매트,청소년,34830,0AUDLJ08S_00053_SC_00194.jpeg,2021,1인 이상,1315,한국어,옆구리/허벅지 뒤쪽 늘이기(좌/우),20221114,유연성,PAPS 4-5등급 학생 체력증진 프로그램 1편(유연성 향상 편),1162.161,mp4,0AUDLJ08S_00053.mp4,http://openapi.kspo.or.kr/web/image/0AUDLJ08S_00053/,101,동영상,허리
학생건강체력평가제도(유연성),http://openapi.kspo.or.kr/web/video/,청소년 체력증진을 위한 유연성 향상 프로그램,218378586,PAPS 4-5등급 학생 체력증진,29.97,1621,1920*1080,매트,청소년,34917,0AUDLJ08S_00053_SC_00195.jpeg,2021,1인 이상,1315,한국어,옆구리/허벅지 뒤쪽 늘이기(좌/우),20221114,유연성,PAPS 4-5등급 학생 체력증진 프로그램 1편(유연성 향상 편),1165.063,mp4,0AUDLJ08S_00053.mp4,http://openapi.kspo.or.kr/web/image/0AUDLJ08S_00053/,102,동영상,허리
학생건강체력평가제도(유연성),http://openapi.kspo.or.kr/web/video/,청소년 체력증진을 위한 유연성 향상 프로그램,218378586,PAPS 4-5등급 학생 체력증진,29.97,1622,1920*1080,매트,청소년,35091,0AUDLJ08S_00053_SC_00196.jpeg,2021,1인 이상,1315,한국어,옆구리/허벅지 뒤쪽 늘이기(좌/우),20221114,유연성,PAPS 4-5등급 학생 체력증진 프로그램 1편(유연성 향상 편),1170.869,mp4,0AUDLJ08S_00053.mp4,http://openapi.kspo.or.kr/web/image/0AUDLJ08S_00053/,103,동영상,허리
학생건강체력평가제도(유연성),http://openapi.kspo.or.kr/web/video/,청소년 체력증진을 위한 유연성 향상 프로그램,218378586,PAPS 4-5등급 학생 체력증진,29.97,1623,1920*1080,매트,청소년,35207,0AUDLJ08S_00053_SC_00197.jpeg,2021,1인 이상,1315,한국어,옆구리/허벅지 뒤쪽 늘이기(좌/우),20221114,유연성,PAPS 4-5등급 학생 체력증진 프로그램 1편(유연성 향상 편),1174.74,mp4,0AUDLJ08S_00053.mp4,http://openapi.kspo.or.kr/web/image/0AUDLJ08S_00053/,104,동영상,허리
학생건강체력평가제도(유연성),http://openapi.kspo.or.kr/web/video/,청소년 체력증진을 위한 유연성 향상 프로그램,218378586,PAPS 4-5등급 학생 체력증진,29.97,1624,1920*1080,매트,청소년,35381,0AUDLJ08S_00053_SC_00198.jpeg,2021,1인 이상,1315,한국어,옆구리/허벅지 뒤쪽 늘이기(좌/우),20221114,유연성,PAPS 4-5등급 학생 체력증진 프로그램 1편(유연성 향상 편),1180.546,mp4,0AUDLJ08S_00053.mp4,http://openapi.kspo.or.kr/web/image/0AUDLJ08S_00053/,105,동영상,허리
학생건강체력평가제도(유연성),http://openapi.kspo.or.kr/web/video/,청소년 체력증진을 위한 유연성 향상 프로그램,218378586,PAPS 4-5등급 학생 체력증진,29.97,1625,1920*1080,매트,청소년,35497,0AUDLJ08S_00053_SC_00199.jpeg,2021,1인 이상,1315,한국어,옆구리/허벅지 뒤쪽 늘이기(좌/우),20221114,유연성,PAPS 4-5등급 학생 체력증진 프로그램 1편(유연성 향상 편),1184.416,mp4,0AUDLJ08S_00053.mp4,http://openapi.kspo.or.kr/web/image/0AUDLJ08S_00053/,106,동영상,허리
학생건강체력평가제도(유연성),http://openapi.kspo.or.kr/web/video/,청소년 체력증진을 위한 유연성 향상 프로그램,218378586,PAPS 4-5등급 학생 체력증진,29.97,1626,1920*1080,매트,청소년,35555,0AUDLJ08S_00053_SC_00200.jpeg,2021,1인 이상,1315,한국어,옆구리/허벅지 뒤쪽 늘이기(좌/우),20221114,유연성,PAPS 4-5등급 학생 체력증진 프로그램 1편(유연성 향상 편),1186.351,mp4,0AUDLJ08S_00053.mp4,http://openapi.kspo.or.kr/web/image/0AUDLJ08S_00053/,107,동영상,허리
학생건강체력평가제도(유연성),http://openapi.kspo.or.kr/web/video/,청소년 체력증진을 위한 유연성 향상 프로그램,218378586,PAPS 4-5등급 학생 체력증진,29.97,1627,1920*1080,매트,청소년,37266,0AUDLJ08S_00053_SC_00214.jpeg,2021,1인 이상,1315,한국어,발바닥 모아 숙여주기,20221114,유연성,PAPS 4-5등급 학생 체력증진 프로그램 1편(유연성 향상 편),1243.442,mp4,0AUDLJ08S_00053.mp4,http://openapi.kspo.or.kr/web/image/0AUDLJ08S_00053/,108,동영상,등/하체
학생건강체력평가제도(유연성),http://openapi.kspo.or.kr/web/video/,청소년 체력증진을 위한 유연성 향상 프로그램,218378586,PAPS 4-5등급 학생 체력증진,29.97,1628,1920*1080,매트,청소년,37440,0AUDLJ08S_00053_SC_00215.jpeg,2021,1인 이상,1315,한국어,발바닥 모아 숙여주기,20221114,유연성,PAPS 4-5등급 학생 체력증진 프로그램 1편(유연성 향상 편),1249.248,mp4,0AUDLJ08S_00053.mp4,http://openapi.kspo.or.kr/web/image/0AUDLJ08S_00053/,109,동영상,등/하체
학생건강체력평가제도(유연성),http://openapi.kspo.or.kr/web/video/,청소년 체력증진을 위한 유연성 향상 프로그램,218378586,PAPS 4-5등급 학생 체력증진,29.97,1629,1920*1080,매트,청소년,37585,0AUDLJ08S_00053_SC_00216.jpeg,2021,1인 이상,1315,한국어,발바닥 모아 숙여주기,20221114,유연성,PAPS 4-5등급 학생 체력증진 프로그램 1편(유연성 향상 편),1254.086,mp4,0AUDLJ08S_00053.mp4,http://openapi.kspo.or.kr/web/image/0AUDLJ08S_00053/,110,동영상,등/하체
학생건강체력평가제도(유연성),http://openapi.kspo.or.kr/web/video/,청소년 체력증진을 위한 유연성 향상 프로그램,218378586,PAPS 4-5등급 학생 체력증진,29.97,1630,1920*1080,매트,청소년,37730,0AUDLJ08S_00053_SC_00217.jpeg,2021,1인 이상,1315,한국어,발바닥 모아 숙여주기,20221114,유연성,PAPS 4-5등급 학생 체력증진 프로그램 1편(유연성 향상 편),1258.924,mp4,0AUDLJ08S_00053.mp4,http://openapi.kspo.or.kr/web/image/0AUDLJ08S_00053/,111,동영상,등/하체
학생건강체력평가제도(유연성),http://openapi.kspo.or.kr/web/video/,청소년 체력증진을 위한 유연성 향상 프로그램,218378586,PAPS 4-5등급 학생 체력증진,29.97,1631,1920*1080,매트,청소년,37846,0AUDLJ08S_00053_SC_00218.jpeg,2021,1인 이상,1315,한국어,발바닥 모아 숙여주기,20221114,유연성,PAPS 4-5등급 학생 체력증진 프로그램 1편(유연성 향상 편),1262.794,mp4,0AUDLJ08S_00053.mp4,http://openapi.kspo.or.kr/web/image/0AUDLJ08S_00053/,112,동영상,등/하체
학생건강체력평가제도(유연성),http://openapi.kspo.or.kr/web/video/,청소년 체력증진을 위한 유연성 향상 프로그램,218378586,PAPS 4-5등급 학생 체력증진,29.97,1632,1920*1080,매트,청소년,37904,0AUDLJ08S_00053_SC_00219.jpeg,2021,1인 이상,1315,한국어,발바닥 모아 숙여주기,20221114,유연성,PAPS 4-5등급 학생 체력증진 프로그램 1편(유연성 향상 편),1264.73,mp4,0AUDLJ08S_00053.mp4,http://openapi.kspo.or.kr/web/image/0AUDLJ08S_00053/,113,동영상,등/하체
학생건강체력평가제도(유연성),http://openapi.kspo.or.kr/web/video/,청소년 체력증진을 위한 유연성 향상 프로그램,218378586,PAPS 4-5등급 학생 체력증진,29.97,1633,1920*1080,매트,청소년,38339,0AUDLJ08S_00053_SC_00221.jpeg,2021,1인 이상,1315,한국어,양발 뻗고 숙여주기,20221114,유연성,PAPS 4-5등급 학생 체력증진 프로그램 1편(유연성 향상 편),1279.244,mp4,0AUDLJ08S_00053.mp4,http://openapi.kspo.or.kr/web/image/0AUDLJ08S_00053/,114,동영상,상체
학생건강체력평가제도(유연성),http://openapi.kspo.or.kr/web/video/,청소년 체력증진을 위한 유연성 향상 프로그램,218378586,PAPS 4-5등급 학생 체력증진,29.97,1634,1920*1080,매트,청소년,38571,0AUDLJ08S_00053_SC_00222.jpeg,2021,1인 이상,1315,한국어,양발 뻗고 숙여주기,20221114,유연성,PAPS 4-5등급 학생 체력증진 프로그램 1편(유연성 향상 편),1286.985,mp4,0AUDLJ08S_00053.mp4,http://openapi.kspo.or.kr/web/image/0AUDLJ08S_00053/,115,동영상,상체
학생건강체력평가제도(유연성),http://openapi.kspo.or.kr/web/video/,청소년 체력증진을 위한 유연성 향상 프로그램,218378586,PAPS 4-5등급 학생 체력증진,29.97,1635,1920*1080,매트,청소년,38716,0AUDLJ08S_00053_SC_00223.jpeg,2021,1인 이상,1315,한국어,양발 뻗고 숙여주기,20221114,유연성,PAPS 4-5등급 학생 체력증진 프로그램 1편(유연성 향상 편),1291.823,mp4,0AUDLJ08S_00053.mp4,http://openapi.kspo.or.kr/web/image/0AUDLJ08S_00053/,116,동영상,상체
학생건강체력평가제도(유연성),http://openapi.kspo.or.kr/web/video/,청소년 체력증진을 위한 유연성 향상 프로그램,218378586,PAPS 4-5등급 학생 체력증진,29.97,1636,1920*1080,매트,청소년,38803,0AUDLJ08S_00053_SC_00224.jpeg,2021,1인 이상,1315,한국어,양발 뻗고 숙여주기,20221114,유연성,PAPS 4-5등급 학생 체력증진 프로그램 1편(유연성 향상 편),1294.726,mp4,0AUDLJ08S_00053.mp4,http://openapi.kspo.or.kr/web/image/0AUDLJ08S_00053/,117,동영상,상체
학생건강체력평가제도(근력/근지구력),http://openapi.kspo.or.kr/web/video/,청소년 체력증진을 위한 근력/근지구력 향상 프로그램,163828411,PAPS 4-5등급 학생 체력증진,29.97,1637,1920*1080,짐볼,청소년,88,0AUDLJ08S_00054_SC_00002.jpeg,2021,1인 이상,980,한국어,점핑잭,20221114,근력/근지구력,PAPS 4-5등급 학생 체력증진 프로그램 2편(근력·근지구력 향상 편),2.936,mp4,0AUDLJ08S_00054.mp4,http://openapi.kspo.or.kr/web/image/0AUDLJ08S_00054/,1,동영상,전신
학생건강체력평가제도(근력/근지구력),http://openapi.kspo.or.kr/web/video/,청소년 체력증진을 위한 근력/근지구력 향상 프로그램,163828411,PAPS 4-5등급 학생 체력증진,29.97,1638,1920*1080,매트,청소년,1335,0AUDLJ08S_00054_SC_00008.jpeg,2021,1인 이상,980,한국어,점핑잭,20221114,근력/근지구력,PAPS 4-5등급 학생 체력증진 프로그램 2편(근력·근지구력 향상 편),44.544,mp4,0AUDLJ08S_00054.mp4,http://openapi.kspo.or.kr/web/image/0AUDLJ08S_00054/,2,동영상,전신
학생건강체력평가제도(근력/근지구력),http://openapi.kspo.or.kr/web/video/,청소년 체력증진을 위한 근력/근지구력 향상 프로그램,163828411,PAPS 4-5등급 학생 체력증진,29.97,1639,1920*1080,매트,청소년,1596,0AUDLJ08S_00054_SC_00009.jpeg,2021,1인 이상,980,한국어,점핑잭,20221114,근력/근지구력,PAPS 4-5등급 학생 체력증진 프로그램 2편(근력·근지구력 향상 편),53.253,mp4,0AUDLJ08S_00054.mp4,http://openapi.kspo.or.kr/web/image/0AUDLJ08S_00054/,3,동영상,전신
학생건강체력평가제도(근력/근지구력),http://openapi.kspo.or.kr/web/video/,청소년 체력증진을 위한 근력/근지구력 향상 프로그램,163828411,PAPS 4-5등급 학생 체력증진,29.97,1640,1920*1080,매트,청소년,1712,0AUDLJ08S_00054_SC_00010.jpeg,2021,1인 이상,980,한국어,점핑잭,20221114,근력/근지구력,PAPS 4-5등급 학생 체력증진 프로그램 2편(근력·근지구력 향상 편),57.123,mp4,0AUDLJ08S_00054.mp4,http://openapi.kspo.or.kr/web/image/0AUDLJ08S_00054/,4,동영상,전신
학생건강체력평가제도(근력/근지구력),http://openapi.kspo.or.kr/web/video/,청소년 체력증진을 위한 근력/근지구력 향상 프로그램,163828411,PAPS 4-5등급 학생 체력증진,29.97,1641,1920*1080,매트,청소년,1741,0AUDLJ08S_00054_SC_00011.jpeg,2021,1인 이상,980,한국어,점핑잭,20221114,근력/근지구력,PAPS 4-5등급 학생 체력증진 프로그램 2편(근력·근지구력 향상 편),58.091,mp4,0AUDLJ08S_00054.mp4,http://openapi.kspo.or.kr/web/image/0AUDLJ08S_00054/,5,동영상,전신
학생건강체력평가제도(근력/근지구력),http://openapi.kspo.or.kr/web/video/,청소년 체력증진을 위한 근력/근지구력 향상 프로그램,163828411,PAPS 4-5등급 학생 체력증진,29.97,1642,1920*1080,매트,청소년,1857,0AUDLJ08S_00054_SC_00012.jpeg,2021,1인 이상,980,한국어,점핑잭,20221114,근력/근지구력,PAPS 4-5등급 학생 체력증진 프로그램 2편(근력·근지구력 향상 편),61.961,mp4,0AUDLJ08S_00054.mp4,http://openapi.kspo.or.kr/web/image/0AUDLJ08S_00054/,6,동영상,전신
학생건강체력평가제도(근력/근지구력),http://openapi.kspo.or.kr/web/video/,청소년 체력증진을 위한 근력/근지구력 향상 프로그램,163828411,PAPS 4-5등급 학생 체력증진,29.97,1643,1920*1080,매트,청소년,1915,0AUDLJ08S_00054_SC_00013.jpeg,2021,1인 이상,980,한국어,점핑잭,20221114,근력/근지구력,PAPS 4-5등급 학생 체력증진 프로그램 2편(근력·근지구력 향상 편),63.897,mp4,0AUDLJ08S_00054.mp4,http://openapi.kspo.or.kr/web/image/0AUDLJ08S_00054/,7,동영상,전신
학생건강체력평가제도(근력/근지구력),http://openapi.kspo.or.kr/web/video/,청소년 체력증진을 위한 근력/근지구력 향상 프로그램,163828411,PAPS 4-5등급 학생 체력증진,29.97,1644,1920*1080,매트,청소년,2524,0AUDLJ08S_00054_SC_00014.jpeg,2021,1인 이상,980,한국어,데드리프트,20221114,근력/근지구력,PAPS 4-5등급 학생 체력증진 프로그램 2편(근력·근지구력 향상 편),84.217,mp4,0AUDLJ08S_00054.mp4,http://openapi.kspo.or.kr/web/image/0AUDLJ08S_00054/,8,동영상,등/하체
학생건강체력평가제도(근력/근지구력),http://openapi.kspo.or.kr/web/video/,청소년 체력증진을 위한 근력/근지구력 향상 프로그램,163828411,PAPS 4-5등급 학생 체력증진,29.97,1645,1920*1080,매트,청소년,2640,0AUDLJ08S_00054_SC_00015.jpeg,2021,1인 이상,980,한국어,데드리프트,20221114,근력/근지구력,PAPS 4-5등급 학생 체력증진 프로그램 2편(근력·근지구력 향상 편),88.088,mp4,0AUDLJ08S_00054.mp4,http://openapi.kspo.or.kr/web/image/0AUDLJ08S_00054/,9,동영상,등/하체
학생건강체력평가제도(근력/근지구력),http://openapi.kspo.or.kr/web/video/,청소년 체력증진을 위한 근력/근지구력 향상 프로그램,163828411,PAPS 4-5등급 학생 체력증진,29.97,1646,1920*1080,매트,청소년,2785,0AUDLJ08S_00054_SC_00016.jpeg,2021,1인 이상,980,한국어,데드리프트,20221114,근력/근지구력,PAPS 4-5등급 학생 체력증진 프로그램 2편(근력·근지구력 향상 편),92.926,mp4,0AUDLJ08S_00054.mp4,http://openapi.kspo.or.kr/web/image/0AUDLJ08S_00054/,10,동영상,등/하체
학생건강체력평가제도(근력/근지구력),http://openapi.kspo.or.kr/web/video/,청소년 체력증진을 위한 근력/근지구력 향상 프로그램,163828411,PAPS 4-5등급 학생 체력증진,29.97,1647,1920*1080,매트,청소년,2901,0AUDLJ08S_00054_SC_00017.jpeg,2021,1인 이상,980,한국어,데드리프트,20221114,근력/근지구력,PAPS 4-5등급 학생 체력증진 프로그램 2편(근력·근지구력 향상 편),96.796,mp4,0AUDLJ08S_00054.mp4,http://openapi.kspo.or.kr/web/image/0AUDLJ08S_00054/,11,동영상,등/하체
학생건강체력평가제도(근력/근지구력),http://openapi.kspo.or.kr/web/video/,청소년 체력증진을 위한 근력/근지구력 향상 프로그램,163828411,PAPS 4-5등급 학생 체력증진,29.97,1648,1920*1080,매트,청소년,3075,0AUDLJ08S_00054_SC_00018.jpeg,2021,1인 이상,980,한국어,데드리프트,20221114,근력/근지구력,PAPS 4-5등급 학생 체력증진 프로그램 2편(근력·근지구력 향상 편),102.602,mp4,0AUDLJ08S_00054.mp4,http://openapi.kspo.or.kr/web/image/0AUDLJ08S_00054/,12,동영상,등/하체
학생건강체력평가제도(근력/근지구력),http://openapi.kspo.or.kr/web/video/,청소년 체력증진을 위한 근력/근지구력 향상 프로그램,163828411,PAPS 4-5등급 학생 체력증진,29.97,1649,1920*1080,매트,청소년,4380,0AUDLJ08S_00054_SC_00022.jpeg,2021,1인 이상,980,한국어,원레그 데드리프트,20221114,근력/근지구력,PAPS 4-5등급 학생 체력증진 프로그램 2편(근력·근지구력 향상 편),146.146,mp4,0AUDLJ08S_00054.mp4,http://openapi.kspo.or.kr/web/image/0AUDLJ08S_00054/,13,동영상,등/하체
학생건강체력평가제도(근력/근지구력),http://openapi.kspo.or.kr/web/video/,청소년 체력증진을 위한 근력/근지구력 향상 프로그램,163828411,PAPS 4-5등급 학생 체력증진,29.97,1650,1920*1080,매트,청소년,4786,0AUDLJ08S_00054_SC_00023.jpeg,2021,1인 이상,980,한국어,원레그 데드리프트,20221114,근력/근지구력,PAPS 4-5등급 학생 체력증진 프로그램 2편(근력·근지구력 향상 편),159.692,mp4,0AUDLJ08S_00054.mp4,http://openapi.kspo.or.kr/web/image/0AUDLJ08S_00054/,14,동영상,등/하체
학생건강체력평가제도(근력/근지구력),http://openapi.kspo.or.kr/web/video/,청소년 체력증진을 위한 근력/근지구력 향상 프로그램,163828411,PAPS 4-5등급 학생 체력증진,29.97,1651,1920*1080,매트,청소년,4844,0AUDLJ08S_00054_SC_00024.jpeg,2021,1인 이상,980,한국어,원레그 데드리프트,20221114,근력/근지구력,PAPS 4-5등급 학생 체력증진 프로그램 2편(근력·근지구력 향상 편),161.628,mp4,0AUDLJ08S_00054.mp4,http://openapi.kspo.or.kr/web/image/0AUDLJ08S_00054/,15,동영상,등/하체
학생건강체력평가제도(근력/근지구력),http://openapi.kspo.or.kr/web/video/,청소년 체력증진을 위한 근력/근지구력 향상 프로그램,163828411,PAPS 4-5등급 학생 체력증진,29.97,1652,1920*1080,매트,청소년,4902,0AUDLJ08S_00054_SC_00025.jpeg,2021,1인 이상,980,한국어,원레그 데드리프트,20221114,근력/근지구력,PAPS 4-5등급 학생 체력증진 프로그램 2편(근력·근지구력 향상 편),163.563,mp4,0AUDLJ08S_00054.mp4,http://openapi.kspo.or.kr/web/image/0AUDLJ08S_00054/,16,동영상,등/하체
학생건강체력평가제도(근력/근지구력),http://openapi.kspo.or.kr/web/video/,청소년 체력증진을 위한 근력/근지구력 향상 프로그램,163828411,PAPS 4-5등급 학생 체력증진,29.97,1653,1920*1080,매트,청소년,4989,0AUDLJ08S_00054_SC_00026.jpeg,2021,1인 이상,980,한국어,원레그 데드리프트,20221114,근력/근지구력,PAPS 4-5등급 학생 체력증진 프로그램 2편(근력·근지구력 향상 편),166.466,mp4,0AUDLJ08S_00054.mp4,http://openapi.kspo.or.kr/web/image/0AUDLJ08S_00054/,17,동영상,등/하체
학생건강체력평가제도(근력/근지구력),http://openapi.kspo.or.kr/web/video/,청소년 체력증진을 위한 근력/근지구력 향상 프로그램,163828411,PAPS 4-5등급 학생 체력증진,29.97,1654,1920*1080,매트,청소년,5047,0AUDLJ08S_00054_SC_00027.jpeg,2021,1인 이상,980,한국어,원레그 데드리프트,20221114,근력/근지구력,PAPS 4-5등급 학생 체력증진 프로그램 2편(근력·근지구력 향상 편),168.401,mp4,0AUDLJ08S_00054.mp4,http://openapi.kspo.or.kr/web/image/0AUDLJ08S_00054/,18,동영상,등/하체
학생건강체력평가제도(근력/근지구력),http://openapi.kspo.or.kr/web/video/,청소년 체력증진을 위한 근력/근지구력 향상 프로그램,163828411,PAPS 4-5등급 학생 체력증진,29.97,1655,1920*1080,매트,청소년,5076,0AUDLJ08S_00054_SC_00028.jpeg,2021,1인 이상,980,한국어,원레그 데드리프트,20221114,근력/근지구력,PAPS 4-5등급 학생 체력증진 프로그램 2편(근력·근지구력 향상 편),169.369,mp4,0AUDLJ08S_00054.mp4,http://openapi.kspo.or.kr/web/image/0AUDLJ08S_00054/,19,동영상,등/하체
학생건강체력평가제도(근력/근지구력),http://openapi.kspo.or.kr/web/video/,청소년 체력증진을 위한 근력/근지구력 향상 프로그램,163828411,PAPS 4-5등급 학생 체력증진,29.97,1656,1920*1080,매트,청소년,5163,0AUDLJ08S_00054_SC_00029.jpeg,2021,1인 이상,980,한국어,원레그 데드리프트,20221114,근력/근지구력,PAPS 4-5등급 학생 체력증진 프로그램 2편(근력·근지구력 향상 편),172.272,mp4,0AUDLJ08S_00054.mp4,http://openapi.kspo.or.kr/web/image/0AUDLJ08S_00054/,20,동영상,등/하체
학생건강체력평가제도(근력/근지구력),http://openapi.kspo.or.kr/web/video/,청소년 체력증진을 위한 근력/근지구력 향상 프로그램,163828411,PAPS 4-5등급 학생 체력증진,29.97,1657,1920*1080,매트,청소년,5221,0AUDLJ08S_00054_SC_00030.jpeg,2021,1인 이상,980,한국어,원레그 데드리프트,20221114,근력/근지구력,PAPS 4-5등급 학생 체력증진 프로그램 2편(근력·근지구력 향상 편),174.207,mp4,0AUDLJ08S_00054.mp4,http://openapi.kspo.or.kr/web/image/0AUDLJ08S_00054/,21,동영상,등/하체
학생건강체력평가제도(근력/근지구력),http://openapi.kspo.or.kr/web/video/,청소년 체력증진을 위한 근력/근지구력 향상 프로그램,163828411,PAPS 4-5등급 학생 체력증진,29.97,1658,1920*1080,매트,청소년,5279,0AUDLJ08S_00054_SC_00031.jpeg,2021,1인 이상,980,한국어,원레그 데드리프트,20221114,근력/근지구력,PAPS 4-5등급 학생 체력증진 프로그램 2편(근력·근지구력 향상 편),176.142,mp4,0AUDLJ08S_00054.mp4,http://openapi.kspo.or.kr/web/image/0AUDLJ08S_00054/,22,동영상,등/하체
학생건강체력평가제도(근력/근지구력),http://openapi.kspo.or.kr/web/video/,청소년 체력증진을 위한 근력/근지구력 향상 프로그램,163828411,PAPS 4-5등급 학생 체력증진,29.97,1659,1920*1080,매트,청소년,5337,0AUDLJ08S_00054_SC_00032.jpeg,2021,1인 이상,980,한국어,원레그 데드리프트,20221114,근력/근지구력,PAPS 4-5등급 학생 체력증진 프로그램 2편(근력·근지구력 향상 편),178.077,mp4,0AUDLJ08S_00054.mp4,http://openapi.kspo.or.kr/web/image/0AUDLJ08S_00054/,23,동영상,등/하체
학생건강체력평가제도(근력/근지구력),http://openapi.kspo.or.kr/web/video/,청소년 체력증진을 위한 근력/근지구력 향상 프로그램,163828411,PAPS 4-5등급 학생 체력증진,29.97,1660,1920*1080,매트,청소년,7541,0AUDLJ08S_00054_SC_00037.jpeg,2021,1인 이상,980,한국어,스쿼트 홀딩,20221114,근력/근지구력,PAPS 4-5등급 학생 체력증진 프로그램 2편(근력·근지구력 향상 편),251.618,mp4,0AUDLJ08S_00054.mp4,http://openapi.kspo.or.kr/web/image/0AUDLJ08S_00054/,24,동영상,하체
학생건강체력평가제도(근력/근지구력),http://openapi.kspo.or.kr/web/video/,청소년 체력증진을 위한 근력/근지구력 향상 프로그램,163828411,PAPS 4-5등급 학생 체력증진,29.97,1661,1920*1080,매트,청소년,7628,0AUDLJ08S_00054_SC_00038.jpeg,2021,1인 이상,980,한국어,스쿼트 홀딩,20221114,근력/근지구력,PAPS 4-5등급 학생 체력증진 프로그램 2편(근력·근지구력 향상 편),254.52,mp4,0AUDLJ08S_00054.mp4,http://openapi.kspo.or.kr/web/image/0AUDLJ08S_00054/,25,동영상,하체
학생건강체력평가제도(근력/근지구력),http://openapi.kspo.or.kr/web/video/,청소년 체력증진을 위한 근력/근지구력 향상 프로그램,163828411,PAPS 4-5등급 학생 체력증진,29.97,1662,1920*1080,매트,청소년,7686,0AUDLJ08S_00054_SC_00039.jpeg,2021,1인 이상,980,한국어,스쿼트 홀딩,20221114,근력/근지구력,PAPS 4-5등급 학생 체력증진 프로그램 2편(근력·근지구력 향상 편),256.456,mp4,0AUDLJ08S_00054.mp4,http://openapi.kspo.or.kr/web/image/0AUDLJ08S_00054/,26,동영상,하체
학생건강체력평가제도(근력/근지구력),http://openapi.kspo.or.kr/web/video/,청소년 체력증진을 위한 근력/근지구력 향상 프로그램,163828411,PAPS 4-5등급 학생 체력증진,29.97,1663,1920*1080,매트,청소년,7860,0AUDLJ08S_00054_SC_00040.jpeg,2021,1인 이상,980,한국어,스쿼트 홀딩,20221114,근력/근지구력,PAPS 4-5등급 학생 체력증진 프로그램 2편(근력·근지구력 향상 편),262.262,mp4,0AUDLJ08S_00054.mp4,http://openapi.kspo.or.kr/web/image/0AUDLJ08S_00054/,27,동영상,하체
학생건강체력평가제도(근력/근지구력),http://openapi.kspo.or.kr/web/video/,청소년 체력증진을 위한 근력/근지구력 향상 프로그램,163828411,PAPS 4-5등급 학생 체력증진,29.97,1664,1920*1080,매트,청소년,7947,0AUDLJ08S_00054_SC_00041.jpeg,2021,1인 이상,980,한국어,스쿼트 홀딩,20221114,근력/근지구력,PAPS 4-5등급 학생 체력증진 프로그램 2편(근력·근지구력 향상 편),265.164,mp4,0AUDLJ08S_00054.mp4,http://openapi.kspo.or.kr/web/image/0AUDLJ08S_00054/,28,동영상,하체
학생건강체력평가제도(근력/근지구력),http://openapi.kspo.or.kr/web/video/,청소년 체력증진을 위한 근력/근지구력 향상 프로그램,163828411,PAPS 4-5등급 학생 체력증진,29.97,1665,1920*1080,매트,청소년,8034,0AUDLJ08S_00054_SC_00042.jpeg,2021,1인 이상,980,한국어,스쿼트 홀딩,20221114,근력/근지구력,PAPS 4-5등급 학생 체력증진 프로그램 2편(근력·근지구력 향상 편),268.067,mp4,0AUDLJ08S_00054.mp4,http://openapi.kspo.or.kr/web/image/0AUDLJ08S_00054/,29,동영상,하체
학생건강체력평가제도(근력/근지구력),http://openapi.kspo.or.kr/web/video/,청소년 체력증진을 위한 근력/근지구력 향상 프로그램,163828411,PAPS 4-5등급 학생 체력증진,29.97,1666,1920*1080,매트,청소년,8121,0AUDLJ08S_00054_SC_00043.jpeg,2021,1인 이상,980,한국어,스쿼트 홀딩,20221114,근력/근지구력,PAPS 4-5등급 학생 체력증진 프로그램 2편(근력·근지구력 향상 편),270.97,mp4,0AUDLJ08S_00054.mp4,http://openapi.kspo.or.kr/web/image/0AUDLJ08S_00054/,30,동영상,하체
학생건강체력평가제도(근력/근지구력),http://openapi.kspo.or.kr/web/video/,청소년 체력증진을 위한 근력/근지구력 향상 프로그램,163828411,PAPS 4-5등급 학생 체력증진,29.97,1667,1920*1080,매트,청소년,8788,0AUDLJ08S_00054_SC_00046.jpeg,2021,1인 이상,980,한국어,스쿼트,20221114,근력/근지구력,PAPS 4-5등급 학생 체력증진 프로그램 2편(근력·근지구력 향상 편),293.226,mp4,0AUDLJ08S_00054.mp4,http://openapi.kspo.or.kr/web/image/0AUDLJ08S_00054/,31,동영상,하체
학생건강체력평가제도(근력/근지구력),http://openapi.kspo.or.kr/web/video/,청소년 체력증진을 위한 근력/근지구력 향상 프로그램,163828411,PAPS 4-5등급 학생 체력증진,29.97,1668,1920*1080,매트,청소년,8933,0AUDLJ08S_00054_SC_00047.jpeg,2021,1인 이상,980,한국어,스쿼트,20221114,근력/근지구력,PAPS 4-5등급 학생 체력증진 프로그램 2편(근력·근지구력 향상 편),298.064,mp4,0AUDLJ08S_00054.mp4,http://openapi.kspo.or.kr/web/image/0AUDLJ08S_00054/,32,동영상,하체
학생건강체력평가제도(근력/근지구력),http://openapi.kspo.or.kr/web/video/,청소년 체력증진을 위한 근력/근지구력 향상 프로그램,163828411,PAPS 4-5등급 학생 체력증진,29.97,1669,1920*1080,매트,청소년,9136,0AUDLJ08S_00054_SC_00048.jpeg,2021,1인 이상,980,한국어,스쿼트,20221114,근력/근지구력,PAPS 4-5등급 학생 체력증진 프로그램 2편(근력·근지구력 향상 편),304.837,mp4,0AUDLJ08S_00054.mp4,http://openapi.kspo.or.kr/web/image/0AUDLJ08S_00054/,33,동영상,하체
학생건강체력평가제도(근력/근지구력),http://openapi.kspo.or.kr/web/video/,청소년 체력증진을 위한 근력/근지구력 향상 프로그램,163828411,PAPS 4-5등급 학생 체력증진,29.97,1670,1920*1080,매트,청소년,9194,0AUDLJ08S_00054_SC_00049.jpeg,2021,1인 이상,980,한국어,스쿼트,20221114,근력/근지구력,PAPS 4-5등급 학생 체력증진 프로그램 2편(근력·근지구력 향상 편),306.773,mp4,0AUDLJ08S_00054.mp4,http://openapi.kspo.or.kr/web/image/0AUDLJ08S_00054/,34,동영상,하체
학생건강체력평가제도(근력/근지구력),http://openapi.kspo.or.kr/web/video/,청소년 체력증진을 위한 근력/근지구력 향상 프로그램,163828411,PAPS 4-5등급 학생 체력증진,29.97,1671,1920*1080,매트,청소년,9310,0AUDLJ08S_00054_SC_00050.jpeg,2021,1인 이상,980,한국어,스쿼트,20221114,근력/근지구력,PAPS 4-5등급 학생 체력증진 프로그램 2편(근력·근지구력 향상 편),310.643,mp4,0AUDLJ08S_00054.mp4,http://openapi.kspo.or.kr/web/image/0AUDLJ08S_00054/,35,동영상,하체
학생건강체력평가제도(근력/근지구력),http://openapi.kspo.or.kr/web/video/,청소년 체력증진을 위한 근력/근지구력 향상 프로그램,163828411,PAPS 4-5등급 학생 체력증진,29.97,1672,1920*1080,매트,청소년,9368,0AUDLJ08S_00054_SC_00051.jpeg,2021,1인 이상,980,한국어,스쿼트,20221114,근력/근지구력,PAPS 4-5등급 학생 체력증진 프로그램 2편(근력·근지구력 향상 편),312.578,mp4,0AUDLJ08S_00054.mp4,http://openapi.kspo.or.kr/web/image/0AUDLJ08S_00054/,36,동영상,하체
학생건강체력평가제도(근력/근지구력),http://openapi.kspo.or.kr/web/video/,청소년 체력증진을 위한 근력/근지구력 향상 프로그램,163828411,PAPS 4-5등급 학생 체력증진,29.97,1673,1920*1080,매트,청소년,10992,0AUDLJ08S_00054_SC_00053.jpeg,2021,1인 이상,980,한국어,점프 스쿼트,20221114,근력/근지구력,PAPS 4-5등급 학생 체력증진 프로그램 2편(근력·근지구력 향상 편),366.766,mp4,0AUDLJ08S_00054.mp4,http://openapi.kspo.or.kr/web/image/0AUDLJ08S_00054/,37,동영상,하체
학생건강체력평가제도(근력/근지구력),http://openapi.kspo.or.kr/web/video/,청소년 체력증진을 위한 근력/근지구력 향상 프로그램,163828411,PAPS 4-5등급 학생 체력증진,29.97,1674,1920*1080,매트,청소년,11166,0AUDLJ08S_00054_SC_00054.jpeg,2021,1인 이상,980,한국어,점프 스쿼트,20221114,근력/근지구력,PAPS 4-5등급 학생 체력증진 프로그램 2편(근력·근지구력 향상 편),372.572,mp4,0AUDLJ08S_00054.mp4,http://openapi.kspo.or.kr/web/image/0AUDLJ08S_00054/,38,동영상,하체
학생건강체력평가제도(근력/근지구력),http://openapi.kspo.or.kr/web/video/,청소년 체력증진을 위한 근력/근지구력 향상 프로그램,163828411,PAPS 4-5등급 학생 체력증진,29.97,1675,1920*1080,매트,청소년,11311,0AUDLJ08S_00054_SC_00055.jpeg,2021,1인 이상,980,한국어,점프 스쿼트,20221012,근력/근지구력,PAPS 4-5등급 학생 체력증진 프로그램 2편(근력·근지구력 향상 편),377.41,mp4,0AUDLJ08S_00054.mp4,http://openapi.kspo.or.kr/web/image/0AUDLJ08S_00054/,39,동영상,허벅지
학생건강체력평가제도(근력/근지구력),http://openapi.kspo.or.kr/web/video/,청소년 체력증진을 위한 근력/근지구력 향상 프로그램,163828411,PAPS 4-5등급 학생 체력증진,29.97,1676,1920*1080,매트,청소년,11340,0AUDLJ08S_00054_SC_00056.jpeg,2021,1인 이상,980,한국어,점프 스쿼트,20221114,근력/근지구력,PAPS 4-5등급 학생 체력증진 프로그램 2편(근력·근지구력 향상 편),378.378,mp4,0AUDLJ08S_00054.mp4,http://openapi.kspo.or.kr/web/image/0AUDLJ08S_00054/,40,동영상,하체
학생건강체력평가제도(근력/근지구력),http://openapi.kspo.or.kr/web/video/,청소년 체력증진을 위한 근력/근지구력 향상 프로그램,163828411,PAPS 4-5등급 학생 체력증진,29.97,1677,1920*1080,매트,청소년,11369,0AUDLJ08S_00054_SC_00057.jpeg,2021,1인 이상,980,한국어,점프 스쿼트,20221114,근력/근지구력,PAPS 4-5등급 학생 체력증진 프로그램 2편(근력·근지구력 향상 편),379.345,mp4,0AUDLJ08S_00054.mp4,http://openapi.kspo.or.kr/web/image/0AUDLJ08S_00054/,41,동영상,하체
학생건강체력평가제도(근력/근지구력),http://openapi.kspo.or.kr/web/video/,청소년 체력증진을 위한 근력/근지구력 향상 프로그램,163828411,PAPS 4-5등급 학생 체력증진,29.97,1678,1920*1080,매트,청소년,11456,0AUDLJ08S_00054_SC_00058.jpeg,2021,1인 이상,980,한국어,점프 스쿼트,20221114,근력/근지구력,PAPS 4-5등급 학생 체력증진 프로그램 2편(근력·근지구력 향상 편),382.248,mp4,0AUDLJ08S_00054.mp4,http://openapi.kspo.or.kr/web/image/0AUDLJ08S_00054/,42,동영상,하체
학생건강체력평가제도(근력/근지구력),http://openapi.kspo.or.kr/web/video/,청소년 체력증진을 위한 근력/근지구력 향상 프로그램,163828411,PAPS 4-5등급 학생 체력증진,29.97,1679,1920*1080,매트,청소년,11688,0AUDLJ08S_00054_SC_00059.jpeg,2021,1인 이상,980,한국어,점프 스쿼트,20221114,근력/근지구력,PAPS 4-5등급 학생 체력증진 프로그램 2편(근력·근지구력 향상 편),389.989,mp4,0AUDLJ08S_00054.mp4,http://openapi.kspo.or.kr/web/image/0AUDLJ08S_00054/,43,동영상,하체
학생건강체력평가제도(근력/근지구력),http://openapi.kspo.or.kr/web/video/,청소년 체력증진을 위한 근력/근지구력 향상 프로그램,163828411,PAPS 4-5등급 학생 체력증진,29.97,1680,1920*1080,매트,청소년,12355,0AUDLJ08S_00054_SC_00062.jpeg,2021,1인 이상,980,한국어,점프 런지,20221114,근력/근지구력,PAPS 4-5등급 학생 체력증진 프로그램 2편(근력·근지구력 향상 편),412.245,mp4,0AUDLJ08S_00054.mp4,http://openapi.kspo.or.kr/web/image/0AUDLJ08S_00054/,44,동영상,하체
학생건강체력평가제도(근력/근지구력),http://openapi.kspo.or.kr/web/video/,청소년 체력증진을 위한 근력/근지구력 향상 프로그램,163828411,PAPS 4-5등급 학생 체력증진,29.97,1681,1920*1080,매트,청소년,12674,0AUDLJ08S_00054_SC_00063.jpeg,2021,1인 이상,980,한국어,점프 런지,20221114,근력/근지구력,PAPS 4-5등급 학생 체력증진 프로그램 2편(근력·근지구력 향상 편),422.889,mp4,0AUDLJ08S_00054.mp4,http://openapi.kspo.or.kr/web/image/0AUDLJ08S_00054/,45,동영상,하체
학생건강체력평가제도(근력/근지구력),http://openapi.kspo.or.kr/web/video/,청소년 체력증진을 위한 근력/근지구력 향상 프로그램,163828411,PAPS 4-5등급 학생 체력증진,29.97,1682,1920*1080,매트,청소년,12732,0AUDLJ08S_00054_SC_00064.jpeg,2021,1인 이상,980,한국어,점프 런지,20221114,근력/근지구력,PAPS 4-5등급 학생 체력증진 프로그램 2편(근력·근지구력 향상 편),424.824,mp4,0AUDLJ08S_00054.mp4,http://openapi.kspo.or.kr/web/image/0AUDLJ08S_00054/,46,동영상,하체
학생건강체력평가제도(근력/근지구력),http://openapi.kspo.or.kr/web/video/,청소년 체력증진을 위한 근력/근지구력 향상 프로그램,163828411,PAPS 4-5등급 학생 체력증진,29.97,1683,1920*1080,매트,청소년,12819,0AUDLJ08S_00054_SC_00065.jpeg,2021,1인 이상,980,한국어,점프 런지,20221114,근력/근지구력,PAPS 4-5등급 학생 체력증진 프로그램 2편(근력·근지구력 향상 편),427.727,mp4,0AUDLJ08S_00054.mp4,http://openapi.kspo.or.kr/web/image/0AUDLJ08S_00054/,47,동영상,하체
학생건강체력평가제도(근력/근지구력),http://openapi.kspo.or.kr/web/video/,청소년 체력증진을 위한 근력/근지구력 향상 프로그램,163828411,PAPS 4-5등급 학생 체력증진,29.97,1684,1920*1080,매트,청소년,12906,0AUDLJ08S_00054_SC_00066.jpeg,2021,1인 이상,980,한국어,점프 런지,20221114,근력/근지구력,PAPS 4-5등급 학생 체력증진 프로그램 2편(근력·근지구력 향상 편),430.63,mp4,0AUDLJ08S_00054.mp4,http://openapi.kspo.or.kr/web/image/0AUDLJ08S_00054/,48,동영상,하체
학생건강체력평가제도(근력/근지구력),http://openapi.kspo.or.kr/web/video/,청소년 체력증진을 위한 근력/근지구력 향상 프로그램,163828411,PAPS 4-5등급 학생 체력증진,29.97,1685,1920*1080,매트,청소년,12964,0AUDLJ08S_00054_SC_00067.jpeg,2021,1인 이상,980,한국어,점프 런지,20221114,근력/근지구력,PAPS 4-5등급 학생 체력증진 프로그램 2편(근력·근지구력 향상 편),432.565,mp4,0AUDLJ08S_00054.mp4,http://openapi.kspo.or.kr/web/image/0AUDLJ08S_00054/,49,동영상,하체
학생건강체력평가제도(근력/근지구력),http://openapi.kspo.or.kr/web/video/,청소년 체력증진을 위한 근력/근지구력 향상 프로그램,163828411,PAPS 4-5등급 학생 체력증진,29.97,1686,1920*1080,매트,청소년,12993,0AUDLJ08S_00054_SC_00068.jpeg,2021,1인 이상,980,한국어,점프 런지,20221114,근력/근지구력,PAPS 4-5등급 학생 체력증진 프로그램 2편(근력·근지구력 향상 편),433.533,mp4,0AUDLJ08S_00054.mp4,http://openapi.kspo.or.kr/web/image/0AUDLJ08S_00054/,50,동영상,하체
학생건강체력평가제도(근력/근지구력),http://openapi.kspo.or.kr/web/video/,청소년 체력증진을 위한 근력/근지구력 향상 프로그램,163828411,PAPS 4-5등급 학생 체력증진,29.97,1687,1920*1080,매트,청소년,13805,0AUDLJ08S_00054_SC_00071.jpeg,2021,1인 이상,980,한국어,사이드 스쿼트,20221114,근력/근지구력,PAPS 4-5등급 학생 체력증진 프로그램 2편(근력·근지구력 향상 편),460.626,mp4,0AUDLJ08S_00054.mp4,http://openapi.kspo.or.kr/web/image/0AUDLJ08S_00054/,51,동영상,하체
학생건강체력평가제도(근력/근지구력),http://openapi.kspo.or.kr/web/video/,청소년 체력증진을 위한 근력/근지구력 향상 프로그램,163828411,PAPS 4-5등급 학생 체력증진,29.97,1688,1920*1080,매트,청소년,13950,0AUDLJ08S_00054_SC_00072.jpeg,2021,1인 이상,980,한국어,사이드 스쿼트,20221114,근력/근지구력,PAPS 4-5등급 학생 체력증진 프로그램 2편(근력·근지구력 향상 편),465.465,mp4,0AUDLJ08S_00054.mp4,http://openapi.kspo.or.kr/web/image/0AUDLJ08S_00054/,52,동영상,하체
학생건강체력평가제도(근력/근지구력),http://openapi.kspo.or.kr/web/video/,청소년 체력증진을 위한 근력/근지구력 향상 프로그램,163828411,PAPS 4-5등급 학생 체력증진,29.97,1689,1920*1080,매트,청소년,14095,0AUDLJ08S_00054_SC_00073.jpeg,2021,1인 이상,980,한국어,사이드 스쿼트,20221114,근력/근지구력,PAPS 4-5등급 학생 체력증진 프로그램 2편(근력·근지구력 향상 편),470.303,mp4,0AUDLJ08S_00054.mp4,http://openapi.kspo.or.kr/web/image/0AUDLJ08S_00054/,53,동영상,하체
학생건강체력평가제도(근력/근지구력),http://openapi.kspo.or.kr/web/video/,청소년 체력증진을 위한 근력/근지구력 향상 프로그램,163828411,PAPS 4-5등급 학생 체력증진,29.97,1690,1920*1080,매트,청소년,14124,0AUDLJ08S_00054_SC_00074.jpeg,2021,1인 이상,980,한국어,사이드 스쿼트,20221114,근력/근지구력,PAPS 4-5등급 학생 체력증진 프로그램 2편(근력·근지구력 향상 편),471.27,mp4,0AUDLJ08S_00054.mp4,http://openapi.kspo.or.kr/web/image/0AUDLJ08S_00054/,54,동영상,하체
학생건강체력평가제도(근력/근지구력),http://openapi.kspo.or.kr/web/video/,청소년 체력증진을 위한 근력/근지구력 향상 프로그램,163828411,PAPS 4-5등급 학생 체력증진,29.97,1691,1920*1080,매트,청소년,14153,0AUDLJ08S_00054_SC_00075.jpeg,2021,1인 이상,980,한국어,사이드 스쿼트,20221114,근력/근지구력,PAPS 4-5등급 학생 체력증진 프로그램 2편(근력·근지구력 향상 편),472.238,mp4,0AUDLJ08S_00054.mp4,http://openapi.kspo.or.kr/web/image/0AUDLJ08S_00054/,55,동영상,하체
학생건강체력평가제도(근력/근지구력),http://openapi.kspo.or.kr/web/video/,청소년 체력증진을 위한 근력/근지구력 향상 프로그램,163828411,PAPS 4-5등급 학생 체력증진,29.97,1692,1920*1080,매트,청소년,14211,0AUDLJ08S_00054_SC_00076.jpeg,2021,1인 이상,980,한국어,사이드 스쿼트,20221114,근력/근지구력,PAPS 4-5등급 학생 체력증진 프로그램 2편(근력·근지구력 향상 편),474.173,mp4,0AUDLJ08S_00054.mp4,http://openapi.kspo.or.kr/web/image/0AUDLJ08S_00054/,56,동영상,하체
학생건강체력평가제도(근력/근지구력),http://openapi.kspo.or.kr/web/video/,청소년 체력증진을 위한 근력/근지구력 향상 프로그램,163828411,PAPS 4-5등급 학생 체력증진,29.97,1693,1920*1080,매트,청소년,14240,0AUDLJ08S_00054_SC_00077.jpeg,2021,1인 이상,980,한국어,사이드 스쿼트,20221114,근력/근지구력,PAPS 4-5등급 학생 체력증진 프로그램 2편(근력·근지구력 향상 편),475.141,mp4,0AUDLJ08S_00054.mp4,http://openapi.kspo.or.kr/web/image/0AUDLJ08S_00054/,57,동영상,하체
학생건강체력평가제도(근력/근지구력),http://openapi.kspo.or.kr/web/video/,청소년 체력증진을 위한 근력/근지구력 향상 프로그램,163828411,PAPS 4-5등급 학생 체력증진,29.97,1694,1920*1080,매트,청소년,14356,0AUDLJ08S_00054_SC_00078.jpeg,2021,1인 이상,980,한국어,사이드 스쿼트,20221114,근력/근지구력,PAPS 4-5등급 학생 체력증진 프로그램 2편(근력·근지구력 향상 편),479.011,mp4,0AUDLJ08S_00054.mp4,http://openapi.kspo.or.kr/web/image/0AUDLJ08S_00054/,58,동영상,하체
학생건강체력평가제도(근력/근지구력),http://openapi.kspo.or.kr/web/video/,청소년 체력증진을 위한 근력/근지구력 향상 프로그램,163828411,PAPS 4-5등급 학생 체력증진,29.97,1695,1920*1080,매트,청소년,14385,0AUDLJ08S_00054_SC_00079.jpeg,2021,1인 이상,980,한국어,사이드 스쿼트,20221114,근력/근지구력,PAPS 4-5등급 학생 체력증진 프로그램 2편(근력·근지구력 향상 편),479.979,mp4,0AUDLJ08S_00054.mp4,http://openapi.kspo.or.kr/web/image/0AUDLJ08S_00054/,59,동영상,하체
학생건강체력평가제도(근력/근지구력),http://openapi.kspo.or.kr/web/video/,청소년 체력증진을 위한 근력/근지구력 향상 프로그램,163828411,PAPS 4-5등급 학생 체력증진,29.97,1696,1920*1080,매트,청소년,14414,0AUDLJ08S_00054_SC_00080.jpeg,2021,1인 이상,980,한국어,사이드 스쿼트,20221114,근력/근지구력,PAPS 4-5등급 학생 체력증진 프로그램 2편(근력·근지구력 향상 편),480.947,mp4,0AUDLJ08S_00054.mp4,http://openapi.kspo.or.kr/web/image/0AUDLJ08S_00054/,60,동영상,하체
학생건강체력평가제도(근력/근지구력),http://openapi.kspo.or.kr/web/video/,청소년 체력증진을 위한 근력/근지구력 향상 프로그램,163828411,PAPS 4-5등급 학생 체력증진,29.97,1697,1920*1080,매트,청소년,14443,0AUDLJ08S_00054_SC_00081.jpeg,2021,1인 이상,980,한국어,사이드 스쿼트,20221114,근력/근지구력,PAPS 4-5등급 학생 체력증진 프로그램 2편(근력·근지구력 향상 편),481.914,mp4,0AUDLJ08S_00054.mp4,http://openapi.kspo.or.kr/web/image/0AUDLJ08S_00054/,61,동영상,하체
학생건강체력평가제도(근력/근지구력),http://openapi.kspo.or.kr/web/video/,청소년 체력증진을 위한 근력/근지구력 향상 프로그램,163828411,PAPS 4-5등급 학생 체력증진,29.97,1698,1920*1080,매트,청소년,15139,0AUDLJ08S_00054_SC_00086.jpeg,2021,1인 이상,980,한국어,오버헤드 스쿼트,20221012,근력/근지구력,PAPS 4-5등급 학생 체력증진 프로그램 2편(근력·근지구력 향상 편),505.137,mp4,0AUDLJ08S_00054.mp4,http://openapi.kspo.or.kr/web/image/0AUDLJ08S_00054/,62,동영상,등/하체
학생건강체력평가제도(근력/근지구력),http://openapi.kspo.or.kr/web/video/,청소년 체력증진을 위한 근력/근지구력 향상 프로그램,163828411,PAPS 4-5등급 학생 체력증진,29.97,1699,1920*1080,매트,청소년,15458,0AUDLJ08S_00054_SC_00087.jpeg,2021,1인 이상,980,한국어,오버헤드 스쿼트,20221012,근력/근지구력,PAPS 4-5등급 학생 체력증진 프로그램 2편(근력·근지구력 향상 편),515.781,mp4,0AUDLJ08S_00054.mp4,http://openapi.kspo.or.kr/web/image/0AUDLJ08S_00054/,63,동영상,등/하체
학생건강체력평가제도(근력/근지구력),http://openapi.kspo.or.kr/web/video/,청소년 체력증진을 위한 근력/근지구력 향상 프로그램,163828411,PAPS 4-5등급 학생 체력증진,29.97,1700,1920*1080,매트,청소년,15661,0AUDLJ08S_00054_SC_00088.jpeg,2021,1인 이상,980,한국어,오버헤드 스쿼트,20221012,근력/근지구력,PAPS 4-5등급 학생 체력증진 프로그램 2편(근력·근지구력 향상 편),522.555,mp4,0AUDLJ08S_00054.mp4,http://openapi.kspo.or.kr/web/image/0AUDLJ08S_00054/,64,동영상,등/하체
학생건강체력평가제도(근력/근지구력),http://openapi.kspo.or.kr/web/video/,청소년 체력증진을 위한 근력/근지구력 향상 프로그램,163828411,PAPS 4-5등급 학생 체력증진,29.97,1701,1920*1080,매트,청소년,15719,0AUDLJ08S_00054_SC_00089.jpeg,2021,1인 이상,980,한국어,오버헤드 스쿼트,20221012,근력/근지구력,PAPS 4-5등급 학생 체력증진 프로그램 2편(근력·근지구력 향상 편),524.49,mp4,0AUDLJ08S_00054.mp4,http://openapi.kspo.or.kr/web/image/0AUDLJ08S_00054/,65,동영상,등/하체
학생건강체력평가제도(근력/근지구력),http://openapi.kspo.or.kr/web/video/,청소년 체력증진을 위한 근력/근지구력 향상 프로그램,163828411,PAPS 4-5등급 학생 체력증진,29.97,1702,1920*1080,매트,청소년,15835,0AUDLJ08S_00054_SC_00090.jpeg,2021,1인 이상,980,한국어,오버헤드 스쿼트,20221012,근력/근지구력,PAPS 4-5등급 학생 체력증진 프로그램 2편(근력·근지구력 향상 편),528.361,mp4,0AUDLJ08S_00054.mp4,http://openapi.kspo.or.kr/web/image/0AUDLJ08S_00054/,66,동영상,등/하체
학생건강체력평가제도(근력/근지구력),http://openapi.kspo.or.kr/web/video/,청소년 체력증진을 위한 근력/근지구력 향상 프로그램,163828411,PAPS 4-5등급 학생 체력증진,29.97,1703,1920*1080,매트,청소년,15922,0AUDLJ08S_00054_SC_00091.jpeg,2021,1인 이상,980,한국어,오버헤드 스쿼트,20221012,근력/근지구력,PAPS 4-5등급 학생 체력증진 프로그램 2편(근력·근지구력 향상 편),531.264,mp4,0AUDLJ08S_00054.mp4,http://openapi.kspo.or.kr/web/image/0AUDLJ08S_00054/,67,동영상,등/하체
학생건강체력평가제도(근력/근지구력),http://openapi.kspo.or.kr/web/video/,청소년 체력증진을 위한 근력/근지구력 향상 프로그램,163828411,PAPS 4-5등급 학생 체력증진,29.97,1704,1920*1080,매트,청소년,16038,0AUDLJ08S_00054_SC_00092.jpeg,2021,1인 이상,980,한국어,오버헤드 스쿼트,20221012,근력/근지구력,PAPS 4-5등급 학생 체력증진 프로그램 2편(근력·근지구력 향상 편),535.134,mp4,0AUDLJ08S_00054.mp4,http://openapi.kspo.or.kr/web/image/0AUDLJ08S_00054/,68,동영상,등/하체
학생건강체력평가제도(근력/근지구력),http://openapi.kspo.or.kr/web/video/,청소년 체력증진을 위한 근력/근지구력 향상 프로그램,163828411,PAPS 4-5등급 학생 체력증진,29.97,1705,1920*1080,매트,청소년,17314,0AUDLJ08S_00054_SC_00095.jpeg,2021,1인 이상,980,한국어,플랭크1,20221012,근력/근지구력,PAPS 4-5등급 학생 체력증진 프로그램 2편(근력·근지구력 향상 편),577.71,mp4,0AUDLJ08S_00054.mp4,http://openapi.kspo.or.kr/web/image/0AUDLJ08S_00054/,69,동영상,몸통
학생건강체력평가제도(근력/근지구력),http://openapi.kspo.or.kr/web/video/,청소년 체력증진을 위한 근력/근지구력 향상 프로그램,163828411,PAPS 4-5등급 학생 체력증진,29.97,1706,1920*1080,매트,청소년,17575,0AUDLJ08S_00054_SC_00096.jpeg,2021,1인 이상,980,한국어,플랭크1,20221012,근력/근지구력,PAPS 4-5등급 학생 체력증진 프로그램 2편(근력·근지구력 향상 편),586.419,mp4,0AUDLJ08S_00054.mp4,http://openapi.kspo.or.kr/web/image/0AUDLJ08S_00054/,70,동영상,몸통
학생건강체력평가제도(근력/근지구력),http://openapi.kspo.or.kr/web/video/,청소년 체력증진을 위한 근력/근지구력 향상 프로그램,163828411,PAPS 4-5등급 학생 체력증진,29.97,1707,1920*1080,매트,청소년,17749,0AUDLJ08S_00054_SC_00097.jpeg,2021,1인 이상,980,한국어,플랭크1,20221012,근력/근지구력,PAPS 4-5등급 학생 체력증진 프로그램 2편(근력·근지구력 향상 편),592.224,mp4,0AUDLJ08S_00054.mp4,http://openapi.kspo.or.kr/web/image/0AUDLJ08S_00054/,71,동영상,몸통
학생건강체력평가제도(근력/근지구력),http://openapi.kspo.or.kr/web/video/,청소년 체력증진을 위한 근력/근지구력 향상 프로그램,163828411,PAPS 4-5등급 학생 체력증진,29.97,1708,1920*1080,매트,청소년,19286,0AUDLJ08S_00054_SC_00104.jpeg,2021,1인 이상,980,한국어,푸쉬 업,20221012,근력/근지구력,PAPS 4-5등급 학생 체력증진 프로그램 2편(근력·근지구력 향상 편),643.509,mp4,0AUDLJ08S_00054.mp4,http://openapi.kspo.or.kr/web/image/0AUDLJ08S_00054/,72,동영상,가슴
학생건강체력평가제도(근력/근지구력),http://openapi.kspo.or.kr/web/video/,청소년 체력증진을 위한 근력/근지구력 향상 프로그램,163828411,PAPS 4-5등급 학생 체력증진,29.97,1709,1920*1080,매트,청소년,19431,0AUDLJ08S_00054_SC_00105.jpeg,2021,1인 이상,980,한국어,푸쉬 업,20221012,근력/근지구력,PAPS 4-5등급 학생 체력증진 프로그램 2편(근력·근지구력 향상 편),648.347,mp4,0AUDLJ08S_00054.mp4,http://openapi.kspo.or.kr/web/image/0AUDLJ08S_00054/,73,동영상,가슴
학생건강체력평가제도(근력/근지구력),http://openapi.kspo.or.kr/web/video/,청소년 체력증진을 위한 근력/근지구력 향상 프로그램,163828411,PAPS 4-5등급 학생 체력증진,29.97,1710,1920*1080,매트,청소년,19605,0AUDLJ08S_00054_SC_00106.jpeg,2021,1인 이상,980,한국어,푸쉬 업,20221012,근력/근지구력,PAPS 4-5등급 학생 체력증진 프로그램 2편(근력·근지구력 향상 편),654.153,mp4,0AUDLJ08S_00054.mp4,http://openapi.kspo.or.kr/web/image/0AUDLJ08S_00054/,74,동영상,가슴
학생건강체력평가제도(근력/근지구력),http://openapi.kspo.or.kr/web/video/,청소년 체력증진을 위한 근력/근지구력 향상 프로그램,163828411,PAPS 4-5등급 학생 체력증진,29.97,1711,1920*1080,매트,청소년,19808,0AUDLJ08S_00054_SC_00107.jpeg,2021,1인 이상,980,한국어,푸쉬 업,20221012,근력/근지구력,PAPS 4-5등급 학생 체력증진 프로그램 2편(근력·근지구력 향상 편),660.926,mp4,0AUDLJ08S_00054.mp4,http://openapi.kspo.or.kr/web/image/0AUDLJ08S_00054/,75,동영상,가슴
학생건강체력평가제도(근력/근지구력),http://openapi.kspo.or.kr/web/video/,청소년 체력증진을 위한 근력/근지구력 향상 프로그램,163828411,PAPS 4-5등급 학생 체력증진,29.97,1712,1920*1080,매트,청소년,20939,0AUDLJ08S_00054_SC_00109.jpeg,2021,1인 이상,980,한국어,플랭크2,20221012,근력/근지구력,PAPS 4-5등급 학생 체력증진 프로그램 2편(근력·근지구력 향상 편),698.664,mp4,0AUDLJ08S_00054.mp4,http://openapi.kspo.or.kr/web/image/0AUDLJ08S_00054/,76,동영상,몸통
학생건강체력평가제도(근력/근지구력),http://openapi.kspo.or.kr/web/video/,청소년 체력증진을 위한 근력/근지구력 향상 프로그램,163828411,PAPS 4-5등급 학생 체력증진,29.97,1713,1920*1080,매트,청소년,21171,0AUDLJ08S_00054_SC_00110.jpeg,2021,1인 이상,980,한국어,플랭크2,20221012,근력/근지구력,PAPS 4-5등급 학생 체력증진 프로그램 2편(근력·근지구력 향상 편),706.405,mp4,0AUDLJ08S_00054.mp4,http://openapi.kspo.or.kr/web/image/0AUDLJ08S_00054/,77,동영상,몸통
학생건강체력평가제도(근력/근지구력),http://openapi.kspo.or.kr/web/video/,청소년 체력증진을 위한 근력/근지구력 향상 프로그램,163828411,PAPS 4-5등급 학생 체력증진,29.97,1714,1920*1080,매트,청소년,21287,0AUDLJ08S_00054_SC_00111.jpeg,2021,1인 이상,980,한국어,플랭크2,20221012,근력/근지구력,PAPS 4-5등급 학생 체력증진 프로그램 2편(근력·근지구력 향상 편),710.276,mp4,0AUDLJ08S_00054.mp4,http://openapi.kspo.or.kr/web/image/0AUDLJ08S_00054/,78,동영상,몸통
학생건강체력평가제도(근력/근지구력),http://openapi.kspo.or.kr/web/video/,청소년 체력증진을 위한 근력/근지구력 향상 프로그램,163828411,PAPS 4-5등급 학생 체력증진,29.97,1715,1920*1080,매트,청소년,21374,0AUDLJ08S_00054_SC_00112.jpeg,2021,1인 이상,980,한국어,플랭크2,20221012,근력/근지구력,PAPS 4-5등급 학생 체력증진 프로그램 2편(근력·근지구력 향상 편),713.179,mp4,0AUDLJ08S_00054.mp4,http://openapi.kspo.or.kr/web/image/0AUDLJ08S_00054/,79,동영상,몸통
학생건강체력평가제도(근력/근지구력),http://openapi.kspo.or.kr/web/video/,청소년 체력증진을 위한 근력/근지구력 향상 프로그램,163828411,PAPS 4-5등급 학생 체력증진,29.97,1716,1920*1080,매트,청소년,21490,0AUDLJ08S_00054_SC_00113.jpeg,2021,1인 이상,980,한국어,플랭크2,20221012,근력/근지구력,PAPS 4-5등급 학생 체력증진 프로그램 2편(근력·근지구력 향상 편),717.049,mp4,0AUDLJ08S_00054.mp4,http://openapi.kspo.or.kr/web/image/0AUDLJ08S_00054/,80,동영상,몸통
학생건강체력평가제도(근력/근지구력),http://openapi.kspo.or.kr/web/video/,청소년 체력증진을 위한 근력/근지구력 향상 프로그램,163828411,PAPS 4-5등급 학생 체력증진,29.97,1717,1920*1080,매트,청소년,22621,0AUDLJ08S_00054_SC_00118.jpeg,2021,1인 이상,980,한국어,버드독,20221012,근력/근지구력,PAPS 4-5등급 학생 체력증진 프로그램 2편(근력·근지구력 향상 편),754.787,mp4,0AUDLJ08S_00054.mp4,http://openapi.kspo.or.kr/web/image/0AUDLJ08S_00054/,81,동영상,몸통
학생건강체력평가제도(근력/근지구력),http://openapi.kspo.or.kr/web/video/,청소년 체력증진을 위한 근력/근지구력 향상 프로그램,163828411,PAPS 4-5등급 학생 체력증진,29.97,1718,1920*1080,매트,청소년,22940,0AUDLJ08S_00054_SC_00119.jpeg,2021,1인 이상,980,한국어,버드독,20221012,근력/근지구력,PAPS 4-5등급 학생 체력증진 프로그램 2편(근력·근지구력 향상 편),765.431,mp4,0AUDLJ08S_00054.mp4,http://openapi.kspo.or.kr/web/image/0AUDLJ08S_00054/,82,동영상,몸통
학생건강체력평가제도(근력/근지구력),http://openapi.kspo.or.kr/web/video/,청소년 체력증진을 위한 근력/근지구력 향상 프로그램,163828411,PAPS 4-5등급 학생 체력증진,29.97,1719,1920*1080,매트,청소년,23172,0AUDLJ08S_00054_SC_00120.jpeg,2021,1인 이상,980,한국어,버드독,20221012,근력/근지구력,PAPS 4-5등급 학생 체력증진 프로그램 2편(근력·근지구력 향상 편),773.172,mp4,0AUDLJ08S_00054.mp4,http://openapi.kspo.or.kr/web/image/0AUDLJ08S_00054/,83,동영상,몸통
학생건강체력평가제도(근력/근지구력),http://openapi.kspo.or.kr/web/video/,청소년 체력증진을 위한 근력/근지구력 향상 프로그램,163828411,PAPS 4-5등급 학생 체력증진,29.97,1720,1920*1080,매트,청소년,23346,0AUDLJ08S_00054_SC_00121.jpeg,2021,1인 이상,980,한국어,버드독,20221012,근력/근지구력,PAPS 4-5등급 학생 체력증진 프로그램 2편(근력·근지구력 향상 편),778.978,mp4,0AUDLJ08S_00054.mp4,http://openapi.kspo.or.kr/web/image/0AUDLJ08S_00054/,84,동영상,몸통
학생건강체력평가제도(근력/근지구력),http://openapi.kspo.or.kr/web/video/,청소년 체력증진을 위한 근력/근지구력 향상 프로그램,163828411,PAPS 4-5등급 학생 체력증진,29.97,1721,1920*1080,매트,청소년,24883,0AUDLJ08S_00054_SC_00124.jpeg,2021,1인 이상,980,한국어,크런치,20221012,근력/근지구력,PAPS 4-5등급 학생 체력증진 프로그램 2편(근력·근지구력 향상 편),830.262,mp4,0AUDLJ08S_00054.mp4,http://openapi.kspo.or.kr/web/image/0AUDLJ08S_00054/,85,동영상,복근
학생건강체력평가제도(근력/근지구력),http://openapi.kspo.or.kr/web/video/,청소년 체력증진을 위한 근력/근지구력 향상 프로그램,163828411,PAPS 4-5등급 학생 체력증진,29.97,1722,1920*1080,매트,청소년,25115,0AUDLJ08S_00054_SC_00125.jpeg,2021,1인 이상,980,한국어,크런치,20221012,근력/근지구력,PAPS 4-5등급 학생 체력증진 프로그램 2편(근력·근지구력 향상 편),838.003,mp4,0AUDLJ08S_00054.mp4,http://openapi.kspo.or.kr/web/image/0AUDLJ08S_00054/,86,동영상,복근
학생건강체력평가제도(근력/근지구력),http://openapi.kspo.or.kr/web/video/,청소년 체력증진을 위한 근력/근지구력 향상 프로그램,163828411,PAPS 4-5등급 학생 체력증진,29.97,1723,1920*1080,매트,청소년,25202,0AUDLJ08S_00054_SC_00126.jpeg,2021,1인 이상,980,한국어,크런치,20221012,근력/근지구력,PAPS 4-5등급 학생 체력증진 프로그램 2편(근력·근지구력 향상 편),840.906,mp4,0AUDLJ08S_00054.mp4,http://openapi.kspo.or.kr/web/image/0AUDLJ08S_00054/,87,동영상,복근
학생건강체력평가제도(근력/근지구력),http://openapi.kspo.or.kr/web/video/,청소년 체력증진을 위한 근력/근지구력 향상 프로그램,163828411,PAPS 4-5등급 학생 체력증진,29.97,1724,1920*1080,매트,청소년,25260,0AUDLJ08S_00054_SC_00127.jpeg,2021,1인 이상,980,한국어,크런치,20221012,근력/근지구력,PAPS 4-5등급 학생 체력증진 프로그램 2편(근력·근지구력 향상 편),842.842,mp4,0AUDLJ08S_00054.mp4,http://openapi.kspo.or.kr/web/image/0AUDLJ08S_00054/,88,동영상,복근
학생건강체력평가제도(근력/근지구력),http://openapi.kspo.or.kr/web/video/,청소년 체력증진을 위한 근력/근지구력 향상 프로그램,163828411,PAPS 4-5등급 학생 체력증진,29.97,1725,1920*1080,매트,청소년,25347,0AUDLJ08S_00054_SC_00128.jpeg,2021,1인 이상,980,한국어,크런치,20221012,근력/근지구력,PAPS 4-5등급 학생 체력증진 프로그램 2편(근력·근지구력 향상 편),845.744,mp4,0AUDLJ08S_00054.mp4,http://openapi.kspo.or.kr/web/image/0AUDLJ08S_00054/,89,동영상,복근
학생건강체력평가제도(근력/근지구력),http://openapi.kspo.or.kr/web/video/,청소년 체력증진을 위한 근력/근지구력 향상 프로그램,163828411,PAPS 4-5등급 학생 체력증진,29.97,1726,1920*1080,매트,청소년,25492,0AUDLJ08S_00054_SC_00129.jpeg,2021,1인 이상,980,한국어,크런치,20221012,근력/근지구력,PAPS 4-5등급 학생 체력증진 프로그램 2편(근력·근지구력 향상 편),850.583,mp4,0AUDLJ08S_00054.mp4,http://openapi.kspo.or.kr/web/image/0AUDLJ08S_00054/,90,동영상,복근
학생건강체력평가제도(근력/근지구력),http://openapi.kspo.or.kr/web/video/,청소년 체력증진을 위한 근력/근지구력 향상 프로그램,163828411,PAPS 4-5등급 학생 체력증진,29.97,1727,1920*1080,매트,청소년,25608,0AUDLJ08S_00054_SC_00130.jpeg,2021,1인 이상,980,한국어,크런치,20221012,근력/근지구력,PAPS 4-5등급 학생 체력증진 프로그램 2편(근력·근지구력 향상 편),854.453,mp4,0AUDLJ08S_00054.mp4,http://openapi.kspo.or.kr/web/image/0AUDLJ08S_00054/,91,동영상,복근
학생건강체력평가제도(근력/근지구력),http://openapi.kspo.or.kr/web/video/,청소년 체력증진을 위한 근력/근지구력 향상 프로그램,163828411,PAPS 4-5등급 학생 체력증진,29.97,1728,1920*1080,매트,청소년,26159,0AUDLJ08S_00054_SC_00133.jpeg,2021,1인 이상,980,한국어,레그레이즈,20221012,근력/근지구력,PAPS 4-5등급 학생 체력증진 프로그램 2편(근력·근지구력 향상 편),872.838,mp4,0AUDLJ08S_00054.mp4,http://openapi.kspo.or.kr/web/image/0AUDLJ08S_00054/,92,동영상,복근
학생건강체력평가제도(근력/근지구력),http://openapi.kspo.or.kr/web/video/,청소년 체력증진을 위한 근력/근지구력 향상 프로그램,163828411,PAPS 4-5등급 학생 체력증진,29.97,1729,1920*1080,매트,청소년,26304,0AUDLJ08S_00054_SC_00134.jpeg,2021,1인 이상,980,한국어,레그레이즈,20221012,근력/근지구력,PAPS 4-5등급 학생 체력증진 프로그램 2편(근력·근지구력 향상 편),877.676,mp4,0AUDLJ08S_00054.mp4,http://openapi.kspo.or.kr/web/image/0AUDLJ08S_00054/,93,동영상,복근
학생건강체력평가제도(근력/근지구력),http://openapi.kspo.or.kr/web/video/,청소년 체력증진을 위한 근력/근지구력 향상 프로그램,163828411,PAPS 4-5등급 학생 체력증진,29.97,1730,1920*1080,매트,청소년,26652,0AUDLJ08S_00054_SC_00135.jpeg,2021,1인 이상,980,한국어,레그레이즈,20221012,근력/근지구력,PAPS 4-5등급 학생 체력증진 프로그램 2편(근력·근지구력 향상 편),889.288,mp4,0AUDLJ08S_00054.mp4,http://openapi.kspo.or.kr/web/image/0AUDLJ08S_00054/,94,동영상,복근
학생건강체력평가제도(근력/근지구력),http://openapi.kspo.or.kr/web/video/,청소년 체력증진을 위한 근력/근지구력 향상 프로그램,163828411,PAPS 4-5등급 학생 체력증진,29.97,1731,1920*1080,매트,청소년,26826,0AUDLJ08S_00054_SC_00136.jpeg,2021,1인 이상,980,한국어,레그레이즈,20221012,근력/근지구력,PAPS 4-5등급 학생 체력증진 프로그램 2편(근력·근지구력 향상 편),895.094,mp4,0AUDLJ08S_00054.mp4,http://openapi.kspo.or.kr/web/image/0AUDLJ08S_00054/,95,동영상,복근
학생건강체력평가제도(근력/근지구력),http://openapi.kspo.or.kr/web/video/,청소년 체력증진을 위한 근력/근지구력 향상 프로그램,163828411,PAPS 4-5등급 학생 체력증진,29.97,1732,1920*1080,매트,청소년,27058,0AUDLJ08S_00054_SC_00137.jpeg,2021,1인 이상,980,한국어,레그레이즈,20221012,근력/근지구력,PAPS 4-5등급 학생 체력증진 프로그램 2편(근력·근지구력 향상 편),902.835,mp4,0AUDLJ08S_00054.mp4,http://openapi.kspo.or.kr/web/image/0AUDLJ08S_00054/,96,동영상,복근
학생건강체력평가제도(근력/근지구력),http://openapi.kspo.or.kr/web/video/,청소년 체력증진을 위한 근력/근지구력 향상 프로그램,163828411,PAPS 4-5등급 학생 체력증진,29.97,1733,1920*1080,매트,청소년,28247,0AUDLJ08S_00054_SC_00138.jpeg,2021,1인 이상,980,한국어,플랭크 잭,20221012,근력/근지구력,PAPS 4-5등급 학생 체력증진 프로그램 2편(근력·근지구력 향상 편),942.508,mp4,0AUDLJ08S_00054.mp4,http://openapi.kspo.or.kr/web/image/0AUDLJ08S_00054/,97,동영상,하체/복근
학생건강체력평가제도(근력/근지구력),http://openapi.kspo.or.kr/web/video/,청소년 체력증진을 위한 근력/근지구력 향상 프로그램,163828411,PAPS 4-5등급 학생 체력증진,29.97,1734,1920*1080,매트,청소년,28450,0AUDLJ08S_00054_SC_00139.jpeg,2021,1인 이상,980,한국어,플랭크 잭,20221012,근력/근지구력,PAPS 4-5등급 학생 체력증진 프로그램 2편(근력·근지구력 향상 편),949.281,mp4,0AUDLJ08S_00054.mp4,http://openapi.kspo.or.kr/web/image/0AUDLJ08S_00054/,98,동영상,하체/복근
학생건강체력평가제도(근력/근지구력),http://openapi.kspo.or.kr/web/video/,청소년 체력증진을 위한 근력/근지구력 향상 프로그램,163828411,PAPS 4-5등급 학생 체력증진,29.97,1735,1920*1080,매트,청소년,28711,0AUDLJ08S_00054_SC_00140.jpeg,2021,1인 이상,980,한국어,플랭크 잭,20221012,근력/근지구력,PAPS 4-5등급 학생 체력증진 프로그램 2편(근력·근지구력 향상 편),957.99,mp4,0AUDLJ08S_00054.mp4,http://openapi.kspo.or.kr/web/image/0AUDLJ08S_00054/,99,동영상,하체/복근
학생건강체력평가제도(근력/근지구력),http://openapi.kspo.or.kr/web/video/,청소년 체력증진을 위한 근력/근지구력 향상 프로그램,163828411,PAPS 4-5등급 학생 체력증진,29.97,1736,1920*1080,매트,청소년,28856,0AUDLJ08S_00054_SC_00141.jpeg,2021,1인 이상,980,한국어,플랭크 잭,20221012,근력/근지구력,PAPS 4-5등급 학생 체력증진 프로그램 2편(근력·근지구력 향상 편),962.828,mp4,0AUDLJ08S_00054.mp4,http://openapi.kspo.or.kr/web/image/0AUDLJ08S_00054/,100,동영상,하체/복근
학생건강체력평가제도(근력/근지구력),http://openapi.kspo.or.kr/web/video/,청소년 체력증진을 위한 근력/근지구력 향상 프로그램,163828411,PAPS 4-5등급 학생 체력증진,29.97,1737,1920*1080,매트,청소년,28885,0AUDLJ08S_00054_SC_00142.jpeg,2021,1인 이상,980,한국어,플랭크 잭,20221012,근력/근지구력,PAPS 4-5등급 학생 체력증진 프로그램 2편(근력·근지구력 향상 편),963.796,mp4,0AUDLJ08S_00054.mp4,http://openapi.kspo.or.kr/web/image/0AUDLJ08S_00054/,101,동영상,하체/복근
학생건강체력평가제도(근력/근지구력),http://openapi.kspo.or.kr/web/video/,청소년 체력증진을 위한 근력/근지구력 향상 프로그램,163828411,PAPS 4-5등급 학생 체력증진,29.97,1738,1920*1080,매트,청소년,28914,0AUDLJ08S_00054_SC_00143.jpeg,2021,1인 이상,980,한국어,플랭크 잭,20221012,근력/근지구력,PAPS 4-5등급 학생 체력증진 프로그램 2편(근력·근지구력 향상 편),964.763,mp4,0AUDLJ08S_00054.mp4,http://openapi.kspo.or.kr/web/image/0AUDLJ08S_00054/,102,동영상,하체/복근
학생건강체력평가제도(근력/근지구력),http://openapi.kspo.or.kr/web/video/,청소년 체력증진을 위한 근력/근지구력 향상 프로그램,163828411,PAPS 4-5등급 학생 체력증진,29.97,1739,1920*1080,매트,청소년,28943,0AUDLJ08S_00054_SC_00144.jpeg,2021,1인 이상,980,한국어,플랭크 잭,20221012,근력/근지구력,PAPS 4-5등급 학생 체력증진 프로그램 2편(근력·근지구력 향상 편),965.731,mp4,0AUDLJ08S_00054.mp4,http://openapi.kspo.or.kr/web/image/0AUDLJ08S_00054/,103,동영상,하체/복근
학생건강체력평가제도(민첩성/순발력),http://openapi.kspo.or.kr/web/video/,청소년 체력증진을 위한 민첩성/순발력 향상 프로그램,218022569,PAPS 4-5등급 학생 체력증진,29.97,1740,1920*1080,,청소년,175,0AUDLJ08S_00055_SC_00004.jpeg,2021,1인 이상,1299,한국어,,20221013,,PAPS 4-5등급 학생 체력증진 프로그램 3편(민첩성·순발력 향상 편),5.839,mp4,0AUDLJ08S_00055.mp4,http://openapi.kspo.or.kr/web/image/0AUDLJ08S_00055/,1,동영상,
학생건강체력평가제도(민첩성/순발력),http://openapi.kspo.or.kr/web/video/,청소년 체력증진을 위한 민첩성/순발력 향상 프로그램,218022569,PAPS 4-5등급 학생 체력증진,29.97,1741,1920*1080,,청소년,1529,0AUDLJ08S_00055_FR_00018.jpeg,2021,1인 이상,1299,한국어,투명 줄넘기,20221013,민첩성/순발력,PAPS 4-5등급 학생 체력증진 프로그램 3편(민첩성·순발력 향상 편),51.017,mp4,0AUDLJ08S_00055.mp4,http://openapi.kspo.or.kr/web/image/0AUDLJ08S_00055/,2,동영상,하체
학생건강체력평가제도(민첩성/순발력),http://openapi.kspo.or.kr/web/video/,청소년 체력증진을 위한 민첩성/순발력 향상 프로그램,218022569,PAPS 4-5등급 학생 체력증진,29.97,1742,1920*1080,,청소년,1619,0AUDLJ08S_00055_FR_00019.jpeg,2021,1인 이상,1299,한국어,투명 줄넘기,20221013,민첩성/순발력,PAPS 4-5등급 학생 체력증진 프로그램 3편(민첩성·순발력 향상 편),54.02,mp4,0AUDLJ08S_00055.mp4,http://openapi.kspo.or.kr/web/image/0AUDLJ08S_00055/,3,동영상,하체
학생건강체력평가제도(민첩성/순발력),http://openapi.kspo.or.kr/web/video/,청소년 체력증진을 위한 민첩성/순발력 향상 프로그램,218022569,PAPS 4-5등급 학생 체력증진,29.97,1743,1920*1080,,청소년,1889,0AUDLJ08S_00055_FR_00022.jpeg,2021,1인 이상,1299,한국어,투명 줄넘기,20221013,민첩성/순발력,PAPS 4-5등급 학생 체력증진 프로그램 3편(민첩성·순발력 향상 편),63.029,mp4,0AUDLJ08S_00055.mp4,http://openapi.kspo.or.kr/web/image/0AUDLJ08S_00055/,4,동영상,하체
학생건강체력평가제도(민첩성/순발력),http://openapi.kspo.or.kr/web/video/,청소년 체력증진을 위한 민첩성/순발력 향상 프로그램,218022569,PAPS 4-5등급 학생 체력증진,29.97,1744,1920*1080,,청소년,3057,0AUDLJ08S_00055_FR_00035.jpeg,2021,1인 이상,1299,한국어,한발 줄넘기,20221013,민첩성/순발력,PAPS 4-5등급 학생 체력증진 프로그램 3편(민첩성·순발력 향상 편),102.001,mp4,0AUDLJ08S_00055.mp4,http://openapi.kspo.or.kr/web/image/0AUDLJ08S_00055/,5,동영상,하체
학생건강체력평가제도(민첩성/순발력),http://openapi.kspo.or.kr/web/video/,청소년 체력증진을 위한 민첩성/순발력 향상 프로그램,218022569,PAPS 4-5등급 학생 체력증진,29.97,1745,1920*1080,,청소년,3147,0AUDLJ08S_00055_FR_00036.jpeg,2021,1인 이상,1299,한국어,한발 줄넘기,20221013,민첩성/순발력,PAPS 4-5등급 학생 체력증진 프로그램 3편(민첩성·순발력 향상 편),105.004,mp4,0AUDLJ08S_00055.mp4,http://openapi.kspo.or.kr/web/image/0AUDLJ08S_00055/,6,동영상,하체
학생건강체력평가제도(민첩성/순발력),http://openapi.kspo.or.kr/web/video/,청소년 체력증진을 위한 민첩성/순발력 향상 프로그램,218022569,PAPS 4-5등급 학생 체력증진,29.97,1746,1920*1080,,청소년,3417,0AUDLJ08S_00055_FR_00039.jpeg,2021,1인 이상,1299,한국어,한발 줄넘기,20221013,민첩성/순발력,PAPS 4-5등급 학생 체력증진 프로그램 3편(민첩성·순발력 향상 편),114.013,mp4,0AUDLJ08S_00055.mp4,http://openapi.kspo.or.kr/web/image/0AUDLJ08S_00055/,7,동영상,하체
학생건강체력평가제도(민첩성/순발력),http://openapi.kspo.or.kr/web/video/,청소년 체력증진을 위한 민첩성/순발력 향상 프로그램,218022569,PAPS 4-5등급 학생 체력증진,29.97,1747,1920*1080,,청소년,4766,0AUDLJ08S_00055_FR_00054.jpeg,2021,1인 이상,1299,한국어,손 앞으로 뻗어 발가락 터치,20221013,민첩성/순발력,PAPS 4-5등급 학생 체력증진 프로그램 3편(민첩성·순발력 향상 편),159.025,mp4,0AUDLJ08S_00055.mp4,http://openapi.kspo.or.kr/web/image/0AUDLJ08S_00055/,8,동영상,하체/복근
학생건강체력평가제도(민첩성/순발력),http://openapi.kspo.or.kr/web/video/,청소년 체력증진을 위한 민첩성/순발력 향상 프로그램,218022569,PAPS 4-5등급 학생 체력증진,29.97,1748,1920*1080,,청소년,4856,0AUDLJ08S_00055_FR_00055.jpeg,2021,1인 이상,1299,한국어,손 앞으로 뻗어 발가락 터치,20221013,민첩성/순발력,PAPS 4-5등급 학생 체력증진 프로그램 3편(민첩성·순발력 향상 편),162.028,mp4,0AUDLJ08S_00055.mp4,http://openapi.kspo.or.kr/web/image/0AUDLJ08S_00055/,9,동영상,하체/복근
학생건강체력평가제도(민첩성/순발력),http://openapi.kspo.or.kr/web/video/,청소년 체력증진을 위한 민첩성/순발력 향상 프로그램,218022569,PAPS 4-5등급 학생 체력증진,29.97,1749,1920*1080,,청소년,5125,0AUDLJ08S_00055_FR_00058.jpeg,2021,1인 이상,1299,한국어,손 앞으로 뻗어 발가락 터치,20221013,민첩성/순발력,PAPS 4-5등급 학생 체력증진 프로그램 3편(민첩성·순발력 향상 편),171.004,mp4,0AUDLJ08S_00055.mp4,http://openapi.kspo.or.kr/web/image/0AUDLJ08S_00055/,10,동영상,하체/복근
학생건강체력평가제도(민첩성/순발력),http://openapi.kspo.or.kr/web/video/,청소년 체력증진을 위한 민첩성/순발력 향상 프로그램,218022569,PAPS 4-5등급 학생 체력증진,29.97,1750,1920*1080,,청소년,6384,0AUDLJ08S_00055_FR_00072.jpeg,2021,1인 이상,1299,한국어,런닝 런지,20221013,민첩성/순발력,PAPS 4-5등급 학생 체력증진 프로그램 3편(민첩성·순발력 향상 편),213.012,mp4,0AUDLJ08S_00055.mp4,http://openapi.kspo.or.kr/web/image/0AUDLJ08S_00055/,11,동영상,하체/어깨
학생건강체력평가제도(민첩성/순발력),http://openapi.kspo.or.kr/web/video/,청소년 체력증진을 위한 민첩성/순발력 향상 프로그램,218022569,PAPS 4-5등급 학생 체력증진,29.97,1751,1920*1080,,청소년,6613,0AUDLJ08S_00055_SC_00051.jpeg,2021,1인 이상,1299,한국어,런닝 런지,20221013,민첩성/순발력,PAPS 4-5등급 학생 체력증진 프로그램 3편(민첩성·순발력 향상 편),220.653,mp4,0AUDLJ08S_00055.mp4,http://openapi.kspo.or.kr/web/image/0AUDLJ08S_00055/,12,동영상,하체/어깨
학생건강체력평가제도(민첩성/순발력),http://openapi.kspo.or.kr/web/video/,청소년 체력증진을 위한 민첩성/순발력 향상 프로그램,218022569,PAPS 4-5등급 학생 체력증진,29.97,1752,1920*1080,,청소년,6990,0AUDLJ08S_00055_SC_00055.jpeg,2021,1인 이상,1299,한국어,런닝 런지,20221013,민첩성/순발력,PAPS 4-5등급 학생 체력증진 프로그램 3편(민첩성·순발력 향상 편),233.233,mp4,0AUDLJ08S_00055.mp4,http://openapi.kspo.or.kr/web/image/0AUDLJ08S_00055/,13,동영상,하체/어깨
학생건강체력평가제도(민첩성/순발력),http://openapi.kspo.or.kr/web/video/,청소년 체력증진을 위한 민첩성/순발력 향상 프로그램,218022569,PAPS 4-5등급 학생 체력증진,29.97,1753,1920*1080,,청소년,7135,0AUDLJ08S_00055_SC_00056.jpeg,2021,1인 이상,1299,한국어,런닝 런지,20221013,민첩성/순발력,PAPS 4-5등급 학생 체력증진 프로그램 3편(민첩성·순발력 향상 편),238.071,mp4,0AUDLJ08S_00055.mp4,http://openapi.kspo.or.kr/web/image/0AUDLJ08S_00055/,14,동영상,하체/어깨
학생건강체력평가제도(민첩성/순발력),http://openapi.kspo.or.kr/web/video/,청소년 체력증진을 위한 민첩성/순발력 향상 프로그램,218022569,PAPS 4-5등급 학생 체력증진,29.97,1754,1920*1080,,청소년,8542,0AUDLJ08S_00055_FR_00096.jpeg,2021,1인 이상,1299,한국어,스플릿 점핑잭,20221013,민첩성/순발력,PAPS 4-5등급 학생 체력증진 프로그램 3편(민첩성·순발력 향상 편),285.018,mp4,0AUDLJ08S_00055.mp4,http://openapi.kspo.or.kr/web/image/0AUDLJ08S_00055/,15,동영상,하체/어깨
학생건강체력평가제도(민첩성/순발력),http://openapi.kspo.or.kr/web/video/,청소년 체력증진을 위한 민첩성/순발력 향상 프로그램,218022569,PAPS 4-5등급 학생 체력증진,29.97,1755,1920*1080,,청소년,8722,0AUDLJ08S_00055_FR_00098.jpeg,2021,1인 이상,1299,한국어,스플릿 점핑잭,20221013,민첩성/순발력,PAPS 4-5등급 학생 체력증진 프로그램 3편(민첩성·순발력 향상 편),291.024,mp4,0AUDLJ08S_00055.mp4,http://openapi.kspo.or.kr/web/image/0AUDLJ08S_00055/,16,동영상,하체/어깨
학생건강체력평가제도(민첩성/순발력),http://openapi.kspo.or.kr/web/video/,청소년 체력증진을 위한 민첩성/순발력 향상 프로그램,218022569,PAPS 4-5등급 학생 체력증진,29.97,1756,1920*1080,,청소년,8902,0AUDLJ08S_00055_FR_00100.jpeg,2021,1인 이상,1299,한국어,스플릿 점핑잭,20221013,민첩성/순발력,PAPS 4-5등급 학생 체력증진 프로그램 3편(민첩성·순발력 향상 편),297.03,mp4,0AUDLJ08S_00055.mp4,http://openapi.kspo.or.kr/web/image/0AUDLJ08S_00055/,17,동영상,하체/어깨
학생건강체력평가제도(민첩성/순발력),http://openapi.kspo.or.kr/web/video/,청소년 체력증진을 위한 민첩성/순발력 향상 프로그램,218022569,PAPS 4-5등급 학생 체력증진,29.97,1757,1920*1080,,청소년,9049,0AUDLJ08S_00055_SC_00071.jpeg,2021,1인 이상,1299,한국어,스플릿 점핑잭,20221013,민첩성/순발력,PAPS 4-5등급 학생 체력증진 프로그램 3편(민첩성·순발력 향상 편),301.934,mp4,0AUDLJ08S_00055.mp4,http://openapi.kspo.or.kr/web/image/0AUDLJ08S_00055/,18,동영상,하체/어깨
학생건강체력평가제도(민첩성/순발력),http://openapi.kspo.or.kr/web/video/,청소년 체력증진을 위한 민첩성/순발력 향상 프로그램,218022569,PAPS 4-5등급 학생 체력증진,29.97,1758,1920*1080,스텝박스,청소년,10250,0AUDLJ08S_00055_FR_00115.jpeg,2021,1인 이상,1299,한국어,박스 러닝,20221013,민첩성/순발력,PAPS 4-5등급 학생 체력증진 프로그램 3편(민첩성·순발력 향상 편),342.008,mp4,0AUDLJ08S_00055.mp4,http://openapi.kspo.or.kr/web/image/0AUDLJ08S_00055/,19,동영상,하체/어깨
학생건강체력평가제도(민첩성/순발력),http://openapi.kspo.or.kr/web/video/,청소년 체력증진을 위한 민첩성/순발력 향상 프로그램,218022569,PAPS 4-5등급 학생 체력증진,29.97,1759,1920*1080,스텝박스,청소년,10383,0AUDLJ08S_00055_SC_00080.jpeg,2021,1인 이상,1299,한국어,박스 러닝,20221013,민첩성/순발력,PAPS 4-5등급 학생 체력증진 프로그램 3편(민첩성·순발력 향상 편),346.446,mp4,0AUDLJ08S_00055.mp4,http://openapi.kspo.or.kr/web/image/0AUDLJ08S_00055/,20,동영상,하체/어깨
학생건강체력평가제도(민첩성/순발력),http://openapi.kspo.or.kr/web/video/,청소년 체력증진을 위한 민첩성/순발력 향상 프로그램,218022569,PAPS 4-5등급 학생 체력증진,29.97,1760,1920*1080,스텝박스,청소년,10615,0AUDLJ08S_00055_SC_00082.jpeg,2021,1인 이상,1299,한국어,박스 러닝,20221013,민첩성/순발력,PAPS 4-5등급 학생 체력증진 프로그램 3편(민첩성·순발력 향상 편),354.187,mp4,0AUDLJ08S_00055.mp4,http://openapi.kspo.or.kr/web/image/0AUDLJ08S_00055/,21,동영상,하체/어깨
학생건강체력평가제도(민첩성/순발력),http://openapi.kspo.or.kr/web/video/,청소년 체력증진을 위한 민첩성/순발력 향상 프로그램,218022569,PAPS 4-5등급 학생 체력증진,29.97,1761,1920*1080,스텝박스,청소년,10790,0AUDLJ08S_00055_FR_00121.jpeg,2021,1인 이상,1299,한국어,박스 러닝,20221013,민첩성/순발력,PAPS 4-5등급 학생 체력증진 프로그램 3편(민첩성·순발력 향상 편),360.026,mp4,0AUDLJ08S_00055.mp4,http://openapi.kspo.or.kr/web/image/0AUDLJ08S_00055/,22,동영상,하체/어깨
학생건강체력평가제도(민첩성/순발력),http://openapi.kspo.or.kr/web/video/,청소년 체력증진을 위한 민첩성/순발력 향상 프로그램,218022569,PAPS 4-5등급 학생 체력증진,29.97,1762,1920*1080,스텝박스,청소년,11869,0AUDLJ08S_00055_FR_00133.jpeg,2021,1인 이상,1299,한국어,박스 점프,20221013,민첩성/순발력,PAPS 4-5등급 학생 체력증진 프로그램 3편(민첩성·순발력 향상 편),396.028,mp4,0AUDLJ08S_00055.mp4,http://openapi.kspo.or.kr/web/image/0AUDLJ08S_00055/,23,동영상,하체
학생건강체력평가제도(민첩성/순발력),http://openapi.kspo.or.kr/web/video/,청소년 체력증진을 위한 민첩성/순발력 향상 프로그램,218022569,PAPS 4-5등급 학생 체력증진,29.97,1763,1920*1080,스텝박스,청소년,12048,0AUDLJ08S_00055_FR_00135.jpeg,2021,1인 이상,1299,한국어,박스 점프,20221013,민첩성/순발력,PAPS 4-5등급 학생 체력증진 프로그램 3편(민첩성·순발력 향상 편),402.001,mp4,0AUDLJ08S_00055.mp4,http://openapi.kspo.or.kr/web/image/0AUDLJ08S_00055/,24,동영상,하체
학생건강체력평가제도(민첩성/순발력),http://openapi.kspo.or.kr/web/video/,청소년 체력증진을 위한 민첩성/순발력 향상 프로그램,218022569,PAPS 4-5등급 학생 체력증진,29.97,1764,1920*1080,스텝박스,청소년,12318,0AUDLJ08S_00055_FR_00138.jpeg,2021,1인 이상,1299,한국어,박스 점프,20221013,민첩성/순발력,PAPS 4-5등급 학생 체력증진 프로그램 3편(민첩성·순발력 향상 편),411.01,mp4,0AUDLJ08S_00055.mp4,http://openapi.kspo.or.kr/web/image/0AUDLJ08S_00055/,25,동영상,하체
학생건강체력평가제도(민첩성/순발력),http://openapi.kspo.or.kr/web/video/,청소년 체력증진을 위한 민첩성/순발력 향상 프로그램,218022569,PAPS 4-5등급 학생 체력증진,29.97,1765,1920*1080,스텝박스,청소년,13847,0AUDLJ08S_00055_FR_00155.jpeg,2021,1인 이상,1299,한국어,박스 내로우 사이드 스텝,20221013,민첩성/순발력,PAPS 4-5등급 학생 체력증진 프로그램 3편(민첩성·순발력 향상 편),462.028,mp4,0AUDLJ08S_00055.mp4,http://openapi.kspo.or.kr/web/image/0AUDLJ08S_00055/,26,동영상,하체
학생건강체력평가제도(민첩성/순발력),http://openapi.kspo.or.kr/web/video/,청소년 체력증진을 위한 민첩성/순발력 향상 프로그램,218022569,PAPS 4-5등급 학생 체력증진,29.97,1766,1920*1080,스텝박스,청소년,14327,0AUDLJ08S_00055_SC_00111.jpeg,2021,1인 이상,1299,한국어,박스 내로우 사이드 스텝,20221013,민첩성/순발력,PAPS 4-5등급 학생 체력증진 프로그램 3편(민첩성·순발력 향상 편),478.044,mp4,0AUDLJ08S_00055.mp4,http://openapi.kspo.or.kr/web/image/0AUDLJ08S_00055/,27,동영상,하체
학생건강체력평가제도(민첩성/순발력),http://openapi.kspo.or.kr/web/video/,청소년 체력증진을 위한 민첩성/순발력 향상 프로그램,218022569,PAPS 4-5등급 학생 체력증진,29.97,1767,1920*1080,스텝박스,청소년,15645,0AUDLJ08S_00055_FR_00175.jpeg,2021,1인 이상,1299,한국어,박스 와이드 사이드 스텝,20221013,민첩성/순발력,PAPS 4-5등급 학생 체력증진 프로그램 3편(민첩성·순발력 향상 편),522.021,mp4,0AUDLJ08S_00055.mp4,http://openapi.kspo.or.kr/web/image/0AUDLJ08S_00055/,28,동영상,하체
학생건강체력평가제도(민첩성/순발력),http://openapi.kspo.or.kr/web/video/,청소년 체력증진을 위한 민첩성/순발력 향상 프로그램,218022569,PAPS 4-5등급 학생 체력증진,29.97,1768,1920*1080,스텝박스,청소년,15915,0AUDLJ08S_00055_FR_00178.jpeg,2021,1인 이상,1299,한국어,박스 와이드 사이드 스텝,20221013,민첩성/순발력,PAPS 4-5등급 학생 체력증진 프로그램 3편(민첩성·순발력 향상 편),531.03,mp4,0AUDLJ08S_00055.mp4,http://openapi.kspo.or.kr/web/image/0AUDLJ08S_00055/,29,동영상,하체
학생건강체력평가제도(민첩성/순발력),http://openapi.kspo.or.kr/web/video/,청소년 체력증진을 위한 민첩성/순발력 향상 프로그램,218022569,PAPS 4-5등급 학생 체력증진,29.97,1769,1920*1080,스텝박스,청소년,16094,0AUDLJ08S_00055_FR_00180.jpeg,2021,1인 이상,1299,한국어,박스 와이드 사이드 스텝,20221013,민첩성/순발력,PAPS 4-5등급 학생 체력증진 프로그램 3편(민첩성·순발력 향상 편),537.003,mp4,0AUDLJ08S_00055.mp4,http://openapi.kspo.or.kr/web/image/0AUDLJ08S_00055/,30,동영상,하체
학생건강체력평가제도(민첩성/순발력),http://openapi.kspo.or.kr/web/video/,청소년 체력증진을 위한 민첩성/순발력 향상 프로그램,218022569,PAPS 4-5등급 학생 체력증진,29.97,1770,1920*1080,줄사다리,청소년,17533,0AUDLJ08S_00055_FR_00196.jpeg,2021,1인 이상,1299,한국어,건너가기(가법게 왕복),20221013,민첩성/순발력,PAPS 4-5등급 학생 체력증진 프로그램 3편(민첩성·순발력 향상 편),585.017,mp4,0AUDLJ08S_00055.mp4,http://openapi.kspo.or.kr/web/image/0AUDLJ08S_00055/,31,동영상,하체
학생건강체력평가제도(민첩성/순발력),http://openapi.kspo.or.kr/web/video/,청소년 체력증진을 위한 민첩성/순발력 향상 프로그램,218022569,PAPS 4-5등급 학생 체력증진,29.97,1771,1920*1080,줄사다리,청소년,17662,0AUDLJ08S_00055_SC_00133.jpeg,2021,1인 이상,1299,한국어,건너가기(가법게 왕복),20221013,민첩성/순발력,PAPS 4-5등급 학생 체력증진 프로그램 3편(민첩성·순발력 향상 편),589.322,mp4,0AUDLJ08S_00055.mp4,http://openapi.kspo.or.kr/web/image/0AUDLJ08S_00055/,32,동영상,하체
학생건강체력평가제도(민첩성/순발력),http://openapi.kspo.or.kr/web/video/,청소년 체력증진을 위한 민첩성/순발력 향상 프로그램,218022569,PAPS 4-5등급 학생 체력증진,29.97,1772,1920*1080,줄사다리,청소년,20140,0AUDLJ08S_00055_FR_00225.jpeg,2021,1인 이상,1299,한국어,양발 모았다 벌려 뛰기,20221013,민첩성/순발력,PAPS 4-5등급 학생 체력증진 프로그램 3편(민첩성·순발력 향상 편),672.004,mp4,0AUDLJ08S_00055.mp4,http://openapi.kspo.or.kr/web/image/0AUDLJ08S_00055/,33,동영상,하체
학생건강체력평가제도(민첩성/순발력),http://openapi.kspo.or.kr/web/video/,청소년 체력증진을 위한 민첩성/순발력 향상 프로그램,218022569,PAPS 4-5등급 학생 체력증진,29.97,1773,1920*1080,줄사다리,청소년,20230,0AUDLJ08S_00055_FR_00226.jpeg,2021,1인 이상,1299,한국어,양발 모았다 벌려 뛰기,20221013,민첩성/순발력,PAPS 4-5등급 학생 체력증진 프로그램 3편(민첩성·순발력 향상 편),675.007,mp4,0AUDLJ08S_00055.mp4,http://openapi.kspo.or.kr/web/image/0AUDLJ08S_00055/,34,동영상,하체
학생건강체력평가제도(민첩성/순발력),http://openapi.kspo.or.kr/web/video/,청소년 체력증진을 위한 민첩성/순발력 향상 프로그램,218022569,PAPS 4-5등급 학생 체력증진,29.97,1774,1920*1080,줄사다리,청소년,20330,0AUDLJ08S_00055_SC_00146.jpeg,2021,1인 이상,1299,한국어,양발 모았다 벌려 뛰기,20221013,민첩성/순발력,PAPS 4-5등급 학생 체력증진 프로그램 3편(민첩성·순발력 향상 편),678.344,mp4,0AUDLJ08S_00055.mp4,http://openapi.kspo.or.kr/web/image/0AUDLJ08S_00055/,35,동영상,하체
학생건강체력평가제도(민첩성/순발력),http://openapi.kspo.or.kr/web/video/,청소년 체력증진을 위한 민첩성/순발력 향상 프로그램,218022569,PAPS 4-5등급 학생 체력증진,29.97,1775,1920*1080,줄사다리,청소년,22298,0AUDLJ08S_00055_FR_00249.jpeg,2021,1인 이상,1299,한국어,무릎 들며 건너가기(하이 니),20221013,민첩성/순발력,PAPS 4-5등급 학생 체력증진 프로그램 3편(민첩성·순발력 향상 편),744.009,mp4,0AUDLJ08S_00055.mp4,http://openapi.kspo.or.kr/web/image/0AUDLJ08S_00055/,36,동영상,하체
학생건강체력평가제도(민첩성/순발력),http://openapi.kspo.or.kr/web/video/,청소년 체력증진을 위한 민첩성/순발력 향상 프로그램,218022569,PAPS 4-5등급 학생 체력증진,29.97,1776,1920*1080,줄사다리,청소년,24546,0AUDLJ08S_00055_FR_00274.jpeg,2021,1인 이상,1299,한국어,양발 모았다 벌려 뛰기,20221013,민첩성/순발력,PAPS 4-5등급 학생 체력증진 프로그램 3편(민첩성·순발력 향상 편),819.018,mp4,0AUDLJ08S_00055.mp4,http://openapi.kspo.or.kr/web/image/0AUDLJ08S_00055/,37,동영상,하체/어깨
학생건강체력평가제도(민첩성/순발력),http://openapi.kspo.or.kr/web/video/,청소년 체력증진을 위한 민첩성/순발력 향상 프로그램,218022569,PAPS 4-5등급 학생 체력증진,29.97,1777,1920*1080,줄사다리,청소년,24709,0AUDLJ08S_00055_SC_00158.jpeg,2021,1인 이상,1299,한국어,양발 모았다 벌려 뛰기,20221013,민첩성/순발력,PAPS 4-5등급 학생 체력증진 프로그램 3편(민첩성·순발력 향상 편),824.456,mp4,0AUDLJ08S_00055.mp4,http://openapi.kspo.or.kr/web/image/0AUDLJ08S_00055/,38,동영상,하체/어깨
학생건강체력평가제도(민첩성/순발력),http://openapi.kspo.or.kr/web/video/,청소년 체력증진을 위한 민첩성/순발력 향상 프로그램,218022569,PAPS 4-5등급 학생 체력증진,29.97,1778,1920*1080,줄사다리,청소년,24912,0AUDLJ08S_00055_SC_00163.jpeg,2021,1인 이상,1299,한국어,양발 모았다 벌려 뛰기,20221013,민첩성/순발력,PAPS 4-5등급 학생 체력증진 프로그램 3편(민첩성·순발력 향상 편),831.23,mp4,0AUDLJ08S_00055.mp4,http://openapi.kspo.or.kr/web/image/0AUDLJ08S_00055/,39,동영상,하체/어깨
학생건강체력평가제도(민첩성/순발력),http://openapi.kspo.or.kr/web/video/,청소년 체력증진을 위한 민첩성/순발력 향상 프로그램,218022569,PAPS 4-5등급 학생 체력증진,29.97,1779,1920*1080,줄사다리,청소년,27603,0AUDLJ08S_00055_FR_00308.jpeg,2021,1인 이상,1299,한국어,한발 앞뒤 교차스텝,20221013,민첩성/순발력,PAPS 4-5등급 학생 체력증진 프로그램 3편(민첩성·순발력 향상 편),921.02,mp4,0AUDLJ08S_00055.mp4,http://openapi.kspo.or.kr/web/image/0AUDLJ08S_00055/,40,동영상,하체
학생건강체력평가제도(민첩성/순발력),http://openapi.kspo.or.kr/web/video/,청소년 체력증진을 위한 민첩성/순발력 향상 프로그램,218022569,PAPS 4-5등급 학생 체력증진,29.97,1780,1920*1080,줄사다리,청소년,27693,0AUDLJ08S_00055_FR_00309.jpeg,2021,1인 이상,1299,한국어,한발 앞뒤 교차스텝,20221013,민첩성/순발력,PAPS 4-5등급 학생 체력증진 프로그램 3편(민첩성·순발력 향상 편),924.023,mp4,0AUDLJ08S_00055.mp4,http://openapi.kspo.or.kr/web/image/0AUDLJ08S_00055/,41,동영상,하체
학생건강체력평가제도(민첩성/순발력),http://openapi.kspo.or.kr/web/video/,청소년 체력증진을 위한 민첩성/순발력 향상 프로그램,218022569,PAPS 4-5등급 학생 체력증진,29.97,1781,1920*1080,줄사다리,청소년,27783,0AUDLJ08S_00055_SC_00178.jpeg,2021,1인 이상,1299,한국어,한발 앞뒤 교차스텝,20221013,민첩성/순발력,PAPS 4-5등급 학생 체력증진 프로그램 3편(민첩성·순발력 향상 편),927.026,mp4,0AUDLJ08S_00055.mp4,http://openapi.kspo.or.kr/web/image/0AUDLJ08S_00055/,42,동영상,하체
학생건강체력평가제도(민첩성/순발력),http://openapi.kspo.or.kr/web/video/,청소년 체력증진을 위한 민첩성/순발력 향상 프로그램,218022569,PAPS 4-5등급 학생 체력증진,29.97,1782,1920*1080,줄사다리,청소년,30660,0AUDLJ08S_00055_FR_00342.jpeg,2021,1인 이상,1299,한국어,양발 앞뒤 교차스텝,20221013,민첩성/순발력,PAPS 4-5등급 학생 체력증진 프로그램 3편(민첩성·순발력 향상 편),1023.022,mp4,0AUDLJ08S_00055.mp4,http://openapi.kspo.or.kr/web/image/0AUDLJ08S_00055/,43,동영상,하체
학생건강체력평가제도(민첩성/순발력),http://openapi.kspo.or.kr/web/video/,청소년 체력증진을 위한 민첩성/순발력 향상 프로그램,218022569,PAPS 4-5등급 학생 체력증진,29.97,1783,1920*1080,줄사다리,청소년,30840,0AUDLJ08S_00055_FR_00344.jpeg,2021,1인 이상,1299,한국어,양발 앞뒤 교차스텝,20221013,민첩성/순발력,PAPS 4-5등급 학생 체력증진 프로그램 3편(민첩성·순발력 향상 편),1029.028,mp4,0AUDLJ08S_00055.mp4,http://openapi.kspo.or.kr/web/image/0AUDLJ08S_00055/,44,동영상,하체
학생건강체력평가제도(민첩성/순발력),http://openapi.kspo.or.kr/web/video/,청소년 체력증진을 위한 민첩성/순발력 향상 프로그램,218022569,PAPS 4-5등급 학생 체력증진,29.97,1784,1920*1080,줄사다리,청소년,30973,0AUDLJ08S_00055_SC_00194.jpeg,2021,1인 이상,1299,한국어,양발 앞뒤 교차스텝,20221013,민첩성/순발력,PAPS 4-5등급 학생 체력증진 프로그램 3편(민첩성·순발력 향상 편),1033.465,mp4,0AUDLJ08S_00055.mp4,http://openapi.kspo.or.kr/web/image/0AUDLJ08S_00055/,45,동영상,하체
학생건강체력평가제도(민첩성/순발력),http://openapi.kspo.or.kr/web/video/,청소년 체력증진을 위한 민첩성/순발력 향상 프로그램,218022569,PAPS 4-5등급 학생 체력증진,29.97,1785,1920*1080,줄사다리,청소년,33717,0AUDLJ08S_00055_FR_00376.jpeg,2021,1인 이상,1299,한국어,사다리 사이드 점프,20221013,민첩성/순발력,PAPS 4-5등급 학생 체력증진 프로그램 3편(민첩성·순발력 향상 편),1125.023,mp4,0AUDLJ08S_00055.mp4,http://openapi.kspo.or.kr/web/image/0AUDLJ08S_00055/,46,동영상,하체
학생건강체력평가제도(민첩성/순발력),http://openapi.kspo.or.kr/web/video/,청소년 체력증진을 위한 민첩성/순발력 향상 프로그램,218022569,PAPS 4-5등급 학생 체력증진,29.97,1786,1920*1080,줄사다리,청소년,34105,0AUDLJ08S_00055_SC_00203.jpeg,2021,1인 이상,1299,한국어,사다리 사이드 점프,20221013,민첩성/순발력,PAPS 4-5등급 학생 체력증진 프로그램 3편(민첩성·순발력 향상 편),1137.97,mp4,0AUDLJ08S_00055.mp4,http://openapi.kspo.or.kr/web/image/0AUDLJ08S_00055/,47,동영상,하체
학생건강체력평가제도(민첩성/순발력),http://openapi.kspo.or.kr/web/video/,청소년 체력증진을 위한 민첩성/순발력 향상 프로그램,218022569,PAPS 4-5등급 학생 체력증진,29.97,1787,1920*1080,줄사다리,청소년,35515,0AUDLJ08S_00055_FR_00396.jpeg,2021,1인 이상,1299,한국어,사다리 프론트 점프,20221013,민첩성/순발력,PAPS 4-5등급 학생 체력증진 프로그램 3편(민첩성·순발력 향상 편),1185.017,mp4,0AUDLJ08S_00055.mp4,http://openapi.kspo.or.kr/web/image/0AUDLJ08S_00055/,48,동영상,하체
학생건강체력평가제도(민첩성/순발력),http://openapi.kspo.or.kr/web/video/,청소년 체력증진을 위한 민첩성/순발력 향상 프로그램,218022569,PAPS 4-5등급 학생 체력증진,29.97,1788,1920*1080,줄사다리,청소년,35695,0AUDLJ08S_00055_FR_00398.jpeg,2021,1인 이상,1299,한국어,사다리 프론트 점프,20221013,민첩성/순발력,PAPS 4-5등급 학생 체력증진 프로그램 3편(민첩성·순발력 향상 편),1191.023,mp4,0AUDLJ08S_00055.mp4,http://openapi.kspo.or.kr/web/image/0AUDLJ08S_00055/,49,동영상,하체
학생건강체력평가제도(민첩성/순발력),http://openapi.kspo.or.kr/web/video/,청소년 체력증진을 위한 민첩성/순발력 향상 프로그램,218022569,PAPS 4-5등급 학생 체력증진,29.97,1789,1920*1080,줄사다리,청소년,37223,0AUDLJ08S_00055_FR_00415.jpeg,2021,1인 이상,1299,한국어,사이드스텝,20221013,민첩성/순발력,PAPS 4-5등급 학생 체력증진 프로그램 3편(민첩성·순발력 향상 편),1242.007,mp4,0AUDLJ08S_00055.mp4,http://openapi.kspo.or.kr/web/image/0AUDLJ08S_00055/,50,동영상,하체
학생건강체력평가제도(민첩성/순발력),http://openapi.kspo.or.kr/web/video/,청소년 체력증진을 위한 민첩성/순발력 향상 프로그램,218022569,PAPS 4-5등급 학생 체력증진,29.97,1790,1920*1080,줄사다리,청소년,37313,0AUDLJ08S_00055_FR_00416.jpeg,2021,1인 이상,1299,한국어,사이드스텝,20221013,민첩성/순발력,PAPS 4-5등급 학생 체력증진 프로그램 3편(민첩성·순발력 향상 편),1245.01,mp4,0AUDLJ08S_00055.mp4,http://openapi.kspo.or.kr/web/image/0AUDLJ08S_00055/,51,동영상,하체
학생건강체력평가제도(민첩성/순발력),http://openapi.kspo.or.kr/web/video/,청소년 체력증진을 위한 민첩성/순발력 향상 프로그램,218022569,PAPS 4-5등급 학생 체력증진,29.97,1791,1920*1080,줄사다리,청소년,37583,0AUDLJ08S_00055_FR_00419.jpeg,2021,1인 이상,1299,한국어,사이드스텝,20221013,민첩성/순발력,PAPS 4-5등급 학생 체력증진 프로그램 3편(민첩성·순발력 향상 편),1254.019,mp4,0AUDLJ08S_00055.mp4,http://openapi.kspo.or.kr/web/image/0AUDLJ08S_00055/,52,동영상,하체
어깨 운동,http://openapi.kspo.or.kr/web/video/,직장인을 위한 뭉친 어깨 예방 운동프로그램,195061219,직장인 뭉친 어깨 예방,29.97,1792,1920*1080,의자,성인,9948,0AUDLJ08S_00056_SC_00051.jpeg,2021,1인 이상,1168,한국어,어깨 옆 근육 늘려주기,20221021,유연성,직장인을 위한 운동프로그램(뭉친 어깨 안녕),331.931,mp4,0AUDLJ08S_00056.mp4,http://openapi.kspo.or.kr/web/image/0AUDLJ08S_00056/,15,동영상,어깨
어깨 운동,http://openapi.kspo.or.kr/web/video/,직장인을 위한 뭉친 어깨 예방 운동프로그램,195061219,직장인 뭉친 어깨 예방,29.97,1793,1920*1080,의자,성인,10209,0AUDLJ08S_00056_SC_00052.jpeg,2021,1인 이상,1168,한국어,어깨 옆 근육 늘려주기,20221021,유연성,직장인을 위한 운동프로그램(뭉친 어깨 안녕),340.64,mp4,0AUDLJ08S_00056.mp4,http://openapi.kspo.or.kr/web/image/0AUDLJ08S_00056/,16,동영상,어깨
어깨 운동,http://openapi.kspo.or.kr/web/video/,직장인을 위한 뭉친 어깨 예방 운동프로그램,195061219,직장인 뭉친 어깨 예방,29.97,1794,1920*1080,의자,성인,11688,0AUDLJ08S_00056_SC_00056.jpeg,2021,1인 이상,1168,한국어,어깨 앞 근육 늘려주기,20221021,유연성,직장인을 위한 운동프로그램(뭉친 어깨 안녕),389.989,mp4,0AUDLJ08S_00056.mp4,http://openapi.kspo.or.kr/web/image/0AUDLJ08S_00056/,17,동영상,어깨
어깨 운동,http://openapi.kspo.or.kr/web/video/,직장인을 위한 뭉친 어깨 예방 운동프로그램,195061219,직장인 뭉친 어깨 예방,29.97,1795,1920*1080,의자,성인,12239,0AUDLJ08S_00056_SC_00061.jpeg,2021,1인 이상,1168,한국어,어깨 앞 근육 늘려주기,20221021,유연성,직장인을 위한 운동프로그램(뭉친 어깨 안녕),408.374,mp4,0AUDLJ08S_00056.mp4,http://openapi.kspo.or.kr/web/image/0AUDLJ08S_00056/,18,동영상,어깨
어깨 운동,http://openapi.kspo.or.kr/web/video/,직장인을 위한 뭉친 어깨 예방 운동프로그램,195061219,직장인 뭉친 어깨 예방,29.97,1796,1920*1080,의자,성인,14116,0AUDLJ08S_00056_FR_00158.jpeg,2021,1인 이상,1168,한국어,어깨 뒤쪽 근육 늘려주기,20221021,유연성,직장인을 위한 운동프로그램(뭉친 어깨 안녕),471.003,mp4,0AUDLJ08S_00056.mp4,http://openapi.kspo.or.kr/web/image/0AUDLJ08S_00056/,19,동영상,어깨
어깨 운동,http://openapi.kspo.or.kr/web/video/,직장인을 위한 뭉친 어깨 예방 운동프로그램,195061219,직장인 뭉친 어깨 예방,29.97,1797,1920*1080,,성인,175,0AUDLJ08S_00056_SC_00004.jpeg,2021,1인 이상,1168,한국어,,20221021,,직장인을 위한 운동프로그램(뭉친 어깨 안녕),5.839,mp4,0AUDLJ08S_00056.mp4,http://openapi.kspo.or.kr/web/image/0AUDLJ08S_00056/,1,동영상,
어깨 운동,http://openapi.kspo.or.kr/web/video/,직장인을 위한 뭉친 어깨 예방 운동프로그램,195061219,직장인 뭉친 어깨 예방,29.97,1798,1920*1080,의자,성인,1619,0AUDLJ08S_00056_FR_00019.jpeg,2021,1인 이상,1168,한국어,목 옆으로 숙여주기,20221021,유연성,직장인을 위한 운동프로그램(뭉친 어깨 안녕),54.02,mp4,0AUDLJ08S_00056.mp4,http://openapi.kspo.or.kr/web/image/0AUDLJ08S_00056/,2,동영상,목
어깨 운동,http://openapi.kspo.or.kr/web/video/,직장인을 위한 뭉친 어깨 예방 운동프로그램,195061219,직장인 뭉친 어깨 예방,29.97,1799,1920*1080,의자,성인,1770,0AUDLJ08S_00056_SC_00015.jpeg,2021,1인 이상,1168,한국어,목 옆으로 숙여주기,20221021,유연성,직장인을 위한 운동프로그램(뭉친 어깨 안녕),59.059,mp4,0AUDLJ08S_00056.mp4,http://openapi.kspo.or.kr/web/image/0AUDLJ08S_00056/,3,동영상,목
어깨 운동,http://openapi.kspo.or.kr/web/video/,직장인을 위한 뭉친 어깨 예방 운동프로그램,195061219,직장인 뭉친 어깨 예방,29.97,1800,1920*1080,의자,성인,2068,0AUDLJ08S_00056_FR_00024.jpeg,2021,1인 이상,1168,한국어,목 옆으로 숙여주기,20221021,유연성,직장인을 위한 운동프로그램(뭉친 어깨 안녕),69.002,mp4,0AUDLJ08S_00056.mp4,http://openapi.kspo.or.kr/web/image/0AUDLJ08S_00056/,4,동영상,목
어깨 운동,http://openapi.kspo.or.kr/web/video/,직장인을 위한 뭉친 어깨 예방 운동프로그램,195061219,직장인 뭉친 어깨 예방,29.97,1801,1920*1080,의자,성인,3510,0AUDLJ08S_00056_SC_00021.jpeg,2021,1인 이상,1168,한국어,목 사선으로 숙여주기,20221021,유연성,직장인을 위한 운동프로그램(뭉친 어깨 안녕),117.117,mp4,0AUDLJ08S_00056.mp4,http://openapi.kspo.or.kr/web/image/0AUDLJ08S_00056/,5,동영상,목
어깨 운동,http://openapi.kspo.or.kr/web/video/,직장인을 위한 뭉친 어깨 예방 운동프로그램,195061219,직장인 뭉친 어깨 예방,29.97,1802,1920*1080,의자,성인,3684,0AUDLJ08S_00056_SC_00026.jpeg,2021,1인 이상,1168,한국어,목 사선으로 숙여주기,20221021,유연성,직장인을 위한 운동프로그램(뭉친 어깨 안녕),122.922,mp4,0AUDLJ08S_00056.mp4,http://openapi.kspo.or.kr/web/image/0AUDLJ08S_00056/,6,동영상,목
어깨 운동,http://openapi.kspo.or.kr/web/video/,직장인을 위한 뭉친 어깨 예방 운동프로그램,195061219,직장인 뭉친 어깨 예방,29.97,1803,1920*1080,의자,성인,3777,0AUDLJ08S_00056_FR_00043.jpeg,2021,1인 이상,1168,한국어,목 사선으로 숙여주기,20221021,유연성,직장인을 위한 운동프로그램(뭉친 어깨 안녕),126.025,mp4,0AUDLJ08S_00056.mp4,http://openapi.kspo.or.kr/web/image/0AUDLJ08S_00056/,7,동영상,목
어깨 운동,http://openapi.kspo.or.kr/web/video/,직장인을 위한 뭉친 어깨 예방 운동프로그램,195061219,직장인 뭉친 어깨 예방,29.97,1804,1920*1080,의자,성인,5395,0AUDLJ08S_00056_FR_00061.jpeg,2021,1인 이상,1168,한국어,목 앞뒤로 숙여주기,20221021,유연성,직장인을 위한 운동프로그램(뭉친 어깨 안녕),180.013,mp4,0AUDLJ08S_00056.mp4,http://openapi.kspo.or.kr/web/image/0AUDLJ08S_00056/,8,동영상,목
어깨 운동,http://openapi.kspo.or.kr/web/video/,직장인을 위한 뭉친 어깨 예방 운동프로그램,195061219,직장인 뭉친 어깨 예방,29.97,1805,1920*1080,의자,성인,5569,0AUDLJ08S_00056_SC_00032.jpeg,2021,1인 이상,1168,한국어,목 앞뒤로 숙여주기,20221021,유연성,직장인을 위한 운동프로그램(뭉친 어깨 안녕),185.818,mp4,0AUDLJ08S_00056.mp4,http://openapi.kspo.or.kr/web/image/0AUDLJ08S_00056/,9,동영상,목
어깨 운동,http://openapi.kspo.or.kr/web/video/,직장인을 위한 뭉친 어깨 예방 운동프로그램,195061219,직장인 뭉친 어깨 예방,29.97,1806,1920*1080,의자,성인,6033,0AUDLJ08S_00056_SC_00034.jpeg,2021,1인 이상,1168,한국어,목 앞뒤로 숙여주기,20221021,유연성,직장인을 위한 운동프로그램(뭉친 어깨 안녕),201.301,mp4,0AUDLJ08S_00056.mp4,http://openapi.kspo.or.kr/web/image/0AUDLJ08S_00056/,10,동영상,목
어깨 운동,http://openapi.kspo.or.kr/web/video/,직장인을 위한 뭉친 어깨 예방 운동프로그램,195061219,직장인 뭉친 어깨 예방,29.97,1807,1920*1080,의자,성인,7512,0AUDLJ08S_00056_SC_00038.jpeg,2021,1인 이상,1168,한국어,목 사선으로 들어주기,20221021,유연성,직장인을 위한 운동프로그램(뭉친 어깨 안녕),250.65,mp4,0AUDLJ08S_00056.mp4,http://openapi.kspo.or.kr/web/image/0AUDLJ08S_00056/,11,동영상,목
어깨 운동,http://openapi.kspo.or.kr/web/video/,직장인을 위한 뭉친 어깨 예방 운동프로그램,195061219,직장인 뭉친 어깨 예방,29.97,1808,1920*1080,의자,성인,7773,0AUDLJ08S_00056_SC_00040.jpeg,2021,1인 이상,1168,한국어,목 사선으로 들어주기,20221021,유연성,직장인을 위한 운동프로그램(뭉친 어깨 안녕),259.359,mp4,0AUDLJ08S_00056.mp4,http://openapi.kspo.or.kr/web/image/0AUDLJ08S_00056/,12,동영상,목
어깨 운동,http://openapi.kspo.or.kr/web/video/,직장인을 위한 뭉친 어깨 예방 운동프로그램,195061219,직장인 뭉친 어깨 예방,29.97,1809,1920*1080,의자,성인,8121,0AUDLJ08S_00056_SC_00045.jpeg,2021,1인 이상,1168,한국어,목 사선으로 들어주기,20221021,유연성,직장인을 위한 운동프로그램(뭉친 어깨 안녕),270.97,mp4,0AUDLJ08S_00056.mp4,http://openapi.kspo.or.kr/web/image/0AUDLJ08S_00056/,13,동영상,목
어깨 운동,http://openapi.kspo.or.kr/web/video/,직장인을 위한 뭉친 어깨 예방 운동프로그램,195061219,직장인 뭉친 어깨 예방,29.97,1810,1920*1080,의자,성인,9803,0AUDLJ08S_00056_SC_00050.jpeg,2021,1인 이상,1168,한국어,어깨 옆 근육 늘려주기,20221021,유연성,직장인을 위한 운동프로그램(뭉친 어깨 안녕),327.093,mp4,0AUDLJ08S_00056.mp4,http://openapi.kspo.or.kr/web/image/0AUDLJ08S_00056/,14,동영상,어깨
어깨 운동,http://openapi.kspo.or.kr/web/video/,직장인을 위한 뭉친 어깨 예방 운동프로그램,195061219,직장인 뭉친 어깨 예방,29.97,1811,1920*1080,의자,성인,14269,0AUDLJ08S_00056_SC_00069.jpeg,2021,1인 이상,1168,한국어,어깨 뒤쪽 근육 늘려주기,20221021,유연성,직장인을 위한 운동프로그램(뭉친 어깨 안녕),476.108,mp4,0AUDLJ08S_00056.mp4,http://openapi.kspo.or.kr/web/image/0AUDLJ08S_00056/,20,동영상,어깨
어깨 운동,http://openapi.kspo.or.kr/web/video/,직장인을 위한 뭉친 어깨 예방 운동프로그램,195061219,직장인 뭉친 어깨 예방,29.97,1812,1920*1080,물병,성인,16364,0AUDLJ08S_00056_FR_00183.jpeg,2021,1인 이상,1168,한국어,팔 옆으로 들어주기,20221021,근력/근지구력,직장인을 위한 운동프로그램(뭉친 어깨 안녕),546.012,mp4,0AUDLJ08S_00056.mp4,http://openapi.kspo.or.kr/web/image/0AUDLJ08S_00056/,21,동영상,어깨
어깨 운동,http://openapi.kspo.or.kr/web/video/,직장인을 위한 뭉친 어깨 예방 운동프로그램,195061219,직장인 뭉친 어깨 예방,29.97,1813,1920*1080,물병,성인,16502,0AUDLJ08S_00056_SC_00080.jpeg,2021,1인 이상,1168,한국어,팔 옆으로 들어주기,20221021,근력/근지구력,직장인을 위한 운동프로그램(뭉친 어깨 안녕),550.616,mp4,0AUDLJ08S_00056.mp4,http://openapi.kspo.or.kr/web/image/0AUDLJ08S_00056/,22,동영상,어깨
어깨 운동,http://openapi.kspo.or.kr/web/video/,직장인을 위한 뭉친 어깨 예방 운동프로그램,195061219,직장인 뭉친 어깨 예방,29.97,1814,1920*1080,물병,성인,16734,0AUDLJ08S_00056_SC_00081.jpeg,2021,1인 이상,1168,한국어,팔 옆으로 들어주기,20221021,근력/근지구력,직장인을 위한 운동프로그램(뭉친 어깨 안녕),558.357,mp4,0AUDLJ08S_00056.mp4,http://openapi.kspo.or.kr/web/image/0AUDLJ08S_00056/,23,동영상,어깨
어깨 운동,http://openapi.kspo.or.kr/web/video/,직장인을 위한 뭉친 어깨 예방 운동프로그램,195061219,직장인 뭉친 어깨 예방,29.97,1815,1920*1080,물병,성인,19489,0AUDLJ08S_00056_SC_00086.jpeg,2021,1인 이상,1168,한국어,팔 앞으로 들어주기,20221021,근력/근지구력,직장인을 위한 운동프로그램(뭉친 어깨 안녕),650.282,mp4,0AUDLJ08S_00056.mp4,http://openapi.kspo.or.kr/web/image/0AUDLJ08S_00056/,24,동영상,어깨
어깨 운동,http://openapi.kspo.or.kr/web/video/,직장인을 위한 뭉친 어깨 예방 운동프로그램,195061219,직장인 뭉친 어깨 예방,29.97,1816,1920*1080,물병,성인,19692,0AUDLJ08S_00056_SC_00087.jpeg,2021,1인 이상,1168,한국어,팔 앞으로 들어주기,20221021,근력/근지구력,직장인을 위한 운동프로그램(뭉친 어깨 안녕),657.056,mp4,0AUDLJ08S_00056.mp4,http://openapi.kspo.or.kr/web/image/0AUDLJ08S_00056/,25,동영상,어깨
어깨 운동,http://openapi.kspo.or.kr/web/video/,직장인을 위한 뭉친 어깨 예방 운동프로그램,195061219,직장인 뭉친 어깨 예방,29.97,1817,1920*1080,물병,성인,19895,0AUDLJ08S_00056_SC_00088.jpeg,2021,1인 이상,1168,한국어,팔 앞으로 들어주기,20221021,근력/근지구력,직장인을 위한 운동프로그램(뭉친 어깨 안녕),663.829,mp4,0AUDLJ08S_00056.mp4,http://openapi.kspo.or.kr/web/image/0AUDLJ08S_00056/,26,동영상,어깨
어깨 운동,http://openapi.kspo.or.kr/web/video/,직장인을 위한 뭉친 어깨 예방 운동프로그램,195061219,직장인 뭉친 어깨 예방,29.97,1818,1920*1080,물병,성인,22505,0AUDLJ08S_00056_SC_00094.jpeg,2021,1인 이상,1168,한국어,팔 안쪽으로 회전한 상태로 옆으로 들어주기,20221021,근력/근지구력,직장인을 위한 운동프로그램(뭉친 어깨 안녕),750.916,mp4,0AUDLJ08S_00056.mp4,http://openapi.kspo.or.kr/web/image/0AUDLJ08S_00056/,27,동영상,어깨
어깨 운동,http://openapi.kspo.or.kr/web/video/,직장인을 위한 뭉친 어깨 예방 운동프로그램,195061219,직장인 뭉친 어깨 예방,29.97,1819,1920*1080,물병,성인,22568,0AUDLJ08S_00056_FR_00252.jpeg,2021,1인 이상,1168,한국어,팔 안쪽으로 회전한 상태로 옆으로 들어주기,20221021,근력/근지구력,직장인을 위한 운동프로그램(뭉친 어깨 안녕),753.018,mp4,0AUDLJ08S_00056.mp4,http://openapi.kspo.or.kr/web/image/0AUDLJ08S_00056/,28,동영상,어깨
어깨 운동,http://openapi.kspo.or.kr/web/video/,직장인을 위한 뭉친 어깨 예방 운동프로그램,195061219,직장인 뭉친 어깨 예방,29.97,1820,1920*1080,물병,성인,22838,0AUDLJ08S_00056_FR_00255.jpeg,2021,1인 이상,1168,한국어,팔 안쪽으로 회전한 상태로 옆으로 들어주기,20221021,근력/근지구력,직장인을 위한 운동프로그램(뭉친 어깨 안녕),762.027,mp4,0AUDLJ08S_00056.mp4,http://openapi.kspo.or.kr/web/image/0AUDLJ08S_00056/,29,동영상,어깨
어깨 운동,http://openapi.kspo.or.kr/web/video/,직장인을 위한 뭉친 어깨 예방 운동프로그램,195061219,직장인 뭉친 어깨 예방,29.97,1821,1920*1080,물병,성인,25927,0AUDLJ08S_00056_SC_00101.jpeg,2021,1인 이상,1168,한국어,팔 모아서 들어올리기,20221021,근력/근지구력,직장인을 위한 운동프로그램(뭉친 어깨 안녕),865.097,mp4,0AUDLJ08S_00056.mp4,http://openapi.kspo.or.kr/web/image/0AUDLJ08S_00056/,30,동영상,어깨
어깨 운동,http://openapi.kspo.or.kr/web/video/,직장인을 위한 뭉친 어깨 예방 운동프로그램,195061219,직장인 뭉친 어깨 예방,29.97,1822,1920*1080,물병,성인,26246,0AUDLJ08S_00056_SC_00103.jpeg,2021,1인 이상,1168,한국어,팔 모아서 들어올리기,20221021,근력/근지구력,직장인을 위한 운동프로그램(뭉친 어깨 안녕),875.741,mp4,0AUDLJ08S_00056.mp4,http://openapi.kspo.or.kr/web/image/0AUDLJ08S_00056/,31,동영상,어깨
어깨 운동,http://openapi.kspo.or.kr/web/video/,직장인을 위한 뭉친 어깨 예방 운동프로그램,195061219,직장인 뭉친 어깨 예방,29.97,1823,1920*1080,물병,성인,28952,0AUDLJ08S_00056_FR_00323.jpeg,2021,1인 이상,1168,한국어,팔 위쪽으로 들어올리기,20221021,근력/근지구력,직장인을 위한 운동프로그램(뭉친 어깨 안녕),966.031,mp4,0AUDLJ08S_00056.mp4,http://openapi.kspo.or.kr/web/image/0AUDLJ08S_00056/,32,동영상,어깨
어깨 운동,http://openapi.kspo.or.kr/web/video/,직장인을 위한 뭉친 어깨 예방 운동프로그램,195061219,직장인 뭉친 어깨 예방,29.97,1824,1920*1080,물병,성인,29041,0AUDLJ08S_00056_FR_00324.jpeg,2021,1인 이상,1168,한국어,팔 위쪽으로 들어올리기,20221021,근력/근지구력,직장인을 위한 운동프로그램(뭉친 어깨 안녕),969.001,mp4,0AUDLJ08S_00056.mp4,http://openapi.kspo.or.kr/web/image/0AUDLJ08S_00056/,33,동영상,어깨
어깨 운동,http://openapi.kspo.or.kr/web/video/,직장인을 위한 뭉친 어깨 예방 운동프로그램,195061219,직장인 뭉친 어깨 예방,29.97,1825,1920*1080,물병,성인,29378,0AUDLJ08S_00056_SC_00110.jpeg,2021,1인 이상,1168,한국어,팔 위쪽으로 들어올리기,20221021,근력/근지구력,직장인을 위한 운동프로그램(뭉친 어깨 안녕),980.245,mp4,0AUDLJ08S_00056.mp4,http://openapi.kspo.or.kr/web/image/0AUDLJ08S_00056/,34,동영상,어깨
어깨 운동,http://openapi.kspo.or.kr/web/video/,직장인을 위한 뭉친 어깨 예방 운동프로그램,195061219,직장인 뭉친 어깨 예방,29.97,1826,1920*1080,물병,성인,31469,0AUDLJ08S_00056_FR_00351.jpeg,2021,1인 이상,1168,한국어,팔 회전하며 위쪽으로 들어올리기,20221021,근력/근지구력,직장인을 위한 운동프로그램(뭉친 어깨 안녕),1050.015,mp4,0AUDLJ08S_00056.mp4,http://openapi.kspo.or.kr/web/image/0AUDLJ08S_00056/,35,동영상,어깨
어깨 운동,http://openapi.kspo.or.kr/web/video/,직장인을 위한 뭉친 어깨 예방 운동프로그램,195061219,직장인 뭉친 어깨 예방,29.97,1827,1920*1080,물병,성인,31739,0AUDLJ08S_00056_FR_00354.jpeg,2021,1인 이상,1168,한국어,팔 회전하며 위쪽으로 들어올리기,20221021,근력/근지구력,직장인을 위한 운동프로그램(뭉친 어깨 안녕),1059.024,mp4,0AUDLJ08S_00056.mp4,http://openapi.kspo.or.kr/web/image/0AUDLJ08S_00056/,36,동영상,어깨
어깨 운동,http://openapi.kspo.or.kr/web/video/,직장인을 위한 뭉친 어깨 예방 운동프로그램,195061219,직장인 뭉친 어깨 예방,29.97,1828,1920*1080,물병,성인,31843,0AUDLJ08S_00056_SC_00116.jpeg,2021,1인 이상,1168,한국어,팔 회전하며 위쪽으로 들어올리기,20221021,근력/근지구력,직장인을 위한 운동프로그램(뭉친 어깨 안녕),1062.494,mp4,0AUDLJ08S_00056.mp4,http://openapi.kspo.or.kr/web/image/0AUDLJ08S_00056/,37,동영상,어깨
어깨 운동,http://openapi.kspo.or.kr/web/video/,직장인을 위한 뭉친 어깨 예방 운동프로그램,195061219,직장인 뭉친 어깨 예방,29.97,1829,1920*1080,물병,성인,32017,0AUDLJ08S_00056_SC_00117.jpeg,2021,1인 이상,1168,한국어,팔 회전하며 위쪽으로 들어올리기,20221021,근력/근지구력,직장인을 위한 운동프로그램(뭉친 어깨 안녕),1068.3,mp4,0AUDLJ08S_00056.mp4,http://openapi.kspo.or.kr/web/image/0AUDLJ08S_00056/,38,동영상,어깨
다리 운동,http://openapi.kspo.or.kr/web/video/,직장인을 위한 다리 부종 예방 운동프로그램,137172571,직장인 다리 부종 예방,29.97,1830,1920*1080,,성인,1393,0AUDLJ08S_00057_SC_00015.jpeg,2021,1인 이상,822,한국어,발목 관절 돌려주기,20221012,유연성,직장인을 위한 운동프로그램(다리 부종 타파),46.479,mp4,0AUDLJ08S_00057.mp4,http://openapi.kspo.or.kr/web/image/0AUDLJ08S_00057/,3,동영상,발목
,http://openapi.kspo.or.kr/web/video/,직장인을 위한 다리 부종 예방 운동프로그램,137172571,직장인 다리 부종 예방,29.97,1831,1920*1080,,성인,88,0AUDLJ08S_00057_SC_00002.jpeg,2021,,822,한국어,,20221012,,직장인을 위한 운동프로그램(다리 부종 타파),2.936,mp4,0AUDLJ08S_00057.mp4,http://openapi.kspo.or.kr/web/image/0AUDLJ08S_00057/,1,동영상,
,http://openapi.kspo.or.kr/web/video/,직장인을 위한 다리 부종 예방 운동프로그램,137172571,직장인 다리 부종 예방,29.97,1832,1920*1080,,성인,175,0AUDLJ08S_00057_SC_00004.jpeg,2021,,822,한국어,,20221012,,직장인을 위한 운동프로그램(다리 부종 타파),5.839,mp4,0AUDLJ08S_00057.mp4,http://openapi.kspo.or.kr/web/image/0AUDLJ08S_00057/,2,동영상,
다리 운동,http://openapi.kspo.or.kr/web/video/,직장인을 위한 다리 부종 예방 운동프로그램,137172571,직장인 다리 부종 예방,29.97,1833,1920*1080,,성인,1538,0AUDLJ08S_00057_SC_00016.jpeg,2021,1인 이상,822,한국어,발목 관절 돌려주기,20221012,유연성,직장인을 위한 운동프로그램(다리 부종 타파),51.317,mp4,0AUDLJ08S_00057.mp4,http://openapi.kspo.or.kr/web/image/0AUDLJ08S_00057/,4,동영상,발목
다리 운동,http://openapi.kspo.or.kr/web/video/,직장인을 위한 다리 부종 예방 운동프로그램,137172571,직장인 다리 부종 예방,29.97,1834,1920*1080,,성인,1683,0AUDLJ08S_00057_SC_00018.jpeg,2021,1인 이상,822,한국어,발목 관절 돌려주기,20221012,유연성,직장인을 위한 운동프로그램(다리 부종 타파),56.156,mp4,0AUDLJ08S_00057.mp4,http://openapi.kspo.or.kr/web/image/0AUDLJ08S_00057/,5,동영상,발목
다리 운동,http://openapi.kspo.or.kr/web/video/,직장인을 위한 다리 부종 예방 운동프로그램,137172571,직장인 다리 부종 예방,29.97,1835,1920*1080,,성인,2379,0AUDLJ08S_00057_SC_00020.jpeg,2021,1인 이상,822,한국어,발목 관절 돌려주기,20221012,유연성,직장인을 위한 운동프로그램(다리 부종 타파),79.379,mp4,0AUDLJ08S_00057.mp4,http://openapi.kspo.or.kr/web/image/0AUDLJ08S_00057/,6,동영상,발목
다리 운동,http://openapi.kspo.or.kr/web/video/,직장인을 위한 다리 부종 예방 운동프로그램,137172571,직장인 다리 부종 예방,29.97,1836,1920*1080,,성인,3046,0AUDLJ08S_00057_SC_00022.jpeg,2021,1인 이상,822,한국어,종아리 늘려주기,20221012,유연성,직장인을 위한 운동프로그램(다리 부종 타파),101.634,mp4,0AUDLJ08S_00057.mp4,http://openapi.kspo.or.kr/web/image/0AUDLJ08S_00057/,7,동영상,종아리
다리 운동,http://openapi.kspo.or.kr/web/video/,직장인을 위한 다리 부종 예방 운동프로그램,137172571,직장인 다리 부종 예방,29.97,1837,1920*1080,,성인,3220,0AUDLJ08S_00057_SC_00024.jpeg,2021,1인 이상,822,한국어,종아리 늘려주기,20221012,유연성,직장인을 위한 운동프로그램(다리 부종 타파),107.44,mp4,0AUDLJ08S_00057.mp4,http://openapi.kspo.or.kr/web/image/0AUDLJ08S_00057/,8,동영상,종아리
다리 운동,http://openapi.kspo.or.kr/web/video/,직장인을 위한 다리 부종 예방 운동프로그램,137172571,직장인 다리 부종 예방,29.97,1838,1920*1080,,성인,3510,0AUDLJ08S_00057_SC_00026.jpeg,2021,1인 이상,822,한국어,종아리 늘려주기,20221012,유연성,직장인을 위한 운동프로그램(다리 부종 타파),117.117,mp4,0AUDLJ08S_00057.mp4,http://openapi.kspo.or.kr/web/image/0AUDLJ08S_00057/,9,동영상,종아리
다리 운동,http://openapi.kspo.or.kr/web/video/,직장인을 위한 다리 부종 예방 운동프로그램,137172571,직장인 다리 부종 예방,29.97,1839,1920*1080,,성인,3771,0AUDLJ08S_00057_SC_00027.jpeg,2021,1인 이상,822,한국어,종아리 늘려주기,20221012,유연성,직장인을 위한 운동프로그램(다리 부종 타파),125.825,mp4,0AUDLJ08S_00057.mp4,http://openapi.kspo.or.kr/web/image/0AUDLJ08S_00057/,10,동영상,종아리
다리 운동,http://openapi.kspo.or.kr/web/video/,직장인을 위한 다리 부종 예방 운동프로그램,137172571,직장인 다리 부종 예방,29.97,1840,1920*1080,,성인,4676,0AUDLJ08S_00057_FR_00053.jpeg,2021,1인 이상,822,한국어,무릎 관절 돌려주기,20221012,유연성,직장인을 위한 운동프로그램(다리 부종 타파),156.022,mp4,0AUDLJ08S_00057.mp4,http://openapi.kspo.or.kr/web/image/0AUDLJ08S_00057/,11,동영상,하체
다리 운동,http://openapi.kspo.or.kr/web/video/,직장인을 위한 다리 부종 예방 운동프로그램,137172571,직장인 다리 부종 예방,29.97,1841,1920*1080,,성인,4786,0AUDLJ08S_00057_SC_00033.jpeg,2021,1인 이상,822,한국어,무릎 관절 돌려주기,20221012,유연성,직장인을 위한 운동프로그램(다리 부종 타파),159.692,mp4,0AUDLJ08S_00057.mp4,http://openapi.kspo.or.kr/web/image/0AUDLJ08S_00057/,12,동영상,하체
다리 운동,http://openapi.kspo.or.kr/web/video/,직장인을 위한 다리 부종 예방 운동프로그램,137172571,직장인 다리 부종 예방,29.97,1842,1920*1080,,성인,4815,0AUDLJ08S_00057_SC_00034.jpeg,2021,1인 이상,822,한국어,무릎 관절 돌려주기,20221012,유연성,직장인을 위한 운동프로그램(다리 부종 타파),160.66,mp4,0AUDLJ08S_00057.mp4,http://openapi.kspo.or.kr/web/image/0AUDLJ08S_00057/,13,동영상,하체
다리 운동,http://openapi.kspo.or.kr/web/video/,직장인을 위한 다리 부종 예방 운동프로그램,137172571,직장인 다리 부종 예방,29.97,1843,1920*1080,,성인,4989,0AUDLJ08S_00057_SC_00036.jpeg,2021,1인 이상,822,한국어,무릎 관절 돌려주기,20221012,유연성,직장인을 위한 운동프로그램(다리 부종 타파),166.466,mp4,0AUDLJ08S_00057.mp4,http://openapi.kspo.or.kr/web/image/0AUDLJ08S_00057/,14,동영상,하체
다리 운동,http://openapi.kspo.or.kr/web/video/,직장인을 위한 다리 부종 예방 운동프로그램,137172571,직장인 다리 부종 예방,29.97,1844,1920*1080,,성인,6120,0AUDLJ08S_00057_SC_00041.jpeg,2021,1인 이상,822,한국어,허벅지 앞쪽 당겨주기,20221012,유연성,직장인을 위한 운동프로그램(다리 부종 타파),204.204,mp4,0AUDLJ08S_00057.mp4,http://openapi.kspo.or.kr/web/image/0AUDLJ08S_00057/,15,동영상,허벅지
다리 운동,http://openapi.kspo.or.kr/web/video/,직장인을 위한 다리 부종 예방 운동프로그램,137172571,직장인 다리 부종 예방,29.97,1845,1920*1080,,성인,6236,0AUDLJ08S_00057_SC_00042.jpeg,2021,1인 이상,822,한국어,허벅지 앞쪽 당겨주기,20221012,유연성,직장인을 위한 운동프로그램(다리 부종 타파),208.074,mp4,0AUDLJ08S_00057.mp4,http://openapi.kspo.or.kr/web/image/0AUDLJ08S_00057/,16,동영상,허벅지
다리 운동,http://openapi.kspo.or.kr/web/video/,직장인을 위한 다리 부종 예방 운동프로그램,137172571,직장인 다리 부종 예방,29.97,1846,1920*1080,,성인,6410,0AUDLJ08S_00057_SC_00043.jpeg,2021,1인 이상,822,한국어,허벅지 앞쪽 당겨주기,20221012,유연성,직장인을 위한 운동프로그램(다리 부종 타파),213.88,mp4,0AUDLJ08S_00057.mp4,http://openapi.kspo.or.kr/web/image/0AUDLJ08S_00057/,17,동영상,허벅지
다리 운동,http://openapi.kspo.or.kr/web/video/,직장인을 위한 다리 부종 예방 운동프로그램,137172571,직장인 다리 부종 예방,29.97,1847,1920*1080,,성인,6555,0AUDLJ08S_00057_SC_00044.jpeg,2021,1인 이상,822,한국어,허벅지 앞쪽 당겨주기,20221012,유연성,직장인을 위한 운동프로그램(다리 부종 타파),218.718,mp4,0AUDLJ08S_00057.mp4,http://openapi.kspo.or.kr/web/image/0AUDLJ08S_00057/,18,동영상,허벅지
다리 운동,http://openapi.kspo.or.kr/web/video/,직장인을 위한 다리 부종 예방 운동프로그램,137172571,직장인 다리 부종 예방,29.97,1848,1920*1080,,성인,6729,0AUDLJ08S_00057_SC_00045.jpeg,2021,1인 이상,822,한국어,허벅지 앞쪽 당겨주기,20221012,유연성,직장인을 위한 운동프로그램(다리 부종 타파),224.524,mp4,0AUDLJ08S_00057.mp4,http://openapi.kspo.or.kr/web/image/0AUDLJ08S_00057/,19,동영상,허벅지
다리 운동,http://openapi.kspo.or.kr/web/video/,직장인을 위한 다리 부종 예방 운동프로그램,137172571,직장인 다리 부종 예방,29.97,1849,1920*1080,,성인,8295,0AUDLJ08S_00057_SC_00050.jpeg,2021,1인 이상,822,한국어,허벅지 뒤쪽 당겨주기,20221012,유연성,직장인을 위한 운동프로그램(다리 부종 타파),276.776,mp4,0AUDLJ08S_00057.mp4,http://openapi.kspo.or.kr/web/image/0AUDLJ08S_00057/,20,동영상,허벅지
다리 운동,http://openapi.kspo.or.kr/web/video/,직장인을 위한 다리 부종 예방 운동프로그램,137172571,직장인 다리 부종 예방,29.97,1850,1920*1080,,성인,8440,0AUDLJ08S_00057_SC_00054.jpeg,2021,1인 이상,822,한국어,허벅지 뒤쪽 당겨주기,20221012,유연성,직장인을 위한 운동프로그램(다리 부종 타파),281.614,mp4,0AUDLJ08S_00057.mp4,http://openapi.kspo.or.kr/web/image/0AUDLJ08S_00057/,21,동영상,허벅지
다리 운동,http://openapi.kspo.or.kr/web/video/,직장인을 위한 다리 부종 예방 운동프로그램,137172571,직장인 다리 부종 예방,29.97,1851,1920*1080,,성인,8527,0AUDLJ08S_00057_SC_00055.jpeg,2021,1인 이상,822,한국어,허벅지 뒤쪽 당겨주기,20221012,유연성,직장인을 위한 운동프로그램(다리 부종 타파),284.517,mp4,0AUDLJ08S_00057.mp4,http://openapi.kspo.or.kr/web/image/0AUDLJ08S_00057/,22,동영상,허벅지
다리 운동,http://openapi.kspo.or.kr/web/video/,직장인을 위한 다리 부종 예방 운동프로그램,137172571,직장인 다리 부종 예방,29.97,1852,1920*1080,,성인,8759,0AUDLJ08S_00057_SC_00057.jpeg,2021,1인 이상,822,한국어,허벅지 뒤쪽 당겨주기,20221012,유연성,직장인을 위한 운동프로그램(다리 부종 타파),292.258,mp4,0AUDLJ08S_00057.mp4,http://openapi.kspo.or.kr/web/image/0AUDLJ08S_00057/,23,동영상,허벅지
다리 운동,http://openapi.kspo.or.kr/web/video/,직장인을 위한 다리 부종 예방 운동프로그램,137172571,직장인 다리 부종 예방,29.97,1853,1920*1080,,성인,9919,0AUDLJ08S_00057_SC_00062.jpeg,2021,1인 이상,822,한국어,허벅지 안쪽/허리 스트레칭,20221012,유연성,직장인을 위한 운동프로그램(다리 부종 타파),330.963,mp4,0AUDLJ08S_00057.mp4,http://openapi.kspo.or.kr/web/image/0AUDLJ08S_00057/,24,동영상,하체
다리 운동,http://openapi.kspo.or.kr/web/video/,직장인을 위한 다리 부종 예방 운동프로그램,137172571,직장인 다리 부종 예방,29.97,1854,1920*1080,,성인,10035,0AUDLJ08S_00057_SC_00064.jpeg,2021,1인 이상,822,한국어,허벅지 안쪽/허리 스트레칭,20221012,유연성,직장인을 위한 운동프로그램(다리 부종 타파),334.834,mp4,0AUDLJ08S_00057.mp4,http://openapi.kspo.or.kr/web/image/0AUDLJ08S_00057/,25,동영상,하체
다리 운동,http://openapi.kspo.or.kr/web/video/,직장인을 위한 다리 부종 예방 운동프로그램,137172571,직장인 다리 부종 예방,29.97,1855,1920*1080,,성인,10151,0AUDLJ08S_00057_SC_00065.jpeg,2021,1인 이상,822,한국어,허벅지 안쪽/허리 스트레칭,20221012,유연성,직장인을 위한 운동프로그램(다리 부종 타파),338.705,mp4,0AUDLJ08S_00057.mp4,http://openapi.kspo.or.kr/web/image/0AUDLJ08S_00057/,26,동영상,하체
다리 운동,http://openapi.kspo.or.kr/web/video/,직장인을 위한 다리 부종 예방 운동프로그램,137172571,직장인 다리 부종 예방,29.97,1856,1920*1080,,성인,11659,0AUDLJ08S_00057_SC_00072.jpeg,2021,1인 이상,822,한국어,허벅지 안쪽 늘려주기,20221013,유연성,직장인을 위한 운동프로그램(다리 부종 타파),389.021,mp4,0AUDLJ08S_00057.mp4,http://openapi.kspo.or.kr/web/image/0AUDLJ08S_00057/,27,동영상,하체
다리 운동,http://openapi.kspo.or.kr/web/video/,직장인을 위한 다리 부종 예방 운동프로그램,137172571,직장인 다리 부종 예방,29.97,1857,1920*1080,,성인,11891,0AUDLJ08S_00057_SC_00074.jpeg,2021,1인 이상,822,한국어,허벅지 안쪽 늘려주기,20221013,유연성,직장인을 위한 운동프로그램(다리 부종 타파),396.763,mp4,0AUDLJ08S_00057.mp4,http://openapi.kspo.or.kr/web/image/0AUDLJ08S_00057/,28,동영상,하체
다리 운동,http://openapi.kspo.or.kr/web/video/,직장인을 위한 다리 부종 예방 운동프로그램,137172571,직장인 다리 부종 예방,29.97,1858,1920*1080,,성인,12094,0AUDLJ08S_00057_SC_00076.jpeg,2021,1인 이상,822,한국어,허벅지 안쪽 늘려주기,20221013,유연성,직장인을 위한 운동프로그램(다리 부종 타파),403.536,mp4,0AUDLJ08S_00057.mp4,http://openapi.kspo.or.kr/web/image/0AUDLJ08S_00057/,29,동영상,하체
다리 운동,http://openapi.kspo.or.kr/web/video/,직장인을 위한 다리 부종 예방 운동프로그램,137172571,직장인 다리 부종 예방,29.97,1859,1920*1080,,성인,13370,0AUDLJ08S_00057_SC_00081.jpeg,2021,1인 이상,822,한국어,고관절 안쪽 늘려주기,20221013,유연성,직장인을 위한 운동프로그램(다리 부종 타파),446.112,mp4,0AUDLJ08S_00057.mp4,http://openapi.kspo.or.kr/web/image/0AUDLJ08S_00057/,30,동영상,하체
다리 운동,http://openapi.kspo.or.kr/web/video/,직장인을 위한 다리 부종 예방 운동프로그램,137172571,직장인 다리 부종 예방,29.97,1860,1920*1080,,성인,13544,0AUDLJ08S_00057_SC_00085.jpeg,2021,1인 이상,822,한국어,고관절 안쪽 늘려주기,20221013,유연성,직장인을 위한 운동프로그램(다리 부종 타파),451.918,mp4,0AUDLJ08S_00057.mp4,http://openapi.kspo.or.kr/web/image/0AUDLJ08S_00057/,31,동영상,하체
다리 운동,http://openapi.kspo.or.kr/web/video/,직장인을 위한 다리 부종 예방 운동프로그램,137172571,직장인 다리 부종 예방,29.97,1861,1920*1080,,성인,13718,0AUDLJ08S_00057_SC_00088.jpeg,2021,1인 이상,822,한국어,고관절 안쪽 늘려주기,20221013,유연성,직장인을 위한 운동프로그램(다리 부종 타파),457.723,mp4,0AUDLJ08S_00057.mp4,http://openapi.kspo.or.kr/web/image/0AUDLJ08S_00057/,32,동영상,하체
다리 운동,http://openapi.kspo.or.kr/web/video/,직장인을 위한 다리 부종 예방 운동프로그램,137172571,직장인 다리 부종 예방,29.97,1862,1920*1080,,성인,15313,0AUDLJ08S_00057_SC_00099.jpeg,2021,1인 이상,822,한국어,앉은 상태로 다리 들어올리기(레그 익스텐션),20221013,근력,직장인을 위한 운동프로그램(다리 부종 타파),510.943,mp4,0AUDLJ08S_00057.mp4,http://openapi.kspo.or.kr/web/image/0AUDLJ08S_00057/,33,동영상,대퇴부
다리 운동,http://openapi.kspo.or.kr/web/video/,직장인을 위한 다리 부종 예방 운동프로그램,137172571,직장인 다리 부종 예방,29.97,1863,1920*1080,,성인,15487,0AUDLJ08S_00057_SC_00100.jpeg,2021,1인 이상,822,한국어,앉은 상태로 다리 들어올리기(레그 익스텐션),20221013,근력,직장인을 위한 운동프로그램(다리 부종 타파),516.749,mp4,0AUDLJ08S_00057.mp4,http://openapi.kspo.or.kr/web/image/0AUDLJ08S_00057/,34,동영상,대퇴부
다리 운동,http://openapi.kspo.or.kr/web/video/,직장인을 위한 다리 부종 예방 운동프로그램,137172571,직장인 다리 부종 예방,29.97,1864,1920*1080,,성인,15574,0AUDLJ08S_00057_SC_00101.jpeg,2021,1인 이상,822,한국어,앉은 상태로 다리 들어올리기(레그 익스텐션),20221013,근력,직장인을 위한 운동프로그램(다리 부종 타파),519.652,mp4,0AUDLJ08S_00057.mp4,http://openapi.kspo.or.kr/web/image/0AUDLJ08S_00057/,35,동영상,대퇴부
다리 운동,http://openapi.kspo.or.kr/web/video/,직장인을 위한 다리 부종 예방 운동프로그램,137172571,직장인 다리 부종 예방,29.97,1865,1920*1080,,성인,15661,0AUDLJ08S_00057_SC_00103.jpeg,2021,1인 이상,822,한국어,앉은 상태로 다리 들어올리기(레그 익스텐션),20221014,근력,직장인을 위한 운동프로그램(다리 부종 타파),522.555,mp4,0AUDLJ08S_00057.mp4,http://openapi.kspo.or.kr/web/image/0AUDLJ08S_00057/,36,동영상,대퇴부
다리 운동,http://openapi.kspo.or.kr/web/video/,직장인을 위한 다리 부종 예방 운동프로그램,137172571,직장인 다리 부종 예방,29.97,1866,1920*1080,,성인,16937,0AUDLJ08S_00057_SC_00112.jpeg,2021,1인 이상,822,한국어,앉았다 일어서기(스쿼트),20221014,근력,직장인을 위한 운동프로그램(다리 부종 타파),565.131,mp4,0AUDLJ08S_00057.mp4,http://openapi.kspo.or.kr/web/image/0AUDLJ08S_00057/,37,동영상,대퇴이두근
다리 운동,http://openapi.kspo.or.kr/web/video/,직장인을 위한 다리 부종 예방 운동프로그램,137172571,직장인 다리 부종 예방,29.97,1867,1920*1080,,성인,17169,0AUDLJ08S_00057_SC_00115.jpeg,2021,1인 이상,822,한국어,앉았다 일어서기(스쿼트),20221014,근력,직장인을 위한 운동프로그램(다리 부종 타파),572.872,mp4,0AUDLJ08S_00057.mp4,http://openapi.kspo.or.kr/web/image/0AUDLJ08S_00057/,38,동영상,대퇴이두근
다리 운동,http://openapi.kspo.or.kr/web/video/,직장인을 위한 다리 부종 예방 운동프로그램,137172571,직장인 다리 부종 예방,29.97,1868,1920*1080,,성인,17401,0AUDLJ08S_00057_SC_00119.jpeg,2021,1인 이상,822,한국어,앉았다 일어서기(스쿼트),20221014,근력,직장인을 위한 운동프로그램(다리 부종 타파),580.613,mp4,0AUDLJ08S_00057.mp4,http://openapi.kspo.or.kr/web/image/0AUDLJ08S_00057/,39,동영상,대퇴이두근
다리 운동,http://openapi.kspo.or.kr/web/video/,직장인을 위한 다리 부종 예방 운동프로그램,137172571,직장인 다리 부종 예방,29.97,1869,1920*1080,,성인,17720,0AUDLJ08S_00057_SC_00126.jpeg,2021,1인 이상,822,한국어,앉았다 일어서기(스쿼트),20221014,근력,직장인을 위한 운동프로그램(다리 부종 타파),591.257,mp4,0AUDLJ08S_00057.mp4,http://openapi.kspo.or.kr/web/image/0AUDLJ08S_00057/,40,동영상,대퇴이두근
다리 운동,http://openapi.kspo.or.kr/web/video/,직장인을 위한 다리 부종 예방 운동프로그램,137172571,직장인 다리 부종 예방,29.97,1870,1920*1080,,성인,18938,0AUDLJ08S_00057_SC_00129.jpeg,2021,1인 이상,822,한국어,다리 앞뒤로 벌려 내려갔다 올라오기(런지),20221014,근력,직장인을 위한 운동프로그램(다리 부종 타파),631.897,mp4,0AUDLJ08S_00057.mp4,http://openapi.kspo.or.kr/web/image/0AUDLJ08S_00057/,41,동영상,대퇴부
다리 운동,http://openapi.kspo.or.kr/web/video/,직장인을 위한 다리 부종 예방 운동프로그램,137172571,직장인 다리 부종 예방,29.97,1871,1920*1080,,성인,19141,0AUDLJ08S_00057_SC_00130.jpeg,2021,1인 이상,822,한국어,다리 앞뒤로 벌려 내려갔다 올라오기(런지),20221014,근력,직장인을 위한 운동프로그램(다리 부종 타파),638.671,mp4,0AUDLJ08S_00057.mp4,http://openapi.kspo.or.kr/web/image/0AUDLJ08S_00057/,42,동영상,대퇴부
다리 운동,http://openapi.kspo.or.kr/web/video/,직장인을 위한 다리 부종 예방 운동프로그램,137172571,직장인 다리 부종 예방,29.97,1872,1920*1080,,성인,19199,0AUDLJ08S_00057_SC_00131.jpeg,2021,1인 이상,822,한국어,다리 앞뒤로 벌려 내려갔다 올라오기(런지),20221014,근력,직장인을 위한 운동프로그램(다리 부종 타파),640.606,mp4,0AUDLJ08S_00057.mp4,http://openapi.kspo.or.kr/web/image/0AUDLJ08S_00057/,43,동영상,대퇴부
다리 운동,http://openapi.kspo.or.kr/web/video/,직장인을 위한 다리 부종 예방 운동프로그램,137172571,직장인 다리 부종 예방,29.97,1873,1920*1080,,성인,19489,0AUDLJ08S_00057_SC_00134.jpeg,2021,1인 이상,822,한국어,다리 앞뒤로 벌려 내려갔다 올라오기(런지),20221014,근력,직장인을 위한 운동프로그램(다리 부종 타파),650.282,mp4,0AUDLJ08S_00057.mp4,http://openapi.kspo.or.kr/web/image/0AUDLJ08S_00057/,44,동영상,대퇴부
다리 운동,http://openapi.kspo.or.kr/web/video/,직장인을 위한 다리 부종 예방 운동프로그램,137172571,직장인 다리 부종 예방,29.97,1874,1920*1080,,성인,19547,0AUDLJ08S_00057_SC_00136.jpeg,2021,1인 이상,822,한국어,다리 앞뒤로 벌려 내려갔다 올라오기(런지),20221014,근력,직장인을 위한 운동프로그램(다리 부종 타파),652.218,mp4,0AUDLJ08S_00057.mp4,http://openapi.kspo.or.kr/web/image/0AUDLJ08S_00057/,45,동영상,대퇴부
다리 운동,http://openapi.kspo.or.kr/web/video/,직장인을 위한 다리 부종 예방 운동프로그램,137172571,직장인 다리 부종 예방,29.97,1875,1920*1080,,성인,19779,0AUDLJ08S_00057_SC_00141.jpeg,2021,1인 이상,822,한국어,다리 앞뒤로 벌려 내려갔다 올라오기(런지),20221014,근력,직장인을 위한 운동프로그램(다리 부종 타파),659.959,mp4,0AUDLJ08S_00057.mp4,http://openapi.kspo.or.kr/web/image/0AUDLJ08S_00057/,46,동영상,대퇴부
다리 운동,http://openapi.kspo.or.kr/web/video/,직장인을 위한 다리 부종 예방 운동프로그램,137172571,직장인 다리 부종 예방,29.97,1876,1920*1080,,성인,21316,0AUDLJ08S_00057_SC_00145.jpeg,2021,1인 이상,822,한국어,다리벌려 앉았다 일어서기(와이드 스쿼트),20221014,근력,직장인을 위한 운동프로그램(다리 부종 타파),711.243,mp4,0AUDLJ08S_00057.mp4,http://openapi.kspo.or.kr/web/image/0AUDLJ08S_00057/,47,동영상,대퇴부
다리 운동,http://openapi.kspo.or.kr/web/video/,직장인을 위한 다리 부종 예방 운동프로그램,137172571,직장인 다리 부종 예방,29.97,1877,1920*1080,,성인,21461,0AUDLJ08S_00057_SC_00146.jpeg,2021,1인 이상,822,한국어,다리벌려 앉았다 일어서기(와이드 스쿼트),20221014,근력,직장인을 위한 운동프로그램(다리 부종 타파),716.082,mp4,0AUDLJ08S_00057.mp4,http://openapi.kspo.or.kr/web/image/0AUDLJ08S_00057/,48,동영상,대퇴부
다리 운동,http://openapi.kspo.or.kr/web/video/,직장인을 위한 다리 부종 예방 운동프로그램,137172571,직장인 다리 부종 예방,29.97,1878,1920*1080,,성인,21722,0AUDLJ08S_00057_SC_00152.jpeg,2021,1인 이상,822,한국어,다리벌려 앉았다 일어서기(와이드 스쿼트),20221014,근력,직장인을 위한 운동프로그램(다리 부종 타파),724.79,mp4,0AUDLJ08S_00057.mp4,http://openapi.kspo.or.kr/web/image/0AUDLJ08S_00057/,49,동영상,대퇴부
다리 운동,http://openapi.kspo.or.kr/web/video/,직장인을 위한 다리 부종 예방 운동프로그램,137172571,직장인 다리 부종 예방,29.97,1879,1920*1080,,성인,21838,0AUDLJ08S_00057_SC_00156.jpeg,2021,1인 이상,822,한국어,다리벌려 앉았다 일어서기(와이드 스쿼트),20221014,근력,직장인을 위한 운동프로그램(다리 부종 타파),728.661,mp4,0AUDLJ08S_00057.mp4,http://openapi.kspo.or.kr/web/image/0AUDLJ08S_00057/,50,동영상,대퇴부
다리 운동,http://openapi.kspo.or.kr/web/video/,직장인을 위한 다리 부종 예방 운동프로그램,137172571,직장인 다리 부종 예방,29.97,1880,1920*1080,,성인,23056,0AUDLJ08S_00057_SC_00161.jpeg,2021,1인 이상,822,한국어,서서 옆으로 다리 들기,20221014,근력,직장인을 위한 운동프로그램(다리 부종 타파),769.301,mp4,0AUDLJ08S_00057.mp4,http://openapi.kspo.or.kr/web/image/0AUDLJ08S_00057/,51,동영상,다리
다리 운동,http://openapi.kspo.or.kr/web/video/,직장인을 위한 다리 부종 예방 운동프로그램,137172571,직장인 다리 부종 예방,29.97,1881,1920*1080,,성인,23317,0AUDLJ08S_00057_SC_00163.jpeg,2021,1인 이상,822,한국어,서서 옆으로 다리 들기,20221014,근력,직장인을 위한 운동프로그램(다리 부종 타파),778.01,mp4,0AUDLJ08S_00057.mp4,http://openapi.kspo.or.kr/web/image/0AUDLJ08S_00057/,52,동영상,다리
다리 운동,http://openapi.kspo.or.kr/web/video/,직장인을 위한 다리 부종 예방 운동프로그램,137172571,직장인 다리 부종 예방,29.97,1882,1920*1080,,성인,23491,0AUDLJ08S_00057_SC_00166.jpeg,2021,1인 이상,822,한국어,서서 옆으로 다리 들기,20221014,근력,직장인을 위한 운동프로그램(다리 부종 타파),783.816,mp4,0AUDLJ08S_00057.mp4,http://openapi.kspo.or.kr/web/image/0AUDLJ08S_00057/,53,동영상,다리
짝 운동,http://openapi.kspo.or.kr/web/video/,직장인을 위한 동료 짝 운동프로그램,96058908,직장인 동료 짝 운동,29.97,1883,1920*1080,,성인,5424,0AUDLJ08S_00058_SC_00044.jpeg,2021,2인 이상,578,한국어,옆구리 늘려주기,20221006,유연성,직장인을 위한 운동프로그램(동료와 함께 짝운동),180.98,mp4,0AUDLJ08S_00058.mp4,http://openapi.kspo.or.kr/web/image/0AUDLJ08S_00058/,39,동영상,옆구리
짝 운동,http://openapi.kspo.or.kr/web/video/,직장인을 위한 동료 짝 운동프로그램,96058908,직장인 동료 짝 운동,29.97,1884,1920*1080,,성인,5453,0AUDLJ08S_00058_SC_00045.jpeg,2021,2인 이상,578,한국어,옆구리 늘려주기,20221006,유연성,직장인을 위한 운동프로그램(동료와 함께 짝운동),181.948,mp4,0AUDLJ08S_00058.mp4,http://openapi.kspo.or.kr/web/image/0AUDLJ08S_00058/,40,동영상,옆구리
짝 운동,http://openapi.kspo.or.kr/web/video/,직장인을 위한 동료 짝 운동프로그램,96058908,직장인 동료 짝 운동,29.97,1885,1920*1080,,성인,1045,0AUDLJ08S_00058_SC_00015.jpeg,2021,2인 이상,578,한국어,손잡고 허리 젖히기,20221006,유연성,직장인을 위한 운동프로그램(동료와 함께 짝운동),34.868,mp4,0AUDLJ08S_00058.mp4,http://openapi.kspo.or.kr/web/image/0AUDLJ08S_00058/,11,동영상,가슴
,http://openapi.kspo.or.kr/web/video/,직장인을 위한 동료 짝 운동프로그램,96058908,직장인 동료 짝 운동,29.97,1886,1920*1080,짐볼,성인,59,0AUDLJ08S_00058_SC_00001.jpeg,2021,1인 이상,578,한국어,,20221006,근력/근지구력,직장인을 위한 운동프로그램(동료와 함께 짝운동),1.968,mp4,0AUDLJ08S_00058.mp4,http://openapi.kspo.or.kr/web/image/0AUDLJ08S_00058/,1,동영상,
,http://openapi.kspo.or.kr/web/video/,직장인을 위한 동료 짝 운동프로그램,96058908,직장인 동료 짝 운동,29.97,1887,1920*1080,짐볼,성인,88,0AUDLJ08S_00058_SC_00002.jpeg,2021,1인 이상,578,한국어,,20221006,근력/근지구력,직장인을 위한 운동프로그램(동료와 함께 짝운동),2.936,mp4,0AUDLJ08S_00058.mp4,http://openapi.kspo.or.kr/web/image/0AUDLJ08S_00058/,2,동영상,
,http://openapi.kspo.or.kr/web/video/,직장인을 위한 동료 짝 운동프로그램,96058908,직장인 동료 짝 운동,29.97,1888,1920*1080,,성인,117,0AUDLJ08S_00058_SC_00003.jpeg,2021,1인 이상,578,한국어,,20221006,근력/근지구력,직장인을 위한 운동프로그램(동료와 함께 짝운동),3.903,mp4,0AUDLJ08S_00058.mp4,http://openapi.kspo.or.kr/web/image/0AUDLJ08S_00058/,3,동영상,대퇴부
,http://openapi.kspo.or.kr/web/video/,직장인을 위한 동료 짝 운동프로그램,96058908,직장인 동료 짝 운동,29.97,1889,1920*1080,줄사다리,성인,175,0AUDLJ08S_00058_SC_00004.jpeg,2021,1인 이상,578,한국어,,20221006,,직장인을 위한 운동프로그램(동료와 함께 짝운동),5.839,mp4,0AUDLJ08S_00058.mp4,http://openapi.kspo.or.kr/web/image/0AUDLJ08S_00058/,4,동영상,
,http://openapi.kspo.or.kr/web/video/,직장인을 위한 동료 짝 운동프로그램,96058908,직장인 동료 짝 운동,29.97,1890,1920*1080,,성인,320,0AUDLJ08S_00058_SC_00006.jpeg,2021,1인 이상,578,한국어,,20221006,,직장인을 위한 운동프로그램(동료와 함께 짝운동),10.677,mp4,0AUDLJ08S_00058.mp4,http://openapi.kspo.or.kr/web/image/0AUDLJ08S_00058/,5,동영상,
짝 운동,http://openapi.kspo.or.kr/web/video/,직장인을 위한 동료 짝 운동프로그램,96058908,직장인 동료 짝 운동,29.97,1891,1920*1080,,성인,639,0AUDLJ08S_00058_SC_00010.jpeg,2021,2인 이상,578,한국어,손잡고 허리 젖히기,20221006,유연성,직장인을 위한 운동프로그램(동료와 함께 짝운동),21.321,mp4,0AUDLJ08S_00058.mp4,http://openapi.kspo.or.kr/web/image/0AUDLJ08S_00058/,6,동영상,가슴
짝 운동,http://openapi.kspo.or.kr/web/video/,직장인을 위한 동료 짝 운동프로그램,96058908,직장인 동료 짝 운동,29.97,1892,1920*1080,,성인,900,0AUDLJ08S_00058_SC_00011.jpeg,2021,2인 이상,578,한국어,손잡고 허리 젖히기,20221006,유연성,직장인을 위한 운동프로그램(동료와 함께 짝운동),30.03,mp4,0AUDLJ08S_00058.mp4,http://openapi.kspo.or.kr/web/image/0AUDLJ08S_00058/,7,동영상,가슴
짝 운동,http://openapi.kspo.or.kr/web/video/,직장인을 위한 동료 짝 운동프로그램,96058908,직장인 동료 짝 운동,29.97,1893,1920*1080,,성인,958,0AUDLJ08S_00058_SC_00012.jpeg,2021,2인 이상,578,한국어,손잡고 허리 젖히기,20221006,유연성,직장인을 위한 운동프로그램(동료와 함께 짝운동),31.965,mp4,0AUDLJ08S_00058.mp4,http://openapi.kspo.or.kr/web/image/0AUDLJ08S_00058/,8,동영상,가슴
짝 운동,http://openapi.kspo.or.kr/web/video/,직장인을 위한 동료 짝 운동프로그램,96058908,직장인 동료 짝 운동,29.97,1894,1920*1080,,성인,987,0AUDLJ08S_00058_SC_00013.jpeg,2021,2인 이상,578,한국어,손잡고 허리 젖히기,20221006,유연성,직장인을 위한 운동프로그램(동료와 함께 짝운동),32.932,mp4,0AUDLJ08S_00058.mp4,http://openapi.kspo.or.kr/web/image/0AUDLJ08S_00058/,9,동영상,가슴
짝 운동,http://openapi.kspo.or.kr/web/video/,직장인을 위한 동료 짝 운동프로그램,96058908,직장인 동료 짝 운동,29.97,1895,1920*1080,,성인,1016,0AUDLJ08S_00058_SC_00014.jpeg,2021,2인 이상,578,한국어,손잡고 허리 젖히기,20221006,유연성,직장인을 위한 운동프로그램(동료와 함께 짝운동),33.9,mp4,0AUDLJ08S_00058.mp4,http://openapi.kspo.or.kr/web/image/0AUDLJ08S_00058/,10,동영상,가슴
짝 운동,http://openapi.kspo.or.kr/web/video/,직장인을 위한 동료 짝 운동프로그램,96058908,직장인 동료 짝 운동,29.97,1896,1920*1080,,성인,1074,0AUDLJ08S_00058_SC_00016.jpeg,2021,2인 이상,578,한국어,손잡고 허리 젖히기,20221006,유연성,직장인을 위한 운동프로그램(동료와 함께 짝운동),35.835,mp4,0AUDLJ08S_00058.mp4,http://openapi.kspo.or.kr/web/image/0AUDLJ08S_00058/,12,동영상,가슴
짝 운동,http://openapi.kspo.or.kr/web/video/,직장인을 위한 동료 짝 운동프로그램,96058908,직장인 동료 짝 운동,29.97,1897,1920*1080,,성인,1103,0AUDLJ08S_00058_SC_00017.jpeg,2021,2인 이상,578,한국어,손잡고 허리 젖히기,20221006,유연성,직장인을 위한 운동프로그램(동료와 함께 짝운동),36.803,mp4,0AUDLJ08S_00058.mp4,http://openapi.kspo.or.kr/web/image/0AUDLJ08S_00058/,13,동영상,가슴
짝 운동,http://openapi.kspo.or.kr/web/video/,직장인을 위한 동료 짝 운동프로그램,96058908,직장인 동료 짝 운동,29.97,1898,1920*1080,,성인,1132,0AUDLJ08S_00058_SC_00018.jpeg,2021,2인 이상,578,한국어,손잡고 허리 젖히기,20221006,유연성,직장인을 위한 운동프로그램(동료와 함께 짝운동),37.771,mp4,0AUDLJ08S_00058.mp4,http://openapi.kspo.or.kr/web/image/0AUDLJ08S_00058/,14,동영상,가슴
짝 운동,http://openapi.kspo.or.kr/web/video/,직장인을 위한 동료 짝 운동프로그램,96058908,직장인 동료 짝 운동,29.97,1899,1920*1080,,성인,1857,0AUDLJ08S_00058_SC_00020.jpeg,2021,2인 이상,578,한국어,어깨 손 올려 숙이기,20221006,유연성,직장인을 위한 운동프로그램(동료와 함께 짝운동),61.961,mp4,0AUDLJ08S_00058.mp4,http://openapi.kspo.or.kr/web/image/0AUDLJ08S_00058/,15,동영상,등/하체
짝 운동,http://openapi.kspo.or.kr/web/video/,직장인을 위한 동료 짝 운동프로그램,96058908,직장인 동료 짝 운동,29.97,1900,1920*1080,,성인,1886,0AUDLJ08S_00058_SC_00021.jpeg,2021,2인 이상,578,한국어,어깨 손 올려 숙이기,20221006,유연성,직장인을 위한 운동프로그램(동료와 함께 짝운동),62.929,mp4,0AUDLJ08S_00058.mp4,http://openapi.kspo.or.kr/web/image/0AUDLJ08S_00058/,16,동영상,등/하체
준비 운동,http://openapi.kspo.or.kr/web/video/,요통을 예방하기 위한 운동프로그램,383566029,요통 예방,29.96,1901,1920*1080,매트,공통,1451,0AUDLJ08S_00041_SC_00014.jpeg,2021,1인 이상,2299,한국어,무릎 꿇고 팔 뻗기,20221028,유연성,요통 예방 운동프로그램,48.415,mp4,0AUDLJ08S_00041.mp4,http://openapi.kspo.or.kr/web/image/0AUDLJ08S_00041/,4,동영상,어깨
짝 운동,http://openapi.kspo.or.kr/web/video/,직장인을 위한 동료 짝 운동프로그램,96058908,직장인 동료 짝 운동,29.97,1902,1920*1080,,성인,2060,0AUDLJ08S_00058_SC_00022.jpeg,2021,2인 이상,578,한국어,어깨 손 올려 숙이기,20221006,유연성,직장인을 위한 운동프로그램(동료와 함께 짝운동),68.735,mp4,0AUDLJ08S_00058.mp4,http://openapi.kspo.or.kr/web/image/0AUDLJ08S_00058/,17,동영상,등/하체
짝 운동,http://openapi.kspo.or.kr/web/video/,직장인을 위한 동료 짝 운동프로그램,96058908,직장인 동료 짝 운동,29.97,1903,1920*1080,,성인,2205,0AUDLJ08S_00058_SC_00023.jpeg,2021,2인 이상,578,한국어,어깨 손 올려 숙이기,20221006,유연성,직장인을 위한 운동프로그램(동료와 함께 짝운동),73.573,mp4,0AUDLJ08S_00058.mp4,http://openapi.kspo.or.kr/web/image/0AUDLJ08S_00058/,18,동영상,등/하체
짝 운동,http://openapi.kspo.or.kr/web/video/,직장인을 위한 동료 짝 운동프로그램,96058908,직장인 동료 짝 운동,29.97,1904,1920*1080,,성인,2466,0AUDLJ08S_00058_SC_00024.jpeg,2021,2인 이상,578,한국어,어깨 손 올려 숙이기,20221006,유연성,직장인을 위한 운동프로그램(동료와 함께 짝운동),82.282,mp4,0AUDLJ08S_00058.mp4,http://openapi.kspo.or.kr/web/image/0AUDLJ08S_00058/,19,동영상,등/하체
짝 운동,http://openapi.kspo.or.kr/web/video/,직장인을 위한 동료 짝 운동프로그램,96058908,직장인 동료 짝 운동,29.97,1905,1920*1080,,성인,3046,0AUDLJ08S_00058_SC_00025.jpeg,2021,2인 이상,578,한국어,어깨 손 올려 비틀기,20221006,유연성,직장인을 위한 운동프로그램(동료와 함께 짝운동),101.634,mp4,0AUDLJ08S_00058.mp4,http://openapi.kspo.or.kr/web/image/0AUDLJ08S_00058/,20,동영상,등/하체
짝 운동,http://openapi.kspo.or.kr/web/video/,직장인을 위한 동료 짝 운동프로그램,96058908,직장인 동료 짝 운동,29.97,1906,1920*1080,,성인,3104,0AUDLJ08S_00058_SC_00026.jpeg,2021,2인 이상,578,한국어,어깨 손 올려 비틀기,20221006,유연성,직장인을 위한 운동프로그램(동료와 함께 짝운동),103.57,mp4,0AUDLJ08S_00058.mp4,http://openapi.kspo.or.kr/web/image/0AUDLJ08S_00058/,21,동영상,등/하체
짝 운동,http://openapi.kspo.or.kr/web/video/,직장인을 위한 동료 짝 운동프로그램,96058908,직장인 동료 짝 운동,29.97,1907,1920*1080,,성인,3133,0AUDLJ08S_00058_SC_00027.jpeg,2021,2인 이상,578,한국어,어깨 손 올려 비틀기,20221006,유연성,직장인을 위한 운동프로그램(동료와 함께 짝운동),104.537,mp4,0AUDLJ08S_00058.mp4,http://openapi.kspo.or.kr/web/image/0AUDLJ08S_00058/,22,동영상,등/하체
짝 운동,http://openapi.kspo.or.kr/web/video/,직장인을 위한 동료 짝 운동프로그램,96058908,직장인 동료 짝 운동,29.97,1908,1920*1080,,성인,3307,0AUDLJ08S_00058_SC_00028.jpeg,2021,2인 이상,578,한국어,어깨 손 올려 비틀기,20221006,유연성,직장인을 위한 운동프로그램(동료와 함께 짝운동),110.343,mp4,0AUDLJ08S_00058.mp4,http://openapi.kspo.or.kr/web/image/0AUDLJ08S_00058/,23,동영상,등/하체
짝 운동,http://openapi.kspo.or.kr/web/video/,직장인을 위한 동료 짝 운동프로그램,96058908,직장인 동료 짝 운동,29.97,1909,1920*1080,,성인,3423,0AUDLJ08S_00058_SC_00029.jpeg,2021,2인 이상,578,한국어,어깨 손 올려 비틀기,20221006,유연성,직장인을 위한 운동프로그램(동료와 함께 짝운동),114.214,mp4,0AUDLJ08S_00058.mp4,http://openapi.kspo.or.kr/web/image/0AUDLJ08S_00058/,24,동영상,등/하체
짝 운동,http://openapi.kspo.or.kr/web/video/,직장인을 위한 동료 짝 운동프로그램,96058908,직장인 동료 짝 운동,29.97,1910,1920*1080,,성인,3481,0AUDLJ08S_00058_SC_00030.jpeg,2021,2인 이상,578,한국어,어깨 손 올려 비틀기,20221006,유연성,직장인을 위한 운동프로그램(동료와 함께 짝운동),116.149,mp4,0AUDLJ08S_00058.mp4,http://openapi.kspo.or.kr/web/image/0AUDLJ08S_00058/,25,동영상,등/하체
짝 운동,http://openapi.kspo.or.kr/web/video/,직장인을 위한 동료 짝 운동프로그램,96058908,직장인 동료 짝 운동,29.97,1911,1920*1080,,성인,3510,0AUDLJ08S_00058_SC_00031.jpeg,2021,2인 이상,578,한국어,어깨 손 올려 비틀기,20221006,유연성,직장인을 위한 운동프로그램(동료와 함께 짝운동),117.117,mp4,0AUDLJ08S_00058.mp4,http://openapi.kspo.or.kr/web/image/0AUDLJ08S_00058/,26,동영상,등/하체
짝 운동,http://openapi.kspo.or.kr/web/video/,직장인을 위한 동료 짝 운동프로그램,96058908,직장인 동료 짝 운동,29.97,1912,1920*1080,,성인,3539,0AUDLJ08S_00058_SC_00032.jpeg,2021,2인 이상,578,한국어,어깨 손 올려 비틀기,20221006,유연성,직장인을 위한 운동프로그램(동료와 함께 짝운동),118.084,mp4,0AUDLJ08S_00058.mp4,http://openapi.kspo.or.kr/web/image/0AUDLJ08S_00058/,27,동영상,등/하체
짝 운동,http://openapi.kspo.or.kr/web/video/,직장인을 위한 동료 짝 운동프로그램,96058908,직장인 동료 짝 운동,29.97,1913,1920*1080,,성인,3568,0AUDLJ08S_00058_SC_00033.jpeg,2021,2인 이상,578,한국어,어깨 손 올려 비틀기,20221006,유연성,직장인을 위한 운동프로그램(동료와 함께 짝운동),119.052,mp4,0AUDLJ08S_00058.mp4,http://openapi.kspo.or.kr/web/image/0AUDLJ08S_00058/,28,동영상,등/하체
짝 운동,http://openapi.kspo.or.kr/web/video/,직장인을 위한 동료 짝 운동프로그램,96058908,직장인 동료 짝 운동,29.97,1914,1920*1080,,성인,3713,0AUDLJ08S_00058_SC_00034.jpeg,2021,2인 이상,578,한국어,어깨 손 올려 비틀기,20221006,유연성,직장인을 위한 운동프로그램(동료와 함께 짝운동),123.89,mp4,0AUDLJ08S_00058.mp4,http://openapi.kspo.or.kr/web/image/0AUDLJ08S_00058/,29,동영상,등/하체
짝 운동,http://openapi.kspo.or.kr/web/video/,직장인을 위한 동료 짝 운동프로그램,96058908,직장인 동료 짝 운동,29.97,1915,1920*1080,,성인,4641,0AUDLJ08S_00058_SC_00035.jpeg,2021,2인 이상,578,한국어,옆구리 늘려주기,20221006,유연성,직장인을 위한 운동프로그램(동료와 함께 짝운동),154.854,mp4,0AUDLJ08S_00058.mp4,http://openapi.kspo.or.kr/web/image/0AUDLJ08S_00058/,30,동영상,옆구리
공통,http://openapi.kspo.or.kr/web/video/,우울증을 예방하기 위한 운동프로그램,486761054,우울증 예방,29.97,1916,1920*1080,,공통,175,0AUDLJ08S_00043_SC_00004.jpeg,2021,1인 이상,2928,한국어,,20221015,,우울증 예방 운동프로그램,5.839,mp4,0AUDLJ08S_00043.mp4,http://openapi.kspo.or.kr/web/image/0AUDLJ08S_00043/,1,동영상,
짝 운동,http://openapi.kspo.or.kr/web/video/,직장인을 위한 동료 짝 운동프로그램,96058908,직장인 동료 짝 운동,29.97,1917,1920*1080,,성인,4844,0AUDLJ08S_00058_SC_00036.jpeg,2021,2인 이상,578,한국어,옆구리 늘려주기,20221006,유연성,직장인을 위한 운동프로그램(동료와 함께 짝운동),161.628,mp4,0AUDLJ08S_00058.mp4,http://openapi.kspo.or.kr/web/image/0AUDLJ08S_00058/,31,동영상,옆구리
짝 운동,http://openapi.kspo.or.kr/web/video/,직장인을 위한 동료 짝 운동프로그램,96058908,직장인 동료 짝 운동,29.97,1918,1920*1080,,성인,5018,0AUDLJ08S_00058_SC_00037.jpeg,2021,2인 이상,578,한국어,옆구리 늘려주기,20221006,유연성,직장인을 위한 운동프로그램(동료와 함께 짝운동),167.433,mp4,0AUDLJ08S_00058.mp4,http://openapi.kspo.or.kr/web/image/0AUDLJ08S_00058/,32,동영상,옆구리
짝 운동,http://openapi.kspo.or.kr/web/video/,직장인을 위한 동료 짝 운동프로그램,96058908,직장인 동료 짝 운동,29.97,1919,1920*1080,,성인,5105,0AUDLJ08S_00058_SC_00038.jpeg,2021,2인 이상,578,한국어,옆구리 늘려주기,20221006,유연성,직장인을 위한 운동프로그램(동료와 함께 짝운동),170.336,mp4,0AUDLJ08S_00058.mp4,http://openapi.kspo.or.kr/web/image/0AUDLJ08S_00058/,33,동영상,옆구리
짝 운동,http://openapi.kspo.or.kr/web/video/,직장인을 위한 동료 짝 운동프로그램,96058908,직장인 동료 짝 운동,29.97,1920,1920*1080,,성인,5279,0AUDLJ08S_00058_SC_00039.jpeg,2021,2인 이상,578,한국어,옆구리 늘려주기,20221006,유연성,직장인을 위한 운동프로그램(동료와 함께 짝운동),176.142,mp4,0AUDLJ08S_00058.mp4,http://openapi.kspo.or.kr/web/image/0AUDLJ08S_00058/,34,동영상,옆구리
짝 운동,http://openapi.kspo.or.kr/web/video/,직장인을 위한 동료 짝 운동프로그램,96058908,직장인 동료 짝 운동,29.97,1921,1920*1080,,성인,5308,0AUDLJ08S_00058_SC_00040.jpeg,2021,2인 이상,578,한국어,옆구리 늘려주기,20221006,유연성,직장인을 위한 운동프로그램(동료와 함께 짝운동),177.11,mp4,0AUDLJ08S_00058.mp4,http://openapi.kspo.or.kr/web/image/0AUDLJ08S_00058/,35,동영상,옆구리
짝 운동,http://openapi.kspo.or.kr/web/video/,직장인을 위한 동료 짝 운동프로그램,96058908,직장인 동료 짝 운동,29.97,1922,1920*1080,,성인,5337,0AUDLJ08S_00058_SC_00041.jpeg,2021,2인 이상,578,한국어,옆구리 늘려주기,20221006,유연성,직장인을 위한 운동프로그램(동료와 함께 짝운동),178.077,mp4,0AUDLJ08S_00058.mp4,http://openapi.kspo.or.kr/web/image/0AUDLJ08S_00058/,36,동영상,옆구리
짝 운동,http://openapi.kspo.or.kr/web/video/,직장인을 위한 동료 짝 운동프로그램,96058908,직장인 동료 짝 운동,29.97,1923,1920*1080,,성인,5366,0AUDLJ08S_00058_SC_00042.jpeg,2021,2인 이상,578,한국어,옆구리 늘려주기,20221006,유연성,직장인을 위한 운동프로그램(동료와 함께 짝운동),179.045,mp4,0AUDLJ08S_00058.mp4,http://openapi.kspo.or.kr/web/image/0AUDLJ08S_00058/,37,동영상,옆구리
짝 운동,http://openapi.kspo.or.kr/web/video/,직장인을 위한 동료 짝 운동프로그램,96058908,직장인 동료 짝 운동,29.97,1924,1920*1080,,성인,5395,0AUDLJ08S_00058_SC_00043.jpeg,2021,2인 이상,578,한국어,옆구리 늘려주기,20221006,유연성,직장인을 위한 운동프로그램(동료와 함께 짝운동),180.013,mp4,0AUDLJ08S_00058.mp4,http://openapi.kspo.or.kr/web/image/0AUDLJ08S_00058/,38,동영상,옆구리
짝 운동,http://openapi.kspo.or.kr/web/video/,직장인을 위한 동료 짝 운동프로그램,96058908,직장인 동료 짝 운동,29.97,1925,1920*1080,,성인,5482,0AUDLJ08S_00058_SC_00046.jpeg,2021,2인 이상,578,한국어,옆구리 늘려주기,20221006,유연성,직장인을 위한 운동프로그램(동료와 함께 짝운동),182.916,mp4,0AUDLJ08S_00058.mp4,http://openapi.kspo.or.kr/web/image/0AUDLJ08S_00058/,41,동영상,옆구리
짝 운동,http://openapi.kspo.or.kr/web/video/,직장인을 위한 동료 짝 운동프로그램,96058908,직장인 동료 짝 운동,29.97,1926,1920*1080,,성인,5511,0AUDLJ08S_00058_SC_00047.jpeg,2021,2인 이상,578,한국어,옆구리 늘려주기,20221006,유연성,직장인을 위한 운동프로그램(동료와 함께 짝운동),183.883,mp4,0AUDLJ08S_00058.mp4,http://openapi.kspo.or.kr/web/image/0AUDLJ08S_00058/,42,동영상,옆구리
짝 운동,http://openapi.kspo.or.kr/web/video/,직장인을 위한 동료 짝 운동프로그램,96058908,직장인 동료 짝 운동,29.97,1927,1920*1080,,성인,5540,0AUDLJ08S_00058_SC_00048.jpeg,2021,2인 이상,578,한국어,옆구리 늘려주기,20221006,유연성,직장인을 위한 운동프로그램(동료와 함께 짝운동),184.851,mp4,0AUDLJ08S_00058.mp4,http://openapi.kspo.or.kr/web/image/0AUDLJ08S_00058/,43,동영상,옆구리
짝 운동,http://openapi.kspo.or.kr/web/video/,직장인을 위한 동료 짝 운동프로그램,96058908,직장인 동료 짝 운동,29.97,1928,1920*1080,,성인,6004,0AUDLJ08S_00058_SC_00049.jpeg,2021,2인 이상,578,한국어,가슴 늘려주기,20221006,유연성,직장인을 위한 운동프로그램(동료와 함께 짝운동),200.333,mp4,0AUDLJ08S_00058.mp4,http://openapi.kspo.or.kr/web/image/0AUDLJ08S_00058/,44,동영상,가슴
짝 운동,http://openapi.kspo.or.kr/web/video/,직장인을 위한 동료 짝 운동프로그램,96058908,직장인 동료 짝 운동,29.97,1929,1920*1080,,성인,6236,0AUDLJ08S_00058_SC_00050.jpeg,2021,2인 이상,578,한국어,가슴 늘려주기,20221006,유연성,직장인을 위한 운동프로그램(동료와 함께 짝운동),208.074,mp4,0AUDLJ08S_00058.mp4,http://openapi.kspo.or.kr/web/image/0AUDLJ08S_00058/,45,동영상,가슴
짝 운동,http://openapi.kspo.or.kr/web/video/,직장인을 위한 동료 짝 운동프로그램,96058908,직장인 동료 짝 운동,29.97,1930,1920*1080,,성인,6410,0AUDLJ08S_00058_SC_00051.jpeg,2021,2인 이상,578,한국어,가슴 늘려주기,20221006,유연성,직장인을 위한 운동프로그램(동료와 함께 짝운동),213.88,mp4,0AUDLJ08S_00058.mp4,http://openapi.kspo.or.kr/web/image/0AUDLJ08S_00058/,46,동영상,가슴
짝 운동,http://openapi.kspo.or.kr/web/video/,직장인을 위한 동료 짝 운동프로그램,96058908,직장인 동료 짝 운동,29.97,1931,1920*1080,,성인,6584,0AUDLJ08S_00058_SC_00052.jpeg,2021,2인 이상,578,한국어,가슴 늘려주기,20221006,유연성,직장인을 위한 운동프로그램(동료와 함께 짝운동),219.686,mp4,0AUDLJ08S_00058.mp4,http://openapi.kspo.or.kr/web/image/0AUDLJ08S_00058/,47,동영상,가슴
짝 운동,http://openapi.kspo.or.kr/web/video/,직장인을 위한 동료 짝 운동프로그램,96058908,직장인 동료 짝 운동,29.97,1932,1920*1080,,성인,7251,0AUDLJ08S_00058_SC_00053.jpeg,2021,2인 이상,578,한국어,어깨 늘려주기,20221006,유연성,직장인을 위한 운동프로그램(동료와 함께 짝운동),241.941,mp4,0AUDLJ08S_00058.mp4,http://openapi.kspo.or.kr/web/image/0AUDLJ08S_00058/,48,동영상,어깨
짝 운동,http://openapi.kspo.or.kr/web/video/,직장인을 위한 동료 짝 운동프로그램,96058908,직장인 동료 짝 운동,29.97,1933,1920*1080,,성인,7454,0AUDLJ08S_00058_SC_00054.jpeg,2021,2인 이상,578,한국어,어깨 늘려주기,20221006,유연성,직장인을 위한 운동프로그램(동료와 함께 짝운동),248.715,mp4,0AUDLJ08S_00058.mp4,http://openapi.kspo.or.kr/web/image/0AUDLJ08S_00058/,49,동영상,어깨
짝 운동,http://openapi.kspo.or.kr/web/video/,직장인을 위한 동료 짝 운동프로그램,96058908,직장인 동료 짝 운동,29.97,1934,1920*1080,,성인,7512,0AUDLJ08S_00058_SC_00055.jpeg,2021,2인 이상,578,한국어,어깨 늘려주기,20221006,유연성,직장인을 위한 운동프로그램(동료와 함께 짝운동),250.65,mp4,0AUDLJ08S_00058.mp4,http://openapi.kspo.or.kr/web/image/0AUDLJ08S_00058/,50,동영상,어깨
짝 운동,http://openapi.kspo.or.kr/web/video/,직장인을 위한 동료 짝 운동프로그램,96058908,직장인 동료 짝 운동,29.97,1935,1920*1080,,성인,7570,0AUDLJ08S_00058_SC_00056.jpeg,2021,2인 이상,578,한국어,어깨 늘려주기,20221006,유연성,직장인을 위한 운동프로그램(동료와 함께 짝운동),252.585,mp4,0AUDLJ08S_00058.mp4,http://openapi.kspo.or.kr/web/image/0AUDLJ08S_00058/,51,동영상,어깨
짝 운동,http://openapi.kspo.or.kr/web/video/,직장인을 위한 동료 짝 운동프로그램,96058908,직장인 동료 짝 운동,29.97,1936,1920*1080,,성인,7686,0AUDLJ08S_00058_SC_00057.jpeg,2021,2인 이상,578,한국어,어깨 늘려주기,20221006,유연성,직장인을 위한 운동프로그램(동료와 함께 짝운동),256.456,mp4,0AUDLJ08S_00058.mp4,http://openapi.kspo.or.kr/web/image/0AUDLJ08S_00058/,52,동영상,어깨
짝 운동,http://openapi.kspo.or.kr/web/video/,직장인을 위한 동료 짝 운동프로그램,96058908,직장인 동료 짝 운동,29.97,1937,1920*1080,,성인,7831,0AUDLJ08S_00058_SC_00058.jpeg,2021,2인 이상,578,한국어,어깨 늘려주기,20221006,유연성,직장인을 위한 운동프로그램(동료와 함께 짝운동),261.294,mp4,0AUDLJ08S_00058.mp4,http://openapi.kspo.or.kr/web/image/0AUDLJ08S_00058/,53,동영상,어깨
짝 운동,http://openapi.kspo.or.kr/web/video/,직장인을 위한 동료 짝 운동프로그램,96058908,직장인 동료 짝 운동,29.97,1938,1920*1080,,성인,8208,0AUDLJ08S_00058_SC_00059.jpeg,2021,2인 이상,578,한국어,어깨 늘려주기,20221006,유연성,직장인을 위한 운동프로그램(동료와 함께 짝운동),273.873,mp4,0AUDLJ08S_00058.mp4,http://openapi.kspo.or.kr/web/image/0AUDLJ08S_00058/,54,동영상,어깨
짝 운동,http://openapi.kspo.or.kr/web/video/,직장인을 위한 동료 짝 운동프로그램,96058908,직장인 동료 짝 운동,29.97,1939,1920*1080,,성인,8643,0AUDLJ08S_00058_SC_00061.jpeg,2021,2인 이상,578,한국어,손잡고 상체 늘려주기,20221006,유연성,직장인을 위한 운동프로그램(동료와 함께 짝운동),288.388,mp4,0AUDLJ08S_00058.mp4,http://openapi.kspo.or.kr/web/image/0AUDLJ08S_00058/,55,동영상,상체
짝 운동,http://openapi.kspo.or.kr/web/video/,직장인을 위한 동료 짝 운동프로그램,96058908,직장인 동료 짝 운동,29.97,1940,1920*1080,,성인,8904,0AUDLJ08S_00058_SC_00062.jpeg,2021,2인 이상,578,한국어,손잡고 상체 늘려주기,20221006,유연성,직장인을 위한 운동프로그램(동료와 함께 짝운동),297.096,mp4,0AUDLJ08S_00058.mp4,http://openapi.kspo.or.kr/web/image/0AUDLJ08S_00058/,56,동영상,상체
짝 운동,http://openapi.kspo.or.kr/web/video/,직장인을 위한 동료 짝 운동프로그램,96058908,직장인 동료 짝 운동,29.97,1941,1920*1080,,성인,8933,0AUDLJ08S_00058_SC_00063.jpeg,2021,2인 이상,578,한국어,손잡고 상체 늘려주기,20221006,유연성,직장인을 위한 운동프로그램(동료와 함께 짝운동),298.064,mp4,0AUDLJ08S_00058.mp4,http://openapi.kspo.or.kr/web/image/0AUDLJ08S_00058/,57,동영상,상체
짝 운동,http://openapi.kspo.or.kr/web/video/,직장인을 위한 동료 짝 운동프로그램,96058908,직장인 동료 짝 운동,29.97,1942,1920*1080,,성인,8991,0AUDLJ08S_00058_SC_00064.jpeg,2021,2인 이상,578,한국어,손잡고 상체 늘려주기,20221006,유연성,직장인을 위한 운동프로그램(동료와 함께 짝운동),299.999,mp4,0AUDLJ08S_00058.mp4,http://openapi.kspo.or.kr/web/image/0AUDLJ08S_00058/,58,동영상,상체
짝 운동,http://openapi.kspo.or.kr/web/video/,직장인을 위한 동료 짝 운동프로그램,96058908,직장인 동료 짝 운동,29.97,1943,1920*1080,,성인,9136,0AUDLJ08S_00058_SC_00065.jpeg,2021,2인 이상,578,한국어,손잡고 상체 늘려주기,20221006,유연성,직장인을 위한 운동프로그램(동료와 함께 짝운동),304.837,mp4,0AUDLJ08S_00058.mp4,http://openapi.kspo.or.kr/web/image/0AUDLJ08S_00058/,59,동영상,상체
짝 운동,http://openapi.kspo.or.kr/web/video/,직장인을 위한 동료 짝 운동프로그램,96058908,직장인 동료 짝 운동,29.97,1944,1920*1080,,성인,9339,0AUDLJ08S_00058_SC_00066.jpeg,2021,2인 이상,578,한국어,손잡고 상체 늘려주기,20221006,유연성,직장인을 위한 운동프로그램(동료와 함께 짝운동),311.611,mp4,0AUDLJ08S_00058.mp4,http://openapi.kspo.or.kr/web/image/0AUDLJ08S_00058/,60,동영상,상체
짝 운동,http://openapi.kspo.or.kr/web/video/,직장인을 위한 동료 짝 운동프로그램,96058908,직장인 동료 짝 운동,29.97,1945,1920*1080,,성인,9716,0AUDLJ08S_00058_SC_00067.jpeg,2021,2인 이상,578,한국어,몸통 돌려 버텨주기,20221006,유연성,직장인을 위한 운동프로그램(동료와 함께 짝운동),324.19,mp4,0AUDLJ08S_00058.mp4,http://openapi.kspo.or.kr/web/image/0AUDLJ08S_00058/,61,동영상,몸통
짝 운동,http://openapi.kspo.or.kr/web/video/,직장인을 위한 동료 짝 운동프로그램,96058908,직장인 동료 짝 운동,29.97,1946,1920*1080,,성인,9948,0AUDLJ08S_00058_SC_00068.jpeg,2021,2인 이상,578,한국어,몸통 돌려 버텨주기,20221006,유연성,직장인을 위한 운동프로그램(동료와 함께 짝운동),331.931,mp4,0AUDLJ08S_00058.mp4,http://openapi.kspo.or.kr/web/image/0AUDLJ08S_00058/,62,동영상,몸통
짝 운동,http://openapi.kspo.or.kr/web/video/,직장인을 위한 동료 짝 운동프로그램,96058908,직장인 동료 짝 운동,29.97,1947,1920*1080,,성인,10122,0AUDLJ08S_00058_SC_00069.jpeg,2021,2인 이상,578,한국어,몸통 돌려 버텨주기,20221006,유연성,직장인을 위한 운동프로그램(동료와 함께 짝운동),337.737,mp4,0AUDLJ08S_00058.mp4,http://openapi.kspo.or.kr/web/image/0AUDLJ08S_00058/,63,동영상,몸통
짝 운동,http://openapi.kspo.or.kr/web/video/,직장인을 위한 동료 짝 운동프로그램,96058908,직장인 동료 짝 운동,29.97,1948,1920*1080,,성인,10354,0AUDLJ08S_00058_SC_00070.jpeg,2021,2인 이상,578,한국어,몸통 돌려 버텨주기,20221006,유연성,직장인을 위한 운동프로그램(동료와 함께 짝운동),345.478,mp4,0AUDLJ08S_00058.mp4,http://openapi.kspo.or.kr/web/image/0AUDLJ08S_00058/,64,동영상,몸통
짝 운동,http://openapi.kspo.or.kr/web/video/,직장인을 위한 동료 짝 운동프로그램,96058908,직장인 동료 짝 운동,29.97,1949,1920*1080,,성인,10702,0AUDLJ08S_00058_SC_00071.jpeg,2021,2인 이상,578,한국어,몸통 돌려 버텨주기,20221006,유연성,직장인을 위한 운동프로그램(동료와 함께 짝운동),357.09,mp4,0AUDLJ08S_00058.mp4,http://openapi.kspo.or.kr/web/image/0AUDLJ08S_00058/,65,동영상,몸통
짝 운동,http://openapi.kspo.or.kr/web/video/,직장인을 위한 동료 짝 운동프로그램,96058908,직장인 동료 짝 운동,29.97,1950,1920*1080,,성인,10847,0AUDLJ08S_00058_SC_00072.jpeg,2021,2인 이상,578,한국어,몸통 돌려 버텨주기,20221006,유연성,직장인을 위한 운동프로그램(동료와 함께 짝운동),361.928,mp4,0AUDLJ08S_00058.mp4,http://openapi.kspo.or.kr/web/image/0AUDLJ08S_00058/,66,동영상,몸통
짝 운동,http://openapi.kspo.or.kr/web/video/,직장인을 위한 동료 짝 운동프로그램,96058908,직장인 동료 짝 운동,29.97,1951,1920*1080,,성인,12007,0AUDLJ08S_00058_SC_00073.jpeg,2021,2인 이상,578,한국어,마주보고 허벅지 늘려주기,20221006,유연성,직장인을 위한 운동프로그램(동료와 함께 짝운동),400.633,mp4,0AUDLJ08S_00058.mp4,http://openapi.kspo.or.kr/web/image/0AUDLJ08S_00058/,67,동영상,허벅지
짝 운동,http://openapi.kspo.or.kr/web/video/,직장인을 위한 동료 짝 운동프로그램,96058908,직장인 동료 짝 운동,29.97,1952,1920*1080,,성인,12094,0AUDLJ08S_00058_SC_00074.jpeg,2021,2인 이상,578,한국어,마주보고 허벅지 늘려주기,20221006,유연성,직장인을 위한 운동프로그램(동료와 함께 짝운동),403.536,mp4,0AUDLJ08S_00058.mp4,http://openapi.kspo.or.kr/web/image/0AUDLJ08S_00058/,68,동영상,허벅지
짝 운동,http://openapi.kspo.or.kr/web/video/,직장인을 위한 동료 짝 운동프로그램,96058908,직장인 동료 짝 운동,29.97,1953,1920*1080,,성인,12181,0AUDLJ08S_00058_SC_00075.jpeg,2021,2인 이상,578,한국어,마주보고 허벅지 늘려주기,20221006,유연성,직장인을 위한 운동프로그램(동료와 함께 짝운동),406.439,mp4,0AUDLJ08S_00058.mp4,http://openapi.kspo.or.kr/web/image/0AUDLJ08S_00058/,69,동영상,허벅지
짝 운동,http://openapi.kspo.or.kr/web/video/,직장인을 위한 동료 짝 운동프로그램,96058908,직장인 동료 짝 운동,29.97,1954,1920*1080,,성인,12355,0AUDLJ08S_00058_SC_00076.jpeg,2021,2인 이상,578,한국어,마주보고 허벅지 늘려주기,20221006,유연성,직장인을 위한 운동프로그램(동료와 함께 짝운동),412.245,mp4,0AUDLJ08S_00058.mp4,http://openapi.kspo.or.kr/web/image/0AUDLJ08S_00058/,70,동영상,허벅지
짝 운동,http://openapi.kspo.or.kr/web/video/,직장인을 위한 동료 짝 운동프로그램,96058908,직장인 동료 짝 운동,29.97,1955,1920*1080,,성인,12993,0AUDLJ08S_00058_SC_00077.jpeg,2021,2인 이상,578,한국어,등 대고 팔 늘려주기,20221006,유연성,직장인을 위한 운동프로그램(동료와 함께 짝운동),433.533,mp4,0AUDLJ08S_00058.mp4,http://openapi.kspo.or.kr/web/image/0AUDLJ08S_00058/,71,동영상,팔
짝 운동,http://openapi.kspo.or.kr/web/video/,직장인을 위한 동료 짝 운동프로그램,96058908,직장인 동료 짝 운동,29.97,1956,1920*1080,,성인,13254,0AUDLJ08S_00058_SC_00078.jpeg,2021,2인 이상,578,한국어,등 대고 팔 늘려주기,20221006,유연성,직장인을 위한 운동프로그램(동료와 함께 짝운동),442.241,mp4,0AUDLJ08S_00058.mp4,http://openapi.kspo.or.kr/web/image/0AUDLJ08S_00058/,72,동영상,팔
짝 운동,http://openapi.kspo.or.kr/web/video/,직장인을 위한 동료 짝 운동프로그램,96058908,직장인 동료 짝 운동,29.97,1957,1920*1080,,성인,13399,0AUDLJ08S_00058_SC_00079.jpeg,2021,2인 이상,578,한국어,등 대고 팔 늘려주기,20221006,유연성,직장인을 위한 운동프로그램(동료와 함께 짝운동),447.079,mp4,0AUDLJ08S_00058.mp4,http://openapi.kspo.or.kr/web/image/0AUDLJ08S_00058/,73,동영상,팔
짝 운동,http://openapi.kspo.or.kr/web/video/,직장인을 위한 동료 짝 운동프로그램,96058908,직장인 동료 짝 운동,29.97,1958,1920*1080,,성인,13602,0AUDLJ08S_00058_SC_00080.jpeg,2021,2인 이상,578,한국어,등 대고 팔 늘려주기,20221006,유연성,직장인을 위한 운동프로그램(동료와 함께 짝운동),453.853,mp4,0AUDLJ08S_00058.mp4,http://openapi.kspo.or.kr/web/image/0AUDLJ08S_00058/,74,동영상,팔
짝 운동,http://openapi.kspo.or.kr/web/video/,직장인을 위한 동료 짝 운동프로그램,96058908,직장인 동료 짝 운동,29.97,1959,1920*1080,,성인,13950,0AUDLJ08S_00058_SC_00081.jpeg,2021,2인 이상,578,한국어,등 대고 팔 늘려주기,20221006,유연성,직장인을 위한 운동프로그램(동료와 함께 짝운동),465.465,mp4,0AUDLJ08S_00058.mp4,http://openapi.kspo.or.kr/web/image/0AUDLJ08S_00058/,75,동영상,팔
짝 운동,http://openapi.kspo.or.kr/web/video/,직장인을 위한 동료 짝 운동프로그램,96058908,직장인 동료 짝 운동,29.97,1960,1920*1080,,성인,14414,0AUDLJ08S_00058_SC_00082.jpeg,2021,2인 이상,578,한국어,마주보고 앉아서 버티기,20221006,근력/근지구력,직장인을 위한 운동프로그램(동료와 함께 짝운동),480.947,mp4,0AUDLJ08S_00058.mp4,http://openapi.kspo.or.kr/web/image/0AUDLJ08S_00058/,76,동영상,전신
짝 운동,http://openapi.kspo.or.kr/web/video/,직장인을 위한 동료 짝 운동프로그램,96058908,직장인 동료 짝 운동,29.97,1961,1920*1080,,성인,14443,0AUDLJ08S_00058_SC_00083.jpeg,2021,2인 이상,578,한국어,마주보고 앉아서 버티기,20221006,근력/근지구력,직장인을 위한 운동프로그램(동료와 함께 짝운동),481.914,mp4,0AUDLJ08S_00058.mp4,http://openapi.kspo.or.kr/web/image/0AUDLJ08S_00058/,77,동영상,전신
짝 운동,http://openapi.kspo.or.kr/web/video/,직장인을 위한 동료 짝 운동프로그램,96058908,직장인 동료 짝 운동,29.97,1962,1920*1080,,성인,14704,0AUDLJ08S_00058_SC_00084.jpeg,2021,2인 이상,578,한국어,마주보고 앉아서 버티기,20221006,근력/근지구력,직장인을 위한 운동프로그램(동료와 함께 짝운동),490.623,mp4,0AUDLJ08S_00058.mp4,http://openapi.kspo.or.kr/web/image/0AUDLJ08S_00058/,78,동영상,전신
짝 운동,http://openapi.kspo.or.kr/web/video/,직장인을 위한 동료 짝 운동프로그램,96058908,직장인 동료 짝 운동,29.97,1963,1920*1080,,성인,14820,0AUDLJ08S_00058_SC_00085.jpeg,2021,2인 이상,578,한국어,마주보고 앉아서 버티기,20221006,근력/근지구력,직장인을 위한 운동프로그램(동료와 함께 짝운동),494.494,mp4,0AUDLJ08S_00058.mp4,http://openapi.kspo.or.kr/web/image/0AUDLJ08S_00058/,79,동영상,전신
짝 운동,http://openapi.kspo.or.kr/web/video/,직장인을 위한 동료 짝 운동프로그램,96058908,직장인 동료 짝 운동,29.97,1964,1920*1080,,성인,14878,0AUDLJ08S_00058_SC_00086.jpeg,2021,2인 이상,578,한국어,마주보고 앉아서 버티기,20221006,근력/근지구력,직장인을 위한 운동프로그램(동료와 함께 짝운동),496.429,mp4,0AUDLJ08S_00058.mp4,http://openapi.kspo.or.kr/web/image/0AUDLJ08S_00058/,80,동영상,전신
짝 운동,http://openapi.kspo.or.kr/web/video/,직장인을 위한 동료 짝 운동프로그램,96058908,직장인 동료 짝 운동,29.97,1965,1920*1080,,성인,14936,0AUDLJ08S_00058_SC_00087.jpeg,2021,2인 이상,578,한국어,마주보고 앉아서 버티기,20221006,근력/근지구력,직장인을 위한 운동프로그램(동료와 함께 짝운동),498.364,mp4,0AUDLJ08S_00058.mp4,http://openapi.kspo.or.kr/web/image/0AUDLJ08S_00058/,81,동영상,전신
짝 운동,http://openapi.kspo.or.kr/web/video/,직장인을 위한 동료 짝 운동프로그램,96058908,직장인 동료 짝 운동,29.97,1966,1920*1080,,성인,15081,0AUDLJ08S_00058_SC_00088.jpeg,2021,2인 이상,578,한국어,마주보고 앉아서 버티기,20221006,근력/근지구력,직장인을 위한 운동프로그램(동료와 함께 짝운동),503.202,mp4,0AUDLJ08S_00058.mp4,http://openapi.kspo.or.kr/web/image/0AUDLJ08S_00058/,82,동영상,전신
짝 운동,http://openapi.kspo.or.kr/web/video/,직장인을 위한 동료 짝 운동프로그램,96058908,직장인 동료 짝 운동,29.97,1967,1920*1080,,성인,15226,0AUDLJ08S_00058_SC_00089.jpeg,2021,2인 이상,578,한국어,마주보고 앉아서 버티기,20221006,근력/근지구력,직장인을 위한 운동프로그램(동료와 함께 짝운동),508.04,mp4,0AUDLJ08S_00058.mp4,http://openapi.kspo.or.kr/web/image/0AUDLJ08S_00058/,83,동영상,전신
짝 운동,http://openapi.kspo.or.kr/web/video/,직장인을 위한 동료 짝 운동프로그램,96058908,직장인 동료 짝 운동,29.97,1968,1920*1080,,성인,15748,0AUDLJ08S_00058_SC_00090.jpeg,2021,2인 이상,578,한국어,마주보고 종아리 늘려주기,20221006,유연성,직장인을 위한 운동프로그램(동료와 함께 짝운동),525.458,mp4,0AUDLJ08S_00058.mp4,http://openapi.kspo.or.kr/web/image/0AUDLJ08S_00058/,84,동영상,종아리
짝 운동,http://openapi.kspo.or.kr/web/video/,직장인을 위한 동료 짝 운동프로그램,96058908,직장인 동료 짝 운동,29.97,1969,1920*1080,,성인,16038,0AUDLJ08S_00058_SC_00091.jpeg,2021,2인 이상,578,한국어,마주보고 종아리 늘려주기,20221006,유연성,직장인을 위한 운동프로그램(동료와 함께 짝운동),535.134,mp4,0AUDLJ08S_00058.mp4,http://openapi.kspo.or.kr/web/image/0AUDLJ08S_00058/,85,동영상,종아리
짝 운동,http://openapi.kspo.or.kr/web/video/,직장인을 위한 동료 짝 운동프로그램,96058908,직장인 동료 짝 운동,29.97,1970,1920*1080,,성인,16067,0AUDLJ08S_00058_SC_00092.jpeg,2021,2인 이상,578,한국어,마주보고 종아리 늘려주기,20221006,유연성,직장인을 위한 운동프로그램(동료와 함께 짝운동),536.102,mp4,0AUDLJ08S_00058.mp4,http://openapi.kspo.or.kr/web/image/0AUDLJ08S_00058/,86,동영상,종아리
짝 운동,http://openapi.kspo.or.kr/web/video/,직장인을 위한 동료 짝 운동프로그램,96058908,직장인 동료 짝 운동,29.97,1971,1920*1080,,성인,16096,0AUDLJ08S_00058_SC_00093.jpeg,2021,2인 이상,578,한국어,마주보고 종아리 늘려주기,20221006,유연성,직장인을 위한 운동프로그램(동료와 함께 짝운동),537.069,mp4,0AUDLJ08S_00058.mp4,http://openapi.kspo.or.kr/web/image/0AUDLJ08S_00058/,87,동영상,종아리
짝 운동,http://openapi.kspo.or.kr/web/video/,직장인을 위한 동료 짝 운동프로그램,96058908,직장인 동료 짝 운동,29.97,1972,1920*1080,,성인,16125,0AUDLJ08S_00058_SC_00094.jpeg,2021,2인 이상,578,한국어,마주보고 종아리 늘려주기,20221006,유연성,직장인을 위한 운동프로그램(동료와 함께 짝운동),538.037,mp4,0AUDLJ08S_00058.mp4,http://openapi.kspo.or.kr/web/image/0AUDLJ08S_00058/,88,동영상,종아리
짝 운동,http://openapi.kspo.or.kr/web/video/,직장인을 위한 동료 짝 운동프로그램,96058908,직장인 동료 짝 운동,29.97,1973,1920*1080,,성인,16241,0AUDLJ08S_00058_SC_00095.jpeg,2021,2인 이상,578,한국어,마주보고 종아리 늘려주기,20221006,유연성,직장인을 위한 운동프로그램(동료와 함께 짝운동),541.908,mp4,0AUDLJ08S_00058.mp4,http://openapi.kspo.or.kr/web/image/0AUDLJ08S_00058/,89,동영상,종아리
짝 운동,http://openapi.kspo.or.kr/web/video/,직장인을 위한 동료 짝 운동프로그램,96058908,직장인 동료 짝 운동,29.97,1974,1920*1080,,성인,16386,0AUDLJ08S_00058_SC_00096.jpeg,2021,2인 이상,578,한국어,마주보고 종아리 늘려주기,20221006,유연성,직장인을 위한 운동프로그램(동료와 함께 짝운동),546.746,mp4,0AUDLJ08S_00058.mp4,http://openapi.kspo.or.kr/web/image/0AUDLJ08S_00058/,90,동영상,종아리
짝 운동,http://openapi.kspo.or.kr/web/video/,직장인을 위한 동료 짝 운동프로그램,96058908,직장인 동료 짝 운동,29.97,1975,1920*1080,,성인,16531,0AUDLJ08S_00058_SC_00097.jpeg,2021,2인 이상,578,한국어,마주보고 종아리 늘려주기,20221006,유연성,직장인을 위한 운동프로그램(동료와 함께 짝운동),551.584,mp4,0AUDLJ08S_00058.mp4,http://openapi.kspo.or.kr/web/image/0AUDLJ08S_00058/,91,동영상,종아리
짝 운동,http://openapi.kspo.or.kr/web/video/,직장인을 위한 동료 짝 운동프로그램,96058908,직장인 동료 짝 운동,29.97,1976,1920*1080,,성인,16676,0AUDLJ08S_00058_SC_00098.jpeg,2021,2인 이상,578,한국어,마주보고 종아리 늘려주기,20221006,유연성,직장인을 위한 운동프로그램(동료와 함께 짝운동),556.422,mp4,0AUDLJ08S_00058.mp4,http://openapi.kspo.or.kr/web/image/0AUDLJ08S_00058/,92,동영상,종아리
유산소 운동,http://openapi.kspo.or.kr/web/video/,"소도구를 활용한 유산소 전신 근력운동 중, 물병을 활용한 목적별루틴운동 ",71239398,유산소,29.96,1977,1280*720,물병,공통,639,0AUDLJ08S_01012_SC_00001.jpeg,2021,1인 이상,435,한국어,,20221027,,물병을 활용한 유산소 전신 근력 운동,21.321,mp4,0AUDLJ08S_01012.mp4,http://openapi.kspo.or.kr/web/image/0AUDLJ08S_01012/,1,동영상,
유산소 운동,http://openapi.kspo.or.kr/web/video/,"소도구를 활용한 유산소 전신 근력운동 중, 물병을 활용한 목적별루틴운동 ",71239398,유산소,29.96,1978,1280*720,물병,공통,1654,0AUDLJ08S_01012_SC_00006.jpeg,2021,1인 이상,435,한국어,다리 벌리면서 팔 벌리기,20221027,근력/근지구력,물병을 활용한 유산소 전신 근력 운동,55.188,mp4,0AUDLJ08S_01012.mp4,http://openapi.kspo.or.kr/web/image/0AUDLJ08S_01012/,2,동영상,전신
유산소 운동,http://openapi.kspo.or.kr/web/video/,"소도구를 활용한 유산소 전신 근력운동 중, 물병을 활용한 목적별루틴운동 ",71239398,유산소,29.96,1979,1280*720,물병,공통,3597,0AUDLJ08S_01012_FR_00041.jpeg,2021,1인 이상,435,한국어,스쿼트와 런지,20221027,근력,물병을 활용한 유산소 전신 근력 운동,120.02,mp4,0AUDLJ08S_01012.mp4,http://openapi.kspo.or.kr/web/image/0AUDLJ08S_01012/,3,동영상,하체
유산소 운동,http://openapi.kspo.or.kr/web/video/,"소도구를 활용한 유산소 전신 근력운동 중, 물병을 활용한 목적별루틴운동 ",71239398,유산소,29.96,1980,1280*720,물병,공통,3777,0AUDLJ08S_01012_FR_00043.jpeg,2021,1인 이상,435,한국어,스쿼트와 런지,20221027,근력,물병을 활용한 유산소 전신 근력 운동,126.026,mp4,0AUDLJ08S_01012.mp4,http://openapi.kspo.or.kr/web/image/0AUDLJ08S_01012/,4,동영상,하체
유산소 운동,http://openapi.kspo.or.kr/web/video/,"소도구를 활용한 유산소 전신 근력운동 중, 물병을 활용한 목적별루틴운동 ",71239398,유산소,29.96,1981,1280*720,물병,공통,4815,0AUDLJ08S_01012_SC_00008.jpeg,2021,1인 이상,435,한국어,무릎들고 팔 내리기,20221027,,물병을 활용한 유산소 전신 근력 운동,160.66,mp4,0AUDLJ08S_01012.mp4,http://openapi.kspo.or.kr/web/image/0AUDLJ08S_01012/,5,동영상,전신
유산소 운동,http://openapi.kspo.or.kr/web/video/,"소도구를 활용한 유산소 전신 근력운동 중, 물병을 활용한 목적별루틴운동 ",71239398,유산소,29.96,1982,1280*720,물병,공통,6033,0AUDLJ08S_01012_SC_00009.jpeg,2021,1인 이상,435,한국어,상완이두근과 어깨운동,20221027,근력,물병을 활용한 유산소 전신 근력 운동,201.301,mp4,0AUDLJ08S_01012.mp4,http://openapi.kspo.or.kr/web/image/0AUDLJ08S_01012/,6,동영상,상체
유산소 운동,http://openapi.kspo.or.kr/web/video/,"소도구를 활용한 유산소 전신 근력운동 중, 물병을 활용한 목적별루틴운동 ",71239398,유산소,29.96,1983,1280*720,물병,공통,8237,0AUDLJ08S_01012_SC_00010.jpeg,2021,1인 이상,435,한국어,다리 벌리면서 팔 앞으로 뻗기,20221027,,물병을 활용한 유산소 전신 근력 운동,274.841,mp4,0AUDLJ08S_01012.mp4,http://openapi.kspo.or.kr/web/image/0AUDLJ08S_01012/,7,동영상,전신
유산소 운동,http://openapi.kspo.or.kr/web/video/,"소도구를 활용한 유산소 전신 근력운동 중, 물병을 활용한 목적별루틴운동 ",71239398,유산소,29.96,1984,1280*720,물병,공통,10238,0AUDLJ08S_01012_SC_00012.jpeg,2021,1인 이상,435,한국어,앉아서 무릎 당기기,20221027,근력,물병을 활용한 유산소 전신 근력 운동,341.608,mp4,0AUDLJ08S_01012.mp4,http://openapi.kspo.or.kr/web/image/0AUDLJ08S_01012/,8,동영상,복근
유산소 운동,http://openapi.kspo.or.kr/web/video/,"소도구를 활용한 유산소 전신 근력운동 중, 물병을 활용한 목적별루틴운동 ",71239398,유산소,29.96,1985,1280*720,물병,공통,11253,0AUDLJ08S_01012_SC_00014.jpeg,2021,1인 이상,435,한국어,앉아서 무릎 당기기,20221027,,물병을 활용한 유산소 전신 근력 운동,375.475,mp4,0AUDLJ08S_01012.mp4,http://openapi.kspo.or.kr/web/image/0AUDLJ08S_01012/,9,동영상,전신
유산소 운동,http://openapi.kspo.or.kr/web/video/,"소도구를 활용한 유산소 전신 근력운동 중, 계단을 활용한 목적별루틴운동 ",56812166,유산소,29.96,1986,1280*720,계단,공통,1857,0AUDLJ08S_01013_SC_00010.jpeg,2021,1인 이상,348,한국어,스텝 업,20221013,근력/근지구력,계단을 활용한 유산소 전신 근력 운동,61.961,mp4,0AUDLJ08S_01013.mp4,http://openapi.kspo.or.kr/web/image/0AUDLJ08S_01013/,1,동영상,전신
유산소 운동,http://openapi.kspo.or.kr/web/video/,"소도구를 활용한 유산소 전신 근력운동 중, 계단을 활용한 목적별루틴운동 ",56812166,유산소,29.96,1987,1280*720,계단,공통,2002,0AUDLJ08S_01013_SC_00011.jpeg,2021,1인 이상,348,한국어,스텝 업,20221013,근력/근지구력,계단을 활용한 유산소 전신 근력 운동,66.8,mp4,0AUDLJ08S_01013.mp4,http://openapi.kspo.or.kr/web/image/0AUDLJ08S_01013/,2,동영상,전신
유산소 운동,http://openapi.kspo.or.kr/web/video/,"소도구를 활용한 유산소 전신 근력운동 중, 계단을 활용한 목적별루틴운동 ",56812166,유산소,29.96,1988,1280*720,계단,공통,2428,0AUDLJ08S_01013_FR_00028.jpeg,2021,1인 이상,348,한국어,스쿼트,20221013,근력,계단을 활용한 유산소 전신 근력 운동,81.014,mp4,0AUDLJ08S_01013.mp4,http://openapi.kspo.or.kr/web/image/0AUDLJ08S_01013/,3,동영상,하체
유산소 운동,http://openapi.kspo.or.kr/web/video/,"소도구를 활용한 유산소 전신 근력운동 중, 계단을 활용한 목적별루틴운동 ",56812166,유산소,29.96,1989,1280*720,계단,공통,2518,0AUDLJ08S_01013_FR_00029.jpeg,2021,1인 이상,348,한국어,스쿼트,20221013,근력,계단을 활용한 유산소 전신 근력 운동,84.017,mp4,0AUDLJ08S_01013.mp4,http://openapi.kspo.or.kr/web/image/0AUDLJ08S_01013/,4,동영상,하체
유산소 운동,http://openapi.kspo.or.kr/web/video/,"소도구를 활용한 유산소 전신 근력운동 중, 계단을 활용한 목적별루틴운동 ",56812166,유산소,29.96,1990,1280*720,계단,공통,3597,0AUDLJ08S_01013_FR_00041.jpeg,2021,1인 이상,348,한국어,백워드 런지,20221013,근력,계단을 활용한 유산소 전신 근력 운동,120.02,mp4,0AUDLJ08S_01013.mp4,http://openapi.kspo.or.kr/web/image/0AUDLJ08S_01013/,5,동영상,하체
유산소 운동,http://openapi.kspo.or.kr/web/video/,"소도구를 활용한 유산소 전신 근력운동 중, 계단을 활용한 목적별루틴운동 ",56812166,유산소,29.96,1991,1280*720,계단,공통,3777,0AUDLJ08S_01013_FR_00043.jpeg,2021,1인 이상,348,한국어,백워드 런지,20221013,근력,계단을 활용한 유산소 전신 근력 운동,126.026,mp4,0AUDLJ08S_01013.mp4,http://openapi.kspo.or.kr/web/image/0AUDLJ08S_01013/,6,동영상,하체
유산소 운동,http://openapi.kspo.or.kr/web/video/,"소도구를 활용한 유산소 전신 근력운동 중, 계단을 활용한 목적별루틴운동 ",56812166,유산소,29.96,1992,1280*720,계단,공통,4380,0AUDLJ08S_01013_SC_00021.jpeg,2021,1인 이상,348,한국어,힙 드롭,20221013,근력,계단을 활용한 유산소 전신 근력 운동,146.146,mp4,0AUDLJ08S_01013.mp4,http://openapi.kspo.or.kr/web/image/0AUDLJ08S_01013/,7,동영상,하체
유산소 운동,http://openapi.kspo.or.kr/web/video/,"소도구를 활용한 유산소 전신 근력운동 중, 계단을 활용한 목적별루틴운동 ",56812166,유산소,29.96,1993,1280*720,계단,공통,4525,0AUDLJ08S_01013_SC_00022.jpeg,2021,1인 이상,348,한국어,힙 드롭,20221013,근력,계단을 활용한 유산소 전신 근력 운동,150.984,mp4,0AUDLJ08S_01013.mp4,http://openapi.kspo.or.kr/web/image/0AUDLJ08S_01013/,8,동영상,하체
유산소 운동,http://openapi.kspo.or.kr/web/video/,"소도구를 활용한 유산소 전신 근력운동 중, 계단을 활용한 목적별루틴운동 ",56812166,유산소,29.96,1994,1280*720,계단,공통,5540,0AUDLJ08S_01013_SC_00026.jpeg,2021,1인 이상,348,한국어,푸쉬 업,20221013,근력,계단을 활용한 유산소 전신 근력 운동,184.851,mp4,0AUDLJ08S_01013.mp4,http://openapi.kspo.or.kr/web/image/0AUDLJ08S_01013/,9,동영상,상체
유산소 운동,http://openapi.kspo.or.kr/web/video/,"소도구를 활용한 유산소 전신 근력운동 중, 계단을 활용한 목적별루틴운동 ",56812166,유산소,29.96,1995,1280*720,계단,공통,5772,0AUDLJ08S_01013_SC_00028.jpeg,2021,1인 이상,348,한국어,푸쉬 업,20221013,근력,계단을 활용한 유산소 전신 근력 운동,192.592,mp4,0AUDLJ08S_01013.mp4,http://openapi.kspo.or.kr/web/image/0AUDLJ08S_01013/,10,동영상,상체
유산소 운동,http://openapi.kspo.or.kr/web/video/,"소도구를 활용한 유산소 전신 근력운동 중, 계단을 활용한 목적별루틴운동 ",56812166,유산소,29.96,1996,1280*720,계단,공통,6564,0AUDLJ08S_01013_FR_00074.jpeg,2021,1인 이상,348,한국어,하이플랭크,20221013,근력/근지구력,계단을 활용한 유산소 전신 근력 운동,219.019,mp4,0AUDLJ08S_01013.mp4,http://openapi.kspo.or.kr/web/image/0AUDLJ08S_01013/,11,동영상,몸통
유산소 운동,http://openapi.kspo.or.kr/web/video/,"소도구를 활용한 유산소 전신 근력운동 중, 계단을 활용한 목적별루틴운동 ",56812166,유산소,29.96,1997,1280*720,계단,공통,6744,0AUDLJ08S_01013_FR_00076.jpeg,2021,1인 이상,348,한국어,하이플랭크,20221013,근력/근지구력,계단을 활용한 유산소 전신 근력 운동,225.025,mp4,0AUDLJ08S_01013.mp4,http://openapi.kspo.or.kr/web/image/0AUDLJ08S_01013/,12,동영상,몸통
유산소 운동,http://openapi.kspo.or.kr/web/video/,"소도구를 활용한 유산소 전신 근력운동 중, 계단을 활용한 목적별루틴운동 ",56812166,유산소,29.96,1998,1280*720,계단,공통,7553,0AUDLJ08S_01013_FR_00085.jpeg,2021,1인 이상,348,한국어,슬로우 버피테스트,20221013,근력/근지구력,계단을 활용한 유산소 전신 근력 운동,252.018,mp4,0AUDLJ08S_01013.mp4,http://openapi.kspo.or.kr/web/image/0AUDLJ08S_01013/,13,동영상,전신
유산소 운동,http://openapi.kspo.or.kr/web/video/,"소도구를 활용한 유산소 전신 근력운동 중, 계단을 활용한 목적별루틴운동 ",56812166,유산소,29.96,1999,1280*720,계단,공통,7628,0AUDLJ08S_01013_SC_00034.jpeg,2021,1인 이상,348,한국어,슬로우 버피테스트,20221013,근력/근지구력,계단을 활용한 유산소 전신 근력 운동,254.521,mp4,0AUDLJ08S_01013.mp4,http://openapi.kspo.or.kr/web/image/0AUDLJ08S_01013/,14,동영상,전신
유산소 운동,http://openapi.kspo.or.kr/web/video/,"소도구를 활용한 유산소 전신 근력운동 중, 계단을 활용한 목적별루틴운동 ",56812166,유산소,29.96,2000,1280*720,계단,공통,8902,0AUDLJ08S_01013_FR_00100.jpeg,2021,1인 이상,348,한국어,마운틴 클라이머,20221013,근력/근지구력,계단을 활용한 유산소 전신 근력 운동,297.03,mp4,0AUDLJ08S_01013.mp4,http://openapi.kspo.or.kr/web/image/0AUDLJ08S_01013/,15,동영상,전신
유산소 운동,http://openapi.kspo.or.kr/web/video/,"소도구를 활용한 유산소 전신 근력운동 중, 계단을 활용한 목적별루틴운동 ",56812166,유산소,29.96,2001,1280*720,계단,공통,8992,0AUDLJ08S_01013_FR_00101.jpeg,2021,1인 이상,348,한국어,마운틴 클라이머,20221013,근력/근지구력,계단을 활용한 유산소 전신 근력 운동,300.033,mp4,0AUDLJ08S_01013.mp4,http://openapi.kspo.or.kr/web/image/0AUDLJ08S_01013/,16,동영상,전신
유산소 운동,http://openapi.kspo.or.kr/web/video/,"소도구를 활용한 유산소 전신 근력운동 중, 냄비를 활용한 목적별루틴운동 ",69724932,유산소,29.96,2002,1280*720,냄비,공통,30,0AUDLJ08S_01014_SC_00001.jpeg,2021,1인 이상,432,한국어,,20221006,근력/근지구력,냄비를 활용한 유산소 전신 근력 운동,1.001,mp4,0AUDLJ08S_01014.mp4,http://openapi.kspo.or.kr/web/image/0AUDLJ08S_01014/,1,동영상,
유산소 운동,http://openapi.kspo.or.kr/web/video/,"소도구를 활용한 유산소 전신 근력운동 중, 냄비를 활용한 목적별루틴운동 ",69724932,유산소,29.96,2003,1280*720,냄비,공통,668,0AUDLJ08S_01014_SC_00002.jpeg,2021,1인 이상,432,한국어,스텝아웃 스쿼트/숄더프레스,20221006,근력/근지구력,냄비를 활용한 유산소 전신 근력 운동,22.288,mp4,0AUDLJ08S_01014.mp4,http://openapi.kspo.or.kr/web/image/0AUDLJ08S_01014/,2,동영상,전신
유산소 운동,http://openapi.kspo.or.kr/web/video/,"소도구를 활용한 유산소 전신 근력운동 중, 냄비를 활용한 목적별루틴운동 ",69724932,유산소,29.96,2004,1280*720,냄비,공통,1915,0AUDLJ08S_01014_SC_00003.jpeg,2021,1인 이상,432,한국어,하이플랭크/핸드터치,20221006,근력/근지구력,냄비를 활용한 유산소 전신 근력 운동,63.897,mp4,0AUDLJ08S_01014.mp4,http://openapi.kspo.or.kr/web/image/0AUDLJ08S_01014/,3,동영상,전신
유산소 운동,http://openapi.kspo.or.kr/web/video/,"소도구를 활용한 유산소 전신 근력운동 중, 냄비를 활용한 목적별루틴운동 ",69724932,유산소,29.96,2005,1280*720,냄비,공통,2176,0AUDLJ08S_01014_SC_00004.jpeg,2021,1인 이상,432,한국어,싱글레그 브이업,20221006,근력/근지구력,냄비를 활용한 유산소 전신 근력 운동,72.605,mp4,0AUDLJ08S_01014.mp4,http://openapi.kspo.or.kr/web/image/0AUDLJ08S_01014/,4,동영상,복근
유산소 운동,http://openapi.kspo.or.kr/web/video/,"소도구를 활용한 유산소 전신 근력운동 중, 냄비를 활용한 목적별루틴운동 ",69724932,유산소,29.96,2006,1280*720,냄비,공통,2524,0AUDLJ08S_01014_SC_00006.jpeg,2021,1인 이상,432,한국어,스텝아웃 스쿼트/숄더프레스,20221006,근력/근지구력,냄비를 활용한 유산소 전신 근력 운동,84.217,mp4,0AUDLJ08S_01014.mp4,http://openapi.kspo.or.kr/web/image/0AUDLJ08S_01014/,5,동영상,전신
유산소 운동,http://openapi.kspo.or.kr/web/video/,"소도구를 활용한 유산소 전신 근력운동 중, 냄비를 활용한 목적별루틴운동 ",69724932,유산소,29.96,2007,1280*720,냄비,공통,4438,0AUDLJ08S_01014_SC_00007.jpeg,2021,1인 이상,432,한국어,팔 대각선으로 내리며 천지,20221006,근력/근지구력,냄비를 활용한 유산소 전신 근력 운동,148.081,mp4,0AUDLJ08S_01014.mp4,http://openapi.kspo.or.kr/web/image/0AUDLJ08S_01014/,6,동영상,전신
유산소 운동,http://openapi.kspo.or.kr/web/video/,"소도구를 활용한 유산소 전신 근력운동 중, 냄비를 활용한 목적별루틴운동 ",69724932,유산소,29.96,2008,1280*720,냄비,공통,5598,0AUDLJ08S_01014_SC_00008.jpeg,2021,1인 이상,432,한국어,숄더프레스/트라이셉스 익스텐션,20221006,근력/근지구력,냄비를 활용한 유산소 전신 근력 운동,186.786,mp4,0AUDLJ08S_01014.mp4,http://openapi.kspo.or.kr/web/image/0AUDLJ08S_01014/,7,동영상,상체
유산소 운동,http://openapi.kspo.or.kr/web/video/,"소도구를 활용한 유산소 전신 근력운동 중, 냄비를 활용한 목적별루틴운동 ",69724932,유산소,29.96,2009,1280*720,냄비,공통,6468,0AUDLJ08S_01014_SC_00009.jpeg,2021,1인 이상,432,한국어,양손 번갈아 가며 푸쉬업,20221006,근력/근지구력,냄비를 활용한 유산소 전신 근력 운동,215.815,mp4,0AUDLJ08S_01014.mp4,http://openapi.kspo.or.kr/web/image/0AUDLJ08S_01014/,8,동영상,전신
유산소 운동,http://openapi.kspo.or.kr/web/video/,"소도구를 활용한 유산소 전신 근력운동 중, 냄비를 활용한 목적별루틴운동 ",69724932,유산소,29.96,2010,1280*720,냄비,공통,12326,0AUDLJ08S_01014_SC_00011.jpeg,2021,1인 이상,432,한국어,,20221006,근력/근지구력,냄비를 활용한 유산소 전신 근력 운동,411.277,mp4,0AUDLJ08S_01014.mp4,http://openapi.kspo.or.kr/web/image/0AUDLJ08S_01014/,9,동영상,
,http://openapi.kspo.or.kr/web/video/,"소도구를 활용한 유산소 전신 근력운동 중, 냄비를 활용한 목적별루틴운동 ",69724932,유산소,29.96,2011,1280*720,,공통,12674,0AUDLJ08S_01014_SC_00013.jpeg,2021,,432,한국어,,20221006,,냄비를 활용한 유산소 전신 근력 운동,422.889,mp4,0AUDLJ08S_01014.mp4,http://openapi.kspo.or.kr/web/image/0AUDLJ08S_01014/,10,동영상,
민첩성/순발력/협응력/집중력/근력강화/체력증진,http://openapi.kspo.or.kr/web/video/,"소도구를 활용한 민첩성 및 순발력 운동 중, 마킹테이프(기초)를 활용한 목적별루틴운동",74092451,민첩성/순발력/협응력/집중력/근력강화/체력증진,29.96,2012,1280*720,마킹테이프,공통,784,0AUDLJ08S_01015_SC_00003.jpeg,2021,1인 이상,445,한국어,두발뛰기-1,20221012,민첩성/순발력,마킹 테이프를 활용한 민첩성 순발력 협응력 집중력 근력 운동(기초),26.159,mp4,0AUDLJ08S_01015.mp4,http://openapi.kspo.or.kr/web/image/0AUDLJ08S_01015/,1,동영상,
민첩성/순발력/협응력/집중력/근력강화/체력증진,http://openapi.kspo.or.kr/web/video/,"소도구를 활용한 민첩성 및 순발력 운동 중, 마킹테이프(기초)를 활용한 목적별루틴운동",74092451,민첩성/순발력/협응력/집중력/근력강화/체력증진,29.96,2013,1280*720,마킹테이프,공통,900,0AUDLJ08S_01015_SC_00004.jpeg,2021,1인 이상,445,한국어,두발뛰기-1,20221013,민첩성/순발력,마킹 테이프를 활용한 민첩성 순발력 협응력 집중력 근력 운동(기초),30.03,mp4,0AUDLJ08S_01015.mp4,http://openapi.kspo.or.kr/web/image/0AUDLJ08S_01015/,2,동영상,
민첩성/순발력/협응력/집중력/근력강화/체력증진,http://openapi.kspo.or.kr/web/video/,"소도구를 활용한 민첩성 및 순발력 운동 중, 마킹테이프(기초)를 활용한 목적별루틴운동",74092451,민첩성/순발력/협응력/집중력/근력강화/체력증진,29.96,2014,1280*720,마킹테이프,공통,1016,0AUDLJ08S_01015_SC_00005.jpeg,2021,1인 이상,445,한국어,두발뛰기-1,20221013,민첩성/순발력,마킹 테이프를 활용한 민첩성 순발력 협응력 집중력 근력 운동(기초),33.9,mp4,0AUDLJ08S_01015.mp4,http://openapi.kspo.or.kr/web/image/0AUDLJ08S_01015/,3,동영상,
민첩성/순발력/협응력/집중력/근력강화/체력증진,http://openapi.kspo.or.kr/web/video/,"소도구를 활용한 민첩성 및 순발력 운동 중, 마킹테이프(기초)를 활용한 목적별루틴운동",74092451,민첩성/순발력/협응력/집중력/근력강화/체력증진,29.96,2015,1280*720,마킹테이프,공통,1045,0AUDLJ08S_01015_SC_00006.jpeg,2021,1인 이상,445,한국어,두발뛰기-1,20221013,민첩성/순발력,마킹 테이프를 활용한 민첩성 순발력 협응력 집중력 근력 운동(기초),34.868,mp4,0AUDLJ08S_01015.mp4,http://openapi.kspo.or.kr/web/image/0AUDLJ08S_01015/,4,동영상,
민첩성/순발력/협응력/집중력/근력강화/체력증진,http://openapi.kspo.or.kr/web/video/,"소도구를 활용한 민첩성 및 순발력 운동 중, 마킹테이프(기초)를 활용한 목적별루틴운동",74092451,민첩성/순발력/협응력/집중력/근력강화/체력증진,29.96,2016,1280*720,마킹테이프,공통,1190,0AUDLJ08S_01015_SC_00007.jpeg,2021,1인 이상,445,한국어,두발뛰기-1,20221013,민첩성/순발력,마킹 테이프를 활용한 민첩성 순발력 협응력 집중력 근력 운동(기초),39.706,mp4,0AUDLJ08S_01015.mp4,http://openapi.kspo.or.kr/web/image/0AUDLJ08S_01015/,5,동영상,
민첩성/순발력/협응력/집중력/근력강화/체력증진,http://openapi.kspo.or.kr/web/video/,"소도구를 활용한 민첩성 및 순발력 운동 중, 마킹테이프(기초)를 활용한 목적별루틴운동",74092451,민첩성/순발력/협응력/집중력/근력강화/체력증진,29.96,2017,1280*720,마킹테이프,공통,1422,0AUDLJ08S_01015_SC_00011.jpeg,2021,1인 이상,445,한국어,두발뛰기-2,20221013,민첩성/순발력,마킹 테이프를 활용한 민첩성 순발력 협응력 집중력 근력 운동(기초),47.447,mp4,0AUDLJ08S_01015.mp4,http://openapi.kspo.or.kr/web/image/0AUDLJ08S_01015/,6,동영상,
민첩성/순발력/협응력/집중력/근력강화/체력증진,http://openapi.kspo.or.kr/web/video/,"소도구를 활용한 민첩성 및 순발력 운동 중, 마킹테이프(기초)를 활용한 목적별루틴운동",74092451,민첩성/순발력/협응력/집중력/근력강화/체력증진,29.96,2018,1280*720,마킹테이프,공통,1538,0AUDLJ08S_01015_SC_00012.jpeg,2021,1인 이상,445,한국어,두발뛰기-2,20221013,민첩성/순발력,마킹 테이프를 활용한 민첩성 순발력 협응력 집중력 근력 운동(기초),51.317,mp4,0AUDLJ08S_01015.mp4,http://openapi.kspo.or.kr/web/image/0AUDLJ08S_01015/,7,동영상,
민첩성/순발력/협응력/집중력/근력강화/체력증진,http://openapi.kspo.or.kr/web/video/,"소도구를 활용한 민첩성 및 순발력 운동 중, 마킹테이프(기초)를 활용한 목적별루틴운동",74092451,민첩성/순발력/협응력/집중력/근력강화/체력증진,29.96,2019,1280*720,마킹테이프,공통,1712,0AUDLJ08S_01015_SC_00013.jpeg,2021,1인 이상,445,한국어,두발뛰기-2,20221013,민첩성/순발력,마킹 테이프를 활용한 민첩성 순발력 협응력 집중력 근력 운동(기초),57.123,mp4,0AUDLJ08S_01015.mp4,http://openapi.kspo.or.kr/web/image/0AUDLJ08S_01015/,8,동영상,
민첩성/순발력/협응력/집중력/근력강화/체력증진,http://openapi.kspo.or.kr/web/video/,"소도구를 활용한 민첩성 및 순발력 운동 중, 마킹테이프(기초)를 활용한 목적별루틴운동",74092451,민첩성/순발력/협응력/집중력/근력강화/체력증진,29.96,2020,1280*720,마킹테이프,공통,1828,0AUDLJ08S_01015_SC_00014.jpeg,2021,1인 이상,445,한국어,두발뛰기-2,20221013,민첩성/순발력,마킹 테이프를 활용한 민첩성 순발력 협응력 집중력 근력 운동(기초),60.994,mp4,0AUDLJ08S_01015.mp4,http://openapi.kspo.or.kr/web/image/0AUDLJ08S_01015/,9,동영상,
민첩성/순발력/협응력/집중력/근력강화/체력증진,http://openapi.kspo.or.kr/web/video/,"소도구를 활용한 민첩성 및 순발력 운동 중, 마킹테이프(기초)를 활용한 목적별루틴운동",74092451,민첩성/순발력/협응력/집중력/근력강화/체력증진,29.96,2021,1280*720,마킹테이프,공통,1886,0AUDLJ08S_01015_SC_00015.jpeg,2021,1인 이상,445,한국어,두발뛰기-2,20221013,민첩성/순발력,마킹 테이프를 활용한 민첩성 순발력 협응력 집중력 근력 운동(기초),62.929,mp4,0AUDLJ08S_01015.mp4,http://openapi.kspo.or.kr/web/image/0AUDLJ08S_01015/,10,동영상,
민첩성/순발력/협응력/집중력/근력강화/체력증진,http://openapi.kspo.or.kr/web/video/,"소도구를 활용한 민첩성 및 순발력 운동 중, 마킹테이프(기초)를 활용한 목적별루틴운동",74092451,민첩성/순발력/협응력/집중력/근력강화/체력증진,29.96,2022,1280*720,마킹테이프,공통,2147,0AUDLJ08S_01015_SC_00018.jpeg,2021,1인 이상,445,한국어,한 발로 지그재그 뛰기-1,20221013,민첩성/순발력,마킹 테이프를 활용한 민첩성 순발력 협응력 집중력 근력 운동(기초),71.638,mp4,0AUDLJ08S_01015.mp4,http://openapi.kspo.or.kr/web/image/0AUDLJ08S_01015/,11,동영상,
민첩성/순발력/협응력/집중력/근력강화/체력증진,http://openapi.kspo.or.kr/web/video/,"소도구를 활용한 민첩성 및 순발력 운동 중, 마킹테이프(기초)를 활용한 목적별루틴운동",74092451,민첩성/순발력/협응력/집중력/근력강화/체력증진,29.96,2023,1280*720,마킹테이프,공통,2263,0AUDLJ08S_01015_SC_00019.jpeg,2021,1인 이상,445,한국어,한 발로 지그재그 뛰기-1,20221013,민첩성/순발력,마킹 테이프를 활용한 민첩성 순발력 협응력 집중력 근력 운동(기초),75.508,mp4,0AUDLJ08S_01015.mp4,http://openapi.kspo.or.kr/web/image/0AUDLJ08S_01015/,12,동영상,
민첩성/순발력/협응력/집중력/근력강화/체력증진,http://openapi.kspo.or.kr/web/video/,"소도구를 활용한 민첩성 및 순발력 운동 중, 마킹테이프(기초)를 활용한 목적별루틴운동",74092451,민첩성/순발력/협응력/집중력/근력강화/체력증진,29.96,2024,1280*720,마킹테이프,공통,2466,0AUDLJ08S_01015_SC_00020.jpeg,2021,1인 이상,445,한국어,한 발로 지그재그 뛰기-1,20221013,민첩성/순발력,마킹 테이프를 활용한 민첩성 순발력 협응력 집중력 근력 운동(기초),82.282,mp4,0AUDLJ08S_01015.mp4,http://openapi.kspo.or.kr/web/image/0AUDLJ08S_01015/,13,동영상,
민첩성/순발력/협응력/집중력/근력강화/체력증진,http://openapi.kspo.or.kr/web/video/,"소도구를 활용한 민첩성 및 순발력 운동 중, 마킹테이프(기초)를 활용한 목적별루틴운동",74092451,민첩성/순발력/협응력/집중력/근력강화/체력증진,29.96,2025,1280*720,마킹테이프,공통,2582,0AUDLJ08S_01015_SC_00021.jpeg,2021,1인 이상,445,한국어,한 발로 지그재그 뛰기-1,20221013,민첩성/순발력,마킹 테이프를 활용한 민첩성 순발력 협응력 집중력 근력 운동(기초),86.152,mp4,0AUDLJ08S_01015.mp4,http://openapi.kspo.or.kr/web/image/0AUDLJ08S_01015/,14,동영상,
민첩성/순발력/협응력/집중력/근력강화/체력증진,http://openapi.kspo.or.kr/web/video/,"소도구를 활용한 민첩성 및 순발력 운동 중, 마킹테이프(기초)를 활용한 목적별루틴운동",74092451,민첩성/순발력/협응력/집중력/근력강화/체력증진,29.96,2026,1280*720,마킹테이프,공통,2611,0AUDLJ08S_01015_SC_00022.jpeg,2021,1인 이상,445,한국어,한 발로 지그재그 뛰기-1,20221013,민첩성/순발력,마킹 테이프를 활용한 민첩성 순발력 협응력 집중력 근력 운동(기초),87.12,mp4,0AUDLJ08S_01015.mp4,http://openapi.kspo.or.kr/web/image/0AUDLJ08S_01015/,15,동영상,
민첩성/순발력/협응력/집중력/근력강화/체력증진,http://openapi.kspo.or.kr/web/video/,"소도구를 활용한 민첩성 및 순발력 운동 중, 마킹테이프(기초)를 활용한 목적별루틴운동",74092451,민첩성/순발력/협응력/집중력/근력강화/체력증진,29.96,2027,1280*720,마킹테이프,공통,2756,0AUDLJ08S_01015_SC_00025.jpeg,2021,1인 이상,445,한국어,한 발로 지그재그 뛰기-2,20221013,민첩성/순발력,마킹 테이프를 활용한 민첩성 순발력 협응력 집중력 근력 운동(기초),91.958,mp4,0AUDLJ08S_01015.mp4,http://openapi.kspo.or.kr/web/image/0AUDLJ08S_01015/,16,동영상,
민첩성/순발력/협응력/집중력/근력강화/체력증진,http://openapi.kspo.or.kr/web/video/,"소도구를 활용한 민첩성 및 순발력 운동 중, 마킹테이프(기초)를 활용한 목적별루틴운동",74092451,민첩성/순발력/협응력/집중력/근력강화/체력증진,29.96,2028,1280*720,마킹테이프,공통,2959,0AUDLJ08S_01015_SC_00026.jpeg,2021,1인 이상,445,한국어,한 발로 지그재그 뛰기-2,20221013,민첩성/순발력,마킹 테이프를 활용한 민첩성 순발력 협응력 집중력 근력 운동(기초),98.732,mp4,0AUDLJ08S_01015.mp4,http://openapi.kspo.or.kr/web/image/0AUDLJ08S_01015/,17,동영상,
민첩성/순발력/협응력/집중력/근력강화/체력증진,http://openapi.kspo.or.kr/web/video/,"소도구를 활용한 민첩성 및 순발력 운동 중, 마킹테이프(기초)를 활용한 목적별루틴운동",74092451,민첩성/순발력/협응력/집중력/근력강화/체력증진,29.96,2029,1280*720,마킹테이프,공통,3046,0AUDLJ08S_01015_SC_00027.jpeg,2021,1인 이상,445,한국어,한 발로 지그재그 뛰기-2,20221013,민첩성/순발력,마킹 테이프를 활용한 민첩성 순발력 협응력 집중력 근력 운동(기초),101.634,mp4,0AUDLJ08S_01015.mp4,http://openapi.kspo.or.kr/web/image/0AUDLJ08S_01015/,18,동영상,
민첩성/순발력/협응력/집중력/근력강화/체력증진,http://openapi.kspo.or.kr/web/video/,"소도구를 활용한 민첩성 및 순발력 운동 중, 마킹테이프(기초)를 활용한 목적별루틴운동",74092451,민첩성/순발력/협응력/집중력/근력강화/체력증진,29.96,2030,1280*720,마킹테이프,공통,3249,0AUDLJ08S_01015_SC_00028.jpeg,2021,1인 이상,445,한국어,한 발로 지그재그 뛰기-2,20221013,민첩성/순발력,마킹 테이프를 활용한 민첩성 순발력 협응력 집중력 근력 운동(기초),108.408,mp4,0AUDLJ08S_01015.mp4,http://openapi.kspo.or.kr/web/image/0AUDLJ08S_01015/,19,동영상,
공통,http://openapi.kspo.or.kr/web/video/,우울증을 예방하기 위한 운동프로그램,486761054,우울증 예방,29.97,2031,1920*1080,,공통,450,0AUDLJ08S_00043_FR_00006.jpeg,2021,1인 이상,2928,한국어,,20221015,,우울증 예방 운동프로그램,15.015,mp4,0AUDLJ08S_00043.mp4,http://openapi.kspo.or.kr/web/image/0AUDLJ08S_00043/,2,동영상,
민첩성/순발력/협응력/집중력/근력강화/체력증진,http://openapi.kspo.or.kr/web/video/,"소도구를 활용한 민첩성 및 순발력 운동 중, 마킹테이프(기초)를 활용한 목적별루틴운동",74092451,민첩성/순발력/협응력/집중력/근력강화/체력증진,29.96,2032,1280*720,마킹테이프,공통,3278,0AUDLJ08S_01015_SC_00029.jpeg,2021,1인 이상,445,한국어,한 발로 지그재그 뛰기-2,20221013,민첩성/순발력,마킹 테이프를 활용한 민첩성 순발력 협응력 집중력 근력 운동(기초),109.376,mp4,0AUDLJ08S_01015.mp4,http://openapi.kspo.or.kr/web/image/0AUDLJ08S_01015/,20,동영상,
민첩성/순발력/협응력/집중력/근력강화/체력증진,http://openapi.kspo.or.kr/web/video/,"소도구를 활용한 민첩성 및 순발력 운동 중, 마킹테이프(기초)를 활용한 목적별루틴운동",74092451,민첩성/순발력/협응력/집중력/근력강화/체력증진,29.96,2033,1280*720,마킹테이프,공통,3771,0AUDLJ08S_01015_SC_00032.jpeg,2021,1인 이상,445,한국어,한발뛰기-1,20221013,민첩성/순발력,마킹 테이프를 활용한 민첩성 순발력 협응력 집중력 근력 운동(기초),125.825,mp4,0AUDLJ08S_01015.mp4,http://openapi.kspo.or.kr/web/image/0AUDLJ08S_01015/,21,동영상,
민첩성/순발력/협응력/집중력/근력강화/체력증진,http://openapi.kspo.or.kr/web/video/,"소도구를 활용한 민첩성 및 순발력 운동 중, 마킹테이프(기초)를 활용한 목적별루틴운동",74092451,민첩성/순발력/협응력/집중력/근력강화/체력증진,29.96,2034,1280*720,마킹테이프,공통,3887,0AUDLJ08S_01015_SC_00033.jpeg,2021,1인 이상,445,한국어,한발뛰기-1,20221013,민첩성/순발력,마킹 테이프를 활용한 민첩성 순발력 협응력 집중력 근력 운동(기초),129.696,mp4,0AUDLJ08S_01015.mp4,http://openapi.kspo.or.kr/web/image/0AUDLJ08S_01015/,22,동영상,
민첩성/순발력/협응력/집중력/근력강화/체력증진,http://openapi.kspo.or.kr/web/video/,"소도구를 활용한 민첩성 및 순발력 운동 중, 마킹테이프(기초)를 활용한 목적별루틴운동",74092451,민첩성/순발력/협응력/집중력/근력강화/체력증진,29.96,2035,1280*720,마킹테이프,공통,4090,0AUDLJ08S_01015_SC_00034.jpeg,2021,1인 이상,445,한국어,한발뛰기-1,20221013,민첩성/순발력,마킹 테이프를 활용한 민첩성 순발력 협응력 집중력 근력 운동(기초),136.469,mp4,0AUDLJ08S_01015.mp4,http://openapi.kspo.or.kr/web/image/0AUDLJ08S_01015/,23,동영상,
민첩성/순발력/협응력/집중력/근력강화/체력증진,http://openapi.kspo.or.kr/web/video/,"소도구를 활용한 민첩성 및 순발력 운동 중, 마킹테이프(기초)를 활용한 목적별루틴운동",74092451,민첩성/순발력/협응력/집중력/근력강화/체력증진,29.96,2036,1280*720,마킹테이프,공통,4119,0AUDLJ08S_01015_SC_00035.jpeg,2021,1인 이상,445,한국어,한발뛰기-1,20221013,민첩성/순발력,마킹 테이프를 활용한 민첩성 순발력 협응력 집중력 근력 운동(기초),137.437,mp4,0AUDLJ08S_01015.mp4,http://openapi.kspo.or.kr/web/image/0AUDLJ08S_01015/,24,동영상,
민첩성/순발력/협응력/집중력/근력강화/체력증진,http://openapi.kspo.or.kr/web/video/,"소도구를 활용한 민첩성 및 순발력 운동 중, 마킹테이프(기초)를 활용한 목적별루틴운동",74092451,민첩성/순발력/협응력/집중력/근력강화/체력증진,29.96,2037,1280*720,마킹테이프,공통,4235,0AUDLJ08S_01015_SC_00036.jpeg,2021,1인 이상,445,한국어,한발뛰기-1,20221013,민첩성/순발력,마킹 테이프를 활용한 민첩성 순발력 협응력 집중력 근력 운동(기초),141.307,mp4,0AUDLJ08S_01015.mp4,http://openapi.kspo.or.kr/web/image/0AUDLJ08S_01015/,25,동영상,
민첩성/순발력/협응력/집중력/근력강화/체력증진,http://openapi.kspo.or.kr/web/video/,"소도구를 활용한 민첩성 및 순발력 운동 중, 마킹테이프(기초)를 활용한 목적별루틴운동",74092451,민첩성/순발력/협응력/집중력/근력강화/체력증진,29.96,2038,1280*720,마킹테이프,공통,4264,0AUDLJ08S_01015_SC_00037.jpeg,2021,1인 이상,445,한국어,한발뛰기-1,20221013,민첩성/순발력,마킹 테이프를 활용한 민첩성 순발력 협응력 집중력 근력 운동(기초),142.275,mp4,0AUDLJ08S_01015.mp4,http://openapi.kspo.or.kr/web/image/0AUDLJ08S_01015/,26,동영상,
민첩성/순발력/협응력/집중력/근력강화/체력증진,http://openapi.kspo.or.kr/web/video/,"소도구를 활용한 민첩성 및 순발력 운동 중, 마킹테이프(기초)를 활용한 목적별루틴운동",74092451,민첩성/순발력/협응력/집중력/근력강화/체력증진,29.96,2039,1280*720,마킹테이프,공통,4612,0AUDLJ08S_01015_SC_00040.jpeg,2021,1인 이상,445,한국어,한발뛰기-2,20221013,민첩성/순발력,마킹 테이프를 활용한 민첩성 순발력 협응력 집중력 근력 운동(기초),153.887,mp4,0AUDLJ08S_01015.mp4,http://openapi.kspo.or.kr/web/image/0AUDLJ08S_01015/,27,동영상,
민첩성/순발력/협응력/집중력/근력강화/체력증진,http://openapi.kspo.or.kr/web/video/,"소도구를 활용한 민첩성 및 순발력 운동 중, 마킹테이프(기초)를 활용한 목적별루틴운동",74092451,민첩성/순발력/협응력/집중력/근력강화/체력증진,29.96,2040,1280*720,마킹테이프,공통,4728,0AUDLJ08S_01015_SC_00041.jpeg,2021,1인 이상,445,한국어,한발뛰기-2,20221013,민첩성/순발력,마킹 테이프를 활용한 민첩성 순발력 협응력 집중력 근력 운동(기초),157.757,mp4,0AUDLJ08S_01015.mp4,http://openapi.kspo.or.kr/web/image/0AUDLJ08S_01015/,28,동영상,
민첩성/순발력/협응력/집중력/근력강화/체력증진,http://openapi.kspo.or.kr/web/video/,"소도구를 활용한 민첩성 및 순발력 운동 중, 마킹테이프(기초)를 활용한 목적별루틴운동",74092451,민첩성/순발력/협응력/집중력/근력강화/체력증진,29.96,2041,1280*720,마킹테이프,공통,4960,0AUDLJ08S_01015_SC_00042.jpeg,2021,1인 이상,445,한국어,한발뛰기-2,20221013,민첩성/순발력,마킹 테이프를 활용한 민첩성 순발력 협응력 집중력 근력 운동(기초),165.498,mp4,0AUDLJ08S_01015.mp4,http://openapi.kspo.or.kr/web/image/0AUDLJ08S_01015/,29,동영상,
민첩성/순발력/협응력/집중력/근력강화/체력증진,http://openapi.kspo.or.kr/web/video/,"소도구를 활용한 민첩성 및 순발력 운동 중, 마킹테이프(기초)를 활용한 목적별루틴운동",74092451,민첩성/순발력/협응력/집중력/근력강화/체력증진,29.96,2042,1280*720,마킹테이프,공통,5134,0AUDLJ08S_01015_SC_00043.jpeg,2021,1인 이상,445,한국어,한발뛰기-2,20221013,민첩성/순발력,마킹 테이프를 활용한 민첩성 순발력 협응력 집중력 근력 운동(기초),171.304,mp4,0AUDLJ08S_01015.mp4,http://openapi.kspo.or.kr/web/image/0AUDLJ08S_01015/,30,동영상,
민첩성/순발력/협응력/집중력/근력강화/체력증진,http://openapi.kspo.or.kr/web/video/,"소도구를 활용한 민첩성 및 순발력 운동 중, 마킹테이프(기초)를 활용한 목적별루틴운동",74092451,민첩성/순발력/협응력/집중력/근력강화/체력증진,29.96,2043,1280*720,마킹테이프,공통,5482,0AUDLJ08S_01015_SC_00046.jpeg,2021,1인 이상,445,한국어,복싱 스텝-왼발,20221013,민첩성/순발력,마킹 테이프를 활용한 민첩성 순발력 협응력 집중력 근력 운동(기초),182.916,mp4,0AUDLJ08S_01015.mp4,http://openapi.kspo.or.kr/web/image/0AUDLJ08S_01015/,31,동영상,
민첩성/순발력/협응력/집중력/근력강화/체력증진,http://openapi.kspo.or.kr/web/video/,"소도구를 활용한 민첩성 및 순발력 운동 중, 마킹테이프(기초)를 활용한 목적별루틴운동",74092451,민첩성/순발력/협응력/집중력/근력강화/체력증진,29.96,2044,1280*720,마킹테이프,공통,5569,0AUDLJ08S_01015_SC_00047.jpeg,2021,1인 이상,445,한국어,복싱 스텝-왼발,20221013,민첩성/순발력,마킹 테이프를 활용한 민첩성 순발력 협응력 집중력 근력 운동(기초),185.819,mp4,0AUDLJ08S_01015.mp4,http://openapi.kspo.or.kr/web/image/0AUDLJ08S_01015/,32,동영상,
민첩성/순발력/협응력/집중력/근력강화/체력증진,http://openapi.kspo.or.kr/web/video/,"소도구를 활용한 민첩성 및 순발력 운동 중, 마킹테이프(기초)를 활용한 목적별루틴운동",74092451,민첩성/순발력/협응력/집중력/근력강화/체력증진,29.96,2045,1280*720,마킹테이프,공통,5917,0AUDLJ08S_01015_SC_00048.jpeg,2021,1인 이상,445,한국어,복싱 스텝-왼발,20221013,민첩성/순발력,마킹 테이프를 활용한 민첩성 순발력 협응력 집중력 근력 운동(기초),197.43,mp4,0AUDLJ08S_01015.mp4,http://openapi.kspo.or.kr/web/image/0AUDLJ08S_01015/,33,동영상,
민첩성/순발력/협응력/집중력/근력강화/체력증진,http://openapi.kspo.or.kr/web/video/,"소도구를 활용한 민첩성 및 순발력 운동 중, 마킹테이프(기초)를 활용한 목적별루틴운동",74092451,민첩성/순발력/협응력/집중력/근력강화/체력증진,29.96,2046,1280*720,마킹테이프,공통,6149,0AUDLJ08S_01015_SC_00049.jpeg,2021,1인 이상,445,한국어,복싱 스텝-왼발,20221013,민첩성/순발력,마킹 테이프를 활용한 민첩성 순발력 협응력 집중력 근력 운동(기초),205.171,mp4,0AUDLJ08S_01015.mp4,http://openapi.kspo.or.kr/web/image/0AUDLJ08S_01015/,34,동영상,
민첩성/순발력/협응력/집중력/근력강화/체력증진,http://openapi.kspo.or.kr/web/video/,"소도구를 활용한 민첩성 및 순발력 운동 중, 마킹테이프(기초)를 활용한 목적별루틴운동",74092451,민첩성/순발력/협응력/집중력/근력강화/체력증진,29.96,2047,1280*720,마킹테이프,공통,6584,0AUDLJ08S_01015_SC_00052.jpeg,2021,1인 이상,445,한국어,복싱 스텝-오른발,20221013,민첩성/순발력,마킹 테이프를 활용한 민첩성 순발력 협응력 집중력 근력 운동(기초),219.686,mp4,0AUDLJ08S_01015.mp4,http://openapi.kspo.or.kr/web/image/0AUDLJ08S_01015/,35,동영상,
민첩성/순발력/협응력/집중력/근력강화/체력증진,http://openapi.kspo.or.kr/web/video/,"소도구를 활용한 민첩성 및 순발력 운동 중, 마킹테이프(기초)를 활용한 목적별루틴운동",74092451,민첩성/순발력/협응력/집중력/근력강화/체력증진,29.96,2048,1280*720,마킹테이프,공통,6700,0AUDLJ08S_01015_SC_00053.jpeg,2021,1인 이상,445,한국어,복싱 스텝-오른발,20221013,민첩성/순발력,마킹 테이프를 활용한 민첩성 순발력 협응력 집중력 근력 운동(기초),223.556,mp4,0AUDLJ08S_01015.mp4,http://openapi.kspo.or.kr/web/image/0AUDLJ08S_01015/,36,동영상,
민첩성/순발력/협응력/집중력/근력강화/체력증진,http://openapi.kspo.or.kr/web/video/,"소도구를 활용한 민첩성 및 순발력 운동 중, 마킹테이프(기초)를 활용한 목적별루틴운동",74092451,민첩성/순발력/협응력/집중력/근력강화/체력증진,29.96,2049,1280*720,마킹테이프,공통,7048,0AUDLJ08S_01015_SC_00054.jpeg,2021,1인 이상,445,한국어,복싱 스텝-오른발,20221013,민첩성/순발력,마킹 테이프를 활용한 민첩성 순발력 협응력 집중력 근력 운동(기초),235.168,mp4,0AUDLJ08S_01015.mp4,http://openapi.kspo.or.kr/web/image/0AUDLJ08S_01015/,37,동영상,
민첩성/순발력/협응력/집중력/근력강화/체력증진,http://openapi.kspo.or.kr/web/video/,"소도구를 활용한 민첩성 및 순발력 운동 중, 마킹테이프(기초)를 활용한 목적별루틴운동",74092451,민첩성/순발력/협응력/집중력/근력강화/체력증진,29.96,2050,1280*720,마킹테이프,공통,7222,0AUDLJ08S_01015_SC_00055.jpeg,2021,1인 이상,445,한국어,복싱 스텝-오른발,20221013,민첩성/순발력,마킹 테이프를 활용한 민첩성 순발력 협응력 집중력 근력 운동(기초),240.974,mp4,0AUDLJ08S_01015.mp4,http://openapi.kspo.or.kr/web/image/0AUDLJ08S_01015/,38,동영상,
민첩성/순발력/협응력/집중력/근력강화/체력증진,http://openapi.kspo.or.kr/web/video/,"소도구를 활용한 민첩성 및 순발력 운동 중, 마킹테이프(기초)를 활용한 목적별루틴운동",74092451,민첩성/순발력/협응력/집중력/근력강화/체력증진,29.96,2051,1280*720,마킹테이프,공통,7744,0AUDLJ08S_01015_SC_00057.jpeg,2021,1인 이상,445,한국어,스키점프-앞,20221013,민첩성/순발력,마킹 테이프를 활용한 민첩성 순발력 협응력 집중력 근력 운동(기초),258.391,mp4,0AUDLJ08S_01015.mp4,http://openapi.kspo.or.kr/web/image/0AUDLJ08S_01015/,39,동영상,
민첩성/순발력/협응력/집중력/근력강화/체력증진,http://openapi.kspo.or.kr/web/video/,"소도구를 활용한 민첩성 및 순발력 운동 중, 마킹테이프(기초)를 활용한 목적별루틴운동",74092451,민첩성/순발력/협응력/집중력/근력강화/체력증진,29.96,2052,1280*720,마킹테이프,공통,7831,0AUDLJ08S_01015_SC_00058.jpeg,2021,1인 이상,445,한국어,스키점프-앞,20221013,민첩성/순발력,마킹 테이프를 활용한 민첩성 순발력 협응력 집중력 근력 운동(기초),261.294,mp4,0AUDLJ08S_01015.mp4,http://openapi.kspo.or.kr/web/image/0AUDLJ08S_01015/,40,동영상,
민첩성/순발력/협응력/집중력/근력강화/체력증진,http://openapi.kspo.or.kr/web/video/,"소도구를 활용한 민첩성 및 순발력 운동 중, 마킹테이프(기초)를 활용한 목적별루틴운동",74092451,민첩성/순발력/협응력/집중력/근력강화/체력증진,29.96,2053,1280*720,마킹테이프,공통,8063,0AUDLJ08S_01015_SC_00059.jpeg,2021,1인 이상,445,한국어,스키점프-앞,20221013,민첩성/순발력,마킹 테이프를 활용한 민첩성 순발력 협응력 집중력 근력 운동(기초),269.035,mp4,0AUDLJ08S_01015.mp4,http://openapi.kspo.or.kr/web/image/0AUDLJ08S_01015/,41,동영상,
민첩성/순발력/협응력/집중력/근력강화/체력증진,http://openapi.kspo.or.kr/web/video/,"소도구를 활용한 민첩성 및 순발력 운동 중, 마킹테이프(기초)를 활용한 목적별루틴운동",74092451,민첩성/순발력/협응력/집중력/근력강화/체력증진,29.96,2054,1280*720,마킹테이프,공통,8092,0AUDLJ08S_01015_SC_00060.jpeg,2021,1인 이상,445,한국어,스키점프-앞,20221013,민첩성/순발력,마킹 테이프를 활용한 민첩성 순발력 협응력 집중력 근력 운동(기초),270.003,mp4,0AUDLJ08S_01015.mp4,http://openapi.kspo.or.kr/web/image/0AUDLJ08S_01015/,42,동영상,
민첩성/순발력/협응력/집중력/근력강화/체력증진,http://openapi.kspo.or.kr/web/video/,"소도구를 활용한 민첩성 및 순발력 운동 중, 마킹테이프(기초)를 활용한 목적별루틴운동",74092451,민첩성/순발력/협응력/집중력/근력강화/체력증진,29.96,2055,1280*720,마킹테이프,공통,8237,0AUDLJ08S_01015_SC_00061.jpeg,2021,1인 이상,445,한국어,스키점프-앞,20221013,민첩성/순발력,마킹 테이프를 활용한 민첩성 순발력 협응력 집중력 근력 운동(기초),274.841,mp4,0AUDLJ08S_01015.mp4,http://openapi.kspo.or.kr/web/image/0AUDLJ08S_01015/,43,동영상,
민첩성/순발력/협응력/집중력/근력강화/체력증진,http://openapi.kspo.or.kr/web/video/,"소도구를 활용한 민첩성 및 순발력 운동 중, 마킹테이프(기초)를 활용한 목적별루틴운동",74092451,민첩성/순발력/협응력/집중력/근력강화/체력증진,29.96,2056,1280*720,마킹테이프,공통,8295,0AUDLJ08S_01015_SC_00062.jpeg,2021,1인 이상,445,한국어,스키점프-앞,20221013,민첩성/순발력,마킹 테이프를 활용한 민첩성 순발력 협응력 집중력 근력 운동(기초),276.776,mp4,0AUDLJ08S_01015.mp4,http://openapi.kspo.or.kr/web/image/0AUDLJ08S_01015/,44,동영상,
민첩성/순발력/협응력/집중력/근력강화/체력증진,http://openapi.kspo.or.kr/web/video/,"소도구를 활용한 민첩성 및 순발력 운동 중, 마킹테이프(기초)를 활용한 목적별루틴운동",74092451,민첩성/순발력/협응력/집중력/근력강화/체력증진,29.96,2057,1280*720,마킹테이프,공통,8324,0AUDLJ08S_01015_SC_00063.jpeg,2021,1인 이상,445,한국어,스키점프-앞,20221013,민첩성/순발력,마킹 테이프를 활용한 민첩성 순발력 협응력 집중력 근력 운동(기초),277.744,mp4,0AUDLJ08S_01015.mp4,http://openapi.kspo.or.kr/web/image/0AUDLJ08S_01015/,45,동영상,
민첩성/순발력/협응력/집중력/근력강화/체력증진,http://openapi.kspo.or.kr/web/video/,"소도구를 활용한 민첩성 및 순발력 운동 중, 마킹테이프(기초)를 활용한 목적별루틴운동",74092451,민첩성/순발력/협응력/집중력/근력강화/체력증진,29.96,2058,1280*720,마킹테이프,공통,8353,0AUDLJ08S_01015_SC_00064.jpeg,2021,1인 이상,445,한국어,스키점프-앞,20221013,민첩성/순발력,마킹 테이프를 활용한 민첩성 순발력 협응력 집중력 근력 운동(기초),278.712,mp4,0AUDLJ08S_01015.mp4,http://openapi.kspo.or.kr/web/image/0AUDLJ08S_01015/,46,동영상,
민첩성/순발력/협응력/집중력/근력강화/체력증진,http://openapi.kspo.or.kr/web/video/,"소도구를 활용한 민첩성 및 순발력 운동 중, 마킹테이프(기초)를 활용한 목적별루틴운동",74092451,민첩성/순발력/협응력/집중력/근력강화/체력증진,29.96,2059,1280*720,마킹테이프,공통,8672,0AUDLJ08S_01015_SC_00068.jpeg,2021,1인 이상,445,한국어,스키점프-뒤,20221013,민첩성/순발력,마킹 테이프를 활용한 민첩성 순발력 협응력 집중력 근력 운동(기초),289.356,mp4,0AUDLJ08S_01015.mp4,http://openapi.kspo.or.kr/web/image/0AUDLJ08S_01015/,47,동영상,
민첩성/순발력/협응력/집중력/근력강화/체력증진,http://openapi.kspo.or.kr/web/video/,"소도구를 활용한 민첩성 및 순발력 운동 중, 마킹테이프(기초)를 활용한 목적별루틴운동",74092451,민첩성/순발력/협응력/집중력/근력강화/체력증진,29.96,2060,1280*720,마킹테이프,공통,8788,0AUDLJ08S_01015_SC_00069.jpeg,2021,1인 이상,445,한국어,스키점프-뒤,20221013,민첩성/순발력,마킹 테이프를 활용한 민첩성 순발력 협응력 집중력 근력 운동(기초),293.226,mp4,0AUDLJ08S_01015.mp4,http://openapi.kspo.or.kr/web/image/0AUDLJ08S_01015/,48,동영상,
민첩성/순발력/협응력/집중력/근력강화/체력증진,http://openapi.kspo.or.kr/web/video/,"소도구를 활용한 민첩성 및 순발력 운동 중, 마킹테이프(기초)를 활용한 목적별루틴운동",74092451,민첩성/순발력/협응력/집중력/근력강화/체력증진,29.96,2061,1280*720,마킹테이프,공통,9020,0AUDLJ08S_01015_SC_00070.jpeg,2021,1인 이상,445,한국어,스키점프-뒤,20221013,민첩성/순발력,마킹 테이프를 활용한 민첩성 순발력 협응력 집중력 근력 운동(기초),300.967,mp4,0AUDLJ08S_01015.mp4,http://openapi.kspo.or.kr/web/image/0AUDLJ08S_01015/,49,동영상,
민첩성/순발력/협응력/집중력/근력강화/체력증진,http://openapi.kspo.or.kr/web/video/,"소도구를 활용한 민첩성 및 순발력 운동 중, 마킹테이프(기초)를 활용한 목적별루틴운동",74092451,민첩성/순발력/협응력/집중력/근력강화/체력증진,29.96,2062,1280*720,마킹테이프,공통,9600,0AUDLJ08S_01015_SC_00072.jpeg,2021,1인 이상,445,한국어,콰리오카 스텝-왼발,20221013,민첩성/순발력,마킹 테이프를 활용한 민첩성 순발력 협응력 집중력 근력 운동(기초),320.32,mp4,0AUDLJ08S_01015.mp4,http://openapi.kspo.or.kr/web/image/0AUDLJ08S_01015/,50,동영상,
민첩성/순발력/협응력/집중력/근력강화/체력증진,http://openapi.kspo.or.kr/web/video/,"소도구를 활용한 민첩성 및 순발력 운동 중, 마킹테이프(기초)를 활용한 목적별루틴운동",74092451,민첩성/순발력/협응력/집중력/근력강화/체력증진,29.96,2063,1280*720,마킹테이프,공통,9716,0AUDLJ08S_01015_SC_00073.jpeg,2021,1인 이상,445,한국어,콰리오카 스텝-왼발,20221013,민첩성/순발력,마킹 테이프를 활용한 민첩성 순발력 협응력 집중력 근력 운동(기초),324.19,mp4,0AUDLJ08S_01015.mp4,http://openapi.kspo.or.kr/web/image/0AUDLJ08S_01015/,51,동영상,
공통,http://openapi.kspo.or.kr/web/video/,우울증을 예방하기 위한 운동프로그램,486761054,우울증 예방,29.97,2064,1920*1080,,공통,639,0AUDLJ08S_00043_SC_00008.jpeg,2021,1인 이상,2928,한국어,,20221015,,우울증 예방 운동프로그램,21.321,mp4,0AUDLJ08S_00043.mp4,http://openapi.kspo.or.kr/web/image/0AUDLJ08S_00043/,3,동영상,
민첩성/순발력/협응력/집중력/근력강화/체력증진,http://openapi.kspo.or.kr/web/video/,"소도구를 활용한 민첩성 및 순발력 운동 중, 마킹테이프(기초)를 활용한 목적별루틴운동",74092451,민첩성/순발력/협응력/집중력/근력강화/체력증진,29.96,2065,1280*720,마킹테이프,공통,9890,0AUDLJ08S_01015_SC_00074.jpeg,2021,1인 이상,445,한국어,콰리오카 스텝-왼발,20221013,민첩성/순발력,마킹 테이프를 활용한 민첩성 순발력 협응력 집중력 근력 운동(기초),329.996,mp4,0AUDLJ08S_01015.mp4,http://openapi.kspo.or.kr/web/image/0AUDLJ08S_01015/,52,동영상,
민첩성/순발력/협응력/집중력/근력강화/체력증진,http://openapi.kspo.or.kr/web/video/,"소도구를 활용한 민첩성 및 순발력 운동 중, 마킹테이프(기초)를 활용한 목적별루틴운동",74092451,민첩성/순발력/협응력/집중력/근력강화/체력증진,29.96,2066,1280*720,마킹테이프,공통,10122,0AUDLJ08S_01015_SC_00075.jpeg,2021,1인 이상,445,한국어,콰리오카 스텝-왼발,20221013,민첩성/순발력,마킹 테이프를 활용한 민첩성 순발력 협응력 집중력 근력 운동(기초),337.737,mp4,0AUDLJ08S_01015.mp4,http://openapi.kspo.or.kr/web/image/0AUDLJ08S_01015/,53,동영상,
민첩성/순발력/협응력/집중력/근력강화/체력증진,http://openapi.kspo.or.kr/web/video/,"소도구를 활용한 민첩성 및 순발력 운동 중, 마킹테이프(기초)를 활용한 목적별루틴운동",74092451,민첩성/순발력/협응력/집중력/근력강화/체력증진,29.96,2067,1280*720,마킹테이프,공통,10441,0AUDLJ08S_01015_SC_00078.jpeg,2021,1인 이상,445,한국어,콰리오카 스텝-오른발,20221013,민첩성/순발력,마킹 테이프를 활용한 민첩성 순발력 협응력 집중력 근력 운동(기초),348.381,mp4,0AUDLJ08S_01015.mp4,http://openapi.kspo.or.kr/web/image/0AUDLJ08S_01015/,54,동영상,
민첩성/순발력/협응력/집중력/근력강화/체력증진,http://openapi.kspo.or.kr/web/video/,"소도구를 활용한 민첩성 및 순발력 운동 중, 마킹테이프(기초)를 활용한 목적별루틴운동",74092451,민첩성/순발력/협응력/집중력/근력강화/체력증진,29.96,2068,1280*720,마킹테이프,공통,10557,0AUDLJ08S_01015_SC_00079.jpeg,2021,1인 이상,445,한국어,콰리오카 스텝-오른발,20221013,민첩성/순발력,마킹 테이프를 활용한 민첩성 순발력 협응력 집중력 근력 운동(기초),352.252,mp4,0AUDLJ08S_01015.mp4,http://openapi.kspo.or.kr/web/image/0AUDLJ08S_01015/,55,동영상,
민첩성/순발력/협응력/집중력/근력강화/체력증진,http://openapi.kspo.or.kr/web/video/,"소도구를 활용한 민첩성 및 순발력 운동 중, 마킹테이프(기초)를 활용한 목적별루틴운동",74092451,민첩성/순발력/협응력/집중력/근력강화/체력증진,29.96,2069,1280*720,마킹테이프,공통,10760,0AUDLJ08S_01015_SC_00080.jpeg,2021,1인 이상,445,한국어,두발 들어갔다 나오기-측면,20221013,민첩성/순발력,마킹 테이프를 활용한 민첩성 순발력 협응력 집중력 근력 운동(기초),359.025,mp4,0AUDLJ08S_01015.mp4,http://openapi.kspo.or.kr/web/image/0AUDLJ08S_01015/,56,동영상,
민첩성/순발력/협응력/집중력/근력강화/체력증진,http://openapi.kspo.or.kr/web/video/,"소도구를 활용한 민첩성 및 순발력 운동 중, 마킹테이프(기초)를 활용한 목적별루틴운동",74092451,민첩성/순발력/협응력/집중력/근력강화/체력증진,29.96,2070,1280*720,마킹테이프,공통,10847,0AUDLJ08S_01015_SC_00081.jpeg,2021,1인 이상,445,한국어,두발 들어갔다 나오기-측면,20221013,민첩성/순발력,마킹 테이프를 활용한 민첩성 순발력 협응력 집중력 근력 운동(기초),361.928,mp4,0AUDLJ08S_01015.mp4,http://openapi.kspo.or.kr/web/image/0AUDLJ08S_01015/,57,동영상,
민첩성/순발력/협응력/집중력/근력강화/체력증진,http://openapi.kspo.or.kr/web/video/,"소도구를 활용한 민첩성 및 순발력 운동 중, 마킹테이프(기초)를 활용한 목적별루틴운동",74092451,민첩성/순발력/협응력/집중력/근력강화/체력증진,29.96,2071,1280*720,마킹테이프,공통,11195,0AUDLJ08S_01015_SC_00082.jpeg,2021,1인 이상,445,한국어,두발 들어갔다 나오기-측면,20221013,민첩성/순발력,마킹 테이프를 활용한 민첩성 순발력 협응력 집중력 근력 운동(기초),373.54,mp4,0AUDLJ08S_01015.mp4,http://openapi.kspo.or.kr/web/image/0AUDLJ08S_01015/,58,동영상,
민첩성/순발력/협응력/집중력/근력강화/체력증진,http://openapi.kspo.or.kr/web/video/,"소도구를 활용한 민첩성 및 순발력 운동 중, 마킹테이프(기초)를 활용한 목적별루틴운동",74092451,민첩성/순발력/협응력/집중력/근력강화/체력증진,29.96,2072,1280*720,마킹테이프,공통,11224,0AUDLJ08S_01015_SC_00083.jpeg,2021,1인 이상,445,한국어,두발 들어갔다 나오기-측면,20221013,민첩성/순발력,마킹 테이프를 활용한 민첩성 순발력 협응력 집중력 근력 운동(기초),374.507,mp4,0AUDLJ08S_01015.mp4,http://openapi.kspo.or.kr/web/image/0AUDLJ08S_01015/,59,동영상,
민첩성/순발력/협응력/집중력/근력강화/체력증진,http://openapi.kspo.or.kr/web/video/,"소도구를 활용한 민첩성 및 순발력 운동 중, 마킹테이프(기초)를 활용한 목적별루틴운동",74092451,민첩성/순발력/협응력/집중력/근력강화/체력증진,29.96,2073,1280*720,마킹테이프,공통,11427,0AUDLJ08S_01015_SC_00084.jpeg,2021,1인 이상,445,한국어,두발 들어갔다 나오기-측면,20221013,민첩성/순발력,마킹 테이프를 활용한 민첩성 순발력 협응력 집중력 근력 운동(기초),381.281,mp4,0AUDLJ08S_01015.mp4,http://openapi.kspo.or.kr/web/image/0AUDLJ08S_01015/,60,동영상,
민첩성/순발력/협응력/집중력/근력강화/체력증진,http://openapi.kspo.or.kr/web/video/,"소도구를 활용한 민첩성 및 순발력 운동 중, 마킹테이프(기초)를 활용한 목적별루틴운동",74092451,민첩성/순발력/협응력/집중력/근력강화/체력증진,29.96,2074,1280*720,마킹테이프,공통,11456,0AUDLJ08S_01015_SC_00085.jpeg,2021,1인 이상,445,한국어,두발 들어갔다 나오기-측면,20221013,민첩성/순발력,마킹 테이프를 활용한 민첩성 순발력 협응력 집중력 근력 운동(기초),382.248,mp4,0AUDLJ08S_01015.mp4,http://openapi.kspo.or.kr/web/image/0AUDLJ08S_01015/,61,동영상,
준비 운동,http://openapi.kspo.or.kr/web/video/,요통을 예방하기 위한 운동프로그램,383566029,요통 예방,29.96,2075,1920*1080,매트,공통,2611,0AUDLJ08S_00041_SC_00025.jpeg,2021,1인 이상,2299,한국어,엎드려서 상체 들어올리기,20221028,유연성,요통 예방 운동프로그램,87.12,mp4,0AUDLJ08S_00041.mp4,http://openapi.kspo.or.kr/web/image/0AUDLJ08S_00041/,5,동영상,복근
준비 운동,http://openapi.kspo.or.kr/web/video/,요통을 예방하기 위한 운동프로그램,383566029,요통 예방,29.96,2076,1920*1080,매트,공통,2785,0AUDLJ08S_00041_SC_00026.jpeg,2021,1인 이상,2299,한국어,엎드려서 상체 들어올리기,20221028,유연성,요통 예방 운동프로그램,92.926,mp4,0AUDLJ08S_00041.mp4,http://openapi.kspo.or.kr/web/image/0AUDLJ08S_00041/,6,동영상,복근
준비 운동,http://openapi.kspo.or.kr/web/video/,요통을 예방하기 위한 운동프로그램,383566029,요통 예방,29.96,2077,1920*1080,매트,공통,2968,0AUDLJ08S_00041_FR_00034.jpeg,2021,1인 이상,2299,한국어,엎드려서 상체 들어올리기,20221028,유연성,요통 예방 운동프로그램,99.032,mp4,0AUDLJ08S_00041.mp4,http://openapi.kspo.or.kr/web/image/0AUDLJ08S_00041/,7,동영상,복근
준비 운동,http://openapi.kspo.or.kr/web/video/,요통을 예방하기 위한 운동프로그램,383566029,요통 예방,29.96,2078,1920*1080,매트,공통,3829,0AUDLJ08S_00041_SC_00034.jpeg,2021,1인 이상,2299,한국어,누워서 무릎 구부려 당기기,20221028,유연성,요통 예방 운동프로그램,127.761,mp4,0AUDLJ08S_00041.mp4,http://openapi.kspo.or.kr/web/image/0AUDLJ08S_00041/,8,동영상,엉덩이
준비 운동,http://openapi.kspo.or.kr/web/video/,요통을 예방하기 위한 운동프로그램,383566029,요통 예방,29.96,2079,1920*1080,매트,공통,3957,0AUDLJ08S_00041_FR_00045.jpeg,2021,1인 이상,2299,한국어,누워서 무릎 구부려 당기기,20221028,유연성,요통 예방 운동프로그램,132.032,mp4,0AUDLJ08S_00041.mp4,http://openapi.kspo.or.kr/web/image/0AUDLJ08S_00041/,9,동영상,엉덩이
준비 운동,http://openapi.kspo.or.kr/web/video/,요통을 예방하기 위한 운동프로그램,383566029,요통 예방,29.96,2080,1920*1080,매트,공통,4612,0AUDLJ08S_00041_SC_00039.jpeg,2021,1인 이상,2299,한국어,누워서 다리 당기기,20221028,유연성,요통 예방 운동프로그램,153.887,mp4,0AUDLJ08S_00041.mp4,http://openapi.kspo.or.kr/web/image/0AUDLJ08S_00041/,10,동영상,대퇴이두근
공통,http://openapi.kspo.or.kr/web/video/,우울증을 예방하기 위한 운동프로그램,486761054,우울증 예방,29.97,2081,1920*1080,,공통,54637,0AUDLJ08S_00043_SC_00222.jpeg,2021,1인 이상,2928,한국어,,20221015,,우울증 예방 운동프로그램,1823.054,mp4,0AUDLJ08S_00043.mp4,http://openapi.kspo.or.kr/web/image/0AUDLJ08S_00043/,73,동영상,
스트레칭,http://openapi.kspo.or.kr/web/video/,"소도구를 활용한 스트레칭 운동 중, 수건을 활용한 목적별루틴운동",73844455,스트레칭,29.96,2082,1280*720,수건,공통,6654,0AUDLJ08S_01018_FR_00075.jpeg,2021,1인 이상,443,한국어,머리 뒤로 수건 내리기,20221015,유연성,수건을 활용한 스트레칭 운동,222.022,mp4,0AUDLJ08S_01018.mp4,http://openapi.kspo.or.kr/web/image/0AUDLJ08S_01018/,7,동영상,어깨/등
민첩성/순발력/협응력/집중력/근력강화/체력증진,http://openapi.kspo.or.kr/web/video/,"소도구를 활용한 민첩성 및 순발력 운동 중, 마킹테이프(기초)를 활용한 목적별루틴운동",74092451,민첩성/순발력/협응력/집중력/근력강화/체력증진,29.96,2083,1280*720,마킹테이프,공통,11949,0AUDLJ08S_01015_SC_00088.jpeg,2021,1인 이상,445,한국어,두발 들어갔다 나오기-전면,20221013,민첩성/순발력,마킹 테이프를 활용한 민첩성 순발력 협응력 집중력 근력 운동(기초),398.698,mp4,0AUDLJ08S_01015.mp4,http://openapi.kspo.or.kr/web/image/0AUDLJ08S_01015/,62,동영상,
민첩성/순발력/협응력/집중력/근력강화/체력증진,http://openapi.kspo.or.kr/web/video/,"소도구를 활용한 민첩성 및 순발력 운동 중, 마킹테이프(기초)를 활용한 목적별루틴운동",74092451,민첩성/순발력/협응력/집중력/근력강화/체력증진,29.96,2084,1280*720,마킹테이프,공통,12065,0AUDLJ08S_01015_SC_00089.jpeg,2021,1인 이상,445,한국어,두발 들어갔다 나오기-전면,20221013,민첩성/순발력,마킹 테이프를 활용한 민첩성 순발력 협응력 집중력 근력 운동(기초),402.569,mp4,0AUDLJ08S_01015.mp4,http://openapi.kspo.or.kr/web/image/0AUDLJ08S_01015/,63,동영상,
민첩성/순발력/협응력/집중력/근력강화/체력증진,http://openapi.kspo.or.kr/web/video/,"소도구를 활용한 민첩성 및 순발력 운동 중, 마킹테이프(기초)를 활용한 목적별루틴운동",74092451,민첩성/순발력/협응력/집중력/근력강화/체력증진,29.96,2085,1280*720,마킹테이프,공통,12442,0AUDLJ08S_01015_SC_00090.jpeg,2021,1인 이상,445,한국어,두발 들어갔다 나오기-전면,20221013,민첩성/순발력,마킹 테이프를 활용한 민첩성 순발력 협응력 집중력 근력 운동(기초),415.148,mp4,0AUDLJ08S_01015.mp4,http://openapi.kspo.or.kr/web/image/0AUDLJ08S_01015/,64,동영상,
민첩성/순발력/협응력/집중력/근력강화/체력증진,http://openapi.kspo.or.kr/web/video/,"소도구를 활용한 민첩성 및 순발력 운동 중, 마킹테이프(기초)를 활용한 목적별루틴운동",74092451,민첩성/순발력/협응력/집중력/근력강화/체력증진,29.96,2086,1280*720,마킹테이프,공통,12645,0AUDLJ08S_01015_SC_00091.jpeg,2021,1인 이상,445,한국어,두발 들어갔다 나오기-전면,20221013,민첩성/순발력,마킹 테이프를 활용한 민첩성 순발력 협응력 집중력 근력 운동(기초),421.921,mp4,0AUDLJ08S_01015.mp4,http://openapi.kspo.or.kr/web/image/0AUDLJ08S_01015/,65,동영상,
민첩성/순발력/협응력/집중력/근력강화/체력증진,http://openapi.kspo.or.kr/web/video/,"소도구를 활용한 민첩성 및 순발력 운동 중, 마킹테이프(기초)를 활용한 목적별루틴운동",74092451,민첩성/순발력/협응력/집중력/근력강화/체력증진,29.96,2087,1280*720,마킹테이프,공통,12674,0AUDLJ08S_01015_SC_00092.jpeg,2021,1인 이상,445,한국어,두발 들어갔다 나오기-전면,20221013,민첩성/순발력,마킹 테이프를 활용한 민첩성 순발력 협응력 집중력 근력 운동(기초),422.889,mp4,0AUDLJ08S_01015.mp4,http://openapi.kspo.or.kr/web/image/0AUDLJ08S_01015/,66,동영상,
민첩성/순발력/협응력/집중력/근력강화/체력증진,http://openapi.kspo.or.kr/web/video/,"소도구를 활용한 민첩성 및 순발력 운동 중, 마킹테이프(기초)를 활용한 목적별루틴운동",74092451,민첩성/순발력/협응력/집중력/근력강화/체력증진,29.96,2088,1280*720,마킹테이프,공통,12703,0AUDLJ08S_01015_SC_00093.jpeg,2021,1인 이상,445,한국어,두발 들어갔다 나오기-전면,20221013,민첩성/순발력,마킹 테이프를 활용한 민첩성 순발력 협응력 집중력 근력 운동(기초),423.857,mp4,0AUDLJ08S_01015.mp4,http://openapi.kspo.or.kr/web/image/0AUDLJ08S_01015/,67,동영상,
민첩성/순발력/협응력/집중력/근력강화/체력증진,http://openapi.kspo.or.kr/web/video/,"소도구를 활용한 민첩성 및 순발력 운동 중, 마킹테이프(응용)를 활용한 목적별루틴운동",106420959,민첩성/순발력/협응력/집중력/근력강화/체력증진,29.96,2089,1280*720,마킹테이프,공통,540,0AUDLJ08S_01016_FR_00007.jpeg,2021,1인 이상,638,한국어,,20221015,민첩성/순발력,마킹 테이프를 활용한 민첩성 순발력 협응력 집중력 근력 운동(응용),18.018,mp4,0AUDLJ08S_01016.mp4,http://openapi.kspo.or.kr/web/image/0AUDLJ08S_01016/,1,동영상,
민첩성/순발력/협응력/집중력/근력강화/체력증진,http://openapi.kspo.or.kr/web/video/,"소도구를 활용한 민첩성 및 순발력 운동 중, 마킹테이프(응용)를 활용한 목적별루틴운동",106420959,민첩성/순발력/협응력/집중력/근력강화/체력증진,29.96,2090,1280*720,마킹테이프,공통,639,0AUDLJ08S_01016_SC_00002.jpeg,2021,1인 이상,638,한국어,두발 지그재그 뛰기,20221015,민첩성/순발력,마킹 테이프를 활용한 민첩성 순발력 협응력 집중력 근력 운동(응용),21.321,mp4,0AUDLJ08S_01016.mp4,http://openapi.kspo.or.kr/web/image/0AUDLJ08S_01016/,2,동영상,하체
민첩성/순발력/협응력/집중력/근력강화/체력증진,http://openapi.kspo.or.kr/web/video/,"소도구를 활용한 민첩성 및 순발력 운동 중, 마킹테이프(응용)를 활용한 목적별루틴운동",106420959,민첩성/순발력/협응력/집중력/근력강화/체력증진,29.96,2091,1280*720,마킹테이프,공통,1169,0AUDLJ08S_01016_FR_00014.jpeg,2021,1인 이상,638,한국어,두발 지그재그 뛰기,20221015,민첩성/순발력,마킹 테이프를 활용한 민첩성 순발력 협응력 집중력 근력 운동(응용),39.005,mp4,0AUDLJ08S_01016.mp4,http://openapi.kspo.or.kr/web/image/0AUDLJ08S_01016/,3,동영상,하체
민첩성/순발력/협응력/집중력/근력강화/체력증진,http://openapi.kspo.or.kr/web/video/,"소도구를 활용한 민첩성 및 순발력 운동 중, 마킹테이프(응용)를 활용한 목적별루틴운동",106420959,민첩성/순발력/협응력/집중력/근력강화/체력증진,29.96,2092,1280*720,마킹테이프,공통,1799,0AUDLJ08S_01016_SC_00008.jpeg,2021,1인 이상,638,한국어,무릎 높이 뛰기,20221015,민첩성/순발력,마킹 테이프를 활용한 민첩성 순발력 협응력 집중력 근력 운동(응용),60.026,mp4,0AUDLJ08S_01016.mp4,http://openapi.kspo.or.kr/web/image/0AUDLJ08S_01016/,4,동영상,하체
민첩성/순발력/협응력/집중력/근력강화/체력증진,http://openapi.kspo.or.kr/web/video/,"소도구를 활용한 민첩성 및 순발력 운동 중, 마킹테이프(응용)를 활용한 목적별루틴운동",106420959,민첩성/순발력/협응력/집중력/근력강화/체력증진,29.96,2093,1280*720,마킹테이프,공통,2158,0AUDLJ08S_01016_FR_00025.jpeg,2021,1인 이상,638,한국어,무릎 높이 뛰기,20221015,민첩성/순발력,마킹 테이프를 활용한 민첩성 순발력 협응력 집중력 근력 운동(응용),72.005,mp4,0AUDLJ08S_01016.mp4,http://openapi.kspo.or.kr/web/image/0AUDLJ08S_01016/,5,동영상,하체
민첩성/순발력/협응력/집중력/근력강화/체력증진,http://openapi.kspo.or.kr/web/video/,"소도구를 활용한 민첩성 및 순발력 운동 중, 마킹테이프(응용)를 활용한 목적별루틴운동",106420959,민첩성/순발력/협응력/집중력/근력강화/체력증진,29.96,2094,1280*720,마킹테이프,공통,2611,0AUDLJ08S_01016_SC_00018.jpeg,2021,1인 이상,638,한국어,다리 벌렸다 모으기,20221015,민첩성/순발력,마킹 테이프를 활용한 민첩성 순발력 협응력 집중력 근력 운동(응용),87.12,mp4,0AUDLJ08S_01016.mp4,http://openapi.kspo.or.kr/web/image/0AUDLJ08S_01016/,6,동영상,하체
민첩성/순발력/협응력/집중력/근력강화/체력증진,http://openapi.kspo.or.kr/web/video/,"소도구를 활용한 민첩성 및 순발력 운동 중, 마킹테이프(응용)를 활용한 목적별루틴운동",106420959,민첩성/순발력/협응력/집중력/근력강화/체력증진,29.96,2095,1280*720,마킹테이프,공통,3147,0AUDLJ08S_01016_FR_00036.jpeg,2021,1인 이상,638,한국어,다리 벌렸다 모으기,20221015,민첩성/순발력,마킹 테이프를 활용한 민첩성 순발력 협응력 집중력 근력 운동(응용),105.005,mp4,0AUDLJ08S_01016.mp4,http://openapi.kspo.or.kr/web/image/0AUDLJ08S_01016/,7,동영상,하체
민첩성/순발력/협응력/집중력/근력강화/체력증진,http://openapi.kspo.or.kr/web/video/,"소도구를 활용한 민첩성 및 순발력 운동 중, 마킹테이프(응용)를 활용한 목적별루틴운동",106420959,민첩성/순발력/협응력/집중력/근력강화/체력증진,29.96,2096,1280*720,마킹테이프,공통,3771,0AUDLJ08S_01016_SC_00022.jpeg,2021,1인 이상,638,한국어,팔 다리 벌렸다 모으기,20221015,민첩성/순발력,마킹 테이프를 활용한 민첩성 순발력 협응력 집중력 근력 운동(응용),125.825,mp4,0AUDLJ08S_01016.mp4,http://openapi.kspo.or.kr/web/image/0AUDLJ08S_01016/,8,동영상,하체/어깨
민첩성/순발력/협응력/집중력/근력강화/체력증진,http://openapi.kspo.or.kr/web/video/,"소도구를 활용한 민첩성 및 순발력 운동 중, 마킹테이프(응용)를 활용한 목적별루틴운동",106420959,민첩성/순발력/협응력/집중력/근력강화/체력증진,29.96,2097,1280*720,마킹테이프,공통,4046,0AUDLJ08S_01016_FR_00046.jpeg,2021,1인 이상,638,한국어,팔 다리 벌렸다 모으기,20221015,민첩성/순발력,마킹 테이프를 활용한 민첩성 순발력 협응력 집중력 근력 운동(응용),135.001,mp4,0AUDLJ08S_01016.mp4,http://openapi.kspo.or.kr/web/image/0AUDLJ08S_01016/,9,동영상,하체/어깨
민첩성/순발력/협응력/집중력/근력강화/체력증진,http://openapi.kspo.or.kr/web/video/,"소도구를 활용한 민첩성 및 순발력 운동 중, 마킹테이프(응용)를 활용한 목적별루틴운동",106420959,민첩성/순발력/협응력/집중력/근력강화/체력증진,29.96,2098,1280*720,마킹테이프,공통,4226,0AUDLJ08S_01016_FR_00048.jpeg,2021,1인 이상,638,한국어,땅따먹기 스텝,20221015,민첩성/순발력,마킹 테이프를 활용한 민첩성 순발력 협응력 집중력 근력 운동(응용),141.007,mp4,0AUDLJ08S_01016.mp4,http://openapi.kspo.or.kr/web/image/0AUDLJ08S_01016/,10,동영상,하체
민첩성/순발력/협응력/집중력/근력강화/체력증진,http://openapi.kspo.or.kr/web/video/,"소도구를 활용한 민첩성 및 순발력 운동 중, 마킹테이프(응용)를 활용한 목적별루틴운동",106420959,민첩성/순발력/협응력/집중력/근력강화/체력증진,29.96,2099,1280*720,마킹테이프,공통,4676,0AUDLJ08S_01016_FR_00053.jpeg,2021,1인 이상,638,한국어,땅따먹기 스텝,20221015,민첩성/순발력,마킹 테이프를 활용한 민첩성 순발력 협응력 집중력 근력 운동(응용),156.022,mp4,0AUDLJ08S_01016.mp4,http://openapi.kspo.or.kr/web/image/0AUDLJ08S_01016/,11,동영상,하체
민첩성/순발력/협응력/집중력/근력강화/체력증진,http://openapi.kspo.or.kr/web/video/,"소도구를 활용한 민첩성 및 순발력 운동 중, 마킹테이프(응용)를 활용한 목적별루틴운동",106420959,민첩성/순발력/협응력/집중력/근력강화/체력증진,29.96,2100,1280*720,마킹테이프,공통,5395,0AUDLJ08S_01016_SC_00034.jpeg,2021,1인 이상,638,한국어,땅따먹기 스텝-2,20221015,민첩성/순발력,마킹 테이프를 활용한 민첩성 순발력 협응력 집중력 근력 운동(응용),180.013,mp4,0AUDLJ08S_01016.mp4,http://openapi.kspo.or.kr/web/image/0AUDLJ08S_01016/,12,동영상,하체
민첩성/순발력/협응력/집중력/근력강화/체력증진,http://openapi.kspo.or.kr/web/video/,"소도구를 활용한 민첩성 및 순발력 운동 중, 마킹테이프(응용)를 활용한 목적별루틴운동",106420959,민첩성/순발력/협응력/집중력/근력강화/체력증진,29.96,2101,1280*720,마킹테이프,공통,5755,0AUDLJ08S_01016_FR_00065.jpeg,2021,1인 이상,638,한국어,땅따먹기 스텝-2,20221015,민첩성/순발력,마킹 테이프를 활용한 민첩성 순발력 협응력 집중력 근력 운동(응용),192.025,mp4,0AUDLJ08S_01016.mp4,http://openapi.kspo.or.kr/web/image/0AUDLJ08S_01016/,13,동영상,하체
민첩성/순발력/협응력/집중력/근력강화/체력증진,http://openapi.kspo.or.kr/web/video/,"소도구를 활용한 민첩성 및 순발력 운동 중, 마킹테이프(응용)를 활용한 목적별루틴운동",106420959,민첩성/순발력/협응력/집중력/근력강화/체력증진,29.96,2102,1280*720,마킹테이프,공통,6236,0AUDLJ08S_01016_SC_00039.jpeg,2021,1인 이상,638,한국어,알리 스텝,20221015,민첩성/순발력,마킹 테이프를 활용한 민첩성 순발력 협응력 집중력 근력 운동(응용),208.074,mp4,0AUDLJ08S_01016.mp4,http://openapi.kspo.or.kr/web/image/0AUDLJ08S_01016/,14,동영상,하체
민첩성/순발력/협응력/집중력/근력강화/체력증진,http://openapi.kspo.or.kr/web/video/,"소도구를 활용한 민첩성 및 순발력 운동 중, 마킹테이프(응용)를 활용한 목적별루틴운동",106420959,민첩성/순발력/협응력/집중력/근력강화/체력증진,29.96,2103,1280*720,마킹테이프,공통,6654,0AUDLJ08S_01016_FR_00075.jpeg,2021,1인 이상,638,한국어,알리 스텝,20221015,민첩성/순발력,마킹 테이프를 활용한 민첩성 순발력 협응력 집중력 근력 운동(응용),222.022,mp4,0AUDLJ08S_01016.mp4,http://openapi.kspo.or.kr/web/image/0AUDLJ08S_01016/,15,동영상,하체
민첩성/순발력/협응력/집중력/근력강화/체력증진,http://openapi.kspo.or.kr/web/video/,"소도구를 활용한 민첩성 및 순발력 운동 중, 마킹테이프(응용)를 활용한 목적별루틴운동",106420959,민첩성/순발력/협응력/집중력/근력강화/체력증진,29.96,2104,1280*720,마킹테이프,공통,7309,0AUDLJ08S_01016_SC_00044.jpeg,2021,1인 이상,638,한국어,대각선 이동스텝-1,20221015,민첩성/순발력,마킹 테이프를 활용한 민첩성 순발력 협응력 집중력 근력 운동(응용),243.877,mp4,0AUDLJ08S_01016.mp4,http://openapi.kspo.or.kr/web/image/0AUDLJ08S_01016/,16,동영상,하체
민첩성/순발력/협응력/집중력/근력강화/체력증진,http://openapi.kspo.or.kr/web/video/,"소도구를 활용한 민첩성 및 순발력 운동 중, 마킹테이프(응용)를 활용한 목적별루틴운동",106420959,민첩성/순발력/협응력/집중력/근력강화/체력증진,29.96,2105,1280*720,마킹테이프,공통,7733,0AUDLJ08S_01016_FR_00087.jpeg,2021,1인 이상,638,한국어,대각선 이동스텝-1,20221015,민첩성/순발력,마킹 테이프를 활용한 민첩성 순발력 협응력 집중력 근력 운동(응용),258.024,mp4,0AUDLJ08S_01016.mp4,http://openapi.kspo.or.kr/web/image/0AUDLJ08S_01016/,17,동영상,하체
민첩성/순발력/협응력/집중력/근력강화/체력증진,http://openapi.kspo.or.kr/web/video/,"소도구를 활용한 민첩성 및 순발력 운동 중, 마킹테이프(응용)를 활용한 목적별루틴운동",106420959,민첩성/순발력/협응력/집중력/근력강화/체력증진,29.96,2106,1280*720,마킹테이프,공통,8440,0AUDLJ08S_01016_SC_00053.jpeg,2021,1인 이상,638,한국어,대각선 이동스텝-2,20221015,민첩성/순발력,마킹 테이프를 활용한 민첩성 순발력 협응력 집중력 근력 운동(응용),281.614,mp4,0AUDLJ08S_01016.mp4,http://openapi.kspo.or.kr/web/image/0AUDLJ08S_01016/,18,동영상,하체
민첩성/순발력/협응력/집중력/근력강화/체력증진,http://openapi.kspo.or.kr/web/video/,"소도구를 활용한 민첩성 및 순발력 운동 중, 마킹테이프(응용)를 활용한 목적별루틴운동",106420959,민첩성/순발력/협응력/집중력/근력강화/체력증진,29.96,2107,1280*720,마킹테이프,공통,8902,0AUDLJ08S_01016_FR_00100.jpeg,2021,1인 이상,638,한국어,대각선 이동스텝-2,20221015,민첩성/순발력,마킹 테이프를 활용한 민첩성 순발력 협응력 집중력 근력 운동(응용),297.03,mp4,0AUDLJ08S_01016.mp4,http://openapi.kspo.or.kr/web/image/0AUDLJ08S_01016/,19,동영상,하체
민첩성/순발력/협응력/집중력/근력강화/체력증진,http://openapi.kspo.or.kr/web/video/,"소도구를 활용한 민첩성 및 순발력 운동 중, 마킹테이프(응용)를 활용한 목적별루틴운동",106420959,민첩성/순발력/협응력/집중력/근력강화/체력증진,29.96,2108,1280*720,마킹테이프,공통,9629,0AUDLJ08S_01016_SC_00058.jpeg,2021,1인 이상,638,한국어,대각선 이동스텝-3,20221015,민첩성/순발력,마킹 테이프를 활용한 민첩성 순발력 협응력 집중력 근력 운동(응용),321.287,mp4,0AUDLJ08S_01016.mp4,http://openapi.kspo.or.kr/web/image/0AUDLJ08S_01016/,20,동영상,하체
민첩성/순발력/협응력/집중력/근력강화/체력증진,http://openapi.kspo.or.kr/web/video/,"소도구를 활용한 민첩성 및 순발력 운동 중, 마킹테이프(응용)를 활용한 목적별루틴운동",106420959,민첩성/순발력/협응력/집중력/근력강화/체력증진,29.96,2109,1280*720,마킹테이프,공통,10160,0AUDLJ08S_01016_FR_00114.jpeg,2021,1인 이상,638,한국어,대각선 이동스텝-3,20221015,민첩성/순발력,마킹 테이프를 활용한 민첩성 순발력 협응력 집중력 근력 운동(응용),339.005,mp4,0AUDLJ08S_01016.mp4,http://openapi.kspo.or.kr/web/image/0AUDLJ08S_01016/,21,동영상,하체
민첩성/순발력/협응력/집중력/근력강화/체력증진,http://openapi.kspo.or.kr/web/video/,"소도구를 활용한 민첩성 및 순발력 운동 중, 마킹테이프(응용)를 활용한 목적별루틴운동",106420959,민첩성/순발력/협응력/집중력/근력강화/체력증진,29.96,2110,1280*720,마킹테이프,공통,10789,0AUDLJ08S_01016_SC_00067.jpeg,2021,1인 이상,638,한국어,발 뒤로 교차하며 전진하기,20221015,민첩성/순발력,마킹 테이프를 활용한 민첩성 순발력 협응력 집중력 근력 운동(응용),359.993,mp4,0AUDLJ08S_01016.mp4,http://openapi.kspo.or.kr/web/image/0AUDLJ08S_01016/,22,동영상,하체
민첩성/순발력/협응력/집중력/근력강화/체력증진,http://openapi.kspo.or.kr/web/video/,"소도구를 활용한 민첩성 및 순발력 운동 중, 마킹테이프(응용)를 활용한 목적별루틴운동",106420959,민첩성/순발력/협응력/집중력/근력강화/체력증진,29.96,2111,1280*720,마킹테이프,공통,11329,0AUDLJ08S_01016_FR_00127.jpeg,2021,1인 이상,638,한국어,발 뒤로 교차하며 전진하기,20221015,민첩성/순발력,마킹 테이프를 활용한 민첩성 순발력 협응력 집중력 근력 운동(응용),378.011,mp4,0AUDLJ08S_01016.mp4,http://openapi.kspo.or.kr/web/image/0AUDLJ08S_01016/,23,동영상,하체
민첩성/순발력/협응력/집중력/근력강화/체력증진,http://openapi.kspo.or.kr/web/video/,"소도구를 활용한 민첩성 및 순발력 운동 중, 마킹테이프(응용)를 활용한 목적별루틴운동",106420959,민첩성/순발력/협응력/집중력/근력강화/체력증진,29.96,2112,1280*720,마킹테이프,공통,12123,0AUDLJ08S_01016_SC_00071.jpeg,2021,1인 이상,638,한국어,발 뒤로 교차하며 후진하기,20221015,민첩성/순발력,마킹 테이프를 활용한 민첩성 순발력 협응력 집중력 근력 운동(응용),404.504,mp4,0AUDLJ08S_01016.mp4,http://openapi.kspo.or.kr/web/image/0AUDLJ08S_01016/,24,동영상,하체
민첩성/순발력/협응력/집중력/근력강화/체력증진,http://openapi.kspo.or.kr/web/video/,"소도구를 활용한 민첩성 및 순발력 운동 중, 마킹테이프(응용)를 활용한 목적별루틴운동",106420959,민첩성/순발력/협응력/집중력/근력강화/체력증진,29.96,2113,1280*720,마킹테이프,공통,12768,0AUDLJ08S_01016_FR_00143.jpeg,2021,1인 이상,638,한국어,발 뒤로 교차하며 후진하기,20221015,민첩성/순발력,마킹 테이프를 활용한 민첩성 순발력 협응력 집중력 근력 운동(응용),426.026,mp4,0AUDLJ08S_01016.mp4,http://openapi.kspo.or.kr/web/image/0AUDLJ08S_01016/,25,동영상,하체
민첩성/순발력/협응력/집중력/근력강화/체력증진,http://openapi.kspo.or.kr/web/video/,"소도구를 활용한 민첩성 및 순발력 운동 중, 마킹테이프(응용)를 활용한 목적별루틴운동",106420959,민첩성/순발력/협응력/집중력/근력강화/체력증진,29.96,2114,1280*720,마킹테이프,공통,13577,0AUDLJ08S_01016_FR_00152.jpeg,2021,1인 이상,638,한국어,반원스텝,20221015,민첩성/순발력,마킹 테이프를 활용한 민첩성 순발력 협응력 집중력 근력 운동(응용),453.019,mp4,0AUDLJ08S_01016.mp4,http://openapi.kspo.or.kr/web/image/0AUDLJ08S_01016/,26,동영상,하체
민첩성/순발력/협응력/집중력/근력강화/체력증진,http://openapi.kspo.or.kr/web/video/,"소도구를 활용한 민첩성 및 순발력 운동 중, 마킹테이프(응용)를 활용한 목적별루틴운동",106420959,민첩성/순발력/협응력/집중력/근력강화/체력증진,29.96,2115,1280*720,마킹테이프,공통,14026,0AUDLJ08S_01016_FR_00157.jpeg,2021,1인 이상,638,한국어,반원스텝,20221015,민첩성/순발력,마킹 테이프를 활용한 민첩성 순발력 협응력 집중력 근력 운동(응용),468.001,mp4,0AUDLJ08S_01016.mp4,http://openapi.kspo.or.kr/web/image/0AUDLJ08S_01016/,27,동영상,하체
민첩성/순발력/협응력/집중력/근력강화/체력증진,http://openapi.kspo.or.kr/web/video/,"소도구를 활용한 민첩성 및 순발력 운동 중, 마킹테이프(응용)를 활용한 목적별루틴운동",106420959,민첩성/순발력/협응력/집중력/근력강화/체력증진,29.96,2116,1280*720,마킹테이프,공통,14704,0AUDLJ08S_01016_SC_00084.jpeg,2021,1인 이상,638,한국어,두칸 전진 한칸 후진,20221015,민첩성/순발력,마킹 테이프를 활용한 민첩성 순발력 협응력 집중력 근력 운동(응용),490.623,mp4,0AUDLJ08S_01016.mp4,http://openapi.kspo.or.kr/web/image/0AUDLJ08S_01016/,28,동영상,하체
민첩성/순발력/협응력/집중력/근력강화/체력증진,http://openapi.kspo.or.kr/web/video/,"소도구를 활용한 민첩성 및 순발력 운동 중, 마킹테이프(응용)를 활용한 목적별루틴운동",106420959,민첩성/순발력/협응력/집중력/근력강화/체력증진,29.96,2117,1280*720,마킹테이프,공통,15465,0AUDLJ08S_01016_FR_00173.jpeg,2021,1인 이상,638,한국어,두칸 전진 한칸 후진,20221015,민첩성/순발력,마킹 테이프를 활용한 민첩성 순발력 협응력 집중력 근력 운동(응용),516.016,mp4,0AUDLJ08S_01016.mp4,http://openapi.kspo.or.kr/web/image/0AUDLJ08S_01016/,29,동영상,하체
민첩성/순발력/협응력/집중력/근력강화/체력증진,http://openapi.kspo.or.kr/web/video/,"소도구를 활용한 민첩성 및 순발력 운동 중, 마킹테이프(응용)를 활용한 목적별루틴운동",106420959,민첩성/순발력/협응력/집중력/근력강화/체력증진,29.96,2118,1280*720,마킹테이프,공통,16531,0AUDLJ08S_01016_SC_00088.jpeg,2021,1인 이상,638,한국어,180도 회전 스텝,20221015,민첩성/순발력,마킹 테이프를 활용한 민첩성 순발력 협응력 집중력 근력 운동(응용),551.584,mp4,0AUDLJ08S_01016.mp4,http://openapi.kspo.or.kr/web/image/0AUDLJ08S_01016/,30,동영상,하체
민첩성/순발력/협응력/집중력/근력강화/체력증진,http://openapi.kspo.or.kr/web/video/,"소도구를 활용한 민첩성 및 순발력 운동 중, 마킹테이프(응용)를 활용한 목적별루틴운동",106420959,민첩성/순발력/협응력/집중력/근력강화/체력증진,29.96,2119,1280*720,마킹테이프,공통,17083,0AUDLJ08S_01016_FR_00191.jpeg,2021,1인 이상,638,한국어,180도 회전 스텝,20221015,민첩성/순발력,마킹 테이프를 활용한 민첩성 순발력 협응력 집중력 근력 운동(응용),570.003,mp4,0AUDLJ08S_01016.mp4,http://openapi.kspo.or.kr/web/image/0AUDLJ08S_01016/,31,동영상,하체
민첩성/순발력/협응력/집중력/근력강화/체력증진,http://openapi.kspo.or.kr/web/video/,"소도구를 활용한 민첩성 및 순발력 운동 중, 마킹테이프(응용)를 활용한 목적별루틴운동",106420959,민첩성/순발력/협응력/집중력/근력강화/체력증진,29.96,2120,1280*720,마킹테이프,공통,17713,0AUDLJ08S_01016_FR_00198.jpeg,2021,1인 이상,638,한국어,두발 대각 뛰기,20221015,민첩성/순발력,마킹 테이프를 활용한 민첩성 순발력 협응력 집중력 근력 운동(응용),591.024,mp4,0AUDLJ08S_01016.mp4,http://openapi.kspo.or.kr/web/image/0AUDLJ08S_01016/,32,동영상,하체
민첩성/순발력/협응력/집중력/근력강화/체력증진,http://openapi.kspo.or.kr/web/video/,"소도구를 활용한 민첩성 및 순발력 운동 중, 마킹테이프(응용)를 활용한 목적별루틴운동",106420959,민첩성/순발력/협응력/집중력/근력강화/체력증진,29.96,2121,1280*720,마킹테이프,공통,18252,0AUDLJ08S_01016_FR_00204.jpeg,2021,1인 이상,638,한국어,두발 대각 뛰기,20221015,민첩성/순발력,마킹 테이프를 활용한 민첩성 순발력 협응력 집중력 근력 운동(응용),609.009,mp4,0AUDLJ08S_01016.mp4,http://openapi.kspo.or.kr/web/image/0AUDLJ08S_01016/,33,동영상,하체
스트레칭,http://openapi.kspo.or.kr/web/video/,"소도구를 활용한 스트레칭 운동 중, 수건을 활용한 목적별루틴운동",73844455,스트레칭,29.96,2122,1280*720,수건,공통,8272,0AUDLJ08S_01018_FR_00093.jpeg,2021,1인 이상,443,한국어,다리 뻗어 앉았다 일어서며 팔 들어올리기,20221015,근력/근지구력,수건을 활용한 스트레칭 운동,276.009,mp4,0AUDLJ08S_01018.mp4,http://openapi.kspo.or.kr/web/image/0AUDLJ08S_01018/,9,동영상,하체/어깨
스트레칭,http://openapi.kspo.or.kr/web/video/,"소도구를 활용한 스트레칭 운동 중, 수건을 활용한 목적별루틴운동",73844455,스트레칭,29.96,2123,1280*720,수건,공통,7976,0AUDLJ08S_01018_SC_00006.jpeg,2021,1인 이상,443,한국어,앉았다 들어 올리기,20221015,근력/근지구력,수건을 활용한 스트레칭 운동,266.132,mp4,0AUDLJ08S_01018.mp4,http://openapi.kspo.or.kr/web/image/0AUDLJ08S_01018/,8,동영상,등/하체
스트레칭,http://openapi.kspo.or.kr/web/video/,"소도구를 활용한 스트레칭 운동 중, 수건을 활용한 목적별루틴운동",73844455,스트레칭,29.96,2124,1280*720,수건,공통,9107,0AUDLJ08S_01018_SC_00008.jpeg,2021,1인 이상,443,한국어,앉았다 일어서며 몸통 회전하기,20221015,근력/근지구력,수건을 활용한 스트레칭 운동,303.87,mp4,0AUDLJ08S_01018.mp4,http://openapi.kspo.or.kr/web/image/0AUDLJ08S_01018/,10,동영상,하체/복근
스트레칭,http://openapi.kspo.or.kr/web/video/,"소도구를 활용한 스트레칭 운동 중, 수건을 활용한 목적별루틴운동",73844455,스트레칭,29.96,2125,1280*720,수건,공통,1190,0AUDLJ08S_01018_SC_00002.jpeg,2021,1인 이상,443,한국어,,20221015,,수건을 활용한 스트레칭 운동,39.706,mp4,0AUDLJ08S_01018.mp4,http://openapi.kspo.or.kr/web/image/0AUDLJ08S_01018/,1,동영상,
스트레칭,http://openapi.kspo.or.kr/web/video/,"소도구를 활용한 스트레칭 운동 중, 수건을 활용한 목적별루틴운동",73844455,스트레칭,29.96,2126,1280*720,수건,공통,3327,0AUDLJ08S_01018_FR_00038.jpeg,2021,1인 이상,443,한국어,목 스트레칭,20221015,유연성,수건을 활용한 스트레칭 운동,111.011,mp4,0AUDLJ08S_01018.mp4,http://openapi.kspo.or.kr/web/image/0AUDLJ08S_01018/,2,동영상,목
스트레칭,http://openapi.kspo.or.kr/web/video/,"소도구를 활용한 스트레칭 운동 중, 수건을 활용한 목적별루틴운동",73844455,스트레칭,29.96,2127,1280*720,수건,공통,4316,0AUDLJ08S_01018_FR_00049.jpeg,2021,1인 이상,443,한국어,팔/어깨 스트레칭,20221015,유연성,수건을 활용한 스트레칭 운동,144.01,mp4,0AUDLJ08S_01018.mp4,http://openapi.kspo.or.kr/web/image/0AUDLJ08S_01018/,3,동영상,팔/어깨
스트레칭,http://openapi.kspo.or.kr/web/video/,"소도구를 활용한 스트레칭 운동 중, 수건을 활용한 목적별루틴운동",73844455,스트레칭,29.96,2128,1280*720,수건,공통,4856,0AUDLJ08S_01018_FR_00055.jpeg,2021,1인 이상,443,한국어,등/옆구리 스트레칭,20221015,유연성,수건을 활용한 스트레칭 운동,162.028,mp4,0AUDLJ08S_01018.mp4,http://openapi.kspo.or.kr/web/image/0AUDLJ08S_01018/,4,동영상,등/옆구리
스트레칭,http://openapi.kspo.or.kr/web/video/,"소도구를 활용한 스트레칭 운동 중, 수건을 활용한 목적별루틴운동",73844455,스트레칭,29.96,2129,1280*720,수건,공통,5305,0AUDLJ08S_01018_FR_00060.jpeg,2021,1인 이상,443,한국어,엉덩이 스트레칭,20221015,유연성,수건을 활용한 스트레칭 운동,177.01,mp4,0AUDLJ08S_01018.mp4,http://openapi.kspo.or.kr/web/image/0AUDLJ08S_01018/,5,동영상,엉덩이
스트레칭,http://openapi.kspo.or.kr/web/video/,"소도구를 활용한 스트레칭 운동 중, 수건을 활용한 목적별루틴운동",73844455,스트레칭,29.96,2130,1280*720,수건,공통,5935,0AUDLJ08S_01018_FR_00067.jpeg,2021,1인 이상,443,한국어,하체 스트레칭,20221015,유연성,수건을 활용한 스트레칭 운동,198.031,mp4,0AUDLJ08S_01018.mp4,http://openapi.kspo.or.kr/web/image/0AUDLJ08S_01018/,6,동영상,하체
스트레칭,http://openapi.kspo.or.kr/web/video/,"소도구를 활용한 스트레칭 운동 중, 수건을 활용한 목적별루틴운동",73844455,스트레칭,29.96,2131,1280*720,수건,공통,9171,0AUDLJ08S_01018_FR_00103.jpeg,2021,1인 이상,443,한국어,앉았다 일어서며 몸통 회전하기,20221015,근력/근지구력,수건을 활용한 스트레칭 운동,306.006,mp4,0AUDLJ08S_01018.mp4,http://openapi.kspo.or.kr/web/image/0AUDLJ08S_01018/,11,동영상,하체/복근
스트레칭,http://openapi.kspo.or.kr/web/video/,"소도구를 활용한 스트레칭 운동 중, 수건을 활용한 목적별루틴운동",73844455,스트레칭,29.96,2132,1280*720,수건,공통,10430,0AUDLJ08S_01018_FR_00117.jpeg,2021,1인 이상,443,한국어,정면으로 무릎 들어올리기,20221015,민첩성/순발력,수건을 활용한 스트레칭 운동,348.014,mp4,0AUDLJ08S_01018.mp4,http://openapi.kspo.or.kr/web/image/0AUDLJ08S_01018/,12,동영상,전신
스트레칭,http://openapi.kspo.or.kr/web/video/,"소도구를 활용한 스트레칭 운동 중, 수건을 활용한 목적별루틴운동",73844455,스트레칭,29.96,2133,1280*720,수건,공통,11329,0AUDLJ08S_01018_FR_00127.jpeg,2021,1인 이상,443,한국어,측면으로 무릎 들어올리기,20221015,민첩성/순발력,수건을 활용한 스트레칭 운동,378.011,mp4,0AUDLJ08S_01018.mp4,http://openapi.kspo.or.kr/web/image/0AUDLJ08S_01018/,13,동영상,전신
스트레칭,http://openapi.kspo.or.kr/web/video/,"소도구를 활용한 스트레칭 운동 중, 수건을 활용한 목적별루틴운동",73844455,스트레칭,29.96,2134,1280*720,수건,공통,11689,0AUDLJ08S_01018_FR_00131.jpeg,2021,1인 이상,443,한국어,무릎 들어올리며 몸통 비틀기,20221015,민첩성/순발력,수건을 활용한 스트레칭 운동,390.023,mp4,0AUDLJ08S_01018.mp4,http://openapi.kspo.or.kr/web/image/0AUDLJ08S_01018/,14,동영상,전신
스트레칭,http://openapi.kspo.or.kr/web/video/,"소도구를 활용한 스트레칭 운동 중, 보온병을 활용한 목적별루틴운동",105276019,스트레칭,29.97,2135,1280*720,보온병,공통,3539,0AUDLJ08S_01019_SC_00002.jpeg,2021,1인 이상,623,한국어,,20221027,,보온병을 활용한 스트레칭 운동,118.084,mp4,0AUDLJ08S_01019.mp4,http://openapi.kspo.or.kr/web/image/0AUDLJ08S_01019/,1,동영상,
스트레칭,http://openapi.kspo.or.kr/web/video/,"소도구를 활용한 스트레칭 운동 중, 보온병을 활용한 목적별루틴운동",105276019,스트레칭,29.97,2136,1280*720,보온병,공통,3957,0AUDLJ08S_01019_FR_00045.jpeg,2021,1인 이상,623,한국어,목근육 이완 운동,20221027,유연성,보온병을 활용한 스트레칭 운동,132.031,mp4,0AUDLJ08S_01019.mp4,http://openapi.kspo.or.kr/web/image/0AUDLJ08S_01019/,2,동영상,목근육
스트레칭,http://openapi.kspo.or.kr/web/video/,"소도구를 활용한 스트레칭 운동 중, 보온병을 활용한 목적별루틴운동",105276019,스트레칭,29.97,2137,1280*720,보온병,공통,4586,0AUDLJ08S_01019_FR_00052.jpeg,2021,1인 이상,623,한국어,흉추부 가동성 운동,20221027,유연성,보온병을 활용한 스트레칭 운동,153.019,mp4,0AUDLJ08S_01019.mp4,http://openapi.kspo.or.kr/web/image/0AUDLJ08S_01019/,3,동영상,흉추부
스트레칭,http://openapi.kspo.or.kr/web/video/,"소도구를 활용한 스트레칭 운동 중, 보온병을 활용한 목적별루틴운동",105276019,스트레칭,29.97,2138,1280*720,보온병,공통,5125,0AUDLJ08S_01019_FR_00058.jpeg,2021,1인 이상,623,한국어,흉추부 가동성 운동,20221027,유연성,보온병을 활용한 스트레칭 운동,171.004,mp4,0AUDLJ08S_01019.mp4,http://openapi.kspo.or.kr/web/image/0AUDLJ08S_01019/,4,동영상,흉추부
스트레칭,http://openapi.kspo.or.kr/web/video/,"소도구를 활용한 스트레칭 운동 중, 보온병을 활용한 목적별루틴운동",105276019,스트레칭,29.97,2139,1280*720,보온병,공통,5755,0AUDLJ08S_01019_FR_00065.jpeg,2021,1인 이상,623,한국어,삼각근 스트레칭,20221027,유연성,보온병을 활용한 스트레칭 운동,192.025,mp4,0AUDLJ08S_01019.mp4,http://openapi.kspo.or.kr/web/image/0AUDLJ08S_01019/,5,동영상,삼각근
스트레칭,http://openapi.kspo.or.kr/web/video/,"소도구를 활용한 스트레칭 운동 중, 보온병을 활용한 목적별루틴운동",105276019,스트레칭,29.97,2140,1280*720,보온병,공통,6744,0AUDLJ08S_01019_FR_00076.jpeg,2021,1인 이상,623,한국어,광배근 이완 운동,20221027,유연성,보온병을 활용한 스트레칭 운동,225.024,mp4,0AUDLJ08S_01019.mp4,http://openapi.kspo.or.kr/web/image/0AUDLJ08S_01019/,6,동영상,광배근
스트레칭,http://openapi.kspo.or.kr/web/video/,"소도구를 활용한 스트레칭 운동 중, 보온병을 활용한 목적별루틴운동",105276019,스트레칭,29.97,2141,1280*720,보온병,공통,8182,0AUDLJ08S_01019_FR_00092.jpeg,2021,1인 이상,623,한국어,요추부 이완 스트레칭,20221027,유연성,보온병을 활용한 스트레칭 운동,273.006,mp4,0AUDLJ08S_01019.mp4,http://openapi.kspo.or.kr/web/image/0AUDLJ08S_01019/,7,동영상,요추부
스트레칭,http://openapi.kspo.or.kr/web/video/,"소도구를 활용한 스트레칭 운동 중, 보온병을 활용한 목적별루틴운동",105276019,스트레칭,29.97,2142,1280*720,보온병,공통,8452,0AUDLJ08S_01019_FR_00095.jpeg,2021,1인 이상,623,한국어,요추부 이완 운동,20221027,유연성,보온병을 활용한 스트레칭 운동,282.015,mp4,0AUDLJ08S_01019.mp4,http://openapi.kspo.or.kr/web/image/0AUDLJ08S_01019/,8,동영상,요추부
스트레칭,http://openapi.kspo.or.kr/web/video/,"소도구를 활용한 스트레칭 운동 중, 보온병을 활용한 목적별루틴운동",105276019,스트레칭,29.97,2143,1280*720,보온병,공통,9081,0AUDLJ08S_01019_FR_00102.jpeg,2021,1인 이상,623,한국어,장요근/대퇴근막장근 스트레칭,20221027,유연성,보온병을 활용한 스트레칭 운동,303.002,mp4,0AUDLJ08S_01019.mp4,http://openapi.kspo.or.kr/web/image/0AUDLJ08S_01019/,9,동영상,장요근/대퇴근막장근
스트레칭,http://openapi.kspo.or.kr/web/video/,"소도구를 활용한 스트레칭 운동 중, 보온병을 활용한 목적별루틴운동",105276019,스트레칭,29.97,2144,1280*720,보온병,공통,10340,0AUDLJ08S_01019_FR_00116.jpeg,2021,1인 이상,623,한국어,둔부 이완 운동,20221027,유연성,보온병을 활용한 스트레칭 운동,345.011,mp4,0AUDLJ08S_01019.mp4,http://openapi.kspo.or.kr/web/image/0AUDLJ08S_01019/,10,동영상,둔부
스트레칭,http://openapi.kspo.or.kr/web/video/,"소도구를 활용한 스트레칭 운동 중, 보온병을 활용한 목적별루틴운동",105276019,스트레칭,29.97,2145,1280*720,보온병,공통,11869,0AUDLJ08S_01019_FR_00133.jpeg,2021,1인 이상,623,한국어,대퇴근막장근 이완 운동,20221027,유연성,보온병을 활용한 스트레칭 운동,396.028,mp4,0AUDLJ08S_01019.mp4,http://openapi.kspo.or.kr/web/image/0AUDLJ08S_01019/,11,동영상,대퇴근마장근
스트레칭,http://openapi.kspo.or.kr/web/video/,"소도구를 활용한 스트레칭 운동 중, 보온병을 활용한 목적별루틴운동",105276019,스트레칭,29.97,2146,1280*720,보온병,공통,13037,0AUDLJ08S_01019_FR_00146.jpeg,2021,1인 이상,623,한국어,대퇴부 이완 운동,20221027,유연성,보온병을 활용한 스트레칭 운동,435.001,mp4,0AUDLJ08S_01019.mp4,http://openapi.kspo.or.kr/web/image/0AUDLJ08S_01019/,12,동영상,대퇴부
스트레칭,http://openapi.kspo.or.kr/web/video/,"소도구를 활용한 스트레칭 운동 중, 보온병을 활용한 목적별루틴운동",105276019,스트레칭,29.97,2147,1280*720,보온병,공통,13667,0AUDLJ08S_01019_FR_00153.jpeg,2021,1인 이상,623,한국어,흉추부 가동성 및 대퇴부 스트레칭,20221027,유연성,보온병을 활용한 스트레칭 운동,456.022,mp4,0AUDLJ08S_01019.mp4,http://openapi.kspo.or.kr/web/image/0AUDLJ08S_01019/,13,동영상,흉추부/대퇴부
스트레칭,http://openapi.kspo.or.kr/web/video/,"소도구를 활용한 스트레칭 운동 중, 보온병을 활용한 목적별루틴운동",105276019,스트레칭,29.97,2148,1280*720,보온병,공통,14926,0AUDLJ08S_01019_FR_00167.jpeg,2021,1인 이상,623,한국어,내전근 이완 운동,20221027,유연성,보온병을 활용한 스트레칭 운동,498.03,mp4,0AUDLJ08S_01019.mp4,http://openapi.kspo.or.kr/web/image/0AUDLJ08S_01019/,14,동영상,내전근
스트레칭,http://openapi.kspo.or.kr/web/video/,"소도구를 활용한 스트레칭 운동 중, 보온병을 활용한 목적별루틴운동",105276019,스트레칭,29.97,2149,1280*720,보온병,공통,16724,0AUDLJ08S_01019_FR_00187.jpeg,2021,1인 이상,623,한국어,종아리 이완 운동,20221027,유연성,보온병을 활용한 스트레칭 운동,558.024,mp4,0AUDLJ08S_01019.mp4,http://openapi.kspo.or.kr/web/image/0AUDLJ08S_01019/,15,동영상,종아리
스트레칭,http://openapi.kspo.or.kr/web/video/,"소도구를 활용한 스트레칭 운동 중, 보온병을 활용한 목적별루틴운동",105276019,스트레칭,29.97,2150,1280*720,보온병,공통,17353,0AUDLJ08S_01019_FR_00194.jpeg,2021,1인 이상,623,한국어,전경골근 이완 운동,20221027,유연성,보온병을 활용한 스트레칭 운동,579.011,mp4,0AUDLJ08S_01019.mp4,http://openapi.kspo.or.kr/web/image/0AUDLJ08S_01019/,16,동영상,전경골근
